dataset,file,sha256,payload_sha256,bytes,mtime_utc
CWRU,raw/ball/B007_0_DE12k.mat,b00628f8dd8d1d930af77fa465d1e5cdb385fe259489053f91f3680bda7f640e,d5e284616612e7e772d802156eeb9f59ed8b7c42990546171131eeb3973ee1de,2942112,2026-04-06T10:08:46+00:00
CWRU,raw/ball/B007_1_DE12k.mat,bc72d9df7668219e004a0f711232b23ec0aed393eb9bd8f9f5483426f6b51330,291d39e17bdc2f699618eb555e51f6f833e8dba0153ee1aab8c8743542d290de,2914248,2026-04-06T10:08:50+00:00
CWRU,raw/ball/B007_2_DE12k.mat,e0b7a584c49af52335ff0904a97d4afcf02d045625c582de63a7c85ce10b489c,131b4465fe039c2acf10f518121a47376e135821d4ac4f4bc74d4320cfc43ae2,2917752,2026-04-06T10:08:54+00:00
CWRU,raw/ball/B007_3_DE12k.mat,52f686e984ba8e9b04a047a57416271cdb322cee57ee105dce58926a24b966cb,d7c69c4a92164788d9390671f078a48de46780683dfa4592de8a1ee8fae5d6d0,2917752,2026-04-06T10:08:58+00:00
CWRU,raw/ball/B014_0_DE12k.mat,5bea2c60f177215ba3ec4ae287faf745d7e14aed1a12efe9e37b27c27044bafc,43a0bf6396d2dda19bfd1296bd01bfc5279583dd7f4c8da4a4480a5695aa63dd,2924712,2026-06-08T12:00:58+00:00
CWRU,raw/ball/B014_1_DE12k.mat,1b3b6f3ad38e891feaa8026fe957b34f62f9082785089cc74f6878acdfe88ec5,945ab904a330a6bedb0f252ffa58c23394ad48c6e290a74b9e17f62a749d88ac,2931672,2026-06-08T12:01:06+00:00
CWRU,raw/ball/B014_2_DE12k.mat,0f1338cce89beb5c8d8e5e154579bc576354e7c7d1617ebd1759662c6f3100b2,092bc475e22637096559ab1df5743ea40cb5087a8cd5acc44129a83fd0dd1a46,2928192,2026-06-08T12:01:10+00:00
CWRU,raw/ball/B014_3_DE12k.mat,1981614324d653c2522bea68fd4fd87e337495b117d12596db67abd1e10e7443,3d51d83ebcd2a573b0fcc53737a21a6614ba328db2a538df0f9c1cba22f00fbe,2931672,2026-06-08T12:01:14+00:00
CWRU,raw/ball/B021_0_DE12k.mat,fcc0ee740fa123b1f4683f555458891719efb2857afd9fdee63e8fde0ed14469,a530bd445e5a501293604106192f16d0ee4514352d66646f4b3bbcd77a949980,2928192,2026-06-08T12:01:20+00:00
CWRU,raw/ball/B021_1_DE12k.mat,7287410fd2217e3b332c5ab4732a68963be046d7d17bd40efa41cabe6a0514e5,d6e826b63e7fbb0489695428b234bcf89e3939a78ff85b14744dd98d71ae4200,2921232,2026-06-08T12:01:22+00:00
CWRU,raw/ball/B021_2_DE12k.mat,8a16894c2ff4d6bcdb9f4c345c0d5f13737b3bd6d15015d6b566c86e7a3ee7b7,3ac6ebf373412a282ea24592ca3542d1f9d79dc64c661960c89ec2699991cc91,2931672,2026-06-08T12:01:24+00:00
CWRU,raw/ball/B021_3_DE12k.mat,ece92fa141af03473fdfca80d00d9112472a20340224514e79979c6ddc97a6cf,9d45d10b8124b6bb7cfe1959ef1c400fc162833716fc5cb333e8d4cf5686340b,2931672,2026-06-08T12:01:28+00:00
CWRU,raw/ball/B028_0_DE12k.mat,37f3f8e0268a9cd7df8ff5e15e326be06ab099b2291a2282041d01bb89a7c924,4b1ff0482afd73c5948fae985896a8379d4959cea0eeed1b8a74bcfb5d2bd95c,966608,2026-06-08T12:01:30+00:00
CWRU,raw/ball/B028_1_DE12k.mat,b642c57602deaeecfa33291d9179a2d2c2d997e0c23b44598a3cdecb9533d3f1,bd2237b91fff09378b91febe88e6c26c8e7d39d90f4801bcfe7fddd9e0a76c37,971008,2026-06-08T12:01:32+00:00
CWRU,raw/ball/B028_2_DE12k.mat,9b1ce8c46b4df3c3a8ab5f18a3fceaa78b0c17904716abc1bf6066c7235a226c,74d27d9e3806df4c33db9e91eb16109b917b222e2cc44489fc423a5615800d95,968072,2026-06-08T12:01:34+00:00
CWRU,raw/ball/B028_3_DE12k.mat,ac958f7b5a1c00469849e6104a1869d75231cddd0742a39d36475fce589ee475,6c6261f3c4bfdec58726cad589a15d93519cdb0b64920bd51db592b1050155ce,968072,2026-06-08T12:01:36+00:00
CWRU,raw/inner_race/IR007_0_DE12k.mat,f80b0ea04fd06b372a0eaec7c056543ea37e4bb4727a5b173d2a5bacd2aa9cab,8cec686412bab69285335b3f5de682d706b654e45ce67e494144dab381144f21,2910768,2026-04-06T10:08:46+00:00
CWRU,raw/inner_race/IR007_1_DE12k.mat,e5cec7cdd138e6cd1deb9ed8634e5aaa9bc1bd7094ddc075bff606580eb6e883,4e78ad0cd864de17e9d09601edc6e2ef2a6e4ad6eacdfe4be2a3e3e62b1e9ce7,2928192,2026-04-06T10:08:50+00:00
CWRU,raw/inner_race/IR007_2_DE12k.mat,111ba8996a115684661a13c913bd74d8029a59294492f88aec7b03e175fdd388,1cb18c708d3a10b66d2d34c32c823186255e51e3d0175c243d427b5db01527a5,2931672,2026-04-06T10:08:52+00:00
CWRU,raw/inner_race/IR007_3_DE12k.mat,d415f0e65128bfa0b118c2051c988fb0dc6ce3e4c8aa45fdc5ad1d0967462e7d,fcbd4ca7405870b7179f4d75be4cd1d4c4b111b570387629f9d057d6487d3393,2950416,2026-04-06T10:08:56+00:00
CWRU,raw/inner_race/IR014_0_DE12k.mat,f5448673725c4ea2735fe7d3fe4b16ad82b217eac6b62c4bf351c4549b0a5229,ad633b64bf46ff24611a927bb8ac380f1c67e86a2fa1a139d3554cd981c96b18,2924712,2026-06-08T12:00:20+00:00
CWRU,raw/inner_race/IR014_1_DE12k.mat,bcb73a5208b67265468232a2e342f53719850901671d0ee28494f3af97621f46,10fa0997bb4aa1235f1643512ab6f7dcabbed3b774c226d42de48085ec77130e,2924712,2026-06-08T12:00:28+00:00
CWRU,raw/inner_race/IR014_2_DE12k.mat,63d0fdc1a68e64610ddfaf56a9c224d6137ab7b5c0d318eea1d542b9e5ffc029,664693e78fed82cfc76225937faa9045bf7f921c3c84ea09757ede0eea3e64ee,2924712,2026-06-08T12:00:30+00:00
CWRU,raw/inner_race/IR014_3_DE12k.mat,f75170ceef70d5da475671de0d2e52a0acd9b3883ad422b6deaf2907d888ba24,ef23e30922c5cb7424b586dc4bddc0c23b8e012446177b34885e057cfcbb8fe7,2921232,2026-06-08T12:00:34+00:00
CWRU,raw/inner_race/IR021_0_DE12k.mat,9f723d6d9d2eba714c6dc50f99321dffa73d8b1e4d3605675b2c2251511eff80,6f229de4bd59caf44b3c419d98666972db27ddefccaa08c9f168443564ae1fc3,2931672,2026-06-08T12:00:36+00:00
CWRU,raw/inner_race/IR021_1_DE12k.mat,596692397e77e129a00f7b7a61c4c3ffd6c7a59979b89039e7f70a7431cce1c7,d0fac079e71cb877070c86465351fa214a967e620fa5c4528217ec2ecefe5ea3,2917752,2026-06-08T12:00:40+00:00
CWRU,raw/inner_race/IR021_2_DE12k.mat,8296a02ee489c2d16cbd9fc278ca2e29b22475cec70ebe840558c78b6b743dc1,b9122650a4a8ab04ec831cec42e312def09d1babc27f935d836e15613ee9a123,2924712,2026-06-08T12:00:44+00:00
CWRU,raw/inner_race/IR021_3_DE12k.mat,bfe13761f545a26b217db897a12d27e16fec74306aa86ade8dbdc8ebe587c253,f5160e34d135f6ccd9e2eccd82a6350e5d5f4f5577b4e3064dc04f0b9273abd3,2928192,2026-06-08T12:00:46+00:00
CWRU,raw/inner_race/IR028_0_DE12k.mat,2e7400f922b75888dbee1fc3ab8c7cd770822127aa97353b7b622de103e79d46,da8934a3f5e30e2849def29391f92e88fd769c1e6315601869433731bf9e61d4,966608,2026-06-08T12:00:48+00:00
CWRU,raw/inner_race/IR028_1_DE12k.mat,13556b993e01d95a48c6693f592bbea4da2252c99eb94d2f4a0961d8b3af033a,f41eb5d7940913f647ef9e6decae274e379172b0103d5157a40a208d9eacd4d1,971008,2026-06-08T12:00:50+00:00
CWRU,raw/inner_race/IR028_2_DE12k.mat,ef7ebceaee0a1da63c6da18f227e3582d6c626dbce2d84a06674872645cb8272,f507a5ab0f7cff57371a5e7fcd44461065f837727daffc0ab6ee1779104f9e34,971008,2026-06-08T12:00:52+00:00
CWRU,raw/inner_race/IR028_3_DE12k.mat,5c0a940bcef2b4850c826f3480f493ea69c68a09b79a70e79c7fa5cb39020c32,4476250e928cadf4e953b8ae001c5e8f9e77a38d5563507f66d70ef6620f4435,972480,2026-06-08T12:00:56+00:00
CWRU,raw/normal/Normal_0HP.mat,16bf48babcf1c7ac224bc1a81cd9eafdb27e42d5cf559761907e067e8eeadf3c,851843ac0d57acbc1230cb42f7c431e99e440caad6749f75112260905aa53db0,3903344,2026-04-06T10:08:32+00:00
CWRU,raw/normal/Normal_1HP.mat,37e6612c05e65c415dcfa2ab27a3fda648a5863160fa898b884a14743044e045,f6f3e00aba2a1d211eba6966d0260bf33c082217e7d621f27b2d865578c81a31,7742720,2026-04-06T10:08:32+00:00
CWRU,raw/normal/Normal_2HP.mat,4b97e6b5361f45efb6951dc3b1aebcdb3b89cb69d0f96d6f5c297dd9f45eee75,fb811daf7d7da24e3d5197a958dae77dce1cb83496a6306d62b08dbfbc19cbbf,15503928,2026-04-06T10:08:34+00:00
CWRU,raw/normal/Normal_3HP.mat,88a5990cb541320e91505a1d72139e1993500ffe6e292a451011667f4138ca78,c8ba76b0a2c8bc81211f844990d5d97682b3dcbf1ad1200be7506b9378df43da,7770624,2026-04-06T10:08:36+00:00
CWRU,raw/outer_race/OR007@12_0_DE12k.mat,d6ebef8850c114f136018381f6d3fa1c700073a784fffac72c0c8a3e21a227e3,1d83336ed0899370b083b13da69e3e0f7baf556fc9391be567a7eb786853d7dd,2935152,2026-06-08T12:02:26+00:00
CWRU,raw/outer_race/OR007@12_1_DE12k.mat,9ca1d5954e2ab970d3e8e87d069a1a468151f177071b4b7dc6f9ca1acfd0dfcd,25b705e8d5637cb45a8de15b4bbd9237d431ec52a420834a72be912d1048c964,2928192,2026-06-08T12:02:28+00:00
CWRU,raw/outer_race/OR007@12_2_DE12k.mat,a0544e211cda781e06c70a29fbbc34ff871625dd9929917cfb5367b8bc59d236,14b4373d7b21632107a131ed7ae8e93251e955b59fa722e1c099c35a957ab948,2935152,2026-06-08T12:02:32+00:00
CWRU,raw/outer_race/OR007@12_3_DE12k.mat,e3385b0ba00274a35405205622b9513cbd0b2a3e62116d50adf477a1def0e8d2,2fa75090d700508d31d35232a3fbcb10df255cdb577361f9fcefcc514a38699d,2931672,2026-06-08T12:02:34+00:00
CWRU,raw/outer_race/OR007@3_0_DE12k.mat,f1f51d8c3b66e90fcdd8de15be95c2d4d3e9bac018dbba57f3006e930eec6b22,f50a7c5cba38cea525a534cd0e9c17217f53a3c334c2c92667c2902b6aaa185b,2935152,2026-06-08T12:02:04+00:00
CWRU,raw/outer_race/OR007@3_1_DE12k.mat,2ea3b3e021ec0024a6b85573035e4ca76856180c875fed7740a2ee7216ad84a2,c237398cbcf026ac4df40a361b84f436e94472611da167c54de7eceeed8ad565,2924712,2026-06-08T12:02:06+00:00
CWRU,raw/outer_race/OR007@3_2_DE12k.mat,1be984f637243ce8e0bf801a6a82b0b024abd6d0f71aa9d759330ccc898d7b7b,38d545adbbad314bce399c394903c7fe3f03d7e321d2415115454847a30590e0,2917752,2026-06-08T12:02:12+00:00
CWRU,raw/outer_race/OR007@3_3_DE12k.mat,cb8a4440866359a664200b5cf774c567accdbf12a56a4854d137a4638cfe43fb,f169985db7e7e21f5e0daa9da262c4ee300536bfe9e81de610ec921716edfe46,2935152,2026-06-08T12:02:16+00:00
CWRU,raw/outer_race/OR007@6_0_DE12k.mat,35a095307d0971477049b343a1b5981dde465a58fb7f233ad89b035068c1717d,29d099193336bdd36bdc5cd3d47a7c4d8e64cf1f9572807323e4ffcd7eadcb07,2928192,2026-04-06T10:08:48+00:00
CWRU,raw/outer_race/OR007@6_1_DE12k.mat,7883f7b83beadc54b2f301767f9145ce07055707182fb0278fdf0a6bb53ce3cb,99deccd823cd22f7f0d06dc7da1d62b56c1c255d2bdd99c12b3bd7b2f8d782d4,2938632,2026-04-06T10:08:52+00:00
CWRU,raw/outer_race/OR007@6_2_DE12k.mat,17a69ed5d2270b42532e678e35bbe2fa04a2cc413cf2bf9e88c7692de8662d18,a6b6f8dd7f561bf94493b9008c109fda9a368eae9439d50a21663b6fa8f9d569,2914248,2026-04-06T10:08:54+00:00
CWRU,raw/outer_race/OR007@6_3_DE12k.mat,53f076cb0d905cf46bffaee7736abce8224ffed777deed03c0c863d762a90c71,a8dbd21ad18cab0ca74a1a41efa2744a4444505a148e0f774718eacb94b30916,2942112,2026-04-06T10:09:00+00:00
CWRU,raw/outer_race/OR014@6_0_DE12k.mat,fa571b47cd942f9514a920b403fb7c053cd442bb2963a360a96d0f61432f03e9,4bf4764d7012ed1b01c080815446839b5eda3ea6b708aef475abcc0dc4ac8991,2924712,2026-06-08T12:01:38+00:00
CWRU,raw/outer_race/OR014@6_1_DE12k.mat,dbd58e4585ca8f8332c708b15936987ec0990ca701359fd2483dae2719df5b49,0293a5d7883fc7d7d34d143acd8ddf8c59b4032afd77371e420d3f63ea4e183e,2931672,2026-06-08T12:01:42+00:00
CWRU,raw/outer_race/OR014@6_2_DE12k.mat,ca4e6407fdb68845a6973da6028477911a62d018580063749fe956441be95cf2,5e93ac0b2eb3b0f2fb56a6d7e5d157b98549f526f097882f066962547b7d2c2f,2924712,2026-06-08T12:01:44+00:00
CWRU,raw/outer_race/OR014@6_3_DE12k.mat,2526483d2701220a700df8e6c9db0c527641b0887225907f4096610dd7120f4b,f231d2e4dadd6fa1807fd72ff6642f1ce2d7e545a78e8b2bdc94506048a74c94,2928192,2026-06-08T12:01:44+00:00
CWRU,raw/outer_race/OR021@12_0_DE12k.mat,9e02c5e5785f51cc9a60bf31ccb14e6869ff7d452e4aedefa325aa8a6d9da4e9,e3edbdaa778894f09fd0044f0a49a6f89d91c70c08b6cf55c8f08c8f5ffbd46b,2921232,2026-06-08T12:02:38+00:00
CWRU,raw/outer_race/OR021@12_1_DE12k.mat,83ed7f952bd0e1c412ca490e1757a36c4f91ffdef75ce359daaeec4a5b0466fa,f525306dba0bdc9672750275df12be36ba7ee8b0b8aba9770613e7cdee8212ed,2928192,2026-06-08T12:02:42+00:00
CWRU,raw/outer_race/OR021@12_2_DE12k.mat,d3418e8f9884493548bdddb5406f84a4fd0e73ec153b8f3dfd4633525685ff10,0c749c272569781f746c4f87f9dca37906dd6ef921c8685ffe0b252f1dc6b76f,2935152,2026-06-08T12:02:46+00:00
CWRU,raw/outer_race/OR021@12_3_DE12k.mat,2468c6faf7d93483ffba1f2a10b17820f024d5a34037256e7ee38dfde541e974,34f058c79d0f313a9e1607e368baac3c59544620c2fb26534cefc61cee216a7f,2931672,2026-06-08T12:02:56+00:00
CWRU,raw/outer_race/OR021@6_0_DE12k.mat,ebcbdb96612e8085bbdbf81f0e5e8e8a8d1a693d1ec559c4894f7792771aa9b2,24ac290f5447d2a52ccaea714b713ba448d6612d622fca746e33bdf7057a00e2,2938632,2026-06-08T12:01:48+00:00
CWRU,raw/outer_race/OR021@6_1_DE12k.mat,667e4bf1f213f92d10dca71d494ad002d8fd22bfd8004b31a4c71ccf0d764b66,985365d7e1e92794a328f6958607a29796a3ec74798e8710ab3fc060ff46a506,2928192,2026-06-08T12:01:50+00:00
CWRU,raw/outer_race/OR021@6_2_DE12k.mat,c411d6d9826cba8073430555dc833e05fcbe4c38535f3eb7f03c525ea6797589,3560e2068e6e40763b3b149c102902ec3a783468dbe1dbe2199d87c4c3e78050,2935152,2026-06-08T12:02:00+00:00
CWRU,raw/outer_race/OR021@6_3_DE12k.mat,233d1edb2daa963658369119e389e30f02aca551dd7bb028ab33e7ba63edfd20,04d148321ba0abaf5e41f92ca335ba4890d4ffbc1d5b071c596a6aeafeaad7a3,2928192,2026-06-08T12:02:02+00:00
CWRU,raw_cwru_48k/ball/B007_0_DE48k.mat,f392129bf3b43360b964d4e5b3479d0797d1647af8359934b0f56b9abab4739a,9a3f913232b51a65901f1fdad5be30cb62be69c4096add0f45d47a30f4f53ff3,3916160,2026-08-02T17:30:15.827004+00:00
CWRU,raw_cwru_48k/ball/B007_1_DE48k.mat,a1932ec4bad2460238088ca523fdcec6498e562e91f86255863d3987d9fcd558,6b0969e32448b811c31ef80ef2f37a1512fa0304c226d3f4555c33f1a154f189,7798480,2026-08-02T17:30:17.187994+00:00
CWRU,raw_cwru_48k/ball/B007_2_DE48k.mat,88719243f1b7dbe795c108acaf67ca0115c51517ac35a3fe3460eb07917b2a9a,913ca7103e72da65d45f43e7bc50f6c628a22cc9be500ccb409f201ee67d23d1,7789200,2026-08-02T17:30:19.815976+00:00
CWRU,raw_cwru_48k/ball/B007_3_DE48k.mat,2607d0c291ed9a6138aed3eed7015e133f1cf866ac5cdf2251921f08d058f362,728559f370588001de0ed58426fa417141e9d775f8a830846248d3a4eaf820d4,7817056,2026-08-02T17:30:21.230966+00:00
CWRU,raw_cwru_48k/ball/B014_0_DE48k.mat,6fd84310f781e1ab54a9a746b8626c73a863f2b02cea4c86229ca2444cb20a9a,8bf36641f4752cfab5d31a3a8c35c9961159d3be15bc03ffbaf1c5789bb790f8,3986672,2026-08-02T17:31:42.142398+00:00
CWRU,raw_cwru_48k/ball/B014_1_DE48k.mat,ae5fb00ce1eeefa5e21013197b186c0496f52820bdff00b385c58dfcb64a5b2f,afda525f810d38b6e736ad06826ef3d30138990a298f430dae39c1e5b3621140,7779920,2026-08-02T17:39:45.977116+00:00
CWRU,raw_cwru_48k/ball/B014_2_DE48k.mat,bb39df077745821a3917e432ab1bc2f5d7c4e01a6e2338d1271b6994ec68dc7f,8a623ca1ab6b63115f33332a846c6b44358d413e3ee4e40f23d1a1a955945ce0,7798480,2026-08-02T17:39:55.452053+00:00
CWRU,raw_cwru_48k/ball/B014_3_DE48k.mat,099b7f3399d0ea81aedfab20667a9517059441c10f2a9d52130687cc9643e2c7,802cceffa606337175a9360d7e323f7b7c5aa25d2252df7b82e9b2b32cb22ddc,7789200,2026-08-02T17:40:05.067990+00:00
CWRU,raw_cwru_48k/ball/B021_0_DE48k.mat,fc78f08085760f2e17bcf7efe486b3a278e108093cd184acf278daecad6765e4,ef138aed61d3873b255a524de9e38c55fd12cdfcb61bfd9fbff77157874549cd,3903344,2026-08-02T17:32:00.345270+00:00
CWRU,raw_cwru_48k/ball/B021_1_DE48k.mat,c5c7aa64243ecd1428999aae4be29ba5d4de9235fee9731352c6cce7de604675,d328c0488aa98d182d390a632d3aa9bda3804642cf12773f20c654502de89628,7789200,2026-08-02T17:32:03.161250+00:00
CWRU,raw_cwru_48k/ball/B021_2_DE48k.mat,ea819eb0404f76ccdbe6074463469bda8fbbe04b7c0c75cf1443d2b5ac3484f6,29b6b807a57f48ad8b7c00c6ac13927a0e7b97bcb0cc760e672c28be8644dfa9,7798480,2026-08-02T17:32:04.325242+00:00
CWRU,raw_cwru_48k/ball/B021_3_DE48k.mat,4fc20e3eeef375dc1a8ac577f04b4b0e0fa9e319ec51a61f7a02e756b0069499,562c447cb418955101979411850b0290d3e1c9c73ca7794d58e2604c67e94b86,7789200,2026-08-02T17:32:05.491234+00:00
CWRU,raw_cwru_48k/inner_race/IR007_0_DE48k.mat,daddef5f784879becdf8fefbe2453f11c3cfc8d061a2a671da2f546d1bb48460,01746927bfe86f5e7dfb194320f0b776858d9cfb9b1f820a21535b409d15a29d,3903344,2026-08-02T17:30:11.292036+00:00
CWRU,raw_cwru_48k/inner_race/IR007_1_DE48k.mat,9e2bc579af6f4e6d9d26bf63b7ed84ecba7775740d56a3737cc8f04f73c22d1a,9ddd3a0d9d65d74e50bfd91af280293215b1bc2f63a0f723e811c7e92416e9d0,7779920,2026-08-02T17:30:12.450027+00:00
CWRU,raw_cwru_48k/inner_race/IR007_2_DE48k.mat,a2e64a397a990efb91ba55252a84796f755bda3eb097c4b47cc0730a08dab309,3c6804424fa2c503b59387f42e939db28ad5aa9a0ab51134fd2a64aaf2e50fdb,7770624,2026-08-02T17:30:13.616019+00:00
CWRU,raw_cwru_48k/inner_race/IR007_3_DE48k.mat,1775db11999f268c6ccf04b3ee19857f90a3636f4a582f1abd9a627f991e72d4,638341fb57762dee3b84d9f6b16d7f53deecd159f515a97c8c6b38f140264e94,7770624,2026-08-02T17:30:14.773011+00:00
CWRU,raw_cwru_48k/inner_race/IR014_0_DE48k.mat,ca7113a900d9217aa5632e0dad4f8791caed4d314321daa011719e1bc99f3026,edc5c0cffc1491c7bc7372d646f0deb997f8fb11f02fc4b95433fabc4f075d3e,1020944,2026-08-02T17:31:34.644450+00:00
CWRU,raw_cwru_48k/inner_race/IR014_1_DE48k.mat,18302e96425ad163db699da3a2ca63d8f6ef4dfc99172e97ab21a8a77a83ac17,3a64ac5d9f5c511fb18ff6567e56e1efa33cd81d89d928cac93c97ed12e634a3,17849704,2026-08-02T17:39:17.382304+00:00
CWRU,raw_cwru_48k/inner_race/IR014_2_DE48k.mat,569c7b292018e7e88cf4b375b091433c7566b9503545188979e93f6428427247,a715a74fbe5dafe4f2855ba461b92f476ac136f66b710611f798882245d05196,7807760,2026-08-02T17:39:26.840242+00:00
CWRU,raw_cwru_48k/inner_race/IR014_3_DE48k.mat,5cffc5aa2b1e5cc65a97ebcfaa369b886ad8db8b8840e0e0095e97b8b9be4c16,616944f151993c3e3d088d5cb0388b6559e392a0ba008840d565d2db8118ba35,7761344,2026-08-02T17:39:36.265180+00:00
CWRU,raw_cwru_48k/inner_race/IR021_0_DE48k.mat,6afb81f36a9efcdd370a52166d71c13cb42278c7de22752c81d4b2a22fa133f0,f4b1e3c7dd8a2a6355265a0acd741efe3c99d169f357a1d92a665167b6fa84ba,3909760,2026-08-02T17:31:55.527304+00:00
CWRU,raw_cwru_48k/inner_race/IR021_1_DE48k.mat,a8fe29f358b7f9c140f38e0cd7fbafdd7441c44e30a5b704ecb9be64cbb841ed,cc895d20f4066dc3d15f7219f84eb4eb6dadd8dc9ca132ab8254e44b4e29c46c,7761344,2026-08-02T17:31:56.686296+00:00
CWRU,raw_cwru_48k/inner_race/IR021_2_DE48k.mat,1e3d65088782a29aa70004896db4b9836499dd12edd3c58fb496f4befca6f746,323bef9521336e2df0bbba9f7926fd0a028f85debb62f0296d76b9faa0ff12be,7863472,2026-08-02T17:31:57.844287+00:00
CWRU,raw_cwru_48k/inner_race/IR021_3_DE48k.mat,fb5b067c04b4c8449cbdd4ac4e376d7eb0804b9203efcab513e42aaf2f6a2cf7,7ec9aa904804f52af49803c4d71740124e63852e7b18658c34a557d9aaf2f910,15689680,2026-08-02T17:31:59.284277+00:00
CWRU,raw_cwru_48k/normal/Normal_0HP_baseline.mat,16bf48babcf1c7ac224bc1a81cd9eafdb27e42d5cf559761907e067e8eeadf3c,851843ac0d57acbc1230cb42f7c431e99e440caad6749f75112260905aa53db0,3903344,2026-08-02T17:32:29.293067+00:00
CWRU,raw_cwru_48k/normal/Normal_1HP_baseline.mat,37e6612c05e65c415dcfa2ab27a3fda648a5863160fa898b884a14743044e045,f6f3e00aba2a1d211eba6966d0260bf33c082217e7d621f27b2d865578c81a31,7742720,2026-08-02T17:40:45.554723+00:00
CWRU,raw_cwru_48k/normal/Normal_2HP_baseline.mat,4b97e6b5361f45efb6951dc3b1aebcdb3b89cb69d0f96d6f5c297dd9f45eee75,fb811daf7d7da24e3d5197a958dae77dce1cb83496a6306d62b08dbfbc19cbbf,15503928,2026-08-02T17:40:55.425658+00:00
CWRU,raw_cwru_48k/normal/Normal_3HP_baseline.mat,88a5990cb541320e91505a1d72139e1993500ffe6e292a451011667f4138ca78,c8ba76b0a2c8bc81211f844990d5d97682b3dcbf1ad1200be7506b9378df43da,7770624,2026-08-02T17:32:34.853028+00:00
CWRU,raw_cwru_48k/outer_race/OR007@12_0_DE48k.mat,bd426b6fb9501b5d29de17dd85a1e31b06031c4b018b5bb6ce1ec87895d60ce2,9f398c967b21f9708b2344fa9255c5eb262d9d66d8a93474e13f93e3dcf7e966,2079840,2026-08-02T17:31:24.677520+00:00
CWRU,raw_cwru_48k/outer_race/OR007@12_1_DE48k.mat,c61dfb2600ac9cbadea425d45c72025ed7432a1b99f1989c6870b714d8fd92c9,f432d5bf5e5b78147c451226a4ed01efcf2ff2fc04badc0c07d95275f6747f64,7724208,2026-08-02T17:38:54.865452+00:00
CWRU,raw_cwru_48k/outer_race/OR007@12_2_DE48k.mat,77e38a8b8e67d82012700607d47e79718dd039f230853e8652a21778b1d2e374,09e0184a04f529b08e3f8c1acafabc3d5ca05e8b5da67e1f2b46ed8bdc177b08,7733504,2026-08-02T17:39:04.412390+00:00
CWRU,raw_cwru_48k/outer_race/OR007@12_3_DE48k.mat,baf59b7f7052bde9c64af8e83a8453ae3f207029f790efd45556e112c673be7a,fc17ec83d47d8ff2b5d55a1959a8445addc5c6f229cf270cbe12b10c54c09f75,7752064,2026-08-02T17:39:15.210318+00:00
CWRU,raw_cwru_48k/outer_race/OR007@3_0_DE48k.mat,917d93670a6de924298c8e393d079495bfb2f8d6dd3ade60871b1aede9f9bef4,dfd9b4a206170184fc2db60721965dc0738a118565781d588224a6ef776d6c8b,1993968,2026-08-02T17:31:16.678576+00:00
CWRU,raw_cwru_48k/outer_race/OR007@3_1_DE48k.mat,6b94cdfeedfbd21c58e201c33f6d9af9f2eb9692445dbf6910b3755efc6e15c9,a07aa3d78ed784499f2e689626ae45743351fb2c1307b487c52f9e01bc0995e1,7761344,2026-08-02T17:31:18.459564+00:00
CWRU,raw_cwru_48k/outer_race/OR007@3_2_DE48k.mat,7dcfad2d179ad9272704e0cdf9f118452ebdf4e6ba73c571f9ffd7ae71272bc2,816ba0332039386bb35332dbf3f1cd33139714b5a176e96ab60c65b293d3cafd,7770624,2026-08-02T17:38:35.710578+00:00
CWRU,raw_cwru_48k/outer_race/OR007@3_3_DE48k.mat,e0339d60f58930fe419981f412965b8bd597aabe7a7b03dac0aa2f0459235496,8a2038128cf504146b39e8c0321dd2d612c52daf730916e7f886bf5879ad316f,7779920,2026-08-02T17:38:45.243516+00:00
CWRU,raw_cwru_48k/outer_race/OR007@6_0_DE48k.mat,5a1c3ceec1f2b58af9e01051e425aa9d31dd018f58a8d31cda25bbdb1ac6dca9,02a7cebf8915cae2718cf1f3745ad3a5c6ca78917b302adb38096cbde5eac29a,3896944,2026-08-02T17:30:22.382958+00:00
CWRU,raw_cwru_48k/outer_race/OR007@6_1_DE48k.mat,37f259eebbc92afa8bd1b445d02af14e83608a48cd7a3cf5c323515ddc2d0f24,0084aee91d19eb0cf6f4ac784b967f845b4002fc994a69d0c21373569297dcba,7789200,2026-08-02T17:30:23.709948+00:00
CWRU,raw_cwru_48k/outer_race/OR007@6_2_DE48k.mat,a81b621153e426aa32848be8157c42bcd81065a28ac7655a9a6597f3889fa3ef,c7d0fb489dd0b56d34189f2c7e9417eb0785c2138b38a2a04f7ea6f6a8df817f,7789200,2026-08-02T17:30:25.026939+00:00
CWRU,raw_cwru_48k/outer_race/OR007@6_3_DE48k.mat,b43eeb67badeb129047ddd3658bf673815dc4bd445facb4217eb04653bb2e11d,383593fbf7985320a4120dfda55826b1e7bc794d5335e71ea5767f32dcdfe435,7807760,2026-08-02T17:31:15.709583+00:00
CWRU,raw_cwru_48k/outer_race/OR014@6_0_DE48k.mat,6c27615a61f19f05f65cf2cc2aa4bca5bda051c9d93a708d0ee8baf5138834fa,c659d41c930cca041febb964911381ffd3ae81797b1fa1c5126113d7b206b60e,3922576,2026-08-02T17:31:49.317347+00:00
CWRU,raw_cwru_48k/outer_race/OR014@6_1_DE48k.mat,16f1a7eadbd6703a7a1ab1a32f8d7b97b6b85c1b31b1e760c123a9e175d8ae63,b43ac06ea9f80d6212ae8dac451bbf15b27bc87bd67d044c418190b577241cd7,7752064,2026-08-02T17:40:14.697927+00:00
CWRU,raw_cwru_48k/outer_race/OR014@6_2_DE48k.mat,3cad2848f4c96cde04fc06ca0f541ad663298ecb50eb7fc74e25b72ab29e1c5a,add4ef0442df7807da6c99f085512289227c7ae7c3fc0750530f4c4c18d28964,7789200,2026-08-02T17:31:53.308319+00:00
CWRU,raw_cwru_48k/outer_race/OR014@6_3_DE48k.mat,f3b1736698a580c2ea44cce78045833a9e76476d9153da8af5275c2e30e38a10,dcbf5ff53fea582965278f242ddeca4f610fbe3d468e075b3ba96857d4c14000,7817056,2026-08-02T17:31:54.479311+00:00
CWRU,raw_cwru_48k/outer_race/OR021@12_0_DE48k.mat,aacd79e77bc712768ed7062e6c893257e2f8daf95ef0da40a80532d657c5d461,edd0b1e36ba4b6ad12dadff3a472f5ae9fd49cf274fac96691cfeeaa80c1246c,2089120,2026-08-02T17:32:23.693106+00:00
CWRU,raw_cwru_48k/outer_race/OR021@12_1_DE48k.mat,7f9b92bb538bbddadc0a000dec739dc814e329a5a5183f4dabe30bf13b3f57ad,9b4a48876b8b467d68abc572f55765dd7e9270e154e8bcf09cb0137062adf46e,7779920,2026-08-02T17:32:24.836098+00:00
CWRU,raw_cwru_48k/outer_race/OR021@12_2_DE48k.mat,0a2c21b416386a7d7f7e69ca4b863172359eeca37276d092ffb2e72377b75a7c,83c5c51f7589c2ca9713c943576ace9cdcdce955e398f4023be62024acfb8343,7789200,2026-08-02T17:32:27.106082+00:00
CWRU,raw_cwru_48k/outer_race/OR021@12_3_DE48k.mat,de8e9f58f73b75c0a4be6df43435ccc67fa7bce5e237eeed0d90ccedf283c479,b770cd4d13cdaf17daaa2f67dee7293d82d8036c50876a15d6986398eac1a279,7779920,2026-08-02T17:40:35.896787+00:00
CWRU,raw_cwru_48k/outer_race/OR021@3_0_DE48k.mat,0c4a4f6eab7745dac244a118aed50b7a2c57f95759aa91ed2f2428fb8b2c538d,59afe61e05e4938ddf13f76b496e10626b6ff552cb5fb4792ecd3a604390cb7e,2058944,2026-08-02T17:32:16.283158+00:00
CWRU,raw_cwru_48k/outer_race/OR021@3_1_DE48k.mat,5d88b77ea2d24a5f9ee1c9cb52a85fcb8b925c81534f2c1021cde21c1b3bc53b,36ce3c531df719851756a065c99c04d379535a94c5847c8323f8f19c5898efb7,7835616,2026-08-02T17:32:19.207137+00:00
CWRU,raw_cwru_48k/outer_race/OR021@3_2_DE48k.mat,5f41f6ad32cfab90259a82bf814434a88e55f548eeac9ceb8eeae25bf43c57b4,7b5476c347e1094685e92c55681cce550d84f15e124d7058068fae73c9ef1f48,7798480,2026-08-02T17:32:21.532121+00:00
CWRU,raw_cwru_48k/outer_race/OR021@3_3_DE48k.mat,9039c52a922d6fd8a15192d4615401b15e6752b85b47d3b5ec2168f13f878c99,b975be75d4326e2a84e1baedb1472f7840d2341f597db9ff426217916dd57d62,7752064,2026-08-02T17:32:22.730113+00:00
CWRU,raw_cwru_48k/outer_race/OR021@6_0_DE48k.mat,63209a4057f199beb42beedf5b4481987fdb3ac746c46777dd385d689bc481df,7b4faa326ebff4f8b4abd0bd890bdc54ee0b1b0574abe9ee450e7435f75ad09e,3941808,2026-08-02T17:32:06.638226+00:00
CWRU,raw_cwru_48k/outer_race/OR021@6_1_DE48k.mat,4ba7dc55258359577a68f6de5c0ff6675776d2b2c30d691dd4d71640e34834af,d0999084c209e3ff89d4ea4449ec3f4471845db55713dcefc1fcdedd0a3faa4f,7826336,2026-08-02T17:32:07.794218+00:00
CWRU,raw_cwru_48k/outer_race/OR021@6_2_DE48k.mat,c5d8b4db09880b660da88865fff0e81afef0f5ad68bdf0ad7b75c722ae3e7e1c,c745e1e60e871f0dd23cef78ef5679a3aa68c2b17b0e64ad9ca853d5261d1496,7807760,2026-08-02T17:32:09.351207+00:00
CWRU,raw_cwru_48k/outer_race/OR021@6_3_DE48k.mat,cb64eed96d401837c25df63598b7d1a00868368e1ed503a8dcef1e5226ec9caa,fb83f9535ce65d5ff1961d6bf118a0472891ff86d23eee6c62e846abcb440e3e,7826336,2026-08-02T17:40:25.616855+00:00
JNU,ib1000_2.csv,819c3ccba3356ce7f16b9caaccc1b87d049d45d994984f3f84af27badbc791a1,f024fd8a8f229c27b0c76818388164a0520bede4c05c7d60e3449ef05e8c6c9d,4329871,2026-08-11T16:28:25.084802+00:00
JNU,ib600_2.csv,6d52fab3bb5f9275c879ac5431a452101fc053604c4269d029e134c8e1835d94,f9714be89d2cdaf0649a6be940db8dfa0b599b5399a86d4e71e154273c3e3094,4360380,2026-08-11T16:28:25.096802+00:00
JNU,ib800_2.csv,f6893fdbbc1849deacb2a192d78af4b75fa4d63847d9b223e5bce10122b743ef,74c6449ba0db78d9ffde68b6a7494dd9808f04c1b53992d1b349b0e089c1b1ed,4385354,2026-08-11T16:28:25.106802+00:00
JNU,n1000_3_2.csv,4e6fd5f7b58e83ac319368315c1f930cb2113b48030a49eaea5c03c14cdf5ef0,e8c809b58e3ff9c218f6bd3af2d5a29f63441a12640ea888136a47f43ecc9676,12754576,2026-08-11T16:28:25.138801+00:00
JNU,n600_3_2.csv,7ab667e5ad4054f25469f032a0927b69569e7eeec9986054962cbdb2125a0617,b1c5a10d01e7866ca51c21d6f70e344e69f9989c89f4db69ecbf4b00e4c6f394,13619397,2026-08-11T16:28:25.167801+00:00
JNU,n800_3_2.csv,be5ae5d4e8c0cc54d430de8ffa77ff2cd5914888da8935dac2612da6d4caf855,abd6ba82f96669b0339b849e0fc458394bf171438832fac8875573e2b46051ee,12914313,2026-08-11T16:28:25.195801+00:00
JNU,ob1000_2.csv,c57211993f4ab0636b357668032d1f6bd1b9cf43e50ba3a4b496c7dfef82022f,0ab73f4f1009bd6b6c7fb7578b76a31b11004196a6cf23350bacb1de410fbf39,4257863,2026-08-11T16:28:25.203801+00:00
JNU,ob600_2.csv,91bc1b69b440b72c73556ca9919b54d66c763cff37a8b91cfcf5287c9c27baa5,834ac67c7bfd76ea042db93c07936efbe1845e19071510672cb80e484d6cf621,4493623,2026-08-11T16:28:25.211801+00:00
JNU,ob800_2.csv,4209a1b773ccae4b368b53503a148e355963127483de542c29002e77d6f93f06,41efcc40920ab039073a58563987f4846f44f956344c0185db6212678ee1bdad,4300587,2026-08-11T16:28:25.219801+00:00
JNU,tb1000_2.csv,36d6b9a301e7f6891d052199bea77371793405d9b402caa897e8cc928ddaec73,acb98316b6b5e46eda36cb1f9d6e50eefbd89b83b80d8c36717999ae6385d3bf,4225755,2026-08-11T16:28:25.227801+00:00
JNU,tb600_2.csv,39f615667a8c806390122239e688aa54a70d0c22639692e70ae68855c923f126,8049b675356b3f267b71eac06b67aa5732154eeccafdab1599949f77401ab2bc,4506334,2026-08-11T16:28:25.235801+00:00
JNU,tb800_2.csv,c0e40040138ac8e51373392da272a207050b86d109c91d0a812b0df02c57ed60,b71b8964bb6939403c24f352e4562a767d8d1316ad4dfd8d41dadd29449898c6,4437160,2026-08-11T16:28:25.243800+00:00
MAFAULDA,horizontal-misalignment/0.5mm/12.288.csv,00d42807776b5f4085c2e107851ba5df9e4068c3129f79dafc8c2a90b31678c9,0fdd8dfc65f3580f349b80c4fa3167c38104810f7c21cb99c1145aea975dd2d5,17122444,2026-08-11T16:47:34.509414+00:00
MAFAULDA,horizontal-misalignment/0.5mm/13.5168.csv,2e89e650edd85b4dac266cc9b190adc138cd538b75850fba2356dc6aacc8a908,f3595f08daab99ce37f6b7b2f1ccb56f44dcb17cb2edfa6ca7ef2f659fb63b3c,17467086,2026-08-11T16:47:34.559413+00:00
MAFAULDA,horizontal-misalignment/0.5mm/14.5408.csv,e5e0e565e9c8246ec5565da9c6f3deec9a545e39498fc16e065d08b73ca83cf4,a3d586fd20e779d8ebfc80955ade761ebe35bf00fe41aafd28987b4b06d8290d,17523548,2026-08-11T16:47:34.608413+00:00
MAFAULDA,horizontal-misalignment/0.5mm/15.36.csv,2c3ed1bef5687c0aa4d3bd8e33fafae9f80abc78e2289ab4d14db78e69e9ce89,2794e4ba63360a074ecd4da2951e9b3451fbd2c5271569f70c8217bb0a17c042,17560340,2026-08-11T16:47:34.658412+00:00
MAFAULDA,horizontal-misalignment/0.5mm/16.384.csv,e3ae235ced99468d6cb4bd1e1726768c3f21de277615f68a80c443acb151ead0,6c5f1ecb65ac7b76eeb5644eba5c2e47b985ec9636f087768576b02d7e31d8c3,17495457,2026-08-11T16:47:34.708412+00:00
MAFAULDA,horizontal-misalignment/0.5mm/17.408.csv,f9f0938c74d078b55d38995b90932808b85fe9b4d6c89b54f5a90dc197380514,cc793588afad582b911c3b7bef73b1d379010d95ff0c36e631cd3c5bbdc75749,17347733,2026-08-11T16:47:34.757412+00:00
MAFAULDA,horizontal-misalignment/0.5mm/18.8416.csv,bb4731614c1eecc4534545ed0cef5f3dd42e1fe11820d8cfcef827fdb5cafbca,2367de98faa478f2d738a3f7a6e35a19022b933b8e0fc499ce99e5d42266e8d6,17523876,2026-08-11T16:47:34.807411+00:00
MAFAULDA,horizontal-misalignment/0.5mm/19.6608.csv,8176abf1908074414363fc6aa21030fc488e8fbd1980b67f1d958c769b7fc499,a0b1e5f5b2619f3746fd2d988d9d5cacae07a50073306af29517fe3a47688639,17481358,2026-08-11T16:47:34.856411+00:00
MAFAULDA,horizontal-misalignment/0.5mm/20.48.csv,cf5bbf80dbb12e77fed384b2820209b87334a7399a6230947369044e0a31727f,41eaace57b85323dbedf9be162f4564d1c273f8728d328822990a51f329c27ad,17500304,2026-08-11T16:47:34.906411+00:00
MAFAULDA,horizontal-misalignment/0.5mm/21.504.csv,01e788444de8defaa7c3b0757fe3666152fba5b7bd0db623c561113ae84e074d,878905b433cb228ef0bde7795e0abc5c477836f010b080875f5b8f6d00956e6f,17538318,2026-08-11T16:47:34.955410+00:00
MAFAULDA,horizontal-misalignment/0.5mm/22.528.csv,5456151a526d99b16a4019580f09d6a40dd1844bdcaa8e1a815f1d22854c2325,a0fcd20652b8440c433df84ac772695ab23246d6003ef62b17d1a4b752e548d4,17492630,2026-08-11T16:47:35.004410+00:00
MAFAULDA,horizontal-misalignment/0.5mm/23.552.csv,c4ed380666277c1bbe10debd66c5adf903acd5733f1d679351c0a35474a929dd,e433b42a47e5896a94f9f8218ddf0d9c53c6a4cd23f62c4560d00923e53e502d,17477667,2026-08-11T16:47:35.053410+00:00
MAFAULDA,horizontal-misalignment/0.5mm/24.3712.csv,cad84f86a24aa510af492fa1984443013880324e51d93ebb63a1658909272e51,0938bc56b61eb25aa5e79c474d6db662473feab9e47ff25b9f2888a450e55809,17390694,2026-08-11T16:47:35.101409+00:00
MAFAULDA,horizontal-misalignment/0.5mm/24.7808.csv,ebcf85e4d33108d7ea5a036807be20e4a44c53e0348d31cabaf5159f8bf8efb2,cf67071e2128ec4a27a7683582bf551edc3fbac1bb85658cb3101fc3a0fbba64,17521495,2026-08-11T16:47:35.150409+00:00
MAFAULDA,horizontal-misalignment/0.5mm/25.8048.csv,cb21b9b0848118b7751a7f2a91eaa4692da589fd9b0bc8862390577c496bd9a5,fc521425fd43d4a317161136eaafe79cd71cff0b6a4778523a6552cf93c023b8,17480226,2026-08-11T16:47:35.199409+00:00
MAFAULDA,horizontal-misalignment/0.5mm/26.8288.csv,d324b92fa473d6e3e07d562fe8f35738bd0790884b4b014c4a481d2cd4436c05,877a4fe1fa73ff93a14eb134624990f4694d4bc099391716e27a813163d53f9b,17465223,2026-08-11T16:47:35.247408+00:00
MAFAULDA,horizontal-misalignment/0.5mm/28.672.csv,220839933e819eeb381ab38d9613cf0400d2164add52644f78a7bceb922782dd,b989038a7178126e322bed923141b51642f294371a704d99549d5645259c5849,17431702,2026-08-11T16:47:35.294408+00:00
MAFAULDA,horizontal-misalignment/0.5mm/29.2864.csv,382f5a1d83f68d8b040d7aeb1adcd388974cdab0fa3892262f2d19ab79e184e4,8a069f7ea8facde0fb7158531c8e9bb99502062685bc891ecbc620d9883c6859,17280033,2026-08-11T16:47:35.342408+00:00
MAFAULDA,horizontal-misalignment/0.5mm/30.3104.csv,10626f78091e4c013ebcb25d5b9d5af6e3ea42a76b856768f972d8aedeeda680,66cecb18099457292b3bc65d00b2e1a484d343291a56085cc08264235e42678d,17263880,2026-08-11T16:47:35.391407+00:00
MAFAULDA,horizontal-misalignment/0.5mm/31.5392.csv,98486b7d5a5df55c48398ef9e9e90ea051aef81444046a604d6172aade2ea313,c43e9342f70c39f2d62255c7d04f989b90ae7781a36f0eb97e87e5c7379bd16e,17426090,2026-08-11T16:47:35.438407+00:00
MAFAULDA,horizontal-misalignment/0.5mm/32.3584.csv,2d49c836dddbd5c68a568106419ec37abbbd4f6b4b7b47407af796d6eb7d10d9,3b7ade9aae1d17877f384fa5219991e503d3a2e8169241417db146b916ea4418,17411234,2026-08-11T16:47:35.485407+00:00
MAFAULDA,horizontal-misalignment/0.5mm/33.1776.csv,a9b9ab50b4c6a50cefd027f1dda74560586829b314d7ac37e890077322632456,3dd25f19eb3a3e9cac1943a3ffaa037e43aa38cbb22018fa32ee95fa1c724c22,17460256,2026-08-11T16:47:35.532406+00:00
MAFAULDA,horizontal-misalignment/0.5mm/34.2016.csv,84b13ea70399b0ccece235e44280b25fa49cf7c0363191c3fa5c893e1fef04e5,a24c11df12adee83cf330da5156a55d465602e1718e0701ff6257c0f498aa54d,17394989,2026-08-11T16:47:35.579406+00:00
MAFAULDA,horizontal-misalignment/0.5mm/35.2256.csv,69588cb849a30acd14e8e5ba5d956ddfe35c0f89c6ba250ab4291c24a4b6b157,e0c2fa46112d1dcac64489ce45abed922649f51bafffcbc896b1918ef4afd0b3,17445576,2026-08-11T16:47:35.626405+00:00
MAFAULDA,horizontal-misalignment/0.5mm/36.6592.csv,9efbba2352931abd43d7367c0b475c724ebe881e813f653310bd59b3d34ef4dd,b0fb3c9ae81ad485ce938b69a48470b2494c3b21787062204a65b043b8b85484,17460582,2026-08-11T16:47:35.672405+00:00
MAFAULDA,horizontal-misalignment/0.5mm/37.888.csv,6a2bd1319c92b6a3559ade6cd91092eb7ca524bb267f5b8f2b15073685acc3f9,db7c3ef2e027fe7d3d7eec8c26990877cbc0dcbef3d13b6e82f42a5b865863b0,17448638,2026-08-11T16:47:35.719405+00:00
MAFAULDA,horizontal-misalignment/0.5mm/38.5024.csv,27b7f80a8ca3eaba94c4d69ebb56e490a756c0d128b19edd456e2fcca039871f,94c1832cbf230ba53ed5cdb8be80e9b107d8a6149892454e544c16ae2f7b1af0,17419033,2026-08-11T16:47:35.765404+00:00
MAFAULDA,horizontal-misalignment/0.5mm/39.1168.csv,ee33c55efda0624e65be6086c0506fed4c1dbc6c6f6201772201e120c4cbfb94,c81aa52af46ff25e3f79f8ed3845064e02170aadc18da4045478494cf6646495,17390002,2026-08-11T16:47:35.812404+00:00
MAFAULDA,horizontal-misalignment/0.5mm/40.3456.csv,4ba10993c882c5aecabcb262af53f1f1d68a1d90d4712d8e1ca7dcf75cf97bc1,c16532ec540a8ffeb2bcc64761511b30469ba280b19442dee9a0cc36cb203e1b,17339205,2026-08-11T16:47:35.859404+00:00
MAFAULDA,horizontal-misalignment/0.5mm/41.984.csv,cb35ad49c01f604ec0ce4777890c171973b86a7d49c0ae591de3b169c535fea2,f34a7e7fdaa9094e1cacbbd0d3fc4fea607cccbd942fd4cf87865767b0e81e34,17428835,2026-08-11T16:47:35.905404+00:00
MAFAULDA,horizontal-misalignment/0.5mm/42.5984.csv,da640e21a06af9d99a23cd274d45e182c8056822a4a41f3749de577ecddcccbc,1f3654aa8f565d654161c16eeab3af17b058fca6f63abdf76d0de8e68e3722f7,17433771,2026-08-11T16:47:35.952403+00:00
MAFAULDA,horizontal-misalignment/0.5mm/43.008.csv,7bfe7b9b29089164fe619f07b5aa9de2ae6efe719c900065d87e05305b2d9dfe,705755a5bc6a78b7b3dda731f9034075ce7b4937ce764b731b6c89997df0945c,17410617,2026-08-11T16:47:36.000403+00:00
MAFAULDA,horizontal-misalignment/0.5mm/44.2368.csv,a76682568d703c77bf5d4f28a0b1206766f4a0cda57736cc51430506660afdc2,393b750acc3b755abdd932d05e292b95b526d3419efe5aa0d919149ec3e65a3a,17417725,2026-08-11T16:47:36.046402+00:00
MAFAULDA,horizontal-misalignment/0.5mm/44.8512.csv,139439b5910024733426b2d81aee6c6fd8cad382276fe48d9bb4b4a541466c2a,b437a6aec5be502a400ed05021410a41b1c9e70f38a929f627bd97fc8bb05bb2,17414664,2026-08-11T16:47:36.093402+00:00
MAFAULDA,horizontal-misalignment/0.5mm/46.8992.csv,681541134d723ab7e1e2560789f0e00d3e6e2e7582f9c4a1154447ffdb0f2cb8,779493ba347e52e54157c94796558de302e6a8a84764ee3d2fd3de33f0fa806a,17395471,2026-08-11T16:47:36.139402+00:00
MAFAULDA,horizontal-misalignment/0.5mm/47.7184.csv,bb02352fb75bcdaf3f7093dc46f5d6823a156184a3b6f55910606aff16e9d39f,24242b9c1270f807aab7cc84f8d516a402694c7d7581ad98d4d572707676efae,17413114,2026-08-11T16:47:36.187402+00:00
MAFAULDA,horizontal-misalignment/0.5mm/48.3328.csv,55796af5e7b2ac9f325d0e71979bf499b6fa8a9dcffb2b1527882edfd270bbdf,438197d2ec6e3299d5176f13feb550e97aa90095af6607f33cb8ee3537edb69c,17392818,2026-08-11T16:47:36.233401+00:00
MAFAULDA,horizontal-misalignment/0.5mm/49.5616.csv,22ffd5bf4478df636dfd189b5d27be7af95c457b06e48a798aff416c8c2ad1a5,bc262f879ce2d06e4dc30fcf1a6699a3238cf613481fe23321a9145aa1311bc4,17444284,2026-08-11T16:47:36.280401+00:00
MAFAULDA,horizontal-misalignment/0.5mm/50.176.csv,2ef88eba6316481d898e43f3ef13a5d2165ecc788bd7a23572eb45b80990ad84,4dabc460ba17bdaf91131aa5c748b09e8163c5bab13f01152502ed0723eda834,17382775,2026-08-11T16:47:36.326401+00:00
MAFAULDA,horizontal-misalignment/0.5mm/51.4048.csv,243fce9dbfd84e81dfc183fec82de876ae7c15d50aac64577ba8f508165c3b4b,bee757ee3fcf151565c2af0c3a71a87552ce651e219c22288f51158449f093ba,17367185,2026-08-11T16:47:36.373400+00:00
MAFAULDA,horizontal-misalignment/0.5mm/52.224.csv,a0de511024f2a0d39af3d5f6b7a3cd701db851617906df722c110406c1f8eff3,b0ab5427560534b5aca52ea14bc0c0116c0a897072fb92ae00bd19f3d17f69e3,17354710,2026-08-11T16:47:36.421400+00:00
MAFAULDA,horizontal-misalignment/0.5mm/53.248.csv,eec1efd952d6fa11f4483f6abfbd265fa76a75b749638472f0598d78d17ccb66,c1598bf67e76c71183e45b1d7433fcb94f8dbd9f382cdcddefeb1ca714faf903,17311192,2026-08-11T16:47:36.468400+00:00
MAFAULDA,horizontal-misalignment/0.5mm/54.4768.csv,e7c66814820ba688da35e4b9248e7ff4ca1ad9c6b08b11cf767c6dcc7dde5f36,42fdb2271bc5c0ee717ceab0a38f72940edce77ca6acc73caceb347929b6ae04,17307015,2026-08-11T16:47:36.516399+00:00
MAFAULDA,horizontal-misalignment/0.5mm/55.0912.csv,afeea9d1c7dd0822a732ba37c9cdffac6ab8ee3f36da0cfedaf5647608a066d0,74a27c2343f5e49d62ba3ec261dba73d588165c4fcb2b29aea07632940ca84b8,17292426,2026-08-11T16:47:36.566399+00:00
MAFAULDA,horizontal-misalignment/0.5mm/56.1152.csv,27d1f9ade7824924d8653050cb29bb489c266b552e60285ec7cad8fd584e97b6,a6e66b70c5d5b723e8db7d6d6ec6e5c27acc98567258119f32483e4ecadbdd4a,17294281,2026-08-11T16:47:36.613398+00:00
MAFAULDA,horizontal-misalignment/0.5mm/57.344.csv,4e2efe6898d96a36f086d473cfe2e82bafc5ebbb4b2b1ecc5dfe6cce8e22fdb7,fc67fe9ce6aaf0e516c89f8b6057099f4fc4027252206e2e47686c2207d9acd4,17289687,2026-08-11T16:47:36.661398+00:00
MAFAULDA,horizontal-misalignment/0.5mm/58.1632.csv,06395b12e731673ae8b0eda4b335c6e8cfdfbfb762d35fe0a84dcbb672b5c5cc,6621bc941027c6d699b89db0b6756051b4c7fe6a69a54420837331230693705f,17284877,2026-08-11T16:47:36.709398+00:00
MAFAULDA,horizontal-misalignment/0.5mm/59.8016.csv,8c64b6062a92307a675d66eede91b618037b38b884296f6e1f5a339cba0920e0,beeb7deb1a64e55e1507934efbc8bea6c1063588c2c99be618cb1b6b1e604006,17143587,2026-08-11T16:47:36.756397+00:00
MAFAULDA,horizontal-misalignment/0.5mm/60.6208.csv,74d13a1f1c0fa09425618b6b16dd7963f02bc7c91e5f9ea23e5b96b1d9cb34b1,0a9fc1313c28281c2cbc18dd0a387c0e98fba9828ca5c5a09c0d94056a8a8973,17183588,2026-08-11T16:47:36.803397+00:00
MAFAULDA,horizontal-misalignment/0.5mm/62.0544.csv,9da5f17ad1e9526ae2ca6bffaf8c8b6635a009b21130b2f61406b0694f340e76,da48c70abe6f409954a013508b8f11e4073806984e98655f139b1ace74491c16,17279965,2026-08-11T16:47:36.850397+00:00
MAFAULDA,horizontal-misalignment/1.0mm/12.288.csv,f3f53be23809cf6763f04f44d4176be8a01711285b05ef06c03a70357c53de57,1434ce7661640ee3eabf49403f1ab501722a4c51fd1a80999e1c3015b99f16ec,17290529,2026-08-11T16:47:29.749448+00:00
MAFAULDA,horizontal-misalignment/1.0mm/13.7216.csv,65ff62aa08a79eb2ba87040cc6270af971137e5b7704136de918b3d63277cd8a,4dbcfa3cd3b5bc58893ab5ed7d8bdbe79639f6c8ae266a23ad19fd6a2ffa1018,17591038,2026-08-11T16:47:29.799448+00:00
MAFAULDA,horizontal-misalignment/1.0mm/14.336.csv,d1bcd32fc3327586c5d8190269d5f0c4c852c9de26dccea682785d4160fcf94a,474acdc44782d6cee26cae32a9b36df66e86d5afe366316c663489c54ce6a2b1,17537233,2026-08-11T16:47:29.847447+00:00
MAFAULDA,horizontal-misalignment/1.0mm/15.9744.csv,125970bfc36edb71d9b6c3835d5f258b3ab594f02ac3883c99b82aa96a5722df,3aaa445a293a4eaa4c18a2d21bc92c4d8dd7019cf0e883088c300c340359d1d4,17473088,2026-08-11T16:47:29.894447+00:00
MAFAULDA,horizontal-misalignment/1.0mm/16.5888.csv,431dfca0a1efe68b6dbca1d87483eec8d8139f070d9349240549d6f0b1069a5c,b977492e6d3873b101ff0c586aae3ddb65bdaaf95929ae448e1834dc50929c63,17541733,2026-08-11T16:47:29.943447+00:00
MAFAULDA,horizontal-misalignment/1.0mm/17.8176.csv,957009fb0c7b5abe7cb48c3f90746394985507aaecc0697c1bda31571a987843,1e7b804a5af0abd7cd2a054f2fd55d66a4cdedf0fb73db1f372f345278074c81,17593041,2026-08-11T16:47:29.993446+00:00
MAFAULDA,horizontal-misalignment/1.0mm/18.8416.csv,82b382f9644659c565c8a7321b73ebe210d09423ff8af37a11e55260f560c9a7,718e50bb807c08e5a898443e3c9781d7e491b6f0b4bd7945c78447fd2a9f82ad,17526271,2026-08-11T16:47:30.040446+00:00
MAFAULDA,horizontal-misalignment/1.0mm/19.6608.csv,fbe90df77a7ff53f8a4633d560d51938278fd9dc0778e849347150cb8cc62943,a55f73665a60e4e0d66fc2fc5c2722273ab3b9f89e1baf6792dbfbe8530a812a,17559006,2026-08-11T16:47:30.087445+00:00
MAFAULDA,horizontal-misalignment/1.0mm/20.2752.csv,3e6a1e2f7f68d6fbcb8d9f1e6fb50096a8ce68b9ab2d34cd11f85b653960e2ed,9871ce695bda766b9d9de5e61413d262e0fc41b1e3400c532867bcc9bd9cf553,17531826,2026-08-11T16:47:30.134445+00:00
MAFAULDA,horizontal-misalignment/1.0mm/21.504.csv,25a13b5907a3bb62640cda84910aae4a85b68605dc2b05c4958a393dca8c546f,b3e48bf202106e224687dcf1194a9a89844ea6fd52c10bad4f0ef152d04878b2,17577147,2026-08-11T16:47:30.182445+00:00
MAFAULDA,horizontal-misalignment/1.0mm/22.528.csv,4dcf93cb9a092e81d3783f17b0c7fb4d63e91421105a2f018b10f3ab53dc8e2f,bc4702967a534c8078c486740dbec1f0b5ca6d2cb271e347c8b3162566290712,17540153,2026-08-11T16:47:30.233444+00:00
MAFAULDA,horizontal-misalignment/1.0mm/23.7568.csv,33536ff22b4835a1dcd7315af30073c5178cd1b69c93dc5716828dc7b933400a,e29ffb35eee3551de2e861cc5f1dcf8d464a3c81a703d53c28176336dffc9954,17380282,2026-08-11T16:47:30.282444+00:00
MAFAULDA,horizontal-misalignment/1.0mm/24.1664.csv,0e126cc40454cb6344d89bd957f9db53b89fc28cde14c115539c914f227a0b89,425ba870a3680e6871cd465dbf85b0700819f811cd9ee0ee951c16f8cb967d56,17425365,2026-08-11T16:47:30.332444+00:00
MAFAULDA,horizontal-misalignment/1.0mm/24.9856.csv,ba4f0ab8c61ba9d5c698cd77acde92324461b550dc5c6df1c291b843eaf467f3,47199d9c893f5d5b81fb1334b1e5c2a9e03935fdc5bfb244377d73c0d5e23456,17549667,2026-08-11T16:47:30.381444+00:00
MAFAULDA,horizontal-misalignment/1.0mm/26.0096.csv,ed22ac3ea0f7a3274fd0bc694fa7470738ad219d6c6f7eca4bb34b4928279e40,91a811c721dc9a1204426c80087b2c4d1678faaf5bfed4c715df22576bbfe70c,17517166,2026-08-11T16:47:30.431443+00:00
MAFAULDA,horizontal-misalignment/1.0mm/27.0336.csv,de2d86a88a34fc63a99f94beb28a5fa36b829b49ff216b36244b0815e853597d,b24dfd578fef9eedf61048243ded8e44c0b3fc9a1e700920380df0038264410d,17472436,2026-08-11T16:47:30.480443+00:00
MAFAULDA,horizontal-misalignment/1.0mm/28.2624.csv,c7c755521d8a00dd68078b1c5dd9186e982249cf57a202e71fdb9a9fa30e51e8,7c693e3191167226abdf59b46d514f065dbb568d8578bcdbe11cc856036ae761,17463338,2026-08-11T16:47:30.527442+00:00
MAFAULDA,horizontal-misalignment/1.0mm/29.4912.csv,1b28f73c5d311191ebcaed1727a765dcd21af97cc07cd46f56b9766b2d9dfb45,90d741d8355548232f617075acdb634f352f3bdfb4b768f0231ff2962b5e8a94,17318062,2026-08-11T16:47:30.576442+00:00
MAFAULDA,horizontal-misalignment/1.0mm/30.5152.csv,568d5eefdd2d26fe665155db45edd2c10bb45d73ec9daa6cf75fc27584641f48,e88726f1cb80726a042f094d6c5acbf3cf92a2351a4af090fe8b75294ebd65a6,17368191,2026-08-11T16:47:30.625442+00:00
MAFAULDA,horizontal-misalignment/1.0mm/31.1296.csv,36e9a8981f568d1069f24bc5aba9a03bbb30dce0c1d2d16805577f4a9d7e379a,57690abea001eb3372a1039dbb5d23cce4b1fc9d665881d7e20c4f73ca07e993,17462176,2026-08-11T16:47:30.675441+00:00
MAFAULDA,horizontal-misalignment/1.0mm/32.3584.csv,78b79fa02224ebf1fff26b00e87965886b020daa6a3f963a8a6823195fb598d8,3efe367871288bb7ac328f6c79a604d9ecb83e9ce02720ca5a43b66d571cfd89,17461909,2026-08-11T16:47:30.724441+00:00
MAFAULDA,horizontal-misalignment/1.0mm/33.792.csv,ecab9131b6ff73b1b46e06e5f41dadfac80f1ebcf85336dc9b3e604afbd033b5,09b33ba8f317b4580b93d484c7b1128f621f7b24b02b6b26ce777f841556da2d,17443743,2026-08-11T16:47:30.773441+00:00
MAFAULDA,horizontal-misalignment/1.0mm/34.6112.csv,8c2843459a46d09c3633f73144be5f8463caf8dbbe07a5d9aac7e32693ebf3bf,ebf549e243577859b4c84fb166960bfdad80329acf863d2efae1638380110df7,17448775,2026-08-11T16:47:30.822440+00:00
MAFAULDA,horizontal-misalignment/1.0mm/36.0448.csv,377e1d4633a3e04841715a85d11af4f6ef4de3b3182cf15b8441e46915e9a206,90c32b87b687ec8323b3a783a8ed9da634d2489ba4d1d8938783869ad6cd9f77,17459058,2026-08-11T16:47:30.871440+00:00
MAFAULDA,horizontal-misalignment/1.0mm/36.6592.csv,1951d2147c3b0ae285ff4b49d290683891237f336fdd6d30ea96389eaaabd648,9e351e52cb65e8ae2d35d3036f580c2849ca60de6cc5af43ae1954f9475715cf,17473945,2026-08-11T16:47:30.921440+00:00
MAFAULDA,horizontal-misalignment/1.0mm/37.0688.csv,5f3ca04dfabb5b1380fdd6d9597d2690d762235e62585bd57d5e584150527ca3,1a7c8df5060ecba468f1bf4927a968fbf623a0a8ccf2fe158a5c76af8b3b324a,17455741,2026-08-11T16:47:30.970439+00:00
MAFAULDA,horizontal-misalignment/1.0mm/38.912.csv,b26360fc1588b09e3cf53a171a1724aec547216ce0050520bb205ee03de81563,685733a1bcd51cb62e4b6a06e5d997b20d2a32ec3354396ad662255e33406f3e,17413926,2026-08-11T16:47:31.019439+00:00
MAFAULDA,horizontal-misalignment/1.0mm/39.5264.csv,d36f2f7e8e673ecdf365af9c04385c9ed1c3fad47736a916b27f2bcf45407e6b,c99df792ecf23f800670b8a19d942a6224120f906b2bea6db04a8375dcb9a73d,17386818,2026-08-11T16:47:31.069438+00:00
MAFAULDA,horizontal-misalignment/1.0mm/40.1408.csv,18ad6d3d3f98625c69a0d95fc59e1ea59093ebc950bcaa9744a0786d71e5f75e,d82510812bed4beec5056c1f9a733a7c42617dec0ce2f1a3787788da9294cb0c,17306904,2026-08-11T16:47:31.116438+00:00
MAFAULDA,horizontal-misalignment/1.0mm/41.5744.csv,bf1eefca01dc996167f21d1b327c3005a4bf5bd9546bf95482ef678cdb85e280,d6d3b583988e43f323cd65d728a814791b150e5939cfb949415dd1e6a1468f12,17435581,2026-08-11T16:47:31.163438+00:00
MAFAULDA,horizontal-misalignment/1.0mm/42.3936.csv,ed7882b3413627a8807893481137979e7b72008912a5d7e6368cef4b150ddb4e,d484822ab30c0449022a24228959416701897f36e035b327a5285a4b9930ecd5,17425403,2026-08-11T16:47:31.212437+00:00
MAFAULDA,horizontal-misalignment/1.0mm/43.4176.csv,c58bac6815b75bfadce028b5b30134bf98b5858e321eba92ee35aa2c30e0f5c0,64a840f94a9d98d46158fbc48a37a3d0058100beb1d17b35ef9593151095e11f,17405852,2026-08-11T16:47:31.261437+00:00
MAFAULDA,horizontal-misalignment/1.0mm/44.6464.csv,d3b2455833b45a6a241ce3f0d323f2e74072c6ed537421b25f34c4f8f6a1c45f,6e2d700ffc5177d290f3878a0d202b3262c79f3b047e4aaade2c25de2de22912,17413715,2026-08-11T16:47:31.311437+00:00
MAFAULDA,horizontal-misalignment/1.0mm/45.056.csv,3cb7b11760d866ed91d640009e8a257646ad97ff7d8919fdd91fcf311667aeb0,26ee9dd63c0c391b0fe377efb864acb4265a1b3aa6d68df02cf615473a7295dc,17410236,2026-08-11T16:47:31.357436+00:00
MAFAULDA,horizontal-misalignment/1.0mm/46.2848.csv,79f32de4f53d4fd4ac10e56a91bc665e1d97d8e8cebab97dae1116d8ba6295db,3512bfded7345f93cc8eac0d50a45e0b3dcf101cf2157d2f11d9a21d98857d41,17373876,2026-08-11T16:47:31.405436+00:00
MAFAULDA,horizontal-misalignment/1.0mm/46.8992.csv,52ce1eaea990b6a5073b05f598ab39e94dd1d9f6bb02b4f06f5deeebac39ce1b,7244d5bd02ee8555c37176a9387fe17b5cf0deede5ec0d1aaa275b7771ed4b12,17385968,2026-08-11T16:47:31.455436+00:00
MAFAULDA,horizontal-misalignment/1.0mm/48.128.csv,79d9c2387fabc5265f170d3b00a6fdc56375ea08c0c75154e02794abdb294dfd,fd40ee0144fc6e587ea8f94f52062a8e117f56f2dfc852683c9064938506cc23,17370983,2026-08-11T16:47:31.503435+00:00
MAFAULDA,horizontal-misalignment/1.0mm/49.3568.csv,096b15d0eab859cc0e0d2dff7998f1d9c0d28be616d9f70eaa7e4225e02e4db6,f925c83a32cbfb642251c9a141fa0ec322d1862794be1456d785751e4e2a2bfc,17356032,2026-08-11T16:47:31.550435+00:00
MAFAULDA,horizontal-misalignment/1.0mm/50.176.csv,cf8e0e2f3c249e9f21c36e04f7550ec22d0d58c3221299ec10407fdfbdcd7206,c30e734e64279d955316ab4312ad4d219c209c30005c89cf214614612daa26a7,17327014,2026-08-11T16:47:31.597435+00:00
MAFAULDA,horizontal-misalignment/1.0mm/51.2.csv,3383ffe60de979dae98b8986585bc02490c29ea38ef1a5a6e0bcbd237db3ca45,0c75088c2678e1cebe5f7c833dcd4b435d668b5603cd199d9372bea924b62848,17314867,2026-08-11T16:47:31.647434+00:00
MAFAULDA,horizontal-misalignment/1.0mm/52.4288.csv,2105f351eb536f98b9dce51a96f80ce6a2e8f8e90d3212f94f2acfa272b4cce5,78f085c6a4d75034626fb275a6e2a07f5d41092d8020cf7b7f59e66df0ae6682,17302412,2026-08-11T16:47:31.696434+00:00
MAFAULDA,horizontal-misalignment/1.0mm/53.4528.csv,61b1e15c6ffa166dcb4156e62efc4730d9c76d1a201843ce3c25c8efc111ab07,f0ab1fa9cce1e8d30e5beb0d9f2492c20c01b473ff15fdf1c67809cc0a0976a4,17247670,2026-08-11T16:47:31.745434+00:00
MAFAULDA,horizontal-misalignment/1.0mm/54.272.csv,0de98b6c5af152321acaf670acfaa5a951c4f7b2b53041eb7e8c040924222d38,643161e6feabbd4dcfc18fb10c7f393ee2c2f30745e5ef711c6731f3b1300c07,17270298,2026-08-11T16:47:31.794433+00:00
MAFAULDA,horizontal-misalignment/1.0mm/55.5008.csv,25374b980db4b54e30cf6eb11fb24b508537964e984f064507aead7317595b0d,af939d61ef1b89f7927ab40a2f6a3c62ccfb250d7c40b56459551dbd47140eca,17239703,2026-08-11T16:47:31.843433+00:00
MAFAULDA,horizontal-misalignment/1.0mm/56.32.csv,c983049fd655a6f470eecd31d43758c9557bbb2c17a7b4519568b897a77d6ed2,191917ce34bfc545caa1aa1dab5739557ad25c44f0f205debd4b5f3ba0331bbf,17276019,2026-08-11T16:47:31.891433+00:00
MAFAULDA,horizontal-misalignment/1.0mm/57.1392.csv,43ff8d10eb162cab5107ecaf564c62832b8c52ab8c39ef24d98a049590c6c835,496ff9418de7fcab5aa5f8d2b604fe98a48c83295f4060fe35f1cad1e554de54,17273040,2026-08-11T16:47:31.939432+00:00
MAFAULDA,horizontal-misalignment/1.0mm/58.368.csv,7cfd8683dea994739d9db27610e52b73607acd7818867753fc57b939d1094eaa,382ff795ea87d85dcf0bfc785b76b0fa4d810c867d350d6be6349c6e2cc528c4,17259082,2026-08-11T16:47:31.988432+00:00
MAFAULDA,horizontal-misalignment/1.0mm/60.0064.csv,c66fa0641279cb88358a2c757df3646665dc617bab401bc3db6a1db719c4bd14,c0f60f0f47d15ebf5a49e1656391ad476f6dacfab9d3f2167d2b8bd7299b93d0,17270742,2026-08-11T16:47:32.037431+00:00
MAFAULDA,horizontal-misalignment/1.0mm/60.416.csv,1415e5f14a31b063e5476ccccd794dbc121336502446e55a791e86dc82f4e3c1,63c1f00e23a4168acdec4aca107e867d15d62e0480fbca378bf26ee2e8c0b352,17142838,2026-08-11T16:47:32.084431+00:00
MAFAULDA,horizontal-misalignment/1.5mm/12.288.csv,122fdd47ff3a1b886fe318e990991b317bf26246253768b6669945188e364398,5e8c8ae1b058f715024e05f61e408f91341d67d293e82beca6c6406939c1000e,17602862,2026-08-11T16:47:27.362465+00:00
MAFAULDA,horizontal-misalignment/1.5mm/13.9264.csv,49953fcc6f965b22e6a1eb4d8e960a1f2958cc514bb2f1bf186b5963ed1e08cf,b9bc8d043cbe43cce546cba7d81810a1cb841c8e7b6da22a965b2bfb32f76f6d,17504911,2026-08-11T16:47:27.412465+00:00
MAFAULDA,horizontal-misalignment/1.5mm/14.9504.csv,20f1c0c09896888b5615dd3aa250f0e0b099424d5c16654e4184e8853342f92a,e1fc97c8464b7ac56e9b87c4677da4742793eb4fa5e9f7cb5f55608cc904ce0a,17534437,2026-08-11T16:47:27.462465+00:00
MAFAULDA,horizontal-misalignment/1.5mm/15.7696.csv,00599f2bacd27b96fafcc75edab790fefc4ce0ca33672b722dcd2ebe692babb5,780aca939086222fbb8eb0e5251d5d95fbd5bc929e40f72639040157d63ab4bf,17500658,2026-08-11T16:47:27.512464+00:00
MAFAULDA,horizontal-misalignment/1.5mm/16.7936.csv,59842b0d8d7f24c6422f15ee833273e9386acd2f6dccb075be6e0068e5d8d043,caa60196802b8748416f5ef84ae8668e4b00f8d6404792269da426e6fb041f90,17505222,2026-08-11T16:47:27.562464+00:00
MAFAULDA,horizontal-misalignment/1.5mm/17.8176.csv,493378151e03d39139d1b63d2c9ab6efadd63ccdec1df35979186bb47009e2b6,c00eb70cf3e53bdad96539245e2e6ad3ab60ded16c919796890e5107098c250b,17503602,2026-08-11T16:47:27.612463+00:00
MAFAULDA,horizontal-misalignment/1.5mm/19.0464.csv,0b36f69f51ac28ab318402a6f8379c2b9ac7036f9e49fb4754ee9e49e18c85ea,437c69af7453d370bce329e526194b51bd199a761ce71efa6ad5dd81b8f2efc9,17434883,2026-08-11T16:47:27.662463+00:00
MAFAULDA,horizontal-misalignment/1.5mm/19.6608.csv,39a2ae6a48d8c5e9840e4b763830f0e54bd1c7e50f8ba0a539da61252a37204d,3e058abff07eaf51c68ed541ea3c02c11102f528e0fe5b14c33be6a45720bcbc,17496970,2026-08-11T16:47:27.712463+00:00
MAFAULDA,horizontal-misalignment/1.5mm/20.6848.csv,1600e916d13cd2f1286ab7395c54bccaa2e8a5661839452fe769c57747e894b4,2822001d20adcabfe7e064dccc1d406feee2492f99f698ecc00aa99cd8a1bf1a,17563466,2026-08-11T16:47:27.762462+00:00
MAFAULDA,horizontal-misalignment/1.5mm/21.2992.csv,193a31b349969fd3491c027ce40351133d77ee892762bbec0dfd273be24a088b,6f5f648afc7a8f41ccb08bed0bb0c3ec505f03756e631fb344e6ebbc207ea8cd,17409346,2026-08-11T16:47:27.811462+00:00
MAFAULDA,horizontal-misalignment/1.5mm/22.3232.csv,47471395d29439d1f128f736e33fa32a248e5189ebbd5a50add7b3538db1138d,216c65bc70ba3eeb7ede63d32b2f942f09228cca61d617ae4065b717bbdac4a3,17562709,2026-08-11T16:47:27.861462+00:00
MAFAULDA,horizontal-misalignment/1.5mm/23.552.csv,335a25f4308e01c65d469cb0ca0d3b1e144dc08e718a873423e71ff5acaa0814,7118da2dd9196d59ff4211ca868d7987a03c127b639d336ba4ed7bdfa3444cfa,17486536,2026-08-11T16:47:27.909461+00:00
MAFAULDA,horizontal-misalignment/1.5mm/24.3712.csv,d5f55a4ebb6ec26fb9f6cdf1c1b2977e388134465acf6024be16c12f8c23414e,8f693eba5c689f302cfed10bb23e9d194170c704e097b03e9dbe32245e2c0932,17482507,2026-08-11T16:47:27.958461+00:00
MAFAULDA,horizontal-misalignment/1.5mm/25.8048.csv,dce8269f0ba21bfd5f605b6a9aa32093f80086d5884199785afc4c22404a80ac,31fccbe490051715934d9cb708f6a95474fcb208ea7ef3a5c828fca24bb878a9,17532012,2026-08-11T16:47:28.006461+00:00
MAFAULDA,horizontal-misalignment/1.5mm/26.8288.csv,702534553925b6900347abdab4339148ea945e7bddef8d46e9dbd23f81524ffc,9b3a22eec32b03f9140ccb1cebc940672395da7ca1e3b811cd610919525a2d8d,17480082,2026-08-11T16:47:28.053460+00:00
MAFAULDA,horizontal-misalignment/1.5mm/28.2624.csv,e5dcc18c166bda31d8cf026982dd68fb48afa4394fc8e6a79005d489ef35dfa5,022dae43d7083fe3a243e3358799efd242ffaf425fea7369d01f45fa3e1f7c89,17451615,2026-08-11T16:47:28.103460+00:00
MAFAULDA,horizontal-misalignment/1.5mm/29.696.csv,bb1beffd6513abf895a569c0a6044b177f2cfe3e13160b89d92d7357ce9bef9d,3762eedc4efd260fa490a6d0964590d784d204560b4027b9ce0d79caa0e5d0ba,17196023,2026-08-11T16:47:28.152460+00:00
MAFAULDA,horizontal-misalignment/1.5mm/30.5152.csv,774aa42d45df5d666f11b815a14203265bd839eb8f702844dddfe41c53039e63,87727035ae4b58846c8530b7a4daf29d561e8f782c7a5e264fcf4c2838c122c4,17312918,2026-08-11T16:47:28.201459+00:00
MAFAULDA,horizontal-misalignment/1.5mm/31.744.csv,951acac59700f28c906ef7de600759f823a879916f87d10d93e32275fdaf92f5,0739fdf6b12f735131a53b372f2a0a5b24a487ed3e5051765acedcb6fb46adcc,17462961,2026-08-11T16:47:28.248459+00:00
MAFAULDA,horizontal-misalignment/1.5mm/32.768.csv,8963f1871841417e6a8f49705dad616d6dd38668501ba679c39f89495333149f,67cfff9cf1b4bc8800e333fc63727231107be759025339e0c45e9d612e6c82cb,17472684,2026-08-11T16:47:28.297458+00:00
MAFAULDA,horizontal-misalignment/1.5mm/33.9968.csv,3242673f3efe1060dbff234c552997d850e9845c13bf4746264917674007cd8f,9c2b82a7ac29710223e507b4f3a09df97e7b5188bb9f257ddbb240cec67d66a1,17430831,2026-08-11T16:47:28.347458+00:00
MAFAULDA,horizontal-misalignment/1.5mm/34.4064.csv,f4b13e2f42d54a216cbb5455a6fcd073fd75a4c27ac2ca05b585d2b036c982ca,cfbc925fce0993dc9716206aa27a219bc42dada8369cb7db8302223ab5e948ee,17385400,2026-08-11T16:47:28.396458+00:00
MAFAULDA,horizontal-misalignment/1.5mm/35.2256.csv,6cdbbd252e00dec2368d8420bd4ea7fa4517c3109f18f33f56f1476504279886,3143b41aa4a4adca1c9b07eeee9be7fae5232b295b5ab6c0809cb3c0b8a1db73,17464516,2026-08-11T16:47:28.446457+00:00
MAFAULDA,horizontal-misalignment/1.5mm/36.0448.csv,7ce1fe84ea98f7dd22ff1cc0b5e22694387316f9b70795ad1942777f62659238,321af077098c47f5e51f3c7b180e9157d82b6a5acb158f7bf296bdf2f5045516,17485079,2026-08-11T16:47:28.495457+00:00
MAFAULDA,horizontal-misalignment/1.5mm/37.2736.csv,9ea489adca416b55b241299f40785e53f193cb98dec13559ac476c48bf5a968a,7eca0fae33a9112cee708288ac3233cc988f63c35c71a6e00665567f6323fb0a,17444094,2026-08-11T16:47:28.544457+00:00
MAFAULDA,horizontal-misalignment/1.5mm/38.7072.csv,4bf86eead17b7ec839e98592003b50a6daf952bee08360341b4171f50cf6a4ab,913bd388d33346d3c36f064237ef1ee8cb8e7ad3d5690e078da4e95ccd0524ee,17429337,2026-08-11T16:47:28.593456+00:00
MAFAULDA,horizontal-misalignment/1.5mm/39.7312.csv,a2b7a3d6c4c5c746250e2d52b775050169fe8392128c3bdeef28a0fb81b5808f,8d0430b5a852801d119cf17f81fc440973c3c162290c90daf98f86bd5cf79ed7,17231598,2026-08-11T16:47:28.641456+00:00
MAFAULDA,horizontal-misalignment/1.5mm/40.5504.csv,19dd371298d87199f4119f3270789e1fc9995086bdf98eeb20288787c3447a52,53f38164cb48a701b6b25d705f8ceed93bb05d9bab8544d1cee55cb6a0adab6b,17330455,2026-08-11T16:47:28.688456+00:00
MAFAULDA,horizontal-misalignment/1.5mm/41.3696.csv,6f470303abff5e68b8f4af8762f75ea7ca77a6361d8d88f3f88b97201b039d49,36fb993dc680b6b8881ae0fc0fad3de804702999ef27eaafcc98f4f3c4b245a3,17408185,2026-08-11T16:47:28.735455+00:00
MAFAULDA,horizontal-misalignment/1.5mm/42.3936.csv,cb1c13a57b04cd212717c159068b883e0ef8c42dcb83ede0ec4c395aaef375bf,eda7ace9ba8f5008dfa1911592d113b9273a957c6da888296318cb46de9d28ce,17439757,2026-08-11T16:47:28.784455+00:00
MAFAULDA,horizontal-misalignment/1.5mm/43.6224.csv,76a1bdc3213b8d2d6d56ef3123fe807e54055bd8185de635fcb45fdaaf942d6d,bed0a5a933834605255afd7e1f8ded045e7d442ae379ab2cc113a353b87ba349,17448334,2026-08-11T16:47:28.834455+00:00
MAFAULDA,horizontal-misalignment/1.5mm/44.2368.csv,183e90c11926070d92e52e49ec4bd93931c8b3c35bc681dd68fc4c4a0e5ba221,6926d286564cde3b238389c85843deb9f37f951202a45dfbf5935be4016d6fdf,17438772,2026-08-11T16:47:28.883454+00:00
MAFAULDA,horizontal-misalignment/1.5mm/45.4656.csv,e0212c70ae5432385dfa1a6859c1e903e12dfe8c99bc24e22e058451c8369502,2a1c4a7e683daa5484ba34a6980fe117ab689262a20cf2e854a7ae6141b2c0a4,17425006,2026-08-11T16:47:28.930454+00:00
MAFAULDA,horizontal-misalignment/1.5mm/46.6944.csv,a7d80e9d680a1a030937480b702bc41ad1956cd7e6166ee8a99cbc5e6d11f758,1e1e442e7b66f85410ab742ca9f848a63e02ae1886f1e306ed522dfb181032ab,17409570,2026-08-11T16:47:28.978454+00:00
MAFAULDA,horizontal-misalignment/1.5mm/47.7184.csv,73e3bce5e8b9b51a7c44be9e3d00dfdef2262ed48620b4ad108893e54e5dbeaa,3a624186d3db279821ec607ffaeebbe93b07b2a531131579455233c53289b267,17362427,2026-08-11T16:47:29.025453+00:00
MAFAULDA,horizontal-misalignment/1.5mm/48.5376.csv,db19e007cb36b2bee5cb72759f165342de881673160b180c487f557d6350ebfa,264b273c419c37278081093844a88e8dc3c05c98010f22833ced9186e5982b91,17382105,2026-08-11T16:47:29.072453+00:00
MAFAULDA,horizontal-misalignment/1.5mm/49.3568.csv,855dd82e9568bd785bf92d2a4ae32c11ec7e3fd7e27acd01a096e44eade9c796,1c0b07073c2281efe8ccfcb91089a5cfd9bf7e8989cfcb35a1f608080b50510a,17390068,2026-08-11T16:47:29.120453+00:00
MAFAULDA,horizontal-misalignment/1.5mm/50.5856.csv,c32c8e65600b4fc2e0bf6b2717225ae9d6a9b17e361d4c63cfc671c10e8e6ce4,2bf20d065def5109035f702ea9c56fce6d4d13f5cc66978433bae36ad80b9df9,17386123,2026-08-11T16:47:29.167452+00:00
MAFAULDA,horizontal-misalignment/1.5mm/51.6096.csv,15cef090a238bed341a13f680e6eafade117d347ecc1ead339888417ae6d412c,2f517e82f360d46107cdb06c6c4867a0fbb7484d97820537c6e4495daa6663ac,17391003,2026-08-11T16:47:29.217452+00:00
MAFAULDA,horizontal-misalignment/1.5mm/52.6336.csv,da11e43b631836c3c68e9813535bcf0b5a02341c6deb57aef089a9173ee402af,b4b7fe04219ae0221a3800156d2265321949a9fd1a26e5cc6d9079f89a0bd2fd,17369410,2026-08-11T16:47:29.265451+00:00
MAFAULDA,horizontal-misalignment/1.5mm/53.8624.csv,88258287dd5cc1423703ce8b6cfc9e8b9fc4a2273b08b941f46e98182b6b0ab9,e426a869cb55b1f40829bd9ac612aac3d9d3ef2398a8a32751a4b344f6c5cdfe,17364733,2026-08-11T16:47:29.312451+00:00
MAFAULDA,horizontal-misalignment/1.5mm/54.8864.csv,1dd6a9352eb0a898a875071a55e67502d0a97e7c7ba25f6bec862f2c5b657600,6953a3fd959e430f905e6d96f1776a940cd4ea948ee72b95b97c2c6e3ceb9df5,17331177,2026-08-11T16:47:29.360451+00:00
MAFAULDA,horizontal-misalignment/1.5mm/55.9104.csv,6ff623bd7bde1e376c0e643556bab9b885acf5bda1bf9bf5027165baab986c36,d795f6ed9fab3289cb54f0908b3f35af6b8206ad7ae67049c9eb3ff764bb653b,17310162,2026-08-11T16:47:29.407450+00:00
MAFAULDA,horizontal-misalignment/1.5mm/56.5248.csv,632fb8b1779759118aef76bae53aeb4c56de1fe51adde761f7d19c366bdee226,3b6dfeb125c16786f32d4880fe5e657aac78ff049b91a9569add53b6a23c118a,17301556,2026-08-11T16:47:29.455450+00:00
MAFAULDA,horizontal-misalignment/1.5mm/57.1392.csv,63d3949387aecc6fddbc5b25b54b30d0439c5fb7156709a24e8875a0830e9939,fb5161aa6759c65c446ab37d9c7d3e2facd5436bc23fb4e69523b737ee3d60f3,17322131,2026-08-11T16:47:29.504450+00:00
MAFAULDA,horizontal-misalignment/1.5mm/58.368.csv,d30bbdf4a97b16f718afc4f02f0abc5550c780304843b84eaf48276adf76829b,3f5cc7fb98f71019a06481255370032a4888be4f2c71a1588578eff6e3eae062,17234279,2026-08-11T16:47:29.554449+00:00
MAFAULDA,horizontal-misalignment/1.5mm/59.392.csv,433451367e70e4ceb012d38f336993f0644d583e5ea3165d0eda205418fd1045,d31d965c88c8ae5262341988e2e5918a14c872b483f0724033e93d80b691173d,17101704,2026-08-11T16:47:29.603449+00:00
MAFAULDA,horizontal-misalignment/1.5mm/60.6208.csv,ff75710a01e1cedb064239c027cc1587fe2dd51e95dfb31014d9f346533b1d20,f9ba53495f7501b99671d29960e4aa372fc4614e23796f39d2327b4ed248aeb7,17050665,2026-08-11T16:47:29.652449+00:00
MAFAULDA,horizontal-misalignment/1.5mm/61.44.csv,93ee3655699922610598142f1810c8ccf1a5f789b9a88ef9ec5445a9f91b7d70,9c22f9402596f5de852b6fe8948cb129c971aa2dc7d7fb8ac8a1ab5701447d17,17226571,2026-08-11T16:47:29.702448+00:00
MAFAULDA,horizontal-misalignment/2.0mm/12.288.csv,ccb47ed5976343befd824b5c30ff5b035153d13c5d9be3be1147d9f0eaa0fd58,55d6186a41c53636ba52cc70e15b89cc57a49c57b2467a7866da23fc00085c13,16774843,2026-08-11T16:47:32.130431+00:00
MAFAULDA,horizontal-misalignment/2.0mm/13.5168.csv,8764f54b7be7522af06419e1caf2dd055a3c9dffdb41bdf9f2d2bf220ab2bc2e,eadae38e5659a75994f1c9a702222d099bad54d1ebccf77bdbc6f826c95b5fd5,16890636,2026-08-11T16:47:32.176430+00:00
MAFAULDA,horizontal-misalignment/2.0mm/14.5408.csv,433e295ddc13fcef687127f7950ffaf6a0e16beca9df394edb63906d626e46d9,d1a5cf69ea5e49feb13ac20c75a2c08b335dc2aff33f26787015860d6ea2f2ef,17270179,2026-08-11T16:47:32.224430+00:00
MAFAULDA,horizontal-misalignment/2.0mm/15.36.csv,788885b32c8972608dded7337298f803d7d230bb78641cbe5ebdcce7d9870a65,35b6addb3d127dade408f5e9d412a47d1916c841c4cfcb56b03516bf7a2b72eb,17571759,2026-08-11T16:47:32.273430+00:00
MAFAULDA,horizontal-misalignment/2.0mm/16.384.csv,4d58bda00b9cee59ac00d1fb62486d49bfc2682ee3ec3d46e149ef839a8fabe3,947abf52a6cbd91e5ff25ef77581dfc3e7c02ee41317468b57be5ad4a15fec6d,17536736,2026-08-11T16:47:32.320429+00:00
MAFAULDA,horizontal-misalignment/2.0mm/17.408.csv,3c0f2ce7d52b9418ce992307b41ac34580743d0be45863a7e24a3ec9859033e4,06ac78290d47635d073dd6cbb8968ed0ee6cb782d0349c62dadf786e6cd29189,17383002,2026-08-11T16:47:32.369429+00:00
MAFAULDA,horizontal-misalignment/2.0mm/18.6368.csv,ce4566730f190e171c659b1c8d03410982be30974883db02750891e60c25e7d4,f6f8df75886a4d1e5f3813048fb8ffff67a6b236699492a9ccc17b56fdb975dc,17385352,2026-08-11T16:47:32.419429+00:00
MAFAULDA,horizontal-misalignment/2.0mm/19.456.csv,182a9e5258acdf0fe4d5ff544c1e274cc08867aa53683ea3ee1c19031debbe94,7b840bb40b8baf7151875d52efccba32fef358b46e958a33212cf25e3522396f,17556189,2026-08-11T16:47:32.467428+00:00
MAFAULDA,horizontal-misalignment/2.0mm/20.2752.csv,bd19956d3188a4b44a51753cf64f19351ec2d8e7726deed8d1816ee31107c7d4,1b3ee79526a11837aa60b905b22ee506ab59c8e62fc9168274942cb6bf359308,17444071,2026-08-11T16:47:32.514428+00:00
MAFAULDA,horizontal-misalignment/2.0mm/21.7088.csv,946f407d255264cd8d4ed60e70ee7010c9f69028ce0215e62341e5a5c8f63ce8,1ffbc0f851a2c8a0fb53c08e89dac2c31c0fbce14ff57ccc9e8b6563987d557c,17532620,2026-08-11T16:47:32.562428+00:00
MAFAULDA,horizontal-misalignment/2.0mm/22.7328.csv,e763a0d6ff485a36fc51aeaa042257aaff83441d08d519714888497712644831,93374d5a7a3fd20ceaf226d36b19fe5e205f22121c40383c4f965e20a809789d,17575987,2026-08-11T16:47:32.610427+00:00
MAFAULDA,horizontal-misalignment/2.0mm/23.1424.csv,6ef4d5f3a7fbd15b2d8e604c82028963f188c0fcee9639199a96a1d696a2fa1a,68f08506da59809d5b515105ec4d29e47535c668f949a8c20eefccd6e2917ffa,17569594,2026-08-11T16:47:32.657427+00:00
MAFAULDA,horizontal-misalignment/2.0mm/24.1664.csv,0c3da0b29b1d8a5a019ce5c256e40224d71248e156183b1e173160cafe4966dd,5ce1c33c1bb3cf26d6c4b83f9c218e1b91ca1d1107937cc259994614f1b44532,17384590,2026-08-11T16:47:32.704427+00:00
MAFAULDA,horizontal-misalignment/2.0mm/25.6.csv,c8cc9d899947e67a4f119c6804a97151131a3f43871634017c200c8cfb9124ae,24cde04987e543589b96065be4391763b5c91134f5f9b80de21bdaeb6cf71a5f,17517903,2026-08-11T16:47:32.750426+00:00
MAFAULDA,horizontal-misalignment/2.0mm/26.4192.csv,1df183d259040835003841ee815498e927d63ee224c45069914e28999be67597,01acfaa89ce20f25cd6ec2a9f216bea6f6fa741d83174e4b3d48a5fed652c09c,17509579,2026-08-11T16:47:32.797426+00:00
MAFAULDA,horizontal-misalignment/2.0mm/27.2384.csv,fee64986df4ad57577f82e8c45dc1a5b66f8e293ef803f9e10d6d7d5d3e3a9d9,d11e9649ba5c952df3709d5acb52c2ca2c10fcb97b5a8ebf24f0f57369160f7f,17528097,2026-08-11T16:47:32.845426+00:00
MAFAULDA,horizontal-misalignment/2.0mm/28.0576.csv,909cb6fd2fbb27175861132a59a20bfaf31af0c7ac3cdd2671a2b9e95672ecd7,7ad05448bdec2882906952dc958b35f2d55093e59c84cd80665eac2471347289,17466330,2026-08-11T16:47:32.894425+00:00
MAFAULDA,horizontal-misalignment/2.0mm/29.0816.csv,0e52fb9eaadb21824a3ee2de56e75b1f7de50c965ccb4be01a575a242da88ccc,99abb97aa6e95ff36d8d9ce7379e694cb7c7e9420131d34d4d15b622c1d7f2a2,17474316,2026-08-11T16:47:32.943425+00:00
MAFAULDA,horizontal-misalignment/2.0mm/30.9248.csv,5723bf443d4b15a118b6b0a95c1d196862da0ba3b90c8bb6d52df76f44dd7c19,a30f1185d612bff7723a6a979b70c622afdc566a3f9c3945667bfbcf2e1b196f,17457051,2026-08-11T16:47:32.990425+00:00
MAFAULDA,horizontal-misalignment/2.0mm/31.5392.csv,a7d9936b73940c793b4bad6145b4e56ae5e3a5727cd3a05b06cdc881423befb9,56963b77ca5d24cfc4ffe539ce67eff2657cb78aa2938b4acadcea8c2c134535,17502771,2026-08-11T16:47:33.039424+00:00
MAFAULDA,horizontal-misalignment/2.0mm/32.1536.csv,9118eddbe87a8cd042d3fa72be90ca34c899e4eab21c76b8e9ddb510d2d7a901,355d131f248cc838328f09e05273151c7d218ca2e85fdc957ad7cd1f9346ca26,17508326,2026-08-11T16:47:33.088424+00:00
MAFAULDA,horizontal-misalignment/2.0mm/33.5872.csv,72180c348fa94e35342137290860b441e1d8bbe7482d4dc4630248b238e1cc67,8b29c1ae47e6a56037d2db33f84dcbf04ea0a14810369345f89265916e8ef623,17519962,2026-08-11T16:47:33.138423+00:00
MAFAULDA,horizontal-misalignment/2.0mm/34.2016.csv,c1c505087a9e21bbc7f8813477d137ec7d72d9d8bc8f81a839433126e204dd5f,edf2f3689482980e9e4f03b2b9ac83d768c27481e0e9195a97619b054bf6ca4c,17387334,2026-08-11T16:47:33.186423+00:00
MAFAULDA,horizontal-misalignment/2.0mm/35.84.csv,efe6712d1c45b55abb77d4912b810d00b6c22c40c9ba0812d7ab402ce7ada083,1a4ffbdd07fa81fab9dc12541a33e94ecd42fc8d77b5a3327ab1626a1aa41154,17519050,2026-08-11T16:47:33.234423+00:00
MAFAULDA,horizontal-misalignment/2.0mm/36.2496.csv,bd46ae1a2480483ad495f686ad95b5d5bfab7ba7a4e5fb5d4a44b09d6f6c87f5,ac1824acd9899880294af5c458c827d3c7c378d66210d1f0e17dbb3758da9dc1,17489996,2026-08-11T16:47:33.282423+00:00
MAFAULDA,horizontal-misalignment/2.0mm/37.6832.csv,24633e31a2d890c182c0d0bb9df2094954b6b6b1dedb544bba6fe7edc6976b48,5a5494f23dd4475cf64f3d5afcab9e80951f076c89c3b6c3be0a6f93cd49f126,17507032,2026-08-11T16:47:33.331422+00:00
MAFAULDA,horizontal-misalignment/2.0mm/39.1168.csv,b7eee3a0e84d8fbd1c91d736da10bf758800482fe45f6c6e9010262a55fde0bb,aa8520092601bcc62da787e47aabdc9c2f087e8a36b264c0d996627b0d845f1c,17433787,2026-08-11T16:47:33.382422+00:00
MAFAULDA,horizontal-misalignment/2.0mm/39.936.csv,acd54bbe82db7d70e1e492cc283754f0c9330d1359b5adc71b6bd76480048bd9,e3897d7d9a3f7380e0cf83d727f445239b365149212d7e3b3da65edca315c7bd,17502597,2026-08-11T16:47:33.431421+00:00
MAFAULDA,horizontal-misalignment/2.0mm/40.7552.csv,9c82440191789dad40e7d34829776c19df9c36ea04fbec9e52834053336d954c,1fd2bbc174b10dbd58093745756508ebd65240e2a4cf4c638bcfb8ba79e2673f,17393494,2026-08-11T16:47:33.478421+00:00
MAFAULDA,horizontal-misalignment/2.0mm/41.5744.csv,8a0a9933a8c6ea37dea9c13f186b9ececf0326aaa787b4ba0bce7df6c0c52a58,1e55a1f85c157fa367828413b9d6ef008ed3dfaa039ed2716a682fab5e7ec81c,17514914,2026-08-11T16:47:33.525421+00:00
MAFAULDA,horizontal-misalignment/2.0mm/42.5984.csv,6189141dd1bc2a8c48d086d01ae590ec0df3ee8756d29616345c169a74e9496d,b7e6a605373102cfc951119482eba66095be5fb388a49d836b439f1c7af219b9,17537382,2026-08-11T16:47:33.575420+00:00
MAFAULDA,horizontal-misalignment/2.0mm/43.008.csv,5d654a43e0854bac6af49b202c92fa385e334a5fe020c2d83bf863dc44c0f1b1,44ee6250f6ecdd7ad5afd1d6da832d0a1ac635a80c0435ff34eaebe72d376b49,17526979,2026-08-11T16:47:33.623420+00:00
MAFAULDA,horizontal-misalignment/2.0mm/44.032.csv,0d82374a35616af180207b228bfbffe230d4fcf90c4f956dbd653987b851f045,e80bf0f4f8f358bdc4c221cc3643d3c3f508f99feb97c6f7837056239791630e,17542572,2026-08-11T16:47:33.671420+00:00
MAFAULDA,horizontal-misalignment/2.0mm/45.056.csv,e9319748cb10d89b959d0e689cc5cb5b38e07f0bf23acee93e16fe66eb28d09c,af1375ee85ccfb3987ee62b2f10941f04022eca0d507d15df90475578df559f4,17557434,2026-08-11T16:47:33.719419+00:00
MAFAULDA,horizontal-misalignment/2.0mm/46.4896.csv,759cd0f853bbd9a7b061e71398288dc96b92cf5c8f11895be89fb99de821d1ba,d9afbdf55d5b1c9886149b009cc743fc3a8076429f471cf23534bf326005257c,17553003,2026-08-11T16:47:33.767419+00:00
MAFAULDA,horizontal-misalignment/2.0mm/47.5136.csv,955bbc831cc0b6ec4012006fea85379a4466854fd51664c5a77d4cc3ae7a4912,6505cb2a5e50835732a0d35b027b6bf684500e5c5c97043fff1b99a40ac5d694,17538486,2026-08-11T16:47:33.816419+00:00
MAFAULDA,horizontal-misalignment/2.0mm/48.128.csv,9e09286c2043d5a02e2b582ee2e19ef779ab0c9f175abc73b5e5e0bf87c7df97,cf922f97aa75e555a8992b2a3e3a11a44a27acd384574d91b9ed07a0cb6cf778,17478631,2026-08-11T16:47:33.865418+00:00
MAFAULDA,horizontal-misalignment/2.0mm/49.5616.csv,694fad0a194baae12ff1c36693984ca3cdeed51d56a577787932768018f48773,ccad88e71a7238b61662b67ae919dd9dbd7f931473aa7aa638a2d6233c241ec8,17523240,2026-08-11T16:47:33.918418+00:00
MAFAULDA,horizontal-misalignment/2.0mm/50.3808.csv,6c3d981f5f0a87eeb5443fdb7d027753b0455e20a0598c4dc490cd3f24777a46,fb18c3712245841d2899f479958b9b6f5ed3d956500d0c54ce332ae8cdb0aa7c,17534459,2026-08-11T16:47:33.968417+00:00
MAFAULDA,horizontal-misalignment/2.0mm/51.8144.csv,09e1f75c107d368d2d73a7b9b3682188dad2121baaeeb12415511717809ecb78,280da21e9647d9cac2acc69293b28da546e5df2d4d4b3ea186445b08ab9f5067,17548303,2026-08-11T16:47:34.017417+00:00
MAFAULDA,horizontal-misalignment/2.0mm/52.6336.csv,095e7e3c4949fb1df300d7a77de6bd979874a4d880bd29f7970896dc1edc4fc9,8b2fefe337609c0d4ca45b6628c146cd33585e7aee46e8c37f58a1154ea59fcd,17531787,2026-08-11T16:47:34.066417+00:00
MAFAULDA,horizontal-misalignment/2.0mm/53.6576.csv,8edd3f8076cb4db677672e8997984c4444bcd8ed9b5f0001852972336ed5849f,3229a2ae12b9e88ca086f7082e2fab474d060fbd5a9b7d266be7405337b72e71,17516813,2026-08-11T16:47:34.115417+00:00
MAFAULDA,horizontal-misalignment/2.0mm/54.4768.csv,1598f452fb7a9f3955e6d0c73ad9aa74896cb88785972b803be65ce697451ca1,dd3d2986881b777fcc538c5a920d4bf82b3f05e822bdef26ad8b1de612e839e9,17527024,2026-08-11T16:47:34.163416+00:00
MAFAULDA,horizontal-misalignment/2.0mm/55.9104.csv,a4b5cef76b4e4fcb52c6b5015b8e2fec0a6c0024b6aa910a26fb72c2b59de7c6,ad4f25038aa0bc8390b63868fe4f7e0e1ddef82ffbfc0e86f247c05e0d6225e7,17481480,2026-08-11T16:47:34.212416+00:00
MAFAULDA,horizontal-misalignment/2.0mm/56.32.csv,77b34b5c02cce013946b9063f4b5c78faf3300ea945ac3c6ef826414d1e2493e,b9144c321d2dc5f9d6c311575c1337b1496e22abf041b594649455e1e3bcadf1,17474090,2026-08-11T16:47:34.260415+00:00
MAFAULDA,horizontal-misalignment/2.0mm/57.344.csv,9c8b6f2397e81ca184896edf3956058c421fce788ad0570b909b99db9fc28c29,637ff9be83d9deb108dbc4efb803daaefd6f37059ebdd591767a0d1eb9ac5532,17450360,2026-08-11T16:47:34.309415+00:00
MAFAULDA,horizontal-misalignment/2.0mm/58.368.csv,8394de4d5944c5fb019ab9eb52a08f11ff8ad4e4f96be5c3bfe9fd51d683cba0,1e90b26b4588532ef6773e5191a5d8c047b8140e247e079d7610d3d8128d1a54,17398923,2026-08-11T16:47:34.359415+00:00
MAFAULDA,horizontal-misalignment/2.0mm/60.0064.csv,b7e614a79bbc8d3fb3d34c307ba13bb306cebbc54ce25cd6fbd7ccd14445515e,aee731e2c73cd7cc8fcccb0c1394223177d2a7d3f6bb24e2382b7991ab2636aa,17476244,2026-08-11T16:47:34.411414+00:00
MAFAULDA,horizontal-misalignment/2.0mm/60.8256.csv,2a04143cd6cb253acc59e4acbaa25563405eed7361825d77225a2dfb9d2ebe99,9fce98b1b1bc400abaae96dc88ba631a3b628e609b4d3d9bc54d1238acea322c,17298122,2026-08-11T16:47:34.461414+00:00
MAFAULDA,imbalance/10g/13.9264.csv,b413941b616ae5784ca772cb32b03d696d1a5c4becbdfdf6bb6f726a54226725,fc5872847ce63bd26e9f7e9050da356646243d8580a2f11a0637d626eb5e4643,17582498,2026-08-11T16:47:36.897396+00:00
MAFAULDA,imbalance/10g/14.5408.csv,293dc6bfd90757bf0a14d76965f5e5b00cc3db04fd6c4aaebb805b20203e99fe,27fabe11525bcbc83371cbb053a91d354518fe9f6604dea7aeea59d7cb30dbaa,17576048,2026-08-11T16:47:36.945396+00:00
MAFAULDA,imbalance/10g/15.7696.csv,bd1bbea59338a0b44ab86734bb6f63cda3a697023f947b06bc77aa9efc99cc7a,3b79a165fe12f61dff8ca07099146620cd022d71642136c286f349e97f04c54c,17555342,2026-08-11T16:47:36.993396+00:00
MAFAULDA,imbalance/10g/16.5888.csv,5f17106fc172fae7d88f75f944ca9f0f1edceab7d93fa0487886e1cb699c1de7,4f04362f6813b85c6716b9eeb6a365060ed65ad59adf9824f7fbfc72cb50c081,17577008,2026-08-11T16:47:37.040395+00:00
MAFAULDA,imbalance/10g/17.2032.csv,911d0860acca9c8d845b15ad5af74e986e603dcbb526d2cb7ffd84a3dffd930d,f76fff4dd96730106eecfa58afbf0acfb0f3948b5b06715f1df5a2591246a1f7,17417607,2026-08-11T16:47:37.089395+00:00
MAFAULDA,imbalance/10g/18.2272.csv,afb150729749e7088030097fe2c7b5106986a3649468149740f79a2a6aff8bf3,d03c934515b6ad86d1a1b8ff591d4526e57b14da258b9ffb17afc6c96ef6cb58,17532323,2026-08-11T16:47:37.136395+00:00
MAFAULDA,imbalance/10g/19.2512.csv,43424aec409026219e1ad2704c764f9367b9e86431f481adb31b0707b183cfd1,c0fa08840650d51e60a11bd9ec0c5c7613ae29aae07dadfc8b1d4e8c1cc11da2,17545273,2026-08-11T16:47:37.183394+00:00
MAFAULDA,imbalance/10g/20.48.csv,8c77d4a88beb6fbf8e589c5f70ca5ffd01019f87b81ad885508daa93e9862c78,ce4ddadea006cb20999cab7f8d4204bbfac301677057147cd391791437d8f4c0,17479110,2026-08-11T16:47:37.229394+00:00
MAFAULDA,imbalance/10g/21.7088.csv,6a7711443ef26754c9e7ff1a6d3c3c4fc615a45396a4f8e6417f1067ced3cf56,e0777f70d72cbea44b1a02cda5598f3ab825fa5537336432f4de4455d8aedfa7,17520223,2026-08-11T16:47:37.277394+00:00
MAFAULDA,imbalance/10g/22.1184.csv,320c64e2b9a94c324b3e9fbdea28ba3431d067159a92439aee56079824309b67,15ae5c6dd95fd0a312bc31f2602339737d7160f55868da30c0e3842d563c9601,17541105,2026-08-11T16:47:37.323393+00:00
MAFAULDA,imbalance/10g/22.9376.csv,822e454713d0b30f4931f6445bd509b681b68efdce8e5d2076d3d256cfb55e7c,4d84c0387adf1f549c7c47c8ec08a7070590a621e2d20c96098dafbbf0790400,17535007,2026-08-11T16:47:37.370393+00:00
MAFAULDA,imbalance/10g/24.7808.csv,4764ca50ec172128df8555377ae98bb37fe77f3fcdacab823a08ae2bd070a877,3078b673e9db40ca7f14772729ce1962f721b024f39c4a48e11bcd870e72d238,17591198,2026-08-11T16:47:37.419393+00:00
MAFAULDA,imbalance/10g/25.6.csv,127bad5b2f7e469637ee606003b283f72424f52ab31ae8833224091debd3d4f3,a92c7675b573dbfb96d46ace4117d73bf56634ce9051ed7f7ea8a3e042562eba,17575359,2026-08-11T16:47:37.467392+00:00
MAFAULDA,imbalance/10g/26.0096.csv,3bd5f976422324e608b3d3453cc2cd4d9e38c8fb4b097953689783c0004c5598,b76647e1e06c8ee98330dc339b3a091f340809b55c6d08b51c6cfd0e414107a5,17650449,2026-08-11T16:47:37.515392+00:00
MAFAULDA,imbalance/10g/27.648.csv,e880c6539d7c94e4f5d2f49b3b307f529047008e2c135d90dde3f979bec55cb6,2e2f3e99955aedd12e2f227a8254e84f7601e3594a38cf4945bd698786980dc5,17494997,2026-08-11T16:47:37.564392+00:00
MAFAULDA,imbalance/10g/28.672.csv,fb844d6cf2b5c1f78d17566328b61613e35e65895dee40bfcb4dad94c4f0756a,e1129f3b97f47f76f0123ab894086c6561f0a33eea409ba609f09acea952bb2f,17496305,2026-08-11T16:47:37.614391+00:00
MAFAULDA,imbalance/10g/29.4912.csv,c9c5d44f87c1ef9552102a60ec0b6a4e4f83e3a0d4b16f067544c380249f8b0b,1f261f114378db4a7644ac5713ab60d35fa86713603bf612579a9af9de93d4f8,17503110,2026-08-11T16:47:37.662391+00:00
MAFAULDA,imbalance/10g/30.3104.csv,d79218e126161d27b4ae13d7919d87ee8552a79d916be67ce046dccb3af89531,2b413b5240efea7136095ef4c2317e3c2df9cfb0833a7afb8ed6f5cd140c48ba,17392752,2026-08-11T16:47:37.709390+00:00
MAFAULDA,imbalance/10g/31.744.csv,d0a5ff1e3da0a58de0f9b47a4f17afce28fd5441ed1158e4f482baf9ce4a4e4a,9f76508e13e175307179523492109737604e40b44cac40ef85db6f12f32825c9,17592921,2026-08-11T16:47:37.756390+00:00
MAFAULDA,imbalance/10g/32.768.csv,2f0da512a946c4e5fc9df17dc1eb46d031f5d33a6607604d3469c2465b6d378c,4a056bb57cbd0f50ccab399f2a2209ecb9bb46493558ed97822e307a3b512b8c,17606670,2026-08-11T16:47:37.803390+00:00
MAFAULDA,imbalance/10g/33.5872.csv,83737804939ff21426a78d0ea695a2c577bf13677fa2c18a022159b3aebe2046,b1c3c50e43f30b946162b024084faccd768b1616bda79ac1e07093fcb4ba579b,17578627,2026-08-11T16:47:37.851389+00:00
MAFAULDA,imbalance/10g/34.4064.csv,4f1a1c41e8f4302de147915ab676f483fea27e0c792fbe3b9df265f5d5f68131,dd5bbecc82ab122385d8314623b32764347818a1081c2018cf48cd42ad0415ed,17562576,2026-08-11T16:47:37.901389+00:00
MAFAULDA,imbalance/10g/36.0448.csv,89f33e6c729237a57f93d1436829b481390a4a29014363e597dba457230cbc87,ecb0f024adcac4d8075a594482f402faad9267c464ade93edcc31c765bff150e,17617744,2026-08-11T16:47:37.950389+00:00
MAFAULDA,imbalance/10g/36.864.csv,9a816ffe45bba5f719e5c89ef4ed3776218991a5c5b594571cad01184cdc7539,e5c8669caa49aad91f7d61720d6a535c502f72187dbcbebf2c6ea46baf7aeedf,17567268,2026-08-11T16:47:37.999388+00:00
MAFAULDA,imbalance/10g/38.5024.csv,ec529100ff5189d4821ca4dc2f2b61e36966ee25cafde8ca918a707b895f04c9,4d69adb5dfe20f2af530991318cd74f9902f9db2fbe199c4d5f1b5e1dc990e60,17522750,2026-08-11T16:47:38.046388+00:00
MAFAULDA,imbalance/10g/39.1168.csv,d6e1debb69400a94cac223f220db33a6c25eac033ec5b0f95d93fe29b727fa4a,6a63936b7df99c44b5451af11b8b58bbf97629f6821a69104913582d334065d9,17488859,2026-08-11T16:47:38.093388+00:00
MAFAULDA,imbalance/10g/40.5504.csv,ff7b06128c6dd741e1466231d1b376cd90c73a841260e873e0be636eb05e8ca8,dbb9c244fecc0ad3d47687e5026f533813a068ebf19a9ad8cd7113b9841ca781,17354830,2026-08-11T16:47:38.140387+00:00
MAFAULDA,imbalance/10g/41.7792.csv,48dafad1c9d6ca4ccc57695bd2b7f2d3cf265d628184c430e4f4e5b1d659edc1,7407c54ea082147bce73ec1b9bc2e527c5919379fd28a1003dfb43a73111199c,17436264,2026-08-11T16:47:38.188387+00:00
MAFAULDA,imbalance/10g/42.1888.csv,822efe410572fca7df249b1c7de4060b1a526a02723c34a005109a8d5c7d5713,112bf34de578ad70a61d8ddf854e14373717ef331ad5ce4207fe4e4b4921152a,17461654,2026-08-11T16:47:38.237387+00:00
MAFAULDA,imbalance/10g/43.2128.csv,ded49a845c06c48f8e990eefbf83f153d7e2122aae854e89e7e86a124a4a2c81,26b9dea5b565c67cb6830fd273d9576d64a48dbca8511c284ae29634f6235c54,17455840,2026-08-11T16:47:38.284386+00:00
MAFAULDA,imbalance/10g/44.6464.csv,4572f720ca1e9fbec25f827104b09db64d963575b89f799a947389dcd32e187d,34974c5e93a4a54a26e2ab4a60f3bed6fe0ff2de5c6b54e31e1df5c3dafe7b4f,17451428,2026-08-11T16:47:38.333386+00:00
MAFAULDA,imbalance/10g/45.4656.csv,c2c766a72a0cdb165a5809139949af4dc6901a0124a6e12c2821d4ecca41ce3d,f8f2f39ba8ff6e62fd53d372797dda6cd73d5319fab31a627718bc6d4050443e,17439969,2026-08-11T16:47:38.380386+00:00
MAFAULDA,imbalance/10g/46.08.csv,c63621235a9f23e35dc4e370bc066ec56470e9b27955c442deaba30430b8d47e,270f13647e1a00cb5b47bca8c51edd233698e9e8326c8ca2757bcb22b6ba0f6c,17448661,2026-08-11T16:47:38.427385+00:00
MAFAULDA,imbalance/10g/47.5136.csv,9d693a54d226a2ce8940d23cb7632b977e641101e7a5608e9d4b7a019ee2c18b,998619c410e038ddf79c583fc0cd8fd88839a2d1367aaaf59b50548e03384d85,17408697,2026-08-11T16:47:38.475385+00:00
MAFAULDA,imbalance/10g/48.5376.csv,120e291339f0c223297ba0acefe936d55bd8cb63f4a8076563bf007195beaf35,f62c659ddbe731ad36d768bfa449467ce6ff310f83bad38658187766bccbc2a1,17432352,2026-08-11T16:47:38.523385+00:00
MAFAULDA,imbalance/10g/49.9712.csv,0ee0f128a7658764b69b124b3d64690b67780c5473e7bd83c07cbbfcd19b0f57,9327f15d0ed55f4dbf604f47a29e28e6f82f5f7ba279322a2dabb6dee5a802d6,17415758,2026-08-11T16:47:38.571384+00:00
MAFAULDA,imbalance/10g/50.5856.csv,0a2b956639a0abad853cc7fb30b3ce93373b923c64919ab4b3d224969c43c32e,571be6b73f9f38bf08e55e69ac6241192d1a4ba00e65c5047b2424d12853185e,17445303,2026-08-11T16:47:38.618384+00:00
MAFAULDA,imbalance/10g/51.4048.csv,0711cba535f80b1dedcea7aae977d4bb951ce722b369ff1df84039945a90fa5c,86c9d773bd1ad8f6eba1f245b0da20140526f31a9bdbb179c55b242b6a20ee99,17419072,2026-08-11T16:47:38.665384+00:00
MAFAULDA,imbalance/10g/52.6336.csv,e9548859c97f470d037b52e2cbb741fb930caf8069790b693c5aa99134b45e6e,943301049711fa0c36737e6be4c531239c6348273bf1cf69739286661084df30,17425666,2026-08-11T16:47:38.712383+00:00
MAFAULDA,imbalance/10g/53.8624.csv,ed541937f6bc4f25b0ca4df7eb2d3f850e2626a7fe1af2005806aec94a7afbf1,24b208260fcd099c8fe943fecda5e71e7f1408853a739bec03b4764aa103b00a,17353381,2026-08-11T16:47:38.761383+00:00
MAFAULDA,imbalance/10g/55.0912.csv,2d1d3693fd01ee41a8368f166c2bcfc486725d56fbef4a084cbf4dd5871be79b,731913dbd6bd5fef16126ece540418e0e52ac58f4b1078eea77c87dbbd39dacf,17331083,2026-08-11T16:47:38.809382+00:00
MAFAULDA,imbalance/10g/55.9104.csv,c50925c23ea512dd026c7d358be9caf81a9a24505b3451077f73e29d2e284d23,956a8ebd261719cb0e47ccc4cedc0f6650654cc1f125f42b06a3ae1e7d7d72c9,17349153,2026-08-11T16:47:38.857382+00:00
MAFAULDA,imbalance/10g/56.9344.csv,84fd944952a06ac8c7fb0daf9951cd058199c5e8d8411c5215843e4aa546090d,98e07cbb2ab428de953fd4653ee903c45f62ea248cd33ee37eb2773c01f56f69,17308688,2026-08-11T16:47:38.904382+00:00
MAFAULDA,imbalance/10g/57.9584.csv,697563f45a4f297d362609d37779e9b6633d34381acd0e01677a07eab8eec165,1f1f760136dd9631366be659d97bae94fffd1c041354f227fd9c9f970af86738,17299218,2026-08-11T16:47:38.952382+00:00
MAFAULDA,imbalance/10g/59.1872.csv,77a30d6c3f6a01300cfb01124f53401d50d0d6a7cb2e6cc06fde91a4bac44301,e577501f01cf1287b46cc8532949e6bdcfdbde1d304dfc1cab6193c8483d10de,17248344,2026-08-11T16:47:39.000381+00:00
MAFAULDA,imbalance/10g/60.0064.csv,f04601e8d3d8595ec3c85bcf86c8f01d26b3f93d83caea81d8c602e56d7b3739,8e701d718090a14843402cbc54f171a8e1437e63929770fae9b8d69293fbb79b,17193693,2026-08-11T16:47:39.048381+00:00
MAFAULDA,imbalance/10g/61.0304.csv,aa26b6594f83c851a06e4a8d05afe2a15a44bbbb4214e08d0acad521672bb16c,ad47381aae42cc89532d2e2a3ba9084b026b93f497091e5d6473077425e8ef85,17225083,2026-08-11T16:47:39.097380+00:00
MAFAULDA,imbalance/10g/61.8496.csv,2527f740c8f706f8c8934f5db5314c16ae78797919a5bd29f132fef45899b8e3,290a6f427f0347ba234e9a5c5e8afa622977b0c7503466f27ae37241e7c5e57e,17290606,2026-08-11T16:47:39.145380+00:00
MAFAULDA,imbalance/15g/13.312.csv,27c7e13e809a76f4ee8f52f809930baf8c80d4ac2657b7f857678f6799a44aa9,5ac725543f8fbec91e109cd43b784ac578f14111b357521e7d9289650c59835a,17594933,2026-08-11T16:47:39.194380+00:00
MAFAULDA,imbalance/15g/14.5408.csv,d8180057fb1651aa9dd7f69454ccd66c3a3dc29be5d2fdfaae9376242cb75b53,3209dadb22dae7de5c5a875ebf4002f3255053be66d564d984a261cc5d8cb8f0,17590898,2026-08-11T16:47:39.244380+00:00
MAFAULDA,imbalance/15g/15.5648.csv,b0f27b4e7f00bfa3fc80fb4818c639aa0f44d0f3b24ee1d848379a495a8f8208,5f48a2aa3e8d635b25582a8d8e2e482db839a91c27065c3c1c62c394670121df,17659803,2026-08-11T16:47:39.294379+00:00
MAFAULDA,imbalance/15g/16.9984.csv,ab489b4d12183bc0761dc69245340d4d973c554381d62da99e9385381184e203,b53c647f64cf466994e7acbfbe9fdfeddc751f213845f076782ed9464a511de5,17457084,2026-08-11T16:47:39.347379+00:00
MAFAULDA,imbalance/15g/17.8176.csv,f688f92ddcc957fb0c562e15fff3a4e821a5f20cc7cf4fc7223661dc71977405,456586034bb379c28ae55de09253176f683d601039efba532b17407a2740de2b,17535184,2026-08-11T16:47:39.397378+00:00
MAFAULDA,imbalance/15g/18.6368.csv,3970f8046005578d55c7a68bfa0f363ba005999016ae10c9a0f4e54fe9db642c,3f119f32a28a53d11457c0a0a291813f8ceea1fa558ae64345382fb73f06e5a4,17526023,2026-08-11T16:47:39.447378+00:00
MAFAULDA,imbalance/15g/19.6608.csv,5cd2e705fe07431105f26028938fae1b748942292b364b3fecb56847166355a5,5b7ffda5bbafe03918a319b5bf252199edbbbf8039c80e47b6671137546bb940,17421413,2026-08-11T16:47:39.496378+00:00
MAFAULDA,imbalance/15g/20.8896.csv,d0a626386c38cd7db53d51883defdf25a096b97364e9ace008ad7b20a4d8c4e9,93a7b68637e16dc988158e164b22248404990e095ebb4788b18da17a784d06fb,17469454,2026-08-11T16:47:39.545377+00:00
MAFAULDA,imbalance/15g/21.0944.csv,9f2c1065c7f7eba0c675d9ba3125ea2c86d23c828198c71029d074f51df26021,b25e49ad6309df404bf3dda58be7620094ffe56ba50113e11b1c68607e283b94,17532766,2026-08-11T16:47:39.595377+00:00
MAFAULDA,imbalance/15g/22.3232.csv,dbdf7c99fceb1bcd3470204265a1251f7e2d89f0574833fab953d5785c7d1b29,10a9919c1ac01c76b067d35a7c98804b50fd8b8cdc0618bbd670c52bb01c984d,17531982,2026-08-11T16:47:39.645376+00:00
MAFAULDA,imbalance/15g/23.3472.csv,3fe393f7179316473025f7d64ef58e91b4293c61f2ba23cbcd4a296a1c16a868,f6d63fcd3e8e52b875b271ea3bda4854968c25384550087e8a83c78983af4f63,17534417,2026-08-11T16:47:39.695376+00:00
MAFAULDA,imbalance/15g/24.576.csv,b3da8873a324851978744b1a97d4ce5c17959f0892c411f137d9a0ee5c5bab59,65ea92e2321c9bed5ee3a0836ed7c056bab277fdf18926983d8641fa4758b930,17575999,2026-08-11T16:47:39.744376+00:00
MAFAULDA,imbalance/15g/25.8048.csv,1347f4b59bb0ebba177d04f9ba5b204ac623dd093aff636ef1d87a3956528a62,26f24a391a8ecf3d5dcfc1586b68033acd178e7fd7fc1fe6c9c938fe991709a8,17604581,2026-08-11T16:47:39.794375+00:00
MAFAULDA,imbalance/15g/26.624.csv,bbeda91720053d8da50954bdc248b01be9ad6694b152fd8b4a5f9f31f6e347b4,852338bdd6f398679293acb5b92357b76db4616167ffa3e068d8ebba39de2510,17555327,2026-08-11T16:47:39.844375+00:00
MAFAULDA,imbalance/15g/27.8528.csv,ebf2b6f24f00e3d07b5a08c3a5ad7ac8844686587705895977d71f81e06d4a42,041253a3bb18bcfa2843db30ad5cc8b477962aaf6853d9cf69b00f55adab9419,17496166,2026-08-11T16:47:39.894375+00:00
MAFAULDA,imbalance/15g/28.672.csv,60d6f61ae58c368702efec9b4e695d4fe96b568e03f55d3c98f13f25a79458e0,376e10b72d442490bc32cc605658186a289486d7c2c6f7f68929346d6831cd6d,17500558,2026-08-11T16:47:39.944374+00:00
MAFAULDA,imbalance/15g/29.696.csv,a63b2d3d575b90605bdf0a89f2a3e379ea96688e49a72d57857201ba6c8c04c3,8305c81bd204ae88bc77a66a96516f208891db465b5fcad8255592f171ee4ee7,17330356,2026-08-11T16:47:39.994374+00:00
MAFAULDA,imbalance/15g/30.9248.csv,3bb7d8c699f19ff2772e3bc05539fa5b893479ddcd31f7bdb21775a252609e1d,13cb529645d40eb9b5427bf26198a44001952e8c9710682aa8db48df2bb0124e,17487568,2026-08-11T16:47:40.043374+00:00
MAFAULDA,imbalance/15g/31.744.csv,3a4282f0242efadff4d3b59b470b175ce7e9e5d3fe0a2cd1d731560c8616a35e,ed6f085e1961ae29e65407f2d9458997d1cac61c2b4a4c72cf37426ce7f92a6f,17551612,2026-08-11T16:47:40.093373+00:00
MAFAULDA,imbalance/15g/33.5872.csv,4bb2aad963f6e24061b4f1f1a36bfe26c19b5cc7f03e6a10e63ab7d60f949eba,aac6d22d85a1c158c11bb2f2a1f7853a8a07744f3a6de536ed3811d1d14c9adf,17592540,2026-08-11T16:47:40.143373+00:00
MAFAULDA,imbalance/15g/34.816.csv,11c023652eeeddc4800e259a8cab90e2d960bc89f85d78c7d02a3f32d75be5be,89d6768ddb9a93e626b73d3ed72a5179eea438c867ef511b2f0a0d397c53937c,17524277,2026-08-11T16:47:40.193372+00:00
MAFAULDA,imbalance/15g/36.0448.csv,185a7a902c68f61f20e2755d898d314c441e7af1ad59fded301a08e2777ab48c,c96cdd475d0e3c25bf1dfe238e6500d711fa6c3ebd5027f593254cd82e3bb1bb,17536642,2026-08-11T16:47:40.242372+00:00
MAFAULDA,imbalance/15g/37.0688.csv,24eb8fad23c0e0e4c2d36622612a377e0b72774db7a63701605cdaaf5e0b9eb2,9ab144103af5e6147c078b1d8078a7a58c4c04189ee3e95fc7abed04fb269935,17523884,2026-08-11T16:47:40.292372+00:00
MAFAULDA,imbalance/15g/37.4784.csv,e0c978ae383c77df12d32f7e7205e3436701636cfb08a1a1f4a1adf53249553b,70a83884716583a00ba228cc8a4902291c427a4c51ffa3e77bfc6e48fcb11da5,17533059,2026-08-11T16:47:40.342371+00:00
MAFAULDA,imbalance/15g/38.5024.csv,f5db4c24854137e693c63bda7ce9de1ed50a77e9a608ce70113a1ac60e63f523,f2acf625543b5713a1668fc3bbb41c8ecf246d753806267e44c54a38867156b6,17409980,2026-08-11T16:47:40.391371+00:00
MAFAULDA,imbalance/15g/39.3216.csv,33ca909acd1f0511b72a10307718def9d0f0c44799a7e00789e94118f2d6d069,16b545f80f11191124860f107acc63247f50c2084d4b91ccd17a3b4b4dd98c1c,17285175,2026-08-11T16:47:40.441371+00:00
MAFAULDA,imbalance/15g/40.1408.csv,5dd4b74e659c8e8aa17bc9bcc66104c7a4750d1bb0b24c6cf69c263493724f25,4d598a29d756713f43e77552a03d61cf80b4200931a562065c46f55235c2efc3,17153954,2026-08-11T16:47:40.491370+00:00
MAFAULDA,imbalance/15g/41.7792.csv,3fd2eb36491d93dfae37c34b94dae75a407952f51c366fe73360fcee3045a253,c869db6860d4f011844b327e4680f3031978a89aab2ab272dfd175f198aaac50,17269494,2026-08-11T16:47:40.541370+00:00
MAFAULDA,imbalance/15g/42.3936.csv,aa226ac58c359f0e6c2c9f7bc536faf2adae220b259e7b04434562c362ac6f2e,843ca470038a38d05d58c2bfb8a033a0b887eab079e0b9aaa35cbc5d953729df,17311345,2026-08-11T16:47:40.591370+00:00
MAFAULDA,imbalance/15g/43.6224.csv,119a3c141a5336004a321e5c08ea31f66a831d63c0d4fe4686e214351ee7205a,9cbff7b324843270a0f9518915a696ee721928fd0833ff1a021bcf5e6c3d4fed,17320646,2026-08-11T16:47:40.641369+00:00
MAFAULDA,imbalance/15g/44.4416.csv,f721fa224d32e2c846933fb84e2a8533639960a8b35e66d97ef08a5c212e3865,52bb64a9529f8c6deff26a693d93127ae61111fc53b2a184a1da887e3e881f2d,17325797,2026-08-11T16:47:40.691369+00:00
MAFAULDA,imbalance/15g/45.8752.csv,cb8d19e8657e281a0c9ac493aaa03c4b7f969909d575e3e6b51a3cf4f5c7e803,f22c10b0e4e6c5f2a9f09b0f4b7536fa50b12b0da6f5e52bf067d5f3011a65a6,17348421,2026-08-11T16:47:40.740369+00:00
MAFAULDA,imbalance/15g/46.4896.csv,f1957b8317bb8f4b6715329d89e0b3f083b149afd2e7993352bfc9e861926157,faa3bf5d554fbcf215064508f2ed06145d67219385b72f8c16e0bb3f373397da,17352693,2026-08-11T16:47:40.790368+00:00
MAFAULDA,imbalance/15g/47.5136.csv,fd0a63e98a247abac658975b2afd19ae02b4d62cdeb60d6e37178f610a0418a1,ae3475d528df536477f789c5827aa96de44880e0a8e306a9bd191b7cc32bc1c0,17347145,2026-08-11T16:47:40.840368+00:00
MAFAULDA,imbalance/15g/48.5376.csv,f1a75fb3e9acc2cf746e4960c3bf1036745b78eadadc8efccf700a120307b443,2caea74c2d91c0f2b2cbd1495dc236f328a187365f723966e35c33b2c4642386,17348459,2026-08-11T16:47:40.890368+00:00
MAFAULDA,imbalance/15g/49.5616.csv,dd832d3816b2f7454ef407a1aacd4c920fc3909a90e6c0e10b8bd598a14d3221,15248f83d087ef6f609d0b7e0b3f7c7bd6c96fb6c1d6f6a63f3a5009d6273c61,17357750,2026-08-11T16:47:40.940367+00:00
MAFAULDA,imbalance/15g/50.7904.csv,2e657873931ed63469b2f82ac3e2140ffaa7486458961624d2a144e4431e8526,524276d803e80855599675ab94360b4782b958049f6e58218bb2c5d018c0da7c,17353090,2026-08-11T16:47:40.990367+00:00
MAFAULDA,imbalance/15g/51.4048.csv,d55b806bcd7734903609cb0aa46f63e26e617a061ea4b0f67a91c958ba1ef83c,61efa817fddb721c96046ae9afd5c797028d15e186c2607ac0056b73dda6729c,17315635,2026-08-11T16:47:41.043366+00:00
MAFAULDA,imbalance/15g/52.6336.csv,7840616ac34c914395d2dd34176ba4905337def7f3cde62a26cb065798ea5c94,342b7d513d363ae956cdb896903fb6cd8e4766ed2f58506cb2a72159a26cc8e3,17341554,2026-08-11T16:47:41.093366+00:00
MAFAULDA,imbalance/15g/53.8624.csv,656a0b1e93a18e378889a9505a1d0ab5d5e8fc35563ef73017a12662d85b9e6a,f8d5c62d24dfa7bc159a340a95feef9ea8eb3e08270cde5bf799d93782edf691,17307666,2026-08-11T16:47:41.143366+00:00
MAFAULDA,imbalance/15g/54.6816.csv,96226f178eef830607568df4509252f083df0d44c68d8f8196ee108576f8cb2a,abcae4b38236a4d305f5bd20f1fae137ef59dd60ad9c0d0d23b4d3e95b377059,17261607,2026-08-11T16:47:41.193365+00:00
MAFAULDA,imbalance/15g/55.7056.csv,624e1c384ede591909f3743d01b36a86b0f3949c4e0cdcf1e3149798b0305d1e,ca31ab9f519e1032a5dd9adea99bef82706056300c8f728b05fe8d726efad785,17211617,2026-08-11T16:47:41.243365+00:00
MAFAULDA,imbalance/15g/56.9344.csv,b4f81531608053378da444047f7064e7cf168de5850e7a5b64e4032d7dfe5cba,12c1ad5aa92dae8b0f34499ba6eccbea8e99a079052ef5324bba4efde9acc1a3,17223649,2026-08-11T16:47:41.292365+00:00
MAFAULDA,imbalance/15g/58.1632.csv,281fc3b78f4b2fa03e936079173c28df3203de6d40ef73b33a8ecdff466623a9,81adfbcbfdb78de022494e9a5abbe2a55db57e4efb419ee6cf09c6487ec7e42e,17252736,2026-08-11T16:47:41.342364+00:00
MAFAULDA,imbalance/15g/58.5728.csv,118b78834237ddbcf5f2c2fae18e31a599a69f7838ff6f98e2df541eca1e421b,50401f13f9fba48276f8016716043c36a4246cadc978287d2e4029ed4a3dcc0c,17231363,2026-08-11T16:47:41.393364+00:00
MAFAULDA,imbalance/15g/59.392.csv,8046ee649e26758e709d27a9b042a28425449ad3177a8fad9e7be748918a52f8,c1566aad1c01291f396a3f0fb74c1adeea23f0af9549de2c1e7d6dfe635174f4,17133782,2026-08-11T16:47:41.443363+00:00
MAFAULDA,imbalance/15g/60.2112.csv,32e18709b8c44af515950ba3b91184e8210ee024ed7bd96a58e16278cffeabbe,fc76091fa0a5760b11515e8de94217d9ddaaba547592d9f07042b3fdc1d8ac79,17095607,2026-08-11T16:47:41.493363+00:00
MAFAULDA,imbalance/15g/61.44.csv,ab7c8bc9a77bcdf8b5593723e5a5d0109c6c676bb95c64800c6aa44131d544bb,3e11e34aed55f4ff9e947010a138319ddf5843d0815501b438846597027d1a42,17192080,2026-08-11T16:47:41.543363+00:00
MAFAULDA,imbalance/20g/13.312.csv,549e019f7fb27ce96879a26ba343264f77c9c9f6e3f696aa9c50cba89cf19ac9,f419f5cf2b034fc5c317426641978612be736e5f18cb84150182311b3dee2895,17527230,2026-08-11T16:47:41.594362+00:00
MAFAULDA,imbalance/20g/14.336.csv,6b715bddaa846cda7cce74e818ecea42d1c9b7c656092a00d906532f594751f3,e9b7dd2ef6c79186ab3165d30405f411df0944e597db3fffb2094bddee3e4c15,17615027,2026-08-11T16:47:41.644362+00:00
MAFAULDA,imbalance/20g/14.9504.csv,21d03e6b439bd345470bb0f8035a7986878834d18e028419195b09b764b7cf5d,4c53c61124a17cba067befc4ac617d9cc9ba0a759db16352d9aea1f5680745a6,17451807,2026-08-11T16:47:41.694362+00:00
MAFAULDA,imbalance/20g/16.1792.csv,414ed211d5e09fdb5caf771a2fa0e8a7337984d3e0d3c8298ba17ba7221861b4,d4f8a6aea03a7320d3457a8c551e93792cc8f822bae70e064f6a55aa2142dfbb,17602226,2026-08-11T16:47:41.743361+00:00
MAFAULDA,imbalance/20g/17.408.csv,a518bbd355e7738bf249b21fd2c8050db37252c9cce01bd994db0d61329c0ad2,d18d2c3714f5628b2d796ed28deaa900bd9615c8333a601e429a627d8c3e5dae,17445348,2026-08-11T16:47:41.793361+00:00
MAFAULDA,imbalance/20g/18.2272.csv,e64e06d11d0d68278feac40b4315fba3b0727b6649e72608fae4bdf41a3acd6d,2e2a25c40bb76408be06d483aa3193be0c083aac3a30a5679912e2057d577587,17538593,2026-08-11T16:47:41.843361+00:00
MAFAULDA,imbalance/20g/19.456.csv,4139008cd82e986d1aedaafa2c411e1a3b70e56ccb87dfdfeedfc3083ed411df,7f68c5bf7e29c892d8739e24419d471920ac6fcf08176913492fb3a0170f4d88,17437483,2026-08-11T16:47:41.892360+00:00
MAFAULDA,imbalance/20g/20.6848.csv,957e0518f11c90a367d3c1f647e46aaa35a6014e9b9b80e77b9dbd2cc7a802d3,07d54dbdf8f316071bbd46065c0dab67bc74a21df573799c3e26679567d93708,17453945,2026-08-11T16:47:41.942360+00:00
MAFAULDA,imbalance/20g/21.504.csv,062eb8c29ef3f39cdf2b228f887b993772241fbc2c6bbc3129b532d7efcbf2f5,dd6a85cf9302af2f03283f73f62868bdb237a683d5c1fcb4091418220c712fb1,17532859,2026-08-11T16:47:41.991359+00:00
MAFAULDA,imbalance/20g/22.7328.csv,2e67b97d2a4e932f2e369dd2f55cb51931875f12a1d389de3769decc475313f3,c3ba34d466a5e872f5f4b4269895b266216086f4dce1b01a63854c8b05d940d3,17497801,2026-08-11T16:47:42.041359+00:00
MAFAULDA,imbalance/20g/23.552.csv,d507e0f0131e31145a5005f48c1ee211016a6a8fc80c1614b38f96b39846bcd3,90e758665994cbe9337c8f657be652e28de1731ae5cdcf08bfcbce1a0bfe1086,17473881,2026-08-11T16:47:42.090359+00:00
MAFAULDA,imbalance/20g/24.7808.csv,30d9d65db76f683599dfb6a6ef87ea36294b26b43ec444a2a25978cf1cc39bf2,690b78e9f2d976c9aab8ce3dec030a2d7db0c90463bd602b310d7d6320be8376,17490320,2026-08-11T16:47:42.140358+00:00
MAFAULDA,imbalance/20g/25.6.csv,559d01392983937a225fe471e288e443a1d0b2d856ba4855eeab85b6743f312b,e17d3617cc669580f987352a2d1d23e3d888b9426b16f12b318073c1ecd4e923,17588239,2026-08-11T16:47:42.190358+00:00
MAFAULDA,imbalance/20g/26.4192.csv,d2067a5103e9db3a3ada90aead25e9434706e42d2b2b5b47aaffb83b4e07486e,14ccd68ac1ef8dc645953969ec3bdbf832428ca529464ca1cb013ece5ed306a1,17488810,2026-08-11T16:47:42.243358+00:00
MAFAULDA,imbalance/20g/27.4432.csv,f66d4a0dc86087aa5ce07ff825483f3ad990588c484721a78ec961b0b230f1f7,04661139d60603edacacf01c73cfc409a7aeea3b378138bc38042508f36bde39,17475615,2026-08-11T16:47:42.293357+00:00
MAFAULDA,imbalance/20g/28.4672.csv,015d46f9794516d3522b40a574296c433e0212bab93e72c5f238405cec62a719,3d7b65b69e18c123f9a90dfe154e6adffa3752c6420cf558913e9ada55af8007,17491959,2026-08-11T16:47:42.343357+00:00
MAFAULDA,imbalance/20g/29.4912.csv,2f2f2dd024106096241609ba0e2b7c96b60179f538653ba5206495a3a2ef8e45,b97ca3c6cd55dfd051647986b30af12520421bff39a3102b0a6ed5b99cd16cd2,17366352,2026-08-11T16:47:42.393357+00:00
MAFAULDA,imbalance/20g/30.5152.csv,6bebad8efa6f3f73761586e533f28b301c2749fc691cb87ee48ba21270dc50c2,659953fc53a9653c10e11598ead09e301f20bcbfc7b9716a22b0a7f3b45b14cd,17368147,2026-08-11T16:47:42.443356+00:00
MAFAULDA,imbalance/20g/31.5392.csv,40adf75bde95247839e2b4bf0849d4c6b28de040cb508d90c27ef75a1cb81b0b,9cffaf940f8314bac220ac3fba03521c97e97f9068ffb0403a12e64453bc6496,17503292,2026-08-11T16:47:42.493356+00:00
MAFAULDA,imbalance/20g/32.5632.csv,4a3bb1f7e8014d4e194aaed5ede47d26b52548ede202ef7e9f3a47f45ee189f1,db75a5512d30d63272ce0a4ec8d0eb3d4192a83bca9b43241fce563103be152d,17516381,2026-08-11T16:47:42.543355+00:00
MAFAULDA,imbalance/20g/33.5872.csv,0aa9b6a7e9f7dcfb94947fb0ecb08857d951f9cb02f3c7849ea0ca270fd20e13,da6a5253c61a8ae0b98cc9d9e7f44ae6cac9ad8d22b57bc0acc74b4d33989089,17555791,2026-08-11T16:47:42.593355+00:00
MAFAULDA,imbalance/20g/34.6112.csv,1aaa1ecfec7445026ea03b4e17df1174790d6cb16fc1f7be88daa299c3ba24cb,090a4d467e007215b7620f3e78bc7dfaa75b63c658acc7ade938c688439f5bb0,17535898,2026-08-11T16:47:42.643355+00:00
MAFAULDA,imbalance/20g/36.0448.csv,e47f62faf0f6f3b71b2c422bed9fb9aebde4d7551fafc3a00662f003cc17e32c,c7df3d9c297d19a25e6fe1c8fb8caf9fd8b452f4fa155f9bd3467eaa71500f22,17498346,2026-08-11T16:47:42.693355+00:00
MAFAULDA,imbalance/20g/36.4544.csv,ee6495c06275a0447eedf2bc71dab8f8e9f10b58f178d613949201d32f5f91be,8745e50bda7759a4d6cc086a4becbd91d162ed1e8f9e09e60ffde246f5895873,17460122,2026-08-11T16:47:42.744354+00:00
MAFAULDA,imbalance/20g/37.888.csv,96f2523d3d5e8a6e2e394ea5f3a368f896dc97453231e0f62bc05691fa238ba5,d7813a4c472e6e762be4c911d80e4cdbefaa80fc5c5b996461efbdab0a63230f,17312879,2026-08-11T16:47:42.794354+00:00
MAFAULDA,imbalance/20g/38.7072.csv,d97159e9862c75b04f1688519a12828253e8671682456d5248845176a70d7e57,05e0d91e0cafd271516fe0bfed3190fc8d17bef53a5ed1d44616e339c1b2227d,17225260,2026-08-11T16:47:42.847353+00:00
MAFAULDA,imbalance/20g/39.936.csv,c4b8be6773ecf9f3b6b8733eae744b3fb697ec9f7dba96198714baa68d889717,bedbbb2e0b6791f8e4d69419b42845ccfd0fe8c72019a519336e99376722a079,17272512,2026-08-11T16:47:42.897353+00:00
MAFAULDA,imbalance/20g/40.7552.csv,e6f60509cb7a932f8dc492e4310b35afed8596ef3865f1342fac847d4b7992ce,f3d9fa8a2719282ca7b75d4edb7eb19500e0016f16dc6bd3b3b1affa699a64e0,17220743,2026-08-11T16:47:42.947353+00:00
MAFAULDA,imbalance/20g/41.5744.csv,c574d2771065c78f010394ccdf77fd2817a46557f63ced7a65a7f8dca2ce8d05,f1d8ac00bb5bb266f5aec510b48e91762db4c4b1094dce0f082b10869ec65fc7,17274981,2026-08-11T16:47:42.997352+00:00
MAFAULDA,imbalance/20g/42.3936.csv,05c934ed880f25fc6837733e037daeda4d33374ce9d5bf800dbe5fce9c564d42,a32d5b3facf5e913b262e7afe074be535b6fff86f1c751b4cfe8ae683306c487,17285890,2026-08-11T16:47:43.047352+00:00
MAFAULDA,imbalance/20g/43.6224.csv,af3e6f07d490ebc0f6a95b795482e0313d1f17e682f6acaf9bfb7b2d9fe3f9de,541f062178b6f8870e27948eac7e0bbf9f64667890885b9967b09c20f22dd720,17287379,2026-08-11T16:47:43.097352+00:00
MAFAULDA,imbalance/20g/44.4416.csv,c9e02770cd884bef05581ce09442db0cf4d13f0af08d02aff4b7fced2d680cdc,da3195c271ce0238ecc5d50e9c0f9a5479426e39b21a4d8e3ee1891508cb2c47,17305849,2026-08-11T16:47:43.147351+00:00
MAFAULDA,imbalance/20g/45.4656.csv,1173e5f6a65df0fbf143401eaebe2843229323c7c95070e5c3bac27ac94f815a,6c71c9163cfe4a1d08d1cf62e68ef8cd01cd4cab594394e34ebfe51b48e12b87,17304655,2026-08-11T16:47:43.197351+00:00
MAFAULDA,imbalance/20g/46.4896.csv,ea2739a122da72e8802d546b12026716cd0c142f8dd213057df26b686981dee8,091800cc2ac91061bfb8318ba8b7d8897575d8fe770de14b552d22409fa63a09,17309331,2026-08-11T16:47:43.247350+00:00
MAFAULDA,imbalance/20g/47.3088.csv,b979b98ac923dab2a6b0ccc67a325eaa85765cd95fd7b735c0e19ecf03632490,a413b76ae6055343047b2d0e05160f3bd34bee01235eff5881b480494dd64d86,17320995,2026-08-11T16:47:43.297350+00:00
MAFAULDA,imbalance/20g/48.3328.csv,a2b0627cbc92198588efb2de84fa40e60dd9d93da86306b5e04f503452c74b92,1bf84f7c92c6d335bd6c09b9b734bb00c2fd4d9ffc6e13b869964f4a3b43415f,17308971,2026-08-11T16:47:43.347350+00:00
MAFAULDA,imbalance/20g/49.7664.csv,eb1799c121721fa03380b9bafc53bd3961dee6df32c055b5d5db49b06800bdcf,a8e14f2c529099cde8408c785b22922b07c5a57f775c9c6e7222a2dc5ea12864,17313989,2026-08-11T16:47:43.397349+00:00
MAFAULDA,imbalance/20g/50.7904.csv,f8af63ca5d8dc66d5430be11c732087be1f6dc015ddbc72fc71e2a9dcc292376,26d5002d23590664ff033eaab82c3ef6aa6aca96574486d228e29cba6128e0b7,17288673,2026-08-11T16:47:43.447349+00:00
MAFAULDA,imbalance/20g/51.6096.csv,d3eb11d352fa172d8eefb0ed313f419c8421f5eb26ecf1e5a7f849745cb7f6a2,3bc692dc2c7ccf2a6c9b43fced4d2f1c091a08824bfdae0b57522b57ca7922ec,17294224,2026-08-11T16:47:43.497349+00:00
MAFAULDA,imbalance/20g/52.224.csv,cfe7d2ed16907c2f783a0a86b219650a19e856dc51d0fd0f547dd406e5fde3ea,8cb8cd42675d0abff121c86b3838c00ed9c9401ffb71715e8d5fec81ae6dd202,17297286,2026-08-11T16:47:43.548348+00:00
MAFAULDA,imbalance/20g/53.6576.csv,1d3ff8a8c265f594bc3129ef90c1dd5ba5d532080b68f1052019d979e5e24b05,474b9127850bc0eaa1eeafa8e02ae1f5c3d7b7065f14d6c80c56243719253f09,17222517,2026-08-11T16:47:43.598348+00:00
MAFAULDA,imbalance/20g/54.8864.csv,f50e534f219e5afd550e58b6a58e7cd80bffc5b4a38fb364f220af48bb271a0c,ac2412de0c56f47405880e3de67ae2d4c5c38a995c5c89957b563e71e4bd5493,17171334,2026-08-11T16:47:43.648348+00:00
MAFAULDA,imbalance/20g/55.0912.csv,b5faf05ef1d0eceaf752c89c559ebae1abe2b304cf5cb869c292094eb493cc4c,6a5a4f919cbb6b894d35a46f7ce079adb097162e4ca07a4ff59507a7f2bfef95,17171696,2026-08-11T16:47:43.698347+00:00
MAFAULDA,imbalance/20g/56.7296.csv,06600ca5df306e9fda76f03214ac0ab4221e28fd0557525c5040111f9201f857,74f7e3a1b28ff75fc55cb25b85547ade3c168ae7699c5bc98b2f2373c58043c9,17111611,2026-08-11T16:47:43.748347+00:00
MAFAULDA,imbalance/20g/57.5488.csv,3e7b268c3e0ab341d596c30a6d0357a5030034760c3df7f2f2a41edabc734f34,71a317901f2e69b38201739d1b35a38f7ae2d660a8b66371d1add6e85a6d4de4,17124109,2026-08-11T16:47:43.798347+00:00
MAFAULDA,imbalance/20g/58.5728.csv,1bd145dc6b439edf253daa7019ed635839840ee56b5d00bde2e17935a54551c4,e59c06d469d57e25d05d349c4863d32d6d033914a451c5540133cbe44af456cb,17105075,2026-08-11T16:47:43.848346+00:00
MAFAULDA,imbalance/20g/59.5968.csv,cdf7a4e2f89e6a66b5ea55d432f9d48f9c06b84359e1743b0eff281009635942,020f7f4db605d3a9e0fcdce55f82975ea2801a87402788fa695da6d5b6cfddd5,17028075,2026-08-11T16:47:43.899346+00:00
MAFAULDA,imbalance/20g/61.0304.csv,dd0b5b00c7f120600ab87168d0127f689690122c850705d088ceafaa28252315,173c3a04eb8e86045ab0265a5a4418fa4a73bd17ee286cd31bbdbda7fffcbaa8,17071568,2026-08-11T16:47:43.950346+00:00
MAFAULDA,imbalance/20g/61.2352.csv,10a67ae9f2d22e800e2753ac84479891f282a7bd4660e310a4aec5781c40551b,a8995608cf426adbd0e2aff1413bb79514ceb2fc210569a75d6fefbf17869126,17102073,2026-08-11T16:47:44.002345+00:00
MAFAULDA,imbalance/25g/12.288.csv,2f4ca85c461bd3ebffdfb341eb43bbe2fd75ccaf6a8243635eeb0d4ac35cebac,bbfa09a59976d41533378645dacc8289fb9c9e2e283d81fe392da9379bbf0b9a,17218919,2026-08-11T16:47:44.053345+00:00
MAFAULDA,imbalance/25g/13.7216.csv,9ab0b84d4727d7fe9c2a72803b2112b53ceb332f530cda6b8738a50a71bad042,4ad0ad22fa86893e50c077828ddb7bc68aa1590e3845c3bd6150a0769be2954f,17574454,2026-08-11T16:47:44.103344+00:00
MAFAULDA,imbalance/25g/15.1552.csv,1f6a08d7ed20ae925030bd519235ba3d1f714a5f5926f7633f62b53ecab228dc,971645eb9363149808f7a27a97f890d2e42405dd8d80e29f16746ad40cfd8af2,17533653,2026-08-11T16:47:44.154344+00:00
MAFAULDA,imbalance/25g/15.7696.csv,591c9a982a2f74e081c4fe9bcb1325f82f3880644c4973b25eb24cb51b1b8d9a,679f9ae8b90ab5d0e918f3f011faeeb1c69374b787cabe41af23d89663d065d2,17590587,2026-08-11T16:47:44.204344+00:00
MAFAULDA,imbalance/25g/16.9984.csv,f410875561e83967630ce3152cfa080c3eecde7662b33f135732a031a486ff06,ec361b40dd06de5b174b8896bf1c7bcef8967dea3983d631b31888ee556e1b19,17405936,2026-08-11T16:47:44.254343+00:00
MAFAULDA,imbalance/25g/17.6128.csv,31d93b842206452f1b179a91f23c950029b71f492b76d2a9d8d113dcd4b9f1da,28f63628da4aea5ca3c695d66be66562a05858c5a58ab106af91ae3a8eb551c1,17435009,2026-08-11T16:47:44.303343+00:00
MAFAULDA,imbalance/25g/18.432.csv,c97507d1a767f4fb6ef6fdd979d7e1de67bbebeebc9f8dee9688e3610b8e23ad,a86221c35274d03efddcbc86418821906be157208bd55420cedb052900b75a96,17439913,2026-08-11T16:47:44.353343+00:00
MAFAULDA,imbalance/25g/19.2512.csv,5fb1946084363e858ed6327514dcc50924780395244664b3fa52c3ee8e15027a,1e9208b0f183d97e37076be3c16e255e1c609b4903b84a763e76055cf0958807,17481051,2026-08-11T16:47:44.403342+00:00
MAFAULDA,imbalance/25g/20.6848.csv,3bd5190b73882886c033a535670e41de6ab6691fc86a1108a27e2919b5c3b172,75436a32f1a0fb7053e4d3580bc41abcb8828d76ef95f99b488b311d89c0c03e,17465207,2026-08-11T16:47:44.452342+00:00
MAFAULDA,imbalance/25g/21.504.csv,66e39849bc6565856432d8cffeb01ed174628a39af0f0e7fc4c823c300df0809,f4ac9fba550fcb511b1da84aae46db00b36262c38c85f1dd11d705753a60e035,17487861,2026-08-11T16:47:44.501341+00:00
MAFAULDA,imbalance/25g/22.1184.csv,ef4513fa213deee78d3aab77a5197cfc5bb84d9862a7e123dfcada9dab8671f7,d7da209f59fa1e4e55d1af338aa6cafd67e682876f55e513be0f7465717c3940,17487027,2026-08-11T16:47:44.551341+00:00
MAFAULDA,imbalance/25g/22.9376.csv,e668f9a0f4101ed155453d320e0a153aaf0be58b6849fef1289d90e7a28e389f,57dbcc0858b3e6da27fcbe8b0522299cf07cd92ed7da9b2d9798d3d0b1a0c74e,17431779,2026-08-11T16:47:44.601341+00:00
MAFAULDA,imbalance/25g/23.9616.csv,d3654b5f4d9c5682ade4da1cc3cf5fb578e4e55ae8d688dff9e918dcf21003ae,8388f57178f4d0b843ee08f7434eaa794df8b4f41440e1d0b3abcff31715e6b0,17492223,2026-08-11T16:47:44.651340+00:00
MAFAULDA,imbalance/25g/25.3952.csv,9c0b2d7b1c4cbb969c55328b52e0565191621b7801845d2749172b230d0339f4,aed979f9bc7db9adb6a20738e3327438266264c3120587779705a9290325832f,17501223,2026-08-11T16:47:44.700340+00:00
MAFAULDA,imbalance/25g/26.0096.csv,f39b2f620ad7d6e34964b47cd18d1c456ab6543678795272f1615b7cf35f5a04,bf91db2a97943e1d649d12518f55ca6aa49f743e83850e7a61b1221a7a45cf0c,17488074,2026-08-11T16:47:44.750340+00:00
MAFAULDA,imbalance/25g/27.2384.csv,538bc4e620c00497d45cfee3dc060f3a456492cc741d7df4744576bf3b8fa6c8,469ba7172f59e721418c692980868de785de0ccd0f298a92e93f30cb53dde6fd,17427578,2026-08-11T16:47:44.800339+00:00
MAFAULDA,imbalance/25g/28.672.csv,93159450eb6a7539b090ed14fb73d80070c84feb12891a5d1902e35e8c87193b,4f40f0f89bbbd7a8a23f26160116b0eefc557d53d3c296a33c0c76a43a31cfb8,17509850,2026-08-11T16:47:44.849339+00:00
MAFAULDA,imbalance/25g/29.0816.csv,182d94ce98d635e93ab60e6e5f5531c7f19d57d04cb906bdb1e1a3b35a5b1c93,e4a796079deb0d0fe61c657d7664f9d66ddb49d23b8d8b98bfede1bbe0f2edf8,17432416,2026-08-11T16:47:44.899338+00:00
MAFAULDA,imbalance/25g/30.1056.csv,6a485061c1c3c68280d6a60a3fcb6a6bc49f5a2fec62dcd2ef9941168750fd2f,5c68b050361aba316223ec065f3bcdd9c2ef4213f300b0b6675db32b31f0d469,17361109,2026-08-11T16:47:44.949338+00:00
MAFAULDA,imbalance/25g/31.3344.csv,ce6b73b102eb022c1a474e442a2a25c7da3722016744ade2e160a4f8ea19ea32,93537f7790b1171de6b2ba62b42f2ac86506e8ca0aa71bd041c4fc29246decf1,17443552,2026-08-11T16:47:44.998338+00:00
MAFAULDA,imbalance/25g/32.3584.csv,d1e1278417ec8577c3fa870e3404b9558795eb274f2273efdab3a294153b178a,7a9474efc0754a09ea31fc56275ca1b91b4fb9c9d0733242aa10e6eb1d648304,17485445,2026-08-11T16:47:45.048337+00:00
MAFAULDA,imbalance/25g/33.3824.csv,34ecd9c61fd96fbe0091ceaf590dfbe3d0c28408bc4ec6cec4fc7bad6b7dd1ce,e027580853c54bd0fcf47cbde490b79fe7a664491d43fdcb147bd80551b2791d,17457646,2026-08-11T16:47:45.098337+00:00
MAFAULDA,imbalance/25g/34.6112.csv,0502c461c2fa71bb4db6c581c2445c2fb44f1e879b70c668c6da735138feb81d,0dfdae0743d1f0e76c356c76f3c0dca46a8f13b83a4fdcf1c2b066de69951aaa,17473645,2026-08-11T16:47:45.148337+00:00
MAFAULDA,imbalance/25g/35.4304.csv,67015764e71fb3bdb7ccbc97b9ba74d2044a61752c56ac422ece1f8077bcc332,98a804eb5612f808bd04c3328ae2f9bf92548ff7a3f35fc0d779b23084362a20,17418137,2026-08-11T16:47:45.198336+00:00
MAFAULDA,imbalance/25g/36.2496.csv,2774308dc4cf1b2cc6c431ef309a9937303d924c3b708013a1415e8bc912a229,624a7da7f233ad2dfb7d94f1ac93ff1f616370ce1e62335be0030aeda4b5fce7,17340115,2026-08-11T16:47:45.249336+00:00
MAFAULDA,imbalance/25g/37.6832.csv,d38a4c9359d26f758b90f61494a19bbebb16e81c48f5cfbf81296baf9dca971e,8b6a752474db4aac1106a8e749f3971e2f94128923c58eb4dc9ca1ed5de1ca59,17242622,2026-08-11T16:47:45.299336+00:00
MAFAULDA,imbalance/25g/38.7072.csv,6a32c6ccf910e3a39531aa0e1ed7cf5a8931a5685a79f38658251f4f9514cc35,f68d29ed6d272d2c703b3b35eb86e51649262ac7cfee5e7e3da7bb1fbc6bb0f5,17190894,2026-08-11T16:47:45.350335+00:00
MAFAULDA,imbalance/25g/39.5264.csv,2b48bc8ebea325664609605f78927a97f70d0a3cdcd43f3efca3279fa58ee355,58078edba5423b56cabb3bcf007eb0071cf95382633bb8f319fc30001bf35500,17157385,2026-08-11T16:47:45.401335+00:00
MAFAULDA,imbalance/25g/40.3456.csv,96973dab3e0792d75a397c4ce2cb0db4dc8fbd3713f6209c2521589e53acfe71,60e4787ac0bb56a36183fbc3bf424d80362a78030d26419ce90e3b639e0a1941,17089915,2026-08-11T16:47:45.452335+00:00
MAFAULDA,imbalance/25g/41.1648.csv,9498771dfea9d4affe5cfdea7dbd8cb2dbc65fd3847d9ba0c10670fdd4902bbd,88d2629ce471b6ffa993343c81b6f280279854c10fde319d37dd1a11b1dd699f,17177259,2026-08-11T16:47:45.502334+00:00
MAFAULDA,imbalance/25g/42.5984.csv,5893f61b189782944f802269f71b6ad58cafc16c67dce04f207498f2e53c5e29,5dcf63cf1606faf0adf047aa8c970fe30bfb7b8f773ec434ac1990e1446c7c1f,17217317,2026-08-11T16:47:45.553334+00:00
MAFAULDA,imbalance/25g/43.008.csv,d3baea68164104df7fb2f47cfc552f0f60def2174a976fd71be35b6b2ce9210f,a1dedb553e8480d91e7a30d5955b8d674d79f50ce2a6cfebf65b7f7690b89602,17222867,2026-08-11T16:47:45.603333+00:00
MAFAULDA,imbalance/25g/43.8272.csv,1233907bb3bda95789b5cb7275b69dd22c4dab6847b028f28afa295809c9f5cf,59b179bb66e7ab4b04332b1cc698a681df6c729c2f43380957257f28bac239de,17239504,2026-08-11T16:47:45.654333+00:00
MAFAULDA,imbalance/25g/45.6704.csv,e5447e9b7c6faf9def2916709d167e7071fdd59be697faee5b412080337a300a,df10b55872508fac988123e6d26193574e0fc833ab38f5646d51e76e757974ed,17245320,2026-08-11T16:47:45.704333+00:00
MAFAULDA,imbalance/25g/45.8752.csv,695b104e08ab0c1e1d7826ec829b37b68e292694159bdbff774378c06c9ca624,ce73b4ddfbf7c607af240f07f3bde4060ac753677f11d7df63cedcaf4d721dfc,17237064,2026-08-11T16:47:45.755332+00:00
MAFAULDA,imbalance/25g/47.104.csv,d5188bf4c56c989df2d675e287b0e8ca4e0ca6bc072b3c48657f3e90400ad396,b39ff7e347b8689e17ff66601909f1b514b8fd79a8f902854f10bc7faba048a9,17257461,2026-08-11T16:47:45.805332+00:00
MAFAULDA,imbalance/25g/48.3328.csv,f00808f6a252547a70f412784aeb3115870a6852671dc7b6df02e835aff3b904,8b78152c8bb11b0a78e818f7f03c0fcc07c7189a698ac4b083c67fd5ba611a77,17234476,2026-08-11T16:47:45.856332+00:00
MAFAULDA,imbalance/25g/48.9472.csv,0df7603bde1ad4f7f1800b0bef86e38966be6b941623d623fe0e1d89a0ec09c6,0cd226045563454b85858a4ac4e5460f2df77529e3af59f2797957a68ee9cba7,17235783,2026-08-11T16:47:45.906331+00:00
MAFAULDA,imbalance/25g/50.3808.csv,aa333c3f856e2e47fcbcbb103fd130fc2eb2052d3266859180e2e74e958ec866,06633f9553df7041e0b9fbc43184639d924ce967134b907d0ee6728dca738005,17237623,2026-08-11T16:47:45.957331+00:00
MAFAULDA,imbalance/25g/51.4048.csv,1ac5cb7b0648da5540397cadcde08feef399aaed7bf05f8f92b4e4dad22cfb85,105947f313f3b8db229453e3fd1efad00f3c74987605e56a1ffbdb331fb8d6f3,17190681,2026-08-11T16:47:46.007331+00:00
MAFAULDA,imbalance/25g/52.4288.csv,2911fa54f6e8bffdf6ec2c49a87b38dd0a31c80779a01dcd47987fdf165fb35a,64ab3c6c489938b2f3274e8b51c0fce851a44ae488626a5d764ff05e0e6f9022,17181256,2026-08-11T16:47:46.057330+00:00
MAFAULDA,imbalance/25g/53.4528.csv,615123003be78a820fa1554bf65066573bd35d9bb12cb9929ee1d848a7f904db,6a1ce51bc5ffed5bb921ec2904741e9bea0f875e186b689d88e93ee70c3657cf,17148656,2026-08-11T16:47:46.108330+00:00
MAFAULDA,imbalance/25g/54.4768.csv,539903581b91e219215f5540b481f259684a24c3b23665041469e4dc1c8f090d,d23b2f7430536a0e345610e6e06041b65555ee7264ccc708d6d04aea2a2cec3d,17106127,2026-08-11T16:47:46.158329+00:00
MAFAULDA,imbalance/25g/55.296.csv,48381af968b4676f7dedb408a572b2ecbb750faf67c90522a216768ec7552b26,954fdd14836378fb5df11e63ac6946e73289c23a6942b10593cf5b76f5c5b52e,17045474,2026-08-11T16:47:46.208329+00:00
MAFAULDA,imbalance/25g/56.32.csv,7d7e80f7bf3de522ba70a1473c766c7da35585ff3ec7a5b7dd0d1ad1fbac595f,1008022aba1f4aec867ec8e9bab5c3abb1b82c46b26f290d9c433ef3adf9a787,17020449,2026-08-11T16:47:46.259329+00:00
MAFAULDA,imbalance/25g/57.344.csv,774dbe2b07c3270b342e18b562d3a25bb1d2b16e962200a737920610a2ccb075,fc7c97757a496ad1cd058ec86dbbc20b29c0def7ea3e052cacd46ef6fbb4e991,16993616,2026-08-11T16:47:46.309328+00:00
MAFAULDA,imbalance/25g/59.1872.csv,fa6bf0b95c148cee685d140adb9c98fd7e0c7b1c79db5d3f7e079c26a37b8854,29141205e7b9debd30dab104a63dd46eea20ef7ee6619aedc61dfb7dc1d65bb6,16947945,2026-08-11T16:47:46.360328+00:00
MAFAULDA,imbalance/30g/12.0832.csv,810d55d97bd89b7c1f5b6f582eeb095377e76153693746679be54e03fd61c490,aa109e022ff2aeed9a05f9d91ee0656be4df9c1e7dc82b1bea9d3c07962d35ab,17257334,2026-08-11T16:47:46.409328+00:00
MAFAULDA,imbalance/30g/13.1072.csv,b0b25773f5d27e46b92a8da204fc0875ee31270c56f002db0dbb9cffba698888,bd57724186122cac087a9e7dac3946cd5932b3ec5669c46c34b641b4d33d8704,17471304,2026-08-11T16:47:46.459327+00:00
MAFAULDA,imbalance/30g/14.336.csv,35ad8ddc43fed60941a32ce0c56b2dd4c69b5a3f97bc12f44178e6f09cdfad44,644722249b2d4035a63d742540a15b6da91bf42031aeebec6b5e7e4cff9eb307,17596542,2026-08-11T16:47:46.509327+00:00
MAFAULDA,imbalance/30g/14.9504.csv,cee2e7ea3d22bd75a460ea719b5df5969e409fd44d79221de62db5db224424ff,5f7830f547d3084d50463d38dea70a31a23531e2b1fcfc75f8a4553f9c0df24b,17534960,2026-08-11T16:47:46.559327+00:00
MAFAULDA,imbalance/30g/16.5888.csv,a641b83a91669d6195489d509b0c303a33769a8a602a8a9bb67580cd7c0e894e,2b19e29eaee58bd6a25b48e200a11c9a8f8f6d3d24a083f8b966094376539cc2,17526337,2026-08-11T16:47:46.609326+00:00
MAFAULDA,imbalance/30g/17.2032.csv,c8a922d808568a6628fe020f4180db47e7d0e7d9539cae1a431b39bc4d3794a8,3ed21debff3651f4758616682baa1788da5ad7fa410971ec8a3ed1392b7a7e35,17290938,2026-08-11T16:47:46.658326+00:00
MAFAULDA,imbalance/30g/18.2272.csv,89c50a8497d7edf6096cae44d074dbef3e3b844ee65edd54bd73895224521d6b,689b59fb6e174e247ff399d87b56eea2f3123d1ba93bede54c06a769b8e35b15,17337906,2026-08-11T16:47:46.707325+00:00
MAFAULDA,imbalance/30g/19.456.csv,738e0c0b07bf3802d58d6546bc034a050d9b450e3969a4263c9ac4e68bc3ef89,70ced8d45119cd70d55859f60ccdf06a48c47c8bf971aef5d56783101107a4c9,17323627,2026-08-11T16:47:46.756325+00:00
MAFAULDA,imbalance/30g/21.0944.csv,9e158c9f2efe1bc7c905a0ea2f296edb1c6b48bed60b033028f64d2d53d75a5d,18d0f3ecd4b4a498e4f51981ec941bc5a9a39540eb90ac4d19e0b9f0fd119b0e,17382248,2026-08-11T16:47:46.806325+00:00
MAFAULDA,imbalance/30g/21.504.csv,78bfb935e4b49a2a71f390defdebfdfc96e7438210ab8da479a0128e0e9e8652,85d357e827283715ba37f1bbe59bd08397144748919522bdf22a673bd0853c7b,17422164,2026-08-11T16:47:46.855325+00:00
MAFAULDA,imbalance/30g/22.7328.csv,a11bbd962605ba077ee9c863db5c48e012712c7c74cac0ab5656ff69a89ed802,81f89015501fd92953bf4a277d7fbbb162cff590c797f4c88dd2d05768f495a1,17416418,2026-08-11T16:47:46.905324+00:00
MAFAULDA,imbalance/30g/23.3472.csv,08de0685a11fd8ddf18d97736ad474c9830dd99eccff3c9a9d7b9661bb9e895f,cc38b5c9a8ab8eba15ec6af6002c724caccd197430141d4231e96c26f85aa69a,17361730,2026-08-11T16:47:46.955324+00:00
MAFAULDA,imbalance/30g/23.7568.csv,7b06a566d7a597da8ec0b67a4a2f10308d9511f38ef0551a151bfd038dd34b0e,64ed69a22027caab9ecaf0d4b0d81da3f6639042b293a0fd7b0cce6bcdbda317,17228970,2026-08-11T16:47:47.004323+00:00
MAFAULDA,imbalance/30g/25.8048.csv,5a32538039dff4efbef7433284293335d3367bd7415078cae496c066283e7fed,fa9be66a9f03a1977d48a97961443a66f8fc023ef03bd0dd3e96d0f087969f5e,17411591,2026-08-11T16:47:47.054323+00:00
MAFAULDA,imbalance/30g/26.2144.csv,27d7c089ff058d2a7cd45a65220e56384e877c32423637ad07f79e6d3085f810,c44b3fcafca174da8b4a381304a661b38098c35803f48e055a5216e93e7370fc,17348978,2026-08-11T16:47:47.103323+00:00
MAFAULDA,imbalance/30g/26.8288.csv,4f72fb25a0ae9a297181dc0e40d59072d48de3eb0f0cba261af6f0b960765d8d,c7da68b90130acfff93e7ea67fbb77b1112100e0bef43ddd5585b13ae5ac2d33,17310884,2026-08-11T16:47:47.153322+00:00
MAFAULDA,imbalance/30g/28.672.csv,d602e21a5f42be05619d63f62bf26de448c51a7064554724dba937ced1b1943e,ac4120b564ef4bb6e2e05a7650442e1f6b6b81e736d7623e0fb5b8df87cb48cc,17321238,2026-08-11T16:47:47.200322+00:00
MAFAULDA,imbalance/30g/29.0816.csv,4e7bd5a2720936a8e713c05a20b93fe7b8caa77eda0514e089c29c4a7eeee934,501c311f1f1c99cf087e1077d31fda5a1ad54716ec2ea0f9907aab43a4044c04,17278937,2026-08-11T16:47:47.247322+00:00
MAFAULDA,imbalance/30g/30.1056.csv,9335418c96a246833310c8a5b689afe93f37a0d9453117501fb41dc11794a33c,a0f101b7e62b177fc14fc9b2e9a622fc6d9cba4dc7227744833517beeb4bd017,17152086,2026-08-11T16:47:47.297321+00:00
MAFAULDA,imbalance/30g/31.5392.csv,7fea6c857132ff462d9b503f645ba3216dc25244cbb9b25820fd8d5159f99a76,4f42c135147b0843c1eccf66231d483ab9bff029511b6b5dafa9cc8a0ffae05a,17344594,2026-08-11T16:47:47.346321+00:00
MAFAULDA,imbalance/30g/32.768.csv,48f58e6dbe3b2efdb47e6406aba106ab342d8dae2a0a05cd5727559f31469816,cd5a796b5f8a2629e03cf85f160b548adf5655a7591a70f2a026e85ae30ef176,17367478,2026-08-11T16:47:47.396321+00:00
MAFAULDA,imbalance/30g/33.9968.csv,101cc8a69b230037e3c4479d0b7288950a7538952360b653b84fcaf82bcaf214,dfb9302c0ec337f94c367760e64f95e90aadbcce595b94039a59a66e047d1a02,17303958,2026-08-11T16:47:47.446320+00:00
MAFAULDA,imbalance/30g/34.816.csv,af54b906996ef2e7a3bd1dc7975665988ede76cae16c241b1b6dc9dc1480444a,ec0e4d7e6e9d67c1bf70cf62c3f1919e5808359b55a73867b0e122b2a8aee564,17255793,2026-08-11T16:47:47.497320+00:00
MAFAULDA,imbalance/30g/35.2256.csv,3767bdb5f268aa54764ca290ffe1b56599eee5c2a3cbfb8927edc6c6d172e060,7613863e960df151438320ae1d9e38d6ba13beed4630cea5a8b3b4f9c7acc178,17204579,2026-08-11T16:47:47.545320+00:00
MAFAULDA,imbalance/30g/36.864.csv,3cbb8384dbc8cd115c90ed138ccc2ca600dbc307122dc8cd0c73f2651c640ec2,f3b6bdcb282e5bf5b01d13fbefdb3ed5ba010ece21a32fb1ee94aba2bbfc473d,17073880,2026-08-11T16:47:47.594319+00:00
MAFAULDA,imbalance/30g/38.0928.csv,11d38ba26f713b4a0b0d3c15d53aee29ca674f037b8ce3d04a9d6a8da4459dc3,3f50d712d31a855f5d017c7d85e84c705b982204ff834237fdafd82af2d42b26,17033204,2026-08-11T16:47:47.644319+00:00
MAFAULDA,imbalance/30g/38.7072.csv,a4fca83da5f1914ca2955b7d833fd4b1d51388c6e79ce4e9646ef58c1b440333,8ecacf069e45bacdd91d15f94c9cb2ddcb95e94df5ca16825303230207da814f,17027683,2026-08-11T16:47:47.694318+00:00
MAFAULDA,imbalance/30g/39.7312.csv,d85c3ee8635917501cf798e0b1a8b0841d07aabc89a9372b80ad60ae8bc9dc1c,efd6e49fce04525accc917269d6d763042997b8968fbbcacd15cf351f5ba0b5f,16977429,2026-08-11T16:47:47.744318+00:00
MAFAULDA,imbalance/30g/40.7552.csv,0307322533957057ee2aa067d1b3d6fb03b94490efac2f7b4813226df452102a,1f6775f4059b9fc52ef6bbe778a88947cb8e7ec87b7d0eee17599a72671cc2b9,16973482,2026-08-11T16:47:47.792318+00:00
MAFAULDA,imbalance/30g/41.3696.csv,a44b7b296fbc2eee2ef8c438317c7b23e16b9860ebdda2c25ff0a4494647e567,2171c61482370f28665f1a3f944461967ce45bf81c074369f204f0612bb850d2,17024776,2026-08-11T16:47:47.840317+00:00
MAFAULDA,imbalance/30g/42.5984.csv,0e251272966f30994c474385ba1b5da3fe06d4cef37227d6a24955573ddd27ce,7044d4987f4ceae06b0abc350e4d221f9d8ad3c6db4c539bbe3864ea16a10797,17061722,2026-08-11T16:47:47.890317+00:00
MAFAULDA,imbalance/30g/43.6224.csv,799aee8e00296c570533c2e04c148e4665a7aba27ad7942ca2c804bbfc51595d,5d9e24a8b6a7e045d4cbc10b9978d2d8507c3947f12b2fd5c8ed0353b03be9fd,17020946,2026-08-11T16:47:47.938317+00:00
MAFAULDA,imbalance/30g/44.6464.csv,06d60145b70a2507fdba6a1fd51d20a5946fec5884312020e1d0a97f9f49ea02,b7838683b1d77073f1ae2fed6f28302f6150d4c22b3dd63027a4acf9cc785f0e,17032861,2026-08-11T16:47:47.986316+00:00
MAFAULDA,imbalance/30g/45.4656.csv,3a82c5e9780f9d3f974ee14cba54db6dbd4aebdb81d781eac8fe529eca81a48e,b701a1c584b927558580530be865bf70d16d7936ce6e0451b3de63fea94d8a27,17041518,2026-08-11T16:47:48.035316+00:00
MAFAULDA,imbalance/30g/46.4896.csv,463ddff7ff15ffad9760c6cd5e9534f42f2bec1134137b91dce9691857729510,b5f361313d721783a4f9808a8bb8e226782578f421cd4c122111fb6d559c5666,17046122,2026-08-11T16:47:48.085315+00:00
MAFAULDA,imbalance/30g/47.7184.csv,91a811b04c4e396eddf7d4ef66c166d56756d5f0c0978bbd8906c6632adac00c,e48dc6d12740405bffb523990c7e324f859c127e81a91cc2ea2c61f233dfb850,17046463,2026-08-11T16:47:48.135315+00:00
MAFAULDA,imbalance/30g/48.5376.csv,d8721db5dff9431e9d2d83caee2a25cc44c0683bee60e03b5a4c778591d3b155,d70bd6232ff2287fa0203c9b3f050cdc17a296c21bcd234533e38ad042dc12d4,17048351,2026-08-11T16:47:48.183315+00:00
MAFAULDA,imbalance/30g/49.9712.csv,9ee0983811b2255049434bdc8e7ea6371255e819ea646a731c05b58ca5caceef,afe946b524680ae0cb7e351897ff7e71b6c0b821bb64ea976594158a4ba25274,17050102,2026-08-11T16:47:48.232315+00:00
MAFAULDA,imbalance/30g/50.5856.csv,fd2214d63cc80fda7757c41f3b3e2e2c8080104756e1f88278134de1ca501adf,cc55e81bcc0c28b741e454a0f6f4cc830c8b44e37c72f4df10026306f9f50036,16993152,2026-08-11T16:47:48.282314+00:00
MAFAULDA,imbalance/30g/51.6096.csv,442dfdb9f8695d6b978b679114f77a22837137459f6f8ecf7b072d19f77103bb,9ef011c1ed052f221c1dccda2664b4e202fe7a70f063dc1258e9fcbbd0dc8865,16981058,2026-08-11T16:47:48.331314+00:00
MAFAULDA,imbalance/30g/52.6336.csv,d379876faaff2afc524fe14e7c295c0c03824ef9ef2f30ebdfa2a9441140612f,c4c1024b925364d4570773cb1cdff1489bfacde017aba3eb6fba499c002a56b8,16943388,2026-08-11T16:47:48.381313+00:00
MAFAULDA,imbalance/30g/53.8624.csv,16cd7f1df4320ecb61855872f83636cf08768da8341ecab9543c4a34e3113803,545f312e1ce58ba4a17ee310494c13a11e16b1e844c1cd6edf2b8504265dc51d,16871128,2026-08-11T16:47:48.431313+00:00
MAFAULDA,imbalance/30g/54.0672.csv,dbf66cee6ff626a329f03d8e985477ef657a4ebaab25eac59e53355ceb8dea87,3138b4eef68e91e5b744e5ab44ec989d9175b6f7ac1a61a5e50a3d562f0b0afd,16838984,2026-08-11T16:47:48.481313+00:00
MAFAULDA,imbalance/30g/55.5008.csv,6dd5e6ff9a7382f2e2457d98fb6f1dad813cc34b27a9271218ecadfd31111766,d5f71ccbf3bc0f4e4fc320be9c99f4d11e13dfa7ae9edbee2848a2a9f66917af,16650420,2026-08-11T16:47:48.531312+00:00
MAFAULDA,imbalance/30g/57.5488.csv,856b718737b37d50a5b45fef1b67bbddb4cf60654c2ff6307b9ddfa176d736cb,809c382186c760d9bf483c2eb6b1af90abdf0e05b23725e8f2816a01c319f57e,16648800,2026-08-11T16:47:48.580312+00:00
MAFAULDA,imbalance/30g/58.368.csv,ad51d184642baf96366e0b365c6715d074830b1b0c94a54978282deccd7681e8,e2c893a9b80e1ceb763c4849cd1cfda05c5228a29386e5bdfb4a0a0cc370ae43,16646942,2026-08-11T16:47:48.630312+00:00
MAFAULDA,imbalance/30g/59.392.csv,0f39ee33932f8cc77f900d7a5682a75a13127ce7a0ddbe3ef058b2cd4c26a579,36b7bc3e890ee837351f0067e90dfc732275f8bc3d91c3f9d83e3e3691287b37,16542376,2026-08-11T16:47:48.680311+00:00
MAFAULDA,imbalance/35g/12.0832.csv,547e5cc789b9dff39ec20630bfa216182220422e1283885bf5ebf0c92e9f90b4,60839409360c2f400e2c138378af8964fac397966377717aebff100be96c019d,16965026,2026-08-11T16:47:48.729311+00:00
MAFAULDA,imbalance/35g/13.7216.csv,5288bab6728139ef01fa33bc2de75df47bb9e54396d7699af42a15fb556adef6,58f7aab18a0593a28076125d0ae43ef24764974a5992b8b99ef756fdcc6dc8f9,17157333,2026-08-11T16:47:48.779310+00:00
MAFAULDA,imbalance/35g/14.5408.csv,fe57fd4cbf1d0a03cb1b51ce49393b92e503c9f7b40d0660ce13942cb35f615f,e12b13d2309ed9ab4ac4728650a80cafcce6d3bb652b9709b2f4eeea0054f6e1,17241927,2026-08-11T16:47:48.828310+00:00
MAFAULDA,imbalance/35g/15.7696.csv,ed585f1b5835e7dd0dbc53551758100982399f4b3e3d1418cb1b38b389cde92f,b6908ec24a9b859a2059fa842e0c781e70b886c5b7e158b1abf42b2eb8d3c86d,17499857,2026-08-11T16:47:48.878310+00:00
MAFAULDA,imbalance/35g/16.5888.csv,5bb60d196dc49205083a40c91dcc9ac902a86cbeb7c3a79c7c1df8c329ebc04c,fe6afaa268967556a8a2d8c2aef5c4c20ecc4f49e47aeef7b96c986a140c6692,17477333,2026-08-11T16:47:48.927310+00:00
MAFAULDA,imbalance/35g/17.2032.csv,b5637593805187d9b488923dbd9ccbf8397b4b23aaf831ec675d1eceef447680,4aa224b279e0ff805a9541ea9c3f5396cff5cb129194e1803af7a60a2f23b49c,17343432,2026-08-11T16:47:48.977309+00:00
MAFAULDA,imbalance/35g/18.432.csv,3ba35221cd8ccf46bfc416c3f5896ad74e6509777b61b7c3552a8cf62779c919,9d924ddc105ed3782bc1270c3c1cba9757f5d40027d26404aa89c6a1f660d42a,17271108,2026-08-11T16:47:49.026309+00:00
MAFAULDA,imbalance/35g/19.8656.csv,20283d36dfb148167877adc07fca4d9da00a98b1b0ba27a7c85cc2c4b6ff7847,359c6b22b96be89ddfb0418dba1eef24a84267c58cb1bcb954dd3f18b398e8ae,17216311,2026-08-11T16:47:49.075308+00:00
MAFAULDA,imbalance/35g/20.8896.csv,3b572255e49af9791ea33d6134a54277ffeade956f25900143e47bd68c729268,78d573d7a3dc2f3341d73317c81234da25a3b1ae88d7f73ed23f8ee42bf9c892,17340948,2026-08-11T16:47:49.124308+00:00
MAFAULDA,imbalance/35g/21.504.csv,6f494464ae79eef193d78fe186133deb2681786933023a18db596c5a913a1c3f,65aa7c6855c16d0ed0d8ab95fd91804a94d86aeb4d2ffe4ef999dbcaab19dbc2,17363812,2026-08-11T16:47:49.174308+00:00
MAFAULDA,imbalance/35g/22.1184.csv,43c121247e24e86679bda7f124692e7096ef5cbb0a4b5844713f3b75d47ebf42,df7ff39feed40d08063eb56c85e03191802fdb0dfa4b97bb895941719cdef59a,17362800,2026-08-11T16:47:49.224307+00:00
MAFAULDA,imbalance/35g/22.9376.csv,5d88c6b75586804e5165be12f283d806f096f774a95b5ae5616a25211efb6d52,afd1a38511660c094730f66f53111470a7dbee140e9b2b3e85aa40fe7835e6d4,17307161,2026-08-11T16:47:49.273307+00:00
MAFAULDA,imbalance/35g/24.1664.csv,245f09bee769b27e36e09446bc56befcefaf2e932121a15132f5eb2512b1b894,2c270fa2d9473fd18cfb091641d3b648c625be2a43bed1686d6231f59d5183c8,17163629,2026-08-11T16:47:49.323307+00:00
MAFAULDA,imbalance/35g/25.6.csv,225c4024e9686cee74460c15983ed6e4acf5185ddbc19ca3bef0d760b06ba64d,d75912b889b32fecb63a6bf20a0360ca0e3c9863e62bc24b978956e7987bfb6b,17246563,2026-08-11T16:47:49.372306+00:00
MAFAULDA,imbalance/35g/26.0096.csv,b1451f00c77ec692ee26e686ca480b5ed38147021b472144559790b271d3281c,61a19d03dba62fb80d60409d7675a2faca38cdee3e64f379e29c38592f0d0be6,17186446,2026-08-11T16:47:49.421306+00:00
MAFAULDA,imbalance/35g/26.8288.csv,314b7f9a39f5674046744a722ec4ce7ce59124cd4fdc4526a410cb5bebe75f5b,b9f103cc0986896b701c07d2020dc577232ce1ae23fcf450ba8bc2b30c316062,17186969,2026-08-11T16:47:49.471306+00:00
MAFAULDA,imbalance/35g/28.4672.csv,9a5ccc0fc5a8a20cee08ee41f26ef792b3dfd503c84bb37f065d6e3a4d8ba9c6,298d2a77904eb746dddc793f1d211ad135d811e304625f7995e51d408acdf221,17218569,2026-08-11T16:47:49.520305+00:00
MAFAULDA,imbalance/35g/29.9008.csv,31173cf28b2b5a76af09ec99aa2a5a250b1f85bcc258555a3db1a38f981b0df7,3221ed049d9ee9369b244e36fe7ee8997ca31f2b3c9fe9b6f1df4c7f8b02a32d,16926636,2026-08-11T16:47:49.569305+00:00
MAFAULDA,imbalance/35g/30.5152.csv,a2e4334de9cd5f55faa7a43a19fe550833c89c0f0f2ac6e651106e0c5b913531,fa88fe53cdcee01cd9f51fb96b085262311183aeaec197a1d35514233f27bb50,17079018,2026-08-11T16:47:49.618304+00:00
MAFAULDA,imbalance/35g/31.744.csv,c07830c1a914d085373ec4717e910715590b63af29b8bd351a88132a3da58065,b7dcb36748894a02aee71e3525a64b18cf4f425fc39b81c8d94f97b7c68b9bad,17221909,2026-08-11T16:47:49.668304+00:00
MAFAULDA,imbalance/35g/32.9728.csv,fb5505b00c982fb98432c4fa05f41f0c5b78c793762b74e739f434aef95c12c5,a915adf8a34849ddf4a4fcec299e0eb8c87a3ca3eb2582cb7fae86054f04fef9,17160344,2026-08-11T16:47:49.718304+00:00
MAFAULDA,imbalance/35g/33.5872.csv,c6d6a5c4443761c5dff310026ffdd35616b80ca8e7b0473a2cd12d81ebf7fbbf,43951335dac7a079a879ca101182e605433a2901e082e6baebf49100c304ca47,17105398,2026-08-11T16:47:49.768303+00:00
MAFAULDA,imbalance/35g/34.4064.csv,1deb761f0e4728900e7e0568558e67e0d5290b815e99d2d60c75a8c34a82f0c8,476e94b8dc0203954d576d5685cfdd70b8bd560ed4a9eb7b325c9ccc6e829840,17057336,2026-08-11T16:47:49.817303+00:00
MAFAULDA,imbalance/35g/35.6352.csv,a768ae800f61a1e4145f42e712c9dc38af4dca258529f533c9b32c2c66ca4bac,9caef0e66940adb2ef00ed69c3f0fd0b9255fc118be036ff51326ffd900a7fd9,16930844,2026-08-11T16:47:49.867303+00:00
MAFAULDA,imbalance/35g/36.6592.csv,95b34a5f6b724da932bb2ae6bc76643201c426623dd04cc4b2d4b71e5ada21ec,fbd4ff952df47f833ba00d846269390dff032bc5236688619690e2ea31def671,16847514,2026-08-11T16:47:49.917302+00:00
MAFAULDA,imbalance/35g/37.4784.csv,a78138354411541e67b12153e0e9b44a46f8fd1a2fd12c4d2430b3fc1202c867,f092ff0d1c7e18fe615875fb97a410f8cf38eb73e60de7926fb8d7b05ba2fc10,16843048,2026-08-11T16:47:49.966302+00:00
MAFAULDA,imbalance/35g/38.5024.csv,63889525b3fbf3cde58380fd14e20a7899b265ce31e86ee0e3ad7b43e16ac666,3028b31f421b41dbcfcab1a47b99cb432ae7b3fd29331aa56f2abd5373e70926,16838305,2026-08-11T16:47:50.016302+00:00
MAFAULDA,imbalance/35g/39.1168.csv,97dd14be4125b1d95b6e0090cf7b56786cfb3130b99cf43501ed3f5406135e3b,5553e91b13a8f0fc5b86e65d2b638590f522e61fbef09b8114a0e4e5a3415483,16778141,2026-08-11T16:47:50.066301+00:00
MAFAULDA,imbalance/35g/40.3456.csv,ee4e055d0d6d49e1ec282c62238a73d4816f23d98ded4639b32ebbd8cb197675,5746aca089b1770ff8febc314d4137af4b3c3472eb6a87c8e864bf9474f0dd31,16750837,2026-08-11T16:47:50.115301+00:00
MAFAULDA,imbalance/35g/41.5744.csv,426e547229131916a0979d38cbb6a7ba3526ba3d5fd6c37def76624e32ce1897,75f9f2943794da6bfae6d427497a24ff3f3e3364090f891cacf09b001359960c,16906194,2026-08-11T16:47:50.164300+00:00
MAFAULDA,imbalance/35g/42.5984.csv,f355ecacc714b43ee7c6f39985cab93bc3e906412166d21a92be14d7436b672e,b4865073506b636030d569c294767da71b94885608892eada775f2399fb67fa8,16893786,2026-08-11T16:47:50.214300+00:00
MAFAULDA,imbalance/35g/43.6224.csv,7450740d7ac70e828a1f9bcc10184bf11ed56b909b3a50b11fb44fd749b2cc6a,527ca985974fdeab60228106a03affd23d5ba5854fbcce486a10af558e74ea1c,16911205,2026-08-11T16:47:50.264300+00:00
MAFAULDA,imbalance/35g/44.8512.csv,709690348eb4a0ecc098171cada88484a7e793ae332312deddfff964dfca2135,5ff583da226c8d0df2802a561d9724820cf2e243d5dd4527099593de3467aefa,16934679,2026-08-11T16:47:50.314299+00:00
MAFAULDA,imbalance/35g/45.4656.csv,bd5c9b2b86e93f166009a14035a117c6a43771e6f465bbdae58b5d362809f61d,9695688f1dbefc8fcd4a09ba886a0fa89f94858107ec5512eae43ee82e09359b,16934904,2026-08-11T16:47:50.363299+00:00
MAFAULDA,imbalance/35g/46.6944.csv,8e71b88682f13d275db186f5d717c99d04adcc27cd6804326d9554f1e0f93163,a5675de1824aee6566a16203aa17a0e469dbe9eb8fd87d87843845371c2ee1ce,16960171,2026-08-11T16:47:50.413299+00:00
MAFAULDA,imbalance/35g/47.5136.csv,24937589ded763b0e5b695b9df10650ebd279caf48a242611a48db52db11acfc,1d7790819e5e12b368ad2da745619fdf7d51a4ad57dea66f1a69d4637f5444ba,16946739,2026-08-11T16:47:50.462298+00:00
MAFAULDA,imbalance/35g/48.7424.csv,250d918b09e81cd02203156d4f8a68b9ace83c56e3e7147000133f77f0f2087e,d6ae3509a1658c63081c8125fa7e6248b58d2d65205b09e1283658d595d66843,16943036,2026-08-11T16:47:50.511298+00:00
MAFAULDA,imbalance/35g/49.9712.csv,6f68718da66dfde570f6ad0f41a995f1800a75c3820b7b6ee1acef149e6c46bb,923a34af8517c96a8809720568753b83f876a8ca1e3b85008bde49158d83d4ed,16917592,2026-08-11T16:47:50.559298+00:00
MAFAULDA,imbalance/35g/50.9952.csv,8c3b93bd4bdb5d9021e7e77df19da4d9afe712316a6706902ebd7652929977d3,3ba0cf34d9b2ac37ed61695252a447c0a68f8e1e75e428dcf08828acc2ef7837,16903967,2026-08-11T16:47:50.608297+00:00
MAFAULDA,imbalance/35g/51.8144.csv,3ea54aeaee4e0ce4173c010e083207e997ae5f1105dcd3f4b50f6b9de5663ba5,94fdfa6ff12e7aa44198312ec7d135643bcb4345e121b88802815f01911d5ae7,16862072,2026-08-11T16:47:50.658297+00:00
MAFAULDA,imbalance/35g/52.4288.csv,b32d95b468f63611cd46fd33d8f2e21104b6836283406f9747eeda85eb7a1dfb,e41513cd2fd7f99cf554920f66b115a3fdd784e40f37c5e76bfa9893fa218c8a,16855311,2026-08-11T16:47:50.708297+00:00
MAFAULDA,imbalance/35g/52.8384.csv,57dcc74cc01101737ec75491a012b1556f2e5d4cb843728032991c8908990414,4ad0e7b3fda820db19bef1f6dc3db96f9e24f9a94935f3075fc353f45a7d2416,16845578,2026-08-11T16:47:50.758296+00:00
MAFAULDA,imbalance/35g/54.4768.csv,c8d4139993fb69529a485d7e229806d8bc7de7e89cbc4b6d45007b03c972d3e7,9494abb3c0051962b2d902af5a2213043d757287c514f06464489c6d681c4f66,16804072,2026-08-11T16:47:50.808296+00:00
MAFAULDA,imbalance/35g/55.0912.csv,3d9de4ecd24c4e8897cc6708368bbb95bca04e5886c469b58fd23ee3071a69c0,0af7e41dedcc6ad50ef89959048e01d993908443483a3bc0a4cfbfed8afac219,16764855,2026-08-11T16:47:50.858295+00:00
MAFAULDA,imbalance/35g/56.7296.csv,29c3239cda4f0d5bdedfa74ffd62ba228ba49026f89fc56fb14b7aae7ce04708,fb66ffa0b40473ebbb05b4a1912ed83148bc855104a0d2c697653aefc95f3698,16658244,2026-08-11T16:47:50.907295+00:00
MAFAULDA,imbalance/6g/13.9264.csv,861fe21626cfc209262e16636fdbabe501bc412d45f9caf9f7c439d7fad53557,c82047ee0f4b60d1cc4329a007793019891fbb55d9fce7c3d3e1ad72ff4217b3,17659659,2026-08-11T16:47:50.957295+00:00
MAFAULDA,imbalance/6g/14.336.csv,89cfb93f20a532d8b18e3c7a1409c295841085c29cce087c5f929282ee43019f,20d03498a6f58a3af8bdcba877ed9b11068d22f80273965f2d93ce3e4594446d,17637224,2026-08-11T16:47:51.006294+00:00
MAFAULDA,imbalance/6g/15.36.csv,96727a3d2af74d9a511916f2f09bd2e12248baf33949451ab802af3a13f876f5,142489b16a9b81ee2ab0f0aff76e32debd7935eac08221162a4a0bebf9803923,17582523,2026-08-11T16:47:51.054294+00:00
MAFAULDA,imbalance/6g/16.1792.csv,4f153102e0075f9bbadbaacb7544331bbe259295b76dc543052a7d4aed4b6ed2,00c27ca00e0946c2dca5a2cf62d97715ab1ca30478e93d5e1500a826fc6ca81b,17621414,2026-08-11T16:47:51.103294+00:00
MAFAULDA,imbalance/6g/17.408.csv,9728356ccf9e1be5d39ecc700ba4ad0e6640559fb693e5e6d0c29120d2a8965a,7d51f6ba0bd4c570dcbe199d15465a09f8d3fe01b0e68a7664a580d5c6ecb4e8,17521836,2026-08-11T16:47:51.151294+00:00
MAFAULDA,imbalance/6g/18.432.csv,e7eb2d1cdcc7fa571601c802076afe51b893030538888633b9ddee2c8170beb4,5e92c9af9e75fe23b311aed18985a2f0ebec2a55275b86e421762cbacbda5e5a,17582191,2026-08-11T16:47:51.202293+00:00
MAFAULDA,imbalance/6g/19.6608.csv,fec53c0f49e89693652b1160af189bbc5414c105a38c540043f4e54dc1ca186f,789b0ef957b1ae864e4858fe24e158ddabb43e81812c3caef5090172a3f596d4,17597919,2026-08-11T16:47:51.250293+00:00
MAFAULDA,imbalance/6g/20.2752.csv,b18ea5badd8246f1375fc4688943f0c89eb0a90a701a29fa4a66de2f09616037,27d878857fe7148b7af2126a3171c82a3b2c0b78c3c73364a123dadbf9e66dbd,17611965,2026-08-11T16:47:51.297292+00:00
MAFAULDA,imbalance/6g/21.7088.csv,242cd13abc2fb570489a1b7f78a1e946e8abe9e19eb3a6b7a2316a6a38884f0d,d0041c956be0a01eb19a69a179a5828c93a451fbf83f39b392399425f9165394,17618441,2026-08-11T16:47:51.346292+00:00
MAFAULDA,imbalance/6g/22.7328.csv,a24e824a63cd87edea04b59ef68c2776dd2b124e64342d013806ee9f0d659e41,b5dd80b203a634bd3488dc61fabfa06cff17edc77c3d9f3382b70a16f6af2f33,17608627,2026-08-11T16:47:51.396292+00:00
MAFAULDA,imbalance/6g/23.552.csv,34b9b1c76c14522f1beeeb5edd9fa740af9a473e0d2fd1807519b3fbaff9dc75,9a73bde6244112c36bda3ba191d7dde4acb9cd4aef5e78d4810f60a47eb6eef5,17564623,2026-08-11T16:47:51.446291+00:00
MAFAULDA,imbalance/6g/24.576.csv,e385b3aa4c9b67e44e9ba341fb20b07e2d9c786cc30ea7e812557ffdae6146d5,54bbf8bd902aaea87a4c2653116d7740ec545f4854cf2f076b80fb541de35e98,17600748,2026-08-11T16:47:51.493291+00:00
MAFAULDA,imbalance/6g/25.3952.csv,3abdb8080ea6b8106ecd68292b5e0e8a96c59ae43a73c64ae13cb3bb6d12f7e6,149da33f669cc05726a424a1471768c4ce4f0cca5a754df88c884b7672ca9857,17627563,2026-08-11T16:47:51.541291+00:00
MAFAULDA,imbalance/6g/26.8288.csv,cb6d9deb979b85f30025692bf7ea25158ed45c5a730e7278b566903d9669a570,94e6a451f03c2dffb83e9bc51331c90d2f1038d5e9a63817edad83974318cb5c,17637419,2026-08-11T16:47:51.590290+00:00
MAFAULDA,imbalance/6g/27.648.csv,6332f2e01d8e57008fa3998abba938b3c38c9cefe197483239c6332c2a5ceac6,f4a938ae7c82010d70b2179c6e42f524ab51b61e2663d9c2b3b538da90a5df0b,17538562,2026-08-11T16:47:51.640290+00:00
MAFAULDA,imbalance/6g/28.8768.csv,55078eb77c8eaa1be4e2b7bbbdfa34a04911e2115cd654955339a5e1eb3ea7bd,c242e139ced3cf5a548bbddd132f37762e3784427d48f33cb62417ce7142cae7,17617576,2026-08-11T16:47:51.690289+00:00
MAFAULDA,imbalance/6g/29.4912.csv,639622ec1426593b5155d5a2eff2878dc0bd811de3a9fd863cf7ac11536f1bf5,174baa9a8a007bf9b838bdef0cc049d2c8eb15ad07b0f97a3afffe19860fd81f,17469802,2026-08-11T16:47:51.739289+00:00
MAFAULDA,imbalance/6g/30.5152.csv,985589a62709206f48587dc8146ee1b1ff209414cdff8d41654bf9fece6c813a,3c9f6633f6339edfafe94da8b2654ae21b103cc5113d4ccf58c1b8575aa4930c,17453841,2026-08-11T16:47:51.787289+00:00
MAFAULDA,imbalance/6g/31.5392.csv,ced5539f11ab87726c5785252faeddea3fe5644e706b1fffcff0ecce8c791849,0564a651bf4fd066d63ff2fc34303e8981fad3e44cd5fd64d3b6a77bd367389c,17644419,2026-08-11T16:47:51.835289+00:00
MAFAULDA,imbalance/6g/32.9728.csv,daeacf51119d115831504722cfe3cc686fb117b7653c9b189cd1aff9b4289c00,25820de376fa1084815e7d8280ebf2439b50e45ffb300b0fd72567bfffc2e8e0,17642281,2026-08-11T16:47:51.884288+00:00
MAFAULDA,imbalance/6g/33.9968.csv,d9925c45037caff8505e2f278700c1eb43bb490929e24fc43c072db2cb4b6055,bbb4e9a0beb5d01e22d4c6541094ae26663319e113b6250638872dd23bc0f561,17625638,2026-08-11T16:47:51.933288+00:00
MAFAULDA,imbalance/6g/34.816.csv,b0fd6cd68292305fdcfbc2cda4022d4c9f51051c8912ee6bc9a7005da2687655,f936341e4a83d2b9c8f4eec78dc3da0a60db8f832713b36d7729e64dc6eaaba4,17638594,2026-08-11T16:47:51.982287+00:00
MAFAULDA,imbalance/6g/35.6352.csv,022c5ff1a1d93cfe0ddc2a9ae9724ba48853456a6db350ce5889895fc692e6c9,043730c1a2ce37789e24da1ca79409e6d894bf7805e570d036bf498e6b00c99f,17673400,2026-08-11T16:47:52.030287+00:00
MAFAULDA,imbalance/6g/36.4544.csv,1cbac2f13e790503ff9782939683ddb1a5e49da9b40be2165737683417386c7c,7cdea609329ae085d888fb946e12b458349461b1bce02ca6cb01759785e5cec3,17657036,2026-08-11T16:47:52.079287+00:00
MAFAULDA,imbalance/6g/37.6832.csv,89df40f616bb56f1d2a46c017009117755840c9a8809193a7845b43b19614253,29dca7b04e1c318d228a7f308cbdc9d46942ee34cf5c0c869c0bd99f08f032e0,17633408,2026-08-11T16:47:52.127286+00:00
MAFAULDA,imbalance/6g/38.5024.csv,91b8406c30933cc71b6a797cd8e3e08d87eda57ed1c68b7a64e9a189a84d0d88,691a590129a3347194e749254abc2562689b5a440ef7142f644734ed0388d00d,17631867,2026-08-11T16:47:52.176286+00:00
MAFAULDA,imbalance/6g/39.3216.csv,7c6e0f2682d8066a99136b8e72ed64fc614f7b46e3fe975726653c69425bc8d3,f65166cd50e9c9321f6a1fbb7846208bf6514a8823f909d308b4c14c6553e0c7,17531662,2026-08-11T16:47:52.225286+00:00
MAFAULDA,imbalance/6g/40.7552.csv,04cd67e1b6ca4338aeafc56805c76bf3e52cf366f4126c2482a4ec8022421771,961b00d43be4643135fafcc421ce951c38314230c06dcbf83969bfe35654abee,17539742,2026-08-11T16:47:52.273285+00:00
MAFAULDA,imbalance/6g/41.3696.csv,36a11b7827751e4ebe347c248438d66829288c6367ca95dd9ea7bebe76dcedeb,829f902d21f868eb9bdb7b49d1f860059668afef827e5d3ee0f701ed4b02a11c,17566091,2026-08-11T16:47:52.321285+00:00
MAFAULDA,imbalance/6g/42.5984.csv,ad4602813bcfb1aa6551916e24d898c432ca6d45b6e3dd2486ee2d187bc88c05,4c4e2de9eaa6495563176048b45a98d5a7a464e102929d063110fc1478364aaf,17597804,2026-08-11T16:47:52.369285+00:00
MAFAULDA,imbalance/6g/43.4176.csv,212e1b1e098f3db7208b3d0ff273e51299b4c441e6d6790a848618a9253233e7,9129c8a0ee01dd74ff5b641bdd4b4d30c4e74d9aa4dc319cc63cb8c7d562dffd,17571793,2026-08-11T16:47:52.419284+00:00
MAFAULDA,imbalance/6g/44.4416.csv,ec17e602d6d0355158ee43bd034f7e00ee5b6fe8a3f914dadc7ec1b931dc183c,b8f0bc6a47ed0cfa6b97c0535d938a72679b2d21ab1ef9aeb4d1b1a8054b1ce7,17597858,2026-08-11T16:47:52.467284+00:00
MAFAULDA,imbalance/6g/45.4656.csv,5a29fa2f7d73cbc87732bb8db62df6697fc8562ac2bdf1270a47a549e230b393,50d966b26e4a480198e94ab76ee05d24bb74fdec1ed0d451a905a14739ca25a7,17614993,2026-08-11T16:47:52.517283+00:00
MAFAULDA,imbalance/6g/46.6944.csv,7510dfab9e1c3af17dd6edfa36611f438a22d8828ad37365b320451e9f5085b8,5067675399936fe26dc48c14c00e74e2bb7ede30865312c39e319f328061420d,17594445,2026-08-11T16:47:52.565283+00:00
MAFAULDA,imbalance/6g/47.3088.csv,e9ff5e2c7afbde93a5354c25ca5086c4f8314431ec692d4b66460027181e3960,86d915b1657b6f00f7066b87972acf6aa35fa0e0e1d1a5fb146668ff5e5736a9,17579751,2026-08-11T16:47:52.613283+00:00
MAFAULDA,imbalance/6g/48.128.csv,b6d33a7b1fbee4d29cb6002756a5411e7208ff5e4926805a76a52cc74f6e69ab,02b94bcd0958766bc46fb842443b7803ef0a7f9f4dc8184040d9f6e1e831a9ce,17549572,2026-08-11T16:47:52.662282+00:00
MAFAULDA,imbalance/6g/49.152.csv,9d351efdbba223e68c6fabb3211e9faba03f627c8df8598d176dba59829a5db4,58c10346f7db97e20ad83849918567c9f8bc131ed9e067d5dbdd890b75efafb0,17555447,2026-08-11T16:47:52.712282+00:00
MAFAULDA,imbalance/6g/50.5856.csv,f6e86204232811253808ac095a2b8bdf7b8506f1caf8ce7e2f362f4db40ff858,242055a2446f254e5e6c599dd32ad153f4b45b73c173648de45312916538428c,17517993,2026-08-11T16:47:52.761282+00:00
MAFAULDA,imbalance/6g/51.8144.csv,2cd2727da22cbe05b0ed7d66e6c5669ffda71acc46f5c63069274c128372b8dc,391985041a39e7c4b79906356a2f5bb1bcc772f52b3f40dceb7c6cb146f66e40,17495148,2026-08-11T16:47:52.811281+00:00
MAFAULDA,imbalance/6g/52.224.csv,20e236fdc9a22c25dc5866c0efbfedde9280ebf91c1709154bc611b4f7fad782,3d2c6fae49546b0bd824bee903ab45078c6e6c98b1b37dde08610b3a0be347d8,17527017,2026-08-11T16:47:52.860281+00:00
MAFAULDA,imbalance/6g/53.6576.csv,dab351ca4faa91a612594eee7f8a2427c255247a1203e509873d001a1e66da32,5b58755ed6c75829eac629625dc051d79c7304d5b1d5530640f1f06e9d1cfb81,17479992,2026-08-11T16:47:52.910281+00:00
MAFAULDA,imbalance/6g/54.4768.csv,ccd3754702a5942cda4cf435b2002526208921a1074d04f39720c708364f3926,0b43252adc5f3a3c9074bf89e1c10c298b854456d18263073a9a0cb0c774fed9,17448159,2026-08-11T16:47:52.959280+00:00
MAFAULDA,imbalance/6g/55.296.csv,0707b1ebac380220684d56f2f1a1f323132b81066e923eccf5b57f729ce9369c,d68d251c513a202cafb2f60914f087d15503e08b3211b9b3b866f27a78e19296,17360157,2026-08-11T16:47:53.008280+00:00
MAFAULDA,imbalance/6g/56.1152.csv,96946557eb76601160bc1dffbc29a378bccf7cef32058a30861bfaa99c348e14,50d2864db0da793ed7429abad64c9530600820208509572f1aec1ec65df0831a,17431340,2026-08-11T16:47:53.056280+00:00
MAFAULDA,imbalance/6g/58.1632.csv,9207a4619bc3cf70e2a27bca3dd623c25032429b33332116af6aeabe6786dc41,bd729c72bf6a61e63b0ff904ef56975a0585226b743c91b44f6beebdb1a7a8e4,17415703,2026-08-11T16:47:53.104279+00:00
MAFAULDA,imbalance/6g/58.7776.csv,74b16754449b672ca2d8bd25fea75d666731d08e387dc7d27f0f71e675e2cd5a,9cd417c9a2cbe1b8cf37b04d8a86268c81904158b793ca8142c776ec10877ee0,17358989,2026-08-11T16:47:53.153279+00:00
MAFAULDA,imbalance/6g/59.392.csv,084d77c08c5a430b2f4f6b1836461ed8108787023c477a5c727b5e3bd0c1aadb,1e9c3dc81dd63c2964658dd6eac965a55e32b16cc29e359638cc18a6945b1f96,17235818,2026-08-11T16:47:53.201279+00:00
MAFAULDA,imbalance/6g/60.2112.csv,e6c6d16c9a4a8f974520d77f0c89781e0078e7c5904ead902b27ab16c8d22337,0603dfbfa62864024e242bab7666b8a9aff2ee23b00c28f9a8ee91eabb780dca,17244089,2026-08-11T16:47:53.250278+00:00
MAFAULDA,imbalance/6g/62.0544.csv,276d6d7ec632ba7dece7216d8c1be5c3e954e230236da75dc05a1875f317e8b9,75476c411eced5e1d369285ab7746088c8eaa1183ab9024c2fa960d64d2904ad,17386285,2026-08-11T16:47:53.300278+00:00
MAFAULDA,normal/12.288.csv,24a5cdd91538f456909b3205aefe283882eb12f9d76a212fc0040b218dd198d8,2d64320466e34f4fa41625369604d0e278046551163fc3c37569c23af9800aed,17642507,2026-08-11T16:47:53.349277+00:00
MAFAULDA,normal/13.1072.csv,6603ff18c546312068c9e48ab26362eeaea223c97c14f1420c34eaa1657db961,7b6ed5c029e4099bf4f4f2c818ee62b49a03858bd907f0fe135ddca3ca6295f6,17526716,2026-08-11T16:47:53.397277+00:00
MAFAULDA,normal/14.336.csv,4c1165ddc87877c1e942396c0443f08c64a74e3739fdac78d386162378c9b6f5,d5e8f6bfd6e0838904bc67481726efb553f1566b4dc2c2b0450ef2c4b1ea04ed,17559699,2026-08-11T16:47:53.446277+00:00
MAFAULDA,normal/15.1552.csv,cae88e8086140fef85a9f26668b8b0de9e72c8aeac6e49513c24cbbcc1bd9eb1,8458aca8ae8c9148f4f942919f83976434313825e93cd024aa07c79a644f9833,17542085,2026-08-11T16:47:53.496276+00:00
MAFAULDA,normal/16.1792.csv,7d37c06ad82f691d7f7b3e5f2fbed4ad90a45dc9f019b42e32be1bd6df990afa,d8745ebebd2880224e2059349f4362653aadbdc5699f559c637e1643acb12270,17564431,2026-08-11T16:47:53.544276+00:00
MAFAULDA,normal/17.2032.csv,3f16b3626f880e52afbb8c2a2b84414c2e8bbe1d44350d19f2906452e8a9469b,8226f98c72d2acf5ef72844447c91032710f5213ead50367260d1da3505e1bb1,17414350,2026-08-11T16:47:53.592276+00:00
MAFAULDA,normal/18.432.csv,31509cb84cbaad72b31c80d55112ac6ed17b51feb35834e73e9aea1d92e83be4,0190a8576da319372bd3df42c04e8f996e18b533a5951f1d7e9da5ab3fada966,17431979,2026-08-11T16:47:53.642275+00:00
MAFAULDA,normal/19.6608.csv,ca8a5b6e9976c5f021c1a5fb1158e3121af661fa445099988c15a81245072c39,a304312213e8ce7a625d584df43f76b469d84ee833b8e025c70d2a380d20efbb,17502972,2026-08-11T16:47:53.690275+00:00
MAFAULDA,normal/20.2752.csv,2d0e9c7512d3181985ebbe55b8a8281ba4a7ef2bde6b9789364d39a7cdf30e3b,a61a212b373bbc56b6e18e08332f95d9c5ff14f0b61bbcc43524826a1e0b4ab8,17543416,2026-08-11T16:47:53.740275+00:00
MAFAULDA,normal/21.7088.csv,ed61c637d46d1ae2fdfff3cf9b02e683bf59e7209a50c9fa150edf0e19420064,53f6e67ffa78de6c228dcf81f2ad3c10c9dc7ba4a374c3b6fb09a22c40bad52e,17566903,2026-08-11T16:47:53.789274+00:00
MAFAULDA,normal/22.3232.csv,d6cdeae41193538619d2a4f928afeb271e652794b2851460705015f63753f683,094eaa281fb271038630d36e763e8d2f986cf51c33ed90cb26a60253956e3164,17509557,2026-08-11T16:47:53.838274+00:00
MAFAULDA,normal/23.552.csv,0f5046e1c19a960c272815ef8926850afa3d9b53db0cf0588a75e70798c98c7b,bc60f011147949a9a643dc37673c9f5a72640a5812231071624f54620bde38e9,17507686,2026-08-11T16:47:53.887274+00:00
MAFAULDA,normal/24.576.csv,c17ff3ed4379e50cab33fb9fce0247ea978226a2cad8eebe91f929b98340a363,dd92565b1f1898eb97e7701415fb175909b95753fcf167f622d64ca09e4f2f25,17549615,2026-08-11T16:47:53.937273+00:00
MAFAULDA,normal/25.6.csv,7579fc816d068bca5e8f4e2d9473f9d68328d20505c6c13ebe8ad157c247248e,0dff40e118c5acf87390f96877c88ad26a80917b394a1493b0db3b86e49fc263,17519504,2026-08-11T16:47:53.987273+00:00
MAFAULDA,normal/26.624.csv,dc759c6a61ddb09d92f5d85b23c02831154cfdd0542b7f8eadf38377cb1ca195,6960e7d19695989e8fc19663471a736246ea59a5dc5f65f22a7c9af9a6e17459,17524790,2026-08-11T16:47:54.034273+00:00
MAFAULDA,normal/27.4432.csv,d03d2df58cf005866e5b40feab5b0ed3b1aabfb6cfa4a7ca4357e01f97cc2e38,21fcb8120154ab329aa149dcd7eaa2bdb58b66ddf431d61e4ccda7d9e5f99eb4,17440845,2026-08-11T16:47:54.083272+00:00
MAFAULDA,normal/28.8768.csv,f6b0b7412c169fb6acdc2a042157c7cd95fbde2b7c9eb8187e7588908aeaf636,1307257604e0f87b87282421e04d0a28fc72ef8618fe2343cef0b37c21ed6583,17456002,2026-08-11T16:47:54.131272+00:00
MAFAULDA,normal/29.4912.csv,33d0074283b846d64e673d95d59b426e73f76d6a1064e1a35f07ed73b166e254,78d828758d8dbc16086e1e709054e335fba15a349879779708176ea3583b57ca,17363369,2026-08-11T16:47:54.179271+00:00
MAFAULDA,normal/30.72.csv,d46725b5a0463d3e246b27998e59b0853edb4587f54f48f249b45309c2d07975,f72e53f34a3701326fd60113ea179c558b41b81bd7ab3f96aa340e9e71cb081b,17438798,2026-08-11T16:47:54.229271+00:00
MAFAULDA,normal/31.744.csv,e82ca6d9119aba3f1f89985e4b0a50e962355f542a5c8d3476c661abf2dca106,7ecca5ed768027634cf3794bf5357a62fd032dae909b5f6dcaf7739735de44a4,17486351,2026-08-11T16:47:54.276271+00:00
MAFAULDA,normal/32.9728.csv,56b2dbdc9c256003c947ecb0bf7195c435ed62a9a9552831946be8a92c048aa6,3970f3f65215b953662131613534f79f37c2eeabff4850a92a109294cdda4151,17482424,2026-08-11T16:47:54.324270+00:00
MAFAULDA,normal/33.5872.csv,2a912ae4488bec3e9824b24cac3f4a9ce358cd808f87d3e819ab16a6d3ac3e36,8950a5b8884dd4ef2b5040da37d61709969f55e17affb594f50d1144b2514b7b,17491770,2026-08-11T16:47:54.372270+00:00
MAFAULDA,normal/34.2016.csv,972507ced558674a82e488a1e7b8ca43fe30f663b72fd04788cc529e5bd5d794,078e3d380eda77168f43173e3ccdace05846c1ed88c0996047d5531981a4b650,17503604,2026-08-11T16:47:54.422270+00:00
MAFAULDA,normal/35.4304.csv,f390a12d26d53ff1367456b2fbaba9a5e97ce1d3d91991d126fce3a115b503ca,841312108d79a127bedc9318358ba1ab3b449cd8e7f4d945af951eb7cb5821f2,17485616,2026-08-11T16:47:54.471269+00:00
MAFAULDA,normal/36.4544.csv,de92754f447f2159199dd6f014143b2a8d2215b125eeb2b3a511bb8471fa28a2,8f1dbfa01242a3ddb3e79ac7914527ac0d11feb3c90d96caa355eb2e6fd3db2f,17451095,2026-08-11T16:47:54.520269+00:00
MAFAULDA,normal/37.6832.csv,4b64457691232d22dd5dcf62a7624e5f8a51f413a10d14536d4596e953b2e88c,ca499ddab23d2f4344ab7d17e89695e486f07b8eaeaae7ff6d9d4f837db77ea7,17442409,2026-08-11T16:47:54.570269+00:00
MAFAULDA,normal/38.2976.csv,19fc312afdcbbcba6f92ac686fb71dec1a8a0e84d81022cd398d38435a077e24,c9aac640ba4eab66b12d917564725c7445dbc9fba7a300697b95364068aba3b0,17452026,2026-08-11T16:47:54.619268+00:00
MAFAULDA,normal/39.3216.csv,4b97349557cd43ac864ac4949017a1589e17b1857a5f3820a13908d22a5e02a5,bb5ac2e2dbbd560c7689d146223317da829ed0637994c5c5387b6e94ab9551db,17345330,2026-08-11T16:47:54.668268+00:00
MAFAULDA,normal/40.3456.csv,6e92243a9be38989fd2c2b95ceea641c0499eb743cbeb39f2616d6f8ab35f89f,c69a54d86fe58dfbd07b34463291d2e7e8629e641234e08cc3dce423f482607d,17362292,2026-08-11T16:47:54.717268+00:00
MAFAULDA,normal/41.7792.csv,63b2cb0076e0cbea55339bdb09da288dec10310f4865f449a17a27a4a746a088,e5f2549b8a793de09a4257ab56bc2924a58dabd4fef122c2d603ac154fb57836,17409075,2026-08-11T16:47:54.765267+00:00
MAFAULDA,normal/42.3936.csv,bc9b9b4978df59fbdbb9e276bd4769ddceebb022a85aa3777d0405e73d8b6aa0,83f0f93f6fa286c7f27ee03e70a261f9f36ef1b7c18accf72b872d1431183816,17416107,2026-08-11T16:47:54.813267+00:00
MAFAULDA,normal/43.6224.csv,0b002e27b22e4e4ce0fb84299d8085ab1d74e279e695879839bdccfa04bb36ce,c5022179c85fbbf4664463c1d7453d34b1f0ddc5094727968cab0f2c647d4661,17404634,2026-08-11T16:47:54.862267+00:00
MAFAULDA,normal/44.6464.csv,944c8ef6e8798f08273204bb17a45376c6419b692eb53d4133e04ef72fc6454f,b7ff89786e64a9949bd28e7c3fa32c86305e2a4f8af4d3fc84f8bcad86a9c906,17382984,2026-08-11T16:47:54.910266+00:00
MAFAULDA,normal/45.4656.csv,5df8fbb76d58c9aa0a24f3d59fc16a994c9f14956582f16b3dd31b01d7e85bb3,aea8091c932e120c416660f3a761ef44348a3f12a6594acc279252702c73bf01,17372674,2026-08-11T16:47:54.960266+00:00
MAFAULDA,normal/46.2848.csv,3b26d94692024feab1c8a5d3625f1cc9e69b99648d385b6f5bc80104a08a805e,3f89622396689d8414e0c584720efc332a2f9fcad17adb598c75c8315fb88450,17367230,2026-08-11T16:47:55.008265+00:00
MAFAULDA,normal/47.7184.csv,17df5e1b0f6be1d0d147022f88fb4a3062a2b113533f08fc0ddff8394316bcd7,160a4a3570d4922ff6cca18638b07ab8eeae9e1ca81e5178f2f677ba4e6ca875,17325512,2026-08-11T16:47:55.057265+00:00
MAFAULDA,normal/48.9472.csv,35dcfd0d00e82f870a081240be97f7697f38029c0260a0e7d626e83b6a6a8d52,d2939233a16c8b4ea07a176580c7782d8737e8b96791fcdefd36ba2e08ae6570,17338499,2026-08-11T16:47:55.105265+00:00
MAFAULDA,normal/49.5616.csv,4eafc4206e78846d880d3e86552a93bde3ac7c3f130362861043e4f4eec4addd,386f8ce809819874891396cb7e40413833fb073dffbf9867f4ee87ab3cf6d578,17438439,2026-08-11T16:47:55.153265+00:00
MAFAULDA,normal/51.8144.csv,e398b092719979eecfd78dbf0ebca332d8ecbe539941d78f82189d16254fb710,7c05d8c5b4f5a502215616fec22c005dc34db5e8ed6f9e1f6006017e75b7b784,17426095,2026-08-11T16:47:55.200264+00:00
MAFAULDA,normal/52.4288.csv,cb82f0280bd5a56f99b7c6dc0dd4e1b288a03b50c675b96e0b936993cbefa10c,d5ba96067c3222e6ab735054ec1dd08cd720a09ffb02d96cec2592c27d338788,17500316,2026-08-11T16:47:55.247264+00:00
MAFAULDA,normal/53.8624.csv,0e39dc45bccf71300e2fad8c1411b31b25f73adc46a39cce217968e60314aa01,ac860391a455bbfa6adfc9bd1e1b7260ab22269fac526dadc29c5728d6167063,17474121,2026-08-11T16:47:55.293263+00:00
MAFAULDA,normal/54.6816.csv,063d6d6ee9c03b9f84bfba0a1731ac23a29e672bd80aa69aaa1631364be5c5d2,36cad09d2887453d59fd988d528ffb27a2aa19b3f55b1e1bb3b2fa486d6e4246,17466975,2026-08-11T16:47:55.340263+00:00
MAFAULDA,normal/55.7056.csv,107e2007349b0466be9b7ee52d42e0eb9318c884f25af8319d010cb78c025ea9,57acd6b8313ee22f9d419f98692b005e1587fdbb056b4dfa05486ac88c33c962,17416165,2026-08-11T16:47:55.388263+00:00
MAFAULDA,normal/56.7296.csv,805fee467d89026bd6ea6a749f7a4d730f239fae5c6740fe4d62e01924e54061,f552536e6ff6fa96f1feee7354590814e2684010a395671ae3bdf21e3a3b7e52,17457220,2026-08-11T16:47:55.437263+00:00
MAFAULDA,normal/57.9584.csv,deccc9197f20c4987f4dd719b182d01354ff3022f6255d69b54ac6606d6b6ed5,1a7e603effe5be7378c53f0b384b2f8cc8063169355d59611764dfd73f3d8049,17408921,2026-08-11T16:47:55.486262+00:00
MAFAULDA,normal/58.7776.csv,90e4910b8ad445b4d286ece56c11b62b7df6711ab960668e31f179ce3082d398,5a592a4d7b10afea605425243b9384b42c3ada0d0b51956f6c4acf86e556b724,17385454,2026-08-11T16:47:55.535262+00:00
MAFAULDA,normal/59.5968.csv,11e18bbc44e0278491d2ab3b0fb74b35152f6908c2eeb6c1627c04e2afbb24da,0b3568c07326e99a86908d47b10bb61fd629720680630ff3b810faf3e8abc9b9,17385522,2026-08-11T16:47:55.584261+00:00
MAFAULDA,normal/60.416.csv,bcb6ca321756854ed82a6bb027b631c40733f0bbe95d5e2e8b755764c9765e94,007561d3639eacf96a3d8a8584aba08b53907fedb15dce5c6cb924779746e328,17349631,2026-08-11T16:47:55.633261+00:00
MAFAULDA,normal/61.44.csv,7d22f706bb984e45aba7c8d48c493b9a13e327fd3f9e4d2be3d523e01dbde7d1,76d42a452263f833ebbb89bca443583256f5fae30fa2432c0f75dd4b115440c3,17413303,2026-08-11T16:47:55.682261+00:00
MAFAULDA,overhang/ball_fault/0g/12.9024.csv,765a90fb6474100bf3451e41dcdadd5d7489ba96c28bddf2851f01157d001af1,4ca0f3600cc725b886ed83ff3653abbbfef2a046c44b3841b4b9c96fea436914,16566032,2026-08-11T16:47:55.833260+00:00
MAFAULDA,overhang/ball_fault/0g/14.1312.csv,9e3f9a78e17525ce7f51016fb1505305b62582d1f326521d0c775833dbae9912,7a9a593dca35828fa473b36d77365bd8fabed615c78cc93e73579e02786bf182,16534404,2026-08-11T16:47:55.883259+00:00
MAFAULDA,overhang/ball_fault/0g/15.7696.csv,77a46f5bafb4c0e19a1aacb1e391ae5b25def031bb668812dfd6d74c662185ad,f0b8527109c041710f7aa80992756a96b057810983b087ce46d0593c3b5ef957,16327275,2026-08-11T16:47:55.933259+00:00
MAFAULDA,overhang/ball_fault/0g/16.5888.csv,d95c5a9e0758b8de4dc302b8bed387b9c7f981dd95b751d13d19ec91b6ae24c5,c95e829ec12c9d541e4d10063b6ac45457450d9f593d80285fef471e03616c68,16370965,2026-08-11T16:47:55.983258+00:00
MAFAULDA,overhang/ball_fault/0g/17.6128.csv,06a03c164a2f2f1d156a6364ecf2edddd80968988b23496833303c2d06270ade,0cf3b7a1fb6280daa3d1f632987d0c2fa7abe4ed42b95b915bfbf1a124ca2d55,16334520,2026-08-11T16:47:56.033258+00:00
MAFAULDA,overhang/ball_fault/0g/18.6368.csv,5b1ad2f506ca35350152b044919956f9c16b3ca93d465fc7baadb1396f8ebf99,ca58c33ee3d60b208f71d9be92b6eb27b9a11dbf958790b92ac970dd915e8acd,16401052,2026-08-11T16:47:56.082258+00:00
MAFAULDA,overhang/ball_fault/0g/19.6608.csv,22abcd950390e1c1f824e11ce3a8b2c2df1bf0cf1d4e8e6c092d4ef321ecf211,5693cd406b3bf29ce16b66bf446714e2f09372b090190e61416ab404b881f7bd,16402175,2026-08-11T16:47:56.132257+00:00
MAFAULDA,overhang/ball_fault/0g/20.6848.csv,9e5bd28dd7764ab95d26d7a6d97dd07d14158e675d7611810be83d528ce6c14f,0b4efdeecac1b980e5c6479a3ca6223e1c7b662f7697149ab82f96d147a98d9d,16498502,2026-08-11T16:47:56.182257+00:00
MAFAULDA,overhang/ball_fault/0g/21.504.csv,3dc57902a0484870ae8301096fad6a87496f51879ea5ddc80afc78ef922e9e1f,c8d8477943451cc118b64f9b97f88430e4e53f61d210fe52340407be74eb6c50,16556859,2026-08-11T16:47:56.233257+00:00
MAFAULDA,overhang/ball_fault/0g/22.3232.csv,a6d0b8fea19deb3c7e6c972099ce286c84245031963a3bbfc2974e0cab6246ae,0c271be4c7d6adc7b224346fa843bdc9609aec71fbc9f05959ab37eea50e4717,16560707,2026-08-11T16:47:55.733260+00:00
MAFAULDA,overhang/ball_fault/0g/23.552.csv,ac405120454d39084139d5a6b36398fd84410ff990584bfbb7054db1c406cc61,39bdcae860910d6e7e0a1789820d19d6c3eb2ce818662c4b1e50d350b5050f6c,16515083,2026-08-11T16:47:56.282256+00:00
MAFAULDA,overhang/ball_fault/0g/24.3712.csv,fd06406e1fc85d3859e739c3be3bd0d7734fc82f8ca24ac0ce9b46abdc036a18,e0cd694fb7321804c735c82e0c7dba3940d2f99815e120c9c4c4c935fe83bc43,16206866,2026-08-11T16:47:56.333256+00:00
MAFAULDA,overhang/ball_fault/0g/25.8048.csv,13cad6d5b3ec9964e32d275a751ff827fef7457f4669ac905bcd9cf64b42ee90,3de899e4402b54375c78f05001da8797402898baeca8845cbbfb7af5a875f4eb,16274589,2026-08-11T16:47:56.383256+00:00
MAFAULDA,overhang/ball_fault/0g/26.4192.csv,8212b0b5e8b0ea8d39b6be339d834dbbb8c125798ae8230a269161cb33fcbc79,3ed129366b979393d3554d92f301d80f8583c471b6adaa30de1975a34ee69ae1,16249531,2026-08-11T16:47:56.432255+00:00
MAFAULDA,overhang/ball_fault/0g/27.4432.csv,f5f384aa0edfe872f03bfd2252c9df28327ec61d7cca2ba441f83684c15915ec,ab03984ec683dfa6f0f08df833a03d0b2f9d57289a98446f8e296f75137427da,16347117,2026-08-11T16:47:56.481255+00:00
MAFAULDA,overhang/ball_fault/0g/28.8768.csv,0aa0786d428b8ddd5ecff46d9c264ba85650c0d49c82fcf7399d08db6ef29d75,9e187c191c9c234e373547fc4169acb508d412a2b49d750fef184a4478ba2f18,16166104,2026-08-11T16:47:56.530255+00:00
MAFAULDA,overhang/ball_fault/0g/29.2864.csv,03edafb8495a2b168e4dbdccab304d98f6f5a13de2a7da3833c8aa4081c4f410,c2b644e44bbd25a846482879f61e711d8790f7165a56ce214d3ce16c59fd7ef7,16143934,2026-08-11T16:47:56.580254+00:00
MAFAULDA,overhang/ball_fault/0g/30.1056.csv,ef40dabc6de7ed1eb8514b3c11d4bffa204a63a939e955f0364c29fd5b228bb2,c82a78ad7b14e384cae98ee180e0cc97e57e99417367021da52b0c224a24e476,16017602,2026-08-11T16:47:56.630254+00:00
MAFAULDA,overhang/ball_fault/0g/31.5392.csv,b5343f0e0911bdbdad730025fcf343606c1dcf1f6d34cd6c0d76080be2831178,f42f907e94a638f6876882a1886dc4255d58f387ce256ebf70da86f6d54a0177,15911796,2026-08-11T16:47:56.679254+00:00
MAFAULDA,overhang/ball_fault/0g/32.768.csv,18fdf47b6d11c067c1b23f5e27447191a92a3bcfaf45427105d572ba5e950dc5,50900c1bd1217630bdd65414d10132c8c31b875f1e5d6461e2240fb1e0fb64c6,15892854,2026-08-11T16:47:56.729253+00:00
MAFAULDA,overhang/ball_fault/0g/33.5872.csv,29bb596448d2f3e4567b8fd8cc8cc48fb7817f7272e080b40428dcab21bbdf25,e1fbe777393821154ad2a2afbfc49e981f80d34277d0f3f22ccd6a8d7b2261ee,15934938,2026-08-11T16:47:56.779253+00:00
MAFAULDA,overhang/ball_fault/0g/34.4064.csv,f39bfc26367d81e430e1b63d4c9100f0981f08d87993f6063ea64af7325da647,60fc59b2edd64b45299e5e56e5685ff8f0a60a4b5081a93febad3188f1490138,15917634,2026-08-11T16:47:56.829252+00:00
MAFAULDA,overhang/ball_fault/0g/35.6352.csv,c958ac6d36b7d442621cf523f10c270f86fd9840e1bfd7cfb27fb367cc7d0a1c,8db784dd02a710ce3d616bd785e1e02553fa46e7eba7c60ba9c44e7b929e8cdc,15930079,2026-08-11T16:47:56.879252+00:00
MAFAULDA,overhang/ball_fault/0g/36.4544.csv,9fd171c70c07a72f9c36680316a62de2da3b80bf608c637bf5e1d419cfa1c9aa,f571092027e754dee1ba0106b494c1ea64860568f0e959161fef84c119063991,15974952,2026-08-11T16:47:56.929252+00:00
MAFAULDA,overhang/ball_fault/0g/37.4784.csv,2f212b73e897ce3e5bc57dc5818a68f1529e8b587a92d211e3c9889e1388970f,089795fbde16574922b24c57a9280d1d64b37a3bbd11b5191c15f59e1430928a,16018174,2026-08-11T16:47:56.979251+00:00
MAFAULDA,overhang/ball_fault/0g/38.2976.csv,c2fd262190651f1f0e0e17e2a17f9f2c344e15d566636d5c5e4cf76724d08e7a,b4a831208388b574920c427fc7d959b85cafd6e767c14f3e2384b04d0569379e,16070712,2026-08-11T16:47:57.029251+00:00
MAFAULDA,overhang/ball_fault/0g/39.5264.csv,64599c9131b30399355d99fa87871c97f03da338b307586454db45a5d0d3ae50,0b21d33fb7d69b7d46d1c403238ca9232f8bf9a4355c4f2104d07513dce15073,16099868,2026-08-11T16:47:57.079251+00:00
MAFAULDA,overhang/ball_fault/0g/40.3456.csv,4ebcc4df12af8f02abcb444393bca4018c47b390c542f6b653ce3df65831fd0d,25e1dee1cf3c88d2741e796b08ee3c560d348d2edf896e24d5f47368d26d5650,16115306,2026-08-11T16:47:57.129250+00:00
MAFAULDA,overhang/ball_fault/0g/41.3696.csv,232a09aa21920bb5cf4871505408b8eda24bd6c6ab4bb61edc7d0ef00a64ab16,40d1365be84a1e3ab0e2a9ddf1089212158d4d73dfdad84422c7eba050f56e33,16163966,2026-08-11T16:47:55.783260+00:00
MAFAULDA,overhang/ball_fault/0g/42.3936.csv,792673810f334ecd5d915bfdf579724a2d64165e1cceb6cfb8bbe074e3277ac5,bbe682052b9676e3c5b77ae92eff955700f5b4a063d425803b3f6326e54a3758,16052319,2026-08-11T16:47:57.179250+00:00
MAFAULDA,overhang/ball_fault/0g/43.4176.csv,92513a703fc5d1f87338f7e136a809519cfa2fd5c5d89dd0d498dd148da3b622,c745528bc06a5510a108cb2aa2cd283bb1df1c7e9b4b7188348e37d5db3242b6,15993962,2026-08-11T16:47:57.229249+00:00
MAFAULDA,overhang/ball_fault/0g/44.032.csv,26681fb1a93892871dde77b15e08ea9d1772dbcf4365f6e58a2010726aa15398,7775d9a427004e7b911a7c75aec0663ab9bdac9d2eea57125af905e4592356c2,15944651,2026-08-11T16:47:57.279249+00:00
MAFAULDA,overhang/ball_fault/0g/45.2608.csv,ebba424bfabc38765c18dd51bc6462eb26d17f296d436619ffc72e2c147c62e2,2bba85b7d3939c796d170563b385727455013e08110e90d43e27f6da98a4065b,16005877,2026-08-11T16:47:57.330249+00:00
MAFAULDA,overhang/ball_fault/0g/46.4896.csv,4f2430c72bd3217f935265265e53d4a83a3282c4e908a30fa6b536c897a102f7,da20bd244cbc6fcbd4a64009ab9ff693a646cf360011a8f1b2e2d0d36f666578,16034485,2026-08-11T16:47:57.380248+00:00
MAFAULDA,overhang/ball_fault/0g/47.5136.csv,7f09c5310d35c5193d8dd185a81ba8102664e4f5c8709db6980e59888ac3d05b,d4e01d1d84351f2be2c8bf25030b8a1bfe707a7721a550569ebac2903c02a2ea,15995963,2026-08-11T16:47:57.430248+00:00
MAFAULDA,overhang/ball_fault/0g/48.5376.csv,9a896b1d3d45ae98ea55ce891f967eee639f45c51b72b9d70e7594a815408d28,4866b72d1eacc9b8ef3754a72d6b976edd2b64cf440fae3e093501aedea6a54a,15961355,2026-08-11T16:47:57.480248+00:00
MAFAULDA,overhang/ball_fault/0g/49.5616.csv,1ec56fd4a909c018c1a40fbf91436705c9abef5ebf907903f48a03b7325b4e8b,768729d4a2a6ff4ce9a8c1c26e22cf676011e6ce202de6e25e3faa7b29a8f25f,15950924,2026-08-11T16:47:57.531247+00:00
MAFAULDA,overhang/ball_fault/0g/50.9952.csv,f0287df6cc529d5b21c5406e0d3ced13245cb03515aeabc5c819fc55b84b9706,6abf142ee79a507da2fa6c21bdf49f6322675bf19b6ee64c6813bb83daa943b6,15942922,2026-08-11T16:47:57.581247+00:00
MAFAULDA,overhang/ball_fault/0g/51.8144.csv,af6255215af73f107a6a6719552c1a3721c1cef687df41a3ecd7cf50b0b863ae,d1046c172c181b44648e848ccfd1e69a7cf7f405c19dd9a439182480c9c5ebb8,15966142,2026-08-11T16:47:57.631247+00:00
MAFAULDA,overhang/ball_fault/0g/52.4288.csv,7e1edbbbca5e4bf50093e391707e938c94cca2814abaaebb7b1dbbc72a563832,4e1bc9235a559bc604cd5ec02c5f2a5b97e82892d9a1afafa63e40b71aa8b3f4,15995118,2026-08-11T16:47:57.682246+00:00
MAFAULDA,overhang/ball_fault/0g/53.0432.csv,aff23631fb67c64703ec5ba4b7dadbad2b4c749aa500e816d88505b5ca4840a8,04394088574641b3c38e743c835940a0f9096db12b8da683e9bb2bc1614efc4c,16016761,2026-08-11T16:47:57.732246+00:00
MAFAULDA,overhang/ball_fault/0g/54.6816.csv,5f5698241eacb00d26f6f69e204cb96e3655500adc23e0a000076bbfea819f02,10ae051ed26117695452bcdf91fb988d1c2607fd55b1f7e291c8cc81ce446253,16024421,2026-08-11T16:47:57.782245+00:00
MAFAULDA,overhang/ball_fault/0g/55.7056.csv,c64f9c419b9e54f5893da391b8028778e44e662c0004206ae6067889bb792eee,2ac87b3b8c41aac4ae0143fc2f93b293b8a200779342e65a104ae3a9901ec753,16038448,2026-08-11T16:47:57.833245+00:00
MAFAULDA,overhang/ball_fault/0g/56.32.csv,5b921d1de341413102b0b9c089d7b16423e3db0e2fb2e40d802a71b71306a84b,d7a3c042704400f5a4d4b46a9d6e41421179cba61b43a752b2023532e10b18e1,16046279,2026-08-11T16:47:57.884245+00:00
MAFAULDA,overhang/ball_fault/0g/58.1632.csv,f6f0ad3e6a4a367644e32a5f03ca9c8e80e2f4f997351f962a45c9569588e906,14ae99d64ab4bf537a9d38f94da05d294e5d901c9eba26eab3e3fd0b108186f2,16034229,2026-08-11T16:47:57.934244+00:00
MAFAULDA,overhang/ball_fault/0g/58.7776.csv,bcc38b373f039ce2e5bb1f20984b8d8c1507996ebf2e6ef049299f0edf9ff5e0,a0299b7bfb8f6b05992eb29ac96beb29b2b2e3bc10f6e46c2fc6a7aae21b1409,16001280,2026-08-11T16:47:57.985244+00:00
MAFAULDA,overhang/ball_fault/0g/59.8016.csv,8ee6c3a7bfafbbe4e82f0a0cb44a4403a352bc1c0d07d7cff87f1a91c4bcc8b6,fe5bfba20013f540d7a0fcd336be728d509bc9e9452160818bcad53f4de8f3b7,15980923,2026-08-11T16:47:58.036244+00:00
MAFAULDA,overhang/ball_fault/0g/60.416.csv,4db308d391840a2a5f2123a5902e732a712bf7f3dc16431ee745561811c2a00f,bd3a15e0ecb7ce12a0165913065f41711c1688463111fae256ccc00b0e0a8196,15964031,2026-08-11T16:47:58.087243+00:00
MAFAULDA,overhang/ball_fault/0g/61.44.csv,a4df6b685c02c4261ea5f201d4bfa01f335c417dd5e197dbb60417f754eb7ddc,eb99c2aab7554fbd957886f78743d9693eb788fca77309eb2c75268212f4cda5,15975635,2026-08-11T16:47:58.137243+00:00
MAFAULDA,overhang/ball_fault/20g/12.288.csv,46a8b2310a20aa84caf903ab895b5c8191b5a71077abc338249521e3c3885ac6,0c8332d9a5ccddcdc5c49296436202e51728c317c8a5c6a755ae44f6a17e1403,16361497,2026-08-11T16:47:58.238242+00:00
MAFAULDA,overhang/ball_fault/20g/13.5168.csv,e741ef83952e7e2cfef558ce534d8a1fded38770f8dbbab8ed079bfb3640295d,79a546e66403dab21e37aacfd5f2fbd0fe3b523045e051a985b47cced439f307,16395955,2026-08-11T16:47:58.288242+00:00
MAFAULDA,overhang/ball_fault/20g/14.5408.csv,529d05f635d21244f205811d7ce6dbe3286126a380344c00f716178ae15c048c,9c5722000fe14754f08e1780f4ba544c07e10b939867b5c3813a9894eebaaebd,16371243,2026-08-11T16:47:58.338242+00:00
MAFAULDA,overhang/ball_fault/20g/15.5648.csv,9488e4a8c33957f60989b7df1fff74e5ecae93142097935c66712bf9fdc365ae,c14a2a6f77be5d00c23c111689d384ab5113c81db9a35e750771cffad29f1d54,16352019,2026-08-11T16:47:58.388241+00:00
MAFAULDA,overhang/ball_fault/20g/16.1792.csv,afdfdd99b6cb371561be68cbea14c900272db9f7af263e8f64361b2a1ce48a02,b7856f64f9bb117cec3cd142d140de7c0447d483b069527a1ed49d756305184c,16294543,2026-08-11T16:47:58.438241+00:00
MAFAULDA,overhang/ball_fault/20g/16.9984.csv,d8b0b18b1ed513b247bf8775c759b441d6b62a74e6b38666dd8a0dcf0663fe52,398811de5235b29619cedce9489d6f8492f9b60593eb59867fa4b0765cbaee4d,16306527,2026-08-11T16:47:58.488240+00:00
MAFAULDA,overhang/ball_fault/20g/17.8176.csv,fcb0451e1d73b50dd0e4332a71e423c6cf6557943061ac79b1e3da74db635cee,24e975ad85daa2e16a246d22c5ffd1f6283d5b6a251605c40ff8afb3c54ea8bd,16306276,2026-08-11T16:47:58.537240+00:00
MAFAULDA,overhang/ball_fault/20g/19.6608.csv,58d378170c848235fa9908f79850bfd0e5295b39a5b4690d089fcd199eff6b2c,5ec767432ec1d1e382479f2f7b5d33169c7d33876b5683684a0c79051a6d67e2,16303648,2026-08-11T16:47:58.587240+00:00
MAFAULDA,overhang/ball_fault/20g/20.2752.csv,513ff0d2506afa17ce95a51caa70a076edc4d3ef88681b6b5bd7d01373ac4799,c979baf4a49d19f880fdfd29c4b8ab2eae9531bb94c998c8d398c1aafe46994f,16297798,2026-08-11T16:47:58.637239+00:00
MAFAULDA,overhang/ball_fault/20g/21.2992.csv,ba0fbb73d08d6b26c6e041508cf419bdb03e3d08ae365fe798e062e211026f05,e65b4f1ff5134d7a0dbeb3ba0608d93011da670154892f277da11065fc240910,16278410,2026-08-11T16:47:58.188243+00:00
MAFAULDA,overhang/ball_fault/20g/22.1184.csv,316793d2a08276027b8be8edd7a5cd9cb4d578effa5f0d1423f446b131006175,29162725c28a737c370f5f013a4294ac9983357d63f26ecf882aaf7a1bcd2d11,16198754,2026-08-11T16:47:58.688239+00:00
MAFAULDA,overhang/ball_fault/20g/23.7568.csv,b6dfa7b9952c21cc6f27f57309f06af0be684a669d5eba016edc16a296894c0a,82678d3f92ab19bc3a72ddcc3c660a0bf4ec2de6f7ca2b8bd4687ae364d42a45,16108804,2026-08-11T16:47:58.738239+00:00
MAFAULDA,overhang/ball_fault/20g/24.3712.csv,fe00c41dae4362d0a5c5b1fb18aa268a2bd170c9e185452aec21e3bf5944a925,a04a5bf8dc29b0fbf3f314a648cf8141c7b2efcb19089753d3c99ad4604ff0c9,16101480,2026-08-11T16:47:58.788238+00:00
MAFAULDA,overhang/ball_fault/20g/25.8048.csv,7ed29ced191a2218baa169c639ee7f36b9d2af4ae6f073f03bba46855c405b1b,e8542697f18274e24aec0231aaf1ce2b13dd2c208fd66dfb5a9e7509d2ebb976,16105395,2026-08-11T16:47:58.837238+00:00
MAFAULDA,overhang/ball_fault/20g/26.4192.csv,6316d2b6b4ea5081212e6fd4e262d452d6060871661fd97137d6b45ca52e9c84,2b7a7d95fc01af974bf955c2f41e36a84ea94579b3b6f6ea6db3bf13929bea0e,16102837,2026-08-11T16:47:58.887238+00:00
MAFAULDA,overhang/ball_fault/20g/27.648.csv,c3cf3c3be6b93f20b306cbcaf9145e21b5adf027640dc47d588a8430d8a0b44b,08150577f18b410549fb282a1d1d77c0c3c21d736c12de4eaec850d97573ecf9,16117723,2026-08-11T16:47:58.937237+00:00
MAFAULDA,overhang/ball_fault/20g/28.4672.csv,464e32fa67f40bb92dd73a325466886c8a1a705d4e344c236041f0bce78a21fc,1141a5dea54133b42fab456d45010f3a0fc71c021c79429dd82b61744ec258b3,16105587,2026-08-11T16:47:58.987237+00:00
MAFAULDA,overhang/ball_fault/20g/29.2864.csv,6318a9f793dcf3418e6b74d4199422f2275cff26a5690ef8f57bfeb49f8dc9e0,c4a4ae63c8267fa6aacf7cc360533ee740d984c137d39f2039e74d155a6fa138,16069240,2026-08-11T16:47:59.037236+00:00
MAFAULDA,overhang/ball_fault/20g/30.3104.csv,717561b4c55d743852c9a83a51c32ec4a35957fec83d1628765c3ee1799241ba,a26cdb012c197d6e24ae3b26f6079a006b2807aa80b147b66e5210f934873b85,16012114,2026-08-11T16:47:59.087236+00:00
MAFAULDA,overhang/ball_fault/20g/31.744.csv,de2bb3d01635739d76604e507d0b034e9bdb67a27a92b565a79ca7b918d8d356,3efcb9242dedd477408682e19f5c18c05efb18a178ce8159539fc6c094c9b27d,15919085,2026-08-11T16:47:59.137236+00:00
MAFAULDA,overhang/ball_fault/20g/32.1536.csv,c288842869696626e49feba658ff519f3c67e803927b146eee834cfb79cee241,fb7c78c4884c22ff59e2e2ad7a8d615c6b7bf8ade9690e051300fd01a4f4cb21,15885952,2026-08-11T16:47:59.186235+00:00
MAFAULDA,overhang/ball_fault/20g/33.3824.csv,75934434f9aa6f3cd105c372bcd9cc84df2b37fcde2a1c6c593ad98dbd0fb72c,370ed4b04305bb0003eaa0b613cb69663323ef4beeb517f8f151c03f0709153b,15856036,2026-08-11T16:47:59.236235+00:00
MAFAULDA,overhang/ball_fault/20g/34.4064.csv,aaf8d28ccbb5958e2661c7db046325e4d222e8584ed6eda5c015ab0077dd857d,5d58503897081ea8ebe4f4456c453fe8503cc0f4cd1b7eda15e8c4abf60c34d4,15873111,2026-08-11T16:47:59.286235+00:00
MAFAULDA,overhang/ball_fault/20g/35.2256.csv,8d1bf53dcab10741792d30009719bbbfe5be088f1c1a4a036095803d9caa2a16,853628637ec4a9367aaf4294133ea9aa73fb64ca88c33fc3443dae40121473b0,15871299,2026-08-11T16:47:59.335234+00:00
MAFAULDA,overhang/ball_fault/20g/36.0448.csv,01cd19f99960ba48580f0764447a119f09d6179fca6fc6341f2bb1ca5fbb85fd,46cd8419c1786fb843432da62bb685a588b1edeb03f1415ee19a29d9c9765cd4,15827245,2026-08-11T16:47:59.385234+00:00
MAFAULDA,overhang/ball_fault/35g/12.288.csv,2d3c0db3dd1420ee71a61c946ec5430c119f8f0523c1be16243415f7e091f640,68cea1d37a865d9ef3d32ea6e040816af195b3d4f2560016e5197a044d9a08c3,16559461,2026-08-11T16:47:59.435234+00:00
MAFAULDA,overhang/ball_fault/35g/13.312.csv,0946927d55cbfa4ae046212081b5dcdec5393adeb6061c3f148b3a6b75979c07,876149a738b390be0d1806dd77f6d84e6a767104d1136b8d0ba4bef4ff99c73a,16379729,2026-08-11T16:47:59.485233+00:00
MAFAULDA,overhang/ball_fault/35g/14.7456.csv,318fe58836624540ab9a9abf79d399f01e3aadaae96f3526a481d1baf7bc8a8f,77e42c76ef29ece7c2395359bbc8679f996483a17d42a1d778d65411d88566af,16179153,2026-08-11T16:47:59.535233+00:00
MAFAULDA,overhang/ball_fault/35g/15.7696.csv,c1fdcad55884701ab13c2559c8d590ca5dfcec57ab3db3c71787eb06ab232de3,6ef3e3bfbc9bc66aecc3bbb3a1bb471bbd0cc6ad7d8eb64b9e87a31b8045ee29,16282994,2026-08-11T16:47:59.585232+00:00
MAFAULDA,overhang/ball_fault/35g/17.6128.csv,17e71ee04b7410c6467728379e6fd6e6796e4e72c8ada30c2115fc31f90e2516,ab08be529079800a51f596698be6d58ac769730865302d1d103294377a2ce1b4,16279734,2026-08-11T16:47:59.635232+00:00
MAFAULDA,overhang/ball_fault/35g/17.8176.csv,0715c234b7b520f809066c0e9f0f01612bd9715658a55aef328c2a66071da062,92bf82297b143a8a0e45d965a779c922ad710b372cc47b36036aec4f2616d28c,16256168,2026-08-11T16:47:59.685232+00:00
MAFAULDA,overhang/ball_fault/35g/19.456.csv,df4a8ef6afe84b550deb40a30da2cc6e6e7915dbb0055ee635227909ecbfbf19,8a1d2a1208000e89681e84069a90bb606750da3bd6dcecaf90ec22cfdaecdc4d,16204463,2026-08-11T16:47:59.734231+00:00
MAFAULDA,overhang/ball_fault/35g/20.48.csv,969c4b40ce5d2b561d7683a5363b92347c86ff61674a98e325e52b969c9327bf,643b12fd4fac4e3d49f12c75a784b9ecd5d108a778841ca7e24cceff27f29232,16257642,2026-08-11T16:47:59.784231+00:00
MAFAULDA,overhang/ball_fault/35g/21.0944.csv,2871402b4d777323d7116f3f1262978f131dfcf012c9ee28d2e6e123e0a131ea,e9e2615184fd4b627b33afd481dab37755fd9860feb4fdc3c56c1fcbd77d1c14,16233970,2026-08-11T16:47:59.835231+00:00
MAFAULDA,overhang/ball_fault/35g/21.9136.csv,7a39a8de26033222186c8d789b9d4c39237a71a15d99869cbdb59c8015da39bd,694e774ce122456875b06caf3922a7f023edd187fb8f02801208bb1c67610970,16191455,2026-08-11T16:47:59.886230+00:00
MAFAULDA,overhang/ball_fault/35g/23.3472.csv,cefbb4ac3b0804ecd70acdbac268d0322b9f4b8c002d4cc217905aba2dad6ffd,242b49b5be5ca1ee24b14049dccea86962a420ad18c4eec97c86ef9bf442a24a,16180797,2026-08-11T16:47:59.936230+00:00
MAFAULDA,overhang/ball_fault/35g/24.3712.csv,867c39365d67c0dbe3903c5878af87603ece70dfcbe71c73977067b2be9a44a0,c24c4ee73b614a0b0883a48234f107db30378cb464d3c51570b77b375b3f4f4d,16168275,2026-08-11T16:47:59.987230+00:00
MAFAULDA,overhang/ball_fault/35g/25.6.csv,ed6f41d7208a40ecc9da5753e50448b355dc190b23815d813530bce355a9b216,4a47439e65820043ecc1f2751ca1cc4e53bee34e6d4c52b74fe1e7505db448f8,16163093,2026-08-11T16:48:00.037229+00:00
MAFAULDA,overhang/ball_fault/35g/26.4192.csv,4f87d31e4b9c981e12ee1a3d39c6274416b40be2691fef063bb9c34f1a8e6a13,e321136f96493f81941bac3702b1c637383cbbda181f2ea77d1b434173d37419,16158755,2026-08-11T16:48:00.088229+00:00
MAFAULDA,overhang/ball_fault/35g/27.8528.csv,ee57f4123dc6e481157ec39cecf88ba31a6fcaada1419017d5e8fdb554ff7196,6a2040818f1037315b3d6feec1e97b12f0855f5d20d1649af44ce22c6800ae37,16133901,2026-08-11T16:48:00.138228+00:00
MAFAULDA,overhang/ball_fault/35g/28.672.csv,309f7923ac58aa117a256794051ecc7cd7c08058a0768d2bebd39af87c6366a5,fb5ad6502940f16f1b5c354bb3f21eb75de1e03380cbaab8d5a654999666546d,16179054,2026-08-11T16:48:00.188228+00:00
MAFAULDA,overhang/ball_fault/35g/29.4912.csv,07cd4d80acecb54ddf670fb99bbd58f3a09084c85f43680b115e78db0f4e883b,3d24a7853c2b7a72cd46f7e32c348da03aff856f1db2ed2072c7dec191d5fea3,16115253,2026-08-11T16:48:00.238228+00:00
MAFAULDA,overhang/ball_fault/35g/30.3104.csv,93212c0f85db0e9222b9548ec29fe69c712abaa0249ae34c5d5dc0d414048960,ea555703d344a4b698d693cce6df6534afe8ef177abb95f6c523f5098f423b22,16120445,2026-08-11T16:48:00.288227+00:00
MAFAULDA,overhang/ball_fault/35g/31.1296.csv,9c7b16b9a4690ff68d7c285cebd61bfb05f6ea5c3b877b323331e0ac6ba05797,bb9582fe540f79cd571f34d312082d080f08aa97b2985e0df12375dde4434d1b,16114556,2026-08-11T16:48:00.338227+00:00
MAFAULDA,overhang/ball_fault/35g/32.1536.csv,81365fba83ed6c09112ac27c3dd4a87d764e7c24f45b5c3a6863eace557cd453,dc6de082635f562522651d5730d83a334ac519f360a6340eeae1a08b259e5d0e,15943995,2026-08-11T16:48:00.388227+00:00
MAFAULDA,overhang/ball_fault/6g/12.6976.csv,a102d3a97820ec36f3bb3f8deac53b83105f440b0a120eae8d9a8af3098782e6,e0ce92f721dc1e58b7592a1ce0c67c6374f7171fc953d6415d02130083ed9f04,16367287,2026-08-11T16:48:00.539226+00:00
MAFAULDA,overhang/ball_fault/6g/13.9264.csv,83833083ed1d3821699b86134a62d6878cf267dab3cb5bb64c09509d1849170f,051c0da7c81cfaf7d1bbc9afe195304bc4296715d5a9943fc5c561a5ac05fc08,16396650,2026-08-11T16:48:00.589225+00:00
MAFAULDA,overhang/ball_fault/6g/15.36.csv,8d2378a374a2d8b055f59160aa9b7863c93b699b7bc85e1f709c7d15d8ddef38,2ef3fc677a7021c87843271f5bdb38796accbebee848e6bc63c57f5929f1f987,16189071,2026-08-11T16:48:00.639225+00:00
MAFAULDA,overhang/ball_fault/6g/15.9744.csv,6b163a7fdbb6da73479529a4c650c01b9b019dc3a48a72e245453b20578afa00,409b70857382bd3f572e2830e9ba9cad361236252d210c7c632665c7e46d9fa1,16128655,2026-08-11T16:48:00.689224+00:00
MAFAULDA,overhang/ball_fault/6g/16.9984.csv,978d2776d8e9f4444a02734b0b775a8669037f3e2fb2a46e4acb9df9c163c6fd,8a926c1144dd917d4b76c64d991df8ad6955c6f6baa73613a725c7d194af3fb4,16231163,2026-08-11T16:48:00.738224+00:00
MAFAULDA,overhang/ball_fault/6g/18.432.csv,e5a0b3871a3bebd02bcd9eaf38a63e61b89a67813e2c75dff6f84ab706829c1b,6aadf3d7cc981528fad1a1efa03de345c1a731701f7947e3fdae46df8a5e8531,16320298,2026-08-11T16:48:00.788224+00:00
MAFAULDA,overhang/ball_fault/6g/19.2512.csv,1e211783122cd6a4ba789c6e1199a7c93be091c95a69f4ab4416c7a08c4b8dca,f901eba201d50049a5e867589499bf0b004798fc31e3419e8c1221f29c2ba129,16316514,2026-08-11T16:48:00.838223+00:00
MAFAULDA,overhang/ball_fault/6g/20.0704.csv,e618a89c991a97129ea4f08cc652e22e81c3387f428421a439eaf47a44c9bd8e,ac8a520d2115b4a000ec9e657679863a0f876b6baf756c574799684ce3a5cccc,16341464,2026-08-11T16:48:00.888223+00:00
MAFAULDA,overhang/ball_fault/6g/21.7088.csv,d693056c0d2520c9a7fd58ecd7f432fe2a93848854eec9d90dbc8cc0a06eb33b,628fd1eabe354c7e4efcc747100c8b353c7c8dbeeb945db7555876c9f1f4eac2,16320192,2026-08-11T16:48:00.938223+00:00
MAFAULDA,overhang/ball_fault/6g/22.528.csv,a50f1611b29a3b45aa70b70c79e9983572bdae52d4a2acf253fbd0823eecfad2,11b1ea7d1393e0b6471a6d514c9675ddb75b4bccd8f3da2144643d4009d50dc6,16267472,2026-08-11T16:48:00.438226+00:00
MAFAULDA,overhang/ball_fault/6g/23.3472.csv,1a6bf34d120e73835d9c2a3aecf87d89db4aae51898662c21953d1c11802deb0,fe8b98cc349b2830dcbe52a11349ec091dbc64f997203c6ec8820c3be800636f,16173586,2026-08-11T16:48:00.988222+00:00
MAFAULDA,overhang/ball_fault/6g/24.7808.csv,5adf48febbad88f53095d43d29d88b54209d01692b5636f10bcfcbfb366aca4a,e85d9ed3ea6187654972541227d1f3cbbba09875879e509c6c913793aa38493e,16040018,2026-08-11T16:48:01.038222+00:00
MAFAULDA,overhang/ball_fault/6g/25.6.csv,a12eebfcf18d72bc8a34966dc87ad3270c76ed273416e2dcf7e54d34cf341e8e,440b33311a1c3502f485cc31b5d934b305816b75fd5857dbded600145ee2d991,16068722,2026-08-11T16:48:01.087222+00:00
MAFAULDA,overhang/ball_fault/6g/26.4192.csv,b615ab9702e6ee99fa7e32e74b3595ca9f90bf4c1c715c603f96807fe28771d5,0c75d9c215680cd0c5e1f59388dfe043950f928710db1f4d014e905134a7e865,16076089,2026-08-11T16:48:01.135221+00:00
MAFAULDA,overhang/ball_fault/6g/27.4432.csv,3a0b637b623f6b6de3b3932a894917f89e6125d976c37b9d9944c3414eaf3016,8bcf27adfc606dc0f0423c8a8d2f1eef0278c792d65bc9cbb1a2b02881771f32,16164338,2026-08-11T16:48:01.185221+00:00
MAFAULDA,overhang/ball_fault/6g/28.2624.csv,7109e5020dfe1e7bc1a08b946ec6ffd53cd47698e70c50d4bfdd15f9cde8cad6,dabed5cc59a1c49452b3aeffeb786fea8c42782a0dfe9f9fa1e18aa336b286c1,16243333,2026-08-11T16:48:01.235221+00:00
MAFAULDA,overhang/ball_fault/6g/29.2864.csv,8fea72247eb600ca05e98d5a8a63d529d75b4c2ff158b5cccaf9d425b6095824,bc3cc226209da0c8d822f4c830096e45bde440bc8ff05c20650e242f084efb1b,16003568,2026-08-11T16:48:01.284220+00:00
MAFAULDA,overhang/ball_fault/6g/29.9008.csv,93972c108c2968cbe02f40111420b5c208aa239d7ab6cb59b614c611c4e0dac3,ab839c1a7ec2a697bf1015360839a9eb55eb14f43b085f918e35e70d2025a22c,15903951,2026-08-11T16:48:01.334220+00:00
MAFAULDA,overhang/ball_fault/6g/31.1296.csv,990bc61803a8656c7aabffdb11358cf4fdf6e4aaa1da602d7af9232897e6c462,0d582d9e9a2a074db09dbfd9a1d30892f1efe500b1f48d519f2f3ddcd50602a3,15833839,2026-08-11T16:48:01.381219+00:00
MAFAULDA,overhang/ball_fault/6g/32.1536.csv,a2a7152ee1c00464bef5a3cfa40ea58aa26e5f1b102a953afee98ce7875a5634,8690638878544d314f913cea7cc97677c7cf2855b1c1bdd0b7519c538ef04e79,15873660,2026-08-11T16:48:01.429219+00:00
MAFAULDA,overhang/ball_fault/6g/33.792.csv,427d3376b55dfeca69780e3e483445c71669ea5057db8a0fc931d3e05d5f4f85,a2e46994910e686aad8c87b849a7353ef2b1525fa4b8b8bb61ce4f6d005b31b3,15911797,2026-08-11T16:48:01.478219+00:00
MAFAULDA,overhang/ball_fault/6g/33.9968.csv,47c7fcff9f1112a7cd67bd97e1b98b819f9c1d35a89f1548cb0ca70ad227831b,02b3daa70d7f82d5eeb5b8d7b53df01e2f126cb011297ce862c724c84cd5381c,15888995,2026-08-11T16:48:01.528219+00:00
MAFAULDA,overhang/ball_fault/6g/35.6352.csv,548766aa1fc50461a7bb18daed80628ec2b14d1215c69c4b3e69129b2dad188b,071a33687e83fa9862bdfaf6a7b723d71ad15db34705e402ebc29a824f81f834,15867491,2026-08-11T16:48:01.576218+00:00
MAFAULDA,overhang/ball_fault/6g/36.6592.csv,29562f765f9f45d87ff27ffd925a24abafc8b4ebeb8a06b5eb0c9f4ba9401874,bcdaac4bf1701158ad6084b02e0c8596ce27531e2ca80b22a4633da07792e4ce,15888280,2026-08-11T16:48:01.626218+00:00
MAFAULDA,overhang/ball_fault/6g/37.4784.csv,8c6066e517dde934f7eab4ef94dd2bb86f52262f6b0583c35d0560fdba8e7f4e,bf5feafb1660908f735d933d75bd6e58e029698d8ccb8a435f72f9b462cb0f44,15900662,2026-08-11T16:48:01.674217+00:00
MAFAULDA,overhang/ball_fault/6g/38.7072.csv,51624149a556360e1888c0016d7743db61ab62afd633d945aa49de51de312788,695e84f74de0cc707d9bda69cc2214343417474f0e204e344c7a2fa810c9b2f1,15955752,2026-08-11T16:48:01.724217+00:00
MAFAULDA,overhang/ball_fault/6g/39.7312.csv,1de83de92d819b4a7fd58bb4043a124266e81bac2a1a621a668f8fd9f3760484,3fb63db9a2b216f31bb67fe8ee50a18cecb6d371cbd0ea18297690a3dfff4e1e,15967147,2026-08-11T16:48:01.774217+00:00
MAFAULDA,overhang/ball_fault/6g/40.5504.csv,113b3096368d31026cd5b9854ad15a3c580b1147b999592a114e3494c3b58756,fc71444b55dc385bf022ead5d3465875745e3be9a7443be717c821db0193dac4,16059545,2026-08-11T16:48:01.824216+00:00
MAFAULDA,overhang/ball_fault/6g/41.5744.csv,59c7b6a8223e64380bd300ad75521e78e9978039fd4ee860faf0282af8031a33,98ecff53b042a361eff389f4069919841d733f5976c161ef4f6a88bc85aad718,15990353,2026-08-11T16:48:00.488226+00:00
MAFAULDA,overhang/ball_fault/6g/42.3936.csv,2b59305c0518e2da9b7744e146f8b5ca54226ab7c278f16e5778f7f22561ec2f,17eaa2218e8dea124a01183d1db4a9e8b1b7763aafd643fc546873298d49df5f,15953372,2026-08-11T16:48:01.874216+00:00
MAFAULDA,overhang/ball_fault/6g/43.4176.csv,44d8169741c210c2cffd345ac5ecd6024181c9e22045bf3ac140b30e7b6ed219,293a84b531b3adcb93accd6b1b0bfcaf33be49aa822055fdf804d6761171168a,15885600,2026-08-11T16:48:01.924216+00:00
MAFAULDA,overhang/ball_fault/6g/44.4416.csv,175ca7db859117eb23fa1486878a41a55ce2dc742f6c487d4acd9517a021037d,08ed31a6ed810bdbb645b77f5b50988dce624f3e852c02bce57a581a9b2ea0a0,15805709,2026-08-11T16:48:01.973215+00:00
MAFAULDA,overhang/ball_fault/6g/45.4656.csv,ab21e9e3a3d2b61f542e00b71ebdf42eed4928134fe03011b6627e9d8928a63b,a03967a69dd41c12c49c3a104ea3d98399b0fc73ad5e76b58291d57aa4aef85a,15735397,2026-08-11T16:48:02.022215+00:00
MAFAULDA,overhang/ball_fault/6g/46.08.csv,ba98d89502f3af894cc823bf23c63a2e0e787f7295d7db470d0b098b22f99ae3,596528e8a6230ed81854ce4ed37a10d18d0b6b3cb3440a5f875e7a2f5b6664c0,15761186,2026-08-11T16:48:02.072215+00:00
MAFAULDA,overhang/ball_fault/6g/47.104.csv,337701ca3f68be4fd50c262c7e2cdde481b0d1e91a75f08edfe59391db1cdb4b,95c2a1f61eea110a9243e054ad0ed9164e1faa901b6f36d78e34b0b30d92f242,15739194,2026-08-11T16:48:02.119214+00:00
MAFAULDA,overhang/ball_fault/6g/48.5376.csv,6bcfdf71a90d83fcc6ea39eabe52f30ea8983c87df03a95acee1ff04e6904348,fa4f95fb9a012f250be402b11e09270121d9b6e20abb99853c53cdd5deba80b7,15711520,2026-08-11T16:48:02.168214+00:00
MAFAULDA,overhang/ball_fault/6g/49.5616.csv,c6ee7b3d7fdb2edbc1c5ea2b97ce52efe99497a9cbeda3556b54c6b1ce36a62a,23dd734381ab57c017dc27d6181a35426bbf64602d9f21a96644e975d1448e7b,15676457,2026-08-11T16:48:02.217213+00:00
MAFAULDA,overhang/ball_fault/6g/50.7904.csv,bc7a0cc015ef77762a327b0bea7ba7878dad23f3bc71c3c8a1017e7d1e021891,8c5d82181e78b62168e1224c7383540fb6591172b52043558bf1ac88b188644c,15560534,2026-08-11T16:48:02.267213+00:00
MAFAULDA,overhang/ball_fault/6g/50.9952.csv,19a29713accc4dbcc4262441e1747ea12d9d5db02a9f1ec5704e02d436c143b1,d43183183c75fbbf021f05e39bfd313b2f13c1e26630a1254636068da331dac7,15582144,2026-08-11T16:48:02.317213+00:00
MAFAULDA,overhang/ball_fault/6g/52.6336.csv,dd1ae21381d0b7293cbb6cdbfe30c958df5ee1a4ee07299a72cdbe481117e4b5,df5021ce21974e6dcdc01fc944d01d709de6751f7ddfe1a80bc0442e7231fee8,15492555,2026-08-11T16:48:02.365212+00:00
MAFAULDA,overhang/ball_fault/6g/53.248.csv,fc69b28a40ce1a5dba36ef2f7e6539594a64dd8c46e4c1b4a437eb0322248c2e,5ef063859c0ce028a12f83befedd240d3d0633e203e0fd957df6dd299a4a5eaa,15461968,2026-08-11T16:48:02.413212+00:00
MAFAULDA,overhang/ball_fault/6g/54.0672.csv,22fe1a1c214e93364867456f375178e6a9e66787c8a62ad1ac1e3f8eae4b6dc0,4299c207d873eabc5b38fee6554cd159b8c8df473676b45f75fb403480902a92,15407156,2026-08-11T16:48:02.462212+00:00
MAFAULDA,overhang/ball_fault/6g/55.296.csv,4842c1bd1b2a99133355c79f4ab37a3f88a9f2db3b961c5d4bc6054f788ea2bf,67505f5fad9185e84b5982a660bd94cbeb8f7169e4c1222b09e572ccc0e8af3c,15358139,2026-08-11T16:48:02.508211+00:00
MAFAULDA,overhang/cage_fault/0g/13.1072.csv,c561837d5619e5796eb3c6ce1ec05676099a2d0f9b7cce26bde3654ba14c9b98,72b556f7235e219b10db1163c0677482c930fb8a38ec655e5a965536c3f7a8e2,17655430,2026-08-11T16:48:02.705210+00:00
MAFAULDA,overhang/cage_fault/0g/14.1312.csv,0df260cf3d8a760621ea898f0ddeb276fedfcb831f7c1002a4f6dfa7352a4fc4,f1e97bf234c73a64bf44bc68bcb8888009103af19e3b43ceae6a0c6cd0175333,17521106,2026-08-11T16:48:02.755210+00:00
MAFAULDA,overhang/cage_fault/0g/14.9504.csv,7193a39847954713660817ffd26dc6cbd2c19b29467e303c4621f93b3890f906,b1e4c292dce7d02617c458b0103899bbd795b60f95bfaceab4211eac4555c0d0,17567620,2026-08-11T16:48:02.805209+00:00
MAFAULDA,overhang/cage_fault/0g/16.1792.csv,e00a4ab8213c0f4ff6649866a7087c6935e40e0475f75545b9a5d04895175c2f,6f3c1db0ba8a6324a5c9ca73ac9f018c1602683663917696bf36fce05a96f23b,17550019,2026-08-11T16:48:02.853209+00:00
MAFAULDA,overhang/cage_fault/0g/17.408.csv,b459425dad07e88f6035222d8e317cd8a0f867e5dacd42460386b9908bb167ff,adde381108f1158f0dad1fe1b0e5f1dbb17fcb7398bf301c786f0d8c5ae64136,17476847,2026-08-11T16:48:02.903208+00:00
MAFAULDA,overhang/cage_fault/0g/18.6368.csv,2ac1470904b36e5a232054d8fa540852ea8734a7eda26c8c6447be9d2a006d17,334b9aee672f0bbaaac58c23abec92a88227ca2396092c23f4890e3de0f46420,17552713,2026-08-11T16:48:02.953208+00:00
MAFAULDA,overhang/cage_fault/0g/19.456.csv,8ba5cc0dcd10bf0db39790a406a6d2de8c9d85c21b70ace3f621fc5fb4f5b4fa,f9b70738cd541436c87c96c97989056c2c3ee587d5b7970ec321180cfe76eaba,17654435,2026-08-11T16:48:03.003208+00:00
MAFAULDA,overhang/cage_fault/0g/19.8656.csv,675c6c5fffffb48c8d5d4031fc2cb533d11c16c12624a09a9c5443d2c4041374,e4e7c790a1cc5911fa52290f3cca7b9ceb66c71357f16c75c3e01f1c373b009f,17479982,2026-08-11T16:48:03.052207+00:00
MAFAULDA,overhang/cage_fault/0g/21.0944.csv,5cde573d94905f3e6122efe8b69496d830d5197fc996ead357d6abb75c6f259a,6db58ff4742a138aaa68e62ecb8c8908f0430620998c8c30b8f3e7823669a96a,17584933,2026-08-11T16:48:03.101207+00:00
MAFAULDA,overhang/cage_fault/0g/22.3232.csv,450d4ce5c05244692d7a46c098cc3675887490ef9aa21baf44868d88a46bccd4,1c0fbf9e97659de03729432abaeea235e6e92c42044117caf6017e4b33cb6af1,17652734,2026-08-11T16:48:02.557211+00:00
MAFAULDA,overhang/cage_fault/0g/23.1424.csv,63ac1b3d311a0d42563108f98adacabad4fedfb3369b21b43313b2f64aab3dd3,0f154f34823f715b8dd0d98f27b65802598d258f1208e6df4b4fbc60a04d7e76,17637824,2026-08-11T16:48:03.149207+00:00
MAFAULDA,overhang/cage_fault/0g/24.1664.csv,552b7d11d16c8f7eb2640d92db325d5789f39d214102ee114c7a8becb0924206,28b72b1fe9cd23725de54fb1b1a5d86e3139bc9fe60e89756a9705a5dbd0d60c,17373660,2026-08-11T16:48:03.197206+00:00
MAFAULDA,overhang/cage_fault/0g/24.9856.csv,8a421b466e14cc19f3e08e062ae2e6536c98ec44a68bc6c9c5f53ea1ecd8cf44,215679ef5c59e96bb4374e4101b370cffb9305aac952b5e22a4900ae1d4f2020,17688960,2026-08-11T16:48:03.245206+00:00
MAFAULDA,overhang/cage_fault/0g/26.8288.csv,bb7910dd755fe17b1ea3043f20d6c9aa08f6e49c07ff26bd2463e66fd23761d1,79d5ad29dca7f7643e28409cec996f58635c16b64477f2846ceebe1022092c04,17604431,2026-08-11T16:48:03.294206+00:00
MAFAULDA,overhang/cage_fault/0g/27.0336.csv,0e7dc6b439204ad08183ea697bf8292aa6ea2dfcb1dd411ea1ceda9b8b15840f,05784538e8812fe60df97760db444acfdb71c7cffd3280c8209deb0a7ba9e4b6,17604650,2026-08-11T16:48:03.342205+00:00
MAFAULDA,overhang/cage_fault/0g/28.0576.csv,3bce5d5ba6a1beae12c0271590a51ad8c4e909ce25e0923e5d527c1e9db88efc,03aeb3d5dcf05dfc31d295aa52450c73884d312c86b51579a8a9e4ceb81d86af,17543240,2026-08-11T16:48:03.391205+00:00
MAFAULDA,overhang/cage_fault/0g/29.4912.csv,76ed2b0412e5855927d383479d93122289b9dd2c59c2ea89898829889eb78e2b,cfeb54b37430c53c313a016f505f57873eb96ea3fcf69b525fb06a51d94c6b77,17441942,2026-08-11T16:48:03.441205+00:00
MAFAULDA,overhang/cage_fault/0g/30.72.csv,7227fe22f13c3cea24e65a6e514c0b3efa0d1afd725895c9cee5840695120dac,59b8dc1c8cbfaf065add73a465bf52e7a452b86cae7a3a811a225d2186aa5cb1,17526025,2026-08-11T16:48:03.490204+00:00
MAFAULDA,overhang/cage_fault/0g/31.1296.csv,e84c50cde92d98e8dc1f0a708e8355b32b8d49e25c1c25029cb9f299c8fd5ac8,1fda90eb861db3d8dc7919a68fe364fb4f6d15888fca95123a4ce9ad41b94adb,17574813,2026-08-11T16:48:03.540204+00:00
MAFAULDA,overhang/cage_fault/0g/31.9488.csv,b5398d6bc360c04e970b7b95f6470a16b2acb5bb880eb71de972c625f733b292,2864ae008b734d87d976515d3bab09bf2948c7fce3a54c638112332ffa0487f8,17599389,2026-08-11T16:48:02.606211+00:00
MAFAULDA,overhang/cage_fault/0g/33.5872.csv,65e0862f493a5d94a3440975a3b33aa23327825321925d9442262fc8af0a4f91,e49796ff76a0c77c85b662ff6459c44faf9f370fe1b7278572ba69ec670d1f4f,17584038,2026-08-11T16:48:03.589204+00:00
MAFAULDA,overhang/cage_fault/0g/34.2016.csv,f01e35e2e9d6f4d3f4d808b6e29f17120c80c11a03dcaac3caaf11d6cf21e5ff,0025df1b16ccba88a8fe65702fa6b57d66458475414db416731e86577fad449b,17410164,2026-08-11T16:48:03.637203+00:00
MAFAULDA,overhang/cage_fault/0g/35.2256.csv,b5fd56f76b674659b28c333b30e66861ce8ed59597d97d0affc0805d7c363f90,afd8bd58ed49c25f6cafa04b7c15cf45058b02d2f2ba035670498f591320caa2,17553530,2026-08-11T16:48:03.686203+00:00
MAFAULDA,overhang/cage_fault/0g/36.4544.csv,bad2fdde979a1d644656d41a32eb72a5173be74643ba4cf5ac778f0eecce47a5,11eb92dd1c7fe0329e3a7dac7be0a95001e63692fbca6730cdd9796316d854ed,17559791,2026-08-11T16:48:03.736202+00:00
MAFAULDA,overhang/cage_fault/0g/37.2736.csv,d4c61bd48ccb476420d524dafe86203f16130ca85ddbe4f92df19539a76f5301,37ea122b8d853f965894e9907452f988d363b9aca6ce0f33c2a0e82aa9517dff,17521617,2026-08-11T16:48:03.786202+00:00
MAFAULDA,overhang/cage_fault/0g/38.5024.csv,97a1c703b9a6d461a26722a1b5d524b10d462dc77a46faaa686fed017ba9fe71,6e8ba686e99acf7f2e62c730e3c6a99eea66929a79ecaa83080395a8aa652d7a,17512193,2026-08-11T16:48:03.835202+00:00
MAFAULDA,overhang/cage_fault/0g/39.3216.csv,937ad2aa5b50502e6d246fda471090e22763e29ed7d8d6450d6289157c45a0a1,4b4a2c045fbf1e3b0d6bc21831a1e9f9596d7a3de8539f35161d7d0f3c652d05,17491483,2026-08-11T16:48:03.885201+00:00
MAFAULDA,overhang/cage_fault/0g/40.1408.csv,654449f547a245d9657a7d810288e719ff9b9590bd1199a355f4b329a2a7d9e7,d06ceffff751f8e988aa7bc1009d6d269afaccebfc052b7e93688359cfb23ba2,17373755,2026-08-11T16:48:03.934201+00:00
MAFAULDA,overhang/cage_fault/0g/41.3696.csv,4e30979f9484138ff0256411089266ad05531dba7e77a786ad7b489ad0aa2434,f112878d903ee6de9b8fe1f1c54a7616099d254f9347c89508202174d0425b44,17507031,2026-08-11T16:48:02.655210+00:00
MAFAULDA,overhang/cage_fault/0g/42.5984.csv,d7e87c9ddf9f5ffbfdb6050f40db63e00aca4e376bc01eea012027b793e160bd,89effbe922f11a5bfc77969e2a0cbb5b02d44f483d95f697a8c5fac7daf47613,17508666,2026-08-11T16:48:03.982201+00:00
MAFAULDA,overhang/cage_fault/0g/43.4176.csv,9ddce77702c095b22d759f1535d27472792577d1047c747929d5f3cdb7296516,49f969978df3bec5da581fda74c2cedf837d5b615445703ec49f10e519710d31,17514003,2026-08-11T16:48:04.031200+00:00
MAFAULDA,overhang/cage_fault/0g/44.2368.csv,dac93e735b5340f09afdb97a58355d93d452910e8fa131f76b4afde87a36b992,422183811e333c1e897719711fb773f1cca6c2337ea4c305c6bf850ccddb002b,17477770,2026-08-11T16:48:04.078200+00:00
MAFAULDA,overhang/cage_fault/0g/45.2608.csv,1d45bc6640cb00fffe7bc017352de126746e938197c6292ef348f9b42f4f1a65,8a7c81cfa23390c87fb73aefc0f7a433b3e1e8077864f08cf0baf7a23f274775,17507817,2026-08-11T16:48:04.126200+00:00
MAFAULDA,overhang/cage_fault/0g/46.4896.csv,3937d3ae0c66fd39414656008a6a99500cc118eccac185a377f4f152a3c468e2,f28b831c83c17a2502abf4aad8dfe5bda5916a45492f92b1180a9be4c901d3bc,17507813,2026-08-11T16:48:04.175199+00:00
MAFAULDA,overhang/cage_fault/0g/47.3088.csv,81a718584e48e116e5a237ff8fbe371f3cf26bc83944229c765ec10366254af4,858b81892d8cab485d2c1a8ffa3095202a2409bf701907506b74a4af5e325b8a,17489442,2026-08-11T16:48:04.222199+00:00
MAFAULDA,overhang/cage_fault/0g/48.128.csv,ad06e4f651f5585993a54ac64a36579bb2420242d585685ea926851f73d2105d,219a1a417d66339b8cf8fce43ac5c3032e55146b9135f517244c1dd639a0b3ae,17433262,2026-08-11T16:48:04.271199+00:00
MAFAULDA,overhang/cage_fault/0g/49.152.csv,1b2c8698b1d5dccefaf3c03cfa486ed45c182370e70b6b07a8b9066e44734618,d7d0eddd54562ee6ac45a28b8b17697d9cb4b173237ea7715dfbf31a5a76494a,17507793,2026-08-11T16:48:04.320198+00:00
MAFAULDA,overhang/cage_fault/0g/50.5856.csv,19c4ef401010be9cd822f236659596b9acc370eec609868cde3ef6b5b3eb8424,f3a23d5851720dafff9a5901a9affc67ea7258c266edb4ab0d309df88b4c94cc,17470314,2026-08-11T16:48:04.369198+00:00
MAFAULDA,overhang/cage_fault/0g/51.4048.csv,620aded02e50ff1c30bc0e9f7be64321853c67637f1a60429ca4a0dee3d38a51,b2718f62be6d980326672379ba12067e59d7f1af823bf78760ec91c94e2245d2,17502110,2026-08-11T16:48:04.418198+00:00
MAFAULDA,overhang/cage_fault/0g/52.6336.csv,ed33c2a6fee3768932e1f764463df258ad63614558a76e4653e48b07aec67428,9d74dab1e6a55765f3177345e820b631cdb9bea04ba943cbf3c1e7b3fee0d2e7,17451356,2026-08-11T16:48:04.467197+00:00
MAFAULDA,overhang/cage_fault/0g/53.8624.csv,a6b6d87053432d340d91f034e5cee4c06dcfa481048c2d8e7851ae9f59b9441b,b751fb0e92c27d05b5430ecaa48a226a2708906648843d2220d7757f038fba07,17430547,2026-08-11T16:48:04.516197+00:00
MAFAULDA,overhang/cage_fault/0g/54.8864.csv,6c3bd380f804a56ac44f1c7d6e96217eab37999f575a133614d204cfb7319a77,cd4c6097b2a2c58ad5dee690870afef69d3c190001ba320e687c5b75c08d02ae,17454380,2026-08-11T16:48:04.565197+00:00
MAFAULDA,overhang/cage_fault/0g/55.9104.csv,9e6b601fd9f48186d09671fbde201afbca2199f7c129a3802a129391f672eb97,c17b1abd3851921fb7f0a8d1431ba70aab3e34e0ae9eb9a21daccd119a01f2ed,17456235,2026-08-11T16:48:04.614196+00:00
MAFAULDA,overhang/cage_fault/0g/56.9344.csv,ef44964478427538d6a04bae458361dc8106c7da480010f18a2ee897a294b3f4,2a64167a789f29bc3d1f0e9df47f84ec3b8c490d0f35c97e827a53d689eddf97,17423150,2026-08-11T16:48:04.663196+00:00
MAFAULDA,overhang/cage_fault/0g/57.1392.csv,a275829c5c639e3de42674a42813d4f49d8e897d57b94113442e3d89660e5f6b,fa8f22b3128c2ce8eac95396b5b3c9581c37efcf2c43b1518fc05bc7cd03f557,17427017,2026-08-11T16:48:04.710196+00:00
MAFAULDA,overhang/cage_fault/0g/58.7776.csv,b1a46db84ff540892075c1010b347ba480aa60186e30f4656a82b5a571004068,2bf5b0aaebfa4da737cc57e210cbcbaabc1363308627f678e88f6ed7a23b1450,17429133,2026-08-11T16:48:04.759195+00:00
MAFAULDA,overhang/cage_fault/0g/59.392.csv,7436d407cf0153434415ce1de30eb8539ef1b65701d09db3d2357a1133baadcc,aef69a9e8948da3999e77ff71256847a0e7e9a7ca3bec8202f0ecdb5a0e5e5b7,17400582,2026-08-11T16:48:04.808195+00:00
MAFAULDA,overhang/cage_fault/0g/60.0064.csv,299bf95204d7a75b182efe1f35dfe5e69e3e246dd378c7ae058f5e4f4770c741,4bbd225e66a954efa8ee99080107298ad06bf8c76be022bf7fc9ae14645362af,17405115,2026-08-11T16:48:04.857194+00:00
MAFAULDA,overhang/cage_fault/0g/61.44.csv,b8c96dc6c19e5c2c8e6e2550891cb568a345becf5c6d7ef123e086be2ef28701,99020342c1cef2ec3183f544116c340420637a07d4ceec4b3c7c680c2a97617d,17418496,2026-08-11T16:48:04.906194+00:00
MAFAULDA,overhang/cage_fault/20g/13.7216.csv,00a78e7e57cdc8e0277b190fa0c1800d9d4c024080d287f193dfdae221a6121c,f77dc643c75c76f08ac7b3594522697d9df20ec9d562e70940a7338482f83c2d,17577039,2026-08-11T16:48:05.053193+00:00
MAFAULDA,overhang/cage_fault/20g/14.5408.csv,dd95b40597ebb31d1bc9971007b9c7f349c05a3f6f33b3fca7e7fc38db863cb5,46e5ea38e18321556c8d4242f3fc93113588d7e3271c5093e5c8b53395398769,17562739,2026-08-11T16:48:05.103193+00:00
MAFAULDA,overhang/cage_fault/20g/15.36.csv,a747935659aadcb014a667aba6b252963b3b8bda3b16d83509c2376bae5fcadf,034561c762aaf263bf8430aaac8f40bf2007ba237c5e60e1c0d25664f59cde5a,17587183,2026-08-11T16:48:05.152192+00:00
MAFAULDA,overhang/cage_fault/20g/16.384.csv,25b34b30113e0603c71579d9b927fef2a99594a9ee4cb2aa70aed4bd0fd88ac7,392b7ed101dd1d8484530a35f50b3d3f34b2e4054652ef05eda80336e96c34f7,17540799,2026-08-11T16:48:05.202192+00:00
MAFAULDA,overhang/cage_fault/20g/17.408.csv,faa9c6358faea14b5ff36480fc6724c05b96f36f0ec0b74cfcaa29203f96d96f,554e974653f3164dcc2b82d12b852344df0d82061578368b8a141bbd4c4c287f,17352036,2026-08-11T16:48:05.250191+00:00
MAFAULDA,overhang/cage_fault/20g/18.432.csv,05eba9dd23129279e3435ddfc3d596952f93293f7f48a50ce40bef8ed028372f,c5246430d7f7c838771a6855b716f801f093525f25aaf441ca5238010648840d,17327301,2026-08-11T16:48:05.298191+00:00
MAFAULDA,overhang/cage_fault/20g/19.456.csv,3fcb137bb6cb267cfde35ccca43aac0fc9b962cf833ec536387cd110f481ee9a,d61fc7048bd01cbf326f3df23ef87baf06dfb87ea060288eb0af65368ea9a54b,17316722,2026-08-11T16:48:05.346191+00:00
MAFAULDA,overhang/cage_fault/20g/20.6848.csv,cfca41e224518490c372025d015a6b447b4b365d78f9cb9fd5b05600a12708e4,39841412d8fa27e8477b5629d4be13854631a0cc4b1c146ae6053967aa6b5110,17331101,2026-08-11T16:48:05.395190+00:00
MAFAULDA,overhang/cage_fault/20g/21.2992.csv,45032e04a0793b08dbfdb48af5a8182cb0850802250c8e82a63dbb327e7ea73e,508def3e532416afb0e898ef415aecaf044d618355a4bc88ce5379d3234efd1f,17329122,2026-08-11T16:48:05.444190+00:00
MAFAULDA,overhang/cage_fault/20g/22.3232.csv,0a145b2759a032ea08ca3c090cc4b0c394762921b30475d46c06faf50018adcd,8f840647f3672d731d5903e1548c6eb673351af3a035d08c32b080ed9dc4bf5c,17391185,2026-08-11T16:48:04.955194+00:00
MAFAULDA,overhang/cage_fault/20g/23.552.csv,ed99efa012c7a3a7da5069538cadfb243df70386b845d11634abd9795f9ffa0d,a80c3f85b127036f3d364aa29b9bad9c47115a17f905dd319881fce562e7a3a6,17381118,2026-08-11T16:48:05.494190+00:00
MAFAULDA,overhang/cage_fault/20g/24.7808.csv,152fd8c26755ec00ac7c619e8d795b1193189aa268c3fe3e9c3eb04f5b41ce65,919172928f015d8f621e3b0f07c88a515876acc82067c630161ec28e46010215,17372848,2026-08-11T16:48:05.543190+00:00
MAFAULDA,overhang/cage_fault/20g/25.3952.csv,a5beb540dc73f6b88112d0038d4efe841efdbd7f7b39c4ddb346274c3c81a157,226e1835aee57f7fde3a5e4fd529ebc73395428cbcfdba633419fc9743dffc12,17369155,2026-08-11T16:48:05.593189+00:00
MAFAULDA,overhang/cage_fault/20g/26.2144.csv,c717de3eaeaab452c0168a34c6b3cbb1ad5702667269ab583a797721548c2a0d,7f2222579273e59b1191f653de1ed2e85f12c5ab482202e0191e67f80f1c58b9,17295600,2026-08-11T16:48:05.642189+00:00
MAFAULDA,overhang/cage_fault/20g/27.4432.csv,15fa2ed3e754d60aa0dda68d4f2eb8e469005147b93f68458b9a2b45dca0f725,4572b47948904c7135dee1a40358bac8a2bb2d9ff62f6f55ffc7fb511e41ebce,17267900,2026-08-11T16:48:05.692188+00:00
MAFAULDA,overhang/cage_fault/20g/28.2624.csv,68f818c570dbfc7baad09ccd27b5479636514920a0bf52c3f3573f8732fbcb99,bf199bf2bc2810771b46aa99a9ccb64da7b6958a3386f76732b3b01a155efe59,17305789,2026-08-11T16:48:05.742188+00:00
MAFAULDA,overhang/cage_fault/20g/29.696.csv,9eba5c0f0b9f7db941e7f18787be5ae775753117c66e5a6b5743826847151c21,ce16444b0661eb52b4a05bac8b1497d8b6eb29be3210e301fba1b020a3554247,17116443,2026-08-11T16:48:05.792188+00:00
MAFAULDA,overhang/cage_fault/20g/30.3104.csv,f19f15a8f3751a6cb4dd4de9709bbf11d19090a05a0f4801600ae46976723ea5,153f07156a5942d14263dc8149c2ecc0d8300df4b10aa385d12fe7a13f0307e1,17221154,2026-08-11T16:48:05.842187+00:00
MAFAULDA,overhang/cage_fault/20g/31.5392.csv,21f5a98315987598ee3a3ad21e16a014997c8b2e285ca28f40bb44b0f3c0a641,02350c78b2077529c5ba7d47edabd5fdde326c61ec4eda71938890a96594ad10,17329011,2026-08-11T16:48:05.892187+00:00
MAFAULDA,overhang/cage_fault/20g/32.1536.csv,c38c4f03737f6c8f9b0e675ecaffae902e83a96a43588abd7e0f441542b46db1,2b90978cf37da87f10aa42162ac410700557b87cc4c74b9124d68ba2fb7f0fb3,17272486,2026-08-11T16:48:05.941187+00:00
MAFAULDA,overhang/cage_fault/20g/33.792.csv,fec591f966bb0c39dd289a864196cd6e5dc644809e1f8909dc48eeb110b28b99,52de232d25189c8944aa88ab8733908a437b07225a4fbc1d41d74377b0d02464,17214536,2026-08-11T16:48:05.991186+00:00
MAFAULDA,overhang/cage_fault/20g/34.4064.csv,c3c7415129478802b33687c40f4cc46724724231f2d8703a6c1c3db1172732e0,735eb5adb4703508924f0e73b5bacbcb6842cb6a97c18dd4814804dbc9ae0b8d,17092412,2026-08-11T16:48:06.040186+00:00
MAFAULDA,overhang/cage_fault/20g/35.4304.csv,43dbe992a489f37c0b881d6d492b07e1f64147a7e1a10584baff80c5298b9a56,bcd79f47e9d581efced1dce5f48a375a528e0f27d204f5d85dcaa8d00f23278c,17049901,2026-08-11T16:48:06.090185+00:00
MAFAULDA,overhang/cage_fault/20g/36.2496.csv,090686f26de430fbca5d360412a06511f85e1a11d3cd0ff61345b8ae22727005,903152e2222e05ab8f474c556f7c5444c02ebbf036040de965c7ee04d39ac1ad,16906596,2026-08-11T16:48:06.139185+00:00
MAFAULDA,overhang/cage_fault/20g/37.0688.csv,12e0f0627177c9d8e3814e3278eb9c8e96a02514a85260bd2e0a99c3257ec4ec,2eb317ba875f8c4cd4ec347d2de330de6082c4ad41a2783f1801aa0cf97a2c6c,16777950,2026-08-11T16:48:06.188185+00:00
MAFAULDA,overhang/cage_fault/20g/38.5024.csv,b8b92821a6f895d8261c42d0824776063358c3571cfaa8b1140fc738e719d889,4abb8a4ffc80e6b330727d9d0c55d38119d3e1a2276ee60449ac929a89e52973,16663835,2026-08-11T16:48:06.237185+00:00
MAFAULDA,overhang/cage_fault/20g/39.5264.csv,830212d1e9797b6433545a42a7dabb7635c070450b1f0de5cbfa0185c9ba78e6,aeaff4c22e611fde49bcf18a9fdc1569faabb5456a019b8d96b85f7f3f9e572c,16620573,2026-08-11T16:48:06.286184+00:00
MAFAULDA,overhang/cage_fault/20g/40.5504.csv,f9da3f12e6efbcad803d4c056875af98e83fa1562594161b0bac69336dc325a3,2d7b5e6c4f21d6aaf134691906e20dffe4253aeb91838cb2bfeae3ea5e012fbd,16576132,2026-08-11T16:48:06.334184+00:00
MAFAULDA,overhang/cage_fault/20g/41.7792.csv,1d89ad31c47bed59c178a69879687ac85d846d6888f04e5fce5674aa028f5176,b9287682996abda9dcb817511f44d34c95de5d3d0dad29a81940b031e2b64c88,16630827,2026-08-11T16:48:05.004193+00:00
MAFAULDA,overhang/cage_fault/20g/42.3936.csv,d0f9f1b4d1d9293de4030418712dfba49aefb2aec84d0c0373521f0f8dcea484,a001a2193e403399ed198d9d1d7ee1ff0bf6ddc92f7afd37147fac2e0813a0f1,16604102,2026-08-11T16:48:06.383183+00:00
MAFAULDA,overhang/cage_fault/20g/43.6224.csv,fb48ad0065fb3020096e2cc1dddb245d886fba19fe0f2997ca5995966b6b0ece,ccafa37d9651bc86d7729399f6466164e458dbf0e6b5f9eaeed17b43b0510e77,16544407,2026-08-11T16:48:06.432183+00:00
MAFAULDA,overhang/cage_fault/20g/44.4416.csv,b838314a0f41bd6c37574860894f64a11248d7484504787f88de084529854cd4,edb21bd28fc437383ef3b920a3f506e3cd802ce0609122905c5c1bb2b22eebd5,16520702,2026-08-11T16:48:06.481183+00:00
MAFAULDA,overhang/cage_fault/20g/45.2608.csv,62d4faf6615ef9c2e9c15b084410ba374994816d7095282168691641d01994fe,df8796ca12a9aa7645edb73966ac64099063d7ceae91668ecf6dad9b3d18f54e,16540918,2026-08-11T16:48:06.530182+00:00
MAFAULDA,overhang/cage_fault/20g/46.2848.csv,cb42606e073da320d495c483cbd154abbd427edb7f11344e776e84cbaf620607,daccfbef8ad725c2f5b2365138be8cd129e4716e4e0fde6368ea9ae7a9586ecb,16495859,2026-08-11T16:48:06.578182+00:00
MAFAULDA,overhang/cage_fault/20g/47.7184.csv,b67e09ff7cccc81d6a32f4b9790d773494f5c67c19c7f26c6bd5f71972c1df26,8cd9d8a177502f908d7915acd71b934b47d151da49cb929f68e6c036d348cc1e,16384835,2026-08-11T16:48:06.627182+00:00
MAFAULDA,overhang/cage_fault/20g/48.7424.csv,2b77423ca2739a094898bcf985f406db69e7be96721144cb214a3dbd76fe7547,b2df2b9938a00f144652f0c160a0c4b5c69c13cf77650b32a9cd001fe861ef39,16214159,2026-08-11T16:48:06.674181+00:00
MAFAULDA,overhang/cage_fault/20g/49.7664.csv,2c46d8a706327e7e58dc50bf2487682f0cc5a58af97b8352c957a4a8020a5b6e,5d19e16c76bf59301efa32021bd23bb82793d01ad59fb6799c08b758e8737974,16193504,2026-08-11T16:48:06.723181+00:00
MAFAULDA,overhang/cage_fault/20g/50.9952.csv,ddeeb8509aa8c68390599fa32fadc32aa537168871fabe4be620986cc8eb8725,1343266768dcddfc63c38a3737bb078977fb5192a56d0174e5dd180b57e1da5d,16214176,2026-08-11T16:48:06.770180+00:00
MAFAULDA,overhang/cage_fault/20g/51.8144.csv,8319e7fd53ea84980123cde35dbc203212b1f7f6b9bcfb28368db789b5a4b647,8130c2d4df845802a76d8772d8dda74576234a5b91d98f87c9a167caf0a3d8c3,16283210,2026-08-11T16:48:06.817180+00:00
MAFAULDA,overhang/cage_fault/20g/52.224.csv,ee502a07c6d34a976044d51ba8867bcbd6dca58941d0231891260ab59911acea,e1e1bdc23dd70e036ec8f28efd1599e57cb40dadcd8e7b318cb3afc71fde87a9,16295420,2026-08-11T16:48:06.867180+00:00
MAFAULDA,overhang/cage_fault/20g/53.248.csv,a0c682733fe4483d4561d82bad860e0c1b5e1fa0ccb55319499e759d1a2b2e31,87890e23a6548207183a72a0920a3c09de8d11c5916b12b2ce0c079cc3ddeeef,16303382,2026-08-11T16:48:06.914180+00:00
MAFAULDA,overhang/cage_fault/20g/54.0672.csv,4c5823db17b80c163241dec2362c7ab7ed3f72ba04cbcb5048041dae3edededa,43c18f7d36af47e8a1b21fb220ae88bd85ba9797b20a6f36f20a9b6200890cae,16265170,2026-08-11T16:48:06.964179+00:00
MAFAULDA,overhang/cage_fault/20g/55.296.csv,bfdfe25cc000d69f5b7b16af3946709d186655412f6cfadbe580dd13c58ad485,5a13df635e61625a5a202733f111db412f95e94bbfb29bafe70ce70bffd9dc56,16273519,2026-08-11T16:48:07.012179+00:00
MAFAULDA,overhang/cage_fault/20g/56.1152.csv,f192ce47bcd1b934c6f104a06f17cd5fcac286cb224ea37c091f27a09cc75787,8c23db744ad2f23440139445b09dbda51a50ca179925e7056fc1cdd3a8a28c5d,16265279,2026-08-11T16:48:07.060179+00:00
MAFAULDA,overhang/cage_fault/20g/57.5488.csv,0d4406baa4104f3eb82b3b7d27f7862f40c93c0802ce6b0e9f287d8524c62751,ffd75eb330c09ed8ecdd9d7d21974004ecc94f1684702990cf741fc199fe46da,16186874,2026-08-11T16:48:07.110178+00:00
MAFAULDA,overhang/cage_fault/20g/58.368.csv,0260dcd20197126b2708db2b68141a43ddb0e9332d9f56013c90738efba6f171,ea5400d6a662e86c7a32d273a7367ab600445cdabda15c7c6debdeeac9eb902b,16152311,2026-08-11T16:48:07.159178+00:00
MAFAULDA,overhang/cage_fault/20g/59.1872.csv,06aee8c2d79f3f95cc742bdb6d70598e33e4afafbc89c30889630ee4191d4a7e,3766bd356afe9fdeb97db313d08979b18322f31dca3553b936b28afd60d1744a,16033835,2026-08-11T16:48:07.208177+00:00
MAFAULDA,overhang/cage_fault/20g/60.416.csv,36809c77ed211c21c1360f8fd6691e675e50a13aea4c8db8081ae77c15837441,f967ece15163793c950733efd6b90329e2a4c6a5bc6bf574b4dd3367e654d831,15926934,2026-08-11T16:48:07.257177+00:00
MAFAULDA,overhang/cage_fault/20g/61.2352.csv,baee73bd3a957eaefeac45b1a2e5c7708b70a3c9059f138daf64c0237274b31d,c7411c906357a9bcbb376c31814b4b5f2bcefbcba3fe8f91a418382ed4bcd298,15930995,2026-08-11T16:48:07.305177+00:00
MAFAULDA,overhang/cage_fault/35g/13.5168.csv,e20e0ae03404a520da207789e44e7fbbfa7f9f048e1a8b3a340d7c3e0d98cd29,d3be4007e0d236f3d571ba4c3f4a877840984db7fc319e8de2a591ddeb1ba05b,17485126,2026-08-11T16:48:07.452176+00:00
MAFAULDA,overhang/cage_fault/35g/14.336.csv,dece2442f4bc9ea5cbefe8d2da912016d340070c0fc708f715ec3a73a736cb7e,72e980da7e80714a42bde5d34f64771b68d4f53f599c89d44db65caf818996cc,17426772,2026-08-11T16:48:07.501175+00:00
MAFAULDA,overhang/cage_fault/35g/15.5648.csv,50e8119ea1ee3ca6743a664e952588fe2962832e8843f843c2787279a3f93c75,0e545e995b7e4258aab0dd7a43fc17bf6437434235d61a83cf916838e1e42df0,17473075,2026-08-11T16:48:07.550175+00:00
MAFAULDA,overhang/cage_fault/35g/16.384.csv,7b02e02f5174e7f28cd56044901f1183cf7d29f2d7bc8ab7c001b554ee90775f,c1f020555eeb032ca6bbb2b0446e4c99def8caa789fa9a2b41b2a3020b64a9a4,17417265,2026-08-11T16:48:07.599174+00:00
MAFAULDA,overhang/cage_fault/35g/17.6128.csv,af5dcc5de207df72f1592d73ab2f04ba3e1e3f7705b48fb24deca2fe73c94c82,7e51784ccd0f9a457f56fb93cb6480e9e419dbb40e5a3d9be3fbe45828bd285c,17254297,2026-08-11T16:48:07.647174+00:00
MAFAULDA,overhang/cage_fault/35g/18.2272.csv,987a151966db55c26e7ff98d815e7e941eadc02bcab3cb631529c77fc3d73875,a0b7f80b7896ed0f6af41228c0a356c0a6125c66dbc88d42d08cbe5943271f40,17198655,2026-08-11T16:48:07.696174+00:00
MAFAULDA,overhang/cage_fault/35g/19.8656.csv,6b1af847b3dff67ee6d60811cb1f6a11e801677bee60598122aab40b7d62d420,d85c8b63901cbce821ab1f7a2447e0f72c8605c686d7d16ca07cd982cac4b899,17129305,2026-08-11T16:48:07.744174+00:00
MAFAULDA,overhang/cage_fault/35g/20.8896.csv,477dec18d4dccd581d58af062ea7da67362024392eff2154dda2b28657a04bf3,aa5eeb92472f8faed75b5941a486268f7e96697842eb62acb1a64bcb9e1391d3,17255703,2026-08-11T16:48:07.793173+00:00
MAFAULDA,overhang/cage_fault/35g/21.2992.csv,4b1965540842e21866365a739943d485b79da9dceb5619f261bcf3d98b7d5713,d2610161227633412cb6d42acc743c1d89a2aec4b63dbf76e6be563753822748,17233667,2026-08-11T16:48:07.842173+00:00
MAFAULDA,overhang/cage_fault/35g/22.1184.csv,6c1df89f88d6433874be42bb31738b5ea3cfd24b0942b60ad27d7fd5ca10d000,f8909e6624ee90866dd104f5c61dfa9983b28602bb7563bdf9f107992f77467c,17289299,2026-08-11T16:48:07.354176+00:00
MAFAULDA,overhang/cage_fault/35g/23.1424.csv,03a7dd159d2b369a7df6194d24b418016fc12710f7ae81703bdc0c063e1dafdd,cf6fe96e3c84d782606bc94e2d7913da06fe18c821145ca75512ab87fb2dc780,17191728,2026-08-11T16:48:07.891172+00:00
MAFAULDA,overhang/cage_fault/35g/24.7808.csv,f5f17dcd2fece88e1d973a8f01ae2a8c76fc5b069e96e5f0a943af791fe4b838,4c846754773dd1dd414784cbf9423cab2299b2b6176700096c02b04b5ff86ebc,17144089,2026-08-11T16:48:07.940172+00:00
MAFAULDA,overhang/cage_fault/35g/25.3952.csv,2bd90bfa21721888398e03ba64edaeb47c9f2ce8f49600bfe6d97a5bd1e35ed6,5faee7c3443a3ec62cabf7c01d0a3534760f3a6bccc89b37a82fbc9426e7154a,17279090,2026-08-11T16:48:07.989172+00:00
MAFAULDA,overhang/cage_fault/35g/26.0096.csv,ccfcd3c492210b99d4d7b9bb6cf874a2b7bd80799a9c3a9a1a0051ba2b903147,c41f061411e1f1243dfb56a23327331b7b5599e4e85ab9f599ab7ca6297bff45,17093312,2026-08-11T16:48:08.038171+00:00
MAFAULDA,overhang/cage_fault/35g/27.8528.csv,30bf10a6c2aab0437c3424b5884ed8b35cd1625ff1b19b3d2f5d64da55424222,f4a1192b9b6dfe4d08e202c0c9f5d312aa5a3cfdc57650a5d72b413005461cbb,17104249,2026-08-11T16:48:08.085171+00:00
MAFAULDA,overhang/cage_fault/35g/28.0576.csv,8bf1e444121466b607a59d25249d997b8279f725fd086ac778a93e49d6d3b5d0,b058e2cfea8e632c79380877f1050c3298035798602b866c4440d337f163b67a,17109545,2026-08-11T16:48:08.134171+00:00
MAFAULDA,overhang/cage_fault/35g/29.4912.csv,228450374c7fa0a62963bc1741973a582dbe82d58b5de5e617909d845798dd23,f3902102b18a5a31e8d1c5868dcfa5be337c8fe24d6fb63c1c9b2e3699cc83a5,17051824,2026-08-11T16:48:08.183170+00:00
MAFAULDA,overhang/cage_fault/35g/30.3104.csv,c30009ba00f534e73889bdc376335e9dc1635d8c59245711af6e79874c82740a,d5946a7b79dfd12c9b2792cf10d1d948f95d9e799735e039923eb179e754ca46,16980651,2026-08-11T16:48:08.231170+00:00
MAFAULDA,overhang/cage_fault/35g/31.3344.csv,f429af6719b0cfea5f013acc6d82b2d0f3117587c94ecfd116ae03cf34a8832b,2405294ae2d66c9da2882b88550ac7e2d5d0027999d36bd440c322b3b89373fb,17068891,2026-08-11T16:48:08.279170+00:00
MAFAULDA,overhang/cage_fault/35g/32.3584.csv,fa3ad18899c7372ce0f3182d12ba2fcaab01fe797d7f76e1f488acf6f7781a7c,baa6dbe9a2077e4e25465ce4bed8eeca48a9a42d4037cf9fa566662a78fa899a,16995355,2026-08-11T16:48:08.327169+00:00
MAFAULDA,overhang/cage_fault/35g/33.5872.csv,7a25f774ca246167cf1d4689ed0c733c26c7b8180ba414d7d63e0af0ad1d5a60,6eec6eb614762c53a2120676028d81f32bec41f1f37835cdde0b9968b04de334,16798701,2026-08-11T16:48:08.375169+00:00
MAFAULDA,overhang/cage_fault/35g/34.2016.csv,8bf7778efd10684f85c3d09481ea7d6bdcb3d73954f383cd2151919c31ecfd86,fcf91733dde5f6cb5a005125d05cb9ba6c31d48eca2e9e183413fa3a836e9af1,16596739,2026-08-11T16:48:08.424169+00:00
MAFAULDA,overhang/cage_fault/35g/35.84.csv,880ad5db5a8b1d0a6f264af03ac7a020a4e5861e2d1b46eed2afb2bb27d82e53,3e7787e57a22e8d4dba40076132c428cf94eeec4672e3a14cbfcc846db4d0b03,16482748,2026-08-11T16:48:08.472168+00:00
MAFAULDA,overhang/cage_fault/35g/36.4544.csv,35df8f13c9a0938f658cf0283335c5393d5e9ad9a33b0a381184d8f655d5336f,4a30c34a61906065a029aa14500dd8b5caf19eef8145d73b2d8b7ae4310a39d6,16424568,2026-08-11T16:48:08.521168+00:00
MAFAULDA,overhang/cage_fault/35g/37.4784.csv,b95bf6a8cd66d1c09c15a1d7c16edb395944bd74d1761c2416b415d446ab9400,4be3f5231c8082ca1d5eba74ef18268b62f31d6e00c74b6c98957683ed9ddb58,16373306,2026-08-11T16:48:08.569168+00:00
MAFAULDA,overhang/cage_fault/35g/38.2976.csv,c4f9f2c378ed362ba2bbca85e856400a30d8ce66f4a1bdb8f3607c6785d4df61,ba2b78cf133a9af7307ad636e4dce70a81621ec92cbb78eade9b5bb41b1b177f,16390778,2026-08-11T16:48:08.618167+00:00
MAFAULDA,overhang/cage_fault/35g/39.3216.csv,09ff7d672f942fc74634b93e3815c325b27992bf74222d6644a6aa251fbb598d,281a2963a48fc2a6c6e44d78d953b052624d77057e318734ad4bc07b1ac18b75,16385911,2026-08-11T16:48:08.667167+00:00
MAFAULDA,overhang/cage_fault/35g/40.96.csv,bd433213959533d42a96c32bf4266871138f0455727274d254b064d16ec67626,bfbc68f3b7af6e189ec86f9462fad8c59819ab525cb918638c251cb86e36e4ab,16393441,2026-08-11T16:48:08.716166+00:00
MAFAULDA,overhang/cage_fault/35g/41.3696.csv,275e2b63b328da109cfa3c0dabaf6f6682e52fe0e55da5d1c2c3079ff630b51a,b23badcba66b97d83ae4b37c4bddcba84bf55608f26b7f3ad9f33ffb85e4bf48,16411779,2026-08-11T16:48:07.403176+00:00
MAFAULDA,overhang/cage_fault/35g/42.5984.csv,76d7449a93181f46b6ec38bfa2dd132a5e4af076fae57aadec77a15d9fb0614b,b1112c6973ac4e861b670d2c594678a02396400ea1b93ddc62f42612a9d19e89,16420856,2026-08-11T16:48:08.765166+00:00
MAFAULDA,overhang/cage_fault/35g/43.008.csv,8e7c2dfe38f7eeeffa80e3db8781a43f1180615c5f1c0bbbe620e0d83c4daa61,634420acef42e1dfe516b94c1787e16bc3d97fa929cf7a1a7616a3bbfd853e66,16418142,2026-08-11T16:48:08.812166+00:00
MAFAULDA,overhang/cage_fault/35g/44.4416.csv,413120d0e21a27ccd05a7afb4b2f61489f0b7ef2e919a52da259d2ae4928ee6d,075630ed6d56e9f7203974f8326a8be2add19406043b915f42213f67a1e07bea,16339417,2026-08-11T16:48:08.860165+00:00
MAFAULDA,overhang/cage_fault/35g/45.6704.csv,bb8213df623554842b2812dd689c1ab7af3f989a0142047479af5e924912c98b,fb2e1323ddd88de62d697690e22f13ae430df76b0673f99c45016369e5313386,16272512,2026-08-11T16:48:08.908165+00:00
MAFAULDA,overhang/cage_fault/35g/46.4896.csv,3e5cea92943e76f77a18a0ca284fbec3a96dc6214573a61a3c1dd67d8112daa7,b0e4ccc4adbc0fe1e4b1640cda14a67e32f2b3f7305cecb0e5d7b344e9b291c7,16268103,2026-08-11T16:48:08.955165+00:00
MAFAULDA,overhang/cage_fault/35g/47.104.csv,d5db53fb78fc5f5e80f1412ac8d64aca071744600f07c1ac5242e31028cb7048,ff118685b38a4494bfb038c48bd4bbdafe986c28b5961edabe8d41464e9c4275,16272060,2026-08-11T16:48:09.002164+00:00
MAFAULDA,overhang/cage_fault/35g/48.7424.csv,9848bbd8cac6a7191eda47402cb9c4ac5fbe74c032ec62d35adb9ee836388922,6bb1fff6deb9d8776b1c1240b99ddc2749511d171cf84a63047436e825abb753,16254896,2026-08-11T16:48:09.050164+00:00
MAFAULDA,overhang/cage_fault/35g/49.7664.csv,17310900bacfef67f98caf13c56d0f116a500b3e0711542b27f8044d5cf22f05,9710038407e3773e98ada52d96f30aff6509bfd317162f1c4d93e0d3100d8afd,16149977,2026-08-11T16:48:09.097164+00:00
MAFAULDA,overhang/cage_fault/35g/50.3808.csv,1c8e62c69e46bae3caf16aabaafb85c447d6be8f500751f1396576290872a0a7,89bdf4181ddb24bcf2bab72eb0df6bea037ff3f56ab9b7ffb6f833829b1f114d,16132297,2026-08-11T16:48:09.147163+00:00
MAFAULDA,overhang/cage_fault/35g/51.2.csv,e43b8aff1dfa9282ab965847237a1e078182103580720a6d1de95a1b91b1482b,5a825ad78d9d7adf9e0eb82e6e3b0743f39b90f311a94013dcfdc4b1c5ace393,16135298,2026-08-11T16:48:09.194163+00:00
MAFAULDA,overhang/cage_fault/35g/52.8384.csv,4bdb29d3cc137f739d80ff911ba2cae99ac6844ee96ee651d6f9963e41177473,9eca22a5bb74a1139559477394073252447c013c622dea8131811f93fc0e8671,15926744,2026-08-11T16:48:09.241163+00:00
MAFAULDA,overhang/cage_fault/35g/54.0672.csv,932fc3677367223f11a9f3d52e0cb45ee5bd6e2ca2ce008a4f23398daaf0579f,ba40aae6f36d1640d0e930b77730293bc9df3ab0d8a77b126a74026c0d2e34e3,15705563,2026-08-11T16:48:09.289162+00:00
MAFAULDA,overhang/cage_fault/6g/13.1072.csv,e50c71a4b5a0a8c13e1eb1be8beb694c04c75e3298c0acc5919b7e0a201a67ad,8de44879cbceb397d773829037396923f7803b201e6b51a3178eeb9d8bd02d30,17665473,2026-08-11T16:48:09.480161+00:00
MAFAULDA,overhang/cage_fault/6g/14.5408.csv,bc7a906c0f0f5698e4f445defb4f42c9e878be4722acd476028272c876331228,ea80997d3acee2fd1146709d5fd1f4b2721b64efe7ba86d80e1bcb81630d2b16,17603225,2026-08-11T16:48:09.528161+00:00
MAFAULDA,overhang/cage_fault/6g/14.9504.csv,daf368e69099ae6a9c4a66163789d082a56fab361f3abdcca605700758a17f9a,4160da9ba48918ea30d4851a608f682769402a59d57128d50f1341d7770390ca,17511493,2026-08-11T16:48:09.575160+00:00
MAFAULDA,overhang/cage_fault/6g/16.1792.csv,4ef4f571cfde7396ca842b257109d99925428bab4300deac75650604394ca15c,4f67084d477d65f8900efbcc67268fa3dc46dbe8b516e634724165f9b2b3acfa,17519078,2026-08-11T16:48:09.624160+00:00
MAFAULDA,overhang/cage_fault/6g/17.408.csv,60f214f3cd5d013e4cdad5d857fbc31744734a80312db425cf2f6939b042d1dd,28963d825b6b246b08b6622e60a5f2b3c15a7d674e9ca5a7b66443ae059ea98d,17512673,2026-08-11T16:48:09.673160+00:00
MAFAULDA,overhang/cage_fault/6g/18.6368.csv,7a3580eacf2b3027b38fc6592a740fcaa41c44ca1c1f1d6785961e78c8d6394b,3d17127e89df381eec568980bec61d0ec65131953cb863d96ee3d2545d1ffc7a,17432679,2026-08-11T16:48:09.722159+00:00
MAFAULDA,overhang/cage_fault/6g/19.0464.csv,0821eb7272ebc85ec486afc082f0399f23b9c4fbaf803d79bf1a2e5f1999b8c9,6873787f43263fabef64d9503691abdbee911b97c8c039fdb33f6faa09627fe0,17577331,2026-08-11T16:48:09.772159+00:00
MAFAULDA,overhang/cage_fault/6g/20.48.csv,351b8238d7791edc15de9edfb9936f621b7245b64ecee37fb260746199e7dce4,a48df1397b47ffaab212afabfe644deee6fcd5c30d27ebbb133a68c042e1fb30,17521998,2026-08-11T16:48:09.819159+00:00
MAFAULDA,overhang/cage_fault/6g/21.504.csv,daa0b474d50a182a182bac6cf0f64e96996205838ab5febdf718e2bacc3d2e56,a03319f862dd68bb4e2a2bb8be2ab44227f162857dc9be999c04ea5cd9222c7d,17579467,2026-08-11T16:48:09.868158+00:00
MAFAULDA,overhang/cage_fault/6g/22.3232.csv,8e08dcb7195ed1aaa78dc4b5a2de68b0068b8a6f3363c1f57fb77c748eccb0ef,8bf316dc1ee089ce7d8c78f951ab5a100226079cb5af41526eec94788cbbc8cb,17602948,2026-08-11T16:48:09.336162+00:00
MAFAULDA,overhang/cage_fault/6g/23.3472.csv,a3caadb84af40b82598c0b2bd8e660f6c112bfd17498979e1d8d9e5bc7278f13,96b7cc203abc901dfba6502f2ed39e362a9f9de0835dad3f0407980c8375f400,17569835,2026-08-11T16:48:09.918158+00:00
MAFAULDA,overhang/cage_fault/6g/24.576.csv,b199c8c51e8cf5c159ab3efe523418953140055a6e99653bab063cdac17a38e9,c6dcdb4cd0b83cebd3e0392f241f9a76cfc1e71e09a217fbe2d60dcd53db4e26,17564516,2026-08-11T16:48:09.970157+00:00
MAFAULDA,overhang/cage_fault/6g/26.2144.csv,8efce340ed310f53cbe7ed17289454eb26eee082958dd773f43c9310d72ffac9,97c4292fa4ae7b7a1c00b93c19845fee81f3f680868ff6d1383b699e4942f34d,17616939,2026-08-11T16:48:10.021157+00:00
MAFAULDA,overhang/cage_fault/6g/26.624.csv,b9166d91f7e2b994b32685fe353e4a1531ffe2a276996eac2344f428d8591cdd,5fa684cca66f2126fb2a6e846ee9881e7d90d98530f0851f554ca5b46729ac62,17499143,2026-08-11T16:48:10.070157+00:00
MAFAULDA,overhang/cage_fault/6g/27.2384.csv,842448072e26720a806d1ab07e32ff35b5dd5981ad3815c22d263f0058d73a88,a7d4f3d62be723d920a75014926686b138f44952e3ae2f9c77ec3c8a8a283ca4,17492001,2026-08-11T16:48:10.121156+00:00
MAFAULDA,overhang/cage_fault/6g/28.4672.csv,d20e8dd4d45e1611ceb2de7a2829a72f6d3ae670279ac027902e9ce09680d779,7e7d6e8e3683b170a6029a66b876f47d640c9603d2c675ed3cccc7637e10ed58,17553015,2026-08-11T16:48:10.170156+00:00
MAFAULDA,overhang/cage_fault/6g/29.2864.csv,3035cb1cd7fd7a37d7298af7ab19175353b6e54d51d67db7ecebf58d38b22b16,a52450ee029a85cd80a723d98a4d49cf855d743e4f2e50d95d3eb2a3cc32a28d,17488195,2026-08-11T16:48:10.218156+00:00
MAFAULDA,overhang/cage_fault/6g/30.5152.csv,676a36239e7b80e330102691e74217c44c67627fa7e5e4e4846cc31b310d42f0,7aec71152172daa786a65702faf8d17e79721892eb0240f6d10cc3e5c9bf2070,17395557,2026-08-11T16:48:10.267155+00:00
MAFAULDA,overhang/cage_fault/6g/30.9248.csv,f1e358196727d67990d848898e60a07d7616f1dc75618c9f0fa16e7f0f62f576,dd1479a4557cccfb454e844266e0633e0f99ae709d1dac917aad69587586170c,17544582,2026-08-11T16:48:10.317155+00:00
MAFAULDA,overhang/cage_fault/6g/32.3584.csv,95b5222669c2a3bac2245b54caa0643ccb505c4a06420b6f97a46fe49eebd82f,00dd221c3f86e08b2fc62da6bbcbcaaa56d7367c0c1fb8ecb7acd181cbf6d91f,17564208,2026-08-11T16:48:10.367155+00:00
MAFAULDA,overhang/cage_fault/6g/33.3824.csv,1373d390baa6443d8f7d83eae6547048d2a622ac4e8d7f6e597c2dcb10fd515a,1d1550c7185b87a600e9ceb7999e45367abc3d31c1fd9b6c759405aa6eec1a64,17530136,2026-08-11T16:48:10.416154+00:00
MAFAULDA,overhang/cage_fault/6g/33.9968.csv,8a9a93c50d7985611f915791e780f9cc459058a26d9a14ad2366561ef31b2d84,bd922f447dd22fe3b3253984226105cc453e7e1780e0bc80ac55aecbf83b92dd,17451417,2026-08-11T16:48:10.465154+00:00
MAFAULDA,overhang/cage_fault/6g/35.4304.csv,60914b08216801fed620258844b2ed91b40fd6bce44ea159c71716d6703462f6,5d8b9c64f186f5a718a1374eb70f2544a7d9e0e27a3ed88dbc302cd303adc2d0,17506086,2026-08-11T16:48:10.514153+00:00
MAFAULDA,overhang/cage_fault/6g/36.6592.csv,60d3775a1f4c52f3979d25507a0cada57ed5ef2d11f9c34b76da9745b7029f5b,6eb99a80d222589b3c3b19bcf8e1c1010c709d2dfa3450487bb82fb5137f5515,17481222,2026-08-11T16:48:10.562153+00:00
MAFAULDA,overhang/cage_fault/6g/37.4784.csv,0bee1a835fed701744891ecb09c28e90b002a9d81a135e897782a4e77de31cf4,d0b4cf525a54967a7c282da37c9a4307235668166f46c3ca350b2a96568909de,17450496,2026-08-11T16:48:10.610153+00:00
MAFAULDA,overhang/cage_fault/6g/38.7072.csv,b8d895e995fb55bdd096409745933e0770babb34a98634bb4dd73ff941e591ad,109fc0d198b528165328b862275097fa8df8e526f2d58ddfa89a2cb84991b1d2,17432726,2026-08-11T16:48:10.658153+00:00
MAFAULDA,overhang/cage_fault/6g/39.7312.csv,8720ea11c552c0d7ad1d8b5fd40a39420e02ad486d1871fc52502ee37827a593,b4cc65e3008f5ff95eb07bbe7f3279031de847081cc4935e467c8a66d3c47efc,17339922,2026-08-11T16:48:10.706152+00:00
MAFAULDA,overhang/cage_fault/6g/40.5504.csv,ba151b197c3aed128ca8d4bb5aa45ef994168d935f79ec24c26541a6e1fed615,92d5ae8b14d5f08a1d4e912268a796943f42555812039a8c8cb3b0eec9d20267,17303569,2026-08-11T16:48:10.754152+00:00
MAFAULDA,overhang/cage_fault/6g/41.7792.csv,1afbb096eb6c1c87412fc03ad0a4fd6346dc35e02bc8219502fcb61c589e4a94,6038282a2d3e7daaf2e9b6525e774cd0b9000177116b26f4d3aef73de5a1c6a6,17371656,2026-08-11T16:48:09.385162+00:00
MAFAULDA,overhang/cage_fault/6g/42.1888.csv,de26b4ec69822c13898d2fd0c49a2eb8026ea5c2b8c5cdd9d3d0b7d9fd4a6a82,16d90f9957b6ef3256cf1e179c6d5793588b32b6c06e4190e7702f483f6a533e,17306472,2026-08-11T16:48:10.804152+00:00
MAFAULDA,overhang/cage_fault/6g/43.6224.csv,729681519ded31935be0c5b38c621d0ba716e87f428a73b2570bd25324c8e1b2,d33aafd41db1e3bb62e37ef02aa9f2c9a092b9393a14bab24327ada008d2d69f,17210476,2026-08-11T16:48:10.854151+00:00
MAFAULDA,overhang/cage_fault/6g/44.6464.csv,fd6b2cb879f8553f584587e48a9337d2f9df0b41b05232950247c5d7f8ca05b7,a586ae0482cf2790d9d3f44bb6001c9c4e6f31c320fc732a0043375bd4ef512c,17227823,2026-08-11T16:48:10.903151+00:00
MAFAULDA,overhang/cage_fault/6g/45.2608.csv,616b40e9d08bf2b66c93b6392fbd7b505cf6706f6792adaadaab45d73a74510d,69e65a12359cd65574a4da47618e99e6173ed21079259f968a072ff811cc9729,17242371,2026-08-11T16:48:10.953150+00:00
MAFAULDA,overhang/cage_fault/6g/45.8752.csv,a4882eda6a59c7c8b99e7e9907ed80ddc6db898799133e1535e77090c6fcbace,5d028de40b267aee7fe86a36dfcb8db6272adb720fdd39770a184880e3064be6,17235825,2026-08-11T16:48:11.002150+00:00
MAFAULDA,overhang/cage_fault/6g/47.104.csv,afc90c233511d7547602bc6893312a484e96128f1dc46e8eab6f778f7dea023d,783c7b15a50a2675001983e0adf7d972353dec7d29243a43889f21de2262e084,17214503,2026-08-11T16:48:11.050150+00:00
MAFAULDA,overhang/cage_fault/6g/48.3328.csv,4ceb95d511231a4e57d299afae3acf3e3cd14ddc066c5cda1ffc048f1cf0ccb8,38e3919bc3fb09041ff12ab3ac264846796bf140d04264d450e6ef0b1e29fec8,17175304,2026-08-11T16:48:11.099149+00:00
MAFAULDA,overhang/cage_fault/6g/49.5616.csv,62dcff816f10820dd509e289e1f333f5b7d04dd8c4affb5a0d8924579db64f31,55bc68d91f4706d35e856b7db8e75bc4c55226138b0a8585c74767d467d4ce27,17200964,2026-08-11T16:48:11.147149+00:00
MAFAULDA,overhang/cage_fault/6g/50.176.csv,bc046cd8b718a5a642a347e3ab4c6da0787916a6a802c23c38ce6d02ec020743,649f20d061b603b3e92e8900e5d4108b9bf2f94676072d51977483d9cd86bf44,17197808,2026-08-11T16:48:11.195149+00:00
MAFAULDA,overhang/cage_fault/6g/50.9952.csv,9a4777469b4c50ea0d29c1b66720b12f78958d57c8e98a5bca2c7f08c1fd1d31,d229b466b7baefab2c9d5e952a094dd8baa036634a869b655e55e4685dc4184c,17192844,2026-08-11T16:48:09.432161+00:00
MAFAULDA,overhang/cage_fault/6g/52.4288.csv,3d8adad342da490df7bd029be58a9baafd4745f3522a316bdca32e2e9b52b68c,fc74fa5f206b91ed983d926db76f849a40f2d2b817c29aa84d5e677ae8bfb7a8,17180241,2026-08-11T16:48:11.242148+00:00
MAFAULDA,overhang/cage_fault/6g/53.0432.csv,3226d776951c8154a7f9e13a992d14d3818f67aa98bee1abe96077a0ba62056a,b38041c8b763242cd35632279e93f88b3c6a4302ddb489589ffd297788ae0165,17168917,2026-08-11T16:48:11.290148+00:00
MAFAULDA,overhang/cage_fault/6g/54.4768.csv,8476db13ff9c40a771995c2df828626a93a0877e61b1e8a7da7519f8a58294d7,283d5f94728c809d8ba10b251d4edd7a5b1a5afa2bc204e4b937fb822bfa78f6,17180945,2026-08-11T16:48:11.339148+00:00
MAFAULDA,overhang/cage_fault/6g/55.296.csv,cf4fd8cb5697ddc7e1c21d35cea3f692869fbf5ef202dffa22443eb801eebc91,1224d7fbc84b96714c94c1d3b88b55620651dece7926d857024c0f832e8c2355,17147014,2026-08-11T16:48:11.389147+00:00
MAFAULDA,overhang/cage_fault/6g/56.5248.csv,b913ce04e47299cfc6b7840817218a3ba0edf7b389f0745ed84004889da79b82,9131781aa1cc52312b0a9cb9b0c4e15609f7b37e2f93f9fde68133089ae4c54e,17087555,2026-08-11T16:48:11.437147+00:00
MAFAULDA,overhang/cage_fault/6g/57.5488.csv,f3238545d9af01f3c3ae7ee3f55baf7c9d3d4e657937156ebcf95cd5b08af0f0,7f5dfce77c50e7d15cc2b0e582e7457ee246b7053c16a7cbc1b0224ebb623263,17044078,2026-08-11T16:48:11.486146+00:00
MAFAULDA,overhang/cage_fault/6g/58.1632.csv,edaf907a751d0e7d034a58bbc8c5653acbf35bd49a8221fac09f0c45c6da749d,681a4b0a969e4f4d2d48a1bf73c292a75ea59da8821f1b8270e22aaa6350d00b,17033698,2026-08-11T16:48:11.536146+00:00
MAFAULDA,overhang/cage_fault/6g/59.392.csv,f5fe741f040e47cfaeebabd54d272622788220385ee35b5255b9df79c7f2999c,20aa393717b1277d81e2621af726f0d90e0ba9412c57e1aa45610c852d8527d9,16948239,2026-08-11T16:48:11.585146+00:00
MAFAULDA,overhang/cage_fault/6g/60.6208.csv,a8b3559273bcaf29d8ad841848e7b6a42c32b1789799ffc0f5b9ace6a66b22c8,1d083206754353fdae7bce0e4fd9a21f79b6611bc3a115e70165edacc0ba292a,16939968,2026-08-11T16:48:11.634145+00:00
MAFAULDA,overhang/cage_fault/6g/61.44.csv,6ea22fdaa357cd79992ed961e61b2a4ce0173e975119951d9f898eda9cbf1b64,7e62c4a9b2c28d08ab3dadaefd580307282083df2889cc4deb951171394d5cf1,16915106,2026-08-11T16:48:11.684145+00:00
MAFAULDA,overhang/outer_race/0g/13.1072.csv,8e1b6a930502bcef2964ac442812413aca37b8c84a37aceb3d0f2338e33350c3,b44ec17f0b18fd4d888cb17f3c8176016f5da0765ab63e65b13cfead9c288614,17561441,2026-08-11T16:48:11.832144+00:00
MAFAULDA,overhang/outer_race/0g/14.336.csv,e058404aeed15c4bb865a45d6eeee3b2499359fe6bb94783836f7f00c014f533,f5ce7a26465704511fe8412a9bc332ecac10796ef79e89dbc43a406577f1be00,17500483,2026-08-11T16:48:11.882144+00:00
MAFAULDA,overhang/outer_race/0g/15.36.csv,4f09a119dfa8044ec149abf9be682553171ecd0f0f4f1281c0967c95d328dfa0,46e126f75216a660fa218e1b8496e50fecfd8392f52869ac685cbcd6ddb8fa40,17598196,2026-08-11T16:48:11.932143+00:00
MAFAULDA,overhang/outer_race/0g/16.7936.csv,1436bb5b1ac9965674b56ec36eee5a4c70ea7739fb507a0ce9b1cf6429b90e45,2c83c815924c60efbb6fe32e001c7c0139e697f2a29f85f334def10ae218b8b2,17480959,2026-08-11T16:48:11.981143+00:00
MAFAULDA,overhang/outer_race/0g/17.8176.csv,c164425985fd7c4386f67d0f9830f9d225b7bb8b597e4f23139da7113a1b9fcc,32c528d9bf9e0060cf0363ddeb42a443530be22d2d0fea65961cafd3aaa21c6b,17494141,2026-08-11T16:48:12.031142+00:00
MAFAULDA,overhang/outer_race/0g/18.6368.csv,b4c9c8102a859b3ee4258205b1b71f0402f2b9557258bf94055290a1d047c794,50c22e13380ff8f9f16e32be1f32d1f01c874361b555102f26fd4aff2fc5a9a7,17466080,2026-08-11T16:48:12.081142+00:00
MAFAULDA,overhang/outer_race/0g/19.6608.csv,89bdccefc8092bcddb65bda8ebbad75279c546b6c34577abca68bb81c73be7da,70dd229013d3e124858b3d996c185d7b215786bc4d983aa5e975f95c604fdd34,17515594,2026-08-11T16:48:12.131142+00:00
MAFAULDA,overhang/outer_race/0g/20.48.csv,dbd69fbd77ed706b5829daa223d1a37df297635b1288ed7e48191af779796f1c,e719f41b8c90bd14dcb072c96df67f911ed5e29a15fdf565183db24971ac1c9e,17528077,2026-08-11T16:48:12.180141+00:00
MAFAULDA,overhang/outer_race/0g/21.504.csv,6f92f65ef8b425005f0c158c2c5b4007f0e6ba4c98b548b63558ac777af08ce9,e7694edc8a177e90a30e32564269ebae3e9a7d5f4880e9d1d080e5151224a3c5,17505873,2026-08-11T16:48:12.230141+00:00
MAFAULDA,overhang/outer_race/0g/22.1184.csv,c3c8cd7588f34fc79c1d202d54d76526daf22776776abbd5d9c5111322df314a,5123bf17bbca2272d432ba55dd1c3331171fb1038b06ca8f666a490fb9c6f728,17481732,2026-08-11T16:48:11.733145+00:00
MAFAULDA,overhang/outer_race/0g/23.552.csv,de932c2374d9903c07e9fac65d340915354ac03ea713fc4891f6dd6a449e98ff,652d5050501a9ea6887d3f889c663b366f8bb36ae580e56aaf23128a5b29b987,17406756,2026-08-11T16:48:12.277141+00:00
MAFAULDA,overhang/outer_race/0g/24.7808.csv,d9645963f3f786e49070d69f9b684d1b215ac71113064c6ff12b1b2abbf8e935,c6bdb6739d44fa2a731aedd2d5eac792a4546e588f153a83526e502778d7569c,17456313,2026-08-11T16:48:12.326140+00:00
MAFAULDA,overhang/outer_race/0g/25.6.csv,36a1a99899f3b789844c27ba297627eef8039da0ecaf128c9154b19c4efbcdfc,57d2d0921afb682652bb996d68bc778cb2de1d87b34b973dcf78f0026b0384ac,17413569,2026-08-11T16:48:12.373140+00:00
MAFAULDA,overhang/outer_race/0g/26.624.csv,b6316ffe011ea4b2df6d9dcbc1e52a2b38139d3bb9a932795ef79eab123fad89,3e29973ea688e0d336d816643d1dc92610a7dc60070b7bad97f88b27568d7a77,17336346,2026-08-11T16:48:12.420140+00:00
MAFAULDA,overhang/outer_race/0g/27.648.csv,9b9cb2ae912504b44dc6e9e9ab95b38cebfd6ca85d05ae2d4ffb4c7d2ac30a5e,a58614ecccc83c8325eb9910d75a085abe59f49e5edf1ee9627ae16f7cdd4f62,17386565,2026-08-11T16:48:12.469139+00:00
MAFAULDA,overhang/outer_race/0g/28.4672.csv,0e9ed246dd2d187af06cba7f6438063f9b7fe9c45dcb11a4c44bca9e80687736,12d79a735a97fe7a72f7f6e0fb4711423b60f0d8086a1f73d7890a55c256fe7a,17389010,2026-08-11T16:48:12.518139+00:00
MAFAULDA,overhang/outer_race/0g/29.696.csv,0363c1bd25c98bc2f440dd5f288fd10d4e93e567acc30d265d770538edd1485f,7dc8c58f9b15fba1bfbb2b806cebb1252969d281319d04d1d6b328bc0c362ac9,17271222,2026-08-11T16:48:12.568139+00:00
MAFAULDA,overhang/outer_race/0g/30.1056.csv,297cb2572ca99758e4edf6e504aa0723294b751f6d8e169f5bc89171f26e0b25,1ce19f16e373e49641759b0db51cd4371fd11022315ea2acd8d7045e0252d631,17230624,2026-08-11T16:48:12.617138+00:00
MAFAULDA,overhang/outer_race/0g/31.744.csv,4a175caa4b63ffeaacddea674c524a2c3ea8fdfebf9f838384449ed221c2f7d9,3584895288021b1fb911a640cd8a175a9f01e4e8d1dca0f2cac0d4c2f9127c1c,17369860,2026-08-11T16:48:12.667138+00:00
MAFAULDA,overhang/outer_race/0g/32.3584.csv,da0a15555bd0398ee9307da0ac91f95bd38113e37d1f0bf46e638810e5b4c5b7,79e5cbb346c62e532cab4424fe811050865db4453e1c3f8517bbbc6813fbf353,17342812,2026-08-11T16:48:12.715138+00:00
MAFAULDA,overhang/outer_race/0g/33.1776.csv,565055c210c84b02f1c857fa47e988a9ac80641ec60753a3aaf30435237a4905,6ac5e1721f618a703327a183b53c7cf6c5f0a05f271beb2dfb46add34a37fbf1,17365843,2026-08-11T16:48:12.762137+00:00
MAFAULDA,overhang/outer_race/0g/34.4064.csv,e8d4c90a4b4197ffd56193ad9b7c2dcf56d68f65d5a768ab13c699b124d8bb39,e2e77b387d0a6c5958a2f191ae6417bed89fd018921840f8356b75c79e718053,17267124,2026-08-11T16:48:12.810137+00:00
MAFAULDA,overhang/outer_race/0g/35.4304.csv,465b0394b9a3ed36f0de7296225bdbb2a0fac62b0b8972f4a91d46d4c3b50e8d,1d7e904e2f13ecd7cd0e8afdb540d7fb985624f790a8360b6943c16be6205c1a,17313919,2026-08-11T16:48:12.858137+00:00
MAFAULDA,overhang/outer_race/0g/36.0448.csv,2369482dd8234cd00d99a3621a8865bc406d6721f88518345c0820f26e2422b6,0d8544394df1a60185d4236f22e6f51112990385c33fbf4d4d77f0ec5144534f,17294892,2026-08-11T16:48:12.904136+00:00
MAFAULDA,overhang/outer_race/0g/37.2736.csv,752a43275d1d71818184702a752b93ce0e0ee4ac10022ec3f1cdae6c067f5ff7,5ead0e22b1435554b83c35d62aa17abdf499611f84403c5bb90c343b9288392f,17268850,2026-08-11T16:48:12.953136+00:00
MAFAULDA,overhang/outer_race/0g/38.0928.csv,957fca14a60ad85873b958011c9b0bb56e4a4c97a889c385caa428152abc052f,8ef33b292e8f101c011b7acab81bb5943c84012fec1d639986e088f70f32b6ec,17270574,2026-08-11T16:48:13.002136+00:00
MAFAULDA,overhang/outer_race/0g/39.1168.csv,7cb149fc0ffb6cf646ddfa8317cd8f83f32896cba62856a99c7feb571c595286,0ce98bf7419bda720b19a0f4e980ba099831f2638324063b1fd206fc038adfea,17246932,2026-08-11T16:48:13.050135+00:00
MAFAULDA,overhang/outer_race/0g/40.5504.csv,fa7f56c0d8e5a488e93d585f127337ccfcdd68be749f745fc5b9074e96db503f,19fd9cf7eeaefb6be50da6ffb4235d0cd400884aa5d6ff9be82724f8bfacdc57,17216027,2026-08-11T16:48:13.099135+00:00
MAFAULDA,overhang/outer_race/0g/41.3696.csv,51f5fa5798357e4771ab35b13cebc49d0ac52571967050381ee3d8052137bf54,f41dca12baeb47823238f51543d1ff57dfe7f0f6f52a46a2c149fa434971c96b,17264568,2026-08-11T16:48:11.782144+00:00
MAFAULDA,overhang/outer_race/0g/42.1888.csv,4d41bbab38fe3e41e0988d8ed943456fa6eb2b213043317d9f03feb3835d48c5,60af54301718815e35b0a64fbfc703967295707e0625670f812657ec530e6622,17268398,2026-08-11T16:48:13.148134+00:00
MAFAULDA,overhang/outer_race/0g/43.008.csv,a225a461f0828d2324feee823cbf8a020b00d1d495e56794bf66be42f05bb6f5,2261ff82a65e92cbc72f87cad8c6d647838bbab834be9c97a69486c37bb74b7f,17243489,2026-08-11T16:48:13.198134+00:00
MAFAULDA,overhang/outer_race/0g/44.2368.csv,4d6eae412409cfee4c2e85f18280b8384a33762abe494e5e551585e2162c61d1,381ae02176b19cf239c674b3e3317c37e8da104df0249f02e55889398f12f3db,17200002,2026-08-11T16:48:13.247134+00:00
MAFAULDA,overhang/outer_race/0g/45.4656.csv,a9297a673e265ce2483d078e8efb15262f828bfc354f0d83d88be18db2d719f8,cf8b6f644f7a0c44d70d3ec303e4ba47761e3589e75483ac155e6ff7ed8a4319,17176184,2026-08-11T16:48:13.295133+00:00
MAFAULDA,overhang/outer_race/0g/46.2848.csv,d3ee997e284b25e3a2ebb0ce9c53d70e545f4bb888249ca4165dfb685700e2ad,240e7cf5bb4546bb5282521feb0f621d63a31e538979e2e0de362394cd6836c1,17111137,2026-08-11T16:48:13.345133+00:00
MAFAULDA,overhang/outer_race/0g/47.104.csv,d1915a92004b618455e2e8271727833471a77f39ae8a26032ba8e1f9b466487a,bdb9f6fdcc195166850d0ea6e1bb26a16deeef26ab4bc4c310b6b8dedde32932,17179876,2026-08-11T16:48:13.393133+00:00
MAFAULDA,overhang/outer_race/0g/48.5376.csv,53d9f45641f1767673b6497572876ab1b72cdd7c97fed1c77f1d30207b7a1dc4,c923776fca027d864b07c5ac3fa4681d25058a00723bddfa69f23d83c269b593,17137236,2026-08-11T16:48:13.442132+00:00
MAFAULDA,overhang/outer_race/0g/49.3568.csv,7e18e1d41bc2ac25a08a240ab17baa8975401561be43c4bc47c3935af31c47dd,52babf5267d738d390495398b025e768e12c035bf3cd362973d966d0f47b8e96,17090580,2026-08-11T16:48:13.490132+00:00
MAFAULDA,overhang/outer_race/0g/50.176.csv,ec7fff5b991c675d4882ac69ceab491f33b355c0237ff04a6e6306f35894f905,4a6121c74d076f1fb370a380ab4f96d063917cf2c1932366beaaf76a4fbbfbfe,17049020,2026-08-11T16:48:13.538132+00:00
MAFAULDA,overhang/outer_race/0g/51.6096.csv,ec19c2e81f365595413101a5e5dc4db2e56c3e02b70b31d1b0ca708c932ace6e,8a4c5fd31dbf6085b08a5e43e09559feb32a3b9b3c87d7c764c6dbeaded3f208,17010145,2026-08-11T16:48:13.586131+00:00
MAFAULDA,overhang/outer_race/0g/52.4288.csv,13c6c4ea24c6ca3cb5297ad94836e1f13b70fb254f23496dc9eb44f93c613953,a15c63bed91db630cd980c888d385d7aa3dc999b33deccb6d60308bc6eaf7d5b,17036957,2026-08-11T16:48:13.634131+00:00
MAFAULDA,overhang/outer_race/0g/53.248.csv,26d28b188b99c920ccceff9b25f9aaae8804165f808a34c9a73544a50b70abcd,6b16b03f05bf80abbfae197d432e290e086c53e705f45846ad1c94dc4d249463,17059699,2026-08-11T16:48:13.684131+00:00
MAFAULDA,overhang/outer_race/0g/54.6816.csv,0f4610f566b04af76b869bf43b3b0bcf66287b6343402c1d2c0b33b5f725eebe,69b69827db103fd978eb205b38a71ea361082ca80af3908c1978d84a31fe04e8,17060274,2026-08-11T16:48:13.731130+00:00
MAFAULDA,overhang/outer_race/0g/55.5008.csv,67459c9ccc4bc836d86a247113cbeed1fbc1712e88a9572e993839891171f724,0b75e458844c069f54c65ff83150429f66edf8a7bcdd98d06f3e454dc09280b3,17073218,2026-08-11T16:48:13.779130+00:00
MAFAULDA,overhang/outer_race/0g/56.5248.csv,94341652f4a98e61b078c488484e5395e4a3f54691b39167af268394f523927f,77cbee47d0b08da69d1aad39d2106578531e3f81725f557f03363edc15c06de7,17079935,2026-08-11T16:48:13.827130+00:00
MAFAULDA,overhang/outer_race/0g/57.7536.csv,fc32f435696d251f7c98ce117847524e4a4cde780101660ed687e0234978f230,e7abdc998dec48f3fc608ac9f8c79cc09cabd5d7597b27d3f2a120a5c4409960,17069690,2026-08-11T16:48:13.874129+00:00
MAFAULDA,overhang/outer_race/0g/58.7776.csv,45a4f2d10488e9c77fb7e011012a5d3458c25cb0f2adca861a7796c97bdaa560,30f83fcd5aa41b4c24d97849cf40edb348def3cdc327aa7dae290b45b0ecb43d,17067094,2026-08-11T16:48:13.923129+00:00
MAFAULDA,overhang/outer_race/0g/59.5968.csv,a484b0d77ae33b1d2cfcbe3d959ec514c734530c03c8b47c0704ce69bc1256c5,bdc7297eea486d21eb2dd06b8a5b9d6d0f6d5509ccb2fd16321c2e93a5e62702,17068645,2026-08-11T16:48:13.971128+00:00
MAFAULDA,overhang/outer_race/0g/60.6208.csv,e5d5b7c9a627272d83ca8271a312ff78b4c6835a1fd81469f9038fea50e5d189,8404a7c4cc4f887e2bbc1af1ecc979981bfe34e809bf82ddf53591db1dc361c4,17084029,2026-08-11T16:48:14.019128+00:00
MAFAULDA,overhang/outer_race/0g/61.6448.csv,97959d08de52e579ef4f058acbffe0d428b460c6ae7ff812131dac77a5a6edbc,5f5cc5fa675af4edd104201423fe19f9a6615acec09c5e03e541d32667ff7d47,17170081,2026-08-11T16:48:14.066128+00:00
MAFAULDA,overhang/outer_race/20g/13.5168.csv,ad0643f920fc58bbcd3583c295cf039c538caecf0e21d18581ba456f052c54d5,8faa8bea0bd2fe1d8e717b303b6367f33765eab6079fd070b12195aa0bf70834,17584987,2026-08-11T16:48:14.258126+00:00
MAFAULDA,overhang/outer_race/20g/14.1312.csv,72668737e485b1a7f2add34c631b0a0c0ff0b36a7e94e20fb76a94773b098ec1,564077856606c6681d9c73d409daa816c0a8e863f6f2be3cc9b1a8f2d134f7b3,17466072,2026-08-11T16:48:14.308126+00:00
MAFAULDA,overhang/outer_race/20g/15.7696.csv,2f4e9fec004358944e2dfa8c92631e9d24a86fa56ab9e8db7526266a946da259,9dc80c61cdfac948b2fc515349276ae945b1543a5ead9b80cf4d102f41dcb01a,17580918,2026-08-11T16:48:14.358126+00:00
MAFAULDA,overhang/outer_race/20g/16.7936.csv,d70fad67111d078a98afcb35ba2bec400c13a33043a26b85284ac6aa0e6ec5d6,47a2f1a80a389c73804cdad8743ca341bbfedd9fe70b9a0676d0b9d3d93799d2,17516386,2026-08-11T16:48:14.406125+00:00
MAFAULDA,overhang/outer_race/20g/17.2032.csv,be806bed421cc37a0ea2745e65953f8c96c9e9697e316fcb0633ae2f8f9f1c11,5e736a56c5ef7bce655b438eba3c283da82034c8b34a76a1e13d8e1435326fa5,17294952,2026-08-11T16:48:14.456125+00:00
MAFAULDA,overhang/outer_race/20g/18.2272.csv,867a1350fabbbd5ee000d30f75f33d5c752fdfaeca6cc8c695ea68e8a167e860,46d209d228a1964732e1a092657c3004d9509e0cdd743ce35289543d6fdbb19f,17407278,2026-08-11T16:48:14.506125+00:00
MAFAULDA,overhang/outer_race/20g/19.456.csv,a2a5b3c6911b4fe561125b34de637a55b03acb04c99e5077f971756512abd766,07c93867faa283cf14ea0af90698880a571b995b734265f2d1f5151aaafc9b18,17390202,2026-08-11T16:48:14.553124+00:00
MAFAULDA,overhang/outer_race/20g/20.2752.csv,e859cfa0933f02e74c87210a48089a642ae40838e5ef444a7862f7a16da3fc9c,0d3691ac99bf6a9fbcc68782fe302622ab99228479af2d75b05f5ebe5f8bbf11,17287083,2026-08-11T16:48:14.602124+00:00
MAFAULDA,overhang/outer_race/20g/21.2992.csv,75fe2a613696eeea4c42b057e9056a3b245c44539ad2e58782333697f502254e,4c06f9280aa63945fa4954a01108d442953b6f1159cbd3e595ad7ee48c912054,17331830,2026-08-11T16:48:14.651124+00:00
MAFAULDA,overhang/outer_race/20g/22.9376.csv,51186a71349590739af500e8bf2988275b7b341693d9e017b8d98d161e4d9059,0b869fd9fb534144bc16a5a8433183753f183746fe0237d8f1a47066264993d5,17384308,2026-08-11T16:48:14.113127+00:00
MAFAULDA,overhang/outer_race/20g/23.552.csv,8393a5aa192349186b533e8025ed38ec7182267b4f0b5380f4ee6df9a19b0127,9981b58ed46008ac8593d367d2b55ef7195a0d52641b6f97d2e3c207c8c42eed,17312933,2026-08-11T16:48:14.701123+00:00
MAFAULDA,overhang/outer_race/20g/24.576.csv,195daacf9dc09107e7142c3ad1b66edac9f779efe460ec1a5dad4fce2bbf6faf,cb8968444143f864cde5b6c4ae3ff786f221e0a1d8159b1f655742ce2c087ad6,17328490,2026-08-11T16:48:14.750123+00:00
MAFAULDA,overhang/outer_race/20g/25.3952.csv,dd8bb3e2961f71b9c53f730786f9c53736b76ae1862fb244457c4c1e6f2ef9c2,bc202aaa8609180a55844b6680cd50d71cde19ce986f700333d1800c4ecf1647,17375086,2026-08-11T16:48:14.799123+00:00
MAFAULDA,overhang/outer_race/20g/26.624.csv,2af03c9c7835055a4eead485a553b297a9a440941621b97dccab612503401a62,7b594ad0af09b4236792032ce00a34773fbebfe7d6e4ba4af9e6eb50678579d5,17233582,2026-08-11T16:48:14.849122+00:00
MAFAULDA,overhang/outer_race/20g/27.648.csv,445a2c88d9f30dce05d30db86e0dfa4c7bf7c307137d82fdf1f43aa47086c8da,02bfc223df3d69cf841693ef796b5447cabeb28e74f6f859cda66658c95f6df0,17256849,2026-08-11T16:48:14.898122+00:00
MAFAULDA,overhang/outer_race/20g/27.8528.csv,4b91d57448c2661a9b9f8f058b40f7c354109b3d33b90d761f38bcfc323901c8,4ec95b636a884a1fa7affe320046d7603a7294055a6d783d92f3847530231c44,17268723,2026-08-11T16:48:14.948122+00:00
MAFAULDA,overhang/outer_race/20g/29.4912.csv,b794ac201cfebfdcbe52aa1bba149937ea24acef3d1adf08f9f182361eff3631,cf6a8536c9f991e82c15c2adffe60bbe712e0bfcb8ecca3500082f0c40e6ab95,17268962,2026-08-11T16:48:14.997121+00:00
MAFAULDA,overhang/outer_race/20g/30.5152.csv,125420a0eddb92e0ca76127b7e99365346afec73cba2ee0fccd0f20ec18d8ad9,6b2ebf46619ec5eb6d157421dc8a56327902c049892075c3f7ba57b3072e3890,17266004,2026-08-11T16:48:15.046121+00:00
MAFAULDA,overhang/outer_race/20g/31.1296.csv,046e7b477284e0f1ab76e846591114b9a6e9fe3ecac20cab1019854b122a10f4,13d66afbdfc4da7f24c6c4b640d74da651bfba29e660c11bc6b0276c281947fd,17298834,2026-08-11T16:48:15.094121+00:00
MAFAULDA,overhang/outer_race/20g/31.9488.csv,56ba8ade118f806c86df1b8ac825fbbd466341b50da17abfc57d6220b40906da,37331345d428c36a8aad32fbfe61ad6ab086fd079319fe22d0eb0a9be14ae244,17240216,2026-08-11T16:48:14.160127+00:00
MAFAULDA,overhang/outer_race/20g/32.9728.csv,aade1e65366386034261b560b92f8a0e030118709d4cd777cd782db0bfbfb7fa,ae81b495ab2fe1856c4086d1a1bfc116d3c727a9ac946aa7e46a0df73242e0bc,17287366,2026-08-11T16:48:15.142120+00:00
MAFAULDA,overhang/outer_race/20g/34.4064.csv,a68ca9c2d351ca580287ec08f4ad3a0a750dbb2185ee25de91b4f0ae3c676742,c7d5dba773de68cc0a52e67e3b604e26006442268c156d554985bbbe9dddb2b6,17113712,2026-08-11T16:48:15.189120+00:00
MAFAULDA,overhang/outer_race/20g/35.2256.csv,73fdf6789779c6369b20baaa2c2d9bc1ebd0a6aeca124e8ef32efe8249ef9a1e,5c30628ce4e695fd1d947396df41d22992b56e3d9ebaa66b0102a17fcfff35be,17130716,2026-08-11T16:48:15.237119+00:00
MAFAULDA,overhang/outer_race/20g/36.864.csv,45472b23081534843f4a913758e717b3965b5a0d7976450d3125d1c928dc296a,de2f07a6af40f55d0feccc734c02a54370696fd8bc8e19bf27b7ee023b6fbc68,16907389,2026-08-11T16:48:15.284119+00:00
MAFAULDA,overhang/outer_race/20g/37.4784.csv,7b650b6c7cc378c274d73adce8657a8db8ab28ff88c7590cab71f2e1563a95ca,c49ea77d76dc6b3b5e77d89c8f385ebd7134fc602ee0dd3b71103d78c9dddec2,16875686,2026-08-11T16:48:15.331119+00:00
MAFAULDA,overhang/outer_race/20g/38.2976.csv,f4929d090b8e8d1d3e61fb044e453139143462f38070d32a44b9d15a1cb84751,d8b3b1a8132d4c7f6562d72f830538efdb8422e3ec5397250682ad033179e80a,16838688,2026-08-11T16:48:15.379118+00:00
MAFAULDA,overhang/outer_race/20g/39.7312.csv,e598f100dd9d7e2a680485b9ca8ca81902701e2fd6fbc967ec8af4c1fb406c5c,39681e097a256c3edfe9bc19fcd5f13f8b9b683e485d472c9b67fee0e82f371f,16739488,2026-08-11T16:48:15.425118+00:00
MAFAULDA,overhang/outer_race/20g/40.5504.csv,f11f56aa378dae2585b173d4067dcb58f65406799e041223ac5b5ef6c073dadc,431fb653ae5f8368a1591652d2f3c9a2197f04a9ab2d939c416b620c78ad2ba3,16746585,2026-08-11T16:48:15.473118+00:00
MAFAULDA,overhang/outer_race/20g/41.984.csv,2a5841be5c512f95d85855eb4cf7fd1f3a5eee55430ded53e0defa7044fd12df,89b924c9d82e423ed5a7cab1fdc92eac22eac41a19be2cea7cf9ae726fd55360,16783643,2026-08-11T16:48:14.209127+00:00
MAFAULDA,overhang/outer_race/20g/42.3936.csv,7d7b6392e4f3aa0ce71a61e690c89ab99d47f413f94b3a5bb363d9293bb55f9d,912905167447400220f6fe000e324984e632e481c1940d3a9741f20166d90e73,16773140,2026-08-11T16:48:15.520117+00:00
MAFAULDA,overhang/outer_race/20g/43.6224.csv,720b896ce660047a75dd503df17e76932b57b3566b7204b7d4605e9e555607e7,83e4326ebce73918ded3734f8283295a2a14546553c4eb8ab87da4942d643e05,16766477,2026-08-11T16:48:15.568117+00:00
MAFAULDA,overhang/outer_race/20g/44.6464.csv,9ff6347c2f3c711c03ef6373762845546e9ee1cc981a5a7b1f487e40c3a8789f,39ad79277a868fd60ea5d2e550954a5610717a511a5189468a2866f2b2daca90,16747926,2026-08-11T16:48:15.617117+00:00
MAFAULDA,overhang/outer_race/20g/45.4656.csv,b01286350a72af609c9b4bfc58127e57a8679fcbb64153b319e597cc8f2e8a57,92c6951d4a5a256713914e807ec5a9940e0563f3ecfd059494b944fb7a4b12cc,16736948,2026-08-11T16:48:15.667116+00:00
MAFAULDA,overhang/outer_race/20g/46.2848.csv,5d899f3c62c21da4e53a51c840fdfe7705c413f4f7b3d9642f7f9fab902b3999,3800f04b28f3a472eb0c7cdb178e5f4bf21f2ecfd726e9222b798d9a7f1572f4,16708365,2026-08-11T16:48:15.717116+00:00
MAFAULDA,overhang/outer_race/20g/47.7184.csv,621dc44e2012ab4d3d54c752846fbb3f97aed5f1f1aab8afd104880f89b1ed7c,6b7602ce150b3780466286468f7d15fb4eda37030cfab20be7d59e2101b84a70,16657751,2026-08-11T16:48:15.766116+00:00
MAFAULDA,overhang/outer_race/20g/48.128.csv,a003d4b304b07dfa01903e1eafc128685315be0ef002499a63ba7ac59b2ebc5a,818b99991ad52aded6cdbb6fe71c1a69befe3b27745e1cd0835c0dc991d083c5,16632526,2026-08-11T16:48:15.813115+00:00
MAFAULDA,overhang/outer_race/20g/49.3568.csv,5e923042d54f9366508de49c8406095d187db7abf042f8aa9d2027ca4f3d3be1,ce3587f4b92104a9c7c1a23e8eefd894464e71712bb20bb3a5953a3690396996,16589356,2026-08-11T16:48:15.861115+00:00
MAFAULDA,overhang/outer_race/20g/50.3808.csv,8f690d713890d8b4ef12850f80bc459c74abecf653ec306691eb3b6f4a711404,33270682ad937feec6b6d9cd6b7685f6e17d21eceda0a2ea41469dce072749f9,16598331,2026-08-11T16:48:15.908115+00:00
MAFAULDA,overhang/outer_race/20g/51.2.csv,0cb0e9fc89d0adf6048e9b4f4ff7fab3365ff993e147869b244ba41f2e10ce13,e21fc0bf12e0107e8dd6fa3afd1e96be16a400550f18bb01d118ad7fdcbc3210,16558022,2026-08-11T16:48:15.957114+00:00
MAFAULDA,overhang/outer_race/20g/52.4288.csv,3c6647490b70b72421191332fcf951ada82d2e39d6941d6906771a850893b21b,5553fc34f65d78fdaead41eedcd1dd4e170a5fa63512573e1818420e346ddc71,16518554,2026-08-11T16:48:16.006114+00:00
MAFAULDA,overhang/outer_race/20g/53.4528.csv,515a274c5c7ed779ebbc93b4aed63b2c0198d071bfa07ce2eecb7515f9afba8d,13cf25497cf89526571f573d8622212b16caec8b0f01951a200651102e043442,16453140,2026-08-11T16:48:16.054113+00:00
MAFAULDA,overhang/outer_race/20g/54.6816.csv,cabaed50cd92a5f35e208eb0c22b73b261d4a5d1235ce6b7f6a555d9bbc86f35,f1e4e56d84fe02d3ab51d1e1c57d4c750972d212500d801cd0c8b771c2667587,16436229,2026-08-11T16:48:16.102113+00:00
MAFAULDA,overhang/outer_race/20g/55.296.csv,1bf131c02a902ccf4f5bd0b9f3e12c1eacc484e7a89e0fc0c83278fbf41d62b3,9d5075df461759d5c71026c85b138991f0d95bf793b9f87d011ad5b2419f498b,16342506,2026-08-11T16:48:16.149113+00:00
MAFAULDA,overhang/outer_race/20g/56.7296.csv,619dc72e7bd10eea1b75091b07e5b35b7b61c1ce9368862a5cd29502a7dc1ca8,8e4ddd1c3d34ec558d99b94f1c40dc218a9d5bb742ad14ee84a533bf6e01dd8b,16206455,2026-08-11T16:48:16.195112+00:00
MAFAULDA,overhang/outer_race/20g/57.344.csv,88e39942661744670d0e7284074541c3284745e9ac04de03f81f766e4d677bf0,c1f79fa118f06320c5b59ea9bdadd97a16379f1e41b37b71f9665d4dbf88f11c,16188921,2026-08-11T16:48:16.243112+00:00
MAFAULDA,overhang/outer_race/20g/58.1632.csv,99ff600b251181aeebd69e67fd5128332b4a72507fe0c01ede7ceb7c562ace63,cfe63af3199e0ad7bccf0e935235fdd734dc18f2f6f6e55ff725abc2daa2d50b,16167818,2026-08-11T16:48:16.290112+00:00
MAFAULDA,overhang/outer_race/20g/59.1872.csv,77e093d8ac35a380d2377ceec167ea110b4ce046792c7f86a19599b29ac9b06e,f194ca26be6a8faa2e356059715b39beb4d1e141fa30b3a85bb51084d6f895e5,16114945,2026-08-11T16:48:16.337111+00:00
MAFAULDA,overhang/outer_race/20g/60.416.csv,1665d602a9ac25fba6b52a6413b6e5f1274b2e70985ce96cea2e0cccad204797,0556cb4045feb3dc4bdccc191d4461de40cb0bcebf890ea313b40f04ec2038fc,16094923,2026-08-11T16:48:16.385111+00:00
MAFAULDA,overhang/outer_race/20g/61.44.csv,54af1c2748f48413f07c642c142e8cc58f02572ab9c9ce3d33ef3f1ed4af5a71,58d14a08cc219f6dd52d16c187d769c43bfb8def1cda426e65863dc41ab486f8,16033513,2026-08-11T16:48:16.432111+00:00
MAFAULDA,overhang/outer_race/35g/13.7216.csv,71ad03a9de28c22c18779acff0f82ec0f80a5f6d931ba2b63ba21af11018d133,782df15af82c37a97238f70d91325f48ca40e50be0ede60cf12f89c6b209a0da,17555891,2026-08-11T16:48:16.576110+00:00
MAFAULDA,overhang/outer_race/35g/14.7456.csv,bab2ca51305cb899ca7f351ca590634f81c09e89570bcc33228cca7b17746ed8,0c79e45e3dd13e7753a3b689ec569a73b8c37ef910e6deb311ab1a142db131ae,17439344,2026-08-11T16:48:16.626109+00:00
MAFAULDA,overhang/outer_race/35g/15.7696.csv,9b4bf7438f0f3fb2d1025643419a13e69522d7d92163d8ed79ef673f60ab2ab5,00de31b106154279f2cd7e534fb21dbff66b11947c615b09f2f134cbc9e16f8e,17534021,2026-08-11T16:48:16.676109+00:00
MAFAULDA,overhang/outer_race/35g/16.7936.csv,e0b8f615ac49602b8512bf61a743c467a72a7af42f47475a3797a69b6eb230f1,32eae973a85d1912e7fe3d279328dc30c0bf3c98463f39c2791c86966cbf647c,17442464,2026-08-11T16:48:16.726109+00:00
MAFAULDA,overhang/outer_race/35g/17.408.csv,2d53ca590d46f8e97850f5e8480469cd59983f6a2c311f4db441b2bb82d959e0,292208dc519a7432864d8e04f93565f096c8eaab2a9db0c44ec63be9f3854e1d,17264435,2026-08-11T16:48:16.775108+00:00
MAFAULDA,overhang/outer_race/35g/18.432.csv,09d921ceebeaba56e82248f5f8e72b56fc2a03fa6bd7a481188a8fe58d5ec5cd,02b24bfb8950ff59cc3a002e52cf2d8790ee53a4f8410ba3c4ea0d9b0a948a44,17259443,2026-08-11T16:48:16.824108+00:00
MAFAULDA,overhang/outer_race/35g/19.2512.csv,fe973f9d528d992887cb84c7d292a0d62868f956603f3e58b5f068827d01cf90,f2ae7ce4636b089bdf5e2dd7aaa6e10eb1e6162685fe58d2d15d9cdf0ab8d4ff,17274129,2026-08-11T16:48:16.873108+00:00
MAFAULDA,overhang/outer_race/35g/20.2752.csv,f183871127e0d91691a52b0d96487672c8e825c115df68d3109680c0901eff38,dd7ef6445d4839258f7058a78b46f06497a47ae7a98d094265d57e0b2de48a6d,17256560,2026-08-11T16:48:16.920107+00:00
MAFAULDA,overhang/outer_race/35g/21.504.csv,4e8e23032be7ea3820912138560b283dfc3f130ef43c3cf17e2e619610515ec6,ef7512aaa98db8d56f9d85226aafa30dc1b1291988ac6cf9a49eebab28bc9562,17296700,2026-08-11T16:48:16.968107+00:00
MAFAULDA,overhang/outer_race/35g/22.528.csv,2b24143c30ad0326f509076d19aad3217277e6650faef70ff31147585804cf55,b548b70002a15da2815e2175de0551e18adbd898b56268f1cf8415b65fbf1e7d,17278219,2026-08-11T16:48:16.481110+00:00
MAFAULDA,overhang/outer_race/35g/23.7568.csv,4c8cb5b02c587d6aa9dc93d9306a5a7f36d396daa36ed6845c3bae3854bd0168,b9cd9d058bacc490ee8aee7ffbaabba928c7f765aeb271548e792ce9937750b0,17159645,2026-08-11T16:48:17.014107+00:00
MAFAULDA,overhang/outer_race/35g/24.1664.csv,da2194c291cf30fcb799cc090dfe07c9eca54e3f9bf92d1e484b987437d2a9bc,e8b8149dd7f53346b41732c215df6a4e4cb62e8d61ae78976f19292cb9529a07,17120931,2026-08-11T16:48:17.061106+00:00
MAFAULDA,overhang/outer_race/35g/24.9856.csv,e849a8329ee97f123f7eec9277cbc0ac15067e6b742d634c0986d54da0c9bc83,2d8ba988b2980dce7cce7de77eb402428a81427f2312fbc4744caf2e876899fb,17210076,2026-08-11T16:48:17.109106+00:00
MAFAULDA,overhang/outer_race/35g/26.8288.csv,9f6cc2ab95e2fc8e0fdcc36e5764438873678d7ca87151359c7b240e3ca11af3,64533969902463e78c2bcea46ebe2b96e71a2be94f5823a2ba917fb8a3a43892,17101492,2026-08-11T16:48:17.156106+00:00
MAFAULDA,overhang/outer_race/35g/27.8528.csv,9d2bec99bdb9a288a22ae2c27a46aff6c86923c26a62166a8df8cf138fe3243a,f55f75e0e634cf55a7959787a1baa19c94e8e7e2c0dfa69f8e43daebc89da757,17110905,2026-08-11T16:48:17.203105+00:00
MAFAULDA,overhang/outer_race/35g/28.672.csv,2bea860b6087c351008f43c00a34ae643efbb2bf9c956e4b7610b0746a1a02ca,8f80803601db239f17fb284550a56804396b7f40992da2d1ea0e0c97a375557c,17181243,2026-08-11T16:48:17.251105+00:00
MAFAULDA,overhang/outer_race/35g/29.4912.csv,c998ab31544aedf500c91ba7b6f991d64b6d383934ab978f6aef6485c5b9b451,93e2295d49eb41d0d70cf5755a155dd59f28d514251a95db1aa7e2159c13f047,17110864,2026-08-11T16:48:17.298105+00:00
MAFAULDA,overhang/outer_race/35g/29.9008.csv,96c3abd9aacf76c3dff3ece6e4a1bb972410acb47841dd55e11608f280811069,256a846b3800328da8ffc7940b3033c298d3e7b15c4283b7fb4fca4355e594f8,17203061,2026-08-11T16:48:17.348104+00:00
MAFAULDA,overhang/outer_race/35g/31.1296.csv,40106025e229ff38edb8e209bc754fb3017e7191ca5ae9ae9c3213af2fd9eff8,fa49c01ef820b235415cf5aa2cedf332b91a9d17cf77d60da7d22293813bdc9c,17110050,2026-08-11T16:48:17.398104+00:00
MAFAULDA,overhang/outer_race/35g/32.3584.csv,e779fc8ca9ec404433bbf0ad0a15ef4010f3eb496e3d4b3e09334c89c877952a,247f8c7215277c2f2a2888b68bde7bbb64018ba024572b5d7215bd4d267462e2,17041160,2026-08-11T16:48:17.447104+00:00
MAFAULDA,overhang/outer_race/35g/32.9728.csv,55ea0b724d50d838f1ad3af42da82ad9788c4370af52730464abffb54d0dab70,55bb771dbbd4f8cef381d459b4539104221b464e723a83237cc05aead41b9966,16980423,2026-08-11T16:48:17.494103+00:00
MAFAULDA,overhang/outer_race/35g/34.4064.csv,80e91bf5f9f8a132fa34920190d6b7c7b4c4d77e15ecd5ad5285248dd2fb4ce2,acf6f421ebf1305a23a75956c645564c7fa75f787c8bdd67857365f863e64fba,16670240,2026-08-11T16:48:17.541103+00:00
MAFAULDA,overhang/outer_race/35g/35.2256.csv,ffe783cbfae8a154f444cb7809df35e4e4ff65ee988e92df52f002ff29c06cc0,1423b41350a566f52eeb8941820746e10eb81998d67a36ef1663572779e21822,16622453,2026-08-11T16:48:17.590102+00:00
MAFAULDA,overhang/outer_race/35g/36.2496.csv,851d3ea1b104a6088c8182d174ab1a1052fb1d656f02f1e1fa7cba3c1bab5e86,f284f2ea3bac1327f6a384cb9a41b3cffeb098242a3ff55b5df1e447f85f4e36,16542197,2026-08-11T16:48:17.639102+00:00
MAFAULDA,overhang/outer_race/35g/37.6832.csv,82f8beda2e0581c9255ac1266db614481228446cb8a079feefc49880e428b226,7a0dede9dbbff9c4b36dd26a0d5dc56d5bb2f8acb3600d37a54dfcd36db45d8f,16427499,2026-08-11T16:48:17.688102+00:00
MAFAULDA,overhang/outer_race/35g/38.7072.csv,0a056f15742b31bdd71542a8603e6f1a90b50a3c306527d8d17177f76ac6b198,47fa044b09f9577bf862e07a3430773a682ebcf50fa17b100d11e60e677803b4,16396732,2026-08-11T16:48:17.736101+00:00
MAFAULDA,overhang/outer_race/35g/39.3216.csv,da568e03488568164e9addb7559a0ea84c4ebdd3dbfa543bf4940d8cc7ed3a7c,019b23aecd59b91b8b31a3e5aeaa0303a2c25213e177b2af63576d8e144ef185,16382927,2026-08-11T16:48:17.785101+00:00
MAFAULDA,overhang/outer_race/35g/40.1408.csv,94a333104894e0cff54e0c830ff665a4f35fa2e9c2551e5fba9358536697b492,df644d068158b6e3324445212026ac34ddd3015a203ffc5ff7f77604a3903ffc,16381432,2026-08-11T16:48:17.834101+00:00
MAFAULDA,overhang/outer_race/35g/41.3696.csv,92e71ce303dc699161fedae524aeff2228b26e944d888a5f232346a283173f4c,704c09256a042d158d23c201bac172d001ee299a8319e1434b5caee898072d8e,16424791,2026-08-11T16:48:16.528110+00:00
MAFAULDA,overhang/outer_race/35g/42.5984.csv,77a24be9fa0044842f28671d7267efd5155201e0afad283d2da19b78e579fcd0,1f39f0f27d3256f3e7b0dbf2ff86aee8e3ab53d00cad5ee15606fff87bb26a33,16428551,2026-08-11T16:48:17.883100+00:00
MAFAULDA,overhang/outer_race/35g/43.2128.csv,92cfee86cab5c50ab404524e4f863a021ba31108029ead3f477fdc173021235c,7488d082a86a6936094ddddbabefbd4a6e4fefca7eed3dec5e8f5669796f1cfa,16411958,2026-08-11T16:48:17.934100+00:00
MAFAULDA,overhang/outer_race/35g/44.6464.csv,c8a3196ccd987858df03e48796c4ecc5d557ecedf9e5ba2ed8fb967cebf73f74,f624edb7875005357ac57b604f616eef979171635919f426c62535d0752fccd7,16381798,2026-08-11T16:48:17.984100+00:00
MAFAULDA,overhang/outer_race/35g/45.4656.csv,1314e6290ad7fb55c5f176e6152fb50bc1e244e7e2b7c821f8743cae27b6e09e,066da9de6222f0be192b296781265db2e8c96a0a8321152666e95d938c6fe593,16344665,2026-08-11T16:48:18.034099+00:00
MAFAULDA,overhang/outer_race/35g/46.08.csv,64e238c9c58259441e9850a3150eebe1539c3cbe3a9f8b359355c36b2cd0a3bd,758a87f0c33f6040054670b656ee41b7b08e674d27503238ba5b4bdf48c7fe69,16331256,2026-08-11T16:48:18.084099+00:00
MAFAULDA,overhang/outer_race/35g/47.104.csv,0f314e37a4dbbe2edab48ab25d74ac276d1bfb56fbc5cf8691671a3cc8a90efa,7b6b7cc49097e12732093d7fd96f8265c8cd890359239a89aaa5a1e8224da436,16304932,2026-08-11T16:48:18.134099+00:00
MAFAULDA,overhang/outer_race/35g/48.9472.csv,00c62656aa16f7fd56b591d7ee5201a665f26351d0181b7362b7d2c00d961adc,0552f4a2db6f517cd44d6312acf33f6a91b1b20a8fd348d1104761d8dddaa8b0,16213706,2026-08-11T16:48:18.184098+00:00
MAFAULDA,overhang/outer_race/35g/49.5616.csv,ad70f629abfa1a5cd8e8f23488d1f3b8a21f3b9791c2c3c12b780f3af6c45297,c36e954f1f9668d2b7a4d86a3c2b33dcb1b0d8635ff67b37aa96cf45d0e97359,16190793,2026-08-11T16:48:18.234098+00:00
MAFAULDA,overhang/outer_race/35g/50.5856.csv,d671d5c68dbe962b6e293924a11b1434dc8cd01af1da4394d8097aea233e361b,f92824454634b0a4636dc13d8919918f213c86aa83149a8fc59535a366f20913,16113451,2026-08-11T16:48:18.284097+00:00
MAFAULDA,overhang/outer_race/35g/51.4048.csv,13fc713248cf01208125cbfe8c0c972d2a0fa39794c6c65bad6e70273a36eebd,a52fc10b5f9dce6870f385c238e79c7742b445b5752f6621f463eb00b7eddc36,15980757,2026-08-11T16:48:18.333097+00:00
MAFAULDA,overhang/outer_race/35g/52.4288.csv,61886a55bc65bea1ca2840da71e27478b3ed0ae571cf47848c72065f3dfbfbd7,446544112d91573e621fae060df2340291605c5e047f53932171420dc0b8d27b,15897372,2026-08-11T16:48:18.385097+00:00
MAFAULDA,overhang/outer_race/35g/53.4528.csv,1903cf8de98ee11bb200c36008c2329a8220b090d1b673787733872b5bf29394,9bd8639bec917af4e2d79f36d2062b3ec8bac2df52a815fcbac26f5e79da1102,15845236,2026-08-11T16:48:18.434096+00:00
MAFAULDA,overhang/outer_race/6g/12.9024.csv,ec8c745d95cea0f273ebcfa6bf345aadf60d6176c9ec98a9e9a6134d1bf3679d,f1f052f3cd621d7d426fc99dbdab3883d79add51ce33f55f61d4e2be4a396785,17491821,2026-08-11T16:48:18.585095+00:00
MAFAULDA,overhang/outer_race/6g/13.9264.csv,f4217db327c7fe3e0dfc0fe42177b43243548672f61734b5df9ef0f940a564d7,f85cbcf2495e755ca9b31297e036bfc07d3b6aceb704693d253ecaa6c74b83b3,17597121,2026-08-11T16:48:18.636095+00:00
MAFAULDA,overhang/outer_race/6g/15.5648.csv,876eb92b33b756c220debb6e1ff89eee62c3b4ab7ce115c4680191f3369881fb,189f3fbeefbae729d1f9f8b93965bf6ac523dad8d78793f8475a0e0a50d779e4,17605395,2026-08-11T16:48:18.687094+00:00
MAFAULDA,overhang/outer_race/6g/16.5888.csv,ac4a207ebadcf35cfadc36cb5e279c94cb34975474609afb62bba21b46bd6aac,f013d83fcedfceec279c992b4522f625c0bed7feb61a07c6e5f864cdcbb642d9,17543254,2026-08-11T16:48:18.737094+00:00
MAFAULDA,overhang/outer_race/6g/17.6128.csv,e240db4fa192ce99e605c9a1d4e79064c2d045d222e469cb8c693d57337307dd,2c0e36ff3f460086fef32edb1f2059fbe45bb195feccd9a8de757d1985ab4a12,17487326,2026-08-11T16:48:18.788094+00:00
MAFAULDA,overhang/outer_race/6g/18.2272.csv,d81f72b1fb24a26ae5690b6782a82207dedc4b2888aaed311f69d07164174c68,86109c97c9b0cb96400e2f6a5d92f36b38797dd81a2dcc8164f97c901bb3bd2c,17491444,2026-08-11T16:48:18.839093+00:00
MAFAULDA,overhang/outer_race/6g/19.2512.csv,f0e22494e109db7722aa9d20f48dc842ff0283b077ef057876b20ca21f25863c,f75aaa12a73b9d1e001d2112c6aae11dd98f3fc34d1461ae65b24f9d2783f74c,17563979,2026-08-11T16:48:18.890093+00:00
MAFAULDA,overhang/outer_race/6g/20.2752.csv,0ced28a0bf86816466772ca67dba9ce78a04d1daef1d0b2404269ad345c5378f,fd43baa9919847fcadb1e1f365d7a9f9ad1f99f6584e121a1f189568960fe479,17511392,2026-08-11T16:48:18.940093+00:00
MAFAULDA,overhang/outer_race/6g/21.2992.csv,c27f1b0b058896a3d708e6a9f3e699472a296d947aefcb97489ad2b3aa09e4f1,c16d8cb65250a7e6aa09fca752b1dab397e381dc85180aeb1a25bda4bfc5903a,17488415,2026-08-11T16:48:18.991092+00:00
MAFAULDA,overhang/outer_race/6g/22.528.csv,7f1e9df28d11f333000a9d0e5f8cba64f325b4a49330b41004d685f48d7f478f,45ed74630d2c39b1cdbc4e17422a7c2806a5a9c00a977d70c42905622eee8657,17469578,2026-08-11T16:48:18.485096+00:00
MAFAULDA,overhang/outer_race/6g/23.7568.csv,26a8902ea32179351fbf61b7e5b017be97eb8077ffb1eff888e0b2e613050ce3,2e35f2fb933bd13dea7d455e47ce96f91c89af3ac0aae110f4e0184c7b5e854a,17394911,2026-08-11T16:48:19.041092+00:00
MAFAULDA,overhang/outer_race/6g/24.1664.csv,72edb56782698bd7c7ffac4bf7890d084f0545829f6347a90177ca054c0cce53,19a8743154e9125640a8f28857dc7e1a3be59a181b90368de69fe5064be50efb,17368522,2026-08-11T16:48:19.091092+00:00
MAFAULDA,overhang/outer_race/6g/25.8048.csv,b82a90e9e6d72934e939e32282c889eab0950ed689edead3d991cf5fc6ceda22,7982ed3ea3f892c5e8d609971226ca788ce9de2e06abc05d0117d3509a065a2b,17423359,2026-08-11T16:48:19.141091+00:00
MAFAULDA,overhang/outer_race/6g/26.624.csv,0cbe4de2ec847253699103cc56b61a93b79d1ff061286cadf4d67e30e190ff59,5e14f3d55758a2322ceca82ee96e82bfabd1480790d0d94b07503bb8cb0a8cac,17361893,2026-08-11T16:48:19.192091+00:00
MAFAULDA,overhang/outer_race/6g/27.4432.csv,03f3ff96cc4d8c81e1cd8be5ea33b85f7ef04883ef42fcd80dbdd9dae76ff02b,3a89cdd282eb7fcdd0383e0d9cc66e0bf181c1ceecdb0b175111d04d63069e7b,17401184,2026-08-11T16:48:19.243090+00:00
MAFAULDA,overhang/outer_race/6g/28.2624.csv,cd562903458834de5712961265d59e19995841642f7b05093a8eab74ec5b8ed0,2ab0b0de82973753c5e62626635a2a179e349721fd45822be85be0891148e60c,17406127,2026-08-11T16:48:19.294090+00:00
MAFAULDA,overhang/outer_race/6g/29.4912.csv,c0ceef1fa26f7795f37886a4b79297cc1a3526e71d181f1b9c21af8c81761b4f,ad6a9b31dc5ae5cc311a278f8240e60a03632d0790f8d9a4756f593003f71daa,17335806,2026-08-11T16:48:19.344090+00:00
MAFAULDA,overhang/outer_race/6g/30.72.csv,7081ccc6bc190050db3a2fbce4c52649388099da0ccd8b16ef8ff0b79956a384,aea41ee15019a7596d529b349a125950a2bb8905fddbb2a20eec9d960407af15,17338766,2026-08-11T16:48:19.394089+00:00
MAFAULDA,overhang/outer_race/6g/31.744.csv,c8e26f4574e6959af4ccd6832ab4a2ff09ce71dfc28db26f613df9bc788d865a,704c3dd7e50058a1cd7534085b4c57ac52f434ecd31016305e8383e213378aea,17377334,2026-08-11T16:48:19.444089+00:00
MAFAULDA,overhang/outer_race/6g/32.3584.csv,9c0627c267950428ffc8418a31b9e3519787558c06ecb12f35108efe2c9ed682,8f3662221d5c2d27d7cb5b3b74c02efbc14360a75e7ac4ad2401d14650f47a07,17376214,2026-08-11T16:48:19.496089+00:00
MAFAULDA,overhang/outer_race/6g/33.3824.csv,b5e1ccda7b26a5513407adba7bfebd46cc9d294482b96d671f2f71f79a050a48,9c425b3c0ef241c22c628702f762ee9d10530fe543621bd0a1fe0b67f8c3163e,17381906,2026-08-11T16:48:19.546088+00:00
MAFAULDA,overhang/outer_race/6g/33.9968.csv,3420480883a5a77956c7b74d96dd135ffc45a5e5857c87c0b72a662e2b6bde1d,eb9be115a06822b734754334982a06b38eeaa1ef76f3de69d02082180d5ca1c1,17312438,2026-08-11T16:48:19.598088+00:00
MAFAULDA,overhang/outer_race/6g/34.816.csv,0668a96675c3ccba19100c9d24d4d0d177a3700f9ca47d8ae1f0733d998332f1,ca8f6ba69fa284f09dee1f36868980b59dfa5d9feb8f5c851abdd30d2e05b0e2,17337512,2026-08-11T16:48:19.648088+00:00
MAFAULDA,overhang/outer_race/6g/36.4544.csv,1ecac8e1adb7e1066b129dc5eede5364d600edd959d05d3c568dec32dd36359d,2b3ecb7d57b65ed9e80c5311119fb3bd2c173957366553249569e2ed4f5f32b6,17320357,2026-08-11T16:48:19.699087+00:00
MAFAULDA,overhang/outer_race/6g/37.6832.csv,fa54dc233d7be7d7be8ddb31c51334d78e1c790cc52f494daa0bbedf0185020a,c83a55a5aee095427bf16742f98cd028ab9f75aa45ada0ce2674b5410f945b1f,17289778,2026-08-11T16:48:19.749087+00:00
MAFAULDA,overhang/outer_race/6g/38.2976.csv,5076471176964829b1e2b3c60211908f5a4768c9e59a7b68d53cfe9ec1942e5d,12f00b06b5be5d988ce18d235fc14e4ed78a8127641bb64d94e7ba4fa9ebda91,17303876,2026-08-11T16:48:19.800086+00:00
MAFAULDA,overhang/outer_race/6g/39.5264.csv,e4fb8c43d914c0eb6a1ef74aadfc7b606ef8736b49b39356c30a5ca4711d33ad,317e4ed0b75f3f057e8a469d4571c66fb71ffb0919b4018a4c9bfbfb9d335933,17259501,2026-08-11T16:48:19.850086+00:00
MAFAULDA,overhang/outer_race/6g/40.5504.csv,46d5fe90000936d78bf0342b1ed5c0979f244bea11d8c638418b25c3c32b5cc8,82c790abeec28891cd856313cacd874b5a77d6f984165bba39531f4d80ab49c6,17238788,2026-08-11T16:48:19.901086+00:00
MAFAULDA,overhang/outer_race/6g/41.1648.csv,c63ffad28bf0ed5c855429e018b8c468f28bebc81650b46ef26b9031532f294a,7165224a231c69ce9dfc2ca185202add68c5e5bb16772062835d81b316a20206,17244381,2026-08-11T16:48:18.535096+00:00
MAFAULDA,overhang/outer_race/6g/42.3936.csv,144bd30eb3acf4907b688e1a03a759eb485934368625d6bc8edbdd7a246a363b,aecb53c544b8e7049e65b0f56698e774a5c48004145818e0488667018054f695,17204494,2026-08-11T16:48:19.951085+00:00
MAFAULDA,overhang/outer_race/6g/43.6224.csv,5f0b1af198488c023425c1bcdd5a89c2d75f8cbc079ff7144a62ddf4f91e348b,54a812be91c90e664b7e39614c157a9f358504789ed91eb412e54e79969c2f9c,17213028,2026-08-11T16:48:20.002085+00:00
MAFAULDA,overhang/outer_race/6g/44.032.csv,968bd924ce697f0ff6a942b26c45d1cf48ddae6ba441aea8d8acd14da449d073,ad2567a83832a78e05ea878d5be8b8b24c6c792577163b9f16f0ac72191a4b4c,17231289,2026-08-11T16:48:20.052085+00:00
MAFAULDA,overhang/outer_race/6g/45.2608.csv,921e38567bd162d9e9dae4c8b0e5dbfaceeb3c21071df46f8d2176a787a35fa9,7453b4c74bbc560628b1f97e39fad767c864c31db8889ae553c99e60f5cee8c6,17199070,2026-08-11T16:48:20.103084+00:00
MAFAULDA,overhang/outer_race/6g/46.6944.csv,c9c281fce9410ed85f228b3d2c8b8b2085c1d5393dfe08c9ec727cabe4c50ea9,ffe072eb3057b329249615a7d3da32c46e56588680d6172c716301d2be61d3fb,17196865,2026-08-11T16:48:20.154084+00:00
MAFAULDA,overhang/outer_race/6g/47.7184.csv,904b49419eb90e00f22c68d3934f8948c3166668848e9bef1081af0c07debd24,5bfb47686d2bd3d3b00f53350f48525ad6f654e68b6653d374fe06f5631c683c,17153328,2026-08-11T16:48:20.204083+00:00
MAFAULDA,overhang/outer_race/6g/48.7424.csv,9f0b21c72689f9f54b06fddb9fe5ab6fbfeadb8388e1d479063a1cb46d04dc58,92e1705a95a2584d256286519689163da47eb77de7fa9c8b6b9cd9a5694d94fb,17139386,2026-08-11T16:48:20.255083+00:00
MAFAULDA,overhang/outer_race/6g/49.5616.csv,ed8ad602d801d64aa3542f53d761b67fabd01bfa410e1f035e7b4337b06cd94a,c22dde111b9c2a35828752d9f0016266910f13524621dbdce51d8933f56beec1,17084112,2026-08-11T16:48:20.305083+00:00
MAFAULDA,overhang/outer_race/6g/50.9952.csv,632f643b410cbfd7fa75714a850f266a734ae8ed8bfa3a42227be9159418f18f,d32bb01526a0b77e57d6cad4becbbeb89897cba1dc29a114207aae3afbfb4cca,16962508,2026-08-11T16:48:20.356082+00:00
MAFAULDA,overhang/outer_race/6g/51.2.csv,da914815bc8470e39b07d5667f377fed6313217828eb98b9f7fd69a26e8086ec,ab4ba6bdc8aa3c23824ffd421701f8e80cb1cde51cc6603ba4371a58c1d084cd,16962233,2026-08-11T16:48:20.406082+00:00
MAFAULDA,overhang/outer_race/6g/52.6336.csv,1c72b6c19ebe4a8b663b924e1f703c760d04617951553180dde37cefae63b994,c1534437aed0ea3bfa435f37c9c216ebe591cfbcedda6ad08133a4e4b62c9601,16961641,2026-08-11T16:48:20.457082+00:00
MAFAULDA,overhang/outer_race/6g/53.4528.csv,00a0919a7828769f91bc7bd5e347e655ed3a37de634917df93b4f82ec361a356,5ff23acd504631d90d3c9c766e01d5e9c71251e381aff28a1182e904fd60cb8a,16979911,2026-08-11T16:48:20.507081+00:00
MAFAULDA,overhang/outer_race/6g/54.272.csv,07f0ff5caebe3e8a97c9b1ed3892b3f4f419053c83144b84cfedaa1bbd4a1097,76809769224bda814639c973e8770f764c5c8006ac8c624df29ee061ef5e5593,16970388,2026-08-11T16:48:20.558081+00:00
MAFAULDA,overhang/outer_race/6g/55.0912.csv,43ee0835195d79ab4f178a7fe528c653b106303c91e5b9f5c09c615727b60e29,c8b15ba15fdf2d61159af3912fdf29b4072753daeedb7c400efbfefa7e571fc2,16972456,2026-08-11T16:48:20.609081+00:00
MAFAULDA,overhang/outer_race/6g/56.5248.csv,68ec29c6127718f2eb97f013b54366705028b360ab1cf185e3739f159bcc7080,29cde3867ee64e22481e42708cba4085ebe40bdb243f8c5eacb3d66d2090ab36,16980594,2026-08-11T16:48:20.659080+00:00
MAFAULDA,overhang/outer_race/6g/57.5488.csv,205031eb61f8f75c63516d81e9da84f5d9b926e718b8efd69294005923ae01dc,379a30d296e410a929982f0ae3c2d9688fcde7ca65b67f5c409fdc2eaf7aec19,17007182,2026-08-11T16:48:20.710080+00:00
MAFAULDA,overhang/outer_race/6g/58.1632.csv,9654bb3cfad1d318fb779789f9ca604c99ae9cf1b922bee5f4b7b744a010ecda,ea84d28623c3210e84dedd7f3ceeaa818e02dcc64bef56a7e7e9993748448383,17013269,2026-08-11T16:48:20.760079+00:00
MAFAULDA,overhang/outer_race/6g/59.1872.csv,cc8eae4609cf611106e459a126caf0e1904b5053f0708e1a7c988a3a0fa48c01,e11579a7a7302f43f34e073158b02ae434c17cfbe66d6de6bd8d4616a1c8cc36,17007657,2026-08-11T16:48:20.811079+00:00
MAFAULDA,overhang/outer_race/6g/60.8256.csv,77be9862d91374e704578ee1944860092929dbbb4aec52229cf0ba4b94328ee8,9d4b6a0c3ebe42b6536b7af4b11cbd5714709789e948011e379022b6b7066e3d,16984864,2026-08-11T16:48:20.861079+00:00
MAFAULDA,overhang/outer_race/6g/61.8496.csv,0f92025f049a37ef235923088f3d04e394edeafaa028435e332877acbdf4d6fc,a385fe8b53919f4a2409f0ad7e0d0bf3691762a6de69c062bdb9cb2f235a7f08,16952791,2026-08-11T16:48:20.912078+00:00
MAFAULDA,underhang/ball_fault/0g/13.1072.csv,8efc0ab43a34d9ef1ec65e52850841045f03926b89dcdc25ed8916d69d918a3a,a86c845e17755cbfa28f334f819d2801967858435859e67689140481e9d07ca2,17333344,2026-08-11T16:48:21.069077+00:00
MAFAULDA,underhang/ball_fault/0g/13.9264.csv,d9552f3ad5ebfdfc27f48b4eca9b17799acb7418ec96c05b070c8033ce7cab05,5b225d42ff23e1e0c2564a32a632c377a8592cfca7cbdb6867f3e3a7eec885fb,17281854,2026-08-11T16:48:21.120077+00:00
MAFAULDA,underhang/ball_fault/0g/15.1552.csv,c55686b87d7dd0857f28428c81eb55cb39b23598f27d1d9966cdf86bccca9d4d,978a8573a9bf62d4ab6fa83ea52aa564b40a6734d32e349a5758ef63759bcb83,17093959,2026-08-11T16:48:21.171077+00:00
MAFAULDA,underhang/ball_fault/0g/16.1792.csv,23340235bf2ae3ffdac1ccda7f56a94c68375c4415529b14da256f48108f8923,008c9475bac3013c0c76cfb79e0777e64f90b0c4062959a620e15f1346fb2be7,16928100,2026-08-11T16:48:21.220076+00:00
MAFAULDA,underhang/ball_fault/0g/16.9984.csv,c7ee004db5bb3b01478bdcf5778e2a034997abf826a39e631b96ffb1015a66df,e8e130e7c552a3afbce9994ba86ed0acea3e2b34267046f353e1938e676f545a,16660390,2026-08-11T16:48:21.272076+00:00
MAFAULDA,underhang/ball_fault/0g/18.6368.csv,f571027724d4cb7589f6e6f33ff015cfa366de5f5f50c266ff768e1be62a90c8,e5d3efd5d7aeab0de8ccaeaaf68dfde2363aa32cb79e9e9d9371f368a5259cca,16620158,2026-08-11T16:48:21.324075+00:00
MAFAULDA,underhang/ball_fault/0g/19.456.csv,25b186fe8f6765eae827be7725f8c0b417c1233c1bf3d7ef9b26d608921be567,6fd1306aee193956cdafd20942f9fe233e5157c2c10ebbae0aa6e20c1707b65c,16721659,2026-08-11T16:48:21.376075+00:00
MAFAULDA,underhang/ball_fault/0g/20.0704.csv,7f13ec1f25400f34a12baf5b556d092dc5221af2db6870c484d91d116eb71dec,7fce20e1ce6fc47a653347e368018bb7817d065e291864876e549541743d6541,16617686,2026-08-11T16:48:21.428075+00:00
MAFAULDA,underhang/ball_fault/0g/20.8896.csv,db8016f395055dd8a3154f710b6cbb5830794bda6e4f72b973ed92a793fc26ff,dfc6c56efdb6fe979d06034c05aa40f3990e432b4c830dded1836579cd63d13d,16406112,2026-08-11T16:48:21.480074+00:00
MAFAULDA,underhang/ball_fault/0g/22.7328.csv,6cfd1f7f8b2ba86b04ae62fe887a23135e20e956e8e97765946a61154b7f33d4,5973558a226c2ecdee8b23c41eb7fa5c1cb1bc88e6811885e4a58812507f8766,16612141,2026-08-11T16:48:20.965078+00:00
MAFAULDA,underhang/ball_fault/0g/23.552.csv,865d20eabec12afcdd1cc93c93c2537e2b70b5fb92e284932df0c3afdb7cf9eb,608cdcda3f7cb3c7946d2a1dd75a7e2fcb70a961c1e60e7d12797fb80408a401,16618780,2026-08-11T16:48:21.530074+00:00
MAFAULDA,underhang/ball_fault/0g/23.9616.csv,120cac841a345f7c4cb6175fec729f8780b1d6350a6fecc614a86362faea0f26,cccb13e0d6949175a5572025348d3521ca41fe0b3f1082cd19e5383d05121d72,16558143,2026-08-11T16:48:21.582073+00:00
MAFAULDA,underhang/ball_fault/0g/24.1664.csv,77031f485f3a818ce25123b7ca86325f6ed143e8af959a70055618d931edcade,bb1c4ba42aa9a2be70384aaf60efb8c35a25e11a01ef51dfa754f9a7f9f29c6b,16613699,2026-08-11T16:48:21.632073+00:00
MAFAULDA,underhang/ball_fault/0g/25.1904.csv,f06890e3b2ef7caa91a72e0d5f423d708b2c0a740c4b76d6f3759d83ffbef422,167e87c342af8ebfc746d361b7822d6400243093dd7019fa792018b50c8f425f,16630959,2026-08-11T16:48:21.687073+00:00
MAFAULDA,underhang/ball_fault/0g/26.624.csv,798a3c0c87642e2b95a1438cbe3f9a5ef31a841d7a26d2530eccc0b762313eff,47b14e4dedd28e2bf2e4a09c7c710c09071d645431c0e5fa8c9da4160b92fc2a,16579155,2026-08-11T16:48:21.737072+00:00
MAFAULDA,underhang/ball_fault/0g/27.0336.csv,58b307c3d0ab53056a049f425b2c2a8f7ed7d5313c4a341bbb033379bbcb6479,68077cd1a9b9085a695735e2c71ae064bd4fe77dc72d734d71f66fc96e498c0d,16607538,2026-08-11T16:48:21.787072+00:00
MAFAULDA,underhang/ball_fault/0g/28.2624.csv,3f8cc73d8e3429f19509c3672abe7b14434a13710d0acb63d2cdc034136a74ce,461851ab3bcd9cd102eb94d94d3b8cc0b034edb92a6a61ce563b8e89092c5a55,16681455,2026-08-11T16:48:21.838072+00:00
MAFAULDA,underhang/ball_fault/0g/29.4912.csv,4d987f9d0a3193b2219e738879aab812adae80a97f2846874dbfdd386848ded5,62e078ff66d602c577e081964a808b407688d5ed94c3577ec43b7ffea2689f3b,16692418,2026-08-11T16:48:21.888071+00:00
MAFAULDA,underhang/ball_fault/0g/29.9008.csv,2e8bb6bff85f89d7a0dba7cf94e35bd3cc7d64da44a52ca711b5b48c0f291dae,a8615681c2d363db46034bc0e4ca020af3996c8c66b733728a963d39753b5fcd,16719735,2026-08-11T16:48:21.938071+00:00
MAFAULDA,underhang/ball_fault/0g/31.1296.csv,1d62d9087d5b6476eee9e68f55b7d5c379c21782107003097449c8f3322923cd,ddf44fe4d40d111e0c780f79c845e745385cf5e2659a23deca3bde3831735449,16709968,2026-08-11T16:48:21.988071+00:00
MAFAULDA,underhang/ball_fault/0g/32.3584.csv,1553808be66cf4c92dc44818bbf08b9a05c1e64b7a164a1f6eb86f4dc4426569,968a72f142fb25e8d6c35d1adc36c7a8183a3115bad1db3e959edb1df8fb988e,16733203,2026-08-11T16:48:22.038070+00:00
MAFAULDA,underhang/ball_fault/0g/33.5872.csv,a5a5f4ac86026fab50a648d79779b97aaaba4131c7e068fee43edd82ea6c4bfb,19030d082c616d73e66921bf87cab9cc5198763a34b225f7ba0b1485cc342a5d,16768851,2026-08-11T16:48:22.089070+00:00
MAFAULDA,underhang/ball_fault/0g/34.816.csv,dd9762ae2692c5dd5e713e2658e2faf0e649aea436e069747fb702d128a53d97,77d9281cd731c7910ab7d0c50e83c14044a7edfcacff660d4057a8b6443c9be5,16743475,2026-08-11T16:48:22.140069+00:00
MAFAULDA,underhang/ball_fault/0g/35.84.csv,cacfb7e0b9272fcf47aef1a24f68b43452658b3f2c51173fc160e19581cc9a42,cf67fd9cee9ab5b9bb4066cf0fe51ae0b77b4aafe0276d59f5228836a989567f,16698153,2026-08-11T16:48:22.191069+00:00
MAFAULDA,underhang/ball_fault/0g/36.6592.csv,ed5d58bc15cb13ee6a82399446af14fc82df82aa3f1234909a4c3d365e410829,f928b920a336408a079339ca18ea42f5e098c8a7f9265101e2640a22d6d3f46f,16656829,2026-08-11T16:48:22.242069+00:00
MAFAULDA,underhang/ball_fault/0g/37.6832.csv,ffbc647ae9747993bc6a19f98e8249afe4bde301d4348fe8c2dfb76bba65a473,3f3a3640e2c1d482a27a5f7d21c2b43fdebf89b2c11ea6af69cd28f7b2779ae9,16603797,2026-08-11T16:48:22.292068+00:00
MAFAULDA,underhang/ball_fault/0g/38.5024.csv,cef7f56a62fb87b4bdc09345f19fadff51043b109e31e45520be15be1afc5401,f8bec5fd96b7ce55ef3f558d31653f6a746533a912439a16b2e566cd70d0ff2a,16555782,2026-08-11T16:48:22.342068+00:00
MAFAULDA,underhang/ball_fault/0g/39.3216.csv,50fe76e22d1e51dd26be64ec56e4fbeaa60210fa384359b09d796d8ad407931e,6bcbd5252eb311621b63bff3641fc01daee408d4a82945bbc8e3804d839f101b,16526432,2026-08-11T16:48:22.398068+00:00
MAFAULDA,underhang/ball_fault/0g/40.3456.csv,4646d1f7ac8cea911a03b29ca7690e6eab6692d3681f6696318b64e65942bc90,da5867c2624d8dcd12097ea90a61aa5376884159b21b93fa16403222ee691149,16500753,2026-08-11T16:48:21.018078+00:00
MAFAULDA,underhang/ball_fault/0g/41.3696.csv,7d182285100d0e0621b6c93978513dde8b7418aa83f3bb11d11581194a749c86,c7bcce336b2448d27a6484cee0043786e273353fc12d841a8d7d9897dd5dddb7,16525904,2026-08-11T16:48:22.448067+00:00
MAFAULDA,underhang/ball_fault/0g/42.1888.csv,82984ef8945a4c62b4c0812ed47c33fe593459ed34fdfd622af495ea64ce0466,d2d909fc098c8d76a4bb0bbd1d555ded1fef90b4bd2fba0b37a61eaf096d5a7d,16557819,2026-08-11T16:48:22.497067+00:00
MAFAULDA,underhang/ball_fault/0g/43.2128.csv,9017fd0a7036cb74341851e298b48d1c9acfb3575f520f77521d91673b92c5d9,bf25682bff13b0e4be4399a2d1c2e0b834154ef4b61dfa1fcf15c55fb4ae381f,16496525,2026-08-11T16:48:22.547067+00:00
MAFAULDA,underhang/ball_fault/0g/44.032.csv,472145fe894f11660e39ff7f98b23571a7aeeea104d28b4337c2b25499b9c280,abf30cb050981a51877d81c2acc90a59d047cbdbec9d6d041ea597c84500ff5c,16411960,2026-08-11T16:48:22.595066+00:00
MAFAULDA,underhang/ball_fault/0g/45.6704.csv,abbfedd9ad3e42f72183b4307e0f68f781967f580fca915b455d3b0b1ac891cf,cd034fb4473c6c6e0c45c1db08c9a0f692525ed70f4f658648d05751d5d8fee8,16048218,2026-08-11T16:48:22.644066+00:00
MAFAULDA,underhang/ball_fault/0g/46.08.csv,663ca5f50605840b6ff4d98e81209634229d2d2fe3d5a8e705665f5a6507614a,f12454feb4627cd4d97d0018c45ee752d23c52ee33871e272aea464dd266503f,16086803,2026-08-11T16:48:22.693066+00:00
MAFAULDA,underhang/ball_fault/0g/47.3088.csv,63e3265dfbf57c9f58c01dac04534b88a6dc60ad00473c290ea379a91e16b99d,30fa6a984ecee11b3c836e72218988c3eaae74fa78c0a6c0c1a45d9d8256d34d,16174156,2026-08-11T16:48:22.742065+00:00
MAFAULDA,underhang/ball_fault/0g/48.128.csv,8569063dfd81be7b65d4a922b9dd51db38ec3e96289ebb22cc664fea562467fd,105cb57466146cc8e3ff14daab735e870ca307d304924c4f4358d98fe0e03b10,16146842,2026-08-11T16:48:22.792065+00:00
MAFAULDA,underhang/ball_fault/0g/49.5616.csv,b87c2a27197834f1101fec02baa6a98bad3db32b7c431c1d0a59374a2a864e15,6f0944fd83a4f8fc032dd81d958687e7364a94a4afca12ba2aa930e850153260,16150708,2026-08-11T16:48:22.841064+00:00
MAFAULDA,underhang/ball_fault/0g/50.5856.csv,f7ab24875cadcec3e1f811a34da0ec43f1c7ca20cd051a32b04e7470c0b02a0b,8908878c3dda7f8a324ec7d74cebca1dd34d2178a06047d90d7afd3526dad2a6,16144236,2026-08-11T16:48:22.889064+00:00
MAFAULDA,underhang/ball_fault/0g/51.2.csv,ecd42743d09cdebdd56a61f1dab16145a110946af3dc46f6b9c99f36de11133c,3aab8072bb266055f027caef7c96a4e603d20925f63aa539ead4c159694a7a2b,16132757,2026-08-11T16:48:22.939064+00:00
MAFAULDA,underhang/ball_fault/0g/52.8384.csv,39115cee4757e8c77488e1a2e58398cd3edf4d30ef721cd8fe0de5db600e64a2,0497ccdea9ad63bd7c53d411b3b18751aa30e8b23942bd6d0c80bcc46044abfd,15950154,2026-08-11T16:48:22.988063+00:00
MAFAULDA,underhang/ball_fault/0g/53.0432.csv,311d6a5e8686ba05954da988023e0ee57ec865b5d450ccb8fdc3b3a7303fcf91,5912d768ba43b3e89e30ff70f866cf1dadeb07a4db977eca0e5501bc7a8b4366,15935065,2026-08-11T16:48:23.036063+00:00
MAFAULDA,underhang/ball_fault/0g/54.0672.csv,525640e945081f85d2a892a47d40b67757e2c771f84f07f139f8a3aa837f73cc,8451b2a0eb8b393f2095bd1ef9862c9680737b47441892a3e92173401bb01d92,15961035,2026-08-11T16:48:23.085063+00:00
MAFAULDA,underhang/ball_fault/0g/55.0912.csv,914f319f2243fbf82b83c9cfaa1e64dff140b7d2dece9c7628532b8d288f32b6,34199cfae5117efa4947cffb7aec2e654023b7c43b4c693159585559dd195b3b,15928026,2026-08-11T16:48:23.133062+00:00
MAFAULDA,underhang/ball_fault/0g/56.5248.csv,c7e2af1f56ba6cbde55d7d74826f3fb91d6b47ecff219eb808e3cacdc1b829c6,3286bf02c0668271aadb9b1c31faeed7664f82155cd7d7d6f6ca750868a0654b,15871364,2026-08-11T16:48:23.183062+00:00
MAFAULDA,underhang/ball_fault/0g/57.344.csv,fde25e956c7faf7eb5821eef4410f2a59d0e56b8b898d5a70c459e1d353edadb,390c01d50cd469119ee9d78e9e64f9cdcc404583aab51a5c702bbba1c9f27262,16094027,2026-08-11T16:48:23.232062+00:00
MAFAULDA,underhang/ball_fault/0g/58.9824.csv,1c4584b3f5c7007a52a96da5a676fd69e67e0f2939eaec335f27ba4d2bc73ff1,4255ba6dc9956273d6b65af7127a93a7b646a8c0dedb6ccc154ea00254c1f3f9,16144110,2026-08-11T16:48:23.281061+00:00
MAFAULDA,underhang/ball_fault/0g/59.8016.csv,459de48a2c1dc7ffaaa6feb3aa17189ac9281a7ee7c2aea2eddaff60734a4a99,5605e2319ad00123004a3e9e5c6570e587d11ea21c9742eb903914facbadb4db,16146305,2026-08-11T16:48:23.331061+00:00
MAFAULDA,underhang/ball_fault/0g/60.2112.csv,be3dd49ab73f97bce591175f1b63adacac7504c3a1f923f9a83437a84556ae74,422ff3e269a6948b3caaf318d5c845e680430d85f1d9b1db3f8943e06d3746bf,16153175,2026-08-11T16:48:23.380061+00:00
MAFAULDA,underhang/ball_fault/0g/61.2352.csv,cd0880c0691d8fd1858f2fbf8a2fafc73e73cd11aed69646b969d4503f48ae5a,470053dca04ca20dcad46cf3a8cbe2a11cc8c1eaa588f3c4dbf7af9ceccff648,16161482,2026-08-11T16:48:23.428060+00:00
MAFAULDA,underhang/ball_fault/20g/13.1072.csv,7c6448b108e497181e1d5ce274215d6f34ae816fb143f2799966698f786a98b4,430d0e47864bcd838f42333f3efc49cdc427dd7422e678ce799935213a3c1697,17337712,2026-08-11T16:48:23.583059+00:00
MAFAULDA,underhang/ball_fault/20g/14.1312.csv,0c508550e28ec2d1bcc0d7499d2d3b9bbefb42250e14b5fb8f56c02c60749542,9cea389f278e4f044446053fd420fdb635b7dadadc5e387a2f6f9b5070f9802a,17212112,2026-08-11T16:48:23.635059+00:00
MAFAULDA,underhang/ball_fault/20g/15.36.csv,410001b03460e1ac135d36c04095eb3d9fdf1e8a89652758e6c9b59c27946d61,e61c95712d2ac422c83cebbaed15c083674a3267b7e2308f5f0ebc97a659e120,16998815,2026-08-11T16:48:23.687058+00:00
MAFAULDA,underhang/ball_fault/20g/16.1792.csv,b38f9f065ac81fadec927e8ed9dc2cc9c4771ac72e45e1945349ba649645dd93,49fb773f4a30745516fcdef9588051085636a51c729c8ccefdcdb35e31ca83ef,16943339,2026-08-11T16:48:23.738058+00:00
MAFAULDA,underhang/ball_fault/20g/17.2032.csv,8118c39369dcc9af9e33730f5e801561389ce6e1b3929ebdadb8bcfca48822c1,3177e58779e1e3de254c1837d36e9fc6af846ed04fdd5d9dde16e3dc36f5ab25,16496512,2026-08-11T16:48:23.789058+00:00
MAFAULDA,underhang/ball_fault/20g/18.432.csv,afb2622cecdecb77c617efe0e37c83d164494729b9a4ceecefd8304c5d2ebc18,835b96e77e55f4c285858234b4bc8d3bdbb741c4a3a7145b80b68490fd92525e,16656400,2026-08-11T16:48:23.841057+00:00
MAFAULDA,underhang/ball_fault/20g/19.6608.csv,2e6f986afb431bc95c7efa8158d63a487bbfc8504d65844edbc1c9d6047a0764,c903fdc577f5f9b003c7116095c36a5e7ecdb677b6486a375ae3b9540b223c07,16776356,2026-08-11T16:48:23.893057+00:00
MAFAULDA,underhang/ball_fault/20g/20.8896.csv,a6c6cb30651b1b3328ef98e7421ffb8a5501ad13dd45df2e2fb329a8f7547582,fe70be80eaa149bded78f1f43c0d6496010ca8a7092bbde57268289688f1cfbb,16777239,2026-08-11T16:48:23.944057+00:00
MAFAULDA,underhang/ball_fault/20g/21.7088.csv,a021defee9c593f5e220f5909a7163a2a2c79418a12cf41c99535aae21aeed8b,b19a9a574f3595729fcee627f55bbd4e3974796eecc30cdbd5e401a86e44ecec,16653292,2026-08-11T16:48:23.996056+00:00
MAFAULDA,underhang/ball_fault/20g/22.7328.csv,2de8b372503ae579d61d0cfafab03ce768ebfaac775f973c29245bc2ab9ddc7e,89b6e66795071b3db08eba23dd9a4269a539eb76f9f6635b80cf2da583d25ba8,16659560,2026-08-11T16:48:23.481060+00:00
MAFAULDA,underhang/ball_fault/20g/23.1424.csv,7587f9830e65269b52d9dec346142adcfa5843322c5e4e17e533db28b3108172,b47338ee5017081ec65a6454719b768cb24bafefad60c1ebe480f7a8fc8011bf,16663472,2026-08-11T16:48:24.048056+00:00
MAFAULDA,underhang/ball_fault/20g/23.9616.csv,8d5604090694703660b4625540d435f2ff9c21a0954da9f16e63f38d255de9df,313a55b0bd66b122f93a60a53ce58cecc7074b0d54175bab8342de41b2ee3109,16683519,2026-08-11T16:48:24.101055+00:00
MAFAULDA,underhang/ball_fault/20g/25.1904.csv,a9fc0e1960d02dce9ca288020b2eaba5f0643078e69326281b1762c146f61ef4,70e2db5edeeadbc5adf95f0b4b4a58857e51955ea897cb729c9d4f82ab9a843e,16576204,2026-08-11T16:48:24.153055+00:00
MAFAULDA,underhang/ball_fault/20g/27.2384.csv,d82d91a8798d401b6635c621edb5dde88572517f19e322120b795070a7f0cd98,3e340a73fe7fc3136dfad5f8b1c3a86881ab3e2d3aab258f5ae2bfc758ae0af3,16656220,2026-08-11T16:48:24.205055+00:00
MAFAULDA,underhang/ball_fault/20g/28.2624.csv,e2fb8e1608e9ed1a83c0896c4bfb61ba645c25f86dc002ec7e748c4cfe3adf7e,1fcda1fd5f9d76648eed4ff541e457c2a2a73977b97ca15061b904f692d2f1cd,16681731,2026-08-11T16:48:24.257054+00:00
MAFAULDA,underhang/ball_fault/20g/28.4672.csv,de0dfb18589709567b59f5696349f2ea4bc4afdb0ad469cfcc34ad26a8f84a40,899805dab4ebe74201244f299840db2149d06f6e91aa43a1d609ede0229be07f,16692571,2026-08-11T16:48:24.309054+00:00
MAFAULDA,underhang/ball_fault/20g/29.2864.csv,da1a02cd92bb75f3d297c7764a00e5d55254d4ffb5428f747e26d10e5e1e3147,ded184879a79bed4f4271566e5670277be101daae67f1f23fa86336b5363d77d,16701392,2026-08-11T16:48:24.360054+00:00
MAFAULDA,underhang/ball_fault/20g/29.9008.csv,140bce7c9e7e9951767a8c13a14f4d2adf6c9f52d3dae8d71f29a60fe48dac01,3d133ed8f1bd6ba5e35387f1c3b8cedb78d246bd4ecc8130b5958d831620a972,16686275,2026-08-11T16:48:24.412053+00:00
MAFAULDA,underhang/ball_fault/20g/31.5392.csv,ebec0ef8f4b8580a6fdd9c305ea8cf43a5cfd7213fc2a3248e17e00f599c8a50,914f3f9d817fa81fb443c37670d4296d166eb31d9acbe88027ffd3699b8e13d7,16670419,2026-08-11T16:48:24.464053+00:00
MAFAULDA,underhang/ball_fault/20g/32.1536.csv,c3d5c81d9a7ef36001a5470d96d37ab823384754fc273a7d16ab1c492647e658,77b97cea583ed62e56553c3aeba105c36abb7ed0f34e4a8a883e297b810a9eee,16650656,2026-08-11T16:48:24.516052+00:00
MAFAULDA,underhang/ball_fault/20g/33.5872.csv,6216fccc2f905ff3a4fce2a34999aba81ca464bba90245206e2ae8af2a97f773,a6e1a4c04cdb4b231731c6d741f5240a3ae96c5c703b1e05f7584d23c6987f76,16607664,2026-08-11T16:48:24.569052+00:00
MAFAULDA,underhang/ball_fault/20g/34.4064.csv,6e13bc05a3af71a41c1113777594ff327097965304913cce27d820153c7aafdf,974c2e5062d0d46d0696e8d453dfdd766f9e08afc90a54cada48194dfa30ee29,16581843,2026-08-11T16:48:24.621052+00:00
MAFAULDA,underhang/ball_fault/20g/35.0208.csv,00819fd3641385a81ec4dd1778d394bfc337990be8dfeaf996bb12d173ef45d5,15197d28cb1e56b44a604de47f77d2d85aa2727b9db6ba110d70be0554f9d55b,16585902,2026-08-11T16:48:24.672051+00:00
MAFAULDA,underhang/ball_fault/20g/36.4544.csv,87e2a7234f8500fb0ecd9d02f2f8b0a125f95c2270d2d616c44535b08cbe824a,4170fa5c1c7ffde51ea9552544c9bb2ef8fa2f88d042e9d14829ba5eea5548ea,16548074,2026-08-11T16:48:24.724051+00:00
MAFAULDA,underhang/ball_fault/20g/37.6832.csv,8d78d9d7df1b7b53bf9ddb3c3faff2339760669db0da989c79031cf610259bdb,7a55226695547c5111efcc7f7c43679bc8cb986dce0634b0059efdad312a3f51,16511476,2026-08-11T16:48:24.776051+00:00
MAFAULDA,underhang/ball_fault/20g/38.5024.csv,00c26862b3d6f1d2b6a8fbf58bbfb375ddcc25d29229a43e2d2ce27f10045f24,eb35fc89075217e521d7ee26d108a18d880dd908298446427e0950bc1ee646bb,16481875,2026-08-11T16:48:24.827050+00:00
MAFAULDA,underhang/ball_fault/20g/39.5264.csv,1296ec474b99adff2594aafa1b1779966e4a24a4a859a597eb32cde79930809c,866ccc7c8ac854df42fe6b697bc248c4f7200f31d6e4ae653c8fa4061ba01292,16450225,2026-08-11T16:48:24.879050+00:00
MAFAULDA,underhang/ball_fault/20g/40.1408.csv,57912f3d586b2b4b35e73b6c21a2b3bad8bbbbc31aa23972c1122e66e99b7191,e8a381804343d29754ac786d1945fe98e27db4f237fc33433f160ff60d2a97f2,16388766,2026-08-11T16:48:24.930049+00:00
MAFAULDA,underhang/ball_fault/20g/41.1648.csv,06fcab8c14eab6b18ee0954c552ec8aa62a87232de6f043accd69dbdb1ebe1be,c51ddc22c92744e334b6e1fffb79e335de3a34fc3d0c1fcb678ec666f03b11d6,16435291,2026-08-11T16:48:23.532059+00:00
MAFAULDA,underhang/ball_fault/20g/42.5984.csv,b85f8cefdebf02f1b4904bd425b868198c0201738288513900876535e6014e5b,fba62efe2c02aecb26221e4d71f42fb45ac940cdf5c9afbc133e72ba653d3477,16346537,2026-08-11T16:48:24.982049+00:00
MAFAULDA,underhang/ball_fault/20g/43.6224.csv,b8f0146601d356d5be96e4193d735c7b1f9e7b24986ca62919f49557e30fb805,8eb940d702a17d4eb514517c192c2b7bff4cb6c3b4b44ac94d55ef6684cd6cd1,16191373,2026-08-11T16:48:25.035049+00:00
MAFAULDA,underhang/ball_fault/20g/44.4416.csv,716380ff80309c687149fddb2ff5679445e1bfb9bc6f1605dd6759eb5e73ba7f,36052161e80f8e946455090284301bf01284e6f788dc66bd04310ce384732125,16074863,2026-08-11T16:48:25.087048+00:00
MAFAULDA,underhang/ball_fault/20g/45.4656.csv,e53572a35a724591b79845d7050e7a09d289263c1efb147bb2f3bff72193389e,65d34d968ea660c9deefd79e5484542aa4369e9aa93f9b10438fb32b2dd11d9d,16183786,2026-08-11T16:48:25.138048+00:00
MAFAULDA,underhang/ball_fault/20g/46.6944.csv,16e2291a7ba592485f9b3ace8a40ea2fdd2c2bc6f9890a817eed90f048558451,9a6055612cbf53ae86c3f13a0175e96f4c8c155ba50e179a19644cc076e26246,16141312,2026-08-11T16:48:25.189048+00:00
MAFAULDA,underhang/ball_fault/20g/47.7184.csv,fd02196e8c783798b548b87630a6907cff8356575a289ca3b75416df51974bdf,43d94dd41c1314997c032ea86da6ad38fe9ef0e1fe6f71986495ca2416e384f6,16032829,2026-08-11T16:48:25.239047+00:00
MAFAULDA,underhang/ball_fault/20g/48.3328.csv,6862bc22d27878d0f9fb4bd37f8da2a8da741227a98dbc4b7139f3a1b0118763,a92c3bdc124697433342ba1edd8dad09b6193f6cb145cc7510325fee0f5631fd,16059477,2026-08-11T16:48:25.290047+00:00
MAFAULDA,underhang/ball_fault/20g/49.3568.csv,c0a3478dc655c20360f5d5ffcbfd57216f16b3bf77888a8a8bafdee03b72d771,2787cb71f22f22aece209ad2bf55593cefbd65340225e538cc804783a3e7a137,16057186,2026-08-11T16:48:25.340046+00:00
MAFAULDA,underhang/ball_fault/20g/50.5856.csv,98e1fe26bb4ea8ef64c02167f2cdecb91e62849da31d305e9a196acc02824f65,d83d35d0b28a3434cd60191e6a3e1574eada1bd3536a64b8e1afce3ab9a96d08,15945390,2026-08-11T16:48:25.391046+00:00
MAFAULDA,underhang/ball_fault/20g/52.0192.csv,853534ab540336bb97309d8381b78c520e7c132174d241af1ab99cba1480f58a,cc7b76bba0e7e352c2c923c6abc958b994d89ef27cbc90e89d1b35d56b20d45a,15835874,2026-08-11T16:48:25.442046+00:00
MAFAULDA,underhang/ball_fault/20g/52.6336.csv,737f15784a6d79e34a98abb8100e10e1be50ff43cb349f79dff0e24606d95afe,a147e4c5f0b3fd5d8b292ffcb11c73b0fc5c49ead26454c2eb7852d0a094e56a,15803238,2026-08-11T16:48:25.493045+00:00
MAFAULDA,underhang/ball_fault/20g/53.0432.csv,04a3b64b44e47e2751dcb7ab676c059b2135838a18dcc04ed9e72f8c63505c9c,d938319de6abc3f6a7e3eaed1c58bf154a5df0ae8308c7b1c3b1304a5cb6c90f,15800452,2026-08-11T16:48:25.543045+00:00
MAFAULDA,underhang/ball_fault/20g/54.4768.csv,486583f1c783fde44f8d9aadb682ec021678fa38fead9a205661cb3e212fa841,a19e69ffc194f197c58daf4ea18482dd4be466f74538db613edbc87065e1e87b,15832836,2026-08-11T16:48:25.593045+00:00
MAFAULDA,underhang/ball_fault/20g/55.0912.csv,7543a8eb89d82bec0fd24e678d567beddb0ff8f5642405703ae7119576c87357,61245582c13d481928cfb6e6ce8020dd2ba3e3c15251d8d2814bc752383b584c,15884450,2026-08-11T16:48:25.643044+00:00
MAFAULDA,underhang/ball_fault/20g/56.1152.csv,22dc628c2c3e8e737d08fd7a8697849165eb345f7710460294462ac0fdac5dc4,351409e13733193729f11105ed5492db06abedc93dc2794e981db25d4fd94473,15912014,2026-08-11T16:48:25.693044+00:00
MAFAULDA,underhang/ball_fault/20g/57.344.csv,aceced785cc6090042a3ed135d074c21f8873ee8efa83cdc7aac8bf67af03ede,68d91bff01529f82b028519319351ecac3c5083a02b94c98d6b282ea9bb394e9,15890192,2026-08-11T16:48:25.744044+00:00
MAFAULDA,underhang/ball_fault/20g/58.7776.csv,1994c80f7bcb4de1ce3e3dad3a3c4994e4098b5b3f9a1823c8a7e22a90fb22b2,3f5035602beadb71439860e62381c8e499c8e575f6b1fe45edcb635e5e73524e,15878093,2026-08-11T16:48:25.794043+00:00
MAFAULDA,underhang/ball_fault/20g/59.8016.csv,a4150670dace511af192c3ee8fa0ab99ca27928d5977adbad377a307003ac3e5,e0193decf3cca998e4092a3161747c6100bec9f399aa5ebb70b859913ab5bf36,15858924,2026-08-11T16:48:25.844043+00:00
MAFAULDA,underhang/ball_fault/20g/60.8256.csv,12a950da9d81ca610fc411e8d271b984f6f7e8f944e68cccedb10dbd144a4e3d,57173dc93eac4e49ca768c84e74f781ef8a6812cc2246d7eb3a920a54d5ac0cf,15841600,2026-08-11T16:48:25.895042+00:00
MAFAULDA,underhang/ball_fault/20g/61.8496.csv,f28e7e69f96de0b9ebbba468bcf6800715f8fcdd6ad81452d7c04fb8e6a3e951,922029987fd36e26816796132d56c6d869ad7e3da2a610a321729a2d0236f175,15812008,2026-08-11T16:48:25.945042+00:00
MAFAULDA,underhang/ball_fault/35g/13.7216.csv,cbb2c87e73fd6117c03f236bbbe95467c7a7cd6a5c068360c9f510d958c1aa44,d1169f40fb6347029391afd0e8799b888bf82cc168049bfb044a0c775d80dead,17257304,2026-08-11T16:48:26.097041+00:00
MAFAULDA,underhang/ball_fault/35g/14.7456.csv,b3b97f12ad08fd4a5cb969acd1679aed236ae75a8cb74e16ea9852719d8a2221,0689482282e8691a9273bc037228c7c758739606e75b268361233c4dc5fe4178,17051005,2026-08-11T16:48:26.148041+00:00
MAFAULDA,underhang/ball_fault/35g/15.36.csv,6b82f890c76e3ee3267e197ed05deed9ba38067b360a8e71583f498f2a09db06,b1b87f47e6e58623901c8d90492cb8d822ebe178e1d8f416ebb905061ca65259,16912952,2026-08-11T16:48:26.199040+00:00
MAFAULDA,underhang/ball_fault/35g/16.1792.csv,6a207b0f18c7bc0d99e35c03229c9c1448c471d7d6ddc8831f778e5aad4cb885,32326219e566df9f5595f4e7aec0f8b9d19f7ccb8d2929a47efb5e52a3e5e62e,16844117,2026-08-11T16:48:26.250040+00:00
MAFAULDA,underhang/ball_fault/35g/17.408.csv,548872022229bec223c47206a64268f73aa25c0cbfc2021f73013675c65bcf3a,497b2b9a098420d8a47bbfe479107988d638a055fa71ae95743a6ec3dbe7a7cb,16352204,2026-08-11T16:48:26.301039+00:00
MAFAULDA,underhang/ball_fault/35g/18.6368.csv,0ad6babf4154ec69443d093b3e90b230dc7e877ec1d787ad9fec1cd4254c7f63,f3e0677ea3063e8466b6e0448b487bdffeec7e55dc67a82eb040b5d343dbb0d4,16669205,2026-08-11T16:48:26.353039+00:00
MAFAULDA,underhang/ball_fault/35g/19.456.csv,2505d20c7739e96fa0b40593d91b58f5dd7bd5662c5c7ecaca2f7b9ba22f9864,ea536dbb5eb3d8d5c19ab1f2a94a001f571802779196c040af32dc3974b7c815,16685484,2026-08-11T16:48:26.402039+00:00
MAFAULDA,underhang/ball_fault/35g/20.48.csv,d0fdbc88dd241c4b4c32bdd42c2bc3d6bbefe13ceb6ebad1928551847f72b6eb,7e28b03db36096e7e32f7028392cdcb7cf31fd0a01e449482466a87a7aa83ef7,16700399,2026-08-11T16:48:26.452038+00:00
MAFAULDA,underhang/ball_fault/35g/21.7088.csv,3a370339785d402d1fa6af0068ead59bcd11721144a9b42e9408b971a72e4931,d4842a5f4d60b2d99a2ae7e56023eea8c7ca78276533722d50b6315f5c22b257,16535162,2026-08-11T16:48:26.503038+00:00
MAFAULDA,underhang/ball_fault/35g/22.3232.csv,ab65ea9e7374f60c18ab3b285b5ae9a5581f437680aa02157489e83f055cf1b0,89b1bbf3f18aa05cf5e46b65dddfd0e6230f67fbe93058c0255a00952edfd81b,16526660,2026-08-11T16:48:25.996042+00:00
MAFAULDA,underhang/ball_fault/35g/23.7568.csv,310baceeab0a778801e22669f67200808deb0a6f1e389042a4ac88516980ba2e,9307635bc77d4f72cc3093adf84cd77211242a3157e34ba5be4ca867fbb9f041,16617183,2026-08-11T16:48:26.552038+00:00
MAFAULDA,underhang/ball_fault/35g/24.1664.csv,6fc2c7bf75568b3c8f68151a8143411704357f1edceea1d544ecdbf1ca349202,677e786a926f1e6b2daa82add0af1b32a18d845c6fff0e5ee41ca5ddc8b77d69,16625098,2026-08-11T16:48:26.603037+00:00
MAFAULDA,underhang/ball_fault/35g/25.1904.csv,37980da6c4a47eb8d11a3386e5fb39c0df3f7cc28c3af78cb561a4f0714d6697,19369c1920ecf9a29cf12d943e5bb30f42128670549ae4df3a5e69d00bcf06b8,16552925,2026-08-11T16:48:26.654037+00:00
MAFAULDA,underhang/ball_fault/35g/26.2144.csv,f039e883d85ea724c9d0710bc81d7682d94555e9234c282abe95681b60831399,5c5c133c2dccee89b19b5cae8cb4a817ee9d6dac1a7bf59592e66838a605a1e8,16558635,2026-08-11T16:48:26.706037+00:00
MAFAULDA,underhang/ball_fault/35g/27.2384.csv,f71cd1dfaa7f60feaeab281b61ae1ddfbd18e02aef79e204770900923b73e837,4f32f4b59636db5fc83a3023c59cc942e2de8f83dc20802eb2356aa78ce112db,16604186,2026-08-11T16:48:26.757036+00:00
MAFAULDA,underhang/ball_fault/35g/28.4672.csv,3861d5fddef21094af96564e2f6410b5256090c5d732fe14c1efa67fcd706631,bea3b59c075297845944006b5f13456e523a225d12983e2ce34b0974deab1cf5,16642347,2026-08-11T16:48:26.810036+00:00
MAFAULDA,underhang/ball_fault/35g/29.696.csv,d64f861cda3a512c771e8aa0e3066a440c412ca95c6a9651c5392184bb9280fb,61eb86116a0820edd0e13efb97f2e50e125ec3ebc9d20aa38bd2da1ca227f254,16644527,2026-08-11T16:48:26.861035+00:00
MAFAULDA,underhang/ball_fault/35g/30.5152.csv,246ce937b1d686ebef35964c9330f50f3a1c43f727b9e116bb1436ed584f756e,dd6c0618fa8c0ed8235f6cdc964a569bf550015a10bd17a922093ec5febc6039,16624060,2026-08-11T16:48:26.913035+00:00
MAFAULDA,underhang/ball_fault/35g/30.9248.csv,983319775c96b199284ad111ddfe44483fd50510ab33b9774e152440ce22499f,00b08800b6f7854f2861fc24c697d33b231eb1ef248afba4dbb0cf5f1527aac7,16595430,2026-08-11T16:48:26.964035+00:00
MAFAULDA,underhang/ball_fault/35g/31.9488.csv,3191a08b80bb83ad72ce86a101de527540d25bb1d9dc5a2bb2ea33a7a3040fed,092f0fe48507bb56004662dfa4bfd41758144f3d049985179614e3348060569c,16533645,2026-08-11T16:48:27.015034+00:00
MAFAULDA,underhang/ball_fault/35g/32.9728.csv,ab7dd4be97e0536110489bb7ad6450446350f4ec3cf74868c0cfb8fc562c3b16,56789129368de6b13a6c056bc14f015f504c3a463f1748e038c9988e89cab303,16430205,2026-08-11T16:48:27.065034+00:00
MAFAULDA,underhang/ball_fault/35g/34.4064.csv,2f4a0bda2de3f1db3f7b37a1ffc01a2ca95ec817f5ed4a8127a08ceae3cf93fb,ce9471e082e6e77b48cabf27eb999dbd05ca204ac81dbb04984aeef4444b6799,16354272,2026-08-11T16:48:27.113034+00:00
MAFAULDA,underhang/ball_fault/35g/35.4304.csv,5489609fe65dde2eebd3449a3e227c20903662ad34d5edbaef1c6f3c4ed73058,70550bfa26abe4e14336ce2410467a6413f084ac90254beb8442ca07cd429b52,16339683,2026-08-11T16:48:27.163033+00:00
MAFAULDA,underhang/ball_fault/35g/36.6592.csv,6522baee45e930201c1486ddbdfcf504c5c338414c69ff55801b719098df0e53,77f4be5fa1091dd3392b3a919ca79240cca838f38674c61451d6e33194f66b20,16329592,2026-08-11T16:48:27.213033+00:00
MAFAULDA,underhang/ball_fault/35g/37.888.csv,8e04189e20c89cf4c14f42b483b04ea9c8276c5eb63448304e815ef6757ce2d2,9532fa759ed1d59c47bbb9414c70cbce0683133bb0f01678cbf0a49e0fee6f84,16328411,2026-08-11T16:48:27.264033+00:00
MAFAULDA,underhang/ball_fault/35g/38.5024.csv,a441bcad12cbb71a499f2f6d88fc22c6da3dc1299b3f9a0cb7f61ba729d45d12,4f8b13e24a0a11ab2c1d06bafa3f446cb12c73bba606726a21eebc41ef7f1eed,16289552,2026-08-11T16:48:27.315032+00:00
MAFAULDA,underhang/ball_fault/35g/39.3216.csv,d7391918ebd0e15199cf45f7bf529b0d1c626040f614adf06d17187b470e88ea,c7bf6abf54d73ec2e4e78991f23c7a93f11c2e9062258b02b900506a90f7f4e5,16267202,2026-08-11T16:48:27.364032+00:00
MAFAULDA,underhang/ball_fault/35g/40.5504.csv,6a991cfbbf6d4219e1c2cac471d10ae3bb572f7d7c9bcc22aeeab4ffe2b41965,1ee83f1008b835c37b9fd39f16862ceb97183c3a7d23b18f795ab2b086048aa6,16310535,2026-08-11T16:48:27.413031+00:00
MAFAULDA,underhang/ball_fault/35g/41.1648.csv,b1a5efcd3cd4594cdc2490c19466f5d5abfabc5f3867da811482d8a8e2703a11,80d448b8b8b10c0c64d552ee4bd0def85a8cd50bb1e3a903b2d839f5c5f8482c,16292740,2026-08-11T16:48:26.047041+00:00
MAFAULDA,underhang/ball_fault/35g/42.1888.csv,1944650b09454a904bd8a7e7f289c11bb58dde10dad61683ed3eab4982702628,f7bcc710363e90e38a5c04c350c7c9e2ef7259d08b485c783ef0388a038e4441,16050242,2026-08-11T16:48:27.461031+00:00
MAFAULDA,underhang/ball_fault/35g/43.8272.csv,a42d2addffeec4ae45b37824e14046cdc77049e0245352cc465a1bf6ad93260a,98cdc554df5edfee784444af4f5ca21165fede4a96deed1ce02a963a9b5dad05,15989277,2026-08-11T16:48:27.510031+00:00
MAFAULDA,underhang/ball_fault/35g/44.8512.csv,873bde1f36e703cff1220e80eb904cc254f5e60ac8bd4fd7b6f433d7f7d1e46a,d3fcf0a277d46bcd1a86ab7e134e0e3eeed955e4e161be2e8154afc6cd462469,15958625,2026-08-11T16:48:27.558030+00:00
MAFAULDA,underhang/ball_fault/35g/45.8752.csv,d3b900a3a325137721002967795c594c05bc32d89c213966da882709de26a4a8,0cf45c64df2f01ebb6313122df88ee0c01ebbe3f5ea6b49615e434eeb9a0be21,15935041,2026-08-11T16:48:27.607030+00:00
MAFAULDA,underhang/ball_fault/35g/46.4896.csv,f23e1cff3f5f73b88f9f7d820591626b6f4c3cb897493b4c8c226c5bba508539,357df004ac71db823a72bf1b446d94b612073252e723d2594b8af49c7a95d489,15922533,2026-08-11T16:48:27.656030+00:00
MAFAULDA,underhang/ball_fault/35g/47.5136.csv,47f6919b6416f9f6d058c1d0290dbf9afc2aab80e72a52294b2c4b9fa10f835a,715bf587e6cc936977eecd8ae5d05f7ebd8f58651a6cffe66247f94df57eebab,15948400,2026-08-11T16:48:27.712029+00:00
MAFAULDA,underhang/ball_fault/35g/48.5376.csv,4e8351f8518914a6856c18b9749c0a1dd036a8f7d3c779c44e37281ed27e470f,819bef2dbca9d2dd44cb5eff402a6e74d60a730983749f8420a49bf8424c909d,15912219,2026-08-11T16:48:27.763029+00:00
MAFAULDA,underhang/ball_fault/35g/49.7664.csv,30cb35c14beb4d2f7d9af8a4d0ffd7a5538afa8e6d6b80797d0a0bb67812f5ef,f67111db23c947d182e1a3559f02a1a4e0745c633f9bd1595091eb4ccf8f91d8,15862878,2026-08-11T16:48:27.814029+00:00
MAFAULDA,underhang/ball_fault/35g/50.7904.csv,25a5dd57656991b954c31f301ac4c62f28aec0361ce8f6c7d0c6627ae22359dc,e9767d2a657f3bde79ce57a8609d8f1dc47bdb100d9a7dc1e5415925d219eb20,15846426,2026-08-11T16:48:27.865028+00:00
MAFAULDA,underhang/ball_fault/6g/13.1072.csv,3599cb6923bb6f0f2548df116ca64e71f07c90190522aac8cfd3a5a2f6999b1a,5167f6bf682033c33ab73526de6f691b8ab946a9587a507aee0550033ea222d7,17358167,2026-08-11T16:48:28.016027+00:00
MAFAULDA,underhang/ball_fault/6g/14.336.csv,f9c1825edce181fb2b419e119c7f87baef23322760801b783ff52108058d1912,fd362dc6969655dfb3aa87394fa20244b47be728d2f0af290f44cb42215d49fe,17183302,2026-08-11T16:48:28.066027+00:00
MAFAULDA,underhang/ball_fault/6g/15.1552.csv,938789dd2c2af68873fbc305e881c4bf7a1e7c36bf0f0ad31a21b7cb387daeaa,220497b873c416a8cda41a55b38fb3e850510f6ce62805f6bf85d2b30d7dedd4,17065997,2026-08-11T16:48:28.117026+00:00
MAFAULDA,underhang/ball_fault/6g/15.9744.csv,6f6ee7cf0b8a5a397c3539babe38afd7c25ba606a7fd6807e117d59989462827,7060c1e140a091236cfd4de6228469f0e25982662d9ec14b91da0c7ac663c9c5,16884527,2026-08-11T16:48:28.166026+00:00
MAFAULDA,underhang/ball_fault/6g/17.2032.csv,55fb6a896cf88548b07fe2a151132b5a65f584f55884cfb7900e9cf070bee4d0,454f14e4a10486c163d787f910e7b229b009ccd9aa200bf63d5a2aaebdf28079,16507301,2026-08-11T16:48:28.216026+00:00
MAFAULDA,underhang/ball_fault/6g/18.432.csv,23683bcd8dad7217f17eddd677233530418262445264b03f96421ef922514159,e5328acd8f6cad45a65deb050faed26080a72936ff04b1f94d86f3142f079a73,16471568,2026-08-11T16:48:28.264025+00:00
MAFAULDA,underhang/ball_fault/6g/19.6608.csv,4b9918572fd7f290b19112f2eb8548c522c5fca1c2c29293447cbcc357110380,82b9ae2e30857975ad13ae9edcc68f02928a1a3d985554993142772f530a8197,16560017,2026-08-11T16:48:28.313025+00:00
MAFAULDA,underhang/ball_fault/6g/20.2752.csv,7aae3b611b56fe4e3da77c6133a5ba467d0b7bbc3c933b290ac0c05b13da2161,4d5712ddc5dbf96a9794023ab70eef57ae429206d46b0506bd28dbcf3adb5b8c,16574399,2026-08-11T16:48:28.367025+00:00
MAFAULDA,underhang/ball_fault/6g/21.0944.csv,1fb410a4c20d77096908a4902f33cbc8eb9a366217395a414919bb74124ff2d8,18c34182bcc5cbcfbaf81df23576947b0074c65e9aed5d63146328db26c57b3a,16505246,2026-08-11T16:48:28.415024+00:00
MAFAULDA,underhang/ball_fault/6g/22.7328.csv,b518b3c885cae68326d33f97bb56989ca9a1214a316eed3e2aca6f0e5fdf4d5d,90db58bf90657e6ada35bc0ac57eb13f21e62e817d5e1ac599659f426d2f2af6,16454972,2026-08-11T16:48:27.916028+00:00
MAFAULDA,underhang/ball_fault/6g/23.552.csv,5f6d32d9e9636d53fa467717ab7c1195e39cf08dad17c87173a7d764f9276fb8,dbba08600b694956c3f6476eb256ffe6a3abe0faf3dfb55dc1b74242e08096d3,16494062,2026-08-11T16:48:28.464024+00:00
MAFAULDA,underhang/ball_fault/6g/24.3712.csv,c319755480dbb512be899760ef689d496793ade13f3746af37333223f06f8e3e,fb65008356f6c08edfe3bf9da5f96be72615acaf8217afaa4424936357301a15,16495738,2026-08-11T16:48:28.513023+00:00
MAFAULDA,underhang/ball_fault/6g/25.3952.csv,befbeda8e5dc79ae40ce172cb20d669a219fa5a0d6c5ddd64fa2faec70dcd83c,5099a7ce35f59261936f575a197f4c2d8a6db220cc862400a76a0f7a433c6a6d,16454201,2026-08-11T16:48:28.562023+00:00
MAFAULDA,underhang/ball_fault/6g/26.8288.csv,489bc855a61e68a2befc600356a812430195abc34e9873f98a9e855acedd06a0,9748fbd59aa4af324dd39f8053fb97f87ef621f4e5c6b7d9f7fdda435ef0f9ee,16454896,2026-08-11T16:48:28.611023+00:00
MAFAULDA,underhang/ball_fault/6g/27.2384.csv,9d0b0201a383a21dc6d778b5d6d66fe995b0a78fce7666560a2cd700837916bd,db0784b0f842ab612b655923d9ab858a88f2403e15ba2b870da2851697dc0afe,16492493,2026-08-11T16:48:28.660022+00:00
MAFAULDA,underhang/ball_fault/6g/28.2624.csv,f47cc90818c7d69c7eb926f57679da2f36777dd586349d54ed7c76252ed3b6ab,f73be70978e92e65a1b849a008e6c6a57fb8de26ea0dfbdecdee55e094b16a58,16618396,2026-08-11T16:48:28.708022+00:00
MAFAULDA,underhang/ball_fault/6g/29.4912.csv,c9d97ae56fac1bef883aaec04f9c03a809770d34e25c6440ca008bedd2509ddb,ab3c3b0a1ab384175a65ab48c7f7ca4a5d41529001e9d8def4cce67329aa8769,16666556,2026-08-11T16:48:28.757022+00:00
MAFAULDA,underhang/ball_fault/6g/30.3104.csv,c261bf25cdef17920f8dda791ff536f57365fe42094842fbb7b5c0257aea216e,678a6891d69ab0892d589683ee300f31831871f428cc8c76490598c261d55497,16614266,2026-08-11T16:48:28.806021+00:00
MAFAULDA,underhang/ball_fault/6g/31.1296.csv,e799ab61c8ca584da29ce6e74ad9c2ed1dbc712a7a29affa5d06ba86b04e04bd,1e3b1d94da377e4604df224acafcd954ffe94af8e4b1b01e23db152dee469f3a,16602967,2026-08-11T16:48:28.854021+00:00
MAFAULDA,underhang/ball_fault/6g/32.5632.csv,2925f0db3074995c39c93e59928ee359e17d334b088673908aa6b0ca88aad6cb,3ccd9a30c753c8de5263ac951b801561171854471b6003e9821e73993408a071,16734502,2026-08-11T16:48:28.903021+00:00
MAFAULDA,underhang/ball_fault/6g/33.3824.csv,dbbb9b65765e44ec0ec93d8aff720d2f98c059a736f0b497f8fff6dfacea3d22,ac8cd081bbcbc3b39f3fe1c971e0555b3e12a3402c5d319a07605ae27e36b3d7,16617377,2026-08-11T16:48:28.953020+00:00
MAFAULDA,underhang/ball_fault/6g/34.6112.csv,fa5dab71c06993d402908d7609551b75c80b0a895f492418c6eb2bba2c6ad290,1f5734442a1256d3c0296054fdbf4da421c48cbca4995858dcf40de1b03a3f02,16529204,2026-08-11T16:48:29.004020+00:00
MAFAULDA,underhang/ball_fault/6g/35.0208.csv,457753adc1b2e0695e56177d0ddb8470ed225252b602157f2fd734d54b0e9cf9,8ff40825e151ce503323596b6e72ddb4e2b508b764b10d565817ea626a129d9e,16566856,2026-08-11T16:48:29.055020+00:00
MAFAULDA,underhang/ball_fault/6g/36.0448.csv,f22a03dde73f6ebb805b3b415a8d68de2cfefb1639e8a81944c171a9f2802556,9ea78772d9b267779a34d51ca8f5a471afab197fd97ffe4b3249774aaa07fb5e,16498666,2026-08-11T16:48:29.106019+00:00
MAFAULDA,underhang/ball_fault/6g/37.2736.csv,738040d25d77096a27d85f17561328fa11543244b7875c0ed2c14333ce4b71f1,c0774a57c79bb2ece8c1b5371822ab2bba8d38988489b891171f3fae0589d71d,16444924,2026-08-11T16:48:29.156019+00:00
MAFAULDA,underhang/ball_fault/6g/38.7072.csv,fd0d9556d513c6e6c1014a85dae735d596fc4418c771f976c862fff6ae04c845,04a0f5c9f7a927e7b5620920140c5bf61af2b8352de1ace2d2cbe92c3e5f8d38,16398903,2026-08-11T16:48:29.207018+00:00
MAFAULDA,underhang/ball_fault/6g/39.7312.csv,9f419fc91aceeb030310ab7c3c813f899df3ab85597cd88e3c821bc729e5d0ff,04b9298860372bb1868e95ea9d25af3d60225ba1824db72261f9dfd5896bfab7,16355184,2026-08-11T16:48:29.258018+00:00
MAFAULDA,underhang/ball_fault/6g/40.3456.csv,d12f402872939e32191d6c7bc965daa20447af16aeb4a9bebb51e43409868932,47001aa11dcc60b764e331bbeb2fce8e0da7839dfe27c8ad612898d4bae1254d,16379157,2026-08-11T16:48:29.308018+00:00
MAFAULDA,underhang/ball_fault/6g/41.3696.csv,4983f983813ba07a46306844e7425a7eb8d45c654629014f460ca1f4d2483152,cf686c28b5ee92e5ec3d08871fa7dd62ffe3a1db1c96527c81e860fd9f04c708,16379105,2026-08-11T16:48:27.966027+00:00
MAFAULDA,underhang/ball_fault/6g/41.984.csv,b7a92c5e997443b5b0be4f7a0989980d78a8d169d44220f3023da8de18d5af51,b3a7da075e40c4572f0c7b2994aed31060855666155b6532649b06fe0ce09537,16397612,2026-08-11T16:48:29.359017+00:00
MAFAULDA,underhang/ball_fault/6g/43.2128.csv,6a81308c7e6b24ee9310bf96de500b960ba21a82aa4964aea8249c83ace2d528,5daf092b51bba21a6c49788cbaa5eee81c1872a4ddb8a15c6a63c796bace23c2,16372859,2026-08-11T16:48:29.410017+00:00
MAFAULDA,underhang/ball_fault/6g/44.6464.csv,6b4a7352e5aea8d230911239075308b982cd1e9d39a4ebc42d579dd7ecfbc115,07ef35ceaf5db06c5697ed2f399c55f4ee3275e7ffa922b0c3027fdb831d2dcc,16019164,2026-08-11T16:48:29.460017+00:00
MAFAULDA,underhang/ball_fault/6g/45.4656.csv,53cc92fcad837423c4fa4ea017e49144577e98259b831c9db7845074616a1115,6a79ad9655d4c2eafd88673b8834a47a644751e4ee79b301dceb94c17eb9a1e7,16094425,2026-08-11T16:48:29.510016+00:00
MAFAULDA,underhang/ball_fault/6g/46.4896.csv,7c7bbe1a96a3cf59cdaa2314d3ad9e5862566df22ab2aea32f8dc475ddcfeb24,9a7c8dca32e0c7cbe82da279d8db19e78d5c78180961ea94d13117ff408e1531,16313123,2026-08-11T16:48:29.561016+00:00
MAFAULDA,underhang/ball_fault/6g/47.5136.csv,de4f8dca3c9c7c8bbd6364329db2d1de1573f3384ecfeac7c2bfc8aa920f2006,33d51986734cd5c128f8645d483892f6cca06436192379ee0dc340e8b8327507,16313200,2026-08-11T16:48:29.612015+00:00
MAFAULDA,underhang/ball_fault/6g/47.9232.csv,f41ddd8bbe12187a228cc0c509deaf77d7bb0cc52964cb489175be6562c67599,3bab1b66f48b13c32ed0dae6fdad0613a9f1228cfa08f08248275899a4ea76cf,16317597,2026-08-11T16:48:29.663015+00:00
MAFAULDA,underhang/ball_fault/6g/49.152.csv,7775cb4fd485afb2d6bb92bd23853d3a5dc616a4e56a48a94b539212851277b3,777398e9c6da05e4ce721aefd57b1728561c913229e6e5908bcf828c461c517b,16344476,2026-08-11T16:48:29.714015+00:00
MAFAULDA,underhang/ball_fault/6g/50.176.csv,3ffbd4c9eb1923e34bfac00d2399868e60a57c2fb23c5e5da1f908dde856f8c7,1d63f3ebff7571ab12eefdc4f08b0908248f64935cd622539ef1b234828c01a4,16289512,2026-08-11T16:48:29.765014+00:00
MAFAULDA,underhang/ball_fault/6g/51.4048.csv,58efba809d4b4317787b2cc414fe4b53649597881d22a41deefce11fc3e443e2,400cdd2938c0945c190c721684a925b85a60ad618ee04d3ccd56801c591c2d65,16102453,2026-08-11T16:48:29.815014+00:00
MAFAULDA,underhang/ball_fault/6g/52.4288.csv,b1639718735471b418215ddc0fece6bbc68634c74ad428173ac56bc8433aeb3e,e137b6f448dfb2c952abf208947e108697225f4aafd2a6ad9ef9b7bcae5c43c2,15995430,2026-08-11T16:48:29.866014+00:00
MAFAULDA,underhang/ball_fault/6g/53.0432.csv,3e2a48a894f96ee437c0bdac652481fffbdb61e4294d567c5c2be71091c57903,fed7cd2960c6d17851def7284ed256b4b89404b9c5e1edc4057e61323faa9ff9,15975149,2026-08-11T16:48:29.918013+00:00
MAFAULDA,underhang/ball_fault/6g/54.8864.csv,577bc46d16b5d3701851d16183e992f4cf6c5ad765013f7da06ac01c57ffeba1,81fec8692b3d809ce64e4ba64f203ac73672c0d688eb68eee90633c9e323b080,15868391,2026-08-11T16:48:29.968013+00:00
MAFAULDA,underhang/ball_fault/6g/55.5008.csv,a318da17f6dd1516dac58bd83f3c578b22eeca4220dc46d1e7ec3dbc46a1c36c,516c824216518db04049dc75876c31aca09443650af769a84c03b00c66d0a2f8,15844753,2026-08-11T16:48:30.017013+00:00
MAFAULDA,underhang/ball_fault/6g/56.5248.csv,49996af7238f683f77f89ce938fde776475f05fc2f24ee474df3a53e7089b926,eab1253314f69065418cf34ea05ce01b9c091a503bd5bf645deff712029285c4,16002022,2026-08-11T16:48:30.065012+00:00
MAFAULDA,underhang/ball_fault/6g/57.5488.csv,55ab14d67959ff882603fc90b88aec794221ecbac8890e0360e8caa276033097,9f99e9c8fe148d6f3777b9c98ad35595495aa1c19fd22071405ac258d9305e2b,16176903,2026-08-11T16:48:30.115012+00:00
MAFAULDA,underhang/ball_fault/6g/58.368.csv,a7ef1a203f7ef8bb41710605edd75e4b220991e948cdee62c676ef2f34b9f113,f2e431e78ed239f6e3c5667c22b53db9605e922e6f0495fa27402dc5ad7f0056,16195426,2026-08-11T16:48:30.164011+00:00
MAFAULDA,underhang/ball_fault/6g/59.5968.csv,08f7b1c66c997846651fffd7361c47850113b9498377df7e9dc07e69bfeeeb6f,227677f285aba944b759d89c8b701cdd4bd69122e7d223fdea9e1f322b046fc2,16192162,2026-08-11T16:48:30.212011+00:00
MAFAULDA,underhang/ball_fault/6g/60.2112.csv,3a1e63ad417b64523ce0e20a455a25fb5551d9237a541b5d7fdd014a6a83e4ea,0b527403d923efb179911e5f00970d41c1306c44169c5573627d3c039c9339a3,16172387,2026-08-11T16:48:30.263011+00:00
MAFAULDA,underhang/ball_fault/6g/62.0544.csv,4e105185bd93fddcbbe2fc25d80ee368fa49f1ff14c10faeb97ad7944f36d658,4933116dcfc0cd9cd8fa81ae24f9c483a3e8b01a51244ffaf5ba84bae9ac6a91,16136427,2026-08-11T16:48:30.312011+00:00
MAFAULDA,underhang/cage_fault/0g/13.312.csv,4b424d5f0aafde62633556cdc8d28eb59bbbb12126501e82a3aa2659fff85056,0f35ee7d5fe960a360418d4f572eb9fb8dcf7dc24e5470097cdcad0cac32633b,17580091,2026-08-11T16:48:30.457010+00:00
MAFAULDA,underhang/cage_fault/0g/14.5408.csv,5fa8fa09c70f86d56e587b585d1434d1a5c74ac2a7c3b495e1abd0d1b1b689e7,87817bf69f32c53ca384d9bfb7103f66c079876aed6f618295d8d9f1d9f60640,17604005,2026-08-11T16:48:30.507009+00:00
MAFAULDA,underhang/cage_fault/0g/15.5648.csv,2494b4ab1fa2c8ca27d9e0598d334ad2be0d8b77108ef711fbfaf24959869590,f53bf65b122c8321eeafba739bf54f756bd4b554a203d81d3671c144f3c86c80,17651920,2026-08-11T16:48:30.555009+00:00
MAFAULDA,underhang/cage_fault/0g/16.5888.csv,1f7b0be12f802d48da0a93bf7ac33c32b108c3bca6b78c03ea82320beacaa9f9,126155fb30121d07400c683639b6e1951a50eac3eb9b0f72953c6b23407be905,17621559,2026-08-11T16:48:30.604008+00:00
MAFAULDA,underhang/cage_fault/0g/17.408.csv,787125b2f0a39836c9512636e03797a26ada3a0f4e8f4c4e06720fe128fd0c2f,0ab79e78ebe25830ebda3b235ea10203544c8e95d458b82908f862eda9fa06bf,17512142,2026-08-11T16:48:30.655008+00:00
MAFAULDA,underhang/cage_fault/0g/18.2272.csv,46357ee78e2ed627ea43619e68362d656bd33087593cf479b639c5ada59ad562,0282904d40826ba6d43f092980d82c09eaaf8fc094dd078523523390daff513b,17502768,2026-08-11T16:48:30.703008+00:00
MAFAULDA,underhang/cage_fault/0g/19.456.csv,be8866af401033c6405534a0686b069fb7a81d1b2dd39a53c5f1855cc7a51c47,842f034224060a8a9704e2d834f5467fdff999fae7306b6f6639310d43213d53,17565091,2026-08-11T16:48:30.754007+00:00
MAFAULDA,underhang/cage_fault/0g/20.6848.csv,098c094720887a38cb88d0e65f40a7f21653cfa82de004e77579e8679ed7bffd,6fc0fcc07475c1578652a3be89c44ff76aa46f87bde3b07ce87e81bc0b1146f5,17570034,2026-08-11T16:48:30.802007+00:00
MAFAULDA,underhang/cage_fault/0g/21.2992.csv,055d3fa849962cd1e5507bb60741561d9d2f190af8188fdcd7a9d41fe0f9626d,b943ac474b148b98dcc4d80014c67a997aa2660d67935bc3d8fb0635aa159109,17542024,2026-08-11T16:48:30.851007+00:00
MAFAULDA,underhang/cage_fault/0g/22.7328.csv,707684c1de4facdea350ea246c43f240aa01fb5b821c99be1a7b4c5eaae2c696,b4a09d6343de6eac3ab724694d3c19920c4d70f22bf952c44918153abdd4fe0b,17588173,2026-08-11T16:48:30.361010+00:00
MAFAULDA,underhang/cage_fault/0g/23.9616.csv,104df77d1c971120a3fbff43388a5783445d57f6dfc49e15eda8959af6117017,0aa3afd0a56a7a3c6ae3008c439756b1f770d9cf0ea57db9439e1e9b250d289d,17477638,2026-08-11T16:48:30.899006+00:00
MAFAULDA,underhang/cage_fault/0g/24.3712.csv,d3f85f3371077a155574a6eb8c505aca6b1c5485dacdbde9ce4cc65bd719ebb4,65f883496efa577d7f2b62c04ca072ebb3d27ad5d7027acf86218e4a98130cc4,17496015,2026-08-11T16:48:30.950006+00:00
MAFAULDA,underhang/cage_fault/0g/25.6.csv,cb60c25b97a9e861323671d528199b2a16f84f0f3156d1207ee51fe0a294eb11,fad7cc22c1bfdc31e9a23990fd09fc5a9ddc89942860b0e58add2a8c240584be,17533892,2026-08-11T16:48:30.998006+00:00
MAFAULDA,underhang/cage_fault/0g/26.8288.csv,8891b80ef02a649ead692965a02bd5cdf97aaa0ecd9c443d31f1add3adb08696,5fc00571f0ea53c1a09ad963b05f50da9bf170b671b9d23ccf3e8f7726e9c3aa,17547382,2026-08-11T16:48:31.048005+00:00
MAFAULDA,underhang/cage_fault/0g/27.4432.csv,c538287e5b0db1e87c0426e51550d5e6dc819f638db8e4bb56a2522528e3e285,a6a5bcd5f5adb1c7598c606d96936531217f0f5ded3d6c8d168c27c1053f5274,17533186,2026-08-11T16:48:31.098005+00:00
MAFAULDA,underhang/cage_fault/0g/28.672.csv,6f92241afdb02eb031d70ac7ed0edd6440aa5db6315c6a03bcdc99dbc90eeed1,8cccd4d4d6df85bd7c4e284991397818b35943a16aaa613dd53a319faef61ca1,17508865,2026-08-11T16:48:31.148005+00:00
MAFAULDA,underhang/cage_fault/0g/29.4912.csv,33eb192b7439f1b05876ab5b3a00d21caa24893343a5459e37038d8b2808ba1f,2c1a10c1d2ca90e06093d7b250362bd8ff3e4bdde01f161041d62b0b6bec5d72,17470495,2026-08-11T16:48:31.199004+00:00
MAFAULDA,underhang/cage_fault/0g/30.9248.csv,d60818af5d970595540324e618b6a1f8fb7a205fe0142f21e5cff8f96e486d13,f307f434a871bc2c9035d43eada3d3eba706265e2961f770df38b1587a044547,17510682,2026-08-11T16:48:31.248004+00:00
MAFAULDA,underhang/cage_fault/0g/31.9488.csv,19999ed9d33007914c354faafb4268f4fdbe8bfd166fb0e57901afd84160263f,aa60efbdc02ae7206cd06f1775a9ce1a7d49871fb3b3f6a5084c15eb714bf5b3,17488744,2026-08-11T16:48:31.298003+00:00
MAFAULDA,underhang/cage_fault/0g/32.768.csv,92b91afc62a93b26d1ce0cdc669bc3a2aca06298e6036f245af3cd1781e91094,cf1bf438edfceb799bc4f75f12d6c6b60235caa4990895337192f58a6fca7b08,17495754,2026-08-11T16:48:31.348003+00:00
MAFAULDA,underhang/cage_fault/0g/33.9968.csv,c81cec25d67a1bc73399704a2d62b881e24cc9162c3202cba62b15ac88170475,61d8ad87889e0a70ce1fa65af5e7f6f6f021e6b4966f876f1cd00356b501bc61,17425759,2026-08-11T16:48:31.396003+00:00
MAFAULDA,underhang/cage_fault/0g/34.816.csv,44a779a29dae26b81ea4ea6bf06c9fe87a7650fbf9ce24e681d2d60debe290c0,6cd9f2a17a2c7748771c1a939c45a1f9d9b5d0188950693fdc3499a143a8518b,17488449,2026-08-11T16:48:31.445002+00:00
MAFAULDA,underhang/cage_fault/0g/35.2256.csv,6b53eb8a5b202c28436253950836c7de6db9add5501d1bf9d540000852e46a4f,22c82c6bb92c4f0a4b85349691f92a3a4bf387db15568a23142d95c3843971d3,17501368,2026-08-11T16:48:31.495002+00:00
MAFAULDA,underhang/cage_fault/0g/36.2496.csv,b3d4bce08e8c7b931fba5d8a1e37aed8b1a9c74a305f716d234a2569d2ce5101,f9010d3f634597bb850d3ce5a9c8f04d207c11108fa3e70cfa01bddc0d4c6600,17496961,2026-08-11T16:48:31.545002+00:00
MAFAULDA,underhang/cage_fault/0g/37.4784.csv,1e1237fc25206d749ca8abd92c8bb69f8c9e1c1eeeedc41c68b23fd842a8df8d,993ec29c56cb8ee7d82513901641f64123012cc383000c28244786e706fd41d5,17477957,2026-08-11T16:48:31.596001+00:00
MAFAULDA,underhang/cage_fault/0g/38.2976.csv,d80a9f8d8690ee492568fe25220b45d09d836248ce9c26c500235c1b9deb00db,d39b66eb0a1b3007f9f8d112df7fbf6b87b191a8b63c6bc0b56cf51ac244232b,17463350,2026-08-11T16:48:31.646001+00:00
MAFAULDA,underhang/cage_fault/0g/39.5264.csv,8f9a5cc6c7768d3b6494d6d20c7f0b178e014b595d5e5450285dd3af1ab7de1f,49414466162222511665bf2ac9306943cbe5bbc92dac3b4fcb82c52b3e385be0,17397633,2026-08-11T16:48:31.696001+00:00
MAFAULDA,underhang/cage_fault/0g/40.5504.csv,3a5b78c630a11a5acb21f886aa78aec5139c94678be99495728c4c000338acb9,c1ce64eea96fd619d2ad9a025903aedfca165cba27fbd5a02cac95fb0b00d81a,17390838,2026-08-11T16:48:31.746000+00:00
MAFAULDA,underhang/cage_fault/0g/41.7792.csv,e877ffcda00d2295138ac53ed48b4983adea3f3a7a7a6f07c68d8ccb42372ece,e5ea8fc71022831e2f80372934227ac9c07fa2c4d807a285f66c0c5f96719f0c,17401276,2026-08-11T16:48:30.409010+00:00
MAFAULDA,underhang/cage_fault/0g/42.3936.csv,2c64992a3dd72e59b745e2a8e09c90313205a65d9a0d2a5348118474a0e6b893,766b6802774c2f93ecca4b3cb434e974e189212cc98c4d7b250665f8c66b638b,17416277,2026-08-11T16:48:31.796000+00:00
MAFAULDA,underhang/cage_fault/0g/43.4176.csv,99d3976430a634ce5e24644702e6de61c2822d0ca3da744b07c8db9ca373f659,7d457e83300c67a8d22fbcf665014f327f8d899fa397ef4e40351f4c227e5257,17396705,2026-08-11T16:48:31.845999+00:00
MAFAULDA,underhang/cage_fault/0g/44.4416.csv,6626a3229beb2a47aac2c72c4400894c0c77c19b1994795c189700259bfb7607,cc28fd130627fd14dd95bc82ae0712bec3f6b8d851dff6a4b81f273b957bb1fe,17366688,2026-08-11T16:48:31.893999+00:00
MAFAULDA,underhang/cage_fault/0g/45.4656.csv,255c24ed0843f601725291fb35244f6d733e623421c80259cb26cc9510db50c3,c4be0016743879413cba5e2912c00c2d0671f84dfec11a4fcafd9f2317995f23,17322422,2026-08-11T16:48:31.940999+00:00
MAFAULDA,underhang/cage_fault/0g/46.4896.csv,ac41e63968c767465fd81b33c18fcb9f6c257adc7c46ab155ed9d6a4c887e2eb,a100f48ef67efd5bd91bf3ffab1f9226dc345f9cef88edf0bd232e5d0a5ae7f3,17309259,2026-08-11T16:48:31.991998+00:00
MAFAULDA,underhang/cage_fault/0g/47.5136.csv,b2a6876850f7e15b0056ba9207b74cf03509d7da6e9bbcd189ba2652cdd975d5,56da5df203526845150a37c27580ab778d9a7b1e91e9b0090d545a974de80371,17305824,2026-08-11T16:48:32.039998+00:00
MAFAULDA,underhang/cage_fault/0g/48.5376.csv,860fbd6ffd30e385867984c8f9f572bf63bfa90b41b802d3f9d2fbe4783fedda,3fcec115f5737133efef79791b1cc1f1ee435d0b7b73fc3b88be8e07eb640fb0,17312450,2026-08-11T16:48:32.087998+00:00
MAFAULDA,underhang/cage_fault/0g/49.7664.csv,82dfa103c10acf1e8d91c540a0a5ac0629f893c89f8b9a60abf205af33781c6b,45e833022cc5022c07815aafb56d58621a85e5efd250e35ff96ce24c1fb1e185,17314473,2026-08-11T16:48:32.137997+00:00
MAFAULDA,underhang/cage_fault/0g/50.5856.csv,47c609f3ac20044d8fbf4f7879cad5cc5a6449088669980855394b1b2cf2d3f7,4713911e75e2627520f61720f8b24ddd5263d69d7bd4ff1cf6131abdd2e2ad09,17294751,2026-08-11T16:48:32.187997+00:00
MAFAULDA,underhang/cage_fault/0g/51.6096.csv,49daa02ea52809a6839d629b3b3c2dc3ed0503bce57b47e06e9e7f30fff69f9f,92176dece0953cd7e2900badf14cf5ed1cbe5feb312abd3ff5e37ba6950ed60f,17300311,2026-08-11T16:48:32.236997+00:00
MAFAULDA,underhang/cage_fault/0g/52.8384.csv,588275629ddabdd4b044c8d321857ea47b244360b5ca94393db06e19d23e5634,b315873f510312613db3b4a98a95172d102ab07a02e94ea5495dddd0b21af4b9,17327283,2026-08-11T16:48:32.286996+00:00
MAFAULDA,underhang/cage_fault/0g/53.6576.csv,f5240a446910797c7d9e9f4afebcb9ec79bfada1041c1d56dafade1dced62b7d,458eae6d5dcc1e746e3687c9b75ff8800e7a693f350359ca2a1cc970ead76041,17293994,2026-08-11T16:48:32.335996+00:00
MAFAULDA,underhang/cage_fault/0g/55.0912.csv,9489fd43087f8d56a8199bb2132f4d06de30eb4bf65eb9614af5f8f610a30716,0796cfdd9e4830a9e255c503e4a2570e9e15c32620bf8cd243aa4173a669dae9,17286865,2026-08-11T16:48:32.385996+00:00
MAFAULDA,underhang/cage_fault/0g/55.9104.csv,12285bcf523d05197ff3dfdfaaefe77033c0a5beb668e55528b6b66d49e70e21,30a12d1ae6bcc62ad60d5a9c3c0c19ce3d43133ff8dec29c6bf7035a7f515ae3,17270579,2026-08-11T16:48:32.435995+00:00
MAFAULDA,underhang/cage_fault/0g/56.5248.csv,998608f6e80672bc7651365bf567012322156149b8171afb997a1444b3763acf,337d99f6449bf826c7ca27a2c015fa629b646b53bf7a540b3c7e4a576b77caf3,17230734,2026-08-11T16:48:32.487995+00:00
MAFAULDA,underhang/cage_fault/0g/57.7536.csv,ecc2fc0ec6c09acb7b7d8438d3c94034bda512d8ca0ff26beccd3c0a6537887e,7315b451970ac413fe47bf3b81a54563c5acd1c06d9ef86b666c45249c48cfa3,17237599,2026-08-11T16:48:32.538994+00:00
MAFAULDA,underhang/cage_fault/0g/58.5728.csv,97865a1a1818a5a5d884b37b3541187d8ce9a153c0eb1f65dad7826483002e7e,a0ce6b9608d0ee6899fe85a4937a783336774f0ea96ac52ffd97e13a5f80d7ef,17231371,2026-08-11T16:48:32.587994+00:00
MAFAULDA,underhang/cage_fault/0g/58.9824.csv,60b3249d8904de77c859f9de90b698ec082faec0bd64a0ff68f87c3cdbe40440,abae4a94e136ddd817de7d187a6942d3af44f770e91d63f843f3f6f0941e73bc,17244889,2026-08-11T16:48:32.638994+00:00
MAFAULDA,underhang/cage_fault/0g/60.2112.csv,22cd2de66c6f9bbed0346532021d2e1cf26a879bc508b6176bc4f9dc9af22912,49a1b6f5d19d6398a74a5decff165913506679ee48e25dcda8d24ba00d79b847,17201159,2026-08-11T16:48:32.687993+00:00
MAFAULDA,underhang/cage_fault/0g/61.2352.csv,5d2cc57794d7d15f12638b2901f0343c46055642bb4088d1b6e014441a1b22d2,5be4858874483f80dc1d2d81e9c5a29068505dafc302345f54043714b1fd3148,17269009,2026-08-11T16:48:32.735993+00:00
MAFAULDA,underhang/cage_fault/20g/13.312.csv,0ff97c3abfeaf915dac2d7382664025bf37e2ba44eb849a38be29abacf23c05f,cbfc3c330a2c6f7a1617f9eafa9d3bdcac1152467365a5b5e53e3f1a0ab7c28d,17631848,2026-08-11T16:48:32.885992+00:00
MAFAULDA,underhang/cage_fault/20g/14.1312.csv,fc238abfac0e3225e328c53fb7bf477e4bcfcea1cf05fd22bdc8c0bb5b725e68,35b756c37e88a434108fa09ced676ee6dd3a66d09cd4a8fdce408a586ee5b26f,17548404,2026-08-11T16:48:32.937992+00:00
MAFAULDA,underhang/cage_fault/20g/15.5648.csv,9104ccdee5f182ee5c2fcf0b2097f462fbb4dfcfdda2ff9991f702d215375ee0,f67873caaf646b517176f4098ae0be01cd8cce52259f6491d592eb175020d217,17526325,2026-08-11T16:48:32.989991+00:00
MAFAULDA,underhang/cage_fault/20g/16.384.csv,ce32a2cd0491ac4b0b4c0d2c0513d1f7095fac6d256f6a49fbc03fe62c2556f8,23000b7b1189318bf6a543f598923cd14d43308c807dd326297ca27d1ffd3ac0,17567111,2026-08-11T16:48:33.041991+00:00
MAFAULDA,underhang/cage_fault/20g/17.408.csv,d0b31252f7a4b682b4e799e682c99bd1373bd174f36c5dae1776734afb98d1ea,12ad6aa31631c044a1776ab5741ad5b3d79b7b5d79035e26c1e4548b467c32a9,17434856,2026-08-11T16:48:33.093990+00:00
MAFAULDA,underhang/cage_fault/20g/18.6368.csv,4f034b5372369f0baa1fc5eb27e231e4a411e59086e9a313693d6c139ace33de,286fe456a78894de3da7742bbbf2cc13a32197737465da70754608c6e67295eb,17314078,2026-08-11T16:48:33.144990+00:00
MAFAULDA,underhang/cage_fault/20g/19.456.csv,f1866e3eca15743f862b07f84604f98db863d38baa5ae9aebf1a206c2f4e7f44,a50db88a6716209ec54bfdfa2d219945741b7c889c3feb1427365dd078da4be9,17327282,2026-08-11T16:48:33.195990+00:00
MAFAULDA,underhang/cage_fault/20g/20.2752.csv,c63e28886103664643a512d771461f2153a8aadfdcfb9606f04cc64f46544a2d,a48f8176d5304093d66aee2f9c2bdb8ee3b0ea10c0970947fd4553090545c368,17310110,2026-08-11T16:48:33.246989+00:00
MAFAULDA,underhang/cage_fault/20g/21.2992.csv,69cd7898cd6485f57412529c3f43d189200c30b214f200ed93a1d392e4334e2a,2bb0603aba2542a54dada0e80449daced8054cb5ea1e808e5cb33c7b4bbf9897,17373371,2026-08-11T16:48:33.297989+00:00
MAFAULDA,underhang/cage_fault/20g/22.3232.csv,62a5c51a26213bb79df848632d44cb9a1a5d71043bfebf3a333307047a3e3e61,f69dc953ee0bcf65beae934ba9c9f83a6257da93daed89715243333f7d921852,17387435,2026-08-11T16:48:32.784993+00:00
MAFAULDA,underhang/cage_fault/20g/23.7568.csv,ad81f73b394feb74c1cf2c2f549d168fb06a1ba2fdc2b1650af6407e98b1e4b2,b7ceb11ae62d281e429f9f0982db4cc83c18c13e574355ff60cfbf811ca05b44,17351162,2026-08-11T16:48:33.349988+00:00
MAFAULDA,underhang/cage_fault/20g/24.576.csv,fcd3797f515e3e66b955ff302d0553af1b47d0feb430956e65de5387fd2ca3c6,ac7a37ded8f0d62ea187d9234de84a7db507aa7eeb9b5fc0d8d5278c89eac8cf,17353689,2026-08-11T16:48:33.400988+00:00
MAFAULDA,underhang/cage_fault/20g/25.3952.csv,e889cea510c619bab9adc2e00338011d73aaf9e681d644e0b744391a7e0a8956,c2f48a7b27d18b1067612ced7c8da439cf8eda447fb788ed3c54a2b8f161dd1f,17325742,2026-08-11T16:48:33.451988+00:00
MAFAULDA,underhang/cage_fault/20g/26.8288.csv,b7d8ddd3c5be3652d73fb688bbaaf2456ca80e18f1cfbd7b876f5a4f6474cd43,eaa5a296996ec4a9e0c98f0ba4b0ee7aecab2b4e873e350907a41d15a155bb90,17295253,2026-08-11T16:48:33.507987+00:00
MAFAULDA,underhang/cage_fault/20g/27.648.csv,29201988c7e7562c9bb8b50ddae15e45da96381ecb0bc56a81dbb31e7c99b0a7,2e014dcf312a479f41a25e4f705b57d5ecf16d347095750c07fff015fa4b2b5f,17256935,2026-08-11T16:48:33.557987+00:00
MAFAULDA,underhang/cage_fault/20g/28.4672.csv,fbc21f0fa06bd0892a7f17b21161ea237851e0225473532a5d5002b469999aab,9830fe536449bede7d8dd75d92e7c1f7a7a46ad38adff1539933e71ade3fa43b,17332017,2026-08-11T16:48:33.606987+00:00
MAFAULDA,underhang/cage_fault/20g/29.9008.csv,e9b675fb8a7faf99998bab77ce94e7ce44bbfea024fe596d99a2c2d4143d918e,ada8ec2bedc17903f43b31a51ad0839e86246943cc6a0e6ab83ee0d1e7a09cbe,17328304,2026-08-11T16:48:33.656986+00:00
MAFAULDA,underhang/cage_fault/20g/30.5152.csv,37fce6ea22564b31b4c6c90d6e25f9451d3528359ede4ee3e82e62257b1f075f,b0f61b166d49503eebd3b1bf00f83b1910c1252f541fe6d15296acc90b7391bd,17345625,2026-08-11T16:48:33.705986+00:00
MAFAULDA,underhang/cage_fault/20g/31.9488.csv,f5f57f55c27e982b2967bef79a174a06abff52aa46d84c7fd439371162089a65,82845aa0619003587590bfb2669c09b2b5d16c64340f529cd53fcd3be335616f,17303237,2026-08-11T16:48:33.753986+00:00
MAFAULDA,underhang/cage_fault/20g/32.5632.csv,8762c742d1d4ecbbc3130b32032e79386ffcdb86d34c609d4be6d76df96d5c41,75476de98269499b765414227acdb09f2f560c71bdf0c0b7dbbd4ed82a3417dc,17313942,2026-08-11T16:48:33.802985+00:00
MAFAULDA,underhang/cage_fault/20g/33.9968.csv,294c4dd18ffb9cf71e87b417d82d9ac9be3953b5e32c26a4813032b633a96ff7,7d9680c021d377e4aed202875cbc7c95b01ca4c56fd6cc95e5cc7878ef021bdd,17263817,2026-08-11T16:48:33.852985+00:00
MAFAULDA,underhang/cage_fault/20g/34.6112.csv,b0001fde6271c7446368894c04eee422a07b9de6d463f624336ba8af487b501a,074e59f8537bbbfd85fe4c12c8cadd7a6b216e55fe199c502da98995fae6ff69,17222829,2026-08-11T16:48:33.902985+00:00
MAFAULDA,underhang/cage_fault/20g/35.4304.csv,d36f1a59822bf51582a114a3d4219399cc522af0843493dee21d3431dd54b311,2a083e358dbfd478269bf7aa480dd1868ab8067881db0bfecec29064300cbb26,17220101,2026-08-11T16:48:33.950984+00:00
MAFAULDA,underhang/cage_fault/20g/36.4544.csv,a5dca812fbb7c086a36a3089c7bdbb0db5fdeeec9fe9f29bdbff9b2899fba110,288c3c1b925a78888a182e09f63ed4d3fe969c030f6fd980528612de37b69322,17003585,2026-08-11T16:48:34.000984+00:00
MAFAULDA,underhang/cage_fault/20g/37.0688.csv,da8eed175ffd8e17ffa99366db707bb1bb6caae9376b7ed68c1a71bda9342708,23bc8119b37785975c73939ee2ce92cd3c3a05ed4394d25d16de95ae6aa56dc4,16879029,2026-08-11T16:48:34.048984+00:00
MAFAULDA,underhang/cage_fault/20g/38.2976.csv,60a1b087c0a664fc9a01c33ea876ceb8f8ec2e325e7edf2839e187ef1fc0448c,eba1977a413adae207b60f2f518c31e416556bef8c995e6ff1e41065c3686bb2,16744687,2026-08-11T16:48:34.097983+00:00
MAFAULDA,underhang/cage_fault/20g/39.7312.csv,c5eaefaecef3f0343d02f90b1aabd010a123697cb88994d0851f3ce131abc185,37570a566b583125c31cdb5d63e638aa83867c7e900235aaac70abb16ebafd47,16648860,2026-08-11T16:48:34.151983+00:00
MAFAULDA,underhang/cage_fault/20g/40.3456.csv,49fcecc9799361bf3b749e587ef0eb76cfdf92a3bfbc15186c22b6df67149797,ef545b912de9952c26c5d2014895b11107104b4c71ef6a53b3cf7c5aded274f3,16656529,2026-08-11T16:48:34.200982+00:00
MAFAULDA,underhang/cage_fault/20g/41.3696.csv,a7616fc946621cb2c00dc1a2c9ef61864eefab9721abaac94659a961129b15d0,af5189337e4505610a176e282485ae2862c98185f3eac7f1848327b551dfa7ef,16632734,2026-08-11T16:48:32.834992+00:00
MAFAULDA,underhang/cage_fault/20g/42.3936.csv,4d921cec95c08e35bcd2433b2d576fd717f89ac761a08bb89a13d9361df80bdb,dac8c6a4ec66a8be40ea8598b2ff6caddfc2af46482610ed4ab2ef273857f4c4,16640362,2026-08-11T16:48:34.250982+00:00
MAFAULDA,underhang/cage_fault/20g/43.4176.csv,7247fec7509f71e54d56e9562815a88e46c687de7f8774017e9c16d3a0e41f28,7cf2e75b904e2ec01fd1ca076fbf887c80b22fabca362c3d52f070c4c50992b3,16650751,2026-08-11T16:48:34.300982+00:00
MAFAULDA,underhang/cage_fault/20g/44.4416.csv,1808b621b032c7d4fdbb6e5226bd5490391bbca2d77df102a76820933e28cc43,695f1363b01949e8d3d4535dc5ce323447b40cf596c1897c66f8b068c0d3740c,16635580,2026-08-11T16:48:34.351981+00:00
MAFAULDA,underhang/cage_fault/20g/45.4656.csv,fe41e43d36c406f6e723478c5f4f513c04b63e92303bffdf4be3ec6a800e9852,79bc81f462d45306a95e424e7e06ae242f1f98b31cdff1d39a9afce2737b9c12,16630457,2026-08-11T16:48:34.401981+00:00
MAFAULDA,underhang/cage_fault/20g/46.6944.csv,d6a1695a025765534e3452c16849db4c92266eb9ea7cb6d33279a26311e3a5e8,415d79cec9f2fa0bf921863e607fb5ee100650b3284b5a499b99f46732559635,16640564,2026-08-11T16:48:34.451981+00:00
MAFAULDA,underhang/cage_fault/20g/47.7184.csv,4b97b799b77f8cd71b0c7631ec9a03697ee3d7252eca6922a9e012f9542c7d6f,efe4624e7f06b6cb73c2895503959449b04c243a23ba2785b0bacb8adf2b2956,16653149,2026-08-11T16:48:34.502980+00:00
MAFAULDA,underhang/cage_fault/20g/48.7424.csv,69b04e25d3045d49d685fd990a70f6acd55ba8dbd03fabcd3a8e5ea969ab9792,6a943e18edbc0adda308bc84d3967936f322d464b36e29ec41cbcdcc1c483cf2,16604183,2026-08-11T16:48:34.553980+00:00
MAFAULDA,underhang/cage_fault/20g/49.7664.csv,d6b51aae842bebc180485673eb2904c0cdc3e8657dc23aee9035af86eac8eeaf,638ce814fc943e797b35840d9879d8e90a00f96320fccbc4a0719e4f9d2a7cee,16593180,2026-08-11T16:48:34.604980+00:00
MAFAULDA,underhang/cage_fault/20g/50.7904.csv,056cdd91eaaf6ae1990b3b07ae5c4c1ce16033ff4aa0dda072f2f9f753d0bccc,86d3c650fea8a8cb45dfeb4187ca1f9e756d00b79cc73d942ff39fdce6888566,16555888,2026-08-11T16:48:34.654979+00:00
MAFAULDA,underhang/cage_fault/20g/51.6096.csv,64c272c5d3597f888d445528568f1e27bfcec23fbb10949c3d54f9d7a4e30c86,08c45e80118eb3d55bad38ae0e2b48396c3847611cd7250658348881c6f63c3a,16463711,2026-08-11T16:48:34.705979+00:00
MAFAULDA,underhang/cage_fault/20g/52.6336.csv,3ad0e234bfcd6ea0801199e315a3dffa645ac07423b30b80f6437d0b4f1aea1e,b74904aa501e9d5b6d2285f783cba8030c20d00722c8291d19acc043f5b04a27,16465622,2026-08-11T16:48:34.755978+00:00
MAFAULDA,underhang/cage_fault/20g/53.8624.csv,0fc0e70c75ad9b5552e9c8df2cec7a2e011316537382e729a190048a7b27cff7,79d547e9a0b47180de246dd7d8067384c9e7d4280198ae57be49b6c531cda0d7,16367548,2026-08-11T16:48:34.805978+00:00
MAFAULDA,underhang/cage_fault/20g/54.6816.csv,d0f84048582986de56635afc496de985eb77bc114218642a47f95e6774a10b2c,f69b9d2ce618a210ca58075869838813aa8094a1d43fb340df47192e9056bf34,16364426,2026-08-11T16:48:34.856978+00:00
MAFAULDA,underhang/cage_fault/20g/55.7056.csv,2604174077f34877b80d673053b748964aef9206865d684084d98952c1cf7fc1,cf2377fdc0d1c25141566c8ca29caf82f662308eedc883cf9523b6fc9b5b6d15,16414228,2026-08-11T16:48:34.906977+00:00
MAFAULDA,underhang/cage_fault/20g/56.7296.csv,ad4332f601faa905593afb72598c7936eec4e73ff04bacad28c187d9b9bbf2a5,adadb34e0bb9902536c4547f5e48084e77e5f7a5ba8ef10cc30b442e90c227b5,16401410,2026-08-11T16:48:34.956977+00:00
MAFAULDA,underhang/cage_fault/20g/57.9584.csv,b4098a590242666b3e7e8f19acabe7417657efe71059d0383fef7bf6d6669f15,1855a6ccd0df32697f32d5b5448c12ad3d6599539baa2b708a6711bbf972f4ac,16425077,2026-08-11T16:48:35.006977+00:00
MAFAULDA,underhang/cage_fault/20g/58.7776.csv,b62936cd298b21fbc76df126531bdf04190681255819081fa853cd3197c9c32f,379d49a8b1c288302c26bb1de2144fa5bfe711e43d6419856de4c92244382936,16457319,2026-08-11T16:48:35.057976+00:00
MAFAULDA,underhang/cage_fault/20g/59.392.csv,c93cbccfc3d3171ec6d0444d6bcf1b809818f0981ed13ff2bebe693fff1fa7cf,45c7efefc754507bef9f1c58779a77888c142b7d7f93597c62746b677fd5b71c,16460218,2026-08-11T16:48:35.108976+00:00
MAFAULDA,underhang/cage_fault/20g/60.6208.csv,63a10cc1e0cd9e68d5b0ff9fe929514b9cdddcfbc6e0e81ede17f3bfd1c17b0d,7bb53f54835a5b04872683c73b098aa6c781f5fa634606775cebf99b00ace130,16379540,2026-08-11T16:48:35.159976+00:00
MAFAULDA,underhang/cage_fault/20g/61.2352.csv,e4be767c97daaab797eefb6b12de36ba5cbb2964871871d44feb4fdc6a210ec3,c3f97a114f28577ab3681ddac479715970ac33c66f51786edd7151f8f1b1196f,16322980,2026-08-11T16:48:35.210975+00:00
MAFAULDA,underhang/cage_fault/35g/13.312.csv,c79bae2049b05b42307ab01a2c70767e728cda17203ae989a5c96738962fba1b,84f566f61d50088aea17287130bad34ef7847ae7ecc35eeac7a95d66d6a26e0c,17532971,2026-08-11T16:48:35.362974+00:00
MAFAULDA,underhang/cage_fault/35g/13.9264.csv,9c0b30e9e83977f65660d615ba8016f5e4deb9d59ba65c8ad33a44b2deb9db80,2eb78ab7028b81f5c710dca0dc5cf3253b1c9c4f37ccce378798bf93c8e2ab53,17586836,2026-08-11T16:48:35.414974+00:00
MAFAULDA,underhang/cage_fault/35g/15.36.csv,c82d84b70dc6bfb2df421a8cfb1cfd043e55f3d5195d1a9dff4e14d805b72180,b7ee2ffcdb7ad23c1345c98b8126acdbf7fb0652561590b103cd0787c00bf9eb,17526481,2026-08-11T16:48:35.465973+00:00
MAFAULDA,underhang/cage_fault/35g/16.384.csv,1f3a259897cfb578c25a75c33afa47b25921c36e8f7e5d13658b163bc7b48f6a,9dd2bc8c0f001c743fc1895ade2d3bce3cbd8fca6454c766dc2c6fe4c2e51c19,17519938,2026-08-11T16:48:35.515973+00:00
MAFAULDA,underhang/cage_fault/35g/17.408.csv,89908651625d3c4d2bd97234ea192c622a0ca4078fc01949bf43edcee1da83d7,996d75d595b5139b5c055af841095882691730381d8862a787d0657c0afda193,17376504,2026-08-11T16:48:35.566972+00:00
MAFAULDA,underhang/cage_fault/35g/18.432.csv,2d61adf6e0d7cbe77452a733dc4774b5dca3078d6b1065121af8b4f24434dadc,3c84961ae1303c6afa7a6f9da7e10782e43a490912204020bfe283e06a549f2d,17244670,2026-08-11T16:48:35.616972+00:00
MAFAULDA,underhang/cage_fault/35g/19.6608.csv,d4ddf34c3b74aee8f8828c777b93c5c33e37da760590f860729a9ef21f1845d9,fdf5efef812b700e87435a976afddb437a18b169c6455a7dedf06f79e421c2ce,17255981,2026-08-11T16:48:35.666972+00:00
MAFAULDA,underhang/cage_fault/35g/20.2752.csv,d9c8aed4832dddf2aaac0cb58578a4d35b73baf5c8297a9ab986e36cf7d2e00d,51ceb6fc79083053814fa134258bfe981dbd562f2984ffc8e6e9e7a3e754bb03,17238340,2026-08-11T16:48:35.716971+00:00
MAFAULDA,underhang/cage_fault/35g/21.2992.csv,4d6119a70a80f029ee1b5796bdd3fdf1063cf905004b4bba13358b501447ce94,85d580c1c16822de8b4ce998b31daa160a33ccd61cac99ca1b526c225b07e2b1,17315969,2026-08-11T16:48:35.767971+00:00
MAFAULDA,underhang/cage_fault/35g/22.3232.csv,9057c0736b2e86df05d9fd1780717e5faf36d710d96bfd254830b5037f3892da,c1aec983a817339e0a7feee23887487a9d89405d81641aa8648cad2ba90f3a06,17329616,2026-08-11T16:48:35.261975+00:00
MAFAULDA,underhang/cage_fault/35g/23.7568.csv,059905823f21947bdd1019d4c5b9e415bb5ffbd7c66db37a7f9dac01f4d82d2f,c910e36004ba4b729047654478ce28e71754e3db4bc6effc9fdb13ef8fabdb56,17216738,2026-08-11T16:48:35.818971+00:00
MAFAULDA,underhang/cage_fault/35g/24.7808.csv,51a4bdca35b1bd54b2e65f5ef6f5a09db31372a06ef2cb6e597b3313335588f0,3a0624788535c83ba7f8b6f39eaa585175c7aa925518b78060c7e17537dd9fc4,17223112,2026-08-11T16:48:35.869970+00:00
MAFAULDA,underhang/cage_fault/35g/25.6.csv,5ae72c22e5169913a2fcd4c496789c41821c0438e34084cf647521141ce5c6f4,26e0d248567dddc91151e6b9d131183db3c0837b1af5248edf9965a0cc49ae34,17278855,2026-08-11T16:48:35.920970+00:00
MAFAULDA,underhang/cage_fault/35g/27.2384.csv,e7ab7dfe1de7931e9f2469ecb9acb7ff06e1c89fd042345cd3b950eb6d61acf4,cd5cad629a5308af75e16e7ecba29921faeedc18005af35bc834f1f37c305025,17168300,2026-08-11T16:48:35.970970+00:00
MAFAULDA,underhang/cage_fault/35g/28.672.csv,6d666e3db60148c7572a494bf8cb367797a72da6a44511f10ba7449df3e807f7,fe8246a564f45c125c3d30c827ff7a852a514687205a065a6fea33a84b63a833,17210657,2026-08-11T16:48:36.021969+00:00
MAFAULDA,underhang/cage_fault/35g/29.4912.csv,617655b50d3da8300111774c40726f7c0ae269a588f3290d8f34cfa76fd3aa05,2de70dc3395afc589e5c8395a9e6c053491a4456f83b143c8dbeca32c3c34f46,17207778,2026-08-11T16:48:36.071969+00:00
MAFAULDA,underhang/cage_fault/35g/30.72.csv,ce6f9ebb36b087fadc40f1881c5961f48e2b8be41eae5d603f828a5a4e44ecbd,17c3f5c1d9e91f3404ae7cba62667117ee1e3ba5d1903c688e5037678f0e32ac,17164978,2026-08-11T16:48:36.122968+00:00
MAFAULDA,underhang/cage_fault/35g/31.5392.csv,52a6f15600ad06992130ec7d8bdffe22c0b404721ecb31f7c86a16e48eda3c89,05a42259688899f915ed2b3bb549572c135948a63610724322659f504b90b1eb,17103325,2026-08-11T16:48:36.172968+00:00
MAFAULDA,underhang/cage_fault/35g/32.5632.csv,e82a296dc0d1401b48d610eeeb718b878c02fd75c9c83e74efbf4799829b9b22,37d2e22c588ef7137221dd49c14103cee550ab4220ad1ca4a95e660c56fbe2a6,17020007,2026-08-11T16:48:36.223968+00:00
MAFAULDA,underhang/cage_fault/35g/33.5872.csv,372b5edb9da2fd47287934c37495a3e60e0392f40f80b057227dfd0bc4315c1f,a651723dcdfd965fbb827d33412d4b3a9efb9e7604e1b0e68529b11fe859b2a6,16896541,2026-08-11T16:48:36.274967+00:00
MAFAULDA,underhang/cage_fault/35g/34.2016.csv,184eeb6fa47776c29129fd72af20f97a1113c3d257df08e4ee62051d2df49ef8,d87cb4a7cd792ed344231dee1242e8cf278691483694f5e5ef51926b555dd079,16820190,2026-08-11T16:48:36.325967+00:00
MAFAULDA,underhang/cage_fault/35g/35.2256.csv,1928326856e76cdcc575883f36a10c1c52007f6673d7011e0911cae7feed5531,a60173ccae4c05f8ee93461790359e85baf27c244b59a9c0f96ca5331ec32076,16726245,2026-08-11T16:48:36.376967+00:00
MAFAULDA,underhang/cage_fault/35g/36.2496.csv,0ae1fc85d32e396556df1d2ab4db65c27c8aa3e381495cd0f5b175b161dc6a00,c0e44b56dc23311e45a764c0ad8ae5796b13ee9a6535a67477269965bd811c06,16642041,2026-08-11T16:48:36.426966+00:00
MAFAULDA,underhang/cage_fault/35g/37.4784.csv,6e46c4121907c990dc3efa64cee7425019ccbdde81b7cad8ff49927edbce490b,6623080e90d20b44b9fc83ee2d2ea1b536989ea59c2eae2a3ed5a9f9ef86d1da,16564823,2026-08-11T16:48:36.476966+00:00
MAFAULDA,underhang/cage_fault/35g/38.5024.csv,7984c8bd1e19370b5d8edd8224c4c65d3d7926c2bd5e78f91dd7dd1527ab87d2,0651587b084e0162c4de54189cc3b6bee719306f79abd600e4bb5390d54f258d,16596194,2026-08-11T16:48:36.527966+00:00
MAFAULDA,underhang/cage_fault/35g/39.5264.csv,7657f1f8fa72f3fdf3def6c37eb382be57cf2f5bd0d0fd77c1569e0d0831884f,e3f0fc69bbf5c3f0f65f73a6c021c0976ae007b3e71e204654b310a2db18c06e,16536600,2026-08-11T16:48:36.577965+00:00
MAFAULDA,underhang/cage_fault/35g/40.5504.csv,d25d7232ff2582a4859c18be3031df59e8ff4bf3f93f14024491cbbb5d7be1ac,175776b935ce471993051f4501c43fd99080be84ff31ff4a360faaa8c2faf65a,16526487,2026-08-11T16:48:36.627965+00:00
MAFAULDA,underhang/cage_fault/35g/41.3696.csv,f21c916b4ab934fb7ff9cbd9915f419e9f8b004eb638825d3af144206f93ffba,86e0f889571dea6db3c31d35e4357e8d4ca7f341a84a3d78b925352ba4c75140,16619742,2026-08-11T16:48:36.677964+00:00
MAFAULDA,underhang/cage_fault/35g/42.3936.csv,1fd35e1504f41925463a688fb7ca721329dec8cdaf9ca380264f8c3114017dd9,696ab7b5e9185b4671d443d09d331a97f28d7c6fc69a881531cd3245288baea1,16680493,2026-08-11T16:48:35.311974+00:00
MAFAULDA,underhang/cage_fault/35g/43.4176.csv,81bcd7177e38ce72b2003c3286059fc4aef695c17bcf56f68defc37a9e933301,2e0d00d3058b0405d41a5371349099dc3c89c450fe50726d252202df0263bf9b,16667299,2026-08-11T16:48:36.728964+00:00
MAFAULDA,underhang/cage_fault/35g/44.6464.csv,1c40c39b838bcd8e7c491a769a3a9e1c9da7c4f9a318cf18e3d5b18294ce1992,4cc8f19baf9be841b9edfbae5075fb99bc402c2db428c0625d6c66dac7b04031,16646991,2026-08-11T16:48:36.779964+00:00
MAFAULDA,underhang/cage_fault/35g/45.4656.csv,d222ffba86ba5ddb133fb2f00271f574be5732f269934a188262197b02f96be1,7d9c263a2136fdaac5a6563d8f6abf9394e2640af1b9788d6c90236773411add,16608858,2026-08-11T16:48:36.829963+00:00
MAFAULDA,underhang/cage_fault/35g/46.4896.csv,75172a9f0437cd3cfbd70f2008797b913dbd31255167cb04359c596e43dbf82f,c28d38dc5a9c1f2c87c36a7bd6590cf59e9ed0705e2e098b74b25a19472a77b6,16597315,2026-08-11T16:48:36.879963+00:00
MAFAULDA,underhang/cage_fault/35g/47.5136.csv,c79357ff350924592f367a7e4f22a148eaf229775773e5dd63b96fe1929126c4,da9eeb53a8012eb4326f0f6f47e906c0ee7330e6c987fffac690722e8b7c17c0,16545882,2026-08-11T16:48:36.929963+00:00
MAFAULDA,underhang/cage_fault/35g/48.7424.csv,8ad1eec47c2947d10fd6d726cea7ace9b3612a0c04b16e8899effda824fbb1ff,d3dad4b15abf380c32fc1b3d7ff77fa78f7853da0a869e66ea45a554fb88f80f,16532256,2026-08-11T16:48:36.979962+00:00
MAFAULDA,underhang/cage_fault/35g/49.7664.csv,4cd3da45eb74ef05f20f0a3c45fb6f779734130ff14435ad4df54f6ff17f7fb9,e0be201b161212b7f34f7bdc90636370b7faa851722feadc1605a1278d459f35,16372000,2026-08-11T16:48:37.029962+00:00
MAFAULDA,underhang/cage_fault/35g/50.5856.csv,8697d51bb22f0abc4e0802437268eb32aa34c77c70e4a2e478d63c24f498d989,1cef4c7d8dae550d9d1e744151184d60356be33afddbef801c8f30701ffe10f4,16215202,2026-08-11T16:48:37.079962+00:00
MAFAULDA,underhang/cage_fault/35g/51.8144.csv,7e6fa156dbe60a97ef18cd2699854dff0ebb6b9820dd0e7dfa0581c6b7dc9f02,42f41441ab818fd562a565c74e5062b40ce3512598a7ffc59fe79f101a2c6f35,16031039,2026-08-11T16:48:37.128961+00:00
MAFAULDA,underhang/cage_fault/35g/53.6576.csv,907ce843e4109f38ca87adccb6b2a435ff1c79011174de2a3829c5e8e8e9c2ee,479b53cfcd3de83d4670a8addd71a4b39775f6646a8aa7ab3e7e4748e5127505,15969746,2026-08-11T16:48:37.178961+00:00
MAFAULDA,underhang/cage_fault/35g/54.6816.csv,f4961ddf4c19616229f1e623343ccfdb03e08d60a345d79c2006ea203723812f,20f728992914afe748521352c6ee699756c26c182d466dbf8a8d98700aeeb61f,16005604,2026-08-11T16:48:37.228961+00:00
MAFAULDA,underhang/cage_fault/35g/56.1152.csv,c378a672f2d2cb80d502da539ceafc9956fee6db99add6fa9ec946186fdce107,e37f2c63a24892f7383f7bde9c0c570fdcf42b927a42d09614fedf60f5841cfc,15703460,2026-08-11T16:48:37.277960+00:00
MAFAULDA,underhang/cage_fault/35g/56.5248.csv,e881881d5aafb672726a3a1fd4d769bdb5a3cc6e433963148240d54efdf73b4d,9eddd8200792813265e4b6d204aeeb8a0831a3aac682c2cc8c8dc485c95e46af,15974792,2026-08-11T16:48:37.326960+00:00
MAFAULDA,underhang/cage_fault/6g/12.9024.csv,04f4a0058e1bf286574f0429659c4c25bdfdf7874208c0d1336f104796159226,996555e0ff20be813db75b28f31b52cd0912c9d62b134d6ebfb2d675be757c3e,17676584,2026-08-11T16:48:37.478959+00:00
MAFAULDA,underhang/cage_fault/6g/14.336.csv,8126e2813e79a58d918eceb68f52557c3c51ce1a7e3a9a46fb8f4f94b9613061,c8f4ed9d5e84e46d2f8b4e9e7316adf31f459f234cdda0b6c0e0e602b560f0e4,17567390,2026-08-11T16:48:37.529958+00:00
MAFAULDA,underhang/cage_fault/6g/15.5648.csv,bee3227260c9b721efc55db50700aa4fba3f879e49be77f24df0f9a06b771bc4,00e7cd1b172a98e89e2f303c672b23f1f8831de1c4b24c96865dd6a56fe7ce96,17630592,2026-08-11T16:48:37.581958+00:00
MAFAULDA,underhang/cage_fault/6g/16.1792.csv,85f0855501828f94480af1c7bc44d88cc17ea2d06d982a810ab4c5218f50354c,69bd57ed17541db120018d6da04a6d98beebc603f965c622e39df75b24dab289,17601482,2026-08-11T16:48:37.632958+00:00
MAFAULDA,underhang/cage_fault/6g/17.408.csv,c0b0c382d9b269a1fda0be06db7bcdeab2ae8e539374cf8a4dd30f5acad117c9,092f9169cf7c94e6c18023f7d8b53d9dec596db97396863b732e7d2f8146c29b,17440752,2026-08-11T16:48:37.683957+00:00
MAFAULDA,underhang/cage_fault/6g/18.6368.csv,7ac16f329d706c52fea44b8f65d69680a18e4a1549cc7e157b4380ff7e506b8c,76e76e880dd62fcbc1fd102150e5f0f5e1710b866a8687f23cf4bdf9a7e8a930,17460533,2026-08-11T16:48:37.733957+00:00
MAFAULDA,underhang/cage_fault/6g/19.456.csv,578b1c4c48b398a43ddf4ad2b6e9770934e746e4dcf63f41aa4f2583b772c8ce,f0aaa7fa13f679e2997a153b243d0ecc35e968389a2ec6a7228c7bd4fd398f24,17485781,2026-08-11T16:48:37.784956+00:00
MAFAULDA,underhang/cage_fault/6g/20.2752.csv,62181d9f7e41202963ceada3bbbcd7a5acbd2bef13020738173815155c06c08e,b9a1001a5dd13ecb7cd14deff155fe16a5bcd569821c7a34ab1b0a57619030a6,17328981,2026-08-11T16:48:37.834956+00:00
MAFAULDA,underhang/cage_fault/6g/21.7088.csv,579dac8ce862dfc7bc336c5c7972b56e2d7c6fc1c743aea817b4327381d72b97,94d873c429983d3954b746ac47d3f74775f6d96751e91a2bcea9b6eeae7a1c88,17518942,2026-08-11T16:48:37.885956+00:00
MAFAULDA,underhang/cage_fault/6g/22.528.csv,6a9f208d5f8af9c37a3ea94b76e233dde4a513634d44a71f695ef61ffa24c573,c3bb890b7a7cf3b31ca8cb2cda23244e99828003db9d01c277473e09372d53f7,17449054,2026-08-11T16:48:37.377959+00:00
MAFAULDA,underhang/cage_fault/6g/23.7568.csv,56bd0e123f025ffed1ab170233cbf4e126b4bf20f0d0db3433dc82cbf9cdd57c,99a2372e722b289b9626f6f271b3a510731b791fed973fac04050649dd1ecaa5,17450745,2026-08-11T16:48:37.935956+00:00
MAFAULDA,underhang/cage_fault/6g/24.3712.csv,b606eec5c7e91758b19151349819fb64fdfbd0ccd8a8a4e69dd3e01bc1465a37,e4a4dd72a1f02268a569a0d82bd219dc0e2a5ff610cd08f9213cb935ddceba49,17478577,2026-08-11T16:48:37.986955+00:00
MAFAULDA,underhang/cage_fault/6g/25.8048.csv,6650b8860e00631203de854217c817b57743602344dcbdf297bbe428aa3b44d3,6a7941ecc25d0238db55bfc3d5c51ba89a6a608614155aa703bda9d45979fe4a,17503799,2026-08-11T16:48:38.036955+00:00
MAFAULDA,underhang/cage_fault/6g/26.624.csv,4a5f9b183c40bdf0ac934d8c7f6029a12e183bf2eda5e072692cac688f4ef860,a76149b08c0ead979e652a2a57622e5b567bbdd6c570378045a453981eff41ba,17527588,2026-08-11T16:48:38.085954+00:00
MAFAULDA,underhang/cage_fault/6g/27.4432.csv,dcbe5b6a57b2fd1d979800990be82e0955a83187df5cb7dbeccd28160033d35b,75c2c5fd4dc2a3f3f3cef64b45a1635e58049c140726d09c39de0234be0652e8,17376875,2026-08-11T16:48:38.133954+00:00
MAFAULDA,underhang/cage_fault/6g/28.4672.csv,fac446b094448747cfcb1b96dec37e4836e7b3cddb313cb07496946bdbae9640,674b87aecb811144433edd08a9249f16d177bf44330158a09de8b7bf0d2f3fc8,17471246,2026-08-11T16:48:38.183954+00:00
MAFAULDA,underhang/cage_fault/6g/29.696.csv,3b3df471655859dc3b6e95597a7b0c10d10ac821988736f6e5b7360cf5be3bc5,f2353f554548148966aaa72778ec7c96b52bb4444588fed1fb2fddb24c1f1e97,17453246,2026-08-11T16:48:38.231953+00:00
MAFAULDA,underhang/cage_fault/6g/30.72.csv,43bb281ed296dadfd6b1a120b0a6ad6b9d3237bd973ab90a14c4c45f721edecd,1964924914d7b44b49448ac0e3254ce6c527a739ffd7e0a89dba4aa8bee2e4f6,17451319,2026-08-11T16:48:38.281953+00:00
MAFAULDA,underhang/cage_fault/6g/31.5392.csv,a1351b3e7215557547a0c9582f7a9c42d629b7f291d60117a3856870abb4e995,0ad8b8cb6ea66ac5e3d2a9fca2ef90253fcfa1817d7c4c594f54c601ea7f64ee,17515096,2026-08-11T16:48:38.330953+00:00
MAFAULDA,underhang/cage_fault/6g/32.768.csv,a8af2f59bb66e56b1bf7f521169b5b02ba1dd13dca7606cd32e60bf47ef3b5cf,9953d90cc5e553132911288cee59e167496a4058b391453935477c536224b7f6,17474224,2026-08-11T16:48:38.380952+00:00
MAFAULDA,underhang/cage_fault/6g/33.5872.csv,2243eb124022a8bbb40f562b4765341ed930cb251bc615bfde8e1e947f3f7825,331deed78b9f170e80d19dbe1dfbf6a6d2e1e2d1723394b3da679e1ffe7bb0bd,17479314,2026-08-11T16:48:38.430952+00:00
MAFAULDA,underhang/cage_fault/6g/35.0208.csv,2408472507dca896414923ce29782b62fa7b1a67f546f405340cef7c11ae0daa,1d5176e8b9e3c4513471c4158e92bbde658ee5f9dd767ca78f2c55331506bb69,17436628,2026-08-11T16:48:38.479951+00:00
MAFAULDA,underhang/cage_fault/6g/36.0448.csv,6a37c49dad969d533ddb1acbdd8c22b8abf4a15ad5b9714bcdde96f4cf3c7055,b0ca3e50959b15b3fc4de54f8b68bb772ca86f3232cbc657f7ba779257d22c11,17406212,2026-08-11T16:48:38.528951+00:00
MAFAULDA,underhang/cage_fault/6g/36.864.csv,74d7ef1ff97b020b5932d46779c63b9eb67c943d6ee65fc14eca0d09e7903bb9,1f87e05914ac72190f7c3ef284432eebd3a23f4447273c5a102bf3f95ad526d6,17395517,2026-08-11T16:48:38.576951+00:00
MAFAULDA,underhang/cage_fault/6g/37.4784.csv,d95209eb33382ad05d1e4e05b161541e0e180d4cfdedd6645a01e4e6cb73bcfe,15641244ccf88c29cb46ff70b0fae5f5849495b44ef55fd3597dabcc891e7634,17380996,2026-08-11T16:48:38.624950+00:00
MAFAULDA,underhang/cage_fault/6g/38.5024.csv,35a8b712d13a9f088f98a8738609dedd0590c9e7ea6fe6fe1cba35f2577ac608,b1cd98d8b539849e1c2b1c6e89ce0269f460c767fc5d27c204ba62cea3af0ead,17374589,2026-08-11T16:48:38.673950+00:00
MAFAULDA,underhang/cage_fault/6g/40.3456.csv,458af9f40344e9a7c904bdb3aaab638ddfdad999a13ba39dfe7c92ad1e983165,c87ebf32e76b07c119bafe0a84109dd20a3e2cb2aebf5b3c94d85f86917e1048,17304769,2026-08-11T16:48:38.721950+00:00
MAFAULDA,underhang/cage_fault/6g/41.3696.csv,1dd6c6d229ec28b8158e3bf5f094a2a68650139079316fdae94c68bb8d112678,1041ab5a206707c5b4f9d17b211bf3bdce51e0fbe8fbf14d48a527f5d002a003,17304636,2026-08-11T16:48:38.770949+00:00
MAFAULDA,underhang/cage_fault/6g/42.3936.csv,53c0f6c559b36e9808e257f858d7db9dd70232e011fe78701cceaf975ac800ba,6146dd2c76970c141ef26ef9884396501a942732e0ad8bec0990b18ae6228ed6,17322526,2026-08-11T16:48:37.427959+00:00
MAFAULDA,underhang/cage_fault/6g/43.4176.csv,45561c374420909c38077b210e816b57fbf86f198428e4661c8b41df26330171,df339b67c4c26f32214662e0c137887b507c1279bc4fa18d8fba99f914a1b4ba,17279949,2026-08-11T16:48:38.819949+00:00
MAFAULDA,underhang/cage_fault/6g/44.4416.csv,4adfedcc91f7218af019ec0c54ac67c0ab00b8b04d816fec3a4ebf3bb91a6749,74fe0d5c5933dbb585de7a2d7b220bdedacb307116fe23f2226f130757e8b5a9,17264876,2026-08-11T16:48:38.868949+00:00
MAFAULDA,underhang/cage_fault/6g/45.4656.csv,1bea75ed195fbdc913c30d411289dd329da4b3abb9f11c27f614142bd9d1d67b,d37e98d93aefe143df5e44e0a4a4a67fb50ea52bc1d5e5aa096dce821693da81,17244741,2026-08-11T16:48:38.918948+00:00
MAFAULDA,underhang/cage_fault/6g/46.4896.csv,abdef4862f4625e75bd17c78812077d3c6b8be43194c963796b1fafe240b5321,3526f83a6c332dc1014335236b199f8bd85b6ebe74632962bf7bf6915af350fa,17170457,2026-08-11T16:48:38.966948+00:00
MAFAULDA,underhang/cage_fault/6g/47.5136.csv,7b6c6708e317fa25ae5333d7f035678c3011225a2cf142337594ee077e9c48da,d7002c658783ebc4eceaddee60c37e63260328cb1404ea7a24cdd2468338b207,17120308,2026-08-11T16:48:39.015948+00:00
MAFAULDA,underhang/cage_fault/6g/48.5376.csv,f4ada7178a7e3233e3beeb48164f85bbae4c299a5d7ccdef1f5c690272ce12ff,093267fee196cbe0273986f16768f84e6d42ed224d4897e87f59d629cb923319,17115557,2026-08-11T16:48:39.064947+00:00
MAFAULDA,underhang/cage_fault/6g/49.7664.csv,b0bc60a7f8bd7a7f8f1c645f7a65dfb144eb97d39b4f0d2a3995a32be62c052e,205e15f3c6e0eaa39974f032b9ce156aa6e90f62db3621d264621b0ffac97f33,17173111,2026-08-11T16:48:39.112947+00:00
MAFAULDA,underhang/cage_fault/6g/50.7904.csv,4849bca09ae1ca5a98f0401d6cc7e2b7fdd9d9f7401ca05c23ca67d8ae07c3ea,abe8e10920bc94bb168fe1cbf2ef89e5df03b2f9c957ce266e48b1b09ce4bb77,17159001,2026-08-11T16:48:39.161947+00:00
MAFAULDA,underhang/cage_fault/6g/51.6096.csv,f9e41846c9e59afe07a08b851ee74d1d29d7029a1cd9e06bab9b224acb1e94bb,6d38bf4609e7c8637be47112ca4f497f3c705c19e4be07ae3bbe180850a34b92,17033924,2026-08-11T16:48:39.209946+00:00
MAFAULDA,underhang/cage_fault/6g/52.8384.csv,111fac75ac3a05252b4947b609f42d884ed21a04079dc93f590f65ba6ba83832,6a4316d910c1500b11c0a944def6595bced30446085a2648c58965e6dcc20842,17095597,2026-08-11T16:48:39.264946+00:00
MAFAULDA,underhang/cage_fault/6g/53.6576.csv,65ca238322e6ac6dd1efbff1f803c75b0565ecf9b0812b2e13d2bfa57e722dba,e4dea526644458c7aece0b088db1c4aa7eae45981d1d47fbfc45ef20fa04c6c3,17118798,2026-08-11T16:48:39.313946+00:00
MAFAULDA,underhang/cage_fault/6g/54.6816.csv,33c0ea0811f06d958584248c724df1852bf07b087df3225ea45dcd54b40eae72,6d11501d8433fc77c029aaa70e3317c7266fd9588d44791a7703f4f55db65f4f,17134249,2026-08-11T16:48:39.362945+00:00
MAFAULDA,underhang/cage_fault/6g/56.1152.csv,dd45b47e9c86fcabf7e64fb46127d4be9452e6cfd874901f134126bbfeab0c39,e81ff91c526e4fd7ed81d2f54f0ee63862c470b946af1bface6f44604570e3d8,17136475,2026-08-11T16:48:39.412945+00:00
MAFAULDA,underhang/cage_fault/6g/57.1392.csv,1ed685fc1d24cb628e39ebedec0a301d264a9164466acfc5fe0a0763984db4e1,94defb2d562c5499a3ffa2257398cb860a1739df24539919e1bee18c436e1563,17122239,2026-08-11T16:48:39.460944+00:00
MAFAULDA,underhang/cage_fault/6g/57.7536.csv,1fc53588640b60b086b99c05141f03e06d64dd016add91a3ad6be29d1cea64ae,74c78504a836e30c392ee4a9291f18b30aa01e61e1a3171cb22d59c6c01104b3,17118502,2026-08-11T16:48:39.509944+00:00
MAFAULDA,underhang/cage_fault/6g/58.9824.csv,838e4f81d3cd2bc4a01609993a1770749434f1e59668d56156f851ac53f444f3,53f707a1219610381af95b4c11115be2dec6d7fa1345ea45bb22ecf1f964b296,17076809,2026-08-11T16:48:39.557944+00:00
MAFAULDA,underhang/cage_fault/6g/60.2112.csv,65b0e74d07c52c23dcd2d2ac4bd756219deedb1424a8e6ec0ea14f7da3101341,0cf9e9a6090bec9aa26c881b594b7926c4de212e781ca2875aae2c55a4b7c5ef,17034127,2026-08-11T16:48:39.606943+00:00
MAFAULDA,underhang/cage_fault/6g/61.0304.csv,672d0a22093fb92d349624f057749ab2584a03fa58c9d50d3ba1c69069e82e9a,0daf73c1fd8d10e642360153b4a1bec06957cec040b8599a91b43c479d22177b,17055069,2026-08-11T16:48:39.655943+00:00
MAFAULDA,underhang/cage_fault/6g/62.0544.csv,b8d38e1594702bec2e9e7b0657acde2855ed699a2d54962be9530464d3c2eb8c,0df3995a070a564746c9d6578e4c6e3ef8713fed4a4914ecb58918e4de203f82,16908704,2026-08-11T16:48:39.704943+00:00
MAFAULDA,underhang/outer_race/0g/13.5168.csv,ac4e9be6d0c62252e3bbc5e62db4e63d087663bc01fef902014f0ebc6c09e4f3,ad7c1fb4bf0b5b8c21ba3f8c22d92289e843142628ff4dc8db485d41c7a6e203,17543290,2026-08-11T16:48:39.852942+00:00
MAFAULDA,underhang/outer_race/0g/14.7456.csv,1d59f326c054fb5a8fc6660d6810d9c4aebf1897c926dfefbf2f75d2f7dd2e6e,ed220f0150535e1d45bcc994287129244ef686ce8c39ecfad961a04d29a1bd4e,17449130,2026-08-11T16:48:39.907941+00:00
MAFAULDA,underhang/outer_race/0g/15.5648.csv,3399641f49bb1ab12776bde8a00ff7316b6b2c47f1972170898d86f6170516a1,1252ea855367e6541799d91d7151901b6ecf15f58bd096cb6098fc2b9a3ba854,17558252,2026-08-11T16:48:39.957941+00:00
MAFAULDA,underhang/outer_race/0g/16.384.csv,0f2a492f8a6ea9982661dd5a2b6389c16a9eb9e18c9fcf9902af293dee9f6724,576db3dbab43c307987c964a08626eb82acd1e839682251a8ab12d690130b590,17511472,2026-08-11T16:48:40.008940+00:00
MAFAULDA,underhang/outer_race/0g/17.6128.csv,6d75f4fe739bde06aba6718b16d18fa2110fb5ba9fccbcbb2ead4fa0036b9419,9b33dfb75b6691bf181695ce8688bc859102f638c62020b905091f445916bf78,17428651,2026-08-11T16:48:40.058940+00:00
MAFAULDA,underhang/outer_race/0g/18.6368.csv,9519133e1e4dcd42ad506dfbe14de4626e84868d05ce2b8662789f0ab412eaf4,8e6ff9fed3b77307bca3a88eef6b8f0b76e4bca8cdc75e8cc1bf7c072c69ca37,17343611,2026-08-11T16:48:40.109940+00:00
MAFAULDA,underhang/outer_race/0g/19.6608.csv,3000c8f065c3c0847626f4833bba6f78a12579fead5c6ac298ef498bd5ce9a8f,e532d3819142dfc1501f06bc53332b8884f3ca37ab79aa09436e7b5b913c18a0,17373228,2026-08-11T16:48:40.160939+00:00
MAFAULDA,underhang/outer_race/0g/20.6848.csv,a2780f74a76ed3484b8c7bb225d807080684759085e2f9193bcf34eb8f630fd2,e0d9c9b0ba1c44c0622fe685382942a314d3899dd807e07758f4bb117c6a62bf,17367656,2026-08-11T16:48:40.211939+00:00
MAFAULDA,underhang/outer_race/0g/21.504.csv,052d6f0655c48782d4ef321f196ec4fa6db763c70ec7b5444de59ca0962df8eb,1f99f87b253eeb7f9990043fcbeb145da88664d03345e768af1d3676dac082c8,17365708,2026-08-11T16:48:40.261939+00:00
MAFAULDA,underhang/outer_race/0g/22.528.csv,f0efc11ec07e8e01cfdf279c73dc9c4ff19a4eee41157189991a0ad219c4a9f9,8e7e07d300f2c457608b04c2fe0543516606c69f1dd2d7f8f472b251a79ee424,17348781,2026-08-11T16:48:39.753942+00:00
MAFAULDA,underhang/outer_race/0g/23.7568.csv,baa629f2ab87adbce75c2af34b9e2d2c27ce1dfc48819b6e9cd012ed82d6aac5,410a8c6e0055062c0b9543fad7407891da50aaaa70e424f3eb030fe33e0476fb,17309811,2026-08-11T16:48:40.311938+00:00
MAFAULDA,underhang/outer_race/0g/24.576.csv,2e724e48a0d9c277fe656a15f3ee40b32c13ea5c5240c2229b2a4cd00b7a70cc,c089f95f6435f9d5b6646bd7cdee5a1514006012db4c3085906bb36db2ddab81,17323823,2026-08-11T16:48:40.361938+00:00
MAFAULDA,underhang/outer_race/0g/25.6.csv,23dc43745e7d841193fd99bb1e6545bc70eaaed3ce00cccfd6821e5841cdaf36,317676a0b43bb91ed9e85d7483bf221d037f38adec56ed6f712a408222ef3004,17295929,2026-08-11T16:48:40.411937+00:00
MAFAULDA,underhang/outer_race/0g/26.624.csv,40bcf1444f39f1e794bdb0f066492fb3cfb2754f16b01d5bb43ec2a5b1a5910c,b3d22d677de6db0124ed37e6c60a84159cba47ffcbbbb43f147583175727f173,17280679,2026-08-11T16:48:40.462937+00:00
MAFAULDA,underhang/outer_race/0g/26.8288.csv,5b1e67c946a2f3af8a62bdef3fac477c1b28649ceac6aeb0ae6dda8ce98fb2d6,3188fa8d77ba63dd48fd574313271f5542de2f4ceaa5294641f54930e9127bea,17286150,2026-08-11T16:48:40.510937+00:00
MAFAULDA,underhang/outer_race/0g/28.672.csv,1d90712e0195670b322ec111faae9f74565199b8a5f5b09f4d37e1ade07a8256,71e4cd4283e4226195ff72da367546a3d8cb5864ae8950cee2659910fa125a3b,17241183,2026-08-11T16:48:40.560936+00:00
MAFAULDA,underhang/outer_race/0g/29.4912.csv,25109b0f463cf0dcd8cbbeee1ee2f194533c7e921b5b62ed6c2681d5cf362343,2f7d725c45254057a937b68c45e9ed7dcc136b1ec400f6dc9536f9d7cbc68bfb,17218901,2026-08-11T16:48:40.611936+00:00
MAFAULDA,underhang/outer_race/0g/30.72.csv,e7009f67425ed60b86296001cc8d4c4b9fa88f2cf4f4ea0e5ac082c307c4d194,aa77e07c785ac1c46e2a26c5b690f7eec83880b05a0f16c16b474a9311dd3f94,17177263,2026-08-11T16:48:40.661936+00:00
MAFAULDA,underhang/outer_race/0g/31.3344.csv,41a2c865584369be1ed6c0606b77069a79a214f1e0bc75155c02fd25245fd7ef,09762e2ff8e6159862cd3495bfb0e9bb77b686cb6dc430ad0eb420f51680fa07,17174376,2026-08-11T16:48:40.711935+00:00
MAFAULDA,underhang/outer_race/0g/32.768.csv,74ff03c13a5f8c000fb5cecb788bce541ae6f433590ae386d43dfb2d8bc04725,328ffdac69a01dd06b827776847f79f567dbcccb82d29dcc9bfd9d0935c6490e,17205207,2026-08-11T16:48:40.761935+00:00
MAFAULDA,underhang/outer_race/0g/33.792.csv,38eed6961caa401b54da470f9d54c8fd386e58c898c08d6704de56ce4df9c39a,55e5ef043d88f776bf15d31e9b51f94e637d54d678776250ed1892677c9f4b9b,17192812,2026-08-11T16:48:40.810935+00:00
MAFAULDA,underhang/outer_race/0g/34.816.csv,a2deaddf9343e173ee6d518d50f33df5ce565a0a449ecb027967704ed28ac392,35beccefdd0a3ac1bb5a06fb36132ea26fb61b5f895cf25cf4b3aba1cb0221ff,17155976,2026-08-11T16:48:40.858934+00:00
MAFAULDA,underhang/outer_race/0g/35.4304.csv,99d448870174ee6ce83af8005332e81f32457119f22d035b2d356fe501aac2dc,2e352d2a492d84dc2affe42250f8744f860852930361cccba734cd1572688fc7,17160369,2026-08-11T16:48:40.907934+00:00
MAFAULDA,underhang/outer_race/0g/36.6592.csv,74aa375e9549ed1069fee5aa9d01765006dd441eca7c5636e7718e130e98d509,0f2e454637ced2fe856bd6d8019ed9f8205f65632085b4d5e1d7d2db69783485,17159012,2026-08-11T16:48:40.956933+00:00
MAFAULDA,underhang/outer_race/0g/37.2736.csv,8ef24fe17b29a9b22b30e8af0cdbe3ca27ffdc8e61dc26d0647d6705f820cbc0,09d446fffb4c8b62c92c986c725333933714343eaa4937a937fd1504d46820e1,17154535,2026-08-11T16:48:41.005933+00:00
MAFAULDA,underhang/outer_race/0g/38.7072.csv,c6e0319a5839c8086bbee8b2c8c19962e214f98b264f11dd6f2cdc78cef8029a,74d490d270c161db775ae913c67c54d14ebf6bba34165491fb4c0c4dd1560e27,17103084,2026-08-11T16:48:41.055933+00:00
MAFAULDA,underhang/outer_race/0g/39.5264.csv,d46409254d615b3c9ca5fdb75b480f345d30b13aa2d4ff162d812ebe104e3065,0f6488ee0ea70aa0a2a8b9672cd592ac426e0fe2c3585e4909a42ed04cdc37d6,17080249,2026-08-11T16:48:41.103933+00:00
MAFAULDA,underhang/outer_race/0g/40.7552.csv,6eb4c5bb8c8d94c7ac735012a2253820e268677b06ef26029a1581d7a6acbe10,5ac33c87707cde7e734a446aff0c5696b9af59133b96f782cab51a0916b811e5,17111493,2026-08-11T16:48:41.152932+00:00
MAFAULDA,underhang/outer_race/0g/41.7792.csv,9a18764388a5e39d59ba3c74b9d7bf2928e752866d53f1985793e0ae5aa92e64,24297ee41b3b79b4839df5358653c90a12675a6bc668a8e8be53526c2ef12448,17120721,2026-08-11T16:48:39.801942+00:00
MAFAULDA,underhang/outer_race/0g/43.008.csv,e73243f48f3efc42b7778e40d64f233f98027c4b9f7c83df5f3a193eea98fc41,2aa121271f721b19fbc838b170d1a229a546c992822e69504b648d1a2e3a217d,17094976,2026-08-11T16:48:41.199932+00:00
MAFAULDA,underhang/outer_race/0g/43.8272.csv,5e8e4c3dfc0ab14e7b350c1a2cbcff7fec76b074f6a41eda7dfe4579833bd52e,9c28bb05542d0fa448e37280dbc0c39e5a67768708eff726c1b7aaf43d702f74,17074022,2026-08-11T16:48:41.247931+00:00
MAFAULDA,underhang/outer_race/0g/44.6464.csv,ed56ac0d36e903dd7159f950269d21247e5f2bfc68053cc2daf7a4f749bcfcea,23a4481ba2f33108fab56ac163e7b73cb3fe4193dbf90d4d1f375c23f0a662f1,17057155,2026-08-11T16:48:41.295931+00:00
MAFAULDA,underhang/outer_race/0g/45.6704.csv,d72549698ced4d776e592d66169fe0fd9026a12c4cdcf52c8afc9ddcad2d9c1a,d4ad34a309e538d194068c2a78a30227baf25d017a78d0927d7d3f7f703456fa,17017888,2026-08-11T16:48:41.344931+00:00
MAFAULDA,underhang/outer_race/0g/46.4896.csv,34086f9fac31c9710b2a1171552cde83cf6bf3842bc143e332e33019f23d14a9,8e740f5021abc2a5e92dcad90a0d76897559b613d2e0382b93f34612c9f96211,16985522,2026-08-11T16:48:41.393930+00:00
MAFAULDA,underhang/outer_race/0g/47.9232.csv,2990932a38679cd9337639ec4af431f4ee40daf9a0e89f8931c6b1e8eaeab692,a048f608be9519b17ce2ce80856b19ba62ca73374db6591ce220b4f541dfa582,17069530,2026-08-11T16:48:41.441930+00:00
MAFAULDA,underhang/outer_race/0g/48.5376.csv,f9fc62236feefb11424532f13c334b0b97c41648d2db4cbc603102b051145e51,0b590f594350092081af7b6f791508af46f0fa8b8263618a65f7b90cc7a0f6c2,17023396,2026-08-11T16:48:41.489930+00:00
MAFAULDA,underhang/outer_race/0g/49.7664.csv,696a2936a780d44bd8fccc0ff8be74396af68d8655981a0269ef553175350e92,d911a225b8563a4220bac7090880d54be7440fabdaddc1c6b85591139be91959,16883675,2026-08-11T16:48:41.537929+00:00
MAFAULDA,underhang/outer_race/0g/49.9712.csv,a56795dfec10526475088c2601c6200b8f87a564e5b4e5bc5fb4d84d56bd45ac,86ff33299482fc028051002fa8bc794667d15a4df8b3861d54bdc6ceb4b97154,16862316,2026-08-11T16:48:41.585929+00:00
MAFAULDA,underhang/outer_race/0g/51.4048.csv,c20025dac5af346e7937fce17bb54b98e1e1885c5fecb83e748dbb790d05f3dd,13f13d00c69028453a3a6de74f7a9654db59e1060a5a96c39236a9e37b9f837a,16832339,2026-08-11T16:48:41.634929+00:00
MAFAULDA,underhang/outer_race/0g/52.224.csv,e86679135f68e85dfaf990aae86fffce1c1ec0e95c969e59f5cc0353e6e0a565,fb65f02ec455e5bfc28ef195dad29e9d68136b0915d0d59bb7544706a8e69385,16901249,2026-08-11T16:48:41.682928+00:00
MAFAULDA,underhang/outer_race/0g/53.4528.csv,b42a210e5de4a5c3d9823fd5ee8b28758ecd5b45871254a6495e2b50f7bb6d66,f0784323787d7322d6cefff9362e8d87e9e8b33810294ef8a9a96ceb4dc4e98f,16950437,2026-08-11T16:48:41.729928+00:00
MAFAULDA,underhang/outer_race/0g/54.272.csv,1b7a56d40ea5e59ae30bb411139e677a7014e0e3c43260e4afb2465b18d157ad,9b8ababcd652507df5fb3b1d9c5ddb71aac4021afba5111b7a3e7212babe2bb5,16986801,2026-08-11T16:48:41.778928+00:00
MAFAULDA,underhang/outer_race/0g/55.296.csv,e58375f27e9f23a526e56cca23e07b1836ef04efa25766fdbcee4de32f7e64a7,d51f35be89a6b236b7d0751bd077c2707a2bfec916ba348c4b99028a19bc27d0,17007815,2026-08-11T16:48:41.826927+00:00
MAFAULDA,underhang/outer_race/0g/56.7296.csv,0819f0a8be9a1246bc8a50dc42594c76ecb6e33f5296c783ebce430daed1235d,37dcdbb154a62f70d333d53befbb1e6414499c59459a9e3836ceb09e6ad1a036,17021878,2026-08-11T16:48:41.875927+00:00
MAFAULDA,underhang/outer_race/0g/57.7536.csv,545fa83da710c5dd949eb98eada2a4d1327dd741a92ea214f9f5cae2cc1fec3d,87fa88194386d450f315d6fb60f68bdc32fe2970c77a395df61c91bcaaa7612b,17024031,2026-08-11T16:48:41.924927+00:00
MAFAULDA,underhang/outer_race/0g/58.368.csv,e34836ff7483629bd86c3c9d484a3b134ec32b787dbaf0e3b15e99a29ab091a2,7033dd820319238dc475edccb8dc07e7a7f6eae673bde5367fd4e57c4b255828,17019707,2026-08-11T16:48:41.973926+00:00
MAFAULDA,underhang/outer_race/0g/59.1872.csv,cc0f166db7fdba3f2722556ab34166841c802e9b372c6f7839f15e35ff003a53,ef94d035900207a3c56e85853192b5f0bb5aa7630f6fac240dcf973180505585,17022890,2026-08-11T16:48:42.021926+00:00
MAFAULDA,underhang/outer_race/0g/60.416.csv,f571f9772cab13f22b3d1966a062c4848c17f2dbe45a81522bf6c1f8da0c75aa,b458c02a839a03f2cc54a1fce3cc092be94faaf2199f1a4999ce31f71563563a,16972858,2026-08-11T16:48:42.069926+00:00
MAFAULDA,underhang/outer_race/0g/61.2352.csv,37b710074869f65ca0598c3308b82f616871dd3ad7f6fc24018edfe898f7c1c1,af0602f57cbef6bdbc3e6480d87e927fb26e022af11cfa1b7443f7a0b98a8dad,16959139,2026-08-11T16:48:42.118925+00:00
MAFAULDA,underhang/outer_race/20g/12.9024.csv,407434d7a18406069fe2cfc2c63dc5b1dbfd9d43fa0511dfead60e1f3444b7c7,a776d7335f3b1f73f32b20576107a3d52fac92565999db9b5180d2ee85abba75,17523516,2026-08-11T16:48:42.266924+00:00
MAFAULDA,underhang/outer_race/20g/13.9264.csv,36dd8887ea2860686295ecd9dc5025c0e6855082a0732d61d5261f9a604c8457,cd8e882d2c52891ce86ba5729fe105c898ecee76e99f7d8489d4c5ce5018fca6,17504792,2026-08-11T16:48:42.315924+00:00
MAFAULDA,underhang/outer_race/20g/15.9744.csv,876a20c9e53a8aa336ad17b0b75da244562a0279108a9d09bf65da98cbc64f79,9cb3b50587cd0ea2f379986f4bdb894debca9f275adfa2602a2f16b44fe0e0a9,17404117,2026-08-11T16:48:42.365923+00:00
MAFAULDA,underhang/outer_race/20g/16.384.csv,4ad3f4e4a1818f1873bcc6678cd5256a4079af953dfe49af984d764d9d4260bc,8f406258a80c1a64b90d19ed6e80d28d216a2367ce1184e63e91243bacd65629,17467463,2026-08-11T16:48:42.414923+00:00
MAFAULDA,underhang/outer_race/20g/16.9984.csv,25575f41d4e426420584c9a318241b88f87703f853c0d4a99db47deb34d28272,1ff7f96a4d77db1190394ba931d3966b743959c33f1c09d8c8076aae1f3b3b6a,17250315,2026-08-11T16:48:42.462923+00:00
MAFAULDA,underhang/outer_race/20g/18.2272.csv,7145ad216ad29cda1507746d08efa28a09b2307fb387086eb55d289f28021afa,de405c6393d661da0f0625b57a476bc15f32a4342710766ccb0a07c04515a214,17218910,2026-08-11T16:48:42.512922+00:00
MAFAULDA,underhang/outer_race/20g/19.456.csv,818e645f1fd2206555c0e5903932bf197115b95d1162220ca57853bb9c41a0e6,989204a054fe6370e42ba557d277ee8d64ea1a3f9bcbe0000f5c13ca0602af96,17221198,2026-08-11T16:48:42.560922+00:00
MAFAULDA,underhang/outer_race/20g/20.2752.csv,ee65219e5018f1a3f9de97874e143865e9954ce76fee044c9fa3b2b36ac3fb1a,f7005f47efe39494a17c5fe09653846368a05f97f34178ea3d78ef6d98fb9053,17123231,2026-08-11T16:48:42.608922+00:00
MAFAULDA,underhang/outer_race/20g/21.0944.csv,9f16431769687b26a92a3d41f80120186b2c43337805aaec447665935524dcf4,8eaa0304dc940c4454d122bc0abbad61ecb19bd7ac965032c1db2927cad37c3e,17215698,2026-08-11T16:48:42.657921+00:00
MAFAULDA,underhang/outer_race/20g/22.3232.csv,805f5f30ed9908e5f0767366764d42cb30fe95a5ea628d19bd081064b1f27ac6,0687cb203210b3a0eb19e1936335adb57714e3c3fffc737304ee81dc49dbdbde,17230799,2026-08-11T16:48:42.166925+00:00
MAFAULDA,underhang/outer_race/20g/23.1424.csv,32c9b52f7b5042f6a3566d41774d96870e3b3714db19f10150ede54475636cbb,66f6dac1e8af63d9dc22f84aa3aba53da47af4d2723a8cc2487c287d1f40d422,17231157,2026-08-11T16:48:42.705921+00:00
MAFAULDA,underhang/outer_race/20g/24.3712.csv,191167935640fbceefb6b0f92eede4de15a29c90f482af36681e1bf5a8e0eded,060c7cfa431ff970759c73cd5cd800eec09224f6d8ee7a2b8a727e4f793493e6,17176974,2026-08-11T16:48:42.755921+00:00
MAFAULDA,underhang/outer_race/20g/25.8048.csv,767d7b9e88bd1f2f1b4634a4ba9fbf2983b23b2a7b35943af43f3ee1dc58133f,9463750126780b45dfecb9ea956c784a5c3f12f0941d84dae7e85f3bcb79e455,17171510,2026-08-11T16:48:42.803920+00:00
MAFAULDA,underhang/outer_race/20g/26.624.csv,0fba8e8a16b03a6ee8b3f10c51f450b51b123288a0997ae126f27338d9f84228,4c65fc0432c36f21607f5a9da2e9137ba5f28545dfa478eb82adce3ecabeef4c,17031642,2026-08-11T16:48:42.852920+00:00
MAFAULDA,underhang/outer_race/20g/28.0576.csv,f6cc9fef95d208200668aa7d91f989986109acf034683ddb7b23ee2f149c4a10,665911855359b506d969d0b83692708fe256a7365fbf28c9cd78ca1b6b6528aa,17112369,2026-08-11T16:48:42.902920+00:00
MAFAULDA,underhang/outer_race/20g/28.4672.csv,8a2578d48e1aeacb040876b55bb90af6ef3fd1c1446d10a3bc8adb4ebe615007,5e3667e9f3098f5fc4cb831987dcadfbb314798fcf4564fb4c9f7d17c712af1e,17137838,2026-08-11T16:48:42.951919+00:00
MAFAULDA,underhang/outer_race/20g/29.4912.csv,e327f5c9bbca12f7b64fde0910dc906407325e8566ccc8af27fd1331cf83fb47,53cc6902d8d9ca8e1df91d3455d58f01f01aff75d6aa8d84859d0698ab5854a9,17176769,2026-08-11T16:48:43.001919+00:00
MAFAULDA,underhang/outer_race/20g/30.72.csv,41629a89a91196237193b47eff678e41d1e8fa5b5ee3be2941f687294b2e03cf,76ee0aeff16f3496255188b2ace53b5cfbe981a834f498ece8c7a05b8ed360e2,17124831,2026-08-11T16:48:43.051919+00:00
MAFAULDA,underhang/outer_race/20g/31.9488.csv,42560bb55dd3943d0cce3e8ccfc83df8b2aae49e15480010089cbe774e0a7b47,81380c912dc9d3abe150220234b8cc6760bbfc6ae529a04773256d4b6c10a4d1,17103173,2026-08-11T16:48:43.101918+00:00
MAFAULDA,underhang/outer_race/20g/32.3584.csv,f920622e65d9a5061529e28b353916688e7c2f991601fc3c0b9ccd7506e25cba,4abc37ba7074b6823061fa0784696aef18e557c8848ffa0665808de986198fef,17119597,2026-08-11T16:48:43.151918+00:00
MAFAULDA,underhang/outer_race/20g/33.1776.csv,d8c7caf6a393389feb8a7e5f9445dc33376c0f67f5a8b4d0c157aa8e089de95e,b26de46cc1b9d68f0be8851595a5524656c017c473516fedd156748cf78dd441,17120955,2026-08-11T16:48:43.201917+00:00
MAFAULDA,underhang/outer_race/20g/34.2016.csv,c9d22f1169cf608b4f1404be98eeb83fb991b03394ddc172f9396ff76f053338,362f2d1e73f5444f1915832be176280e69091684e3ddd1f14221001864d867d5,17002122,2026-08-11T16:48:43.251917+00:00
MAFAULDA,underhang/outer_race/20g/35.0208.csv,10d997ab10a91566e98ff40998d4a8c0dc0f3228e76f055fd0ffa9df460ab49b,e75b156521637d08659eb31946e20cfb6e825141683a60e174f5d724acadeee4,16972635,2026-08-11T16:48:43.300917+00:00
MAFAULDA,underhang/outer_race/20g/36.6592.csv,70708485e671b186ed76587fbd76e721d8c5b7f9ae26448e3528128c2d60e897,0b85fc1dd4db3e3d9d0e6ea9fa31aae53d8fde88b88f28c6d5d836dd936feab4,16561106,2026-08-11T16:48:43.350916+00:00
MAFAULDA,underhang/outer_race/20g/37.888.csv,ad4f52ca82d205105176b7365d8d14965d87cb01b44c2b97c52519ea730d7eb8,4ec5cd65ef62e7c1d8278118080dec18d0274c48d909ed1f7c962c019e64ee4e,16474194,2026-08-11T16:48:43.400916+00:00
MAFAULDA,underhang/outer_race/20g/38.2976.csv,cead239b1676af3dd74c6ce05635ad97fbbd0457dd511e88ff216dc5640e6a30,65cc71366b50cc52d4ba67c07da6a729952fb026b658cdb5e8b153915cb14ac6,16460926,2026-08-11T16:48:43.450916+00:00
MAFAULDA,underhang/outer_race/20g/39.1168.csv,68a5cabc59d914735be593207bc917718b20c4d4e62ee56be312ec3bf2ea1df0,bd9f31beb5ff3ceb0a9858129daf2f884603ef6fbd0dd6f3ba3ffbc49fc481ab,16444716,2026-08-11T16:48:43.501915+00:00
MAFAULDA,underhang/outer_race/20g/40.3456.csv,77f72e2949277c711679cb2214d857027683a4428547dfdc429681e2f33a4251,fc5a4e125ed0ff9a7d85b91b2f089817cb70a9b902cb61a9e51cf7266286f768,16422728,2026-08-11T16:48:43.551915+00:00
MAFAULDA,underhang/outer_race/20g/41.3696.csv,f7dd2889f33a239dbe0f80fee049ca95b9c8103b1d341555595a639ce2a0c461,901b57a1780ee22adc5f1863b0f0a58d952b7796ad8dd2cf43957bafa733b963,16451226,2026-08-11T16:48:42.215925+00:00
MAFAULDA,underhang/outer_race/20g/42.3936.csv,03dc930a8eb3d4202b0af130ede737d8aaeab4774cac10217b43dd36b7e4ef46,2be98e1bdd4e62c3a4343b5fbb54b40ed3e0635f8d95c231162b91721ea071e5,16451961,2026-08-11T16:48:43.601914+00:00
MAFAULDA,underhang/outer_race/20g/43.6224.csv,ee6633498482002a369da25e232a35417fe4a7a8de17255b60f65336d4f596b2,df5a79e8c018fad6feebfe2559d436c2790c9e9a2d0b0be45c7c4e2c1ddcb8c7,16462835,2026-08-11T16:48:43.651914+00:00
MAFAULDA,underhang/outer_race/20g/44.4416.csv,8cf2d67b1cace563e788d841c1e85d79431a5c19e27223637898e2991261c36b,32345fa312056c3042aa2cb9566ce1fa2190366bc9fe563ace369d09862aa054,16470319,2026-08-11T16:48:43.701914+00:00
MAFAULDA,underhang/outer_race/20g/45.6704.csv,5dc7a48adc2102113ff8bd4618f033e6d9d023e226fba4f20a5423c078ae980f,7134b3855640abc2f6130179295c003490174bf33102ac0dda12906d3f4ca2f5,16455721,2026-08-11T16:48:43.752913+00:00
MAFAULDA,underhang/outer_race/20g/46.8992.csv,621ec3237713e42621f44b95a288a81c407a03ce42cc5f7fb86f26813d9c911c,9fc7d2423ce22c0cf35603585e1acbe5425a1d89eac88f8c461b864c7d636797,16424569,2026-08-11T16:48:43.802913+00:00
MAFAULDA,underhang/outer_race/20g/47.3088.csv,2efe5e088476f171e0dae8e064dfef726e6c205722db765e7d9c2bbbe157913d,6015d8848bc6ad1783b2947e06b5d9562da8782b46a67c84a70fd0f02bd6e15b,16394250,2026-08-11T16:48:43.852913+00:00
MAFAULDA,underhang/outer_race/20g/48.3328.csv,813a71114fa0e700f49ef326519afd889e44982ad805b6f9558eed48727fce9b,86f51b98e80439cea7f19939bc230d0ea5718b5b1a73594e50cf2a4474d9e44b,16394041,2026-08-11T16:48:43.903912+00:00
MAFAULDA,underhang/outer_race/20g/49.3568.csv,9e72ccb14bb3bc94e52bd837de951317bd3822a91099d28997bacfe186ff1652,5c8271d33f44452f9f3a5789a0edb76c98bc608021270348c52ad9483e439ca1,16346392,2026-08-11T16:48:43.953912+00:00
MAFAULDA,underhang/outer_race/20g/50.5856.csv,e2ad79d58e6ef22e49c28dd095aaefbc88bbc8fbd9e4ca6e3c571daca24fadd5,430153fd8d2687199e83c17b0b7f9ebcee2507ee367810c7952b87e3f3b93b72,16343642,2026-08-11T16:48:44.002912+00:00
MAFAULDA,underhang/outer_race/20g/51.2.csv,05d59ae4fd9eb4a5050c1158013ea4e71ee1ca6501d83bdb2b19710f85c149b7,bd60193538d18f04a2572b0481f7fcf227db840039904f6fb227683156523ddd,16322883,2026-08-11T16:48:44.052911+00:00
MAFAULDA,underhang/outer_race/20g/52.224.csv,f47aa725850ff56e8c67b4fcbd25d9af03fedfc11d3ccdc7d9d33cc7d2fc2d22,31b9bf787e680c584b3d3a0a75e3e754df6354d34cd4583922d6c8a4726c5991,16300643,2026-08-11T16:48:44.102911+00:00
MAFAULDA,underhang/outer_race/20g/53.4528.csv,99be0881c4eeca6afd431e09cc6e54a41a8941d4fb4ba24b296aff98391b82b6,69a69ac810db7c2f303977f7cb1e67d81aafe36d8ed641388c9fa46c97e73884,16256101,2026-08-11T16:48:44.153910+00:00
MAFAULDA,underhang/outer_race/20g/54.0672.csv,a59f08e34b36120707ade84251d28e0ded4ba7f5ebefd87cc8f04fcd409e2588,144f1a7570384ba31aecee536c1ce7746c94eb8a574f9c9316a80a4f82f11ac5,16244237,2026-08-11T16:48:44.204910+00:00
MAFAULDA,underhang/outer_race/20g/55.296.csv,eea3fc884892ec7fe3e109373aed1a0222ac29651b6227602de0c2d4c49b2ba2,45cf231d07b1834a9f8ceb0e08001681324449502c59a35dd8262474a945186e,16228878,2026-08-11T16:48:44.254910+00:00
MAFAULDA,underhang/outer_race/20g/56.7296.csv,f5950b8f95406c13bfa98897dd053dd9d06d4fe03af670d087b0104332345daa,94f3a6342df77253ec96c23cbdad7cd5cce2b63444094b398b4d76faa61b47a5,16202112,2026-08-11T16:48:44.305909+00:00
MAFAULDA,underhang/outer_race/20g/57.5488.csv,4f989885ea1d5e8c8dd095a9da36d9595503e4aae5b62f1708aadd58663246a6,fdca82a56f744cd7506070d3631e80876f827da2e849dbac6ba46168d2c023cd,16192344,2026-08-11T16:48:44.356909+00:00
MAFAULDA,underhang/outer_race/20g/58.5728.csv,c225654e49e5f6ef7d47e3d29b282de9c631b826eac4fc329efd7d56711c6ed1,845027b5f157fd26b235c580214db566a25e9d8d75fd8b4217b2a0e8bcd3a9c4,16192803,2026-08-11T16:48:44.407909+00:00
MAFAULDA,underhang/outer_race/20g/59.392.csv,6f453dc4f020654fb567c3d3524f0b1425610b775960e7dc831c9a997e36768a,0d6f21e8ef0536dd5bd9d780b7011497ec933634351f1544298c22cdbeabf182,16194078,2026-08-11T16:48:44.458908+00:00
MAFAULDA,underhang/outer_race/20g/60.6208.csv,90fdfdadf7e66c76e883a8a7bdbf519c366e55780d02f9f612a6d7f79c1279f8,3cacdb1e2e3aff703778c2c010f0bf24473d7568ed59b2f9fa28ed144a2ed549,16151787,2026-08-11T16:48:44.509908+00:00
MAFAULDA,underhang/outer_race/20g/61.44.csv,7fa03e0d149c6adecf14e1f5b664d04c3e6c44e30635b30f77e1327b9534eaf3,713ff6e77cc15571c9f60adbaff20ba51fa6f242e55423b7caef774e9c797ee9,16141409,2026-08-11T16:48:44.559908+00:00
MAFAULDA,underhang/outer_race/35g/13.1072.csv,a24643d95df7b617b4fcbf588e1ddaad358bbc1fa4b1e46518a71f89c4ccfeb7,472119aa33ee61d21a757d4901a75dfd388de0a2bf4bce81f661cb7e7451ea82,17446542,2026-08-11T16:48:44.657907+00:00
MAFAULDA,underhang/outer_race/35g/14.7456.csv,dc0d15a3ccb4496b0b49679552581a10476411db172b040a8715595e00d2567e,f4464b37cff774c3808286a936cc3527e8e6de4e3199772addd26bcb8e3d703e,17487765,2026-08-11T16:48:44.707906+00:00
MAFAULDA,underhang/outer_race/35g/16.384.csv,2ad250cfe2978965ba574575367f050eeed5856de68e10b887e58c78cff17368,33990dd00c03d5c49d520e0597ef9e9a531f1ddedaa8f4196049efc086ba9903,17378624,2026-08-11T16:48:44.757906+00:00
MAFAULDA,underhang/outer_race/35g/17.8176.csv,44edce41f1ae7ee744a710e5ca81e7aabd2602192e6d670835f9328c5f07ae84,e4ce1a1606cc80664f5b4c4ba3317d8ea577ec72cd83836a4dc316ea0088184f,17254889,2026-08-11T16:48:44.808906+00:00
MAFAULDA,underhang/outer_race/35g/18.6368.csv,ecc5b1c5e51c3f3f7853ec9baf0ec4fe1bc685a69c41f1fd868f4bb92c38c6a2,d4ee48db84f50c1cd93f73f00aaad0d818048b4f4f85a69ceee45e85036e3575,17140574,2026-08-11T16:48:44.858905+00:00
MAFAULDA,underhang/outer_race/35g/19.2512.csv,ba1ada217c1e3852963054651548378ca4c709e346fe78454e2d14d48b56c3d7,d880489ca4aa06d1e76c53ce1238a0f3072903b06bea12cc1736ce5ec550683a,17083674,2026-08-11T16:48:44.908905+00:00
MAFAULDA,underhang/outer_race/35g/20.6848.csv,bd309e79e3b0282ebdef75e9787bcd059ee77c1c6bf17f2524cc088147c36a98,37e01f231162ff9aae8fd1bd629189179e74733d17dd3fabdcb0cb72a95a019d,17010763,2026-08-11T16:48:44.957905+00:00
MAFAULDA,underhang/outer_race/35g/21.0944.csv,640fc3cf4320cc82758b133e9bbf4c2f2f6abb1420cda0125cff447ce9716d38,2cd386552f29368e10736cb09c2946068a9a084555514d851f005cc49d0417ff,17064922,2026-08-11T16:48:45.005904+00:00
MAFAULDA,underhang/outer_race/35g/22.3232.csv,894315a4918fe918c78f86754c40c36ad14ccc5149365118471c21ef7e6d7e4a,94b7b27ebe0343f9d3ecd2fd2c327eefec26f3052e7ae314708cf4af06d32c27,17093121,2026-08-11T16:48:45.059904+00:00
MAFAULDA,underhang/outer_race/35g/23.552.csv,32209b22a3e522a06e4c281b547a34176502a8f693b9409bcc88b21e0e909691,78a6255d72a873117a6812b5c703de9b592280747808d8f05a9abc1910e96cf4,16928731,2026-08-11T16:48:44.609907+00:00
MAFAULDA,underhang/outer_race/35g/24.3712.csv,5d7a3165879701fb1118c6ccffea7a9533efd09a59d7df2eef65bc8a2d915563,f7afee2b1415072570dc93820ca6eb159982302c63a6760959ada0bd153e7dc0,16927170,2026-08-11T16:48:45.108904+00:00
MAFAULDA,underhang/outer_race/35g/25.8048.csv,e752938c4799d442f5a94e0277970808f87119b8825c0869ecdbe1606d258b20,55da7653c1f88b8faf10c4ea20e0454273ec13756651b46fb38bc3ad6bf54ee0,16896527,2026-08-11T16:48:45.157903+00:00
MAFAULDA,underhang/outer_race/35g/26.2144.csv,2399378115b1d006c76a32bd32ca3c75720a537dc794071c20e62fcb8a9116a8,f22602e6140e3a5d6fe02166eff57bb040a38850d198c4be6768422dd7ba382a,16881071,2026-08-11T16:48:45.207903+00:00
MAFAULDA,underhang/outer_race/35g/27.2384.csv,658dbea0629fedabae5de617ddf081e5c9ffa7fba658d9a4632756f7d1b2b7a5,0347744ef86d18fb19242a6ab77c344e89ee36ee6297b11c281c23b9d1b734a3,16896571,2026-08-11T16:48:45.256902+00:00
MAFAULDA,underhang/outer_race/35g/28.672.csv,09b8d307d3ffbf71c3aee2e456f041014438f40bbada99b217e5acfd2b2d1682,0206603499e9c2a335c0684da1562a118eb34b899b53a621ac35890cef113fb7,16977934,2026-08-11T16:48:45.305902+00:00
MAFAULDA,underhang/outer_race/35g/29.4912.csv,f34ff54059b702762c46ba67a8ce5f1bfcdf423cc45e7e012744a82a881cce34,601513813ec0f1176b901841e84c85ee758c090db602cd095efb72d19f9e87f6,17005429,2026-08-11T16:48:45.355902+00:00
MAFAULDA,underhang/outer_race/35g/30.9248.csv,c6478ff846c11cb7d1953cb8d73982380002f9cdf83a8b460497cdeab743adae,6883b99f3ea9200ddf565ccf802297248bbf51b143642af7e19163fe181ed61c,16947054,2026-08-11T16:48:45.404902+00:00
MAFAULDA,underhang/outer_race/35g/31.5392.csv,62a4edb6a574067692896abc021e98818f05ef8966a3aa07d5320bffa88ff1af,3e41b59e91bec489b96359bebdc6d56957b3ad3f91aa1dad79cc519afcfa95e3,16917199,2026-08-11T16:48:45.453901+00:00
MAFAULDA,underhang/outer_race/35g/32.5632.csv,31ab417244cfb392645996df0814cc16522dab0cc47d56844439efebfb2e526b,75d9f3b4ac55e41c81aa45bb1f645a09e7d9803d7c3cbe61722901d7fec0e89f,16741897,2026-08-11T16:48:45.501901+00:00
MAFAULDA,underhang/outer_race/35g/33.1776.csv,3fb74d872e2a541ae6e448ac1014779485275b26a8e6ca9891c75350268ad19f,1db9ce34a97dd428eaf89f687fbb13eebdaacebf4eaa8d343064c2af859aeb2b,16654067,2026-08-11T16:48:45.550900+00:00
MAFAULDA,underhang/outer_race/35g/34.2016.csv,b64af38b60374cccc6324b7a9c3aade041428e731955977af1d3b73ec952da86,61c65ff096caf90d08a7c5aca1b756a25b44fa46c2c8cc47181b3082d39813ef,16473190,2026-08-11T16:48:45.599900+00:00
MAFAULDA,underhang/outer_race/35g/35.6352.csv,69cda868a1e42b022728067d7c9f7329d528c745e1e594a6ed0fff7c5acf609e,119c78ff2a13ba5b53086b127af03f6e74d7d9cac0578acc41d8e407476c90df,16375277,2026-08-11T16:48:45.648900+00:00
MAFAULDA,underhang/outer_race/35g/36.4544.csv,cf7fe314b1eb11cfce1c0e81ff13a1ba03951f2ac5a41c286ed4e1a55a98780f,eefdfbf7efd333068cfd2459c1a6c4721e50543a07f8e64d1a3abe48d5773206,16305812,2026-08-11T16:48:45.701899+00:00
MAFAULDA,underhang/outer_race/35g/37.4784.csv,795cb9db48ee57642c79dc3dba8decd685159e180899739bb6b33099af988697,5b59750ff9704c25a301f856344a68e88b8ed90a5ff6abde36c23599900e9908,16281736,2026-08-11T16:48:45.751899+00:00
MAFAULDA,underhang/outer_race/35g/38.0928.csv,bd35a38a4d2c272bb274160ecfc04f2d35683fd5ab8eaf00d9823e6cee1c2bcc,2ad120743ae3b089443cec1b0a49c824f248e23e320806796b84fe2083c40dd7,16270196,2026-08-11T16:48:45.800899+00:00
MAFAULDA,underhang/outer_race/35g/39.3216.csv,173a407ea6985fd91a873bc0abb70b1d3bb7fd5f6c6149fc9a232d3b6bc19be5,596a78f8239496f56beacc5e35959716e74eb6d4e5054ac8df06c7562f2c0655,16265193,2026-08-11T16:48:45.851898+00:00
MAFAULDA,underhang/outer_race/35g/39.936.csv,5530e409672f0baefd1f005eb3bcda52b5176cb147e7262ac5ecdb290977f6d6,82ca3bcc4acc46a3757eec6598946e45f61cc3e449067fd717230940fc37134a,16251092,2026-08-11T16:48:45.901898+00:00
MAFAULDA,underhang/outer_race/35g/40.96.csv,c5a9c1dbb8c71059dce5fd1a862f8e6f06e7a565b2a93629ba0aef131aa007cf,07551939991bd036af485fdf11dbaba7d650d9441b6d024a92ad633d00693878,16264507,2026-08-11T16:48:45.951897+00:00
MAFAULDA,underhang/outer_race/35g/42.1888.csv,53c69fd8e491ed9254733a20f5c3f53c52b345c63fb9b1fa51e4f1375e9b226c,b8a15d20bf4f7e075434a44f6df7409973c53cc6dae993d96d6162755c4a90ae,16273619,2026-08-11T16:48:46.002897+00:00
MAFAULDA,underhang/outer_race/35g/43.4176.csv,8eb56317d9d7cd446d28a947ab120d352a0c2b66489393d67b1e6967034e1f4d,4117d940718c6525dd9f5ae4c22173268b501804889b155b39685d5aee4a6428,16283128,2026-08-11T16:48:46.052897+00:00
MAFAULDA,underhang/outer_race/35g/44.2368.csv,4dcdf742bb2c9c38343dc2beb05c2a41896d5ffc6ba9ce2e8dd584201a2e5f41,cbdddb059a28ce4ce08810e2ef6a0d365b22f3e9a2aac56edfa1b9e43de1d131,16292550,2026-08-11T16:48:46.104896+00:00
MAFAULDA,underhang/outer_race/35g/45.6704.csv,1a0566de9ee96f93442c27b964d204731a2e2afaca2eb44339c9fec88ed4afcf,9d541ef5410a874e32bfb1542f40d1b40ca07723928e384813e981a0168f6bd6,16275872,2026-08-11T16:48:46.155896+00:00
MAFAULDA,underhang/outer_race/35g/46.8992.csv,44e4236cc461bef25a5205db681edd83cb570aa332b4a001b604f0322d12ec82,e42f49275a521496f012e23e66d0241995ebf4a320785d97d9410e3afe242f8c,16271846,2026-08-11T16:48:46.206896+00:00
MAFAULDA,underhang/outer_race/35g/47.104.csv,4b75a749045278e3dd9c64c16b0af9f70bb7ee4911b2c3fbc547da14a6df77f4,919bf18f3d890d29e5faae84e41bfb78e305f5c0dad350a00708dfd51c259a25,16261494,2026-08-11T16:48:46.257895+00:00
MAFAULDA,underhang/outer_race/35g/48.128.csv,e3f5c47e735df6933d0b6789e2f9128774b2719c86efeb2a28f184ae490cadf8,643a035d976639b0ec3062082ce91f4d96cdb458dd8bc8fa85b4075cfd136a33,16201993,2026-08-11T16:48:46.307895+00:00
MAFAULDA,underhang/outer_race/35g/48.9472.csv,4d8310ef35ae772cd98f3812d99654f713a19dd4f50560f569b928a1be68dd7f,c17c6c92b9888f093723535dd048b50820c7c8233344750ea4fc3f468db15853,16181785,2026-08-11T16:48:46.358895+00:00
MAFAULDA,underhang/outer_race/35g/58.9824.csv,44f6b878d8a0231ed23021ab4360f87833a2aceb427bc82d7b722945302a258e,5c01606dae6dae4c87e5b35753b037c5601aff53dece57438b0d9d571b00dfb5,15793067,2026-08-11T16:48:46.408894+00:00
MAFAULDA,underhang/outer_race/6g/13.5168.csv,8f5680092e4914d1fe35a593a56d6c0906db9cfce47be28d01fff2730a896805,85ad9f33e8ab7a1a6c4fe74792b3de80cdd6af687584650cba5ec10eed4ea227,17521849,2026-08-11T16:48:46.509893+00:00
MAFAULDA,underhang/outer_race/6g/14.336.csv,1b26de0b879eefc371a6d68c27dfa514e0076fca3a11bbf7bff68f27bd61499d,ebde422e10e91eefc46ecf35a48b3d9581bfc0a89a4723881ebb7d33e9aec5d8,17545120,2026-08-11T16:48:46.560893+00:00
MAFAULDA,underhang/outer_race/6g/15.7696.csv,4ee8433e2dfbfd44b35b488405e68a2795b7efa9af93bec6397d79f54f55d10b,c886b0e83a90ac1838257269d5de1eb8436c5683cb964e962520a4ef068699bd,17503498,2026-08-11T16:48:46.611893+00:00
MAFAULDA,underhang/outer_race/6g/16.7936.csv,69c66afbac8f8d115e14f0aff2b2687428fbb62e4174f1537fd7fe29d759b81f,b984a5c8f3eb75090b23253f8a0fb6ae474ec0588063ea920697ed3069b1b782,17399234,2026-08-11T16:48:46.662892+00:00
MAFAULDA,underhang/outer_race/6g/17.6128.csv,ff3b045c78b72885a4c120d1c29301a20da3a96626a28b4b6cbc10bd8496b856,af0d2e74b2de377dc7896e11d931b26cf12826f9f1222897cbb08dca4c511a2b,17438493,2026-08-11T16:48:46.713892+00:00
MAFAULDA,underhang/outer_race/6g/18.432.csv,03a3ec94b8417273616cc84fef1543765228a17380dc7bff8f86d86590344487,d31468792869d99d4ddba325c9af6e92bb4d592269fbdd47fe12b72e698a5bec,17330850,2026-08-11T16:48:46.763892+00:00
MAFAULDA,underhang/outer_race/6g/19.8656.csv,fecd8eb9b5ac5ccf4e7a352ddefb63f8965b9001b32197ee46e9113a1d310106,5d3315f90bbcfaceb056c831958d6115da741559a44331205be86d3fe81282eb,17270953,2026-08-11T16:48:46.813891+00:00
MAFAULDA,underhang/outer_race/6g/20.0704.csv,a96df813eb5b051578a149aad43a631299d0e7d359ecbdf94e292f781b57e6b5,9e6565f2030829eafe1bd120a2fba77ff9abff08b948008d159d59f2f72db365,17452673,2026-08-11T16:48:46.864891+00:00
MAFAULDA,underhang/outer_race/6g/21.0944.csv,a1c65bbb4fa9c3f313f2daaf635471d65d48260bbef516505ab5dc3f37d371ce,158ed2583fd591af768b3eb368a146bdf49c998cc8895eac7f2ad544d2873087,17419829,2026-08-11T16:48:46.914891+00:00
MAFAULDA,underhang/outer_race/6g/21.9136.csv,dfc83c65c0359ff7cedc09dcd17139292a45faa9865f001d4c4aefd267d3178a,9002c4f811bf85defd7a58ba870b7f37f313034fbd52c2bf6740c23101f5fc4e,17380318,2026-08-11T16:48:46.965890+00:00
MAFAULDA,underhang/outer_race/6g/23.3472.csv,bdc768afc9b29bb793f5ca386d1fe586a3f4e925d3578bcc686f09c92bfd6a9a,64f93e5381243669e5a76ad4020d78304be23e8e50bf8f180405968ae8ec18b1,17310175,2026-08-11T16:48:47.015890+00:00
MAFAULDA,underhang/outer_race/6g/24.1664.csv,d54e3612cd81139741d5d08e4a3f5e7e04afd5ecbffcea6d2fd610344d3f8b7a,78e83e061c845d8ae3d04d8d39975add8384732069a2dea5e38bab07a1678f84,17287785,2026-08-11T16:48:47.066890+00:00
MAFAULDA,underhang/outer_race/6g/25.3952.csv,ea08d6300e3d95244c9d922670705b16d0ea67e397229ba160e83d87c759c4ae,2e06c757993910bcb5acb09d59a23f8daac11a2ea79709b61a5a095f21ca68e1,17353988,2026-08-11T16:48:47.116889+00:00
MAFAULDA,underhang/outer_race/6g/26.8288.csv,afa9eec7eb6eafd80aa939368cc34d034cc31b4dd5690adb49d237b4d3b2f690,24fbdc45bbfcc03c95760b4ec7f0343265e3a7f943201b1ac47b50794651e982,17307689,2026-08-11T16:48:47.166889+00:00
MAFAULDA,underhang/outer_race/6g/27.8528.csv,00225185600ff797d367531d76efc08ad61492748a56d83574a5c5abe2266446,e1e2b4747701107e0df2551c626a8375b9130a642d96fdc7120973dafb1a862a,17272197,2026-08-11T16:48:47.216888+00:00
MAFAULDA,underhang/outer_race/6g/29.0816.csv,db78afb8c6efb7819152d505c7bec592f2caea3a0bbf378e02f1853f5ebc463e,cafd8d81c37dbb96e13c6989cf45e2ec52f0454f1af5218c47b7c348a41e77b1,17311758,2026-08-11T16:48:47.266888+00:00
MAFAULDA,underhang/outer_race/6g/29.4912.csv,8b92bb4077c32c17e0478576b4fbc18bd4f044777f4cdcf361ac43091b20d56f,eb30f3eabf8ae9d112bc16a21be6cb282dabd201a7f865e6599943bfac238d8a,17258348,2026-08-11T16:48:47.314888+00:00
MAFAULDA,underhang/outer_race/6g/30.5152.csv,0697be243028d843498925222695dd628dec8a229651886c9593f443faa66978,45c6d6bd14f72df3f9521ef7117ae3f4804200379021a9af65c0fe536d8d44ef,17276782,2026-08-11T16:48:47.362887+00:00
MAFAULDA,underhang/outer_race/6g/31.3344.csv,b24566a11421e154648504d227dbebb3ff0b36188e4f6a93d36c6f3ea2fea40f,78d15c1af5c8f989c8a35df996fd224211b48e8b795a6fc4db921f74fc5622d7,17282590,2026-08-11T16:48:47.412887+00:00
MAFAULDA,underhang/outer_race/6g/31.9488.csv,4034cb07cca6771947ad6a6ec32aea7244d15cdfd8dffb6112ac996bd3890936,9aa758bdeea6ff2aec95463bcafc3384fa9e5948d6527ce63ecee82aa70260df,17289032,2026-08-11T16:48:46.458894+00:00
MAFAULDA,underhang/outer_race/6g/33.3824.csv,fc7100b42eb5a1d6e8fd19b0ca09e7cc04e1beffd4e3b76cadd8c5b89616f8b5,6bd9e755ca274e75dd791048a7c0676fbbdc81532cb237e7a1845f19c47b8e15,17258450,2026-08-11T16:48:47.461887+00:00
MAFAULDA,underhang/outer_race/6g/34.4064.csv,c479d9a7a41d724681970cd045b8ed04a113d0823b0539d478fb008ee2c2482b,a739dfee9314c80745514a81261d21690675459b51c420fb8bdbdb134fdcb4d4,17179769,2026-08-11T16:48:47.511886+00:00
MAFAULDA,underhang/outer_race/6g/35.6352.csv,f83246b5ca4c8bc7ce7f29f0c08900cc3758dd278d22c3649dbbf2f27628e61a,132e5c7242ad914b5beb79b33fc78f0c24bcfd35d04d2fac75e29a472583d810,17233882,2026-08-11T16:48:47.561886+00:00
MAFAULDA,underhang/outer_race/6g/36.4544.csv,1e3807051a8c4ded268aa5cfe45cb539ebf056758d22203c0dbb083c00c6911c,d293c3a707978ce483cb90ac29a1a98c33e35acff2d248cc39253f19e90b10e5,17220539,2026-08-11T16:48:47.611886+00:00
MAFAULDA,underhang/outer_race/6g/37.0688.csv,1d72d2aae4c1b0aa0312e25067b4f32b5b10212d50da881e8e877a21f6633e30,230e737fbac4eda697646e609e4ec05a3ec73cc23b03b2a25cf9ff5f4a576362,17179344,2026-08-11T16:48:47.661885+00:00
MAFAULDA,underhang/outer_race/6g/38.2976.csv,fbb379f2def35afa0e2f7910bbaf4d07c7163f08c89baad6c4de1dc9cb1b8b52,98a836deb97536407c7ce9eb4e1e969093074c7901041343dbe6cc93b07beea0,17201004,2026-08-11T16:48:47.709885+00:00
MAFAULDA,underhang/outer_race/6g/38.912.csv,7f7999aa94b599efb026973b87a2a961fec6cea3246530e19681eb490c6aa4cb,2b85ca797ec593c5d38dc4c094877d98e4a06039db304711cc3043af16a4f201,17194881,2026-08-11T16:48:47.759884+00:00
MAFAULDA,underhang/outer_race/6g/40.5504.csv,e3cb717e0d19393b3ada27c8386707342df398a7f6cb89e93655985ab8da904a,e6c86fa2a07a8b8e5303b7cb8df0494454eefc96dcc34a88b53ad7362afbbd73,17062491,2026-08-11T16:48:47.808884+00:00
MAFAULDA,underhang/outer_race/6g/40.96.csv,387dd1b92a68b66d76ccd2d23e81a17eee2d3a2c0449e06e870adaf422207885,fa234d397750eacc96f7885177230f35c09c97f9038ac2510e319d00b506e3ab,17122051,2026-08-11T16:48:47.857884+00:00
MAFAULDA,underhang/outer_race/6g/42.1888.csv,5b2d562cb2f0c92126a211b38c44b5859a1f2cc1d59e88854bd323e2e7307796,afd8f9c11dbdb5f899d9d0fe703be46411a7fb3b1d713a8f5b97dfbc4a98b556,17047300,2026-08-11T16:48:47.905883+00:00
MAFAULDA,underhang/outer_race/6g/43.008.csv,be55d8f14193c097600703e58507172575f95fd32fbb6de6ba8376ec3ae3c77f,b5335f7097bec3228724c2bb3487707580f385ab3a8d641c4aeace76359b75e7,17023923,2026-08-11T16:48:47.954883+00:00
MAFAULDA,underhang/outer_race/6g/44.4416.csv,4721d23b9f3f59149dba04c866d1b3740408b77267518b26825e31af300130f9,f720b00c3084deddcce459f1ecbe6b4192a5dc390f05636676e4ffa29255cb0a,16996474,2026-08-11T16:48:48.003883+00:00
MAFAULDA,underhang/outer_race/6g/45.6704.csv,923d9c59ad3f690bcacba227cd8437d00a9748c644e57af723d47ea66e3f90bc,99c4ad8ec21905526ebc0b4558652882d6ddae0d22497bd11ff9897798859f90,16927745,2026-08-11T16:48:48.050882+00:00
MAFAULDA,underhang/outer_race/6g/46.2848.csv,d90b762b46c7a13aaaaa5b4d0962c6ec627f70943d26ffb2b7c40664bccaaa31,93e14f4ef4298187aa00d8e2b2b6d98e43dfa69cf5307be43dc4f81ae8a3b48e,16907296,2026-08-11T16:48:48.098882+00:00
MAFAULDA,underhang/outer_race/6g/47.104.csv,d8829acdf7c72a41ff619241adebe5c0f711e9c97fda5c56871f353f73bd6a09,d8dc5d88bd1c61a29b4f4ee45216492e00480afb47885bcf859c4c5e3c534aa0,16864493,2026-08-11T16:48:48.146882+00:00
MAFAULDA,underhang/outer_race/6g/48.5376.csv,ba1deee90008db773244019f507c7ac3e699647eafcfc997a1f97828b3c6c998,ae3166a34daa8b114e5b91adfc2bf22f374102359a9bafa5a865955dbbd47461,16830864,2026-08-11T16:48:48.194881+00:00
MAFAULDA,underhang/outer_race/6g/49.9712.csv,83323c4eaf58cf6b028a9bee6da0bbfb940beabdaafd5c9daf947d3d678c0c69,668a145c5a86c533c721cbf8458316d747cea5f2c3d0c5371ff002e0f5799028,16790329,2026-08-11T16:48:48.243881+00:00
MAFAULDA,underhang/outer_race/6g/50.5856.csv,8d6afea00c50bfade213923a6a4e96918c4485b9d22e5557cdb74f878f4e0e9e,235c6b7c606a320cfbf4ee90f3eff59b28897ddc619ac7815b6df347553fbff0,16805949,2026-08-11T16:48:48.291881+00:00
MAFAULDA,underhang/outer_race/6g/51.2.csv,87a4a3b32bc9a09cc80ae75724ae347e64aaec27536e7fca447aaf622ab840f7,35969b033854ef62eec097c7dba5ff7659e1b24935700686c3e286765a960906,16793042,2026-08-11T16:48:48.340880+00:00
MAFAULDA,underhang/outer_race/6g/52.224.csv,bcdaf4761c7b80ef854c5fae84a1dedd4cf68aae1c66a1c9296e90a1636208d1,26dea2ea668524028b554ab8946d68c6b97f73c1f2bec46fb7394ffa3913c25e,16788466,2026-08-11T16:48:48.389880+00:00
MAFAULDA,underhang/outer_race/6g/53.248.csv,4f2a4aeacecb7803cf6a0e8e8351a18e9df3f9ba6f48b3af95af4be82763c20a,0dfef9aad8626c230d124bcf7cf9868470ba6eba6e8238a6596709cce19cb428,16774240,2026-08-11T16:48:48.437880+00:00
MAFAULDA,underhang/outer_race/6g/54.4768.csv,037ad31cada33e6a30c58303934e86c390114957d950b89b6759b9c1a6e2d84f,c92611df0d712775fb92ae8ad4dd9351f2eb1c71adf964d45a420d2cf4fc0763,16788470,2026-08-11T16:48:48.487879+00:00
MAFAULDA,underhang/outer_race/6g/55.7056.csv,1dff6bc1fffe9e2013f6adcfb26231e6d26ee7d29c832b5ae0e683fa587e9ef8,8f5377034f7c9d5ad2f3d98b9020ba208afcd7d83bf190ce8e2d948fb83e23d2,16729280,2026-08-11T16:48:48.535879+00:00
MAFAULDA,underhang/outer_race/6g/56.5248.csv,d4b35dc7dee82919305f63d33982b4efbeb7143d3ae93ca059408d6d43db0273,30c38b380c5283a4f374faddf184881dba2dca9096e84a660ba8fd153b2502be,16716800,2026-08-11T16:48:48.583879+00:00
MAFAULDA,underhang/outer_race/6g/57.5488.csv,3b0f96b7c8d1141c67c49892f89d4d3d61bfe163821515d5347b20238c6ef354,3bf644eb55dc778a2c20b38a90d7f566e1bb9f1ea2c82ebbc0e494c62f561e5f,16677087,2026-08-11T16:48:48.634878+00:00
MAFAULDA,underhang/outer_race/6g/58.5728.csv,db6dcb6970abc6318232f9bcb103a26f06b45649f947e61a3e18920dfec8a0fb,978bf32ec1d37c968b988939eff4836f4f390d1a1958d4743bda4ba0eda0dbc6,16669051,2026-08-11T16:48:48.685878+00:00
MAFAULDA,underhang/outer_race/6g/59.8016.csv,14de8d615370dcfe51709919c5211919a7c85cbcd348a097d03da218333e16c0,8bec65ef1361ff42b18da472a002ff3753e51fdd7ae7c481305ce80b5067c010,16695996,2026-08-11T16:48:48.736877+00:00
MAFAULDA,underhang/outer_race/6g/60.6208.csv,a43694fbf1d87a6594b44391bff50964252e37930152492ac9c7e0943d1a796f,77f0a0fa150fd2810a1da4c3bbba267db76f9e901b6da0ddac9bc632c103ae0a,16669359,2026-08-11T16:48:48.786877+00:00
MAFAULDA,underhang/outer_race/6g/61.6448.csv,7125ce554e40c183d04447af85a35835b5c04e089d9fd684cf732ab75069e089,19bda56a70f0e7631a5fda4825fc22f4a5e832e01d4002076b72e6e76a50c92a,16662740,2026-08-11T16:48:48.836877+00:00
MAFAULDA,vertical-misalignment/0.51mm/12.4928.csv,cd233a6527268bf2efde5c560bb6f4a5603b8801718f9c10146300b3f7ce61a1,d7e7fc58699f0e420cc22659c115ed2e8b4903746f8ffe8c90115241fa8bc590,17149830,2026-08-11T16:49:01.338786+00:00
MAFAULDA,vertical-misalignment/0.51mm/13.1072.csv,7f020d69e9213d701d13e3abd6ac59e54a28d4358e39a3afedf19149c7876412,5cfeaf244cea818292f4f30175920b8268a3dee98ecc4b96e13635d67daa633f,17131616,2026-08-11T16:49:01.387786+00:00
MAFAULDA,vertical-misalignment/0.51mm/14.9504.csv,7aaa9019eb8ab1769c40f19f1b1c4895e582d30f32282ba55429f475db7bdd39,48d6d4e2c08dbca0cb8862cf9f87ae0e15a15fd75828b295ce03ac62196e7f9a,17088227,2026-08-11T16:49:01.434786+00:00
MAFAULDA,vertical-misalignment/0.51mm/16.1792.csv,621898211e7176cd0587f7230cf3b171f3fa9d7933756c375ef2fe62303138dd,97767738bb4fa30bd1a6a85c867fe07efc23a2290bf8394fdd3ff12e0f38fa73,17282059,2026-08-11T16:49:01.484785+00:00
MAFAULDA,vertical-misalignment/0.51mm/16.9984.csv,89dba74c5ed3f6ef56ac8f7c3be184ace7a83937ba0bea39b921c904d55b335c,e273f52fd1505c5b181f382886e3e2efde8e5b228ad23d733b6b255df0d6521e,17134801,2026-08-11T16:49:01.532785+00:00
MAFAULDA,vertical-misalignment/0.51mm/18.0224.csv,954599bac9c5c468b20800eb2721206e89b8e8ade9205314e883e2d43863f1fb,750a3ed76ec7e90338739cf206d479cebcd957c9427adbcd6d9824a88bd6b261,17453763,2026-08-11T16:49:01.582785+00:00
MAFAULDA,vertical-misalignment/0.51mm/18.8416.csv,a2ba2d2c94812f38f4252bc19b511c36968d2b4447394521289471340dcb258a,88e683baed3d9ff5ba36018aad2ff3e8dd501d93b5c92c5440de6e171802db02,17420371,2026-08-11T16:49:01.631784+00:00
MAFAULDA,vertical-misalignment/0.51mm/19.456.csv,1e47d39e5dd5ebf150bd09a9643045c2d9f0d0f5f112833e7ca8cefface36c46,e8ea5f96b429baab4cf115cf9cda371c30b1629e8d383f12641ecca4c2851da5,17510114,2026-08-11T16:49:01.679784+00:00
MAFAULDA,vertical-misalignment/0.51mm/20.48.csv,318dce470faa704a3056221dbfe543650ba3febdccb24a0c3c13beef63bbd319,69b89f24c3329ebbb805036072b8c1cfc0ade48e3a251c90fe31f239cbc5d483,17517316,2026-08-11T16:49:01.729784+00:00
MAFAULDA,vertical-misalignment/0.51mm/21.504.csv,bb123b4f449d2e84a4cb4c51398e0e6000caaf85a023a8da82ae606031f65e9d,9d63ed2ce29c2c1f908e80aed0be104081d5033ec1144a8d40ca76334f12eba4,17521742,2026-08-11T16:49:01.778783+00:00
MAFAULDA,vertical-misalignment/0.51mm/22.528.csv,93a95fa803384e0d10d12488b095171042e12a13345e25c6d09db35586059087,ab332ab353761ab1614b6e263a0e77c87cda7f329c509934c802c8c8de234369,17498863,2026-08-11T16:49:01.827783+00:00
MAFAULDA,vertical-misalignment/0.51mm/23.1424.csv,4357dc5e5d0e84ebe7071230000f7aba1acf5a0d6dbe665dd240edf61c7d76fd,66321d4a4b2f3a70f0cf1c4faef7e03dd71f0b9424e1b5f8df99f14b875dff93,17511760,2026-08-11T16:49:01.876782+00:00
MAFAULDA,vertical-misalignment/0.51mm/24.1664.csv,68eb69934c03eaf80e8835957e5b9825dcf39f097cb52a8eb0059571c98f9008,29035aa0fc8c453d248ca1d6eae7568cfafae0fdfa5b5ab1d61e770d1b823efd,17309875,2026-08-11T16:49:01.924782+00:00
MAFAULDA,vertical-misalignment/0.51mm/24.9856.csv,fae5ed90b37a3230ca3e15f3b5a5aef579d268bed830a3da173656f0115d4b54,a2fef12292dac3c200cf07587f771c2b81744d3a4ee5aa404021db405c54dd2c,17520807,2026-08-11T16:49:01.979782+00:00
MAFAULDA,vertical-misalignment/0.51mm/26.624.csv,d0791bbcd20b1ebb345bd96f2cefca999e92228fe2bec846333a286e5730a222,f2beb591b68c087cea138d444fc50d015df355e88f18f3f077e2cafd22df970c,17454137,2026-08-11T16:49:02.029781+00:00
MAFAULDA,vertical-misalignment/0.51mm/27.2384.csv,fb26dbceee79cf8a959534407e48427be39a1eaee67b437113daf56d20f981b4,a683a7ad1e1500fbb98004c8dd7ddf83766941ee0a42524aee544724916a902b,17461349,2026-08-11T16:49:02.078781+00:00
MAFAULDA,vertical-misalignment/0.51mm/28.4672.csv,0c1b9c71ad30e1613829759e874c9a7dec50354c12cc6c988c9acec19a1837a6,f5cbc34209bfde2a2379dc1eaf0a68f3b9ddba0b516d713a3f0933837881c5ef,17408300,2026-08-11T16:49:02.127781+00:00
MAFAULDA,vertical-misalignment/0.51mm/29.2864.csv,28172c1c5802a93d2c70220c36a6d9409c90f1584febf14154a8cd41f0d7bd08,23941e254b4d1eac1a844e267fcc169aef53c9d59053c42504a7e7947543f678,17263420,2026-08-11T16:49:02.174780+00:00
MAFAULDA,vertical-misalignment/0.51mm/30.5152.csv,899c9f19c07e1fb476d6b12611098865acc27070aec9ebbfac36e65c62a99047,79802ded46cc727c09e312e3c264eea7a4ac9162ed5b7fdfdf7134af434abfdd,17150878,2026-08-11T16:49:02.223780+00:00
MAFAULDA,vertical-misalignment/0.51mm/31.5392.csv,2863b76c1cb2a982877164ae2c845e959abf1457f510993d6b4eac4f0982cfff,78203c2d7d6fefa1feb11622897db26d0863e509433ae3a93194044d771625b8,17399800,2026-08-11T16:49:02.271780+00:00
MAFAULDA,vertical-misalignment/0.51mm/32.3584.csv,04bf124f54860fc258ebb840efc933898257d895fc549d0bf73df8b94cfe83a5,fd9c5aa86d163b968d84391bee4af34127cfce61b1c2d2c3204129290998f266,17437631,2026-08-11T16:49:02.321779+00:00
MAFAULDA,vertical-misalignment/0.51mm/33.3824.csv,37f7aefc1dbf48ebcc3accbee8ad5dd801f3659649485198a674763904a8d1a2,a8112714e96df41a5adacf8c80a2e7d7f015b78c01b7475a629bc4133d42493f,17442998,2026-08-11T16:49:02.370779+00:00
MAFAULDA,vertical-misalignment/0.51mm/34.2016.csv,2fd680ea0cbef682b23736d1652143438d8a7a5d16c936dcee3531b7f39d642a,4ad80abc1d18ac731b9554a40d78f8210d08748925604e969328a89db3d372c8,17402312,2026-08-11T16:49:02.418778+00:00
MAFAULDA,vertical-misalignment/0.51mm/35.2256.csv,6b6de12f128d4ae1b75a9d748b6c494e0c26b9223b40150e05ded244064c4a4e,70528fadc8abb0376fe0ada5217ed74a508cbb1fbfca87101c4f70217305b96e,17455087,2026-08-11T16:49:02.468778+00:00
MAFAULDA,vertical-misalignment/0.51mm/36.0448.csv,5e2a0b284ca8349e3b0a5a2dc175b3412020da7734a1f2d2d3872ec2a2cdcb61,7f7a68e7ea63fb76895a2d034d255087b4f053ce5f167ae22a2401cbc49e05b7,17500953,2026-08-11T16:49:02.517778+00:00
MAFAULDA,vertical-misalignment/0.51mm/37.6832.csv,edcb5be72a2854b686c969e19d6ce0249dcba29fc4469f03ae3835a5be4d2b12,6879814f2a65662d224e10ecf7d9f7571a4f85a92b09dce1c75f335d759bfd69,17484135,2026-08-11T16:49:02.570777+00:00
MAFAULDA,vertical-misalignment/0.51mm/38.0928.csv,9c877160a86ef66e21676bb09b0af7ba54ab9d4d6976a6f846bde230432f8198,7cb040d54269e521cf861dd7d443f10684c6c0fc94549d1db625c6b1ea44dbd9,17521800,2026-08-11T16:49:02.618777+00:00
MAFAULDA,vertical-misalignment/0.51mm/38.7072.csv,767eaf46a7ef7aa95a72f6ffe13a85e04bce46d9b75f188320a30e53d767b5ba,f17fcfff67b44993e6c3d919db375bc28767c7ec578f8f918645a73d99ffda3f,17483490,2026-08-11T16:49:02.666777+00:00
MAFAULDA,vertical-misalignment/0.51mm/40.3456.csv,4d6a410b0ec3ddaea7e0343f417588afcf476f94436a2c187f350e5e7144e5fc,613b0c16f5167e9581d9999dbbb7a9b8f79863bba9482f9726ef5a48a42026ab,17341323,2026-08-11T16:49:02.716776+00:00
MAFAULDA,vertical-misalignment/0.51mm/41.1648.csv,6773b1089ba9b85dfbb74d68cd5d2abede0e5e0c4e49899d235afcff950c3eec,c48b78938fb0d608896be87c11105294f1683ffe335faa58624c161406bb7d24,17504442,2026-08-11T16:49:02.766776+00:00
MAFAULDA,vertical-misalignment/0.51mm/42.8032.csv,8524f99d85cc5ed416a1c5114242aea3363e2148bd40140af1ed3c27059d3084,fc84e6a7211307584dc07139d38b0acdeb83776dcb2d624ca5cf400eddd6a94c,17516543,2026-08-11T16:49:02.814776+00:00
MAFAULDA,vertical-misalignment/0.51mm/43.4176.csv,5ab712a1be9b569a0599292c729c4d429115b3e26320b780dcdb3be3cc5209e1,df2e9bea774ebf237ab6fadbdfc99f5fbc96c2912406570cd1c5f0e1ce35cfa2,17501710,2026-08-11T16:49:02.863775+00:00
MAFAULDA,vertical-misalignment/0.51mm/43.8272.csv,49cd45f8f546622e0522d09a9f272795fd88a22105a6a926a347629b80d966a3,2bf1230fe5d0e1ff78032a965aac2722337a37255bfb49d6774bdf9009116847,17519817,2026-08-11T16:49:02.911775+00:00
MAFAULDA,vertical-misalignment/0.51mm/45.2608.csv,df1f9f1fd2101a9e172b297d134719f8e517073e133d70667c58242ee6b8c0d2,bf58296a7764d0b1d25a83b703a3c6a4d742bec1b7808ffd319498827c8fb174,17489930,2026-08-11T16:49:02.960775+00:00
MAFAULDA,vertical-misalignment/0.51mm/45.8752.csv,558a73003ef28fcc62de3cb7551ec2ecae1c3bbf5472a3b3855fe3fe064f1d87,2ba337a604250c70a5610925b7fd175218efcb798e7d2a3b3bb02c5c71477276,17498222,2026-08-11T16:49:03.008774+00:00
MAFAULDA,vertical-misalignment/0.51mm/47.3088.csv,092a97597bc339b7cf5e0817b8d348f16760de8d3601b79a9668dfc26dc4122a,18a0b8824c9babe1ba8e1ed4183c3cb58f6bf5f3d64ba1fa56b930745abfb41e,17481029,2026-08-11T16:49:03.057774+00:00
MAFAULDA,vertical-misalignment/0.51mm/48.128.csv,07020b971e3c399cb89575008567b8a86ced404eaca4566c18a9e39c4023451f,5b945315fc9edda0e8f2c16049d19277cb9e37ef3ac5f4b5a334794f439d343d,17462074,2026-08-11T16:49:03.108773+00:00
MAFAULDA,vertical-misalignment/0.51mm/48.9472.csv,87ba969ed024efba777a993729b2a59f836e01e47506bf4f3aba3e2dec04ea94,8ae8b0fa1e6abe1465a8891d6cfaad448305a6d1ad5f80545052f4ab6c1c3166,17457975,2026-08-11T16:49:03.158773+00:00
MAFAULDA,vertical-misalignment/0.51mm/49.9712.csv,c11e075ad35fd0db930d71332f5875b2842d96d7dfdf957ff235cc7b9b13ac3a,37d459d132cf6d309dc27da7cfb3951458967fb997f0bd71aa73e285f6b20d1d,17446829,2026-08-11T16:49:03.209773+00:00
MAFAULDA,vertical-misalignment/0.51mm/51.2.csv,25bb88fcd2f41b1cf30c995453f8eae9ff570232f6468ac365060d8db3db7873,54b7a552e28f0785e196c0df5e9a8587a5de19e0a35ff363d95d16327dedd90f,17443824,2026-08-11T16:49:03.260772+00:00
MAFAULDA,vertical-misalignment/0.51mm/52.8384.csv,a5121cef69acef3d629e64ef14e9593193768669b968601a28f83020fc4be596,67685743a5a0eae478ab3dcd3fc7541554bbd228841f0eefa15cc7492bf27083,17383966,2026-08-11T16:49:03.311772+00:00
MAFAULDA,vertical-misalignment/0.51mm/53.6576.csv,c6141e38febe73aa737dbbee62c09ef369814111bbd40491bf715acfce106d21,1e35a724685174b7868a294fdcfcaeb8c3f4d44e533c4ee49be9033c26acbd88,17341564,2026-08-11T16:49:03.361772+00:00
MAFAULDA,vertical-misalignment/0.51mm/54.4768.csv,40df5aabd57e0e477577c1fca82d7c8ea7b907c427dee5993fcc64f3fd36cc78,d024b0e1df157243710e749a80ec7ccbd6048993aff9c0b2bd297deb5a08defe,17238800,2026-08-11T16:49:03.412771+00:00
MAFAULDA,vertical-misalignment/0.51mm/55.5008.csv,c1e0c9be01efdb35bd29aa330102b57e395e349e55789ecd18966d2816aeef3a,ce01101e606b114cece126119e5a275cbdcc8108d383ae03964fe91fac6aadb6,17186394,2026-08-11T16:49:03.462771+00:00
MAFAULDA,vertical-misalignment/0.51mm/56.7296.csv,d3454e849599389d291c140d669d08348a04b27a167afdf0a401396fcf55b565,81d2ec5f275edaa9948e3f4052d7979ffe34169827e657631a5df171709305e0,17206894,2026-08-11T16:49:03.513771+00:00
MAFAULDA,vertical-misalignment/0.51mm/57.1392.csv,0c0304664def005ce80b099ff872250a935978c56ebd27236be8e89df3f08645,ca04ebf943530574957fd6b1c6b9aaff0a0865ad83f3d475f705c7a7ed57dd2a,17296918,2026-08-11T16:49:03.563770+00:00
MAFAULDA,vertical-misalignment/0.51mm/58.368.csv,c81a10b86eb6aca38c3ace29689a3f22ae96464779a963aec9702ad2cc03b8a8,74a40baeba1d2066e3df86f1342bbb519dfbb28836c37d7e4f6b255311ac4260,17264615,2026-08-11T16:49:03.613770+00:00
MAFAULDA,vertical-misalignment/0.51mm/59.5968.csv,5c43e437b8a98a9e2fcdb4e66360af2dd20237aece080a243ce0373fed66bc20,32b520d0b067f7690c1572975d3b8cc3b1d081970a085b7c75833832c1d5f4a5,17080035,2026-08-11T16:49:03.663769+00:00
MAFAULDA,vertical-misalignment/0.51mm/60.416.csv,ff34b8a38c339849b785e54b04f0612dbb36994894061e271295fa74c43e5ae6,2e67d4362e0bb930e36f2cb0cc7423069fd9e1b48f525a6897a1ccfce0cc152a,17085751,2026-08-11T16:49:03.713769+00:00
MAFAULDA,vertical-misalignment/0.51mm/61.2352.csv,a1e3837533f2e6b8309de32668b00f7050c48e0db4e28292e0da9d010cfbea58,a155dffb8ae8fa27773c3c0478bf6e35cb4fb620b70a62c6e7b5b1480e4f89bd,17203876,2026-08-11T16:49:03.763769+00:00
MAFAULDA,vertical-misalignment/0.51mm/61.6448.csv,89cd4a42ca18194a5d0a4067edf6154a77f72aee374aab2fbe3100780f8e71a3,16578e50534bc0b0d33d8589a9b1f928a210492a8f0ba1abb96a9a7353fbd91c,17217889,2026-08-11T16:49:03.813768+00:00
MAFAULDA,vertical-misalignment/0.63mm/12.4928.csv,897d1b065f72a4b86f191637496830341e44434b1b0644e46b53895a640f2ec1,54fdb4c7952209b65f74bfdeb4083d04995efda6bebe505b5f5af7713355ce61,17459473,2026-08-11T16:48:48.888876+00:00
MAFAULDA,vertical-misalignment/0.63mm/13.312.csv,4446ee27a1841af6018e4edc1cea9f433f87fe827408c2df6ef9530f25c40134,b15b443c6ace61338a4f45636aff12e78f210912d68eb08f0e60a85eda16710a,17408399,2026-08-11T16:48:48.937876+00:00
MAFAULDA,vertical-misalignment/0.63mm/14.1312.csv,8f04c2c733fbb2f2ed668967f2e238ee3ed7d8437e253f08a08069da8b7c8bd4,1e5ddbcfcf9d968dba364f5daf2c23641521069b9203e4a1eeefd3f79a4e4b71,17142190,2026-08-11T16:48:48.987875+00:00
MAFAULDA,vertical-misalignment/0.63mm/15.36.csv,2901a637b39f97db1ce1fab48e3d7e627b844be544eaba7e4b6d3b43bcb8a73b,84320fe47f6618e178020dfa5bf42f098dc035f5cc50fb77c3db2c7dfded0572,17516492,2026-08-11T16:48:49.036875+00:00
MAFAULDA,vertical-misalignment/0.63mm/16.7936.csv,d5fc7ddae10568efb47591d1883084827a645f02be8ad1d3c9fa723fcb3e3a98,d2263c0052bda3e35da44e31be3c0232179729364112005e2ea21bccbff9958b,17488042,2026-08-11T16:48:49.087875+00:00
MAFAULDA,vertical-misalignment/0.63mm/18.0224.csv,9def7047bba146c3303fccf713028453e5a5ac3b66f296be0e534b234edc77d9,84a1f259826750fe27c21ea643b7958312e8c298ae0505a44bcedc5ea7c6f5f5,17473442,2026-08-11T16:48:49.137874+00:00
MAFAULDA,vertical-misalignment/0.63mm/18.8416.csv,ba37b74ec65cbe35dad3a86f3de496cd4fd14b8fc12b9ef487c54aaa0223230d,538c6cb68ac55ce56f9e5168f62535710c962b60ce5c52992df16fac30d79302,17370718,2026-08-11T16:48:49.186874+00:00
MAFAULDA,vertical-misalignment/0.63mm/20.0704.csv,e765cfcd3749002b72f2209075b37e3fcf95d6c6b096f98be2c287be9ce24723,f490e3870c33e4c53378051a4d41c7d69343b24de6d79b63c76820a4c2185286,17526528,2026-08-11T16:48:49.236874+00:00
MAFAULDA,vertical-misalignment/0.63mm/20.48.csv,47c6656627259bf2dd06cf59ea13119cff045b2f08ea23148e96e45646178b25,043dd067d8cb85fc93619fbcf4cd178ae2629b2e8b60132fed6adbfde842ed6b,17545965,2026-08-11T16:48:49.286873+00:00
MAFAULDA,vertical-misalignment/0.63mm/21.9136.csv,3e4d7952f62003be7f3956ba38e0721056538b48d72cc5aed05c20daeb1b62fe,d3256f3d5ae2e5380c11f2415857b1a8581922f67ee93e98df6b56304eb11739,17511139,2026-08-11T16:48:49.335873+00:00
MAFAULDA,vertical-misalignment/0.63mm/22.528.csv,831fcd91c7153aaa96ca6fb089803a2511924b3fe95dfdd0afd704d7266ca68a,482fb49d69cb9c1251991fff4d8fcdb0196cb555ec3bccff4d2bf0e95bda37f2,17512488,2026-08-11T16:48:49.385873+00:00
MAFAULDA,vertical-misalignment/0.63mm/23.3472.csv,bd651abc39a1924d721975da428641de8f56611e6d34ba9d8d51fe7cf506360e,9145661ba267177204d9d4e0b44b6338bd3d6c22f4fcca4005d474c5e9331f36,17495587,2026-08-11T16:48:49.434872+00:00
MAFAULDA,vertical-misalignment/0.63mm/24.576.csv,b8a490896d057b972c93b5638343c28a0ea3799196c51a88f15fea0594bf9c9b,3b2a49896ffa4522b342708fc17a7055970371ecdeca398fcde57ecefc8cfa19,17539105,2026-08-11T16:48:49.484872+00:00
MAFAULDA,vertical-misalignment/0.63mm/25.6.csv,d2f797b94a9685ea1e1a54edfb2a7f08e87579d535797f3de476a8b1150436eb,3034b3c0977a4ab42f54a552abca6afaff8eccdc13895ab9bc89a495740d2d82,17535838,2026-08-11T16:48:49.536872+00:00
MAFAULDA,vertical-misalignment/0.63mm/26.8288.csv,e3fdbff4136ea034fd3ddc4bc7cabb8eae14f74d424bc5f507888528d7b78f60,be042d3d54076a3852dd2c8d423450267b567fd59eb7fd8cc2fd6f5e57eaab5d,17401087,2026-08-11T16:48:49.586871+00:00
MAFAULDA,vertical-misalignment/0.63mm/27.8528.csv,dd18e6a9ccdb53f6abe93b89239c300c6eea8168a97c38979c2b450362d65009,245f8766ad09e32c2429c2d00b5bab7c0c9a109a6e21ea5eacf184c626266e39,17427804,2026-08-11T16:48:49.637871+00:00
MAFAULDA,vertical-misalignment/0.63mm/28.672.csv,5e355060ca82b0778eee00dddb38d129c500d0421782015cc86caf638ab6aa75,b7ad3c6e9fcdc7c9b4e89e2446468ea6eabd0401ce7500d8ca933bf62fe0210f,17425485,2026-08-11T16:48:49.687871+00:00
MAFAULDA,vertical-misalignment/0.63mm/29.0816.csv,a38a3d9425f36b3eb7945f888586ebcf33f3382a19ddcb5433ad1805304bd79d,96ec8d12f5ae6a7a8a539a24bb1185926bdd52bb62b11b2edd22f97b9bdc9990,17345719,2026-08-11T16:48:49.738870+00:00
MAFAULDA,vertical-misalignment/0.63mm/30.5152.csv,a63d36877b1b5146f3c6f8c204fdc5fab84f51f9507cf3e652e3ab8b6f2231cb,7b3af229a3c2aca5d446d531e78c8c4a1b0afd3e6f3803726e4c9555ce532c91,17200404,2026-08-11T16:48:49.787870+00:00
MAFAULDA,vertical-misalignment/0.63mm/31.1296.csv,40b99c22acd3228af45f70d1c250d40d6a40b27b1326c39b0141f464cb8aafa0,4e544efee8261ed3b281ee54138fc504d1f0ce37469d79d284c273e7b5573587,17374292,2026-08-11T16:48:49.838869+00:00
MAFAULDA,vertical-misalignment/0.63mm/32.768.csv,af5a3c5cf4170ae7c2d28cdaff38517abecff8401ac783b045ae02d2d66abc9f,62eaac1a1024fb39719e796cc076e68d13d6392fd010ec760f511ffffbb44005,17426237,2026-08-11T16:48:49.888869+00:00
MAFAULDA,vertical-misalignment/0.63mm/33.5872.csv,68c999dff20d7fb862167df078eb04c567f3f00a160f217e3eb8aa7197f07a9d,e3c99a4416d9c7bb3472bf0ef98755d0afd64cf54248d00da404a5e410c3a69d,17434501,2026-08-11T16:48:49.939869+00:00
MAFAULDA,vertical-misalignment/0.63mm/34.2016.csv,57a997cbe787e675861eb5397a5fa2617a3f48c4772f422ae5cb4e1d65e0e65a,160dfef2c2e01d84dbf10706422bc3ee187b1972c1fe2acd22031ab2346b7220,17302544,2026-08-11T16:48:49.989868+00:00
MAFAULDA,vertical-misalignment/0.63mm/35.0208.csv,1796b556ad6b278dedbbe10a3c9cb5b42b3172fc6cea0e07caf8122d63ef2eaf,b567a9e56f4826f485e4d11b2883c002aa10f41fa706d9230333fee78ce603f7,17433743,2026-08-11T16:48:50.040868+00:00
MAFAULDA,vertical-misalignment/0.63mm/36.6592.csv,bf752c43224ef7ae9c06c31c9b8518f5decf732394d35da96259a2bd1a9fa511,381090fd1771f1eb943486d3a8c53292407d3acdfa2998949c3aad585e9f7b7d,17498958,2026-08-11T16:48:50.090868+00:00
MAFAULDA,vertical-misalignment/0.63mm/37.2736.csv,88861b4d10399c750a76524023349505724b78af357d3eb76cff7cec61c79830,16e012baa5ae534a02237bf5675b300052778fdbc1093f68a8cea7a58f520c93,17483488,2026-08-11T16:48:50.141867+00:00
MAFAULDA,vertical-misalignment/0.63mm/38.7072.csv,d45144e2659a4385976e820f3fa51978eec4fa18b552c013196418d83d94e60b,5050a704b70182aa3193f4245bc992f49c84da86e8525a4bb2e21b9c69a64cff,17512330,2026-08-11T16:48:50.190867+00:00
MAFAULDA,vertical-misalignment/0.63mm/39.7312.csv,f345404fcb61c398d2caf98d216311748f2457fd981572755993a0bcfc8059df,9985c394da095c6ef88d51f5ba2a9c5f5707e29c5e9d2f15ed847e073ea41d7b,17341795,2026-08-11T16:48:50.239866+00:00
MAFAULDA,vertical-misalignment/0.63mm/40.3456.csv,2d608af525805348452ad91a183d7ed504e5ee6ba1b71b1dc39753d3e888c960,bcb28b988b0df25d9f875610dcd0a8c89bcca55a1437e628127bd87d7975b668,17348380,2026-08-11T16:48:50.289866+00:00
MAFAULDA,vertical-misalignment/0.63mm/41.3696.csv,8cecacde501fe5a779fca25976c215bb6b012615b130ab3eabb9127d94980fed,b5c5a98d74b9a8f8ee3731180e6b9751a398039ddcd76810a0b75bfd24f9f4dc,17468678,2026-08-11T16:48:50.340866+00:00
MAFAULDA,vertical-misalignment/0.63mm/42.3936.csv,0dd645278f4cf1688f03bf0ef1f2152c8291575ba5224de1ca77164bec7b7dec,1754c52ec6bd8dc63e1fbf6b774f2637fbc478369c1d368e9f4ee0b65a338ce5,17521277,2026-08-11T16:48:50.391865+00:00
MAFAULDA,vertical-misalignment/0.63mm/43.008.csv,c73343df2c521a688c6d46cf8385356ffed1854bbfddbd3f0f09748734afcd0e,2e100dd163a37d705d2f55d1034ca51f94e45c3c657fb276886b772071b63fcf,17515499,2026-08-11T16:48:50.441865+00:00
MAFAULDA,vertical-misalignment/0.63mm/44.4416.csv,18d3a1949dbc1cd7bdd0b5c12b014d6ee9526d76eb68ee21647fe6641a66ca42,b3a209f1257e502f7c3d84d8385eac891c4a8a0e1bb6f8d937080057c4999cd0,17487770,2026-08-11T16:48:50.491865+00:00
MAFAULDA,vertical-misalignment/0.63mm/45.2608.csv,8a86ed58252eb64ee2f67c97680a0e116b242a39bb13e31912b9f1470e95c32e,0a5949ba945ceaffca14b04a6ba1a0015b3ce26bbfe8fbd72338035e1af5ad6e,17516098,2026-08-11T16:48:50.542864+00:00
MAFAULDA,vertical-misalignment/0.63mm/46.4896.csv,acf682a5af9779a84441a674346b50ba5c2cb1f0ba32d707031f008d3f46b57c,9be2058d769c55550bdbddef78da30826d34b36d34803786bdb4f14fe562c019,17542915,2026-08-11T16:48:50.591864+00:00
MAFAULDA,vertical-misalignment/0.63mm/47.3088.csv,9e09e3499f749f1ebd65490912929ab2a8248c111e653be5a0f97d636d5e3c50,bffa10ede459c276ff3ceb74f2ac04abab6a3ee61104affd10b68837aef273f9,17481465,2026-08-11T16:48:50.639864+00:00
MAFAULDA,vertical-misalignment/0.63mm/47.9232.csv,90a4d2fc04fb0643b71a4c119ee91cac8cb428585151924c5d28bf2a8bc498ab,7daed6826f9d0faf092a727fb9e1a0c5b6c531838ed5b1e9a862966402c23bcc,17454580,2026-08-11T16:48:50.693863+00:00
MAFAULDA,vertical-misalignment/0.63mm/49.5616.csv,c5c251ae0d259e8894c366094677ba4af364f5fe6f4c4413c801c71b69f4aa09,283cbc28b58c4ef8a1eb5ab84d3fdb33f11760d0e4f9f163b7b0b0f1e64252d1,17492538,2026-08-11T16:48:50.741863+00:00
MAFAULDA,vertical-misalignment/0.63mm/49.9712.csv,5e5029f792aa684d2cc53a05a92715e51edd7dc7b597da8bd64e8aa8252f56c7,0657b2446690e046319579c221be18873dee8a5ab28908cfe71e7d23ea48ed3e,17459413,2026-08-11T16:48:50.789863+00:00
MAFAULDA,vertical-misalignment/0.63mm/51.2.csv,9f7f728cc29037c9b102a64b1aac22a27165efa23fdfd71aed09b15f6f65b06b,1f6e99bd96983e5d642202fa4634f459922ede0bc3ff1cfddf7d646858f81068,17485450,2026-08-11T16:48:50.837862+00:00
MAFAULDA,vertical-misalignment/0.63mm/52.224.csv,8748430c99e8cf3a8b7b85440119558becc5b7748b938d978706342d5ccaafc4,ac545412f694a80721af6f87bd4371ae4c4d3215360a173a100b6a95ba93bbf1,17447870,2026-08-11T16:48:50.885862+00:00
MAFAULDA,vertical-misalignment/0.63mm/53.248.csv,6026ace06a07db36ac59c9afc79916325b92da98801fb5d84a28673068b38f15,031e784f368158ed86bb48beabdeb74445c1a1559b8024969c49f89c13780505,17382460,2026-08-11T16:48:50.934861+00:00
MAFAULDA,vertical-misalignment/0.63mm/54.0672.csv,e3bb9b95ba70960e4a361f90671da5360bcd2944fbc8753e2c526a81c0ea8580,9b9ca3aaeb1fb373c1b220aee3dd8cf10d493ee16f11cb613987bad4bbce7726,17299117,2026-08-11T16:48:50.983861+00:00
MAFAULDA,vertical-misalignment/0.63mm/55.296.csv,cf1f5befe0c7bc51a9502de62b538021328f4eebbb347dccc902507c541846ee,b946ae3629f7402ed18bd0f222361231c0e0ed1660b3156574532743fba5c662,17269940,2026-08-11T16:48:51.034861+00:00
MAFAULDA,vertical-misalignment/0.63mm/56.5248.csv,8fe3ee81a18139ad3f6a3d982ae48bfcddde89ff9a1a9eed58bdff775a0407a2,296cec0e45eceaf92ae6d0dd40cb2a2b3e9da9374a79b8a868f7fbc27770e219,17349297,2026-08-11T16:48:51.084860+00:00
MAFAULDA,vertical-misalignment/0.63mm/57.5488.csv,d9ef6da2c1becfbea18a3b4f6fbf8c2ea2c75a5d5b17c69ce98074163822565f,44f39d14614f4ba9b88245fdde5b190dfdd4787defd1e21ebbf066bac19a9bb8,17327004,2026-08-11T16:48:51.134860+00:00
MAFAULDA,vertical-misalignment/0.63mm/58.5728.csv,5e9217d9f4ee441eb4a2d002aba98357e002c681bc6b0c3bfd593b8d1828375d,99c842cb1c6b7ac4cbc63d478c443584bd4aa3240685a71dd5e5c9a9b8269af4,17275861,2026-08-11T16:48:51.184860+00:00
MAFAULDA,vertical-misalignment/0.63mm/60.0064.csv,c8ce13c1a00285aeac7afa4b8b718933c069d76441c1d3397f4a2a3f51c779ff,b180fde66cc93e230f69c54d71602b7694e53164d7882bf757624c67853bfc6f,16977258,2026-08-11T16:48:51.234859+00:00
MAFAULDA,vertical-misalignment/0.63mm/60.8256.csv,970fafdf18bd7f2ca2a97321343eaf5204247584a1d2eb90592e3858922f5aa3,a105c7798322ce814a0cf78eb3d568975bdde328f60ec40079801be23a7e7915,17024023,2026-08-11T16:48:51.284859+00:00
MAFAULDA,vertical-misalignment/0.63mm/61.8496.csv,bf469660359b362e8fb6423b2cd167a054e9e8e4eefafc9c1ecdb497d3346273,e9f9a4928b29e6866a5abd0266e399aab17198a6de7ffa064d4c764568afccd5,17032225,2026-08-11T16:48:51.336859+00:00
MAFAULDA,vertical-misalignment/1.27mm/12.0832.csv,8c8de839494237308b68e98e81b00008c7ef5bd346615caf375c11bc0b15bcba,ebcba90538f10895cfe9c9bb12513beb516696e0b37ea9df63e612013265e6ec,17497788,2026-08-11T16:48:56.414822+00:00
MAFAULDA,vertical-misalignment/1.27mm/13.7216.csv,b5c11962631f847668ab8437d0ebd2bd33051f9c9d08c78c5773fe5b320fcbe0,2bdfc2fb17c2b2315997069690367642f50f1c20b8c54af0b8254c0724e551e3,17408659,2026-08-11T16:48:56.464822+00:00
MAFAULDA,vertical-misalignment/1.27mm/14.9504.csv,d9527c6edd11be488040e9119f81f8b1fb835037b89fe20a69cdbd00d62c5682,0b53d304cfe6ff0cc214456866b9de51e8737e73db36406d37457e9e0da6df3e,17464984,2026-08-11T16:48:56.512821+00:00
MAFAULDA,vertical-misalignment/1.27mm/15.36.csv,992154b1ce672fd5258d8b93b73660c73fcafcf3046a01853d404162b640dd14,54dd9b502867eb815ce0ef657b11d1ac0d3ad6ba72e0ffb5af9daaed264230fa,17484589,2026-08-11T16:48:56.562821+00:00
MAFAULDA,vertical-misalignment/1.27mm/17.2032.csv,1a321caa8e1577ba30cdb9d2ac42be43f8b87f76df495546e2b0325aecfac4c1,6e5ec76be517af6410a492b3968094b2daa067fb486b8cc2e9034230acdd5a17,17438700,2026-08-11T16:48:56.612820+00:00
MAFAULDA,vertical-misalignment/1.27mm/17.408.csv,0b40bebda6a3081185a32157fc33adc25e0424bed5bfd35740486438e2aaa06a,e6fb6195b6f030054bf03f57317a9c49e387e5ef5f93f9b06e68c6610acd06d8,17455711,2026-08-11T16:48:56.661820+00:00
MAFAULDA,vertical-misalignment/1.27mm/18.6368.csv,5c3189970d3867f4ae88f8fd617b0a65e1d26a19749112be6f9c4a36f2d08b77,1fcd5a6d805e34e0c0ffe4e61751ca6f33a56edd288b56e4dd821cf2e5f86256,17381439,2026-08-11T16:48:56.711820+00:00
MAFAULDA,vertical-misalignment/1.27mm/19.6608.csv,2c809c67ef1c0b9051b3a00e8b58632dd6ffc9ff194aaf72b2b27874c5104e42,dbbb981ffc94080a83fe7871a4fc6ac463bf899fd50fb8312c88fb99d74e1065,17480612,2026-08-11T16:48:56.759820+00:00
MAFAULDA,vertical-misalignment/1.27mm/20.2752.csv,954c3ace1bb1b8ccb2b7f53465f22115522b8c5da7f4071553478998b4b8c91d,76dd875bcf5767b40ecd9bc22ac6daea4b6669934c312a142837f9db00d71f20,17490838,2026-08-11T16:48:56.808819+00:00
MAFAULDA,vertical-misalignment/1.27mm/21.2992.csv,8b211edb803c618bac640c53a4181e24ef09dbf102cea5a41d1f3951eadc8706,338e662ab12bbb3829aebb841ef0da7295057f563d5ac929b8f3f0e11c65ba08,17394248,2026-08-11T16:48:56.856819+00:00
MAFAULDA,vertical-misalignment/1.27mm/22.7328.csv,cff1e47df259b837f870db634b931240baa4f65c90f3366cccafd8836e5858dd,ae08cc14d4ffaaf6ffc2a9387109ebf614e6155ac8da5a09a85d2978ce950030,17511256,2026-08-11T16:48:56.905818+00:00
MAFAULDA,vertical-misalignment/1.27mm/23.3472.csv,571ece70bc3c25e2cd95f121c6510dd3073646d7d7bd93c5c4a2b4de640e6d53,58f10cc03b690114d2a5b7e39184a2784af94354c9c2c2edaea99977b77af781,17434900,2026-08-11T16:48:56.954818+00:00
MAFAULDA,vertical-misalignment/1.27mm/24.7808.csv,c24dfede3231bbeb02d0977ab994d2921bc0ae9032866e02e61c1f1a8b3225a3,b7881ec6e713819fd20c395e472a9e9f444f63a8b437ffef5b0596ede05738ae,17429469,2026-08-11T16:48:57.002818+00:00
MAFAULDA,vertical-misalignment/1.27mm/26.0096.csv,b8aa9937adc64afb9229f0be1bd7cc5d965251eff2de9a8caf979a2e3c99031b,fb8a96414595001f84be18636b663e0b28206bfdaeb746adffa33d72d4e71473,17480271,2026-08-11T16:48:57.056817+00:00
MAFAULDA,vertical-misalignment/1.27mm/26.2144.csv,60c867d2f75d599f24209e04b80815cabb02792894dbbb294d1928b2771e16f5,804875a3416d9c58757c05dbef1033e21c204f4be39fd44a0c94e242f7c91b37,17494925,2026-08-11T16:48:57.105817+00:00
MAFAULDA,vertical-misalignment/1.27mm/27.0336.csv,24fcd129668248c982215ca929cfc63ee6728878ea553803d93b15f1589ff883,0de0bb6de1aace92e13add6579880a599a766ed18c8d226d3ac781c77e1262e6,17483219,2026-08-11T16:48:57.155817+00:00
MAFAULDA,vertical-misalignment/1.27mm/28.672.csv,64d1a799ecbaaa14089c6f0097c280a7d44e2b5e779ddf487b2665b0818d5da4,c86a0a011c09b99422bdc028329ea493c42a7e6fb0a43bb9fe6d663321ad5bed,17422591,2026-08-11T16:48:57.205816+00:00
MAFAULDA,vertical-misalignment/1.27mm/29.2864.csv,3c3a8d5555bf6a91ede98314dd099f3b89282346bd1f671b66ad6ef0bfb15a12,d5c10f50d8ab4618f0c807765bfe5b327287d745a87292eaed62d8651522d491,17282566,2026-08-11T16:48:57.253816+00:00
MAFAULDA,vertical-misalignment/1.27mm/30.5152.csv,8864e618f886cf8a8446709befd11f06bb5be69625fdd5cdf1e2bdb9fc300852,fcf095be84eae9df2ca00315d65fe42f2cc13ba732554645795e450e79ebcb89,17201771,2026-08-11T16:48:57.302815+00:00
MAFAULDA,vertical-misalignment/1.27mm/31.1296.csv,4bcd8c5538c7495259a68a62a814536964fd7e3f3bb9b029b86f756f59b7ccc7,ffcd7bf6ce611aa09c1401fdab56b4f66e9bdf95732e64f8e859710ee50feb7c,17418546,2026-08-11T16:48:57.350815+00:00
MAFAULDA,vertical-misalignment/1.27mm/32.9728.csv,1c2df2a49ec468c279005ba24346ec6f7542a7b712083163cb3db655422a073c,c23b675f1387e3174ad0d993481f7c8cbc869d37e3f66042fb92359039db7780,17507517,2026-08-11T16:48:57.399815+00:00
MAFAULDA,vertical-misalignment/1.27mm/33.9968.csv,e06a28b04832e54d565d9952426267342758924ce5865397223028f24a6bb16d,7795c84fd13130d08d518445c6f43908c60a070bcb6818f9a7f35a8a5e873649,17432470,2026-08-11T16:48:57.447814+00:00
MAFAULDA,vertical-misalignment/1.27mm/34.4064.csv,49c387a1ec80cac6ba4362e368972ec7bcd987df4fcb2a84eb6dc3c67572f5bd,50336dcda5bc1ab9aa8086ecfb2dc16c945e253254c32db48bc2400cd310fec4,17454554,2026-08-11T16:48:57.496814+00:00
MAFAULDA,vertical-misalignment/1.27mm/35.4304.csv,5f38364a31dc22a36122c9f79aa63cf0c01ef96adc162be2e633c32d975e0e1a,10948665560876371072eded353c10835257d874da1fb20857909aacf180fa3d,17483386,2026-08-11T16:48:57.546814+00:00
MAFAULDA,vertical-misalignment/1.27mm/36.0448.csv,4aaffe2f9bfd64cc25a6dd60d0c5369035e8350f6693e7ce8cac4c517e5ae7eb,8765e29314528a8f37441afa46c2d57e3aad2d633a0f41a9ec66b95d5f30e270,17485366,2026-08-11T16:48:57.595813+00:00
MAFAULDA,vertical-misalignment/1.27mm/37.2736.csv,20ebaf228814a9d4875845639fd93dbc08bbf241fcf1ee1313ccab15c8f4fdb2,a56ef22fc3f4a02647578e324d0e9c8a33187efa371c1ade616c434d54898951,17503191,2026-08-11T16:48:57.644813+00:00
MAFAULDA,vertical-misalignment/1.27mm/38.2976.csv,ea0908eec58c49eaaf6e5cb9b3a96c8dbde7cb897fa75fece48e1fba926e8d14,ab558bc906f14c11998b9bdd3c997c82353e39d6da41a24f31279a152227ea9c,17504683,2026-08-11T16:48:57.694813+00:00
MAFAULDA,vertical-misalignment/1.27mm/39.3216.csv,c089fb3a5520c7522951834c00e8a43c59934dfde1e348959d510dba64abd0b6,f93775a5129ba759a58be47ca899320f523673e15985b7641eee1532339fac7f,17420311,2026-08-11T16:48:57.743812+00:00
MAFAULDA,vertical-misalignment/1.27mm/40.7552.csv,c7dea380408d2687eb44b59eb7fbcf29682bad492187c70717223d6c28dd26bc,c7e62f5ba97ef20e9cd02c93ef0a144c01a9b477eb2c8f4ea5a5db71f3ac1665,17465290,2026-08-11T16:48:57.791812+00:00
MAFAULDA,vertical-misalignment/1.27mm/41.1648.csv,c88404f7cb156b254dc7220870b9ef8df90b500140036929808b9c510810f078,d6c3d1408615a99de8d6c141f7d03b320784e4abdfc0a06ba17fad07ea01408c,17448603,2026-08-11T16:48:57.840811+00:00
MAFAULDA,vertical-misalignment/1.27mm/42.3936.csv,bad45b1925c56bf77b1709d275f2c390de2a488ca9c82be0915eb98c3e619d60,a0dda8747186eb5c4b513af5f78726928bcc0416a43e2ee02b7721bef23b82ae,17454012,2026-08-11T16:48:57.888811+00:00
MAFAULDA,vertical-misalignment/1.27mm/43.4176.csv,91ae010a494e4f0adb51b5d574535cbbe4cc7ad9adbaa3f59bbdfa43dfd629cb,6ebdd05fdfa8e3fefa753ced4a80744d4e25a92adb56d8f1a198fcb16a599050,17452551,2026-08-11T16:48:57.938811+00:00
MAFAULDA,vertical-misalignment/1.27mm/44.032.csv,303996899f5185a2854c913f0ad0c3a3a8912cf1cf2fbba104dde2e5bea12837,6b70bf82e7660897bbaf7e88f1de58f413bb98c6e52d48051f0128b022bfb72b,17442560,2026-08-11T16:48:57.987811+00:00
MAFAULDA,vertical-misalignment/1.27mm/45.2608.csv,3f1ef8f46a39761750a55e0d89e8154b3ecb83d7d0f845f87e0030ff10d306ee,4e5b58c4b7f6adacfbb6eecd1b90391e7bdac4caa6563356065472a2f61babde,17407957,2026-08-11T16:48:58.036810+00:00
MAFAULDA,vertical-misalignment/1.27mm/46.08.csv,c1891ac311979cb937b4588297323dcbf7f7993a11459748471e192a3a3a14ef,9ede871a2bea350980ea6f2f18365284b4239694442b702b1c0a88d1098c6952,17318149,2026-08-11T16:48:58.086810+00:00
MAFAULDA,vertical-misalignment/1.27mm/47.5136.csv,a22775b9572a0e600b0ecdde2196d4e1e0cb9844745c12c8b9878a72e78029db,c7a793f43507b61e862791a43578011ed618c7d5189a223e19ea8df1d5e6d450,17355061,2026-08-11T16:48:58.138809+00:00
MAFAULDA,vertical-misalignment/1.27mm/48.3328.csv,42612ee9e11a905188bbda2dc6a5124a48a733d52a3d37ad3d6a9dc1f76ca930,bb6431897d8ccf67a626995cd6ae955997b20968dc04bf33ca931656a9cdc203,17276989,2026-08-11T16:48:58.188809+00:00
MAFAULDA,vertical-misalignment/1.27mm/48.9472.csv,b144e44209d5a5af348352e4f18cce5b6ac4a2b38352fe594d4d0e2ccbea4ad1,fe50227a0e9175e93eca2bbf234ce11e6d7911e77c5f092a9ca5cbe3abe1dec9,17292925,2026-08-11T16:48:58.237809+00:00
MAFAULDA,vertical-misalignment/1.27mm/50.3808.csv,9b41df191db258e5d3a03fd311a2ef141ececaf039a4931dd65d0634f5d1311c,d55e58871810e0c9b803bcf10b19c7675000d7282edfd310480b3b9918ce2f16,17364377,2026-08-11T16:48:58.286808+00:00
MAFAULDA,vertical-misalignment/1.27mm/51.4048.csv,c87aed8e55e00ce39cc2b2e0977ad212d2314b7016275b4ff3e9cf3f503b6c29,d391d00bb6c140864973fcd1be4af9a259b0d0919498817fd4f1411660612e7d,17317849,2026-08-11T16:48:58.334808+00:00
MAFAULDA,vertical-misalignment/1.27mm/52.224.csv,cf0e547462a2fe0cbb72cc3f93df2cd59d7fbd79b6091e856dadda14b9a25b88,5640622aed866ac83e757f1cf42e16e34783e93be19ccf73fa0b5d7d2aaf14da,17395540,2026-08-11T16:48:58.382808+00:00
MAFAULDA,vertical-misalignment/1.27mm/53.6576.csv,d61a3576acc3ecec64d1d2eb1d5b603f6ceea12761617b2605770d65e78caf98,1b99d05ad2ce1e6fd22ea8e63f15e20895cd1141f8e888a3365f46b9e76e48d4,17262748,2026-08-11T16:48:58.431807+00:00
MAFAULDA,vertical-misalignment/1.27mm/54.272.csv,242d2d11fbb373cd170999f49e2079116e422950881ee752dce952f0fb90d12d,a4f4e2b6f7f747a31bd3e6a008099f579a0e804e555a4dadd46b2166d2884785,17255561,2026-08-11T16:48:58.479807+00:00
MAFAULDA,vertical-misalignment/1.27mm/55.0912.csv,32f4663a24584e696f43f489a0a55fa0fe7b827b03ce06e4110c03aa5efd9f15,661d9040747f1f56f3376eaa37406640acfe3898216492f5af1b9f3ff3a19b8c,17275107,2026-08-11T16:48:58.528807+00:00
MAFAULDA,vertical-misalignment/1.27mm/56.32.csv,41cd120de010ca76e830bd7884dc9549e6cc06102c7166786b48fdf11921cad6,b2fd0d43a704294d3dec9edd9331e0f3db79bcd2c15bde3937a5cfa47f038b17,17296206,2026-08-11T16:48:58.578806+00:00
MAFAULDA,vertical-misalignment/1.27mm/57.344.csv,e72db8294f76ecc835199cee2c1c84caf4d7728b96c8c22c941c40d2ee1d891f,73b2c214b7b860046524e5704bea815ef0fc9e44cd4458fb079af6d7a1700267,17252413,2026-08-11T16:48:58.626806+00:00
MAFAULDA,vertical-misalignment/1.27mm/58.9824.csv,532f88652343427e8e0048cbbc760a5295e3a81003d40e267f081e11e454b809,532c5df10acf5c882df898e25b3f60f2e88fe82849b3064407ba15c9a7c1de69,17032854,2026-08-11T16:48:58.676805+00:00
MAFAULDA,vertical-misalignment/1.27mm/60.0064.csv,9427636a47c396fdc543ac65ee7c38c24a81be3039bfac47a405e91d49d4aa18,e9fbf601266f9a9e2d39eb6875081d4b09f1fc2157fe798896b18b5d1d8920f9,17271801,2026-08-11T16:48:58.725805+00:00
MAFAULDA,vertical-misalignment/1.27mm/61.2352.csv,0f459434d3346afad4e08c878d282efb0765f3401c4344cf8a19bd8a9d7958bb,8c28aeac52f001ab13d6c81a2088bc5508571c69939f941fd048df6236b28f04,17065031,2026-08-11T16:48:58.775805+00:00
MAFAULDA,vertical-misalignment/1.27mm/62.2592.csv,d7f9b2392a8b6702afc3aa545f1218936b8ae0dd134075bcdc531df90d0c1372,64b967e664b5ad755977404d9cdf00ed82a2c675017f5f6109599bd80bf373f3,17179305,2026-08-11T16:48:58.825804+00:00
MAFAULDA,vertical-misalignment/1.40mm/12.0832.csv,aeb6618dd5417cb43d7eab1da232e890985761c93e2bc516b52a9d87e565a933,31e2cad60213684feb7a597dd42adacb40f1da99cb1fa238491e0e31a6716e2c,17531343,2026-08-11T16:48:51.387858+00:00
MAFAULDA,vertical-misalignment/1.40mm/13.312.csv,860ea0e462fccea67b5127b32b86b91713bcfe2638aa6a8979df6228e5a7e699,f7a525f8c92551bdd43fd16b13a9e929b75071acd29255be712d3b8231777a91,17390242,2026-08-11T16:48:51.442858+00:00
MAFAULDA,vertical-misalignment/1.40mm/14.7456.csv,ae5b7c407214a710586dc3430322baa9a96296de3359ff6fd956b3bc562ae578,e924464be938d6eb62303e2fd5b4dca66644bcf9174d1580cf42e67ff0205f08,17369122,2026-08-11T16:48:51.493857+00:00
MAFAULDA,vertical-misalignment/1.40mm/15.7696.csv,20ec38c2d0cff3696372840bf3ad1939cd2f4a5255f7c587230cc0e8848e0319,6dbdf289962a6a4feb3d43085bba5e0ae10858388427586d0ea3153df3e486a8,17475431,2026-08-11T16:48:51.544857+00:00
MAFAULDA,vertical-misalignment/1.40mm/16.384.csv,f82da5d9773e71cf0d8dbc54f44dbb5ab82e53d1f76f023fdb09c414f300375b,0a3376447faa6d910851ec0fa0355105792ca0d42102fcf5e703365abee76abd,17565665,2026-08-11T16:48:51.595857+00:00
MAFAULDA,vertical-misalignment/1.40mm/17.2032.csv,1ac4e5b99c458c36e018b32d01dbf6481dd266189ec900805f694629b0be237a,f61c5f1c2decb63b84094af2487304b085518e74adaafbe6c57f97160aa82424,17481117,2026-08-11T16:48:51.647856+00:00
MAFAULDA,vertical-misalignment/1.40mm/18.2272.csv,a45f683b3b8e8f3f2195d89cd28064b1f67305dac36ea7d88c03e7f712de909d,906099b0e237b24be7bb3a77d81accd637b49da4262e08f2675d32b483ff8399,17523401,2026-08-11T16:48:51.698856+00:00
MAFAULDA,vertical-misalignment/1.40mm/19.6608.csv,764d8a08b46d77fddb518968d955994c69cdf3bc432d68b358a2f72b96159716,28cf80abc2f8fc3d799085a7e0cefe1ea1f92c44d578956333618a203c45640d,17554829,2026-08-11T16:48:51.749856+00:00
MAFAULDA,vertical-misalignment/1.40mm/20.2752.csv,ca8fde8ce97eb8b772023065639d9642093f9aed96bae8760e565dae5e8d847b,30468ef4d988283b55f6ab76cd8abffa35ee3e9716b81e2cd6201448dbeae602,17550008,2026-08-11T16:48:51.800855+00:00
MAFAULDA,vertical-misalignment/1.40mm/21.7088.csv,e606ae7135dcd844b2e909b599878b7cd73354203e32903caa67f4171ecaeade,fdafbc8703bd99ee698ff83b04e066fca7fe9bd16ae44b5c1d75bec3e5527828,17545108,2026-08-11T16:48:51.851855+00:00
MAFAULDA,vertical-misalignment/1.40mm/22.7328.csv,0a226070346759a526fac0ca86612dfafb34875f82a94e2241945dcb5f40d52a,b677896dce2f7e250dbfe02479f102e08b11e0b3d6b6d23c5527388023bc5e89,17586605,2026-08-11T16:48:51.902854+00:00
MAFAULDA,vertical-misalignment/1.40mm/23.552.csv,3a937e8f81a4631d15be7bb78b900f774e6ddc3399c6ab19271c1d1d671c8759,20557633c725abda50c658835de90dac8e3c80e1b9cb601168bd54228205ea77,17420428,2026-08-11T16:48:51.953854+00:00
MAFAULDA,vertical-misalignment/1.40mm/24.576.csv,7d973f74423f450f4c41e86676bb4d59c7596daafbcfcc61da2878202daf5316,b11732d5663c1f81d5e0fd6c00476cfa8cdd763789746e121d71580257dcc0ee,17466138,2026-08-11T16:48:52.003854+00:00
MAFAULDA,vertical-misalignment/1.40mm/25.3952.csv,3d7da745eadaf58aa90c8f33992c8564f0e2ef2f4d714aace3acedfb7e8e67d2,7eee70a7065971851df1229bc5a3fe4ccd32b28af111b4d6e6b08937ff6871aa,17469158,2026-08-11T16:48:52.055853+00:00
MAFAULDA,vertical-misalignment/1.40mm/25.8048.csv,70c4d074d7ea6be737797f6f2d7403c63ca5158ff3e0e76b66e9da148e059e8f,895923ded195675d9b8bdc6c5e0c70ba84b1e118c4e0b1e9eea72fe3818a0bf2,17543950,2026-08-11T16:48:52.106853+00:00
MAFAULDA,vertical-misalignment/1.40mm/27.4432.csv,7d31a69066b7a806dc0d43cd42d55ea8a19e0d76a6e3d06330204243b4cdc37e,eafe26c9cbec144a6a58b9d37eaac99d28039311fa15c05c2d0d5e6ebfb2e5fa,17513174,2026-08-11T16:48:52.157853+00:00
MAFAULDA,vertical-misalignment/1.40mm/28.0576.csv,3eb5583557efc3c86a8e1855213ddd0f2305d4390361b857baac0233c87f123c,116d8eda602d114b88d42ac7369fc76d3374358b6099f96ae3f5def667ccb861,17457197,2026-08-11T16:48:52.208852+00:00
MAFAULDA,vertical-misalignment/1.40mm/29.0816.csv,eb338323c471babd3b4c3cb324433ca9bcd901e9d3718c9076525019f41a43ed,bdc3558e6d27b9a1e5e2eb549da20005943bb0c7f51e8fb003173f47145786ac,17429064,2026-08-11T16:48:52.258852+00:00
MAFAULDA,vertical-misalignment/1.40mm/30.1056.csv,837f4be6e96159d8a2bfcb1d9732e3a0cd7b4d27d2bccdfcc7fc7371753ee6bc,f47718b7e97c2945f2c962e94523133bfa41f7f195a5ba14573545251dea4f56,17221065,2026-08-11T16:48:52.309852+00:00
MAFAULDA,vertical-misalignment/1.40mm/30.9248.csv,68f54a63ce41c846ed53a351070c2d09ae6aed0f67eb5f79e0ee7d27a8cf23e3,5172a4c0487cb3204abeff10a0450f3a585a03b60803d9287582c5bc1d0d508c,17421535,2026-08-11T16:48:52.357851+00:00
MAFAULDA,vertical-misalignment/1.40mm/32.1536.csv,f0eda15769168a19435403c24ba0fbb700351a40322f7fdd9d9c4fe186200733,8ddbfa73cb44261f6e7ca5f73b3b8e7462af66d45b833dc6f02cba90893fd743,17517453,2026-08-11T16:48:52.406851+00:00
MAFAULDA,vertical-misalignment/1.40mm/33.9968.csv,0a649f08a210a43eb64bf2dc64c9b1eeea65e938c2c1195e5ba6dd81af63ff9d,4c76a92c2b14a9508c3e750266f2e2172a241464349b3afe41065c91c4b35508,17556520,2026-08-11T16:48:52.456851+00:00
MAFAULDA,vertical-misalignment/1.40mm/34.6112.csv,7f6ee0fe42d1a77abc7d48d474eacc3e50915a59810d57bd4892c8a19e002efd,f043e8f7ab094f9dd417e8bc8ecaa1dfc26ddc4d888495887338dabafcd699a0,17554748,2026-08-11T16:48:52.506850+00:00
MAFAULDA,vertical-misalignment/1.40mm/36.0448.csv,73c0e3940139bd3decd02216110c95239607dd27b2c102d89c84ea3bd18371fb,630e7b686fb3901fbf3c281a2c923fe9cf180fdb3788f8f41d637abbb6b23ccc,17564371,2026-08-11T16:48:52.558850+00:00
MAFAULDA,vertical-misalignment/1.40mm/36.864.csv,f48bf42307c91e5ccef947a7e981ce823483f2d6c360e91e9cf829cf5593bb51,a01d13305f9e604226a30006ccc3b26da66aad8f0ac4dc82c7a56f3e46464c22,17586300,2026-08-11T16:48:52.609849+00:00
MAFAULDA,vertical-misalignment/1.40mm/37.888.csv,257d595479c53526af1c5f2342d9959bc93c179c1f5dc033c770d098c6917e0c,b4e2240e07ae65937b896bae6e3c1679632c105e2f55ede32b79ad0d4dcedb56,17557443,2026-08-11T16:48:52.660849+00:00
MAFAULDA,vertical-misalignment/1.40mm/38.7072.csv,7439fd9721e53b7f915820762e7200f8f8f12187fe64c2050bd53d1d286f55d8,0d2db4aa0f532f276054da267439f75d2527e3ae6e7491377a23340e7f052df7,17558188,2026-08-11T16:48:52.710849+00:00
MAFAULDA,vertical-misalignment/1.40mm/39.5264.csv,35c0e5ab39691d9efab56287e1ffdf4a8a632f601ba3b3852cdd54b5d82daa9b,2d526a2f18ce4e3ad20e69336b44d0a0033e6142c5526b469cc0f864c6986110,17492031,2026-08-11T16:48:52.761848+00:00
MAFAULDA,vertical-misalignment/1.40mm/40.7552.csv,506fcc6cfe790edb6312f767894f955fd239d7c0f0d276191ba7f1a449431b39,9bcec4df57af1ed6daa53f6a9289f6bfadbe2fb6fee0fbe4478b8b801bb24684,17511001,2026-08-11T16:48:52.811848+00:00
MAFAULDA,vertical-misalignment/1.40mm/41.7792.csv,03ead71dabf3e28c76a725db84bad62cd4d27a17c2f5529fe5aa505f8160ac5a,e900b4549def30363d238114f15a55c2f855eb3a5dc565b58672bd82403f0fdd,17535183,2026-08-11T16:48:52.861848+00:00
MAFAULDA,vertical-misalignment/1.40mm/42.3936.csv,6cf9607897a4fdfee4d051919c6a10cc9bb268a9f0920497fa07e2c0185806c2,3de1fae3378042855ece875b007dc08a90b7b8b51fe82b273d76f5836c74f65e,17536380,2026-08-11T16:48:52.912847+00:00
MAFAULDA,vertical-misalignment/1.40mm/43.2128.csv,284fddfb625fdc4e4692e22b65517616d6a5356dd1dc4d80c90d7d86d9be90a7,91a4efce67cbbe5975ecebb0d67cf4d2720c37901e0dfdd02c3977adcdb9036c,17517899,2026-08-11T16:48:52.963847+00:00
MAFAULDA,vertical-misalignment/1.40mm/43.8272.csv,c21a411d2547820b4d10c69fbae08f80fd5e1ba44b6fe48565de7d54a9bca219,f35d55236aff3b997d5598b4e8179b5f89e0beb12de7e26a76f289f06079255e,17516560,2026-08-11T16:48:53.014847+00:00
MAFAULDA,vertical-misalignment/1.40mm/44.6464.csv,4bc98191e43f74663dc40b25c0b8b2fbdc1dfe1ab6749f77f3ede22dfa6dc27d,68927bc9ab89735774a2429eaead1e7cb01cfb697b905db733fbf75d35cee078,17483932,2026-08-11T16:48:53.065846+00:00
MAFAULDA,vertical-misalignment/1.40mm/45.8752.csv,d9bb22f187778b242644ed880e0570cd6809b7ec595c7a9909e70c8f6bcd99e1,51ccf1f43dc534c116797d7ad65493af79cefb58400b0fdfe2f10a12a91b9cc6,17497821,2026-08-11T16:48:53.115846+00:00
MAFAULDA,vertical-misalignment/1.40mm/47.7184.csv,c4342cafcf472254664f9e1933ce2396cb45a51770f43508304891a6eeb5d2e0,545401d2585fea62711cf130534c4b50115f174f4d12b69d6b60624966c6d38a,17431321,2026-08-11T16:48:53.165845+00:00
MAFAULDA,vertical-misalignment/1.40mm/48.5376.csv,5b00754d853d2db9728fe76169ccc2fac68eb6f3542f99c59ff21ba312e782c3,637df25e82d3606bea1ea3ce68cc6b45238bed719e200a54f6b746357e3a5f3a,17408126,2026-08-11T16:48:53.214845+00:00
MAFAULDA,vertical-misalignment/1.40mm/49.7664.csv,c682d1c9b412c36daea2c205410b3ef7e86fa4604bfd107ff9ac4fe8c2137545,30b8d3ec9d3d7e47e7326b48c850d70e38facd7fc84aad1404e82cc3f8de178e,17403826,2026-08-11T16:48:53.262845+00:00
MAFAULDA,vertical-misalignment/1.40mm/50.5856.csv,eef69064ac2035b20918e29e6e4815d26860a0a0bdabdb287e7cef4b73eace4d,64c6c26c69ba95daa9bb7f376f8506f5489ab0f1ae824cc774c9cc817d7c637d,17410626,2026-08-11T16:48:53.312844+00:00
MAFAULDA,vertical-misalignment/1.40mm/51.2.csv,d8125bb359fb90124b8b9c956284397b149b9d61c51d8eb210b10ccc0dc8cfd1,751cad0105d675cf7f95b669579cac3ce4f9d15168a48502bfb8084989ffea2e,17397693,2026-08-11T16:48:53.361844+00:00
MAFAULDA,vertical-misalignment/1.40mm/52.0192.csv,a55ba88fab4adaa4ed24e698989bd3bad59a4a7322916495874ea75591848a04,e44189a5e33d2d28593a21603bcb15140cba815fc0bc30d9fc0bb1e99aa16957,17414329,2026-08-11T16:48:53.409844+00:00
MAFAULDA,vertical-misalignment/1.40mm/53.4528.csv,922c919ad2ef79423c67d663f9efafceee85ccd16732c975f925d01f1010aca0,519c8ea965e9099f59e2fea317ca4b6e75a4ea399c238d113ffc84808aa5052e,17342431,2026-08-11T16:48:53.458843+00:00
MAFAULDA,vertical-misalignment/1.40mm/54.272.csv,3f2ac5b79492229dd10bbac03d517bd2e670363b7f9ef951503ad9bd5808dd09,3bb3b3334f69a0277ae59b4e42027352f2e5c268b25c11174db84b1ac6483fc4,17329346,2026-08-11T16:48:53.506843+00:00
MAFAULDA,vertical-misalignment/1.40mm/55.5008.csv,381616a9b0ee37e320016b96cb0b737fe5893d63f63a0d4634926f28bf9210ee,0d054a7901d8ca2d41f38eb25bb372c682b82521bb460aac2046a3515572735a,17309423,2026-08-11T16:48:53.556843+00:00
MAFAULDA,vertical-misalignment/1.40mm/56.5248.csv,10d68f3f7d0974d8931bd729f8f5169977bf4e433d8c4eb1dd3c8b03b70b3353,44cad384e147d9a7ef0475e8c41bad2fda8cdecb6697e8bfc3cba35cc17b4016,17319578,2026-08-11T16:48:53.606842+00:00
MAFAULDA,vertical-misalignment/1.40mm/57.344.csv,9ae8f5b2651c5b525fde418970f999b2c7ac7eef950ca598770f1e3f1ab9a36b,a7efdc91f3aa1333d6ff1be414c82a0fa708519ed09ac551f1a95b499ecd0e2d,17277275,2026-08-11T16:48:53.656842+00:00
MAFAULDA,vertical-misalignment/1.40mm/58.368.csv,45d37605e1b5b48c5f4e671195135a506089a3d89ea1341582146bc823724409,b5504c36a48ca9a7838073207b2a63b52e90716dd127603f52ee3c614c879763,17228349,2026-08-11T16:48:53.705842+00:00
MAFAULDA,vertical-misalignment/1.40mm/59.392.csv,c9f40c7fba2cefdc599476c6ad644aae9efb4d3f7bb3fafa61da5710c362e2f7,f912c773a2a12ab8cdc2d9fd194ebb6e89933b654571a578cb04eadb1c0a5f29,16944491,2026-08-11T16:48:53.754841+00:00
MAFAULDA,vertical-misalignment/1.40mm/60.416.csv,1054b5314995082f2a8340bafda16e0b4686303f0e645381287b86c6491c5667,220777579a1c097b32359fc54bd3d4a7eb7c5e2ebdac64f2af0cc739390f8b7f,16839617,2026-08-11T16:48:53.803841+00:00
MAFAULDA,vertical-misalignment/1.40mm/61.2352.csv,f3862d660c801198e9f9c11b2982230f6c0275d0a5a973f65f27ef16814684a6,b292b2c6644b7460336fa5330629234080ac2a4aca686b7bcf95f35528e077da,17069061,2026-08-11T16:48:53.852840+00:00
MAFAULDA,vertical-misalignment/1.78mm/12.4928.csv,0172c390b6228dc44119abe65351ec26c8d56d07eebab3f7ea336c40482cdd8c,1397316191dc3ce461a919b3e88a1adc7b15633a0a005a02a1d91c70a6266cd4,17481766,2026-08-11T16:48:58.876804+00:00
MAFAULDA,vertical-misalignment/1.78mm/13.312.csv,f616162bde258398f536b19fc375d153c1ea87d679c9ad2f1db736ed5da4e68e,dbfc29fd1703d53ae306279d0d39881744569101c378d027a3f7a8db0266ce9d,17383989,2026-08-11T16:48:58.926804+00:00
MAFAULDA,vertical-misalignment/1.78mm/15.1552.csv,48629cd9619c4cfcc22b6573c8149a82c6364a750f0e6f512c8632fd4d57195e,dc569e3bb9561e629842ff712d64b831d3912abda3d4f790f9a07120e8c522af,17395895,2026-08-11T16:48:58.976803+00:00
MAFAULDA,vertical-misalignment/1.78mm/15.9744.csv,56cfe3606f3a48e10226ed7c8288cec9d9b27db1b821118e5874f947c74492b8,a5c55b94a141a5846fe57faa972a4038d527b970ad6c3802b63b5c8a9d81e753,17458458,2026-08-11T16:48:59.027803+00:00
MAFAULDA,vertical-misalignment/1.78mm/16.7936.csv,6d33f7adbab4271f7abb3f352772ab364222fbb4bbf7f53fdd7fbe01f0c003a4,535b806f943fff54d9424ecb67f4b51316693f5baae656fff0ccc8bd49306998,17566909,2026-08-11T16:48:59.078803+00:00
MAFAULDA,vertical-misalignment/1.78mm/17.408.csv,ea8e5f9ba940f3f4ce9328d1f5268fc5d341b82ba5323bca0d4d02c0b7163c46,d49131f1b65b55131a8d2b7636b2c41b1e289881a7aa4d957cff09b69a3e71d2,17548883,2026-08-11T16:48:59.129802+00:00
MAFAULDA,vertical-misalignment/1.78mm/18.432.csv,14b80153b68208bde3191456c92fc2c382ae13605746a043edf152a2b6fbe1b9,cd12f0cbba40510dd7b1b886ac552ffaddba5c880d023e55f61cd00db15d3a1e,17358065,2026-08-11T16:48:59.179802+00:00
MAFAULDA,vertical-misalignment/1.78mm/19.2512.csv,257651b11696a0185eb91c1eabf00ab11253ec86815f3563e0ab4ab4624e6d62,8e6cf3bc9cee2b7dd0df6b50a5b9220f1b49fd57db8b58b6a63902a254610bd9,17578562,2026-08-11T16:48:59.228801+00:00
MAFAULDA,vertical-misalignment/1.78mm/20.48.csv,1b356ea46a6fdae0d8b22d1b9d0fc095ce84952b214a59aa3f61cbfda182d7e3,66d51b98eed6eab1ba64daf5ed8f12c141dd9db62168e9a884a5287dfbe84d66,17589929,2026-08-11T16:48:59.277801+00:00
MAFAULDA,vertical-misalignment/1.78mm/21.7088.csv,b82ba09e9c3f3ca570041af4df36592eff747f7013b3880a7a515dc53ae10c16,5008914d163dc72085d7e23afb7aff0f3b41ec6e0b8db0d5ef7343d26a51aca4,17568029,2026-08-11T16:48:59.328801+00:00
MAFAULDA,vertical-misalignment/1.78mm/22.528.csv,2098ec9b04183ea5fc741c1d208ebe8a49f69a6d85b039f98b73d1ef014dedc7,ef0567cf05e58328dce47c362754a73a1ff972c71d01a10c5ca6bf4bad5f1f12,17574921,2026-08-11T16:48:59.378800+00:00
MAFAULDA,vertical-misalignment/1.78mm/23.9616.csv,937422f3e79ad5ec0688df079e8ee2046c0ce7825aa19189796058545a5650fd,05ad7165c10c203edc8722363cf8d53fdf40160d9b72293a0e3821a1418b9e21,17373853,2026-08-11T16:48:59.428800+00:00
MAFAULDA,vertical-misalignment/1.78mm/24.7808.csv,4b684811cd50ea6a0880f3d29d19b4d2690d96678c053076610ff65f88f8396e,3a70ca0601f276903aa56e644042dcc8175597b779eee5616657982b0cdb3867,17590923,2026-08-11T16:48:59.478800+00:00
MAFAULDA,vertical-misalignment/1.78mm/25.8048.csv,f4242874f30797acbf74bab90ebccd569d73007b90607af0f24e34b41b2bd518,dd2311e24db2eacda5229db8509fcf03a84161763e69b1c1939e875f4d60b50e,17572346,2026-08-11T16:48:59.529799+00:00
MAFAULDA,vertical-misalignment/1.78mm/26.624.csv,d61465af2b61376e3311971523f64baa615c6d9e7bc36dffe6ee78089d88e358,e80815d43c474ad16069764dbc816396e5f25f30724aa6360110373e8015ceba,17351953,2026-08-11T16:48:59.578799+00:00
MAFAULDA,vertical-misalignment/1.78mm/27.4432.csv,1b8e25f7721d375a7ccc5ff78cc5a72f6f2478192e64ac2e729f4659b6fc6ba1,377c910fa96744022434ec2de7f2f047fcf1b2605761b0f388ea503c2989a750,17530835,2026-08-11T16:48:59.627799+00:00
MAFAULDA,vertical-misalignment/1.78mm/28.4672.csv,680b59e6b2c19473f980c7d66e190d7135c170753747d8a68fc9b375c6b53221,c2b1f2c7aa9b464bf67210b3eed1cbc36ef0a6f2814657f52c472dc73e949f50,17484121,2026-08-11T16:48:59.677798+00:00
MAFAULDA,vertical-misalignment/1.78mm/29.4912.csv,023bbb1d3ff28937e97241b3e1b5ae2db9d332dc024ad4e6680dcb8e08729754,23d371069b019733cf1b79fedcf95705f66900d679a9f7a1f7521643c3d3f3a9,17307060,2026-08-11T16:48:59.725798+00:00
MAFAULDA,vertical-misalignment/1.78mm/30.5152.csv,3c048a8e07183ea4f128a9026dbd7023fda613f6d860d11cc232c48f8828be3c,862eb7c5af3bad99a67532e7139c93b024bf063d78aa4526055911a99923bf2b,17208332,2026-08-11T16:48:59.774798+00:00
MAFAULDA,vertical-misalignment/1.78mm/31.3344.csv,79a3b82174cadf86d23426fc7834d67ece09f198c56ee877daa11eb415639867,ff539dc0a9cbaa446b017d4d7e817a84f5da60bc6a2a46f3d423bafa1ac75302,17482728,2026-08-11T16:48:59.822797+00:00
MAFAULDA,vertical-misalignment/1.78mm/32.768.csv,adaf50a38ea26db592f7c420eae3d2503a3ccc6b9a0b1dc16135defd166432cc,008d37db1280f6c3903bd60a0f465ac1c523232aade69b0c4da32ee752084099,17541653,2026-08-11T16:48:59.871797+00:00
MAFAULDA,vertical-misalignment/1.78mm/33.1776.csv,6c4766f9977620fc208180b55bcc53bcd3f9abc96946a46e641c24076e8e2461,d5ad7aeb62be9f757aac79eaae950598c0526186f0f4cefc992f6fcc38619438,17584294,2026-08-11T16:48:59.921797+00:00
MAFAULDA,vertical-misalignment/1.78mm/34.816.csv,9ddf56e28fb1257889983781c26a6533a9f07dae4faed1eb307f1a8e8278c54d,912b998437eb878346f6721210af594b9e4f613983f90b86e3301742be2c8cae,17577061,2026-08-11T16:48:59.970796+00:00
MAFAULDA,vertical-misalignment/1.78mm/36.2496.csv,4c7a173b8e400ffffee57fce096cc4c4ab0fd6660776b97807b4217ad0b0ea21,b22e7f13e8e712e02ec0ce98c88fa99c8724692fe4878420c31f8b215d7aae35,17563013,2026-08-11T16:49:00.020796+00:00
MAFAULDA,vertical-misalignment/1.78mm/36.6592.csv,b8dbe8fa34489673118e8e6a424f8a58046aa4a9a591b7643f7bff577513e36b,b7df8dc2b4bf4d66bf8163d64483970cc413f91cc69dc0c8bd34eb02d8cdcfb0,17557519,2026-08-11T16:49:00.068795+00:00
MAFAULDA,vertical-misalignment/1.78mm/37.2736.csv,0bfe87cc129a4882120839f8263450bd5c97541805d428f06cf55d909311eaa6,98a7355e8003086b0afd3ec36158a2d905b36e0ee759eecd55a1e6c5ad40ac8c,17563072,2026-08-11T16:49:00.118795+00:00
MAFAULDA,vertical-misalignment/1.78mm/38.0928.csv,252760f109711d017970db0594377f51ffda6adad6b504f74bad49fcdbb58673,7febc86d4e66476da98d106d9df90910c16e6bb562b53150916285c5b930125f,17552911,2026-08-11T16:49:00.167795+00:00
MAFAULDA,vertical-misalignment/1.78mm/39.7312.csv,405fe07a6dca4f2dc101b25094700e137c6dee0b92e2a201d15b6b1d1f064664,d45adbf78746d5af3f88a2376599d1cc8412a9695e06d9e3182629ed1da8e6a1,17426509,2026-08-11T16:49:00.215794+00:00
MAFAULDA,vertical-misalignment/1.78mm/40.5504.csv,7f84951440c0fed169abb24aa2499e797728d7b1b26961312ee90f5d7c8773ec,9a35e5a5f52a6d995f047251ed3408dbf91188f5983adfc0187bd6ab0885bb36,17476833,2026-08-11T16:49:00.265794+00:00
MAFAULDA,vertical-misalignment/1.78mm/41.5744.csv,e9b7a742e2f76ccfeab00ce4c360aad9f186aea5b481131b5236e1391083672c,634600a3ae552316dd33c754275da669d229851e013ffe925f5eded9ed89e976,17519863,2026-08-11T16:49:00.314794+00:00
MAFAULDA,vertical-misalignment/1.78mm/42.1888.csv,614b76b86ffb7fcd02c07d8400b3c969a50aca84431f75044028bcfdf7e2680c,8762dd965d6ed8e6726ae7c0d5a23795865dd3da7690bb80d74bf720b6079a6e,17506950,2026-08-11T16:49:00.364793+00:00
MAFAULDA,vertical-misalignment/1.78mm/43.4176.csv,9b190152b2e9e354f3e8ce65ec497aba177840d603e346b99e747969cfcc51eb,677bdc24a86129fe9749c208f163244ad96b36e00480016e4b54a336a08db103,17487838,2026-08-11T16:49:00.413793+00:00
MAFAULDA,vertical-misalignment/1.78mm/44.2368.csv,32982f52f71e12121eb3a8ac0ab79cf399ad255cce567a0b5f7838687934ffe8,4bfe340f9e0dcf52c6cb41443f7c8d299b801ad4b6e82b1963d7203082bbfcfe,17525190,2026-08-11T16:49:00.461793+00:00
MAFAULDA,vertical-misalignment/1.78mm/45.056.csv,590a430f164f5546f127f19f1e501fee79121b7e8f2d762360e7136cde208af0,b64726994c6249ab988d0f22b42beddcb48d353956892c83861f8ae1368b7fef,17490186,2026-08-11T16:49:00.511792+00:00
MAFAULDA,vertical-misalignment/1.78mm/46.2848.csv,330a6403e50c7d74710e745688f18d58f45c91d2aff7850d94e138d39145e518,da2029b5caf23cc424e75577fb2021ea2f43a7d5b28ef955754640c4a7c89ae1,17451430,2026-08-11T16:49:00.559792+00:00
MAFAULDA,vertical-misalignment/1.78mm/47.3088.csv,a84555d02dd77c227567de71af441ec813301b5a32d7c13fd1d5985b5bd91714,b520c5cb1316821d71e03bf9787140a7ab5a899b53bc3f53033af70d117b5217,17447669,2026-08-11T16:49:00.608792+00:00
MAFAULDA,vertical-misalignment/1.78mm/48.128.csv,cd8d4082c36cb2503e3cad482d0a1e3f310a77633fc4865b951459569f9edbdf,48e33aab86f988018239bd6ad9be0516e9d93cfe5c6f5396a314f8052306f61e,17402785,2026-08-11T16:49:00.656791+00:00
MAFAULDA,vertical-misalignment/1.78mm/49.3568.csv,dfaec64e698bafc8f0e6acb0a25d0d554f4b30cf989a5f97f221279d41f148c4,2dec085f46f1e5a82e94a1c3373c7b929c582733a110988b89fadcd3b5ea8569,17397485,2026-08-11T16:49:00.706791+00:00
MAFAULDA,vertical-misalignment/1.78mm/50.3808.csv,3252e2044759b2495ee99d0ca0e823957a680012a88f956137e08baa8d392e3c,bd27f876f7245694976bb4f53959ad68f61dd65062b8c5a6d5b96c826084a913,17408945,2026-08-11T16:49:00.754791+00:00
MAFAULDA,vertical-misalignment/1.78mm/51.8144.csv,d83eb4c6ff28ccf339cb199c57ee59ac5c2db5a89593b5ce2b195792ce5072ad,3a8b672cb6353e851e5792a6d5f2e4220516a7c4cb17197315bd62ba18450210,17380827,2026-08-11T16:49:00.802790+00:00
MAFAULDA,vertical-misalignment/1.78mm/52.224.csv,32b24bf4888e01026ae3267f87e51eb714a0377c08313f2a8731768d26b5c468,99b986b82d812a91484909c1fd7ca47d208b7f73087cd62a48c282b8cfc33363,17375565,2026-08-11T16:49:00.851790+00:00
MAFAULDA,vertical-misalignment/1.78mm/53.0432.csv,2358a1dd9660d081391212af8947613a06a6677ba024b297eace3a3593e3b257,2ec1473c12e92a53bf0ca3854399705abfb743a6a3f8d6589c1f6ea230ba5339,17321327,2026-08-11T16:49:00.899790+00:00
MAFAULDA,vertical-misalignment/1.78mm/54.272.csv,dd2f5e206f5cd3fd9028f5338aeee02aedf333d570ddd49f5d0e17becbd88ba0,0b22578eee00701484ba8da05319f11a7e82cb749bb552e6010b399b1888ad5c,17214750,2026-08-11T16:49:00.948789+00:00
MAFAULDA,vertical-misalignment/1.78mm/55.9104.csv,b03ea4018c1527d76c94830f57e829a0a95a8e09b795a40eec1d49e81cf9275d,6b6aa2ac353fb6150b4687ec987f2cc599cd7a72f7189b2846224e36ee3eb11a,17327050,2026-08-11T16:49:00.997789+00:00
MAFAULDA,vertical-misalignment/1.78mm/56.5248.csv,4a18b329c5ad1bfe1dc78e24f5523b054947e4eea4c3ef4c2c75ef0f645ebd72,94994e7020756475ec77c1e866df2591e4b34bd87097efabf4573df9ce323fe6,17305046,2026-08-11T16:49:01.045789+00:00
MAFAULDA,vertical-misalignment/1.78mm/57.344.csv,9df2358045af0062ea4821743d3bb3dee14ae4e9e536d2941781d0733538606a,db037131c22f243693a8770f8d8019589b935194e636bf1fed90b30c028ada39,17324847,2026-08-11T16:49:01.095788+00:00
MAFAULDA,vertical-misalignment/1.78mm/58.5728.csv,fe8431bb071360d061b7bf47f84c5eff425b0622613befe348b6a8e080cfdf1f,06eb7d368bd4ca43d46e491958e8b36f472591f6709348337dcdbb723a9ce403,17245140,2026-08-11T16:49:01.143788+00:00
MAFAULDA,vertical-misalignment/1.78mm/60.0064.csv,9ef58e6b8b58cd8a53ac5a075b84f96cebfccd44107b2310d56eeb53e46947e9,ef217caf7fde65711236dd02f21b8e1a719362db4a738114703c75d4d904ea7f,17293708,2026-08-11T16:49:01.192787+00:00
MAFAULDA,vertical-misalignment/1.78mm/60.6208.csv,d22154e84052291a34a7daec14751dc2e14bea5922ff7d3cf3e5bbaba6d86801,85d794d54c65a3e4ce4e7bbc82d1697d08173983b34c416920d6adfdc679fdd0,17053273,2026-08-11T16:49:01.241787+00:00
MAFAULDA,vertical-misalignment/1.78mm/62.0544.csv,26d30e83e2ff96d2aa85de64dec48633e1ae1288cb6e36a67c200525ce15448f,26e45f4fc39835ef4056e52011b5ac20833312e4e89b9bd391c7e6b3af060bfd,17208902,2026-08-11T16:49:01.289787+00:00
MAFAULDA,vertical-misalignment/1.90mm/12.0832.csv,f1aedaeb1f816cc301761d7b815a906ee1a7d38c7d48ff7ea7de8fb295d1f93a,1a1254b18bdf396d23fc6c9ba7cdd6563bb63dddc36e6d40f01965994433dd94,17492263,2026-08-11T16:48:53.901840+00:00
MAFAULDA,vertical-misalignment/1.90mm/14.5408.csv,c7a987bce1721ebab3ac39eff505cd6a0bd89d31e9bc643a715f47c337d4ded5,9dfffa1261d79ea182cf896177b2f0ca891a9efff04fcd18b6b59cc90928feb3,17482475,2026-08-11T16:48:53.951840+00:00
MAFAULDA,vertical-misalignment/1.90mm/15.1552.csv,0f3bfd8a8e458abd636028d33d448e770d8a10dc95b7f978168a1bd20289716a,3ae005c5aa897c08d548db527263dd0065fc8beb708456c8fc54094c782e9ae6,17467233,2026-08-11T16:48:54.000839+00:00
MAFAULDA,vertical-misalignment/1.90mm/16.1792.csv,afa4216c19a32f0c06eae12a7d56d96a4dff2309aad7c6fb4021b4f42274da19,93532f6be2333ce37ed499e571a2144b61520cef04b908bb83f01c4be742937c,17509271,2026-08-11T16:48:54.049839+00:00
MAFAULDA,vertical-misalignment/1.90mm/17.408.csv,6c93d5a56ffd06106613cd181cde9558970fa36c3cf978a6e0cd45787b5f1698,f5c50a84695e4d669015d587768753f49d9e351258a6d87cc67bbcbae427db5f,17574330,2026-08-11T16:48:54.099839+00:00
MAFAULDA,vertical-misalignment/1.90mm/18.432.csv,8ce7059ab27442d3866080a3d66b768e7772790865642e0db66c93a21d8275cd,0a8d6c31dc45b9fe735194ea526d3512de4de7c125921d20ae090663338994fc,17420684,2026-08-11T16:48:54.149838+00:00
MAFAULDA,vertical-misalignment/1.90mm/18.6368.csv,a747b4a337a16b085e64e6a95021a589ff7b250e6347f6bbc4be4ebe03ddb604,bf2e6190cf6860228b1b051d1d47f9897447210ca5e62fd6b1d4df6daddded7b,17525100,2026-08-11T16:48:54.200838+00:00
MAFAULDA,vertical-misalignment/1.90mm/19.6608.csv,e1ba583d490a6fcdb3cbe65b07ab9923a63e0e2ac958195df53c06300d5e378c,cb0a3cbe8c8680c6039c113cd805ed3c5e48affaab7803dc71854ac8b0a1f2ec,17518868,2026-08-11T16:48:54.249838+00:00
MAFAULDA,vertical-misalignment/1.90mm/20.8896.csv,7e3524b00e7ffd599822cba7b199b0ae6b6d0b1f10fb86a4351cf8316504b1f0,43a6318171892f35d596ba0c72bfa0fbde4dd3b47e21bdf97b811fc634a5f947,17605609,2026-08-11T16:48:54.299837+00:00
MAFAULDA,vertical-misalignment/1.90mm/22.1184.csv,6b3bccb7304f6108c123619866ca2d87502635b9a89cb9bf67bbbb97c05d0d13,b01b2ce31bd364405e7a7101f5eb041ac889fedcec1dd637701475ecd9a58c88,17605242,2026-08-11T16:48:54.347837+00:00
MAFAULDA,vertical-misalignment/1.90mm/22.528.csv,b987ed843c1cf8d713b048584aa8b5b4802f823c3edd295e6af4da9d20a3acba,bca90c09a24bc8ae81bd5e613c52e0a9c436d6792074cff1eed2c2d88b439fdd,17602166,2026-08-11T16:48:54.397836+00:00
MAFAULDA,vertical-misalignment/1.90mm/23.552.csv,36f793307a022bce1dda6f8e652827b207fb85000b8da9426d095f80cf5f12ea,75292e5398de252ac78d98c263bb1b9085d54c2d52b1a682ca4a4f1836026985,17482630,2026-08-11T16:48:54.448836+00:00
MAFAULDA,vertical-misalignment/1.90mm/24.7808.csv,1bf6a15ef83bfe14461d81d12ac1e385f1bf7f4bc79c1c91688c5a8ba5d1177c,03b2c1519bddb998e819771f269dfbdb370d2828a091fc23b282cf1799f6b1d1,17563579,2026-08-11T16:48:54.499836+00:00
MAFAULDA,vertical-misalignment/1.90mm/25.3952.csv,35dfe0b9e696c56b8582ba3e2c1677790fd82ef078746264cd632482b7662213,2d1134ffae7d3db7373feef606e7ee9a20887648e99dd6b7b403fde9b8fb4019,17558044,2026-08-11T16:48:54.550835+00:00
MAFAULDA,vertical-misalignment/1.90mm/26.4192.csv,d94968193312d75471496725521bd11ea530df2204c61dff70e91a8d5a1c9081,8a470bce6e4e3991f0848365b58dac8f4bfc06ad8d5f74d9214b265201c3f760,17466115,2026-08-11T16:48:54.601835+00:00
MAFAULDA,vertical-misalignment/1.90mm/27.2384.csv,281194d83454f7c27c8c5e6623f0788fb4eddeb3e60fa329e1171aaafe126d9b,6db2923ef1a80e0bfbcd973adaf54b9d2f10f3c64bff29eac00329ec37cbeee1,17563707,2026-08-11T16:48:54.653835+00:00
MAFAULDA,vertical-misalignment/1.90mm/28.8768.csv,542ea59012989065a50091e5a2aea19f018571301b46ee467d0065c4896aa354,1d6dc15a1f594af7a0d2ba807825aec5821f6a9a72857909e1cae7781e340eb1,17472784,2026-08-11T16:48:54.704834+00:00
MAFAULDA,vertical-misalignment/1.90mm/29.9008.csv,3e27df1e38b1931d0f80346505ad5669002dc9ea0ac673639aa82819db724cb4,08b8ca4c69f2f3cd06d45943cfb25e9153236b7a0d0f860d4d6b2349b841ecc5,17342911,2026-08-11T16:48:54.755834+00:00
MAFAULDA,vertical-misalignment/1.90mm/30.3104.csv,4bf429047424badbb77f167fc6a2ac3f220e4f455bced8e9db4dd62a18fef3d3,964cc74ee4d64d1c05ad076f2ba9177af08750dc96069d17f52da0abca769167,17269250,2026-08-11T16:48:54.806834+00:00
MAFAULDA,vertical-misalignment/1.90mm/31.3344.csv,86e724ed93f9e3afe05ea8747c4a7e9753f863a49f82c4df808a9a50e4a22e04,de42bf51e3c5a644bdeb019adac0a7ed02b8cd8c9320b8d6c8bcfbd83aee1b28,17536393,2026-08-11T16:48:54.857833+00:00
MAFAULDA,vertical-misalignment/1.90mm/32.5632.csv,033676d3949f9e65edbd9b61f8a49a2234522d7982f97a041de6323cd5db9d49,cd5a7c68df657dce4371bcdf7f6632d978113f68e794ae6e3d7fd596da20bc2f,17615610,2026-08-11T16:48:54.908833+00:00
MAFAULDA,vertical-misalignment/1.90mm/33.792.csv,0c0fa7ebb83006778a1e22e7590bab95bcd9e8f36899aeba82ba2e30324d4fd9,f4fb43b7884f95e32d4e7dca8d5bbfa0a0dd37b54ebba485a913e98d5a9d6c6c,17615227,2026-08-11T16:48:54.958833+00:00
MAFAULDA,vertical-misalignment/1.90mm/34.4064.csv,bb05620890073bacee074a832981594165203e9b326015fd23e900219ac497c1,e5820b8bb100f03b46ac1aa22875765f085065d978ad682a6ebee29c568268c4,17590270,2026-08-11T16:48:55.010832+00:00
MAFAULDA,vertical-misalignment/1.90mm/35.2256.csv,61ce95c5e4a6cdc455b0e67356af1c4484c65710c9ad0786acd2ea8d24684e1c,0dd310a54a892e503d8198b8d880779f16da5c355763f6869e2875c3ae72234f,17606008,2026-08-11T16:48:55.062832+00:00
MAFAULDA,vertical-misalignment/1.90mm/36.2496.csv,d68b6a7081ab8c1e7d8ace7ab888a5443cc2a80131887a1e22e9e412f0d1e890,c5a4bd69be462f61ba835b22e233442f2970aa1ff6886b870ac0e32e48651606,17604106,2026-08-11T16:48:55.112831+00:00
MAFAULDA,vertical-misalignment/1.90mm/37.4784.csv,b0e45fe359d5cddb5001a6cc0f07144038a82136aedbd2bd5fa712589eac6845,91338cb72c5600434cc3c21b5af61db6cb7fe5afbe1ced901125cdd4b16c29b1,17614029,2026-08-11T16:48:55.163831+00:00
MAFAULDA,vertical-misalignment/1.90mm/38.5024.csv,6a6f69af657d3c057b63adfe9c03c4cf0d1458676b00abfe2f01c9d556d99924,f4adb2886943c799a6c5975762c568d6fb77caf997e853cddd3ff52f98a3c873,17609432,2026-08-11T16:48:55.213830+00:00
MAFAULDA,vertical-misalignment/1.90mm/39.3216.csv,a27f6a6b2937e6574ff68e7ab02c9a5bfbbbf556c2f0a66035ea769e020f6005,fa2beb98240efb8a51d15d8cd815449b8c7066781c4a5dd2c88619bb9d7b0e3c,17555004,2026-08-11T16:48:55.264830+00:00
MAFAULDA,vertical-misalignment/1.90mm/40.3456.csv,87f4ab943bf39d404e756fb94f72ef7986d5afe59599f095711d2d8e2fd3a50c,b45effeea7c13d2d59a2d29c15c0389018385326daca132841e78276e89cce58,17476259,2026-08-11T16:48:55.315830+00:00
MAFAULDA,vertical-misalignment/1.90mm/40.96.csv,2430d2657b2722cad42dc0a0fe805c5b6eef110bd2aad3d6a894d28092bbe815,944ade1e43589361861efea027d00a90b9c362383ad8e3b2be6ca4aa6c3201c3,17554791,2026-08-11T16:48:55.365829+00:00
MAFAULDA,vertical-misalignment/1.90mm/42.1888.csv,0aab6874aead1b222329d3bad86b9459b0ea18872e603b5059329e617088884a,a9737702a3916912f29c662b59788da678cd0890c8f60d2ac34d9798bef1a6f2,17585071,2026-08-11T16:48:55.416829+00:00
MAFAULDA,vertical-misalignment/1.90mm/42.8032.csv,6cfbf9ae82817ee843385edd4518aab016e3410d6795c1c639c23d4f5822bd67,ae0ccec7fe955ac0e24c7b4eb7d2dca307a5db055b13eb46d2733c9e7898e4c9,17571366,2026-08-11T16:48:55.467829+00:00
MAFAULDA,vertical-misalignment/1.90mm/44.2368.csv,f2a0908f94a20bf67ae367bb1425e9bf0df0581220b71c54ffb6e2a4cde71057,282a59b3170500108fd4f6795a5814146f826883a8ea556a9c1fdfc4b0c08da2,17518023,2026-08-11T16:48:55.517828+00:00
MAFAULDA,vertical-misalignment/1.90mm/44.8512.csv,54bc4ac8c9ad96c9a7426a2ba5e249c42514f11b208351c4e8b9ab34be0c4b33,864d417ec5637600f68cd8b7ff750a78cc7d7ea59ceb9a69528b8877c664fc63,17505529,2026-08-11T16:48:55.568828+00:00
MAFAULDA,vertical-misalignment/1.90mm/45.8752.csv,fafd6cc0798b662ce583db5688389366d2c5db18c18c941239fab7f86dadf45d,40c7f62fd1c22684d94a128e9df22d0f1c61fd9e2e537dd1180777455400a96c,17505472,2026-08-11T16:48:55.618828+00:00
MAFAULDA,vertical-misalignment/1.90mm/47.104.csv,c71cce02475f68a33c1d578e6e88e198ff3d790c5434c354d770bb8e4e412192,bc85367359c39838d8c06e3cee1e10ca6870dd2c390cac8f1a6cffb8acfdca2a,17476454,2026-08-11T16:48:55.669827+00:00
MAFAULDA,vertical-misalignment/1.90mm/48.7424.csv,71e32fc4ea199233cc1f85adf5a65a41eb83ee680369075f2a864c18f5d6d8ae,ba039f819c52c206f693066b5a2b19f5d4f07a667ebfca8d23b495e063e23a4d,17421334,2026-08-11T16:48:55.719827+00:00
MAFAULDA,vertical-misalignment/1.90mm/49.3568.csv,4332d1fcb8adfb645a67a51f9fd370ef4c8a1c90700a551c6c3abe4f0d17efec,4fe0cc6c61a2a38f32570526164361bfb3cc295cc84dcf96dac4842543a7989a,17431754,2026-08-11T16:48:55.770827+00:00
MAFAULDA,vertical-misalignment/1.90mm/49.9712.csv,850047d8a55ec8f0a2854bbc3ed1b48000d0ede2107796bbc8850596723d6beb,52934a18ef5ade8be6da69ebbd4272895e08886e09e2a023d2935a7c79054e01,17455009,2026-08-11T16:48:55.820826+00:00
MAFAULDA,vertical-misalignment/1.90mm/51.2.csv,541c8f9ba6081cd479b55b2ba689f3af8c478966407ecc5fb54fa0cd5c501ee2,5da7cab50ce3c6726bf136d9095d43de4c3e52fcc428ae937c581ec5ac96280c,17422024,2026-08-11T16:48:55.871826+00:00
MAFAULDA,vertical-misalignment/1.90mm/52.224.csv,f482c82f9df79a5c5d019286221ac87164b2e182a8e7534fce051cdee26e7ba9,15423f3da23e3a131bfe8a2c4cbbb57dddc673df9ff592a9274a54f9a03ba116,17438354,2026-08-11T16:48:55.923826+00:00
MAFAULDA,vertical-misalignment/1.90mm/53.248.csv,cb76dcb5df8dfff5eb3e239ea40ce10e2e81a9bffbcaa071ff3cd669ec25fe45,f8c8d5d70c274d0522356d7f1a69ad8868ce96924c15485d1874acc74b2c2d9f,17361765,2026-08-11T16:48:55.973825+00:00
MAFAULDA,vertical-misalignment/1.90mm/54.6816.csv,29bf1720740c12dc5d70eab39960a4daaeae196ce53e7f304e4d77b476b480ce,6164937f4ee5dbd328e366aa5443a1549b0a15e7ff92cba2dd91b663169a933c,17354862,2026-08-11T16:48:56.021825+00:00
MAFAULDA,vertical-misalignment/1.90mm/55.9104.csv,17fc8cb5e287772c27393fe265684e172042576cee388f7fb3f23e3d7690c8dd,606cfcbc9d6b66f8ad0b0dcfe75dbd715fc91fd7407304f0bae3d12cc8097ab7,17351222,2026-08-11T16:48:56.070824+00:00
MAFAULDA,vertical-misalignment/1.90mm/56.7296.csv,584f31df984317723d1943b56f940ad1ca6dce4763772a9126b364078e40881b,ef5eb4d8e5fdd0cb8c14cd3d94450c3639ce984618a765fb078e5553e130692f,17274173,2026-08-11T16:48:56.118824+00:00
MAFAULDA,vertical-misalignment/1.90mm/57.9584.csv,3a1c65e1356a0b3fbe66d79b6591b0029ffa1c3fd202785bb7be8420c61fb50a,df8634a0f87ab74167523b55eff74d0260d66a0ae0b43b97d4fb54656bebd36d,17252783,2026-08-11T16:48:56.167824+00:00
MAFAULDA,vertical-misalignment/1.90mm/58.5728.csv,4b1bb1c67ded6755bfa90f41d3585605d288d1d1284ae31c8554ccab9c098b59,79d20640892ffd8bbcd9d7f5e1aa63a0e25268857d1fbb2b96154e78e09cd859,17225036,2026-08-11T16:48:56.215823+00:00
MAFAULDA,vertical-misalignment/1.90mm/59.8016.csv,19dbcafb16b122892279c51a355e694c13e7065c5950f38f7c410f5de56d482a,a16ac90f4bb6911b7085cfdb18679c10cf74752d88209a4190eb15d02571eb09,17073464,2026-08-11T16:48:56.263823+00:00
MAFAULDA,vertical-misalignment/1.90mm/61.0304.csv,c7d0bf4d87c5381eb183df83c79479ecaee6ae0dca27874c429f168668af0d9a,85518342c6d775d55290c845c47f10dabcaa624e14adc63c178efd3891cf77b2,17143002,2026-08-11T16:48:56.313823+00:00
MAFAULDA,vertical-misalignment/1.90mm/61.44.csv,8c80db554206f99856d6c8172ba1b3c3308aeed5bf93bf02028e05e75c765856,9ebb6bd24d5bd5c1a6837afa369d1f8a67e4450da01097a11133b92d1bb0f551,17193947,2026-08-11T16:48:56.361822+00:00
HIT,data/raw_hit/gdrive_full/HIT-dataset/data1.npy,44aae77a964bc4269cd4e5648981385f416ad9a9c6e73e8ad508bb428dbec654,,660603008,2023-05-10T10:49:21+00:00
HIT,data/raw_hit/gdrive_full/HIT-dataset/data2.npy,daa9c7932f07a32288d695968b8b849152f35dfedd1fde804f42dfcc6fc6fd8d,,294912128,2023-05-10T10:51:38+00:00
HIT,data/raw_hit/gdrive_full/HIT-dataset/data3.npy,19bb052d1a95a8c1af6bcbbe2dfe52f68a1e66f78df939b19eaa440fec5a1872,,660603008,2023-05-10T10:56:44+00:00
HIT,data/raw_hit/gdrive_full/HIT-dataset/data4.npy,bf0161a9b0a233026166809cea22fcf911a40313c12407192cf227dadf24b111,,660603008,2023-05-10T11:01:50+00:00
HIT,data/raw_hit/gdrive_full/HIT-dataset/data5.npy,d6c79621b401a6224189e2ac0ede312dec44cecc65b5a19646e934c7d4f9c90e,,589824128,2023-05-10T11:06:23+00:00
HIT,github:xtrain_1.mat,f9598752f22294a5119c28417109782961720f35b00b5741327d3454267f0571,,18341137,2026-08-11T16:28:44.166662+00:00
HIT,github:xtrain_2.mat,6a3d286524145cf88a3cc0885af735edab9f3f52af048dddaeb0b9826e29fa94,,18330401,2026-08-11T16:28:44.181661+00:00
HIT,github:xtrain_3.mat,9295afc62afde877c188dc7d5cd9976863edc8759c0455175556750f5b903178,,18335223,2026-08-11T16:28:44.191661+00:00
HIT,github:xtrain_4.mat,7ac78d2ccb83a4445fed54ae3aedf218cf0a98a6614312194fbf02f0a3fc12db,,18346538,2026-08-11T16:28:44.201661+00:00
HIT,github:xtest.mat,eb93bf70aa0d6f6fe3abd93014a4b5e04b8f8f2278cfd4240052a0dab62146b2,,18269780,2026-08-11T16:28:44.152662+00:00
HIT,github:ytrain_1.mat,2e82a3af9b3be773a34a07e83f0efa5832d86106df0ce6a337035fbb937379b5,,840,2026-08-11T16:28:44.201661+00:00
HIT,github:ytrain_2.mat,81e5f236c5eb13a7c69718f63a3588d65b9091d55d4f734fdc19e557415150b0,,827,2026-08-11T16:28:44.201661+00:00
HIT,github:ytrain_3.mat,eb881ee745a978bfbfe03401438e2efca30a258890a18da3ec96bb299c3e90d0,,821,2026-08-11T16:28:44.201661+00:00
HIT,github:ytrain_4.mat,b2a546141a42b62b103dc2cdc4c7f73e9de741639ff5ab81c643e430980e4e32,,835,2026-08-11T16:28:44.201661+00:00
HIT,github:ytest.mat,93c27bdb276e9a68a5f07e4790b4e94101ba6587273d3469fd772877bbbf9bd2,,810,2026-08-11T16:28:44.201661+00:00
