dataset,recording_id,group_id_candidate,physical_bearing_id,experiment_id,session_id,original_file,original_label,mapped_label_candidate,sampling_rate_hz,duration_seconds,n_samples,rpm,load,sensor_channel,fault_type,fault_severity,bearing_position,source_url,metadata_confidence,notes
CWRU,cwru_X118,cwru_B007_load0,cwru_DE_ball_007,cwru_B007_load0,,data/raw/ball/B007_0_DE12k.mat,B007,RollingElement,12000,10.21425,122571,1796.0,0hp,DE+FE+BA,ball,7 mil,drive_end,https://engineering.case.edu/bearingdatacenter,documented,canonical file 118.mat; rpm measured in-file
CWRU,cwru_X119,cwru_B007_load1,cwru_DE_ball_007,cwru_B007_load1,,data/raw/ball/B007_1_DE12k.mat,B007,RollingElement,12000,10.1175,121410,1772.0,1hp,DE+FE+BA,ball,7 mil,drive_end,https://engineering.case.edu/bearingdatacenter,documented,canonical file 119.mat; rpm measured in-file
CWRU,cwru_X120,cwru_B007_load2,cwru_DE_ball_007,cwru_B007_load2,,data/raw/ball/B007_2_DE12k.mat,B007,RollingElement,12000,10.129666666666667,121556,1748.0,2hp,DE+FE+BA,ball,7 mil,drive_end,https://engineering.case.edu/bearingdatacenter,documented,canonical file 120.mat; rpm measured in-file
CWRU,cwru_X121,cwru_B007_load3,cwru_DE_ball_007,cwru_B007_load3,,data/raw/ball/B007_3_DE12k.mat,B007,RollingElement,12000,10.129666666666667,121556,1722.0,3hp,DE+FE+BA,ball,7 mil,drive_end,https://engineering.case.edu/bearingdatacenter,documented,canonical file 121.mat; rpm measured in-file
CWRU,cwru_X185,cwru_B014_load0,cwru_DE_ball_014,cwru_B014_load0,,data/raw/ball/B014_0_DE12k.mat,B014,RollingElement,12000,10.153833333333333,121846,1796.0,0hp,DE+FE+BA,ball,14 mil,drive_end,https://engineering.case.edu/bearingdatacenter,documented,canonical file 185.mat; rpm measured in-file
CWRU,cwru_X186,cwru_B014_load1,cwru_DE_ball_014,cwru_B014_load1,,data/raw/ball/B014_1_DE12k.mat,B014,RollingElement,12000,10.178,122136,1772.0,1hp,DE+FE+BA,ball,14 mil,drive_end,https://engineering.case.edu/bearingdatacenter,documented,canonical file 186.mat; rpm measured in-file
CWRU,cwru_X187,cwru_B014_load2,cwru_DE_ball_014,cwru_B014_load2,,data/raw/ball/B014_2_DE12k.mat,B014,RollingElement,12000,10.165916666666666,121991,1749.0,2hp,DE+FE+BA,ball,14 mil,drive_end,https://engineering.case.edu/bearingdatacenter,documented,canonical file 187.mat; rpm measured in-file
CWRU,cwru_X188,cwru_B014_load3,cwru_DE_ball_014,cwru_B014_load3,,data/raw/ball/B014_3_DE12k.mat,B014,RollingElement,12000,10.178,122136,1724.0,3hp,DE+FE+BA,ball,14 mil,drive_end,https://engineering.case.edu/bearingdatacenter,documented,canonical file 188.mat; rpm measured in-file
CWRU,cwru_X222,cwru_B021_load0,cwru_DE_ball_021,cwru_B021_load0,,data/raw/ball/B021_0_DE12k.mat,B021,RollingElement,12000,10.165916666666666,121991,1796.0,0hp,DE+FE+BA,ball,21 mil,drive_end,https://engineering.case.edu/bearingdatacenter,documented,canonical file 222.mat; rpm measured in-file
CWRU,cwru_X223,cwru_B021_load1,cwru_DE_ball_021,cwru_B021_load1,,data/raw/ball/B021_1_DE12k.mat,B021,RollingElement,12000,10.14175,121701,1774.0,1hp,DE+FE+BA,ball,21 mil,drive_end,https://engineering.case.edu/bearingdatacenter,documented,canonical file 223.mat; rpm measured in-file
CWRU,cwru_X224,cwru_B021_load2,cwru_DE_ball_021,cwru_B021_load2,,data/raw/ball/B021_2_DE12k.mat,B021,RollingElement,12000,10.178,122136,1754.0,2hp,DE+FE+BA,ball,21 mil,drive_end,https://engineering.case.edu/bearingdatacenter,documented,canonical file 224.mat; rpm measured in-file
CWRU,cwru_X225,cwru_B021_load3,cwru_DE_ball_021,cwru_B021_load3,,data/raw/ball/B021_3_DE12k.mat,B021,RollingElement,12000,10.178,122136,1729.0,3hp,DE+FE+BA,ball,21 mil,drive_end,https://engineering.case.edu/bearingdatacenter,documented,canonical file 225.mat; rpm measured in-file
CWRU,cwru_X048,cwru_B028_load0,cwru_DE_ball_028,cwru_B028_load0,,data/raw/ball/B028_0_DE12k.mat,B028,RollingElement,12000,10.06675,120801,1797.0,0hp,DE,ball,28 mil,drive_end,https://engineering.case.edu/bearingdatacenter,derived,canonical file 048.mat; rpm nominal for 0 hp
CWRU,cwru_X049,cwru_B028_load1,cwru_DE_ball_028,cwru_B028_load1,,data/raw/ball/B028_1_DE12k.mat,B028,RollingElement,12000,10.112583333333333,121351,1772.0,1hp,DE,ball,28 mil,drive_end,https://engineering.case.edu/bearingdatacenter,derived,canonical file 049.mat; rpm nominal for 1 hp
CWRU,cwru_X050,cwru_B028_load2,cwru_DE_ball_028,cwru_B028_load2,,data/raw/ball/B028_2_DE12k.mat,B028,RollingElement,12000,10.082,120984,1750.0,2hp,DE,ball,28 mil,drive_end,https://engineering.case.edu/bearingdatacenter,derived,canonical file 050.mat; rpm nominal for 2 hp
CWRU,cwru_X051,cwru_B028_load3,cwru_DE_ball_028,cwru_B028_load3,,data/raw/ball/B028_3_DE12k.mat,B028,RollingElement,12000,10.082,120984,1730.0,3hp,DE,ball,28 mil,drive_end,https://engineering.case.edu/bearingdatacenter,derived,canonical file 051.mat; rpm nominal for 3 hp
CWRU,cwru_X105,cwru_IR007_load0,cwru_DE_inner_race_007,cwru_IR007_load0,,data/raw/inner_race/IR007_0_DE12k.mat,IR007,InnerRace,12000,10.105416666666667,121265,1797.0,0hp,DE+FE+BA,inner_race,7 mil,drive_end,https://engineering.case.edu/bearingdatacenter,documented,canonical file 105.mat; rpm measured in-file
CWRU,cwru_X106,cwru_IR007_load1,cwru_DE_inner_race_007,cwru_IR007_load1,,data/raw/inner_race/IR007_1_DE12k.mat,IR007,InnerRace,12000,10.165916666666666,121991,1772.0,1hp,DE+FE+BA,inner_race,7 mil,drive_end,https://engineering.case.edu/bearingdatacenter,documented,canonical file 106.mat; rpm measured in-file
CWRU,cwru_X107,cwru_IR007_load2,cwru_DE_inner_race_007,cwru_IR007_load2,,data/raw/inner_race/IR007_2_DE12k.mat,IR007,InnerRace,12000,10.178,122136,1748.0,2hp,DE+FE+BA,inner_race,7 mil,drive_end,https://engineering.case.edu/bearingdatacenter,documented,canonical file 107.mat; rpm measured in-file
CWRU,cwru_X108,cwru_IR007_load3,cwru_DE_inner_race_007,cwru_IR007_load3,,data/raw/inner_race/IR007_3_DE12k.mat,IR007,InnerRace,12000,10.243083333333333,122917,1721.0,3hp,DE+FE+BA,inner_race,7 mil,drive_end,https://engineering.case.edu/bearingdatacenter,documented,canonical file 108.mat; rpm measured in-file
CWRU,cwru_X169,cwru_IR014_load0,cwru_DE_inner_race_014,cwru_IR014_load0,,data/raw/inner_race/IR014_0_DE12k.mat,IR014,InnerRace,12000,10.153833333333333,121846,1796.0,0hp,DE+FE+BA,inner_race,14 mil,drive_end,https://engineering.case.edu/bearingdatacenter,documented,canonical file 169.mat; rpm measured in-file
CWRU,cwru_X170,cwru_IR014_load1,cwru_DE_inner_race_014,cwru_IR014_load1,,data/raw/inner_race/IR014_1_DE12k.mat,IR014,InnerRace,12000,10.153833333333333,121846,1774.0,1hp,DE+FE+BA,inner_race,14 mil,drive_end,https://engineering.case.edu/bearingdatacenter,documented,canonical file 170.mat; rpm measured in-file
CWRU,cwru_X171,cwru_IR014_load2,cwru_DE_inner_race_014,cwru_IR014_load2,,data/raw/inner_race/IR014_2_DE12k.mat,IR014,InnerRace,12000,10.153833333333333,121846,1752.0,2hp,DE+FE+BA,inner_race,14 mil,drive_end,https://engineering.case.edu/bearingdatacenter,documented,canonical file 171.mat; rpm measured in-file
CWRU,cwru_X172,cwru_IR014_load3,cwru_DE_inner_race_014,cwru_IR014_load3,,data/raw/inner_race/IR014_3_DE12k.mat,IR014,InnerRace,12000,10.14175,121701,1728.0,3hp,DE+FE+BA,inner_race,14 mil,drive_end,https://engineering.case.edu/bearingdatacenter,documented,canonical file 172.mat; rpm measured in-file
CWRU,cwru_X209,cwru_IR021_load0,cwru_DE_inner_race_021,cwru_IR021_load0,,data/raw/inner_race/IR021_0_DE12k.mat,IR021,InnerRace,12000,10.178,122136,1797.0,0hp,DE+FE+BA,inner_race,21 mil,drive_end,https://engineering.case.edu/bearingdatacenter,documented,canonical file 209.mat; rpm measured in-file
CWRU,cwru_X210,cwru_IR021_load1,cwru_DE_inner_race_021,cwru_IR021_load1,,data/raw/inner_race/IR021_1_DE12k.mat,IR021,InnerRace,12000,10.129666666666667,121556,1774.0,1hp,DE+FE+BA,inner_race,21 mil,drive_end,https://engineering.case.edu/bearingdatacenter,documented,canonical file 210.mat; rpm measured in-file
CWRU,cwru_X211,cwru_IR021_load2,cwru_DE_inner_race_021,cwru_IR021_load2,,data/raw/inner_race/IR021_2_DE12k.mat,IR021,InnerRace,12000,10.153833333333333,121846,1752.0,2hp,DE+FE+BA,inner_race,21 mil,drive_end,https://engineering.case.edu/bearingdatacenter,documented,canonical file 211.mat; rpm measured in-file
CWRU,cwru_X212,cwru_IR021_load3,cwru_DE_inner_race_021,cwru_IR021_load3,,data/raw/inner_race/IR021_3_DE12k.mat,IR021,InnerRace,12000,10.165916666666666,121991,1728.0,3hp,DE+FE+BA,inner_race,21 mil,drive_end,https://engineering.case.edu/bearingdatacenter,documented,canonical file 212.mat; rpm measured in-file
CWRU,cwru_X056,cwru_IR028_load0,cwru_DE_inner_race_028,cwru_IR028_load0,,data/raw/inner_race/IR028_0_DE12k.mat,IR028,InnerRace,12000,10.06675,120801,1797.0,0hp,DE,inner_race,28 mil,drive_end,https://engineering.case.edu/bearingdatacenter,derived,canonical file 056.mat; rpm nominal for 0 hp
CWRU,cwru_X057,cwru_IR028_load1,cwru_DE_inner_race_028,cwru_IR028_load1,,data/raw/inner_race/IR028_1_DE12k.mat,IR028,InnerRace,12000,10.112583333333333,121351,1772.0,1hp,DE,inner_race,28 mil,drive_end,https://engineering.case.edu/bearingdatacenter,derived,canonical file 057.mat; rpm nominal for 1 hp
CWRU,cwru_X058,cwru_IR028_load2,cwru_DE_inner_race_028,cwru_IR028_load2,,data/raw/inner_race/IR028_2_DE12k.mat,IR028,InnerRace,12000,10.112583333333333,121351,1750.0,2hp,DE,inner_race,28 mil,drive_end,https://engineering.case.edu/bearingdatacenter,derived,canonical file 058.mat; rpm nominal for 2 hp
CWRU,cwru_X059,cwru_IR028_load3,cwru_DE_inner_race_028,cwru_IR028_load3,,data/raw/inner_race/IR028_3_DE12k.mat,IR028,InnerRace,12000,10.127916666666666,121535,1730.0,3hp,DE,inner_race,28 mil,drive_end,https://engineering.case.edu/bearingdatacenter,derived,canonical file 059.mat; rpm nominal for 3 hp
CWRU,cwru_X097,cwru_Normal_load0,cwru_DE_healthy_motor,cwru_Normal_load0,,data/raw/normal/Normal_0HP.mat,Normal,Healthy,48000,5.082041666666667,243938,1796.0,0hp,DE+FE,healthy,,,https://engineering.case.edu/bearingdatacenter,documented,canonical file 097.mat; rpm measured in-file; normal baseline genuinely 48 kHz (frozen audit)
CWRU,cwru_X098,cwru_Normal_load1,cwru_DE_healthy_motor,cwru_Normal_load1,,data/raw/normal/Normal_1HP.mat,Normal,Healthy,48000,10.0813125,483903,1772.0,1hp,DE+FE,healthy,,,https://engineering.case.edu/bearingdatacenter,derived,canonical file 098.mat; rpm nominal for 1 hp; normal baseline genuinely 48 kHz (frozen audit)
CWRU,cwru_X099,cwru_Normal_load2,cwru_DE_healthy_motor,cwru_Normal_load2,,data/raw/normal/Normal_2HP.mat,Normal,Healthy,48000,10.105479166666667,485063,1750.0,2hp,DE+FE,healthy,,,https://engineering.case.edu/bearingdatacenter,derived,canonical file 099.mat; rpm nominal for 2 hp; normal baseline genuinely 48 kHz (frozen audit)
CWRU,cwru_X100,cwru_Normal_load3,cwru_DE_healthy_motor,cwru_Normal_load3,,data/raw/normal/Normal_3HP.mat,Normal,Healthy,48000,10.1175625,485643,1725.0,3hp,DE+FE,healthy,,,https://engineering.case.edu/bearingdatacenter,documented,canonical file 100.mat; rpm measured in-file; normal baseline genuinely 48 kHz (frozen audit)
CWRU,cwru_X156,cwru_OR007@12_load0,cwru_DE_outer_race_007@12,cwru_OR007@12_load0,,data/raw/outer_race/OR007@12_0_DE12k.mat,OR007@12,OuterRace,12000,10.190083333333334,122281,1797.0,0hp,DE+FE+BA,outer_race,7 mil,drive_end,https://engineering.case.edu/bearingdatacenter,documented,canonical file 156.mat; rpm measured in-file
CWRU,cwru_X158,cwru_OR007@12_load1,cwru_DE_outer_race_007@12,cwru_OR007@12_load1,,data/raw/outer_race/OR007@12_1_DE12k.mat,OR007@12,OuterRace,12000,10.165916666666666,121991,1773.0,1hp,DE+FE+BA,outer_race,7 mil,drive_end,https://engineering.case.edu/bearingdatacenter,documented,canonical file 158.mat; rpm measured in-file
CWRU,cwru_X159,cwru_OR007@12_load2,cwru_DE_outer_race_007@12,cwru_OR007@12_load2,,data/raw/outer_race/OR007@12_2_DE12k.mat,OR007@12,OuterRace,12000,10.190083333333334,122281,1750.0,2hp,DE+FE+BA,outer_race,7 mil,drive_end,https://engineering.case.edu/bearingdatacenter,documented,canonical file 159.mat; rpm measured in-file
CWRU,cwru_X160,cwru_OR007@12_load3,cwru_DE_outer_race_007@12,cwru_OR007@12_load3,,data/raw/outer_race/OR007@12_3_DE12k.mat,OR007@12,OuterRace,12000,10.178,122136,1724.0,3hp,DE+FE+BA,outer_race,7 mil,drive_end,https://engineering.case.edu/bearingdatacenter,documented,canonical file 160.mat; rpm measured in-file
CWRU,cwru_X144,cwru_OR007@3_load0,cwru_DE_outer_race_007@3,cwru_OR007@3_load0,,data/raw/outer_race/OR007@3_0_DE12k.mat,OR007@3,OuterRace,12000,10.190083333333334,122281,1797.0,0hp,DE+FE+BA,outer_race,7 mil,drive_end,https://engineering.case.edu/bearingdatacenter,documented,canonical file 144.mat; rpm measured in-file
CWRU,cwru_X145,cwru_OR007@3_load1,cwru_DE_outer_race_007@3,cwru_OR007@3_load1,,data/raw/outer_race/OR007@3_1_DE12k.mat,OR007@3,OuterRace,12000,10.153833333333333,121846,1774.0,1hp,DE+FE+BA,outer_race,7 mil,drive_end,https://engineering.case.edu/bearingdatacenter,documented,canonical file 145.mat; rpm measured in-file
CWRU,cwru_X146,cwru_OR007@3_load2,cwru_DE_outer_race_007@3,cwru_OR007@3_load2,,data/raw/outer_race/OR007@3_2_DE12k.mat,OR007@3,OuterRace,12000,10.129666666666667,121556,1751.0,2hp,DE+FE+BA,outer_race,7 mil,drive_end,https://engineering.case.edu/bearingdatacenter,documented,canonical file 146.mat; rpm measured in-file
CWRU,cwru_X147,cwru_OR007@3_load3,cwru_DE_outer_race_007@3,cwru_OR007@3_load3,,data/raw/outer_race/OR007@3_3_DE12k.mat,OR007@3,OuterRace,12000,10.190083333333334,122281,1725.0,3hp,DE+FE+BA,outer_race,7 mil,drive_end,https://engineering.case.edu/bearingdatacenter,documented,canonical file 147.mat; rpm measured in-file
CWRU,cwru_X130,cwru_OR007@6_load0,cwru_DE_outer_race_007@6,cwru_OR007@6_load0,,data/raw/outer_race/OR007@6_0_DE12k.mat,OR007@6,OuterRace,12000,10.165916666666666,121991,1796.0,0hp,DE+FE+BA,outer_race,7 mil,drive_end,https://engineering.case.edu/bearingdatacenter,documented,canonical file 130.mat; rpm measured in-file
CWRU,cwru_X131,cwru_OR007@6_load1,cwru_DE_outer_race_007@6,cwru_OR007@6_load1,,data/raw/outer_race/OR007@6_1_DE12k.mat,OR007@6,OuterRace,12000,10.202166666666667,122426,1773.0,1hp,DE+FE+BA,outer_race,7 mil,drive_end,https://engineering.case.edu/bearingdatacenter,documented,canonical file 131.mat; rpm measured in-file
CWRU,cwru_X132,cwru_OR007@6_load2,cwru_DE_outer_race_007@6,cwru_OR007@6_load2,,data/raw/outer_race/OR007@6_2_DE12k.mat,OR007@6,OuterRace,12000,10.1175,121410,1750.0,2hp,DE+FE+BA,outer_race,7 mil,drive_end,https://engineering.case.edu/bearingdatacenter,documented,canonical file 132.mat; rpm measured in-file
CWRU,cwru_X133,cwru_OR007@6_load3,cwru_DE_outer_race_007@6,cwru_OR007@6_load3,,data/raw/outer_race/OR007@6_3_DE12k.mat,OR007@6,OuterRace,12000,10.21425,122571,1725.0,3hp,DE+FE+BA,outer_race,7 mil,drive_end,https://engineering.case.edu/bearingdatacenter,documented,canonical file 133.mat; rpm measured in-file
CWRU,cwru_X197,cwru_OR014@6_load0,cwru_DE_outer_race_014@6,cwru_OR014@6_load0,,data/raw/outer_race/OR014@6_0_DE12k.mat,OR014@6,OuterRace,12000,10.153833333333333,121846,1796.0,0hp,DE+FE+BA,outer_race,14 mil,drive_end,https://engineering.case.edu/bearingdatacenter,documented,canonical file 197.mat; rpm measured in-file
CWRU,cwru_X198,cwru_OR014@6_load1,cwru_DE_outer_race_014@6,cwru_OR014@6_load1,,data/raw/outer_race/OR014@6_1_DE12k.mat,OR014@6,OuterRace,12000,10.178,122136,1772.0,1hp,DE+FE+BA,outer_race,14 mil,drive_end,https://engineering.case.edu/bearingdatacenter,documented,canonical file 198.mat; rpm measured in-file
CWRU,cwru_X199,cwru_OR014@6_load2,cwru_DE_outer_race_014@6,cwru_OR014@6_load2,,data/raw/outer_race/OR014@6_2_DE12k.mat,OR014@6,OuterRace,12000,10.153833333333333,121846,1749.0,2hp,DE+FE+BA,outer_race,14 mil,drive_end,https://engineering.case.edu/bearingdatacenter,documented,canonical file 199.mat; rpm measured in-file
CWRU,cwru_X200,cwru_OR014@6_load3,cwru_DE_outer_race_014@6,cwru_OR014@6_load3,,data/raw/outer_race/OR014@6_3_DE12k.mat,OR014@6,OuterRace,12000,10.165916666666666,121991,1723.0,3hp,DE+FE+BA,outer_race,14 mil,drive_end,https://engineering.case.edu/bearingdatacenter,documented,canonical file 200.mat; rpm measured in-file
CWRU,cwru_X246,cwru_OR021@12_load0,cwru_DE_outer_race_021@12,cwru_OR021@12_load0,,data/raw/outer_race/OR021@12_0_DE12k.mat,OR021@12,OuterRace,12000,10.14175,121701,1796.0,0hp,DE+FE+BA,outer_race,21 mil,drive_end,https://engineering.case.edu/bearingdatacenter,documented,canonical file 246.mat; rpm measured in-file
CWRU,cwru_X247,cwru_OR021@12_load1,cwru_DE_outer_race_021@12,cwru_OR021@12_load1,,data/raw/outer_race/OR021@12_1_DE12k.mat,OR021@12,OuterRace,12000,10.165916666666666,121991,1771.0,1hp,DE+FE+BA,outer_race,21 mil,drive_end,https://engineering.case.edu/bearingdatacenter,documented,canonical file 247.mat; rpm measured in-file
CWRU,cwru_X248,cwru_OR021@12_load2,cwru_DE_outer_race_021@12,cwru_OR021@12_load2,,data/raw/outer_race/OR021@12_2_DE12k.mat,OR021@12,OuterRace,12000,10.190083333333334,122281,1747.0,2hp,DE+FE+BA,outer_race,21 mil,drive_end,https://engineering.case.edu/bearingdatacenter,documented,canonical file 248.mat; rpm measured in-file
CWRU,cwru_X249,cwru_OR021@12_load3,cwru_DE_outer_race_021@12,cwru_OR021@12_load3,,data/raw/outer_race/OR021@12_3_DE12k.mat,OR021@12,OuterRace,12000,10.178,122136,1719.0,3hp,DE+FE+BA,outer_race,21 mil,drive_end,https://engineering.case.edu/bearingdatacenter,documented,canonical file 249.mat; rpm measured in-file
CWRU,cwru_X234,cwru_OR021@6_load0,cwru_DE_outer_race_021@6,cwru_OR021@6_load0,,data/raw/outer_race/OR021@6_0_DE12k.mat,OR021@6,OuterRace,12000,10.202166666666667,122426,1796.0,0hp,DE+FE+BA,outer_race,21 mil,drive_end,https://engineering.case.edu/bearingdatacenter,documented,canonical file 234.mat; rpm measured in-file
CWRU,cwru_X235,cwru_OR021@6_load1,cwru_DE_outer_race_021@6,cwru_OR021@6_load1,,data/raw/outer_race/OR021@6_1_DE12k.mat,OR021@6,OuterRace,12000,10.165916666666666,121991,1771.0,1hp,DE+FE+BA,outer_race,21 mil,drive_end,https://engineering.case.edu/bearingdatacenter,documented,canonical file 235.mat; rpm measured in-file
CWRU,cwru_X236,cwru_OR021@6_load2,cwru_DE_outer_race_021@6,cwru_OR021@6_load2,,data/raw/outer_race/OR021@6_2_DE12k.mat,OR021@6,OuterRace,12000,10.190083333333334,122281,1748.0,2hp,DE+FE+BA,outer_race,21 mil,drive_end,https://engineering.case.edu/bearingdatacenter,documented,canonical file 236.mat; rpm measured in-file
CWRU,cwru_X237,cwru_OR021@6_load3,cwru_DE_outer_race_021@6,cwru_OR021@6_load3,,data/raw/outer_race/OR021@6_3_DE12k.mat,OR021@6,OuterRace,12000,10.165916666666666,121991,1721.0,3hp,DE+FE+BA,outer_race,21 mil,drive_end,https://engineering.case.edu/bearingdatacenter,documented,canonical file 237.mat; rpm measured in-file
CWRU,cwru_X122,cwru_B007_load0,cwru_DE_ball_007,cwru_B007_load0,,data/raw_cwru_48k/ball/B007_0_DE48k.mat,B007,RollingElement,48000,5.098729166666667,244739,1796.0,0hp,DE+FE,ball,7 mil,drive_end,https://engineering.case.edu/bearingdatacenter,documented,canonical file 122.mat; rpm measured in-file
CWRU,cwru_X123,cwru_B007_load1,cwru_DE_ball_007,cwru_B007_load1,,data/raw_cwru_48k/ball/B007_1_DE48k.mat,B007,RollingElement,48000,10.153833333333333,487384,1772.0,1hp,DE+FE,ball,7 mil,drive_end,https://engineering.case.edu/bearingdatacenter,documented,canonical file 123.mat; rpm measured in-file
CWRU,cwru_X124,cwru_B007_load2,cwru_DE_ball_007,cwru_B007_load2,,data/raw_cwru_48k/ball/B007_2_DE48k.mat,B007,RollingElement,48000,10.14175,486804,1747.0,2hp,DE+FE,ball,7 mil,drive_end,https://engineering.case.edu/bearingdatacenter,documented,canonical file 124.mat; rpm measured in-file
CWRU,cwru_X125,cwru_B007_load3,cwru_DE_ball_007,cwru_B007_load3,,data/raw_cwru_48k/ball/B007_3_DE48k.mat,B007,RollingElement,48000,10.178020833333333,488545,1721.0,3hp,DE+FE,ball,7 mil,drive_end,https://engineering.case.edu/bearingdatacenter,documented,canonical file 125.mat; rpm measured in-file
CWRU,cwru_X189,cwru_B014_load0,cwru_DE_ball_014,cwru_B014_load0,,data/raw_cwru_48k/ball/B014_0_DE48k.mat,B014,RollingElement,48000,5.190541666666666,249146,1797.0,0hp,DE+FE,ball,14 mil,drive_end,https://engineering.case.edu/bearingdatacenter,documented,canonical file 189.mat; rpm measured in-file
CWRU,cwru_X190,cwru_B014_load1,cwru_DE_ball_014,cwru_B014_load1,,data/raw_cwru_48k/ball/B014_1_DE48k.mat,B014,RollingElement,48000,10.129666666666667,486224,1772.0,1hp,DE+FE,ball,14 mil,drive_end,https://engineering.case.edu/bearingdatacenter,documented,canonical file 190.mat; rpm measured in-file
CWRU,cwru_X191,cwru_B014_load2,cwru_DE_ball_014,cwru_B014_load2,,data/raw_cwru_48k/ball/B014_2_DE48k.mat,B014,RollingElement,48000,10.153833333333333,487384,1748.0,2hp,DE+FE,ball,14 mil,drive_end,https://engineering.case.edu/bearingdatacenter,documented,canonical file 191.mat; rpm measured in-file
CWRU,cwru_X192,cwru_B014_load3,cwru_DE_ball_014,cwru_B014_load3,,data/raw_cwru_48k/ball/B014_3_DE48k.mat,B014,RollingElement,48000,10.14175,486804,1725.0,3hp,DE+FE,ball,14 mil,drive_end,https://engineering.case.edu/bearingdatacenter,documented,canonical file 192.mat; rpm measured in-file
CWRU,cwru_X226,cwru_B021_load0,cwru_DE_ball_021,cwru_B021_load0,,data/raw_cwru_48k/ball/B021_0_DE48k.mat,B021,RollingElement,48000,5.082041666666667,243938,1797.0,0hp,DE+FE,ball,21 mil,drive_end,https://engineering.case.edu/bearingdatacenter,documented,canonical file 226.mat; rpm measured in-file
CWRU,cwru_X227,cwru_B021_load1,cwru_DE_ball_021,cwru_B021_load1,,data/raw_cwru_48k/ball/B021_1_DE48k.mat,B021,RollingElement,48000,10.14175,486804,1774.0,1hp,DE+FE,ball,21 mil,drive_end,https://engineering.case.edu/bearingdatacenter,documented,canonical file 227.mat; rpm measured in-file
CWRU,cwru_X228,cwru_B021_load2,cwru_DE_ball_021,cwru_B021_load2,,data/raw_cwru_48k/ball/B021_2_DE48k.mat,B021,RollingElement,48000,10.153833333333333,487384,1754.0,2hp,DE+FE,ball,21 mil,drive_end,https://engineering.case.edu/bearingdatacenter,documented,canonical file 228.mat; rpm measured in-file
CWRU,cwru_X229,cwru_B021_load3,cwru_DE_ball_021,cwru_B021_load3,,data/raw_cwru_48k/ball/B021_3_DE48k.mat,B021,RollingElement,48000,10.14175,486804,1729.0,3hp,DE+FE,ball,21 mil,drive_end,https://engineering.case.edu/bearingdatacenter,documented,canonical file 229.mat; rpm measured in-file
CWRU,cwru_X109,cwru_IR007_load0,cwru_DE_inner_race_007,cwru_IR007_load0,,data/raw_cwru_48k/inner_race/IR007_0_DE48k.mat,IR007,InnerRace,48000,5.082041666666667,243938,1796.0,0hp,DE+FE,inner_race,7 mil,drive_end,https://engineering.case.edu/bearingdatacenter,documented,canonical file 109.mat; rpm measured in-file
CWRU,cwru_X110,cwru_IR007_load1,cwru_DE_inner_race_007,cwru_IR007_load1,,data/raw_cwru_48k/inner_race/IR007_1_DE48k.mat,IR007,InnerRace,48000,10.129666666666667,486224,1772.0,1hp,DE+FE,inner_race,7 mil,drive_end,https://engineering.case.edu/bearingdatacenter,documented,canonical file 110.mat; rpm measured in-file
CWRU,cwru_X111,cwru_IR007_load2,cwru_DE_inner_race_007,cwru_IR007_load2,,data/raw_cwru_48k/inner_race/IR007_2_DE48k.mat,IR007,InnerRace,48000,10.1175625,485643,1748.0,2hp,DE+FE,inner_race,7 mil,drive_end,https://engineering.case.edu/bearingdatacenter,documented,canonical file 111.mat; rpm measured in-file
CWRU,cwru_X112,cwru_IR007_load3,cwru_DE_inner_race_007,cwru_IR007_load3,,data/raw_cwru_48k/inner_race/IR007_3_DE48k.mat,IR007,InnerRace,48000,10.1175625,485643,1721.0,3hp,DE+FE,inner_race,7 mil,drive_end,https://engineering.case.edu/bearingdatacenter,documented,canonical file 112.mat; rpm measured in-file
CWRU,cwru_X173,cwru_IR014_load0,cwru_DE_inner_race_014,cwru_IR014_load0,,data/raw_cwru_48k/inner_race/IR014_0_DE48k.mat,IR014,InnerRace,48000,1.3289166666666667,63788,1796.0,0hp,DE+FE,inner_race,14 mil,drive_end,https://engineering.case.edu/bearingdatacenter,documented,canonical file 173.mat; rpm measured in-file
CWRU,cwru_X175,cwru_IR014_load1,cwru_DE_inner_race_014,cwru_IR014_load1,,data/raw_cwru_48k/inner_race/IR014_1_DE48k.mat,IR014,InnerRace,48000,7.956041666666667,381890,1772.0,1hp,DE+FE,inner_race,14 mil,drive_end,https://engineering.case.edu/bearingdatacenter,documented,canonical file 175.mat; rpm measured in-file
CWRU,cwru_X176,cwru_IR014_load2,cwru_DE_inner_race_014,cwru_IR014_load2,,data/raw_cwru_48k/inner_race/IR014_2_DE48k.mat,IR014,InnerRace,48000,10.165916666666666,487964,1751.0,2hp,DE+FE,inner_race,14 mil,drive_end,https://engineering.case.edu/bearingdatacenter,documented,canonical file 176.mat; rpm measured in-file
CWRU,cwru_X177,cwru_IR014_load3,cwru_DE_inner_race_014,cwru_IR014_load3,,data/raw_cwru_48k/inner_race/IR014_3_DE48k.mat,IR014,InnerRace,48000,10.105479166666667,485063,1726.0,3hp,DE+FE,inner_race,14 mil,drive_end,https://engineering.case.edu/bearingdatacenter,documented,canonical file 177.mat; rpm measured in-file
CWRU,cwru_X213,cwru_IR021_load0,cwru_DE_inner_race_021,cwru_IR021_load0,,data/raw_cwru_48k/inner_race/IR021_0_DE48k.mat,IR021,InnerRace,48000,5.090395833333333,244339,1796.0,0hp,DE+FE,inner_race,21 mil,drive_end,https://engineering.case.edu/bearingdatacenter,documented,canonical file 213.mat; rpm measured in-file
CWRU,cwru_X214,cwru_IR021_load1,cwru_DE_inner_race_021,cwru_IR021_load1,,data/raw_cwru_48k/inner_race/IR021_1_DE48k.mat,IR021,InnerRace,48000,10.105479166666667,485063,1774.0,1hp,DE+FE,inner_race,21 mil,drive_end,https://engineering.case.edu/bearingdatacenter,documented,canonical file 214.mat; rpm measured in-file
CWRU,cwru_X215,cwru_IR021_load2,cwru_DE_inner_race_021,cwru_IR021_load2,,data/raw_cwru_48k/inner_race/IR021_2_DE48k.mat,IR021,InnerRace,48000,10.238458333333334,491446,1752.0,2hp,DE+FE,inner_race,21 mil,drive_end,https://engineering.case.edu/bearingdatacenter,documented,canonical file 215.mat; rpm measured in-file
CWRU,cwru_X217,cwru_IR021_load3,cwru_DE_inner_race_021,cwru_IR021_load3,,data/raw_cwru_48k/inner_race/IR021_3_DE48k.mat,IR021,InnerRace,48000,10.190104166666666,489125,1727.0,3hp,DE+FE,inner_race,21 mil,drive_end,https://engineering.case.edu/bearingdatacenter,documented,canonical file 217.mat; rpm measured in-file
CWRU,cwru_X161,cwru_OR007@12_load0,cwru_DE_outer_race_007@12,cwru_OR007@12_load0,,data/raw_cwru_48k/outer_race/OR007@12_0_DE48k.mat,OR007@12,OuterRace,48000,2.7076875,129969,1796.0,0hp,DE+FE,outer_race,7 mil,drive_end,https://engineering.case.edu/bearingdatacenter,documented,canonical file 161.mat; rpm measured in-file
CWRU,cwru_X162,cwru_OR007@12_load1,cwru_DE_outer_race_007@12,cwru_OR007@12_load1,,data/raw_cwru_48k/outer_race/OR007@12_1_DE48k.mat,OR007@12,OuterRace,48000,10.057125,482742,1772.0,1hp,DE+FE,outer_race,7 mil,drive_end,https://engineering.case.edu/bearingdatacenter,documented,canonical file 162.mat; rpm measured in-file
CWRU,cwru_X163,cwru_OR007@12_load2,cwru_DE_outer_race_007@12,cwru_OR007@12_load2,,data/raw_cwru_48k/outer_race/OR007@12_2_DE48k.mat,OR007@12,OuterRace,48000,10.069229166666666,483323,1749.0,2hp,DE+FE,outer_race,7 mil,drive_end,https://engineering.case.edu/bearingdatacenter,documented,canonical file 163.mat; rpm measured in-file
CWRU,cwru_X164,cwru_OR007@12_load3,cwru_DE_outer_race_007@12,cwru_OR007@12_load3,,data/raw_cwru_48k/outer_race/OR007@12_3_DE48k.mat,OR007@12,OuterRace,48000,10.093395833333334,484483,1723.0,3hp,DE+FE,outer_race,7 mil,drive_end,https://engineering.case.edu/bearingdatacenter,documented,canonical file 164.mat; rpm measured in-file
CWRU,cwru_X148,cwru_OR007@3_load0,cwru_DE_outer_race_007@3,cwru_OR007@3_load0,,data/raw_cwru_48k/outer_race/OR007@3_0_DE48k.mat,OR007@3,OuterRace,48000,2.595875,124602,1797.0,0hp,DE+FE,outer_race,7 mil,drive_end,https://engineering.case.edu/bearingdatacenter,documented,canonical file 148.mat; rpm measured in-file
CWRU,cwru_X149,cwru_OR007@3_load1,cwru_DE_outer_race_007@3,cwru_OR007@3_load1,,data/raw_cwru_48k/outer_race/OR007@3_1_DE48k.mat,OR007@3,OuterRace,48000,10.105479166666667,485063,1773.0,1hp,DE+FE,outer_race,7 mil,drive_end,https://engineering.case.edu/bearingdatacenter,documented,canonical file 149.mat; rpm measured in-file
CWRU,cwru_X150,cwru_OR007@3_load2,cwru_DE_outer_race_007@3,cwru_OR007@3_load2,,data/raw_cwru_48k/outer_race/OR007@3_2_DE48k.mat,OR007@3,OuterRace,48000,10.1175625,485643,1750.0,2hp,DE+FE,outer_race,7 mil,drive_end,https://engineering.case.edu/bearingdatacenter,documented,canonical file 150.mat; rpm measured in-file
CWRU,cwru_X151,cwru_OR007@3_load3,cwru_DE_outer_race_007@3,cwru_OR007@3_load3,,data/raw_cwru_48k/outer_race/OR007@3_3_DE48k.mat,OR007@3,OuterRace,48000,10.129666666666667,486224,1724.0,3hp,DE+FE,outer_race,7 mil,drive_end,https://engineering.case.edu/bearingdatacenter,documented,canonical file 151.mat; rpm measured in-file
CWRU,cwru_X135,cwru_OR007@6_load0,cwru_DE_outer_race_007@6,cwru_OR007@6_load0,,data/raw_cwru_48k/outer_race/OR007@6_0_DE48k.mat,OR007@6,OuterRace,48000,5.073708333333333,243538,1796.0,0hp,DE+FE,outer_race,7 mil,drive_end,https://engineering.case.edu/bearingdatacenter,documented,canonical file 135.mat; rpm measured in-file
CWRU,cwru_X136,cwru_OR007@6_load1,cwru_DE_outer_race_007@6,cwru_OR007@6_load1,,data/raw_cwru_48k/outer_race/OR007@6_1_DE48k.mat,OR007@6,OuterRace,48000,10.14175,486804,1774.0,1hp,DE+FE,outer_race,7 mil,drive_end,https://engineering.case.edu/bearingdatacenter,documented,canonical file 136.mat; rpm measured in-file
CWRU,cwru_X137,cwru_OR007@6_load2,cwru_DE_outer_race_007@6,cwru_OR007@6_load2,,data/raw_cwru_48k/outer_race/OR007@6_2_DE48k.mat,OR007@6,OuterRace,48000,10.14175,486804,1750.0,2hp,DE+FE,outer_race,7 mil,drive_end,https://engineering.case.edu/bearingdatacenter,documented,canonical file 137.mat; rpm measured in-file
CWRU,cwru_X138,cwru_OR007@6_load3,cwru_DE_outer_race_007@6,cwru_OR007@6_load3,,data/raw_cwru_48k/outer_race/OR007@6_3_DE48k.mat,OR007@6,OuterRace,48000,10.165916666666666,487964,1725.0,3hp,DE+FE,outer_race,7 mil,drive_end,https://engineering.case.edu/bearingdatacenter,documented,canonical file 138.mat; rpm measured in-file
CWRU,cwru_X201,cwru_OR014@6_load0,cwru_DE_outer_race_014@6,cwru_OR014@6_load0,,data/raw_cwru_48k/outer_race/OR014@6_0_DE48k.mat,OR014@6,OuterRace,48000,5.107083333333334,245140,1796.0,0hp,DE+FE,outer_race,14 mil,drive_end,https://engineering.case.edu/bearingdatacenter,documented,canonical file 201.mat; rpm measured in-file
CWRU,cwru_X202,cwru_OR014@6_load1,cwru_DE_outer_race_014@6,cwru_OR014@6_load1,,data/raw_cwru_48k/outer_race/OR014@6_1_DE48k.mat,OR014@6,OuterRace,48000,10.093395833333334,484483,1772.0,1hp,DE+FE,outer_race,14 mil,drive_end,https://engineering.case.edu/bearingdatacenter,documented,canonical file 202.mat; rpm measured in-file
CWRU,cwru_X203,cwru_OR014@6_load2,cwru_DE_outer_race_014@6,cwru_OR014@6_load2,,data/raw_cwru_48k/outer_race/OR014@6_2_DE48k.mat,OR014@6,OuterRace,48000,10.14175,486804,1749.0,2hp,DE+FE,outer_race,14 mil,drive_end,https://engineering.case.edu/bearingdatacenter,documented,canonical file 203.mat; rpm measured in-file
CWRU,cwru_X204,cwru_OR014@6_load3,cwru_DE_outer_race_014@6,cwru_OR014@6_load3,,data/raw_cwru_48k/outer_race/OR014@6_3_DE48k.mat,OR014@6,OuterRace,48000,10.178020833333333,488545,1723.0,3hp,DE+FE,outer_race,14 mil,drive_end,https://engineering.case.edu/bearingdatacenter,documented,canonical file 204.mat; rpm measured in-file
CWRU,cwru_X262,cwru_OR021@12_load0,cwru_DE_outer_race_021@12,cwru_OR021@12_load0,,data/raw_cwru_48k/outer_race/OR021@12_0_DE48k.mat,OR021@12,OuterRace,48000,2.7197708333333335,130549,1796.0,0hp,DE+FE,outer_race,21 mil,drive_end,https://engineering.case.edu/bearingdatacenter,documented,canonical file 262.mat; rpm measured in-file
CWRU,cwru_X263,cwru_OR021@12_load1,cwru_DE_outer_race_021@12,cwru_OR021@12_load1,,data/raw_cwru_48k/outer_race/OR021@12_1_DE48k.mat,OR021@12,OuterRace,48000,10.129666666666667,486224,1771.0,1hp,DE+FE,outer_race,21 mil,drive_end,https://engineering.case.edu/bearingdatacenter,documented,canonical file 263.mat; rpm measured in-file
CWRU,cwru_X264,cwru_OR021@12_load2,cwru_DE_outer_race_021@12,cwru_OR021@12_load2,,data/raw_cwru_48k/outer_race/OR021@12_2_DE48k.mat,OR021@12,OuterRace,48000,10.14175,486804,1746.0,2hp,DE+FE,outer_race,21 mil,drive_end,https://engineering.case.edu/bearingdatacenter,documented,canonical file 264.mat; rpm measured in-file
CWRU,cwru_X265,cwru_OR021@12_load3,cwru_DE_outer_race_021@12,cwru_OR021@12_load3,,data/raw_cwru_48k/outer_race/OR021@12_3_DE48k.mat,OR021@12,OuterRace,48000,10.129666666666667,486224,1718.0,3hp,DE+FE,outer_race,21 mil,drive_end,https://engineering.case.edu/bearingdatacenter,documented,canonical file 265.mat; rpm measured in-file
CWRU,cwru_X250,cwru_OR021@3_load0,cwru_DE_outer_race_021@3,cwru_OR021@3_load0,,data/raw_cwru_48k/outer_race/OR021@3_0_DE48k.mat,OR021@3,OuterRace,48000,2.6804791666666667,128663,1796.0,0hp,DE+FE,outer_race,21 mil,drive_end,https://engineering.case.edu/bearingdatacenter,documented,canonical file 250.mat; rpm measured in-file
CWRU,cwru_X251,cwru_OR021@3_load1,cwru_DE_outer_race_021@3,cwru_OR021@3_load1,,data/raw_cwru_48k/outer_race/OR021@3_1_DE48k.mat,OR021@3,OuterRace,48000,10.2021875,489705,1770.0,1hp,DE+FE,outer_race,21 mil,drive_end,https://engineering.case.edu/bearingdatacenter,documented,canonical file 251.mat; rpm measured in-file
CWRU,cwru_X252,cwru_OR021@3_load2,cwru_DE_outer_race_021@3,cwru_OR021@3_load2,,data/raw_cwru_48k/outer_race/OR021@3_2_DE48k.mat,OR021@3,OuterRace,48000,10.153833333333333,487384,1746.0,2hp,DE+FE,outer_race,21 mil,drive_end,https://engineering.case.edu/bearingdatacenter,documented,canonical file 252.mat; rpm measured in-file
CWRU,cwru_X253,cwru_OR021@3_load3,cwru_DE_outer_race_021@3,cwru_OR021@3_load3,,data/raw_cwru_48k/outer_race/OR021@3_3_DE48k.mat,OR021@3,OuterRace,48000,10.093395833333334,484483,1719.0,3hp,DE+FE,outer_race,21 mil,drive_end,https://engineering.case.edu/bearingdatacenter,documented,canonical file 253.mat; rpm measured in-file
CWRU,cwru_X238,cwru_OR021@6_load0,cwru_DE_outer_race_021@6,cwru_OR021@6_load0,,data/raw_cwru_48k/outer_race/OR021@6_0_DE48k.mat,OR021@6,OuterRace,48000,5.132125,246342,1796.0,0hp,DE+FE,outer_race,21 mil,drive_end,https://engineering.case.edu/bearingdatacenter,documented,canonical file 238.mat; rpm measured in-file
CWRU,cwru_X239,cwru_OR021@6_load1,cwru_DE_outer_race_021@6,cwru_OR021@6_load1,,data/raw_cwru_48k/outer_race/OR021@6_1_DE48k.mat,OR021@6,OuterRace,48000,10.190104166666666,489125,1771.0,1hp,DE+FE,outer_race,21 mil,drive_end,https://engineering.case.edu/bearingdatacenter,documented,canonical file 239.mat; rpm measured in-file
CWRU,cwru_X240,cwru_OR021@6_load2,cwru_DE_outer_race_021@6,cwru_OR021@6_load2,,data/raw_cwru_48k/outer_race/OR021@6_2_DE48k.mat,OR021@6,OuterRace,48000,10.165916666666666,487964,1747.0,2hp,DE+FE,outer_race,21 mil,drive_end,https://engineering.case.edu/bearingdatacenter,documented,canonical file 240.mat; rpm measured in-file
CWRU,cwru_X241,cwru_OR021@6_load3,cwru_DE_outer_race_021@6,cwru_OR021@6_load3,,data/raw_cwru_48k/outer_race/OR021@6_3_DE48k.mat,OR021@6,OuterRace,48000,10.190104166666666,489125,1719.0,3hp,DE+FE,outer_race,21 mil,drive_end,https://engineering.case.edu/bearingdatacenter,documented,canonical file 241.mat; rpm measured in-file
JNU,jnu_ib1000_2,jnu_ib_1000,jnu_bearing_ib,jnu_ib_1000,,data/raw_jnu/JNU-Bearing-Dataset/ib1000_2.csv,ib,InnerRace,50000,10.01,500500,1000.0,,acc_vertical,inner_race,0.3mm x 0.05mm wire-cut dent,,https://github.com/ClarkGableWang/JNU-Bearing-Dataset,documented,filename suffix '_2' undocumented; clone commit 75b33611b516
JNU,jnu_ib600_2,jnu_ib_600,jnu_bearing_ib,jnu_ib_600,,data/raw_jnu/JNU-Bearing-Dataset/ib600_2.csv,ib,InnerRace,50000,10.01,500500,600.0,,acc_vertical,inner_race,0.3mm x 0.05mm wire-cut dent,,https://github.com/ClarkGableWang/JNU-Bearing-Dataset,documented,filename suffix '_2' undocumented; clone commit 75b33611b516
JNU,jnu_ib800_2,jnu_ib_800,jnu_bearing_ib,jnu_ib_800,,data/raw_jnu/JNU-Bearing-Dataset/ib800_2.csv,ib,InnerRace,50000,10.01,500500,800.0,,acc_vertical,inner_race,0.3mm x 0.05mm wire-cut dent,,https://github.com/ClarkGableWang/JNU-Bearing-Dataset,documented,filename suffix '_2' undocumented; clone commit 75b33611b516
JNU,jnu_n1000_3_2,jnu_n_1000,jnu_bearing_n,jnu_n_1000,,data/raw_jnu/JNU-Bearing-Dataset/n1000_3_2.csv,n,Healthy,50000,30.03,1501500,1000.0,,acc_vertical,healthy,,,https://github.com/ClarkGableWang/JNU-Bearing-Dataset,documented,filename suffix '_3_2' undocumented; clone commit 75b33611b516
JNU,jnu_n600_3_2,jnu_n_600,jnu_bearing_n,jnu_n_600,,data/raw_jnu/JNU-Bearing-Dataset/n600_3_2.csv,n,Healthy,50000,30.03,1501500,600.0,,acc_vertical,healthy,,,https://github.com/ClarkGableWang/JNU-Bearing-Dataset,documented,filename suffix '_3_2' undocumented; clone commit 75b33611b516
JNU,jnu_n800_3_2,jnu_n_800,jnu_bearing_n,jnu_n_800,,data/raw_jnu/JNU-Bearing-Dataset/n800_3_2.csv,n,Healthy,50000,30.03,1501500,800.0,,acc_vertical,healthy,,,https://github.com/ClarkGableWang/JNU-Bearing-Dataset,documented,filename suffix '_3_2' undocumented; clone commit 75b33611b516
JNU,jnu_ob1000_2,jnu_ob_1000,jnu_bearing_ob,jnu_ob_1000,,data/raw_jnu/JNU-Bearing-Dataset/ob1000_2.csv,ob,OuterRace,50000,10.01,500500,1000.0,,acc_vertical,outer_race,0.3mm x 0.05mm wire-cut dent,,https://github.com/ClarkGableWang/JNU-Bearing-Dataset,documented,filename suffix '_2' undocumented; clone commit 75b33611b516
JNU,jnu_ob600_2,jnu_ob_600,jnu_bearing_ob,jnu_ob_600,,data/raw_jnu/JNU-Bearing-Dataset/ob600_2.csv,ob,OuterRace,50000,10.01,500500,600.0,,acc_vertical,outer_race,0.3mm x 0.05mm wire-cut dent,,https://github.com/ClarkGableWang/JNU-Bearing-Dataset,documented,filename suffix '_2' undocumented; clone commit 75b33611b516
JNU,jnu_ob800_2,jnu_ob_800,jnu_bearing_ob,jnu_ob_800,,data/raw_jnu/JNU-Bearing-Dataset/ob800_2.csv,ob,OuterRace,50000,10.01,500500,800.0,,acc_vertical,outer_race,0.3mm x 0.05mm wire-cut dent,,https://github.com/ClarkGableWang/JNU-Bearing-Dataset,documented,filename suffix '_2' undocumented; clone commit 75b33611b516
JNU,jnu_tb1000_2,jnu_tb_1000,jnu_bearing_tb,jnu_tb_1000,,data/raw_jnu/JNU-Bearing-Dataset/tb1000_2.csv,tb,RollingElement,50000,10.01,500500,1000.0,,acc_vertical,rolling_element,0.3mm x 0.05mm wire-cut dent,,https://github.com/ClarkGableWang/JNU-Bearing-Dataset,documented,filename suffix '_2' undocumented; clone commit 75b33611b516
JNU,jnu_tb600_2,jnu_tb_600,jnu_bearing_tb,jnu_tb_600,,data/raw_jnu/JNU-Bearing-Dataset/tb600_2.csv,tb,RollingElement,50000,10.01,500500,600.0,,acc_vertical,rolling_element,0.3mm x 0.05mm wire-cut dent,,https://github.com/ClarkGableWang/JNU-Bearing-Dataset,documented,filename suffix '_2' undocumented; clone commit 75b33611b516
JNU,jnu_tb800_2,jnu_tb_800,jnu_bearing_tb,jnu_tb_800,,data/raw_jnu/JNU-Bearing-Dataset/tb800_2.csv,tb,RollingElement,50000,10.01,500500,800.0,,acc_vertical,rolling_element,0.3mm x 0.05mm wire-cut dent,,https://github.com/ClarkGableWang/JNU-Bearing-Dataset,documented,filename suffix '_2' undocumented; clone commit 75b33611b516
HIT,hit_data1_rec00,hit_data1_rec00,hit_bearing_data1,hit_data1_lp1000_hp1200,hit_data1,data/raw_hit/gdrive_full/HIT-dataset/data1.npy,0,Healthy,25000,14.7456,368640,1000.0,,disp1+disp2+acc1+acc2+acc3+acc4,healthy,,inter_shaft,https://github.com/HouLeiHIT/HIT-dataset,derived,"18 series of 20480; LP 1000 / HP 1200 r/min; rpm column = LP speed; re-assembled from segmented series, contiguity after invalid-data removal not guaranteed"
HIT,hit_data1_rec01,hit_data1_rec01,hit_bearing_data1,hit_data1_lp1500_hp1800,hit_data1,data/raw_hit/gdrive_full/HIT-dataset/data1.npy,0,Healthy,25000,14.7456,368640,1500.0,,disp1+disp2+acc1+acc2+acc3+acc4,healthy,,inter_shaft,https://github.com/HouLeiHIT/HIT-dataset,derived,"18 series of 20480; LP 1500 / HP 1800 r/min; rpm column = LP speed; re-assembled from segmented series, contiguity after invalid-data removal not guaranteed"
HIT,hit_data1_rec02,hit_data1_rec02,hit_bearing_data1,hit_data1_lp2000_hp2400,hit_data1,data/raw_hit/gdrive_full/HIT-dataset/data1.npy,0,Healthy,25000,14.7456,368640,2000.0,,disp1+disp2+acc1+acc2+acc3+acc4,healthy,,inter_shaft,https://github.com/HouLeiHIT/HIT-dataset,derived,"18 series of 20480; LP 2000 / HP 2400 r/min; rpm column = LP speed; re-assembled from segmented series, contiguity after invalid-data removal not guaranteed"
HIT,hit_data1_rec03,hit_data1_rec03,hit_bearing_data1,hit_data1_lp2500_hp3000,hit_data1,data/raw_hit/gdrive_full/HIT-dataset/data1.npy,0,Healthy,25000,14.7456,368640,2500.0,,disp1+disp2+acc1+acc2+acc3+acc4,healthy,,inter_shaft,https://github.com/HouLeiHIT/HIT-dataset,derived,"18 series of 20480; LP 2500 / HP 3000 r/min; rpm column = LP speed; re-assembled from segmented series, contiguity after invalid-data removal not guaranteed"
HIT,hit_data1_rec04,hit_data1_rec04,hit_bearing_data1,hit_data1_lp3000_hp3600,hit_data1,data/raw_hit/gdrive_full/HIT-dataset/data1.npy,0,Healthy,25000,14.7456,368640,3000.0,,disp1+disp2+acc1+acc2+acc3+acc4,healthy,,inter_shaft,https://github.com/HouLeiHIT/HIT-dataset,derived,"18 series of 20480; LP 3000 / HP 3600 r/min; rpm column = LP speed; re-assembled from segmented series, contiguity after invalid-data removal not guaranteed"
HIT,hit_data1_rec05,hit_data1_rec05,hit_bearing_data1,hit_data1_lp3500_hp4200,hit_data1,data/raw_hit/gdrive_full/HIT-dataset/data1.npy,0,Healthy,25000,14.7456,368640,3500.0,,disp1+disp2+acc1+acc2+acc3+acc4,healthy,,inter_shaft,https://github.com/HouLeiHIT/HIT-dataset,derived,"18 series of 20480; LP 3500 / HP 4200 r/min; rpm column = LP speed; re-assembled from segmented series, contiguity after invalid-data removal not guaranteed"
HIT,hit_data1_rec06,hit_data1_rec06,hit_bearing_data1,hit_data1_lp3600_hp4320,hit_data1,data/raw_hit/gdrive_full/HIT-dataset/data1.npy,0,Healthy,25000,14.7456,368640,3600.0,,disp1+disp2+acc1+acc2+acc3+acc4,healthy,,inter_shaft,https://github.com/HouLeiHIT/HIT-dataset,derived,"18 series of 20480; LP 3600 / HP 4320 r/min; rpm column = LP speed; re-assembled from segmented series, contiguity after invalid-data removal not guaranteed"
HIT,hit_data1_rec07,hit_data1_rec07,hit_bearing_data1,hit_data1_lp3700_hp4440,hit_data1,data/raw_hit/gdrive_full/HIT-dataset/data1.npy,0,Healthy,25000,14.7456,368640,3700.0,,disp1+disp2+acc1+acc2+acc3+acc4,healthy,,inter_shaft,https://github.com/HouLeiHIT/HIT-dataset,derived,"18 series of 20480; LP 3700 / HP 4440 r/min; rpm column = LP speed; re-assembled from segmented series, contiguity after invalid-data removal not guaranteed"
HIT,hit_data1_rec08,hit_data1_rec08,hit_bearing_data1,hit_data1_lp3800_hp4560,hit_data1,data/raw_hit/gdrive_full/HIT-dataset/data1.npy,0,Healthy,25000,14.7456,368640,3800.0,,disp1+disp2+acc1+acc2+acc3+acc4,healthy,,inter_shaft,https://github.com/HouLeiHIT/HIT-dataset,derived,"18 series of 20480; LP 3800 / HP 4560 r/min; rpm column = LP speed; re-assembled from segmented series, contiguity after invalid-data removal not guaranteed"
HIT,hit_data1_rec09,hit_data1_rec09,hit_bearing_data1,hit_data1_lp3900_hp4680,hit_data1,data/raw_hit/gdrive_full/HIT-dataset/data1.npy,0,Healthy,25000,14.7456,368640,3900.0,,disp1+disp2+acc1+acc2+acc3+acc4,healthy,,inter_shaft,https://github.com/HouLeiHIT/HIT-dataset,derived,"18 series of 20480; LP 3900 / HP 4680 r/min; rpm column = LP speed; re-assembled from segmented series, contiguity after invalid-data removal not guaranteed"
HIT,hit_data1_rec10,hit_data1_rec10,hit_bearing_data1,hit_data1_lp4000_hp4800,hit_data1,data/raw_hit/gdrive_full/HIT-dataset/data1.npy,0,Healthy,25000,14.7456,368640,4000.0,,disp1+disp2+acc1+acc2+acc3+acc4,healthy,,inter_shaft,https://github.com/HouLeiHIT/HIT-dataset,derived,"18 series of 20480; LP 4000 / HP 4800 r/min; rpm column = LP speed; re-assembled from segmented series, contiguity after invalid-data removal not guaranteed"
HIT,hit_data1_rec11,hit_data1_rec11,hit_bearing_data1,hit_data1_lp4100_hp4920,hit_data1,data/raw_hit/gdrive_full/HIT-dataset/data1.npy,0,Healthy,25000,14.7456,368640,4100.0,,disp1+disp2+acc1+acc2+acc3+acc4,healthy,,inter_shaft,https://github.com/HouLeiHIT/HIT-dataset,derived,"18 series of 20480; LP 4100 / HP 4920 r/min; rpm column = LP speed; re-assembled from segmented series, contiguity after invalid-data removal not guaranteed"
HIT,hit_data1_rec12,hit_data1_rec12,hit_bearing_data1,hit_data1_lp4200_hp5040,hit_data1,data/raw_hit/gdrive_full/HIT-dataset/data1.npy,0,Healthy,25000,14.7456,368640,4200.0,,disp1+disp2+acc1+acc2+acc3+acc4,healthy,,inter_shaft,https://github.com/HouLeiHIT/HIT-dataset,derived,"18 series of 20480; LP 4200 / HP 5040 r/min; rpm column = LP speed; re-assembled from segmented series, contiguity after invalid-data removal not guaranteed"
HIT,hit_data1_rec13,hit_data1_rec13,hit_bearing_data1,hit_data1_lp4300_hp5160,hit_data1,data/raw_hit/gdrive_full/HIT-dataset/data1.npy,0,Healthy,25000,14.7456,368640,4300.0,,disp1+disp2+acc1+acc2+acc3+acc4,healthy,,inter_shaft,https://github.com/HouLeiHIT/HIT-dataset,derived,"18 series of 20480; LP 4300 / HP 5160 r/min; rpm column = LP speed; re-assembled from segmented series, contiguity after invalid-data removal not guaranteed"
HIT,hit_data1_rec14,hit_data1_rec14,hit_bearing_data1,hit_data1_lp4400_hp5280,hit_data1,data/raw_hit/gdrive_full/HIT-dataset/data1.npy,0,Healthy,25000,14.7456,368640,4400.0,,disp1+disp2+acc1+acc2+acc3+acc4,healthy,,inter_shaft,https://github.com/HouLeiHIT/HIT-dataset,derived,"18 series of 20480; LP 4400 / HP 5280 r/min; rpm column = LP speed; re-assembled from segmented series, contiguity after invalid-data removal not guaranteed"
HIT,hit_data1_rec15,hit_data1_rec15,hit_bearing_data1,hit_data1_lp4500_hp5400,hit_data1,data/raw_hit/gdrive_full/HIT-dataset/data1.npy,0,Healthy,25000,14.7456,368640,4500.0,,disp1+disp2+acc1+acc2+acc3+acc4,healthy,,inter_shaft,https://github.com/HouLeiHIT/HIT-dataset,derived,"18 series of 20480; LP 4500 / HP 5400 r/min; rpm column = LP speed; re-assembled from segmented series, contiguity after invalid-data removal not guaranteed"
HIT,hit_data1_rec16,hit_data1_rec16,hit_bearing_data1,hit_data1_lp4600_hp5520,hit_data1,data/raw_hit/gdrive_full/HIT-dataset/data1.npy,0,Healthy,25000,14.7456,368640,4600.0,,disp1+disp2+acc1+acc2+acc3+acc4,healthy,,inter_shaft,https://github.com/HouLeiHIT/HIT-dataset,derived,"18 series of 20480; LP 4600 / HP 5520 r/min; rpm column = LP speed; re-assembled from segmented series, contiguity after invalid-data removal not guaranteed"
HIT,hit_data1_rec17,hit_data1_rec17,hit_bearing_data1,hit_data1_lp4700_hp5640,hit_data1,data/raw_hit/gdrive_full/HIT-dataset/data1.npy,0,Healthy,25000,14.7456,368640,4700.0,,disp1+disp2+acc1+acc2+acc3+acc4,healthy,,inter_shaft,https://github.com/HouLeiHIT/HIT-dataset,derived,"18 series of 20480; LP 4700 / HP 5640 r/min; rpm column = LP speed; re-assembled from segmented series, contiguity after invalid-data removal not guaranteed"
HIT,hit_data1_rec18,hit_data1_rec18,hit_bearing_data1,hit_data1_lp4800_hp5760,hit_data1,data/raw_hit/gdrive_full/HIT-dataset/data1.npy,0,Healthy,25000,14.7456,368640,4800.0,,disp1+disp2+acc1+acc2+acc3+acc4,healthy,,inter_shaft,https://github.com/HouLeiHIT/HIT-dataset,derived,"18 series of 20480; LP 4800 / HP 5760 r/min; rpm column = LP speed; re-assembled from segmented series, contiguity after invalid-data removal not guaranteed"
HIT,hit_data1_rec19,hit_data1_rec19,hit_bearing_data1,hit_data1_lp4900_hp5880,hit_data1,data/raw_hit/gdrive_full/HIT-dataset/data1.npy,0,Healthy,25000,14.7456,368640,4900.0,,disp1+disp2+acc1+acc2+acc3+acc4,healthy,,inter_shaft,https://github.com/HouLeiHIT/HIT-dataset,derived,"18 series of 20480; LP 4900 / HP 5880 r/min; rpm column = LP speed; re-assembled from segmented series, contiguity after invalid-data removal not guaranteed"
HIT,hit_data1_rec20,hit_data1_rec20,hit_bearing_data1,hit_data1_lp5000_hp6000,hit_data1,data/raw_hit/gdrive_full/HIT-dataset/data1.npy,0,Healthy,25000,14.7456,368640,5000.0,,disp1+disp2+acc1+acc2+acc3+acc4,healthy,,inter_shaft,https://github.com/HouLeiHIT/HIT-dataset,derived,"18 series of 20480; LP 5000 / HP 6000 r/min; rpm column = LP speed; re-assembled from segmented series, contiguity after invalid-data removal not guaranteed"
HIT,hit_data1_rec21,hit_data1_rec21,hit_bearing_data1,hit_data1_lp3000_hp3600,hit_data1,data/raw_hit/gdrive_full/HIT-dataset/data1.npy,0,Healthy,25000,14.7456,368640,3000.0,,disp1+disp2+acc1+acc2+acc3+acc4,healthy,,inter_shaft,https://github.com/HouLeiHIT/HIT-dataset,derived,"18 series of 20480; LP 3000 / HP 3600 r/min; rpm column = LP speed; re-assembled from segmented series, contiguity after invalid-data removal not guaranteed"
HIT,hit_data1_rec22,hit_data1_rec22,hit_bearing_data1,hit_data1_lp3000_hp3900,hit_data1,data/raw_hit/gdrive_full/HIT-dataset/data1.npy,0,Healthy,25000,14.7456,368640,3000.0,,disp1+disp2+acc1+acc2+acc3+acc4,healthy,,inter_shaft,https://github.com/HouLeiHIT/HIT-dataset,derived,"18 series of 20480; LP 3000 / HP 3900 r/min; rpm column = LP speed; re-assembled from segmented series, contiguity after invalid-data removal not guaranteed"
HIT,hit_data1_rec23,hit_data1_rec23,hit_bearing_data1,hit_data1_lp3000_hp4200,hit_data1,data/raw_hit/gdrive_full/HIT-dataset/data1.npy,0,Healthy,25000,14.7456,368640,3000.0,,disp1+disp2+acc1+acc2+acc3+acc4,healthy,,inter_shaft,https://github.com/HouLeiHIT/HIT-dataset,derived,"18 series of 20480; LP 3000 / HP 4200 r/min; rpm column = LP speed; re-assembled from segmented series, contiguity after invalid-data removal not guaranteed"
HIT,hit_data1_rec24,hit_data1_rec24,hit_bearing_data1,hit_data1_lp3000_hp4500,hit_data1,data/raw_hit/gdrive_full/HIT-dataset/data1.npy,0,Healthy,25000,14.7456,368640,3000.0,,disp1+disp2+acc1+acc2+acc3+acc4,healthy,,inter_shaft,https://github.com/HouLeiHIT/HIT-dataset,derived,"18 series of 20480; LP 3000 / HP 4500 r/min; rpm column = LP speed; re-assembled from segmented series, contiguity after invalid-data removal not guaranteed"
HIT,hit_data1_rec25,hit_data1_rec25,hit_bearing_data1,hit_data1_lp3000_hp4800,hit_data1,data/raw_hit/gdrive_full/HIT-dataset/data1.npy,0,Healthy,25000,14.7456,368640,3000.0,,disp1+disp2+acc1+acc2+acc3+acc4,healthy,,inter_shaft,https://github.com/HouLeiHIT/HIT-dataset,derived,"18 series of 20480; LP 3000 / HP 4800 r/min; rpm column = LP speed; re-assembled from segmented series, contiguity after invalid-data removal not guaranteed"
HIT,hit_data1_rec26,hit_data1_rec26,hit_bearing_data1,hit_data1_lp3000_hp5100,hit_data1,data/raw_hit/gdrive_full/HIT-dataset/data1.npy,0,Healthy,25000,14.7456,368640,3000.0,,disp1+disp2+acc1+acc2+acc3+acc4,healthy,,inter_shaft,https://github.com/HouLeiHIT/HIT-dataset,derived,"18 series of 20480; LP 3000 / HP 5100 r/min; rpm column = LP speed; re-assembled from segmented series, contiguity after invalid-data removal not guaranteed"
HIT,hit_data1_rec27,hit_data1_rec27,hit_bearing_data1,hit_data1_lp3000_hp5400,hit_data1,data/raw_hit/gdrive_full/HIT-dataset/data1.npy,0,Healthy,25000,14.7456,368640,3000.0,,disp1+disp2+acc1+acc2+acc3+acc4,healthy,,inter_shaft,https://github.com/HouLeiHIT/HIT-dataset,derived,"18 series of 20480; LP 3000 / HP 5400 r/min; rpm column = LP speed; re-assembled from segmented series, contiguity after invalid-data removal not guaranteed"
HIT,hit_data2_rec00,hit_data2_rec00,hit_bearing_data2,hit_data2_lp1000_hp1200,hit_data2,data/raw_hit/gdrive_full/HIT-dataset/data2.npy,0,Healthy,25000,14.7456,368640,1000.0,,disp1+disp2+acc1+acc2+acc3+acc4,healthy,,inter_shaft,https://github.com/HouLeiHIT/HIT-dataset,derived,"18 series of 20480; LP 1000 / HP 1200 r/min; rpm column = LP speed; re-assembled from segmented series, contiguity after invalid-data removal not guaranteed"
HIT,hit_data2_rec01,hit_data2_rec01,hit_bearing_data2,hit_data2_lp1500_hp1800,hit_data2,data/raw_hit/gdrive_full/HIT-dataset/data2.npy,0,Healthy,25000,14.7456,368640,1500.0,,disp1+disp2+acc1+acc2+acc3+acc4,healthy,,inter_shaft,https://github.com/HouLeiHIT/HIT-dataset,derived,"18 series of 20480; LP 1500 / HP 1800 r/min; rpm column = LP speed; re-assembled from segmented series, contiguity after invalid-data removal not guaranteed"
HIT,hit_data2_rec02,hit_data2_rec02,hit_bearing_data2,hit_data2_lp2000_hp2400,hit_data2,data/raw_hit/gdrive_full/HIT-dataset/data2.npy,0,Healthy,25000,14.7456,368640,2000.0,,disp1+disp2+acc1+acc2+acc3+acc4,healthy,,inter_shaft,https://github.com/HouLeiHIT/HIT-dataset,derived,"18 series of 20480; LP 2000 / HP 2400 r/min; rpm column = LP speed; re-assembled from segmented series, contiguity after invalid-data removal not guaranteed"
HIT,hit_data2_rec03,hit_data2_rec03,hit_bearing_data2,hit_data2_lp2500_hp3000,hit_data2,data/raw_hit/gdrive_full/HIT-dataset/data2.npy,0,Healthy,25000,14.7456,368640,2500.0,,disp1+disp2+acc1+acc2+acc3+acc4,healthy,,inter_shaft,https://github.com/HouLeiHIT/HIT-dataset,derived,"18 series of 20480; LP 2500 / HP 3000 r/min; rpm column = LP speed; re-assembled from segmented series, contiguity after invalid-data removal not guaranteed"
HIT,hit_data2_rec04,hit_data2_rec04,hit_bearing_data2,hit_data2_lp3000_hp3600,hit_data2,data/raw_hit/gdrive_full/HIT-dataset/data2.npy,0,Healthy,25000,14.7456,368640,3000.0,,disp1+disp2+acc1+acc2+acc3+acc4,healthy,,inter_shaft,https://github.com/HouLeiHIT/HIT-dataset,derived,"18 series of 20480; LP 3000 / HP 3600 r/min; rpm column = LP speed; re-assembled from segmented series, contiguity after invalid-data removal not guaranteed"
HIT,hit_data2_rec05,hit_data2_rec05,hit_bearing_data2,hit_data2_lp3500_hp4200,hit_data2,data/raw_hit/gdrive_full/HIT-dataset/data2.npy,0,Healthy,25000,14.7456,368640,3500.0,,disp1+disp2+acc1+acc2+acc3+acc4,healthy,,inter_shaft,https://github.com/HouLeiHIT/HIT-dataset,derived,"18 series of 20480; LP 3500 / HP 4200 r/min; rpm column = LP speed; re-assembled from segmented series, contiguity after invalid-data removal not guaranteed"
HIT,hit_data2_rec06,hit_data2_rec06,hit_bearing_data2,hit_data2_lp3600_hp4320,hit_data2,data/raw_hit/gdrive_full/HIT-dataset/data2.npy,0,Healthy,25000,14.7456,368640,3600.0,,disp1+disp2+acc1+acc2+acc3+acc4,healthy,,inter_shaft,https://github.com/HouLeiHIT/HIT-dataset,derived,"18 series of 20480; LP 3600 / HP 4320 r/min; rpm column = LP speed; re-assembled from segmented series, contiguity after invalid-data removal not guaranteed"
HIT,hit_data2_rec07,hit_data2_rec07,hit_bearing_data2,hit_data2_lp3700_hp4440,hit_data2,data/raw_hit/gdrive_full/HIT-dataset/data2.npy,0,Healthy,25000,14.7456,368640,3700.0,,disp1+disp2+acc1+acc2+acc3+acc4,healthy,,inter_shaft,https://github.com/HouLeiHIT/HIT-dataset,derived,"18 series of 20480; LP 3700 / HP 4440 r/min; rpm column = LP speed; re-assembled from segmented series, contiguity after invalid-data removal not guaranteed"
HIT,hit_data2_rec08,hit_data2_rec08,hit_bearing_data2,hit_data2_lp3800_hp4560,hit_data2,data/raw_hit/gdrive_full/HIT-dataset/data2.npy,0,Healthy,25000,14.7456,368640,3800.0,,disp1+disp2+acc1+acc2+acc3+acc4,healthy,,inter_shaft,https://github.com/HouLeiHIT/HIT-dataset,derived,"18 series of 20480; LP 3800 / HP 4560 r/min; rpm column = LP speed; re-assembled from segmented series, contiguity after invalid-data removal not guaranteed"
HIT,hit_data2_rec09,hit_data2_rec09,hit_bearing_data2,hit_data2_lp3900_hp4680,hit_data2,data/raw_hit/gdrive_full/HIT-dataset/data2.npy,0,Healthy,25000,14.7456,368640,3900.0,,disp1+disp2+acc1+acc2+acc3+acc4,healthy,,inter_shaft,https://github.com/HouLeiHIT/HIT-dataset,derived,"18 series of 20480; LP 3900 / HP 4680 r/min; rpm column = LP speed; re-assembled from segmented series, contiguity after invalid-data removal not guaranteed"
HIT,hit_data2_rec10,hit_data2_rec10,hit_bearing_data2,hit_data2_lp4000_hp4800,hit_data2,data/raw_hit/gdrive_full/HIT-dataset/data2.npy,0,Healthy,25000,14.7456,368640,4000.0,,disp1+disp2+acc1+acc2+acc3+acc4,healthy,,inter_shaft,https://github.com/HouLeiHIT/HIT-dataset,derived,"18 series of 20480; LP 4000 / HP 4800 r/min; rpm column = LP speed; re-assembled from segmented series, contiguity after invalid-data removal not guaranteed"
HIT,hit_data2_rec11,hit_data2_rec11,hit_bearing_data2,hit_data2_lp4100_hp4920,hit_data2,data/raw_hit/gdrive_full/HIT-dataset/data2.npy,0,Healthy,25000,14.7456,368640,4100.0,,disp1+disp2+acc1+acc2+acc3+acc4,healthy,,inter_shaft,https://github.com/HouLeiHIT/HIT-dataset,derived,"18 series of 20480; LP 4100 / HP 4920 r/min; rpm column = LP speed; re-assembled from segmented series, contiguity after invalid-data removal not guaranteed"
HIT,hit_data2_rec12,hit_data2_rec12,hit_bearing_data2,hit_data2_lp4200_hp5040,hit_data2,data/raw_hit/gdrive_full/HIT-dataset/data2.npy,0,Healthy,25000,14.7456,368640,4200.0,,disp1+disp2+acc1+acc2+acc3+acc4,healthy,,inter_shaft,https://github.com/HouLeiHIT/HIT-dataset,derived,"18 series of 20480; LP 4200 / HP 5040 r/min; rpm column = LP speed; re-assembled from segmented series, contiguity after invalid-data removal not guaranteed"
HIT,hit_data2_rec13,hit_data2_rec13,hit_bearing_data2,hit_data2_lp4300_hp5160,hit_data2,data/raw_hit/gdrive_full/HIT-dataset/data2.npy,0,Healthy,25000,14.7456,368640,4300.0,,disp1+disp2+acc1+acc2+acc3+acc4,healthy,,inter_shaft,https://github.com/HouLeiHIT/HIT-dataset,derived,"18 series of 20480; LP 4300 / HP 5160 r/min; rpm column = LP speed; re-assembled from segmented series, contiguity after invalid-data removal not guaranteed"
HIT,hit_data2_rec14,hit_data2_rec14,hit_bearing_data2,hit_data2_lp4400_hp5280,hit_data2,data/raw_hit/gdrive_full/HIT-dataset/data2.npy,0,Healthy,25000,14.7456,368640,4400.0,,disp1+disp2+acc1+acc2+acc3+acc4,healthy,,inter_shaft,https://github.com/HouLeiHIT/HIT-dataset,derived,"18 series of 20480; LP 4400 / HP 5280 r/min; rpm column = LP speed; re-assembled from segmented series, contiguity after invalid-data removal not guaranteed"
HIT,hit_data2_rec15,hit_data2_rec15,hit_bearing_data2,hit_data2_lp4500_hp5400,hit_data2,data/raw_hit/gdrive_full/HIT-dataset/data2.npy,0,Healthy,25000,14.7456,368640,4500.0,,disp1+disp2+acc1+acc2+acc3+acc4,healthy,,inter_shaft,https://github.com/HouLeiHIT/HIT-dataset,derived,"18 series of 20480; LP 4500 / HP 5400 r/min; rpm column = LP speed; re-assembled from segmented series, contiguity after invalid-data removal not guaranteed"
HIT,hit_data2_rec16,hit_data2_rec16,hit_bearing_data2,hit_data2_lp4600_hp5520,hit_data2,data/raw_hit/gdrive_full/HIT-dataset/data2.npy,0,Healthy,25000,14.7456,368640,4600.0,,disp1+disp2+acc1+acc2+acc3+acc4,healthy,,inter_shaft,https://github.com/HouLeiHIT/HIT-dataset,derived,"18 series of 20480; LP 4600 / HP 5520 r/min; rpm column = LP speed; re-assembled from segmented series, contiguity after invalid-data removal not guaranteed"
HIT,hit_data2_rec17,hit_data2_rec17,hit_bearing_data2,hit_data2_lp4700_hp5640,hit_data2,data/raw_hit/gdrive_full/HIT-dataset/data2.npy,0,Healthy,25000,14.7456,368640,4700.0,,disp1+disp2+acc1+acc2+acc3+acc4,healthy,,inter_shaft,https://github.com/HouLeiHIT/HIT-dataset,derived,"18 series of 20480; LP 4700 / HP 5640 r/min; rpm column = LP speed; re-assembled from segmented series, contiguity after invalid-data removal not guaranteed"
HIT,hit_data2_rec18,hit_data2_rec18,hit_bearing_data2,hit_data2_lp4800_hp5760,hit_data2,data/raw_hit/gdrive_full/HIT-dataset/data2.npy,0,Healthy,25000,14.7456,368640,4800.0,,disp1+disp2+acc1+acc2+acc3+acc4,healthy,,inter_shaft,https://github.com/HouLeiHIT/HIT-dataset,derived,"18 series of 20480; LP 4800 / HP 5760 r/min; rpm column = LP speed; re-assembled from segmented series, contiguity after invalid-data removal not guaranteed"
HIT,hit_data2_rec19,hit_data2_rec19,hit_bearing_data2,hit_data2_lp4900_hp5880,hit_data2,data/raw_hit/gdrive_full/HIT-dataset/data2.npy,0,Healthy,25000,14.7456,368640,4900.0,,disp1+disp2+acc1+acc2+acc3+acc4,healthy,,inter_shaft,https://github.com/HouLeiHIT/HIT-dataset,derived,"18 series of 20480; LP 4900 / HP 5880 r/min; rpm column = LP speed; re-assembled from segmented series, contiguity after invalid-data removal not guaranteed"
HIT,hit_data2_rec20,hit_data2_rec20,hit_bearing_data2,hit_data2_lp5000_hp6000,hit_data2,data/raw_hit/gdrive_full/HIT-dataset/data2.npy,0,Healthy,25000,14.7456,368640,5000.0,,disp1+disp2+acc1+acc2+acc3+acc4,healthy,,inter_shaft,https://github.com/HouLeiHIT/HIT-dataset,derived,"18 series of 20480; LP 5000 / HP 6000 r/min; rpm column = LP speed; re-assembled from segmented series, contiguity after invalid-data removal not guaranteed"
HIT,hit_data2_rec21,hit_data2_rec21,hit_bearing_data2,hit_data2_lp3000_hp3900,hit_data2,data/raw_hit/gdrive_full/HIT-dataset/data2.npy,0,Healthy,25000,14.7456,368640,3000.0,,disp1+disp2+acc1+acc2+acc3+acc4,healthy,,inter_shaft,https://github.com/HouLeiHIT/HIT-dataset,derived,"18 series of 20480; LP 3000 / HP 3900 r/min; rpm column = LP speed; re-assembled from segmented series, contiguity after invalid-data removal not guaranteed"
HIT,hit_data2_rec22,hit_data2_rec22,hit_bearing_data2,hit_data2_lp3000_hp4200,hit_data2,data/raw_hit/gdrive_full/HIT-dataset/data2.npy,0,Healthy,25000,14.7456,368640,3000.0,,disp1+disp2+acc1+acc2+acc3+acc4,healthy,,inter_shaft,https://github.com/HouLeiHIT/HIT-dataset,derived,"18 series of 20480; LP 3000 / HP 4200 r/min; rpm column = LP speed; re-assembled from segmented series, contiguity after invalid-data removal not guaranteed"
HIT,hit_data2_rec23,hit_data2_rec23,hit_bearing_data2,hit_data2_lp3000_hp4500,hit_data2,data/raw_hit/gdrive_full/HIT-dataset/data2.npy,0,Healthy,25000,14.7456,368640,3000.0,,disp1+disp2+acc1+acc2+acc3+acc4,healthy,,inter_shaft,https://github.com/HouLeiHIT/HIT-dataset,derived,"18 series of 20480; LP 3000 / HP 4500 r/min; rpm column = LP speed; re-assembled from segmented series, contiguity after invalid-data removal not guaranteed"
HIT,hit_data2_rec24,hit_data2_rec24,hit_bearing_data2,hit_data2_lp3000_hp4800,hit_data2,data/raw_hit/gdrive_full/HIT-dataset/data2.npy,0,Healthy,25000,14.7456,368640,3000.0,,disp1+disp2+acc1+acc2+acc3+acc4,healthy,,inter_shaft,https://github.com/HouLeiHIT/HIT-dataset,derived,"18 series of 20480; LP 3000 / HP 4800 r/min; rpm column = LP speed; re-assembled from segmented series, contiguity after invalid-data removal not guaranteed"
HIT,hit_data3_rec00,hit_data3_rec00,hit_bearing_data3,hit_data3_lp1000_hp1200,hit_data3,data/raw_hit/gdrive_full/HIT-dataset/data3.npy,1,InnerRace,25000,14.7456,368640,1000.0,,disp1+disp2+acc1+acc2+acc3+acc4,inner_race,"depth 0.5 mm, length 0.5 mm",inter_shaft,https://github.com/HouLeiHIT/HIT-dataset,derived,"18 series of 20480; LP 1000 / HP 1200 r/min; rpm column = LP speed; re-assembled from segmented series, contiguity after invalid-data removal not guaranteed"
HIT,hit_data3_rec01,hit_data3_rec01,hit_bearing_data3,hit_data3_lp1500_hp1800,hit_data3,data/raw_hit/gdrive_full/HIT-dataset/data3.npy,1,InnerRace,25000,14.7456,368640,1500.0,,disp1+disp2+acc1+acc2+acc3+acc4,inner_race,"depth 0.5 mm, length 0.5 mm",inter_shaft,https://github.com/HouLeiHIT/HIT-dataset,derived,"18 series of 20480; LP 1500 / HP 1800 r/min; rpm column = LP speed; re-assembled from segmented series, contiguity after invalid-data removal not guaranteed"
HIT,hit_data3_rec02,hit_data3_rec02,hit_bearing_data3,hit_data3_lp2000_hp2400,hit_data3,data/raw_hit/gdrive_full/HIT-dataset/data3.npy,1,InnerRace,25000,14.7456,368640,2000.0,,disp1+disp2+acc1+acc2+acc3+acc4,inner_race,"depth 0.5 mm, length 0.5 mm",inter_shaft,https://github.com/HouLeiHIT/HIT-dataset,derived,"18 series of 20480; LP 2000 / HP 2400 r/min; rpm column = LP speed; re-assembled from segmented series, contiguity after invalid-data removal not guaranteed"
HIT,hit_data3_rec03,hit_data3_rec03,hit_bearing_data3,hit_data3_lp2500_hp3000,hit_data3,data/raw_hit/gdrive_full/HIT-dataset/data3.npy,1,InnerRace,25000,14.7456,368640,2500.0,,disp1+disp2+acc1+acc2+acc3+acc4,inner_race,"depth 0.5 mm, length 0.5 mm",inter_shaft,https://github.com/HouLeiHIT/HIT-dataset,derived,"18 series of 20480; LP 2500 / HP 3000 r/min; rpm column = LP speed; re-assembled from segmented series, contiguity after invalid-data removal not guaranteed"
HIT,hit_data3_rec04,hit_data3_rec04,hit_bearing_data3,hit_data3_lp3000_hp3600,hit_data3,data/raw_hit/gdrive_full/HIT-dataset/data3.npy,1,InnerRace,25000,14.7456,368640,3000.0,,disp1+disp2+acc1+acc2+acc3+acc4,inner_race,"depth 0.5 mm, length 0.5 mm",inter_shaft,https://github.com/HouLeiHIT/HIT-dataset,derived,"18 series of 20480; LP 3000 / HP 3600 r/min; rpm column = LP speed; re-assembled from segmented series, contiguity after invalid-data removal not guaranteed"
HIT,hit_data3_rec05,hit_data3_rec05,hit_bearing_data3,hit_data3_lp3500_hp4200,hit_data3,data/raw_hit/gdrive_full/HIT-dataset/data3.npy,1,InnerRace,25000,14.7456,368640,3500.0,,disp1+disp2+acc1+acc2+acc3+acc4,inner_race,"depth 0.5 mm, length 0.5 mm",inter_shaft,https://github.com/HouLeiHIT/HIT-dataset,derived,"18 series of 20480; LP 3500 / HP 4200 r/min; rpm column = LP speed; re-assembled from segmented series, contiguity after invalid-data removal not guaranteed"
HIT,hit_data3_rec06,hit_data3_rec06,hit_bearing_data3,hit_data3_lp3600_hp4320,hit_data3,data/raw_hit/gdrive_full/HIT-dataset/data3.npy,1,InnerRace,25000,14.7456,368640,3600.0,,disp1+disp2+acc1+acc2+acc3+acc4,inner_race,"depth 0.5 mm, length 0.5 mm",inter_shaft,https://github.com/HouLeiHIT/HIT-dataset,derived,"18 series of 20480; LP 3600 / HP 4320 r/min; rpm column = LP speed; re-assembled from segmented series, contiguity after invalid-data removal not guaranteed"
HIT,hit_data3_rec07,hit_data3_rec07,hit_bearing_data3,hit_data3_lp3700_hp4440,hit_data3,data/raw_hit/gdrive_full/HIT-dataset/data3.npy,1,InnerRace,25000,14.7456,368640,3700.0,,disp1+disp2+acc1+acc2+acc3+acc4,inner_race,"depth 0.5 mm, length 0.5 mm",inter_shaft,https://github.com/HouLeiHIT/HIT-dataset,derived,"18 series of 20480; LP 3700 / HP 4440 r/min; rpm column = LP speed; re-assembled from segmented series, contiguity after invalid-data removal not guaranteed"
HIT,hit_data3_rec08,hit_data3_rec08,hit_bearing_data3,hit_data3_lp3800_hp4560,hit_data3,data/raw_hit/gdrive_full/HIT-dataset/data3.npy,1,InnerRace,25000,14.7456,368640,3800.0,,disp1+disp2+acc1+acc2+acc3+acc4,inner_race,"depth 0.5 mm, length 0.5 mm",inter_shaft,https://github.com/HouLeiHIT/HIT-dataset,derived,"18 series of 20480; LP 3800 / HP 4560 r/min; rpm column = LP speed; re-assembled from segmented series, contiguity after invalid-data removal not guaranteed"
HIT,hit_data3_rec09,hit_data3_rec09,hit_bearing_data3,hit_data3_lp3900_hp4680,hit_data3,data/raw_hit/gdrive_full/HIT-dataset/data3.npy,1,InnerRace,25000,14.7456,368640,3900.0,,disp1+disp2+acc1+acc2+acc3+acc4,inner_race,"depth 0.5 mm, length 0.5 mm",inter_shaft,https://github.com/HouLeiHIT/HIT-dataset,derived,"18 series of 20480; LP 3900 / HP 4680 r/min; rpm column = LP speed; re-assembled from segmented series, contiguity after invalid-data removal not guaranteed"
HIT,hit_data3_rec10,hit_data3_rec10,hit_bearing_data3,hit_data3_lp4000_hp4800,hit_data3,data/raw_hit/gdrive_full/HIT-dataset/data3.npy,1,InnerRace,25000,14.7456,368640,4000.0,,disp1+disp2+acc1+acc2+acc3+acc4,inner_race,"depth 0.5 mm, length 0.5 mm",inter_shaft,https://github.com/HouLeiHIT/HIT-dataset,derived,"18 series of 20480; LP 4000 / HP 4800 r/min; rpm column = LP speed; re-assembled from segmented series, contiguity after invalid-data removal not guaranteed"
HIT,hit_data3_rec11,hit_data3_rec11,hit_bearing_data3,hit_data3_lp4100_hp4920,hit_data3,data/raw_hit/gdrive_full/HIT-dataset/data3.npy,1,InnerRace,25000,14.7456,368640,4100.0,,disp1+disp2+acc1+acc2+acc3+acc4,inner_race,"depth 0.5 mm, length 0.5 mm",inter_shaft,https://github.com/HouLeiHIT/HIT-dataset,derived,"18 series of 20480; LP 4100 / HP 4920 r/min; rpm column = LP speed; re-assembled from segmented series, contiguity after invalid-data removal not guaranteed"
HIT,hit_data3_rec12,hit_data3_rec12,hit_bearing_data3,hit_data3_lp4200_hp5040,hit_data3,data/raw_hit/gdrive_full/HIT-dataset/data3.npy,1,InnerRace,25000,14.7456,368640,4200.0,,disp1+disp2+acc1+acc2+acc3+acc4,inner_race,"depth 0.5 mm, length 0.5 mm",inter_shaft,https://github.com/HouLeiHIT/HIT-dataset,derived,"18 series of 20480; LP 4200 / HP 5040 r/min; rpm column = LP speed; re-assembled from segmented series, contiguity after invalid-data removal not guaranteed"
HIT,hit_data3_rec13,hit_data3_rec13,hit_bearing_data3,hit_data3_lp4300_hp5160,hit_data3,data/raw_hit/gdrive_full/HIT-dataset/data3.npy,1,InnerRace,25000,14.7456,368640,4300.0,,disp1+disp2+acc1+acc2+acc3+acc4,inner_race,"depth 0.5 mm, length 0.5 mm",inter_shaft,https://github.com/HouLeiHIT/HIT-dataset,derived,"18 series of 20480; LP 4300 / HP 5160 r/min; rpm column = LP speed; re-assembled from segmented series, contiguity after invalid-data removal not guaranteed"
HIT,hit_data3_rec14,hit_data3_rec14,hit_bearing_data3,hit_data3_lp4400_hp5280,hit_data3,data/raw_hit/gdrive_full/HIT-dataset/data3.npy,1,InnerRace,25000,14.7456,368640,4400.0,,disp1+disp2+acc1+acc2+acc3+acc4,inner_race,"depth 0.5 mm, length 0.5 mm",inter_shaft,https://github.com/HouLeiHIT/HIT-dataset,derived,"18 series of 20480; LP 4400 / HP 5280 r/min; rpm column = LP speed; re-assembled from segmented series, contiguity after invalid-data removal not guaranteed"
HIT,hit_data3_rec15,hit_data3_rec15,hit_bearing_data3,hit_data3_lp4500_hp5400,hit_data3,data/raw_hit/gdrive_full/HIT-dataset/data3.npy,1,InnerRace,25000,14.7456,368640,4500.0,,disp1+disp2+acc1+acc2+acc3+acc4,inner_race,"depth 0.5 mm, length 0.5 mm",inter_shaft,https://github.com/HouLeiHIT/HIT-dataset,derived,"18 series of 20480; LP 4500 / HP 5400 r/min; rpm column = LP speed; re-assembled from segmented series, contiguity after invalid-data removal not guaranteed"
HIT,hit_data3_rec16,hit_data3_rec16,hit_bearing_data3,hit_data3_lp4600_hp5520,hit_data3,data/raw_hit/gdrive_full/HIT-dataset/data3.npy,1,InnerRace,25000,14.7456,368640,4600.0,,disp1+disp2+acc1+acc2+acc3+acc4,inner_race,"depth 0.5 mm, length 0.5 mm",inter_shaft,https://github.com/HouLeiHIT/HIT-dataset,derived,"18 series of 20480; LP 4600 / HP 5520 r/min; rpm column = LP speed; re-assembled from segmented series, contiguity after invalid-data removal not guaranteed"
HIT,hit_data3_rec17,hit_data3_rec17,hit_bearing_data3,hit_data3_lp4700_hp5640,hit_data3,data/raw_hit/gdrive_full/HIT-dataset/data3.npy,1,InnerRace,25000,14.7456,368640,4700.0,,disp1+disp2+acc1+acc2+acc3+acc4,inner_race,"depth 0.5 mm, length 0.5 mm",inter_shaft,https://github.com/HouLeiHIT/HIT-dataset,derived,"18 series of 20480; LP 4700 / HP 5640 r/min; rpm column = LP speed; re-assembled from segmented series, contiguity after invalid-data removal not guaranteed"
HIT,hit_data3_rec18,hit_data3_rec18,hit_bearing_data3,hit_data3_lp4800_hp5760,hit_data3,data/raw_hit/gdrive_full/HIT-dataset/data3.npy,1,InnerRace,25000,14.7456,368640,4800.0,,disp1+disp2+acc1+acc2+acc3+acc4,inner_race,"depth 0.5 mm, length 0.5 mm",inter_shaft,https://github.com/HouLeiHIT/HIT-dataset,derived,"18 series of 20480; LP 4800 / HP 5760 r/min; rpm column = LP speed; re-assembled from segmented series, contiguity after invalid-data removal not guaranteed"
HIT,hit_data3_rec19,hit_data3_rec19,hit_bearing_data3,hit_data3_lp4900_hp5880,hit_data3,data/raw_hit/gdrive_full/HIT-dataset/data3.npy,1,InnerRace,25000,14.7456,368640,4900.0,,disp1+disp2+acc1+acc2+acc3+acc4,inner_race,"depth 0.5 mm, length 0.5 mm",inter_shaft,https://github.com/HouLeiHIT/HIT-dataset,derived,"18 series of 20480; LP 4900 / HP 5880 r/min; rpm column = LP speed; re-assembled from segmented series, contiguity after invalid-data removal not guaranteed"
HIT,hit_data3_rec20,hit_data3_rec20,hit_bearing_data3,hit_data3_lp5000_hp6000,hit_data3,data/raw_hit/gdrive_full/HIT-dataset/data3.npy,1,InnerRace,25000,14.7456,368640,5000.0,,disp1+disp2+acc1+acc2+acc3+acc4,inner_race,"depth 0.5 mm, length 0.5 mm",inter_shaft,https://github.com/HouLeiHIT/HIT-dataset,derived,"18 series of 20480; LP 5000 / HP 6000 r/min; rpm column = LP speed; re-assembled from segmented series, contiguity after invalid-data removal not guaranteed"
HIT,hit_data3_rec21,hit_data3_rec21,hit_bearing_data3,hit_data3_lp3000_hp3600,hit_data3,data/raw_hit/gdrive_full/HIT-dataset/data3.npy,1,InnerRace,25000,14.7456,368640,3000.0,,disp1+disp2+acc1+acc2+acc3+acc4,inner_race,"depth 0.5 mm, length 0.5 mm",inter_shaft,https://github.com/HouLeiHIT/HIT-dataset,derived,"18 series of 20480; LP 3000 / HP 3600 r/min; rpm column = LP speed; re-assembled from segmented series, contiguity after invalid-data removal not guaranteed"
HIT,hit_data3_rec22,hit_data3_rec22,hit_bearing_data3,hit_data3_lp3000_hp3900,hit_data3,data/raw_hit/gdrive_full/HIT-dataset/data3.npy,1,InnerRace,25000,14.7456,368640,3000.0,,disp1+disp2+acc1+acc2+acc3+acc4,inner_race,"depth 0.5 mm, length 0.5 mm",inter_shaft,https://github.com/HouLeiHIT/HIT-dataset,derived,"18 series of 20480; LP 3000 / HP 3900 r/min; rpm column = LP speed; re-assembled from segmented series, contiguity after invalid-data removal not guaranteed"
HIT,hit_data3_rec23,hit_data3_rec23,hit_bearing_data3,hit_data3_lp3000_hp4200,hit_data3,data/raw_hit/gdrive_full/HIT-dataset/data3.npy,1,InnerRace,25000,14.7456,368640,3000.0,,disp1+disp2+acc1+acc2+acc3+acc4,inner_race,"depth 0.5 mm, length 0.5 mm",inter_shaft,https://github.com/HouLeiHIT/HIT-dataset,derived,"18 series of 20480; LP 3000 / HP 4200 r/min; rpm column = LP speed; re-assembled from segmented series, contiguity after invalid-data removal not guaranteed"
HIT,hit_data3_rec24,hit_data3_rec24,hit_bearing_data3,hit_data3_lp3000_hp4500,hit_data3,data/raw_hit/gdrive_full/HIT-dataset/data3.npy,1,InnerRace,25000,14.7456,368640,3000.0,,disp1+disp2+acc1+acc2+acc3+acc4,inner_race,"depth 0.5 mm, length 0.5 mm",inter_shaft,https://github.com/HouLeiHIT/HIT-dataset,derived,"18 series of 20480; LP 3000 / HP 4500 r/min; rpm column = LP speed; re-assembled from segmented series, contiguity after invalid-data removal not guaranteed"
HIT,hit_data3_rec25,hit_data3_rec25,hit_bearing_data3,hit_data3_lp3000_hp4800,hit_data3,data/raw_hit/gdrive_full/HIT-dataset/data3.npy,1,InnerRace,25000,14.7456,368640,3000.0,,disp1+disp2+acc1+acc2+acc3+acc4,inner_race,"depth 0.5 mm, length 0.5 mm",inter_shaft,https://github.com/HouLeiHIT/HIT-dataset,derived,"18 series of 20480; LP 3000 / HP 4800 r/min; rpm column = LP speed; re-assembled from segmented series, contiguity after invalid-data removal not guaranteed"
HIT,hit_data3_rec26,hit_data3_rec26,hit_bearing_data3,hit_data3_lp3000_hp5100,hit_data3,data/raw_hit/gdrive_full/HIT-dataset/data3.npy,1,InnerRace,25000,14.7456,368640,3000.0,,disp1+disp2+acc1+acc2+acc3+acc4,inner_race,"depth 0.5 mm, length 0.5 mm",inter_shaft,https://github.com/HouLeiHIT/HIT-dataset,derived,"18 series of 20480; LP 3000 / HP 5100 r/min; rpm column = LP speed; re-assembled from segmented series, contiguity after invalid-data removal not guaranteed"
HIT,hit_data3_rec27,hit_data3_rec27,hit_bearing_data3,hit_data3_lp3000_hp5400,hit_data3,data/raw_hit/gdrive_full/HIT-dataset/data3.npy,1,InnerRace,25000,14.7456,368640,3000.0,,disp1+disp2+acc1+acc2+acc3+acc4,inner_race,"depth 0.5 mm, length 0.5 mm",inter_shaft,https://github.com/HouLeiHIT/HIT-dataset,derived,"18 series of 20480; LP 3000 / HP 5400 r/min; rpm column = LP speed; re-assembled from segmented series, contiguity after invalid-data removal not guaranteed"
HIT,hit_data4_rec00,hit_data4_rec00,hit_bearing_data4,hit_data4_lp1000_hp1200,hit_data4,data/raw_hit/gdrive_full/HIT-dataset/data4.npy,1,InnerRace,25000,14.7456,368640,1000.0,,disp1+disp2+acc1+acc2+acc3+acc4,inner_race,"depth 0.5 mm, length 1.0 mm",inter_shaft,https://github.com/HouLeiHIT/HIT-dataset,derived,"18 series of 20480; LP 1000 / HP 1200 r/min; rpm column = LP speed; re-assembled from segmented series, contiguity after invalid-data removal not guaranteed"
HIT,hit_data4_rec01,hit_data4_rec01,hit_bearing_data4,hit_data4_lp1500_hp1800,hit_data4,data/raw_hit/gdrive_full/HIT-dataset/data4.npy,1,InnerRace,25000,14.7456,368640,1500.0,,disp1+disp2+acc1+acc2+acc3+acc4,inner_race,"depth 0.5 mm, length 1.0 mm",inter_shaft,https://github.com/HouLeiHIT/HIT-dataset,derived,"18 series of 20480; LP 1500 / HP 1800 r/min; rpm column = LP speed; re-assembled from segmented series, contiguity after invalid-data removal not guaranteed"
HIT,hit_data4_rec02,hit_data4_rec02,hit_bearing_data4,hit_data4_lp2000_hp2400,hit_data4,data/raw_hit/gdrive_full/HIT-dataset/data4.npy,1,InnerRace,25000,14.7456,368640,2000.0,,disp1+disp2+acc1+acc2+acc3+acc4,inner_race,"depth 0.5 mm, length 1.0 mm",inter_shaft,https://github.com/HouLeiHIT/HIT-dataset,derived,"18 series of 20480; LP 2000 / HP 2400 r/min; rpm column = LP speed; re-assembled from segmented series, contiguity after invalid-data removal not guaranteed"
HIT,hit_data4_rec03,hit_data4_rec03,hit_bearing_data4,hit_data4_lp2500_hp3000,hit_data4,data/raw_hit/gdrive_full/HIT-dataset/data4.npy,1,InnerRace,25000,14.7456,368640,2500.0,,disp1+disp2+acc1+acc2+acc3+acc4,inner_race,"depth 0.5 mm, length 1.0 mm",inter_shaft,https://github.com/HouLeiHIT/HIT-dataset,derived,"18 series of 20480; LP 2500 / HP 3000 r/min; rpm column = LP speed; re-assembled from segmented series, contiguity after invalid-data removal not guaranteed"
HIT,hit_data4_rec04,hit_data4_rec04,hit_bearing_data4,hit_data4_lp3000_hp3600,hit_data4,data/raw_hit/gdrive_full/HIT-dataset/data4.npy,1,InnerRace,25000,14.7456,368640,3000.0,,disp1+disp2+acc1+acc2+acc3+acc4,inner_race,"depth 0.5 mm, length 1.0 mm",inter_shaft,https://github.com/HouLeiHIT/HIT-dataset,derived,"18 series of 20480; LP 3000 / HP 3600 r/min; rpm column = LP speed; re-assembled from segmented series, contiguity after invalid-data removal not guaranteed"
HIT,hit_data4_rec05,hit_data4_rec05,hit_bearing_data4,hit_data4_lp3500_hp4200,hit_data4,data/raw_hit/gdrive_full/HIT-dataset/data4.npy,1,InnerRace,25000,14.7456,368640,3500.0,,disp1+disp2+acc1+acc2+acc3+acc4,inner_race,"depth 0.5 mm, length 1.0 mm",inter_shaft,https://github.com/HouLeiHIT/HIT-dataset,derived,"18 series of 20480; LP 3500 / HP 4200 r/min; rpm column = LP speed; re-assembled from segmented series, contiguity after invalid-data removal not guaranteed"
HIT,hit_data4_rec06,hit_data4_rec06,hit_bearing_data4,hit_data4_lp3600_hp4320,hit_data4,data/raw_hit/gdrive_full/HIT-dataset/data4.npy,1,InnerRace,25000,14.7456,368640,3600.0,,disp1+disp2+acc1+acc2+acc3+acc4,inner_race,"depth 0.5 mm, length 1.0 mm",inter_shaft,https://github.com/HouLeiHIT/HIT-dataset,derived,"18 series of 20480; LP 3600 / HP 4320 r/min; rpm column = LP speed; re-assembled from segmented series, contiguity after invalid-data removal not guaranteed"
HIT,hit_data4_rec07,hit_data4_rec07,hit_bearing_data4,hit_data4_lp3700_hp4440,hit_data4,data/raw_hit/gdrive_full/HIT-dataset/data4.npy,1,InnerRace,25000,14.7456,368640,3700.0,,disp1+disp2+acc1+acc2+acc3+acc4,inner_race,"depth 0.5 mm, length 1.0 mm",inter_shaft,https://github.com/HouLeiHIT/HIT-dataset,derived,"18 series of 20480; LP 3700 / HP 4440 r/min; rpm column = LP speed; re-assembled from segmented series, contiguity after invalid-data removal not guaranteed"
HIT,hit_data4_rec08,hit_data4_rec08,hit_bearing_data4,hit_data4_lp3800_hp4560,hit_data4,data/raw_hit/gdrive_full/HIT-dataset/data4.npy,1,InnerRace,25000,14.7456,368640,3800.0,,disp1+disp2+acc1+acc2+acc3+acc4,inner_race,"depth 0.5 mm, length 1.0 mm",inter_shaft,https://github.com/HouLeiHIT/HIT-dataset,derived,"18 series of 20480; LP 3800 / HP 4560 r/min; rpm column = LP speed; re-assembled from segmented series, contiguity after invalid-data removal not guaranteed"
HIT,hit_data4_rec09,hit_data4_rec09,hit_bearing_data4,hit_data4_lp3900_hp4680,hit_data4,data/raw_hit/gdrive_full/HIT-dataset/data4.npy,1,InnerRace,25000,14.7456,368640,3900.0,,disp1+disp2+acc1+acc2+acc3+acc4,inner_race,"depth 0.5 mm, length 1.0 mm",inter_shaft,https://github.com/HouLeiHIT/HIT-dataset,derived,"18 series of 20480; LP 3900 / HP 4680 r/min; rpm column = LP speed; re-assembled from segmented series, contiguity after invalid-data removal not guaranteed"
HIT,hit_data4_rec10,hit_data4_rec10,hit_bearing_data4,hit_data4_lp4000_hp4800,hit_data4,data/raw_hit/gdrive_full/HIT-dataset/data4.npy,1,InnerRace,25000,14.7456,368640,4000.0,,disp1+disp2+acc1+acc2+acc3+acc4,inner_race,"depth 0.5 mm, length 1.0 mm",inter_shaft,https://github.com/HouLeiHIT/HIT-dataset,derived,"18 series of 20480; LP 4000 / HP 4800 r/min; rpm column = LP speed; re-assembled from segmented series, contiguity after invalid-data removal not guaranteed"
HIT,hit_data4_rec11,hit_data4_rec11,hit_bearing_data4,hit_data4_lp4100_hp4920,hit_data4,data/raw_hit/gdrive_full/HIT-dataset/data4.npy,1,InnerRace,25000,14.7456,368640,4100.0,,disp1+disp2+acc1+acc2+acc3+acc4,inner_race,"depth 0.5 mm, length 1.0 mm",inter_shaft,https://github.com/HouLeiHIT/HIT-dataset,derived,"18 series of 20480; LP 4100 / HP 4920 r/min; rpm column = LP speed; re-assembled from segmented series, contiguity after invalid-data removal not guaranteed"
HIT,hit_data4_rec12,hit_data4_rec12,hit_bearing_data4,hit_data4_lp4200_hp5040,hit_data4,data/raw_hit/gdrive_full/HIT-dataset/data4.npy,1,InnerRace,25000,14.7456,368640,4200.0,,disp1+disp2+acc1+acc2+acc3+acc4,inner_race,"depth 0.5 mm, length 1.0 mm",inter_shaft,https://github.com/HouLeiHIT/HIT-dataset,derived,"18 series of 20480; LP 4200 / HP 5040 r/min; rpm column = LP speed; re-assembled from segmented series, contiguity after invalid-data removal not guaranteed"
HIT,hit_data4_rec13,hit_data4_rec13,hit_bearing_data4,hit_data4_lp4300_hp5160,hit_data4,data/raw_hit/gdrive_full/HIT-dataset/data4.npy,1,InnerRace,25000,14.7456,368640,4300.0,,disp1+disp2+acc1+acc2+acc3+acc4,inner_race,"depth 0.5 mm, length 1.0 mm",inter_shaft,https://github.com/HouLeiHIT/HIT-dataset,derived,"18 series of 20480; LP 4300 / HP 5160 r/min; rpm column = LP speed; re-assembled from segmented series, contiguity after invalid-data removal not guaranteed"
HIT,hit_data4_rec14,hit_data4_rec14,hit_bearing_data4,hit_data4_lp4400_hp5280,hit_data4,data/raw_hit/gdrive_full/HIT-dataset/data4.npy,1,InnerRace,25000,14.7456,368640,4400.0,,disp1+disp2+acc1+acc2+acc3+acc4,inner_race,"depth 0.5 mm, length 1.0 mm",inter_shaft,https://github.com/HouLeiHIT/HIT-dataset,derived,"18 series of 20480; LP 4400 / HP 5280 r/min; rpm column = LP speed; re-assembled from segmented series, contiguity after invalid-data removal not guaranteed"
HIT,hit_data4_rec15,hit_data4_rec15,hit_bearing_data4,hit_data4_lp4500_hp5400,hit_data4,data/raw_hit/gdrive_full/HIT-dataset/data4.npy,1,InnerRace,25000,14.7456,368640,4500.0,,disp1+disp2+acc1+acc2+acc3+acc4,inner_race,"depth 0.5 mm, length 1.0 mm",inter_shaft,https://github.com/HouLeiHIT/HIT-dataset,derived,"18 series of 20480; LP 4500 / HP 5400 r/min; rpm column = LP speed; re-assembled from segmented series, contiguity after invalid-data removal not guaranteed"
HIT,hit_data4_rec16,hit_data4_rec16,hit_bearing_data4,hit_data4_lp4600_hp5520,hit_data4,data/raw_hit/gdrive_full/HIT-dataset/data4.npy,1,InnerRace,25000,14.7456,368640,4600.0,,disp1+disp2+acc1+acc2+acc3+acc4,inner_race,"depth 0.5 mm, length 1.0 mm",inter_shaft,https://github.com/HouLeiHIT/HIT-dataset,derived,"18 series of 20480; LP 4600 / HP 5520 r/min; rpm column = LP speed; re-assembled from segmented series, contiguity after invalid-data removal not guaranteed"
HIT,hit_data4_rec17,hit_data4_rec17,hit_bearing_data4,hit_data4_lp4700_hp5640,hit_data4,data/raw_hit/gdrive_full/HIT-dataset/data4.npy,1,InnerRace,25000,14.7456,368640,4700.0,,disp1+disp2+acc1+acc2+acc3+acc4,inner_race,"depth 0.5 mm, length 1.0 mm",inter_shaft,https://github.com/HouLeiHIT/HIT-dataset,derived,"18 series of 20480; LP 4700 / HP 5640 r/min; rpm column = LP speed; re-assembled from segmented series, contiguity after invalid-data removal not guaranteed"
HIT,hit_data4_rec18,hit_data4_rec18,hit_bearing_data4,hit_data4_lp4800_hp5760,hit_data4,data/raw_hit/gdrive_full/HIT-dataset/data4.npy,1,InnerRace,25000,14.7456,368640,4800.0,,disp1+disp2+acc1+acc2+acc3+acc4,inner_race,"depth 0.5 mm, length 1.0 mm",inter_shaft,https://github.com/HouLeiHIT/HIT-dataset,derived,"18 series of 20480; LP 4800 / HP 5760 r/min; rpm column = LP speed; re-assembled from segmented series, contiguity after invalid-data removal not guaranteed"
HIT,hit_data4_rec19,hit_data4_rec19,hit_bearing_data4,hit_data4_lp4900_hp5880,hit_data4,data/raw_hit/gdrive_full/HIT-dataset/data4.npy,1,InnerRace,25000,14.7456,368640,4900.0,,disp1+disp2+acc1+acc2+acc3+acc4,inner_race,"depth 0.5 mm, length 1.0 mm",inter_shaft,https://github.com/HouLeiHIT/HIT-dataset,derived,"18 series of 20480; LP 4900 / HP 5880 r/min; rpm column = LP speed; re-assembled from segmented series, contiguity after invalid-data removal not guaranteed"
HIT,hit_data4_rec20,hit_data4_rec20,hit_bearing_data4,hit_data4_lp5000_hp6000,hit_data4,data/raw_hit/gdrive_full/HIT-dataset/data4.npy,1,InnerRace,25000,14.7456,368640,5000.0,,disp1+disp2+acc1+acc2+acc3+acc4,inner_race,"depth 0.5 mm, length 1.0 mm",inter_shaft,https://github.com/HouLeiHIT/HIT-dataset,derived,"18 series of 20480; LP 5000 / HP 6000 r/min; rpm column = LP speed; re-assembled from segmented series, contiguity after invalid-data removal not guaranteed"
HIT,hit_data4_rec21,hit_data4_rec21,hit_bearing_data4,hit_data4_lp3000_hp3600,hit_data4,data/raw_hit/gdrive_full/HIT-dataset/data4.npy,1,InnerRace,25000,14.7456,368640,3000.0,,disp1+disp2+acc1+acc2+acc3+acc4,inner_race,"depth 0.5 mm, length 1.0 mm",inter_shaft,https://github.com/HouLeiHIT/HIT-dataset,derived,"18 series of 20480; LP 3000 / HP 3600 r/min; rpm column = LP speed; re-assembled from segmented series, contiguity after invalid-data removal not guaranteed"
HIT,hit_data4_rec22,hit_data4_rec22,hit_bearing_data4,hit_data4_lp3000_hp3900,hit_data4,data/raw_hit/gdrive_full/HIT-dataset/data4.npy,1,InnerRace,25000,14.7456,368640,3000.0,,disp1+disp2+acc1+acc2+acc3+acc4,inner_race,"depth 0.5 mm, length 1.0 mm",inter_shaft,https://github.com/HouLeiHIT/HIT-dataset,derived,"18 series of 20480; LP 3000 / HP 3900 r/min; rpm column = LP speed; re-assembled from segmented series, contiguity after invalid-data removal not guaranteed"
HIT,hit_data4_rec23,hit_data4_rec23,hit_bearing_data4,hit_data4_lp3000_hp4200,hit_data4,data/raw_hit/gdrive_full/HIT-dataset/data4.npy,1,InnerRace,25000,14.7456,368640,3000.0,,disp1+disp2+acc1+acc2+acc3+acc4,inner_race,"depth 0.5 mm, length 1.0 mm",inter_shaft,https://github.com/HouLeiHIT/HIT-dataset,derived,"18 series of 20480; LP 3000 / HP 4200 r/min; rpm column = LP speed; re-assembled from segmented series, contiguity after invalid-data removal not guaranteed"
HIT,hit_data4_rec24,hit_data4_rec24,hit_bearing_data4,hit_data4_lp3000_hp4500,hit_data4,data/raw_hit/gdrive_full/HIT-dataset/data4.npy,1,InnerRace,25000,14.7456,368640,3000.0,,disp1+disp2+acc1+acc2+acc3+acc4,inner_race,"depth 0.5 mm, length 1.0 mm",inter_shaft,https://github.com/HouLeiHIT/HIT-dataset,derived,"18 series of 20480; LP 3000 / HP 4500 r/min; rpm column = LP speed; re-assembled from segmented series, contiguity after invalid-data removal not guaranteed"
HIT,hit_data4_rec25,hit_data4_rec25,hit_bearing_data4,hit_data4_lp3000_hp4800,hit_data4,data/raw_hit/gdrive_full/HIT-dataset/data4.npy,1,InnerRace,25000,14.7456,368640,3000.0,,disp1+disp2+acc1+acc2+acc3+acc4,inner_race,"depth 0.5 mm, length 1.0 mm",inter_shaft,https://github.com/HouLeiHIT/HIT-dataset,derived,"18 series of 20480; LP 3000 / HP 4800 r/min; rpm column = LP speed; re-assembled from segmented series, contiguity after invalid-data removal not guaranteed"
HIT,hit_data4_rec26,hit_data4_rec26,hit_bearing_data4,hit_data4_lp3000_hp5100,hit_data4,data/raw_hit/gdrive_full/HIT-dataset/data4.npy,1,InnerRace,25000,14.7456,368640,3000.0,,disp1+disp2+acc1+acc2+acc3+acc4,inner_race,"depth 0.5 mm, length 1.0 mm",inter_shaft,https://github.com/HouLeiHIT/HIT-dataset,derived,"18 series of 20480; LP 3000 / HP 5100 r/min; rpm column = LP speed; re-assembled from segmented series, contiguity after invalid-data removal not guaranteed"
HIT,hit_data4_rec27,hit_data4_rec27,hit_bearing_data4,hit_data4_lp3000_hp5400,hit_data4,data/raw_hit/gdrive_full/HIT-dataset/data4.npy,1,InnerRace,25000,14.7456,368640,3000.0,,disp1+disp2+acc1+acc2+acc3+acc4,inner_race,"depth 0.5 mm, length 1.0 mm",inter_shaft,https://github.com/HouLeiHIT/HIT-dataset,derived,"18 series of 20480; LP 3000 / HP 5400 r/min; rpm column = LP speed; re-assembled from segmented series, contiguity after invalid-data removal not guaranteed"
HIT,hit_data5_rec00,hit_data5_rec00,hit_bearing_data5,hit_data5_lp1000_hp1200,hit_data5,data/raw_hit/gdrive_full/HIT-dataset/data5.npy,2,OuterRace,25000,14.7456,368640,1000.0,,disp1+disp2+acc1+acc2+acc3+acc4,outer_race,"depth 0.5 mm, length 0.5 mm",inter_shaft,https://github.com/HouLeiHIT/HIT-dataset,derived,"18 series of 20480; LP 1000 / HP 1200 r/min; rpm column = LP speed; re-assembled from segmented series, contiguity after invalid-data removal not guaranteed"
HIT,hit_data5_rec01,hit_data5_rec01,hit_bearing_data5,hit_data5_lp1500_hp1800,hit_data5,data/raw_hit/gdrive_full/HIT-dataset/data5.npy,2,OuterRace,25000,14.7456,368640,1500.0,,disp1+disp2+acc1+acc2+acc3+acc4,outer_race,"depth 0.5 mm, length 0.5 mm",inter_shaft,https://github.com/HouLeiHIT/HIT-dataset,derived,"18 series of 20480; LP 1500 / HP 1800 r/min; rpm column = LP speed; re-assembled from segmented series, contiguity after invalid-data removal not guaranteed"
HIT,hit_data5_rec02,hit_data5_rec02,hit_bearing_data5,hit_data5_lp2000_hp2400,hit_data5,data/raw_hit/gdrive_full/HIT-dataset/data5.npy,2,OuterRace,25000,14.7456,368640,2000.0,,disp1+disp2+acc1+acc2+acc3+acc4,outer_race,"depth 0.5 mm, length 0.5 mm",inter_shaft,https://github.com/HouLeiHIT/HIT-dataset,derived,"18 series of 20480; LP 2000 / HP 2400 r/min; rpm column = LP speed; re-assembled from segmented series, contiguity after invalid-data removal not guaranteed"
HIT,hit_data5_rec03,hit_data5_rec03,hit_bearing_data5,hit_data5_lp2500_hp3000,hit_data5,data/raw_hit/gdrive_full/HIT-dataset/data5.npy,2,OuterRace,25000,14.7456,368640,2500.0,,disp1+disp2+acc1+acc2+acc3+acc4,outer_race,"depth 0.5 mm, length 0.5 mm",inter_shaft,https://github.com/HouLeiHIT/HIT-dataset,derived,"18 series of 20480; LP 2500 / HP 3000 r/min; rpm column = LP speed; re-assembled from segmented series, contiguity after invalid-data removal not guaranteed"
HIT,hit_data5_rec04,hit_data5_rec04,hit_bearing_data5,hit_data5_lp3000_hp3600,hit_data5,data/raw_hit/gdrive_full/HIT-dataset/data5.npy,2,OuterRace,25000,14.7456,368640,3000.0,,disp1+disp2+acc1+acc2+acc3+acc4,outer_race,"depth 0.5 mm, length 0.5 mm",inter_shaft,https://github.com/HouLeiHIT/HIT-dataset,derived,"18 series of 20480; LP 3000 / HP 3600 r/min; rpm column = LP speed; re-assembled from segmented series, contiguity after invalid-data removal not guaranteed"
HIT,hit_data5_rec05,hit_data5_rec05,hit_bearing_data5,hit_data5_lp3500_hp4200,hit_data5,data/raw_hit/gdrive_full/HIT-dataset/data5.npy,2,OuterRace,25000,14.7456,368640,3500.0,,disp1+disp2+acc1+acc2+acc3+acc4,outer_race,"depth 0.5 mm, length 0.5 mm",inter_shaft,https://github.com/HouLeiHIT/HIT-dataset,derived,"18 series of 20480; LP 3500 / HP 4200 r/min; rpm column = LP speed; re-assembled from segmented series, contiguity after invalid-data removal not guaranteed"
HIT,hit_data5_rec06,hit_data5_rec06,hit_bearing_data5,hit_data5_lp3600_hp4320,hit_data5,data/raw_hit/gdrive_full/HIT-dataset/data5.npy,2,OuterRace,25000,14.7456,368640,3600.0,,disp1+disp2+acc1+acc2+acc3+acc4,outer_race,"depth 0.5 mm, length 0.5 mm",inter_shaft,https://github.com/HouLeiHIT/HIT-dataset,derived,"18 series of 20480; LP 3600 / HP 4320 r/min; rpm column = LP speed; re-assembled from segmented series, contiguity after invalid-data removal not guaranteed"
HIT,hit_data5_rec07,hit_data5_rec07,hit_bearing_data5,hit_data5_lp3700_hp4440,hit_data5,data/raw_hit/gdrive_full/HIT-dataset/data5.npy,2,OuterRace,25000,14.7456,368640,3700.0,,disp1+disp2+acc1+acc2+acc3+acc4,outer_race,"depth 0.5 mm, length 0.5 mm",inter_shaft,https://github.com/HouLeiHIT/HIT-dataset,derived,"18 series of 20480; LP 3700 / HP 4440 r/min; rpm column = LP speed; re-assembled from segmented series, contiguity after invalid-data removal not guaranteed"
HIT,hit_data5_rec08,hit_data5_rec08,hit_bearing_data5,hit_data5_lp3800_hp4560,hit_data5,data/raw_hit/gdrive_full/HIT-dataset/data5.npy,2,OuterRace,25000,14.7456,368640,3800.0,,disp1+disp2+acc1+acc2+acc3+acc4,outer_race,"depth 0.5 mm, length 0.5 mm",inter_shaft,https://github.com/HouLeiHIT/HIT-dataset,derived,"18 series of 20480; LP 3800 / HP 4560 r/min; rpm column = LP speed; re-assembled from segmented series, contiguity after invalid-data removal not guaranteed"
HIT,hit_data5_rec09,hit_data5_rec09,hit_bearing_data5,hit_data5_lp3900_hp4680,hit_data5,data/raw_hit/gdrive_full/HIT-dataset/data5.npy,2,OuterRace,25000,14.7456,368640,3900.0,,disp1+disp2+acc1+acc2+acc3+acc4,outer_race,"depth 0.5 mm, length 0.5 mm",inter_shaft,https://github.com/HouLeiHIT/HIT-dataset,derived,"18 series of 20480; LP 3900 / HP 4680 r/min; rpm column = LP speed; re-assembled from segmented series, contiguity after invalid-data removal not guaranteed"
HIT,hit_data5_rec10,hit_data5_rec10,hit_bearing_data5,hit_data5_lp4000_hp4800,hit_data5,data/raw_hit/gdrive_full/HIT-dataset/data5.npy,2,OuterRace,25000,14.7456,368640,4000.0,,disp1+disp2+acc1+acc2+acc3+acc4,outer_race,"depth 0.5 mm, length 0.5 mm",inter_shaft,https://github.com/HouLeiHIT/HIT-dataset,derived,"18 series of 20480; LP 4000 / HP 4800 r/min; rpm column = LP speed; re-assembled from segmented series, contiguity after invalid-data removal not guaranteed"
HIT,hit_data5_rec11,hit_data5_rec11,hit_bearing_data5,hit_data5_lp4100_hp4920,hit_data5,data/raw_hit/gdrive_full/HIT-dataset/data5.npy,2,OuterRace,25000,14.7456,368640,4100.0,,disp1+disp2+acc1+acc2+acc3+acc4,outer_race,"depth 0.5 mm, length 0.5 mm",inter_shaft,https://github.com/HouLeiHIT/HIT-dataset,derived,"18 series of 20480; LP 4100 / HP 4920 r/min; rpm column = LP speed; re-assembled from segmented series, contiguity after invalid-data removal not guaranteed"
HIT,hit_data5_rec12,hit_data5_rec12,hit_bearing_data5,hit_data5_lp4200_hp5040,hit_data5,data/raw_hit/gdrive_full/HIT-dataset/data5.npy,2,OuterRace,25000,14.7456,368640,4200.0,,disp1+disp2+acc1+acc2+acc3+acc4,outer_race,"depth 0.5 mm, length 0.5 mm",inter_shaft,https://github.com/HouLeiHIT/HIT-dataset,derived,"18 series of 20480; LP 4200 / HP 5040 r/min; rpm column = LP speed; re-assembled from segmented series, contiguity after invalid-data removal not guaranteed"
HIT,hit_data5_rec13,hit_data5_rec13,hit_bearing_data5,hit_data5_lp4300_hp5160,hit_data5,data/raw_hit/gdrive_full/HIT-dataset/data5.npy,2,OuterRace,25000,14.7456,368640,4300.0,,disp1+disp2+acc1+acc2+acc3+acc4,outer_race,"depth 0.5 mm, length 0.5 mm",inter_shaft,https://github.com/HouLeiHIT/HIT-dataset,derived,"18 series of 20480; LP 4300 / HP 5160 r/min; rpm column = LP speed; re-assembled from segmented series, contiguity after invalid-data removal not guaranteed"
HIT,hit_data5_rec14,hit_data5_rec14,hit_bearing_data5,hit_data5_lp4400_hp5280,hit_data5,data/raw_hit/gdrive_full/HIT-dataset/data5.npy,2,OuterRace,25000,14.7456,368640,4400.0,,disp1+disp2+acc1+acc2+acc3+acc4,outer_race,"depth 0.5 mm, length 0.5 mm",inter_shaft,https://github.com/HouLeiHIT/HIT-dataset,derived,"18 series of 20480; LP 4400 / HP 5280 r/min; rpm column = LP speed; re-assembled from segmented series, contiguity after invalid-data removal not guaranteed"
HIT,hit_data5_rec15,hit_data5_rec15,hit_bearing_data5,hit_data5_lp4500_hp5400,hit_data5,data/raw_hit/gdrive_full/HIT-dataset/data5.npy,2,OuterRace,25000,14.7456,368640,4500.0,,disp1+disp2+acc1+acc2+acc3+acc4,outer_race,"depth 0.5 mm, length 0.5 mm",inter_shaft,https://github.com/HouLeiHIT/HIT-dataset,derived,"18 series of 20480; LP 4500 / HP 5400 r/min; rpm column = LP speed; re-assembled from segmented series, contiguity after invalid-data removal not guaranteed"
HIT,hit_data5_rec16,hit_data5_rec16,hit_bearing_data5,hit_data5_lp4600_hp5520,hit_data5,data/raw_hit/gdrive_full/HIT-dataset/data5.npy,2,OuterRace,25000,14.7456,368640,4600.0,,disp1+disp2+acc1+acc2+acc3+acc4,outer_race,"depth 0.5 mm, length 0.5 mm",inter_shaft,https://github.com/HouLeiHIT/HIT-dataset,derived,"18 series of 20480; LP 4600 / HP 5520 r/min; rpm column = LP speed; re-assembled from segmented series, contiguity after invalid-data removal not guaranteed"
HIT,hit_data5_rec17,hit_data5_rec17,hit_bearing_data5,hit_data5_lp5000_hp6000,hit_data5,data/raw_hit/gdrive_full/HIT-dataset/data5.npy,2,OuterRace,25000,14.7456,368640,5000.0,,disp1+disp2+acc1+acc2+acc3+acc4,outer_race,"depth 0.5 mm, length 0.5 mm",inter_shaft,https://github.com/HouLeiHIT/HIT-dataset,derived,"18 series of 20480; LP 5000 / HP 6000 r/min; rpm column = LP speed; re-assembled from segmented series, contiguity after invalid-data removal not guaranteed"
HIT,hit_data5_rec18,hit_data5_rec18,hit_bearing_data5,hit_data5_lp3000_hp3600,hit_data5,data/raw_hit/gdrive_full/HIT-dataset/data5.npy,2,OuterRace,25000,14.7456,368640,3000.0,,disp1+disp2+acc1+acc2+acc3+acc4,outer_race,"depth 0.5 mm, length 0.5 mm",inter_shaft,https://github.com/HouLeiHIT/HIT-dataset,derived,"18 series of 20480; LP 3000 / HP 3600 r/min; rpm column = LP speed; re-assembled from segmented series, contiguity after invalid-data removal not guaranteed"
HIT,hit_data5_rec19,hit_data5_rec19,hit_bearing_data5,hit_data5_lp3000_hp3900,hit_data5,data/raw_hit/gdrive_full/HIT-dataset/data5.npy,2,OuterRace,25000,14.7456,368640,3000.0,,disp1+disp2+acc1+acc2+acc3+acc4,outer_race,"depth 0.5 mm, length 0.5 mm",inter_shaft,https://github.com/HouLeiHIT/HIT-dataset,derived,"18 series of 20480; LP 3000 / HP 3900 r/min; rpm column = LP speed; re-assembled from segmented series, contiguity after invalid-data removal not guaranteed"
HIT,hit_data5_rec20,hit_data5_rec20,hit_bearing_data5,hit_data5_lp3000_hp4200,hit_data5,data/raw_hit/gdrive_full/HIT-dataset/data5.npy,2,OuterRace,25000,14.7456,368640,3000.0,,disp1+disp2+acc1+acc2+acc3+acc4,outer_race,"depth 0.5 mm, length 0.5 mm",inter_shaft,https://github.com/HouLeiHIT/HIT-dataset,derived,"18 series of 20480; LP 3000 / HP 4200 r/min; rpm column = LP speed; re-assembled from segmented series, contiguity after invalid-data removal not guaranteed"
HIT,hit_data5_rec21,hit_data5_rec21,hit_bearing_data5,hit_data5_lp3000_hp4500,hit_data5,data/raw_hit/gdrive_full/HIT-dataset/data5.npy,2,OuterRace,25000,14.7456,368640,3000.0,,disp1+disp2+acc1+acc2+acc3+acc4,outer_race,"depth 0.5 mm, length 0.5 mm",inter_shaft,https://github.com/HouLeiHIT/HIT-dataset,derived,"18 series of 20480; LP 3000 / HP 4500 r/min; rpm column = LP speed; re-assembled from segmented series, contiguity after invalid-data removal not guaranteed"
HIT,hit_data5_rec22,hit_data5_rec22,hit_bearing_data5,hit_data5_lp3000_hp4800,hit_data5,data/raw_hit/gdrive_full/HIT-dataset/data5.npy,2,OuterRace,25000,14.7456,368640,3000.0,,disp1+disp2+acc1+acc2+acc3+acc4,outer_race,"depth 0.5 mm, length 0.5 mm",inter_shaft,https://github.com/HouLeiHIT/HIT-dataset,derived,"18 series of 20480; LP 3000 / HP 4800 r/min; rpm column = LP speed; re-assembled from segmented series, contiguity after invalid-data removal not guaranteed"
HIT,hit_data5_rec23,hit_data5_rec23,hit_bearing_data5,hit_data5_lp3000_hp5100,hit_data5,data/raw_hit/gdrive_full/HIT-dataset/data5.npy,2,OuterRace,25000,14.7456,368640,3000.0,,disp1+disp2+acc1+acc2+acc3+acc4,outer_race,"depth 0.5 mm, length 0.5 mm",inter_shaft,https://github.com/HouLeiHIT/HIT-dataset,derived,"18 series of 20480; LP 3000 / HP 5100 r/min; rpm column = LP speed; re-assembled from segmented series, contiguity after invalid-data removal not guaranteed"
HIT,hit_data5_rec24,hit_data5_rec24,hit_bearing_data5,hit_data5_lp3000_hp5400,hit_data5,data/raw_hit/gdrive_full/HIT-dataset/data5.npy,2,OuterRace,25000,14.7456,368640,3000.0,,disp1+disp2+acc1+acc2+acc3+acc4,outer_race,"depth 0.5 mm, length 0.5 mm",inter_shaft,https://github.com/HouLeiHIT/HIT-dataset,derived,"18 series of 20480; LP 3000 / HP 5400 r/min; rpm column = LP speed; re-assembled from segmented series, contiguity after invalid-data removal not guaranteed"
MAFAULDA,mafaulda_horizontal-misalignment_0.5mm_12.288,mafaulda_horizontal-misalignment_0.5mm,mafaulda_bearings_healthy,mafaulda_horizontal-misalignment_0.5mm,,data/raw_mafaulda/full/horizontal-misalignment/0.5mm/12.288.csv,horizontal-misalignment,Misalignment_NON_BEARING,50000,5.0,250000,737.28,,"8ch(tacho;uh_ax,rad,tan;oh_ax,rad,tan;mic)",horizontal_misalignment,0.5mm,,https://www02.smt.ufrj.br/~offshore/mfs/page_01.html,documented,rotation 12.288 Hz from filename
MAFAULDA,mafaulda_horizontal-misalignment_0.5mm_13.5168,mafaulda_horizontal-misalignment_0.5mm,mafaulda_bearings_healthy,mafaulda_horizontal-misalignment_0.5mm,,data/raw_mafaulda/full/horizontal-misalignment/0.5mm/13.5168.csv,horizontal-misalignment,Misalignment_NON_BEARING,50000,5.0,250000,811.008,,"8ch(tacho;uh_ax,rad,tan;oh_ax,rad,tan;mic)",horizontal_misalignment,0.5mm,,https://www02.smt.ufrj.br/~offshore/mfs/page_01.html,documented,rotation 13.5168 Hz from filename
MAFAULDA,mafaulda_horizontal-misalignment_0.5mm_14.5408,mafaulda_horizontal-misalignment_0.5mm,mafaulda_bearings_healthy,mafaulda_horizontal-misalignment_0.5mm,,data/raw_mafaulda/full/horizontal-misalignment/0.5mm/14.5408.csv,horizontal-misalignment,Misalignment_NON_BEARING,50000,5.0,250000,872.4480000000001,,"8ch(tacho;uh_ax,rad,tan;oh_ax,rad,tan;mic)",horizontal_misalignment,0.5mm,,https://www02.smt.ufrj.br/~offshore/mfs/page_01.html,documented,rotation 14.5408 Hz from filename
MAFAULDA,mafaulda_horizontal-misalignment_0.5mm_15.36,mafaulda_horizontal-misalignment_0.5mm,mafaulda_bearings_healthy,mafaulda_horizontal-misalignment_0.5mm,,data/raw_mafaulda/full/horizontal-misalignment/0.5mm/15.36.csv,horizontal-misalignment,Misalignment_NON_BEARING,50000,5.0,250000,921.5999999999999,,"8ch(tacho;uh_ax,rad,tan;oh_ax,rad,tan;mic)",horizontal_misalignment,0.5mm,,https://www02.smt.ufrj.br/~offshore/mfs/page_01.html,documented,rotation 15.36 Hz from filename
MAFAULDA,mafaulda_horizontal-misalignment_0.5mm_16.384,mafaulda_horizontal-misalignment_0.5mm,mafaulda_bearings_healthy,mafaulda_horizontal-misalignment_0.5mm,,data/raw_mafaulda/full/horizontal-misalignment/0.5mm/16.384.csv,horizontal-misalignment,Misalignment_NON_BEARING,50000,5.0,250000,983.04,,"8ch(tacho;uh_ax,rad,tan;oh_ax,rad,tan;mic)",horizontal_misalignment,0.5mm,,https://www02.smt.ufrj.br/~offshore/mfs/page_01.html,documented,rotation 16.384 Hz from filename
MAFAULDA,mafaulda_horizontal-misalignment_0.5mm_17.408,mafaulda_horizontal-misalignment_0.5mm,mafaulda_bearings_healthy,mafaulda_horizontal-misalignment_0.5mm,,data/raw_mafaulda/full/horizontal-misalignment/0.5mm/17.408.csv,horizontal-misalignment,Misalignment_NON_BEARING,50000,5.0,250000,1044.48,,"8ch(tacho;uh_ax,rad,tan;oh_ax,rad,tan;mic)",horizontal_misalignment,0.5mm,,https://www02.smt.ufrj.br/~offshore/mfs/page_01.html,documented,rotation 17.408 Hz from filename
MAFAULDA,mafaulda_horizontal-misalignment_0.5mm_18.8416,mafaulda_horizontal-misalignment_0.5mm,mafaulda_bearings_healthy,mafaulda_horizontal-misalignment_0.5mm,,data/raw_mafaulda/full/horizontal-misalignment/0.5mm/18.8416.csv,horizontal-misalignment,Misalignment_NON_BEARING,50000,5.0,250000,1130.496,,"8ch(tacho;uh_ax,rad,tan;oh_ax,rad,tan;mic)",horizontal_misalignment,0.5mm,,https://www02.smt.ufrj.br/~offshore/mfs/page_01.html,documented,rotation 18.8416 Hz from filename
MAFAULDA,mafaulda_horizontal-misalignment_0.5mm_19.6608,mafaulda_horizontal-misalignment_0.5mm,mafaulda_bearings_healthy,mafaulda_horizontal-misalignment_0.5mm,,data/raw_mafaulda/full/horizontal-misalignment/0.5mm/19.6608.csv,horizontal-misalignment,Misalignment_NON_BEARING,50000,5.0,250000,1179.648,,"8ch(tacho;uh_ax,rad,tan;oh_ax,rad,tan;mic)",horizontal_misalignment,0.5mm,,https://www02.smt.ufrj.br/~offshore/mfs/page_01.html,documented,rotation 19.6608 Hz from filename
MAFAULDA,mafaulda_horizontal-misalignment_0.5mm_20.48,mafaulda_horizontal-misalignment_0.5mm,mafaulda_bearings_healthy,mafaulda_horizontal-misalignment_0.5mm,,data/raw_mafaulda/full/horizontal-misalignment/0.5mm/20.48.csv,horizontal-misalignment,Misalignment_NON_BEARING,50000,5.0,250000,1228.8,,"8ch(tacho;uh_ax,rad,tan;oh_ax,rad,tan;mic)",horizontal_misalignment,0.5mm,,https://www02.smt.ufrj.br/~offshore/mfs/page_01.html,documented,rotation 20.48 Hz from filename
MAFAULDA,mafaulda_horizontal-misalignment_0.5mm_21.504,mafaulda_horizontal-misalignment_0.5mm,mafaulda_bearings_healthy,mafaulda_horizontal-misalignment_0.5mm,,data/raw_mafaulda/full/horizontal-misalignment/0.5mm/21.504.csv,horizontal-misalignment,Misalignment_NON_BEARING,50000,5.0,250000,1290.24,,"8ch(tacho;uh_ax,rad,tan;oh_ax,rad,tan;mic)",horizontal_misalignment,0.5mm,,https://www02.smt.ufrj.br/~offshore/mfs/page_01.html,documented,rotation 21.504 Hz from filename
MAFAULDA,mafaulda_horizontal-misalignment_0.5mm_22.528,mafaulda_horizontal-misalignment_0.5mm,mafaulda_bearings_healthy,mafaulda_horizontal-misalignment_0.5mm,,data/raw_mafaulda/full/horizontal-misalignment/0.5mm/22.528.csv,horizontal-misalignment,Misalignment_NON_BEARING,50000,5.0,250000,1351.6799999999998,,"8ch(tacho;uh_ax,rad,tan;oh_ax,rad,tan;mic)",horizontal_misalignment,0.5mm,,https://www02.smt.ufrj.br/~offshore/mfs/page_01.html,documented,rotation 22.528 Hz from filename
MAFAULDA,mafaulda_horizontal-misalignment_0.5mm_23.552,mafaulda_horizontal-misalignment_0.5mm,mafaulda_bearings_healthy,mafaulda_horizontal-misalignment_0.5mm,,data/raw_mafaulda/full/horizontal-misalignment/0.5mm/23.552.csv,horizontal-misalignment,Misalignment_NON_BEARING,50000,5.0,250000,1413.12,,"8ch(tacho;uh_ax,rad,tan;oh_ax,rad,tan;mic)",horizontal_misalignment,0.5mm,,https://www02.smt.ufrj.br/~offshore/mfs/page_01.html,documented,rotation 23.552 Hz from filename
MAFAULDA,mafaulda_horizontal-misalignment_0.5mm_24.3712,mafaulda_horizontal-misalignment_0.5mm,mafaulda_bearings_healthy,mafaulda_horizontal-misalignment_0.5mm,,data/raw_mafaulda/full/horizontal-misalignment/0.5mm/24.3712.csv,horizontal-misalignment,Misalignment_NON_BEARING,50000,5.0,250000,1462.2720000000002,,"8ch(tacho;uh_ax,rad,tan;oh_ax,rad,tan;mic)",horizontal_misalignment,0.5mm,,https://www02.smt.ufrj.br/~offshore/mfs/page_01.html,documented,rotation 24.3712 Hz from filename
MAFAULDA,mafaulda_horizontal-misalignment_0.5mm_24.7808,mafaulda_horizontal-misalignment_0.5mm,mafaulda_bearings_healthy,mafaulda_horizontal-misalignment_0.5mm,,data/raw_mafaulda/full/horizontal-misalignment/0.5mm/24.7808.csv,horizontal-misalignment,Misalignment_NON_BEARING,50000,5.0,250000,1486.848,,"8ch(tacho;uh_ax,rad,tan;oh_ax,rad,tan;mic)",horizontal_misalignment,0.5mm,,https://www02.smt.ufrj.br/~offshore/mfs/page_01.html,documented,rotation 24.7808 Hz from filename
MAFAULDA,mafaulda_horizontal-misalignment_0.5mm_25.8048,mafaulda_horizontal-misalignment_0.5mm,mafaulda_bearings_healthy,mafaulda_horizontal-misalignment_0.5mm,,data/raw_mafaulda/full/horizontal-misalignment/0.5mm/25.8048.csv,horizontal-misalignment,Misalignment_NON_BEARING,50000,5.0,250000,1548.288,,"8ch(tacho;uh_ax,rad,tan;oh_ax,rad,tan;mic)",horizontal_misalignment,0.5mm,,https://www02.smt.ufrj.br/~offshore/mfs/page_01.html,documented,rotation 25.8048 Hz from filename
MAFAULDA,mafaulda_horizontal-misalignment_0.5mm_26.8288,mafaulda_horizontal-misalignment_0.5mm,mafaulda_bearings_healthy,mafaulda_horizontal-misalignment_0.5mm,,data/raw_mafaulda/full/horizontal-misalignment/0.5mm/26.8288.csv,horizontal-misalignment,Misalignment_NON_BEARING,50000,5.0,250000,1609.728,,"8ch(tacho;uh_ax,rad,tan;oh_ax,rad,tan;mic)",horizontal_misalignment,0.5mm,,https://www02.smt.ufrj.br/~offshore/mfs/page_01.html,documented,rotation 26.8288 Hz from filename
MAFAULDA,mafaulda_horizontal-misalignment_0.5mm_28.672,mafaulda_horizontal-misalignment_0.5mm,mafaulda_bearings_healthy,mafaulda_horizontal-misalignment_0.5mm,,data/raw_mafaulda/full/horizontal-misalignment/0.5mm/28.672.csv,horizontal-misalignment,Misalignment_NON_BEARING,50000,5.0,250000,1720.32,,"8ch(tacho;uh_ax,rad,tan;oh_ax,rad,tan;mic)",horizontal_misalignment,0.5mm,,https://www02.smt.ufrj.br/~offshore/mfs/page_01.html,documented,rotation 28.672 Hz from filename
MAFAULDA,mafaulda_horizontal-misalignment_0.5mm_29.2864,mafaulda_horizontal-misalignment_0.5mm,mafaulda_bearings_healthy,mafaulda_horizontal-misalignment_0.5mm,,data/raw_mafaulda/full/horizontal-misalignment/0.5mm/29.2864.csv,horizontal-misalignment,Misalignment_NON_BEARING,50000,5.0,250000,1757.184,,"8ch(tacho;uh_ax,rad,tan;oh_ax,rad,tan;mic)",horizontal_misalignment,0.5mm,,https://www02.smt.ufrj.br/~offshore/mfs/page_01.html,documented,rotation 29.2864 Hz from filename
MAFAULDA,mafaulda_horizontal-misalignment_0.5mm_30.3104,mafaulda_horizontal-misalignment_0.5mm,mafaulda_bearings_healthy,mafaulda_horizontal-misalignment_0.5mm,,data/raw_mafaulda/full/horizontal-misalignment/0.5mm/30.3104.csv,horizontal-misalignment,Misalignment_NON_BEARING,50000,5.0,250000,1818.624,,"8ch(tacho;uh_ax,rad,tan;oh_ax,rad,tan;mic)",horizontal_misalignment,0.5mm,,https://www02.smt.ufrj.br/~offshore/mfs/page_01.html,documented,rotation 30.3104 Hz from filename
MAFAULDA,mafaulda_horizontal-misalignment_0.5mm_31.5392,mafaulda_horizontal-misalignment_0.5mm,mafaulda_bearings_healthy,mafaulda_horizontal-misalignment_0.5mm,,data/raw_mafaulda/full/horizontal-misalignment/0.5mm/31.5392.csv,horizontal-misalignment,Misalignment_NON_BEARING,50000,5.0,250000,1892.352,,"8ch(tacho;uh_ax,rad,tan;oh_ax,rad,tan;mic)",horizontal_misalignment,0.5mm,,https://www02.smt.ufrj.br/~offshore/mfs/page_01.html,documented,rotation 31.5392 Hz from filename
MAFAULDA,mafaulda_horizontal-misalignment_0.5mm_32.3584,mafaulda_horizontal-misalignment_0.5mm,mafaulda_bearings_healthy,mafaulda_horizontal-misalignment_0.5mm,,data/raw_mafaulda/full/horizontal-misalignment/0.5mm/32.3584.csv,horizontal-misalignment,Misalignment_NON_BEARING,50000,5.0,250000,1941.5040000000001,,"8ch(tacho;uh_ax,rad,tan;oh_ax,rad,tan;mic)",horizontal_misalignment,0.5mm,,https://www02.smt.ufrj.br/~offshore/mfs/page_01.html,documented,rotation 32.3584 Hz from filename
MAFAULDA,mafaulda_horizontal-misalignment_0.5mm_33.1776,mafaulda_horizontal-misalignment_0.5mm,mafaulda_bearings_healthy,mafaulda_horizontal-misalignment_0.5mm,,data/raw_mafaulda/full/horizontal-misalignment/0.5mm/33.1776.csv,horizontal-misalignment,Misalignment_NON_BEARING,50000,5.0,250000,1990.656,,"8ch(tacho;uh_ax,rad,tan;oh_ax,rad,tan;mic)",horizontal_misalignment,0.5mm,,https://www02.smt.ufrj.br/~offshore/mfs/page_01.html,documented,rotation 33.1776 Hz from filename
MAFAULDA,mafaulda_horizontal-misalignment_0.5mm_34.2016,mafaulda_horizontal-misalignment_0.5mm,mafaulda_bearings_healthy,mafaulda_horizontal-misalignment_0.5mm,,data/raw_mafaulda/full/horizontal-misalignment/0.5mm/34.2016.csv,horizontal-misalignment,Misalignment_NON_BEARING,50000,5.0,250000,2052.096,,"8ch(tacho;uh_ax,rad,tan;oh_ax,rad,tan;mic)",horizontal_misalignment,0.5mm,,https://www02.smt.ufrj.br/~offshore/mfs/page_01.html,documented,rotation 34.2016 Hz from filename
MAFAULDA,mafaulda_horizontal-misalignment_0.5mm_35.2256,mafaulda_horizontal-misalignment_0.5mm,mafaulda_bearings_healthy,mafaulda_horizontal-misalignment_0.5mm,,data/raw_mafaulda/full/horizontal-misalignment/0.5mm/35.2256.csv,horizontal-misalignment,Misalignment_NON_BEARING,50000,5.0,250000,2113.536,,"8ch(tacho;uh_ax,rad,tan;oh_ax,rad,tan;mic)",horizontal_misalignment,0.5mm,,https://www02.smt.ufrj.br/~offshore/mfs/page_01.html,documented,rotation 35.2256 Hz from filename
MAFAULDA,mafaulda_horizontal-misalignment_0.5mm_36.6592,mafaulda_horizontal-misalignment_0.5mm,mafaulda_bearings_healthy,mafaulda_horizontal-misalignment_0.5mm,,data/raw_mafaulda/full/horizontal-misalignment/0.5mm/36.6592.csv,horizontal-misalignment,Misalignment_NON_BEARING,50000,5.0,250000,2199.5519999999997,,"8ch(tacho;uh_ax,rad,tan;oh_ax,rad,tan;mic)",horizontal_misalignment,0.5mm,,https://www02.smt.ufrj.br/~offshore/mfs/page_01.html,documented,rotation 36.6592 Hz from filename
MAFAULDA,mafaulda_horizontal-misalignment_0.5mm_37.888,mafaulda_horizontal-misalignment_0.5mm,mafaulda_bearings_healthy,mafaulda_horizontal-misalignment_0.5mm,,data/raw_mafaulda/full/horizontal-misalignment/0.5mm/37.888.csv,horizontal-misalignment,Misalignment_NON_BEARING,50000,5.0,250000,2273.2799999999997,,"8ch(tacho;uh_ax,rad,tan;oh_ax,rad,tan;mic)",horizontal_misalignment,0.5mm,,https://www02.smt.ufrj.br/~offshore/mfs/page_01.html,documented,rotation 37.888 Hz from filename
MAFAULDA,mafaulda_horizontal-misalignment_0.5mm_38.5024,mafaulda_horizontal-misalignment_0.5mm,mafaulda_bearings_healthy,mafaulda_horizontal-misalignment_0.5mm,,data/raw_mafaulda/full/horizontal-misalignment/0.5mm/38.5024.csv,horizontal-misalignment,Misalignment_NON_BEARING,50000,5.0,250000,2310.1440000000002,,"8ch(tacho;uh_ax,rad,tan;oh_ax,rad,tan;mic)",horizontal_misalignment,0.5mm,,https://www02.smt.ufrj.br/~offshore/mfs/page_01.html,documented,rotation 38.5024 Hz from filename
MAFAULDA,mafaulda_horizontal-misalignment_0.5mm_39.1168,mafaulda_horizontal-misalignment_0.5mm,mafaulda_bearings_healthy,mafaulda_horizontal-misalignment_0.5mm,,data/raw_mafaulda/full/horizontal-misalignment/0.5mm/39.1168.csv,horizontal-misalignment,Misalignment_NON_BEARING,50000,5.0,250000,2347.008,,"8ch(tacho;uh_ax,rad,tan;oh_ax,rad,tan;mic)",horizontal_misalignment,0.5mm,,https://www02.smt.ufrj.br/~offshore/mfs/page_01.html,documented,rotation 39.1168 Hz from filename
MAFAULDA,mafaulda_horizontal-misalignment_0.5mm_40.3456,mafaulda_horizontal-misalignment_0.5mm,mafaulda_bearings_healthy,mafaulda_horizontal-misalignment_0.5mm,,data/raw_mafaulda/full/horizontal-misalignment/0.5mm/40.3456.csv,horizontal-misalignment,Misalignment_NON_BEARING,50000,5.0,250000,2420.736,,"8ch(tacho;uh_ax,rad,tan;oh_ax,rad,tan;mic)",horizontal_misalignment,0.5mm,,https://www02.smt.ufrj.br/~offshore/mfs/page_01.html,documented,rotation 40.3456 Hz from filename
MAFAULDA,mafaulda_horizontal-misalignment_0.5mm_41.984,mafaulda_horizontal-misalignment_0.5mm,mafaulda_bearings_healthy,mafaulda_horizontal-misalignment_0.5mm,,data/raw_mafaulda/full/horizontal-misalignment/0.5mm/41.984.csv,horizontal-misalignment,Misalignment_NON_BEARING,50000,5.0,250000,2519.04,,"8ch(tacho;uh_ax,rad,tan;oh_ax,rad,tan;mic)",horizontal_misalignment,0.5mm,,https://www02.smt.ufrj.br/~offshore/mfs/page_01.html,documented,rotation 41.984 Hz from filename
MAFAULDA,mafaulda_horizontal-misalignment_0.5mm_42.5984,mafaulda_horizontal-misalignment_0.5mm,mafaulda_bearings_healthy,mafaulda_horizontal-misalignment_0.5mm,,data/raw_mafaulda/full/horizontal-misalignment/0.5mm/42.5984.csv,horizontal-misalignment,Misalignment_NON_BEARING,50000,5.0,250000,2555.904,,"8ch(tacho;uh_ax,rad,tan;oh_ax,rad,tan;mic)",horizontal_misalignment,0.5mm,,https://www02.smt.ufrj.br/~offshore/mfs/page_01.html,documented,rotation 42.5984 Hz from filename
MAFAULDA,mafaulda_horizontal-misalignment_0.5mm_43.008,mafaulda_horizontal-misalignment_0.5mm,mafaulda_bearings_healthy,mafaulda_horizontal-misalignment_0.5mm,,data/raw_mafaulda/full/horizontal-misalignment/0.5mm/43.008.csv,horizontal-misalignment,Misalignment_NON_BEARING,50000,5.0,250000,2580.48,,"8ch(tacho;uh_ax,rad,tan;oh_ax,rad,tan;mic)",horizontal_misalignment,0.5mm,,https://www02.smt.ufrj.br/~offshore/mfs/page_01.html,documented,rotation 43.008 Hz from filename
MAFAULDA,mafaulda_horizontal-misalignment_0.5mm_44.2368,mafaulda_horizontal-misalignment_0.5mm,mafaulda_bearings_healthy,mafaulda_horizontal-misalignment_0.5mm,,data/raw_mafaulda/full/horizontal-misalignment/0.5mm/44.2368.csv,horizontal-misalignment,Misalignment_NON_BEARING,50000,5.0,250000,2654.208,,"8ch(tacho;uh_ax,rad,tan;oh_ax,rad,tan;mic)",horizontal_misalignment,0.5mm,,https://www02.smt.ufrj.br/~offshore/mfs/page_01.html,documented,rotation 44.2368 Hz from filename
MAFAULDA,mafaulda_horizontal-misalignment_0.5mm_44.8512,mafaulda_horizontal-misalignment_0.5mm,mafaulda_bearings_healthy,mafaulda_horizontal-misalignment_0.5mm,,data/raw_mafaulda/full/horizontal-misalignment/0.5mm/44.8512.csv,horizontal-misalignment,Misalignment_NON_BEARING,50000,5.0,250000,2691.072,,"8ch(tacho;uh_ax,rad,tan;oh_ax,rad,tan;mic)",horizontal_misalignment,0.5mm,,https://www02.smt.ufrj.br/~offshore/mfs/page_01.html,documented,rotation 44.8512 Hz from filename
MAFAULDA,mafaulda_horizontal-misalignment_0.5mm_46.8992,mafaulda_horizontal-misalignment_0.5mm,mafaulda_bearings_healthy,mafaulda_horizontal-misalignment_0.5mm,,data/raw_mafaulda/full/horizontal-misalignment/0.5mm/46.8992.csv,horizontal-misalignment,Misalignment_NON_BEARING,50000,5.0,250000,2813.952,,"8ch(tacho;uh_ax,rad,tan;oh_ax,rad,tan;mic)",horizontal_misalignment,0.5mm,,https://www02.smt.ufrj.br/~offshore/mfs/page_01.html,documented,rotation 46.8992 Hz from filename
MAFAULDA,mafaulda_horizontal-misalignment_0.5mm_47.7184,mafaulda_horizontal-misalignment_0.5mm,mafaulda_bearings_healthy,mafaulda_horizontal-misalignment_0.5mm,,data/raw_mafaulda/full/horizontal-misalignment/0.5mm/47.7184.csv,horizontal-misalignment,Misalignment_NON_BEARING,50000,5.0,250000,2863.1040000000003,,"8ch(tacho;uh_ax,rad,tan;oh_ax,rad,tan;mic)",horizontal_misalignment,0.5mm,,https://www02.smt.ufrj.br/~offshore/mfs/page_01.html,documented,rotation 47.7184 Hz from filename
MAFAULDA,mafaulda_horizontal-misalignment_0.5mm_48.3328,mafaulda_horizontal-misalignment_0.5mm,mafaulda_bearings_healthy,mafaulda_horizontal-misalignment_0.5mm,,data/raw_mafaulda/full/horizontal-misalignment/0.5mm/48.3328.csv,horizontal-misalignment,Misalignment_NON_BEARING,50000,5.0,250000,2899.968,,"8ch(tacho;uh_ax,rad,tan;oh_ax,rad,tan;mic)",horizontal_misalignment,0.5mm,,https://www02.smt.ufrj.br/~offshore/mfs/page_01.html,documented,rotation 48.3328 Hz from filename
MAFAULDA,mafaulda_horizontal-misalignment_0.5mm_49.5616,mafaulda_horizontal-misalignment_0.5mm,mafaulda_bearings_healthy,mafaulda_horizontal-misalignment_0.5mm,,data/raw_mafaulda/full/horizontal-misalignment/0.5mm/49.5616.csv,horizontal-misalignment,Misalignment_NON_BEARING,50000,5.0,250000,2973.696,,"8ch(tacho;uh_ax,rad,tan;oh_ax,rad,tan;mic)",horizontal_misalignment,0.5mm,,https://www02.smt.ufrj.br/~offshore/mfs/page_01.html,documented,rotation 49.5616 Hz from filename
MAFAULDA,mafaulda_horizontal-misalignment_0.5mm_50.176,mafaulda_horizontal-misalignment_0.5mm,mafaulda_bearings_healthy,mafaulda_horizontal-misalignment_0.5mm,,data/raw_mafaulda/full/horizontal-misalignment/0.5mm/50.176.csv,horizontal-misalignment,Misalignment_NON_BEARING,50000,5.0,250000,3010.56,,"8ch(tacho;uh_ax,rad,tan;oh_ax,rad,tan;mic)",horizontal_misalignment,0.5mm,,https://www02.smt.ufrj.br/~offshore/mfs/page_01.html,documented,rotation 50.176 Hz from filename
MAFAULDA,mafaulda_horizontal-misalignment_0.5mm_51.4048,mafaulda_horizontal-misalignment_0.5mm,mafaulda_bearings_healthy,mafaulda_horizontal-misalignment_0.5mm,,data/raw_mafaulda/full/horizontal-misalignment/0.5mm/51.4048.csv,horizontal-misalignment,Misalignment_NON_BEARING,50000,5.0,250000,3084.288,,"8ch(tacho;uh_ax,rad,tan;oh_ax,rad,tan;mic)",horizontal_misalignment,0.5mm,,https://www02.smt.ufrj.br/~offshore/mfs/page_01.html,documented,rotation 51.4048 Hz from filename
MAFAULDA,mafaulda_horizontal-misalignment_0.5mm_52.224,mafaulda_horizontal-misalignment_0.5mm,mafaulda_bearings_healthy,mafaulda_horizontal-misalignment_0.5mm,,data/raw_mafaulda/full/horizontal-misalignment/0.5mm/52.224.csv,horizontal-misalignment,Misalignment_NON_BEARING,50000,5.0,250000,3133.4399999999996,,"8ch(tacho;uh_ax,rad,tan;oh_ax,rad,tan;mic)",horizontal_misalignment,0.5mm,,https://www02.smt.ufrj.br/~offshore/mfs/page_01.html,documented,rotation 52.224 Hz from filename
MAFAULDA,mafaulda_horizontal-misalignment_0.5mm_53.248,mafaulda_horizontal-misalignment_0.5mm,mafaulda_bearings_healthy,mafaulda_horizontal-misalignment_0.5mm,,data/raw_mafaulda/full/horizontal-misalignment/0.5mm/53.248.csv,horizontal-misalignment,Misalignment_NON_BEARING,50000,5.0,250000,3194.8799999999997,,"8ch(tacho;uh_ax,rad,tan;oh_ax,rad,tan;mic)",horizontal_misalignment,0.5mm,,https://www02.smt.ufrj.br/~offshore/mfs/page_01.html,documented,rotation 53.248 Hz from filename
MAFAULDA,mafaulda_horizontal-misalignment_0.5mm_54.4768,mafaulda_horizontal-misalignment_0.5mm,mafaulda_bearings_healthy,mafaulda_horizontal-misalignment_0.5mm,,data/raw_mafaulda/full/horizontal-misalignment/0.5mm/54.4768.csv,horizontal-misalignment,Misalignment_NON_BEARING,50000,5.0,250000,3268.6079999999997,,"8ch(tacho;uh_ax,rad,tan;oh_ax,rad,tan;mic)",horizontal_misalignment,0.5mm,,https://www02.smt.ufrj.br/~offshore/mfs/page_01.html,documented,rotation 54.4768 Hz from filename
MAFAULDA,mafaulda_horizontal-misalignment_0.5mm_55.0912,mafaulda_horizontal-misalignment_0.5mm,mafaulda_bearings_healthy,mafaulda_horizontal-misalignment_0.5mm,,data/raw_mafaulda/full/horizontal-misalignment/0.5mm/55.0912.csv,horizontal-misalignment,Misalignment_NON_BEARING,50000,5.0,250000,3305.472,,"8ch(tacho;uh_ax,rad,tan;oh_ax,rad,tan;mic)",horizontal_misalignment,0.5mm,,https://www02.smt.ufrj.br/~offshore/mfs/page_01.html,documented,rotation 55.0912 Hz from filename
MAFAULDA,mafaulda_horizontal-misalignment_0.5mm_56.1152,mafaulda_horizontal-misalignment_0.5mm,mafaulda_bearings_healthy,mafaulda_horizontal-misalignment_0.5mm,,data/raw_mafaulda/full/horizontal-misalignment/0.5mm/56.1152.csv,horizontal-misalignment,Misalignment_NON_BEARING,50000,5.0,250000,3366.9120000000003,,"8ch(tacho;uh_ax,rad,tan;oh_ax,rad,tan;mic)",horizontal_misalignment,0.5mm,,https://www02.smt.ufrj.br/~offshore/mfs/page_01.html,documented,rotation 56.1152 Hz from filename
MAFAULDA,mafaulda_horizontal-misalignment_0.5mm_57.344,mafaulda_horizontal-misalignment_0.5mm,mafaulda_bearings_healthy,mafaulda_horizontal-misalignment_0.5mm,,data/raw_mafaulda/full/horizontal-misalignment/0.5mm/57.344.csv,horizontal-misalignment,Misalignment_NON_BEARING,50000,5.0,250000,3440.64,,"8ch(tacho;uh_ax,rad,tan;oh_ax,rad,tan;mic)",horizontal_misalignment,0.5mm,,https://www02.smt.ufrj.br/~offshore/mfs/page_01.html,documented,rotation 57.344 Hz from filename
MAFAULDA,mafaulda_horizontal-misalignment_0.5mm_58.1632,mafaulda_horizontal-misalignment_0.5mm,mafaulda_bearings_healthy,mafaulda_horizontal-misalignment_0.5mm,,data/raw_mafaulda/full/horizontal-misalignment/0.5mm/58.1632.csv,horizontal-misalignment,Misalignment_NON_BEARING,50000,5.0,250000,3489.7920000000004,,"8ch(tacho;uh_ax,rad,tan;oh_ax,rad,tan;mic)",horizontal_misalignment,0.5mm,,https://www02.smt.ufrj.br/~offshore/mfs/page_01.html,documented,rotation 58.1632 Hz from filename
MAFAULDA,mafaulda_horizontal-misalignment_0.5mm_59.8016,mafaulda_horizontal-misalignment_0.5mm,mafaulda_bearings_healthy,mafaulda_horizontal-misalignment_0.5mm,,data/raw_mafaulda/full/horizontal-misalignment/0.5mm/59.8016.csv,horizontal-misalignment,Misalignment_NON_BEARING,50000,5.0,250000,3588.096,,"8ch(tacho;uh_ax,rad,tan;oh_ax,rad,tan;mic)",horizontal_misalignment,0.5mm,,https://www02.smt.ufrj.br/~offshore/mfs/page_01.html,documented,rotation 59.8016 Hz from filename
MAFAULDA,mafaulda_horizontal-misalignment_0.5mm_60.6208,mafaulda_horizontal-misalignment_0.5mm,mafaulda_bearings_healthy,mafaulda_horizontal-misalignment_0.5mm,,data/raw_mafaulda/full/horizontal-misalignment/0.5mm/60.6208.csv,horizontal-misalignment,Misalignment_NON_BEARING,50000,5.0,250000,3637.248,,"8ch(tacho;uh_ax,rad,tan;oh_ax,rad,tan;mic)",horizontal_misalignment,0.5mm,,https://www02.smt.ufrj.br/~offshore/mfs/page_01.html,documented,rotation 60.6208 Hz from filename
MAFAULDA,mafaulda_horizontal-misalignment_0.5mm_62.0544,mafaulda_horizontal-misalignment_0.5mm,mafaulda_bearings_healthy,mafaulda_horizontal-misalignment_0.5mm,,data/raw_mafaulda/full/horizontal-misalignment/0.5mm/62.0544.csv,horizontal-misalignment,Misalignment_NON_BEARING,50000,5.0,250000,3723.264,,"8ch(tacho;uh_ax,rad,tan;oh_ax,rad,tan;mic)",horizontal_misalignment,0.5mm,,https://www02.smt.ufrj.br/~offshore/mfs/page_01.html,documented,rotation 62.0544 Hz from filename
MAFAULDA,mafaulda_horizontal-misalignment_1.0mm_12.288,mafaulda_horizontal-misalignment_1.0mm,mafaulda_bearings_healthy,mafaulda_horizontal-misalignment_1.0mm,,data/raw_mafaulda/full/horizontal-misalignment/1.0mm/12.288.csv,horizontal-misalignment,Misalignment_NON_BEARING,50000,5.0,250000,737.28,,"8ch(tacho;uh_ax,rad,tan;oh_ax,rad,tan;mic)",horizontal_misalignment,1.0mm,,https://www02.smt.ufrj.br/~offshore/mfs/page_01.html,documented,rotation 12.288 Hz from filename
MAFAULDA,mafaulda_horizontal-misalignment_1.0mm_13.7216,mafaulda_horizontal-misalignment_1.0mm,mafaulda_bearings_healthy,mafaulda_horizontal-misalignment_1.0mm,,data/raw_mafaulda/full/horizontal-misalignment/1.0mm/13.7216.csv,horizontal-misalignment,Misalignment_NON_BEARING,50000,5.0,250000,823.296,,"8ch(tacho;uh_ax,rad,tan;oh_ax,rad,tan;mic)",horizontal_misalignment,1.0mm,,https://www02.smt.ufrj.br/~offshore/mfs/page_01.html,documented,rotation 13.7216 Hz from filename
MAFAULDA,mafaulda_horizontal-misalignment_1.0mm_14.336,mafaulda_horizontal-misalignment_1.0mm,mafaulda_bearings_healthy,mafaulda_horizontal-misalignment_1.0mm,,data/raw_mafaulda/full/horizontal-misalignment/1.0mm/14.336.csv,horizontal-misalignment,Misalignment_NON_BEARING,50000,5.0,250000,860.16,,"8ch(tacho;uh_ax,rad,tan;oh_ax,rad,tan;mic)",horizontal_misalignment,1.0mm,,https://www02.smt.ufrj.br/~offshore/mfs/page_01.html,documented,rotation 14.336 Hz from filename
MAFAULDA,mafaulda_horizontal-misalignment_1.0mm_15.9744,mafaulda_horizontal-misalignment_1.0mm,mafaulda_bearings_healthy,mafaulda_horizontal-misalignment_1.0mm,,data/raw_mafaulda/full/horizontal-misalignment/1.0mm/15.9744.csv,horizontal-misalignment,Misalignment_NON_BEARING,50000,5.0,250000,958.4639999999999,,"8ch(tacho;uh_ax,rad,tan;oh_ax,rad,tan;mic)",horizontal_misalignment,1.0mm,,https://www02.smt.ufrj.br/~offshore/mfs/page_01.html,documented,rotation 15.9744 Hz from filename
MAFAULDA,mafaulda_horizontal-misalignment_1.0mm_16.5888,mafaulda_horizontal-misalignment_1.0mm,mafaulda_bearings_healthy,mafaulda_horizontal-misalignment_1.0mm,,data/raw_mafaulda/full/horizontal-misalignment/1.0mm/16.5888.csv,horizontal-misalignment,Misalignment_NON_BEARING,50000,5.0,250000,995.328,,"8ch(tacho;uh_ax,rad,tan;oh_ax,rad,tan;mic)",horizontal_misalignment,1.0mm,,https://www02.smt.ufrj.br/~offshore/mfs/page_01.html,documented,rotation 16.5888 Hz from filename
MAFAULDA,mafaulda_horizontal-misalignment_1.0mm_17.8176,mafaulda_horizontal-misalignment_1.0mm,mafaulda_bearings_healthy,mafaulda_horizontal-misalignment_1.0mm,,data/raw_mafaulda/full/horizontal-misalignment/1.0mm/17.8176.csv,horizontal-misalignment,Misalignment_NON_BEARING,50000,5.0,250000,1069.056,,"8ch(tacho;uh_ax,rad,tan;oh_ax,rad,tan;mic)",horizontal_misalignment,1.0mm,,https://www02.smt.ufrj.br/~offshore/mfs/page_01.html,documented,rotation 17.8176 Hz from filename
MAFAULDA,mafaulda_horizontal-misalignment_1.0mm_18.8416,mafaulda_horizontal-misalignment_1.0mm,mafaulda_bearings_healthy,mafaulda_horizontal-misalignment_1.0mm,,data/raw_mafaulda/full/horizontal-misalignment/1.0mm/18.8416.csv,horizontal-misalignment,Misalignment_NON_BEARING,50000,5.0,250000,1130.496,,"8ch(tacho;uh_ax,rad,tan;oh_ax,rad,tan;mic)",horizontal_misalignment,1.0mm,,https://www02.smt.ufrj.br/~offshore/mfs/page_01.html,documented,rotation 18.8416 Hz from filename
MAFAULDA,mafaulda_horizontal-misalignment_1.0mm_19.6608,mafaulda_horizontal-misalignment_1.0mm,mafaulda_bearings_healthy,mafaulda_horizontal-misalignment_1.0mm,,data/raw_mafaulda/full/horizontal-misalignment/1.0mm/19.6608.csv,horizontal-misalignment,Misalignment_NON_BEARING,50000,5.0,250000,1179.648,,"8ch(tacho;uh_ax,rad,tan;oh_ax,rad,tan;mic)",horizontal_misalignment,1.0mm,,https://www02.smt.ufrj.br/~offshore/mfs/page_01.html,documented,rotation 19.6608 Hz from filename
MAFAULDA,mafaulda_horizontal-misalignment_1.0mm_20.2752,mafaulda_horizontal-misalignment_1.0mm,mafaulda_bearings_healthy,mafaulda_horizontal-misalignment_1.0mm,,data/raw_mafaulda/full/horizontal-misalignment/1.0mm/20.2752.csv,horizontal-misalignment,Misalignment_NON_BEARING,50000,5.0,250000,1216.5120000000002,,"8ch(tacho;uh_ax,rad,tan;oh_ax,rad,tan;mic)",horizontal_misalignment,1.0mm,,https://www02.smt.ufrj.br/~offshore/mfs/page_01.html,documented,rotation 20.2752 Hz from filename
MAFAULDA,mafaulda_horizontal-misalignment_1.0mm_21.504,mafaulda_horizontal-misalignment_1.0mm,mafaulda_bearings_healthy,mafaulda_horizontal-misalignment_1.0mm,,data/raw_mafaulda/full/horizontal-misalignment/1.0mm/21.504.csv,horizontal-misalignment,Misalignment_NON_BEARING,50000,5.0,250000,1290.24,,"8ch(tacho;uh_ax,rad,tan;oh_ax,rad,tan;mic)",horizontal_misalignment,1.0mm,,https://www02.smt.ufrj.br/~offshore/mfs/page_01.html,documented,rotation 21.504 Hz from filename
MAFAULDA,mafaulda_horizontal-misalignment_1.0mm_22.528,mafaulda_horizontal-misalignment_1.0mm,mafaulda_bearings_healthy,mafaulda_horizontal-misalignment_1.0mm,,data/raw_mafaulda/full/horizontal-misalignment/1.0mm/22.528.csv,horizontal-misalignment,Misalignment_NON_BEARING,50000,5.0,250000,1351.6799999999998,,"8ch(tacho;uh_ax,rad,tan;oh_ax,rad,tan;mic)",horizontal_misalignment,1.0mm,,https://www02.smt.ufrj.br/~offshore/mfs/page_01.html,documented,rotation 22.528 Hz from filename
MAFAULDA,mafaulda_horizontal-misalignment_1.0mm_23.7568,mafaulda_horizontal-misalignment_1.0mm,mafaulda_bearings_healthy,mafaulda_horizontal-misalignment_1.0mm,,data/raw_mafaulda/full/horizontal-misalignment/1.0mm/23.7568.csv,horizontal-misalignment,Misalignment_NON_BEARING,50000,5.0,250000,1425.408,,"8ch(tacho;uh_ax,rad,tan;oh_ax,rad,tan;mic)",horizontal_misalignment,1.0mm,,https://www02.smt.ufrj.br/~offshore/mfs/page_01.html,documented,rotation 23.7568 Hz from filename
MAFAULDA,mafaulda_horizontal-misalignment_1.0mm_24.1664,mafaulda_horizontal-misalignment_1.0mm,mafaulda_bearings_healthy,mafaulda_horizontal-misalignment_1.0mm,,data/raw_mafaulda/full/horizontal-misalignment/1.0mm/24.1664.csv,horizontal-misalignment,Misalignment_NON_BEARING,50000,5.0,250000,1449.984,,"8ch(tacho;uh_ax,rad,tan;oh_ax,rad,tan;mic)",horizontal_misalignment,1.0mm,,https://www02.smt.ufrj.br/~offshore/mfs/page_01.html,documented,rotation 24.1664 Hz from filename
MAFAULDA,mafaulda_horizontal-misalignment_1.0mm_24.9856,mafaulda_horizontal-misalignment_1.0mm,mafaulda_bearings_healthy,mafaulda_horizontal-misalignment_1.0mm,,data/raw_mafaulda/full/horizontal-misalignment/1.0mm/24.9856.csv,horizontal-misalignment,Misalignment_NON_BEARING,50000,5.0,250000,1499.1360000000002,,"8ch(tacho;uh_ax,rad,tan;oh_ax,rad,tan;mic)",horizontal_misalignment,1.0mm,,https://www02.smt.ufrj.br/~offshore/mfs/page_01.html,documented,rotation 24.9856 Hz from filename
MAFAULDA,mafaulda_horizontal-misalignment_1.0mm_26.0096,mafaulda_horizontal-misalignment_1.0mm,mafaulda_bearings_healthy,mafaulda_horizontal-misalignment_1.0mm,,data/raw_mafaulda/full/horizontal-misalignment/1.0mm/26.0096.csv,horizontal-misalignment,Misalignment_NON_BEARING,50000,5.0,250000,1560.576,,"8ch(tacho;uh_ax,rad,tan;oh_ax,rad,tan;mic)",horizontal_misalignment,1.0mm,,https://www02.smt.ufrj.br/~offshore/mfs/page_01.html,documented,rotation 26.0096 Hz from filename
MAFAULDA,mafaulda_horizontal-misalignment_1.0mm_27.0336,mafaulda_horizontal-misalignment_1.0mm,mafaulda_bearings_healthy,mafaulda_horizontal-misalignment_1.0mm,,data/raw_mafaulda/full/horizontal-misalignment/1.0mm/27.0336.csv,horizontal-misalignment,Misalignment_NON_BEARING,50000,5.0,250000,1622.016,,"8ch(tacho;uh_ax,rad,tan;oh_ax,rad,tan;mic)",horizontal_misalignment,1.0mm,,https://www02.smt.ufrj.br/~offshore/mfs/page_01.html,documented,rotation 27.0336 Hz from filename
MAFAULDA,mafaulda_horizontal-misalignment_1.0mm_28.2624,mafaulda_horizontal-misalignment_1.0mm,mafaulda_bearings_healthy,mafaulda_horizontal-misalignment_1.0mm,,data/raw_mafaulda/full/horizontal-misalignment/1.0mm/28.2624.csv,horizontal-misalignment,Misalignment_NON_BEARING,50000,5.0,250000,1695.744,,"8ch(tacho;uh_ax,rad,tan;oh_ax,rad,tan;mic)",horizontal_misalignment,1.0mm,,https://www02.smt.ufrj.br/~offshore/mfs/page_01.html,documented,rotation 28.2624 Hz from filename
MAFAULDA,mafaulda_horizontal-misalignment_1.0mm_29.4912,mafaulda_horizontal-misalignment_1.0mm,mafaulda_bearings_healthy,mafaulda_horizontal-misalignment_1.0mm,,data/raw_mafaulda/full/horizontal-misalignment/1.0mm/29.4912.csv,horizontal-misalignment,Misalignment_NON_BEARING,50000,5.0,250000,1769.472,,"8ch(tacho;uh_ax,rad,tan;oh_ax,rad,tan;mic)",horizontal_misalignment,1.0mm,,https://www02.smt.ufrj.br/~offshore/mfs/page_01.html,documented,rotation 29.4912 Hz from filename
MAFAULDA,mafaulda_horizontal-misalignment_1.0mm_30.5152,mafaulda_horizontal-misalignment_1.0mm,mafaulda_bearings_healthy,mafaulda_horizontal-misalignment_1.0mm,,data/raw_mafaulda/full/horizontal-misalignment/1.0mm/30.5152.csv,horizontal-misalignment,Misalignment_NON_BEARING,50000,5.0,250000,1830.912,,"8ch(tacho;uh_ax,rad,tan;oh_ax,rad,tan;mic)",horizontal_misalignment,1.0mm,,https://www02.smt.ufrj.br/~offshore/mfs/page_01.html,documented,rotation 30.5152 Hz from filename
MAFAULDA,mafaulda_horizontal-misalignment_1.0mm_31.1296,mafaulda_horizontal-misalignment_1.0mm,mafaulda_bearings_healthy,mafaulda_horizontal-misalignment_1.0mm,,data/raw_mafaulda/full/horizontal-misalignment/1.0mm/31.1296.csv,horizontal-misalignment,Misalignment_NON_BEARING,50000,5.0,250000,1867.776,,"8ch(tacho;uh_ax,rad,tan;oh_ax,rad,tan;mic)",horizontal_misalignment,1.0mm,,https://www02.smt.ufrj.br/~offshore/mfs/page_01.html,documented,rotation 31.1296 Hz from filename
MAFAULDA,mafaulda_horizontal-misalignment_1.0mm_32.3584,mafaulda_horizontal-misalignment_1.0mm,mafaulda_bearings_healthy,mafaulda_horizontal-misalignment_1.0mm,,data/raw_mafaulda/full/horizontal-misalignment/1.0mm/32.3584.csv,horizontal-misalignment,Misalignment_NON_BEARING,50000,5.0,250000,1941.5040000000001,,"8ch(tacho;uh_ax,rad,tan;oh_ax,rad,tan;mic)",horizontal_misalignment,1.0mm,,https://www02.smt.ufrj.br/~offshore/mfs/page_01.html,documented,rotation 32.3584 Hz from filename
MAFAULDA,mafaulda_horizontal-misalignment_1.0mm_33.792,mafaulda_horizontal-misalignment_1.0mm,mafaulda_bearings_healthy,mafaulda_horizontal-misalignment_1.0mm,,data/raw_mafaulda/full/horizontal-misalignment/1.0mm/33.792.csv,horizontal-misalignment,Misalignment_NON_BEARING,50000,5.0,250000,2027.52,,"8ch(tacho;uh_ax,rad,tan;oh_ax,rad,tan;mic)",horizontal_misalignment,1.0mm,,https://www02.smt.ufrj.br/~offshore/mfs/page_01.html,documented,rotation 33.792 Hz from filename
MAFAULDA,mafaulda_horizontal-misalignment_1.0mm_34.6112,mafaulda_horizontal-misalignment_1.0mm,mafaulda_bearings_healthy,mafaulda_horizontal-misalignment_1.0mm,,data/raw_mafaulda/full/horizontal-misalignment/1.0mm/34.6112.csv,horizontal-misalignment,Misalignment_NON_BEARING,50000,5.0,250000,2076.6719999999996,,"8ch(tacho;uh_ax,rad,tan;oh_ax,rad,tan;mic)",horizontal_misalignment,1.0mm,,https://www02.smt.ufrj.br/~offshore/mfs/page_01.html,documented,rotation 34.6112 Hz from filename
MAFAULDA,mafaulda_horizontal-misalignment_1.0mm_36.0448,mafaulda_horizontal-misalignment_1.0mm,mafaulda_bearings_healthy,mafaulda_horizontal-misalignment_1.0mm,,data/raw_mafaulda/full/horizontal-misalignment/1.0mm/36.0448.csv,horizontal-misalignment,Misalignment_NON_BEARING,50000,5.0,250000,2162.688,,"8ch(tacho;uh_ax,rad,tan;oh_ax,rad,tan;mic)",horizontal_misalignment,1.0mm,,https://www02.smt.ufrj.br/~offshore/mfs/page_01.html,documented,rotation 36.0448 Hz from filename
MAFAULDA,mafaulda_horizontal-misalignment_1.0mm_36.6592,mafaulda_horizontal-misalignment_1.0mm,mafaulda_bearings_healthy,mafaulda_horizontal-misalignment_1.0mm,,data/raw_mafaulda/full/horizontal-misalignment/1.0mm/36.6592.csv,horizontal-misalignment,Misalignment_NON_BEARING,50000,5.0,250000,2199.5519999999997,,"8ch(tacho;uh_ax,rad,tan;oh_ax,rad,tan;mic)",horizontal_misalignment,1.0mm,,https://www02.smt.ufrj.br/~offshore/mfs/page_01.html,documented,rotation 36.6592 Hz from filename
MAFAULDA,mafaulda_horizontal-misalignment_1.0mm_37.0688,mafaulda_horizontal-misalignment_1.0mm,mafaulda_bearings_healthy,mafaulda_horizontal-misalignment_1.0mm,,data/raw_mafaulda/full/horizontal-misalignment/1.0mm/37.0688.csv,horizontal-misalignment,Misalignment_NON_BEARING,50000,5.0,250000,2224.128,,"8ch(tacho;uh_ax,rad,tan;oh_ax,rad,tan;mic)",horizontal_misalignment,1.0mm,,https://www02.smt.ufrj.br/~offshore/mfs/page_01.html,documented,rotation 37.0688 Hz from filename
MAFAULDA,mafaulda_horizontal-misalignment_1.0mm_38.912,mafaulda_horizontal-misalignment_1.0mm,mafaulda_bearings_healthy,mafaulda_horizontal-misalignment_1.0mm,,data/raw_mafaulda/full/horizontal-misalignment/1.0mm/38.912.csv,horizontal-misalignment,Misalignment_NON_BEARING,50000,5.0,250000,2334.72,,"8ch(tacho;uh_ax,rad,tan;oh_ax,rad,tan;mic)",horizontal_misalignment,1.0mm,,https://www02.smt.ufrj.br/~offshore/mfs/page_01.html,documented,rotation 38.912 Hz from filename
MAFAULDA,mafaulda_horizontal-misalignment_1.0mm_39.5264,mafaulda_horizontal-misalignment_1.0mm,mafaulda_bearings_healthy,mafaulda_horizontal-misalignment_1.0mm,,data/raw_mafaulda/full/horizontal-misalignment/1.0mm/39.5264.csv,horizontal-misalignment,Misalignment_NON_BEARING,50000,5.0,250000,2371.5840000000003,,"8ch(tacho;uh_ax,rad,tan;oh_ax,rad,tan;mic)",horizontal_misalignment,1.0mm,,https://www02.smt.ufrj.br/~offshore/mfs/page_01.html,documented,rotation 39.5264 Hz from filename
MAFAULDA,mafaulda_horizontal-misalignment_1.0mm_40.1408,mafaulda_horizontal-misalignment_1.0mm,mafaulda_bearings_healthy,mafaulda_horizontal-misalignment_1.0mm,,data/raw_mafaulda/full/horizontal-misalignment/1.0mm/40.1408.csv,horizontal-misalignment,Misalignment_NON_BEARING,50000,5.0,250000,2408.448,,"8ch(tacho;uh_ax,rad,tan;oh_ax,rad,tan;mic)",horizontal_misalignment,1.0mm,,https://www02.smt.ufrj.br/~offshore/mfs/page_01.html,documented,rotation 40.1408 Hz from filename
MAFAULDA,mafaulda_horizontal-misalignment_1.0mm_41.5744,mafaulda_horizontal-misalignment_1.0mm,mafaulda_bearings_healthy,mafaulda_horizontal-misalignment_1.0mm,,data/raw_mafaulda/full/horizontal-misalignment/1.0mm/41.5744.csv,horizontal-misalignment,Misalignment_NON_BEARING,50000,5.0,250000,2494.464,,"8ch(tacho;uh_ax,rad,tan;oh_ax,rad,tan;mic)",horizontal_misalignment,1.0mm,,https://www02.smt.ufrj.br/~offshore/mfs/page_01.html,documented,rotation 41.5744 Hz from filename
MAFAULDA,mafaulda_horizontal-misalignment_1.0mm_42.3936,mafaulda_horizontal-misalignment_1.0mm,mafaulda_bearings_healthy,mafaulda_horizontal-misalignment_1.0mm,,data/raw_mafaulda/full/horizontal-misalignment/1.0mm/42.3936.csv,horizontal-misalignment,Misalignment_NON_BEARING,50000,5.0,250000,2543.616,,"8ch(tacho;uh_ax,rad,tan;oh_ax,rad,tan;mic)",horizontal_misalignment,1.0mm,,https://www02.smt.ufrj.br/~offshore/mfs/page_01.html,documented,rotation 42.3936 Hz from filename
MAFAULDA,mafaulda_horizontal-misalignment_1.0mm_43.4176,mafaulda_horizontal-misalignment_1.0mm,mafaulda_bearings_healthy,mafaulda_horizontal-misalignment_1.0mm,,data/raw_mafaulda/full/horizontal-misalignment/1.0mm/43.4176.csv,horizontal-misalignment,Misalignment_NON_BEARING,50000,5.0,250000,2605.056,,"8ch(tacho;uh_ax,rad,tan;oh_ax,rad,tan;mic)",horizontal_misalignment,1.0mm,,https://www02.smt.ufrj.br/~offshore/mfs/page_01.html,documented,rotation 43.4176 Hz from filename
MAFAULDA,mafaulda_horizontal-misalignment_1.0mm_44.6464,mafaulda_horizontal-misalignment_1.0mm,mafaulda_bearings_healthy,mafaulda_horizontal-misalignment_1.0mm,,data/raw_mafaulda/full/horizontal-misalignment/1.0mm/44.6464.csv,horizontal-misalignment,Misalignment_NON_BEARING,50000,5.0,250000,2678.784,,"8ch(tacho;uh_ax,rad,tan;oh_ax,rad,tan;mic)",horizontal_misalignment,1.0mm,,https://www02.smt.ufrj.br/~offshore/mfs/page_01.html,documented,rotation 44.6464 Hz from filename
MAFAULDA,mafaulda_horizontal-misalignment_1.0mm_45.056,mafaulda_horizontal-misalignment_1.0mm,mafaulda_bearings_healthy,mafaulda_horizontal-misalignment_1.0mm,,data/raw_mafaulda/full/horizontal-misalignment/1.0mm/45.056.csv,horizontal-misalignment,Misalignment_NON_BEARING,50000,5.0,250000,2703.3599999999997,,"8ch(tacho;uh_ax,rad,tan;oh_ax,rad,tan;mic)",horizontal_misalignment,1.0mm,,https://www02.smt.ufrj.br/~offshore/mfs/page_01.html,documented,rotation 45.056 Hz from filename
MAFAULDA,mafaulda_horizontal-misalignment_1.0mm_46.2848,mafaulda_horizontal-misalignment_1.0mm,mafaulda_bearings_healthy,mafaulda_horizontal-misalignment_1.0mm,,data/raw_mafaulda/full/horizontal-misalignment/1.0mm/46.2848.csv,horizontal-misalignment,Misalignment_NON_BEARING,50000,5.0,250000,2777.0879999999997,,"8ch(tacho;uh_ax,rad,tan;oh_ax,rad,tan;mic)",horizontal_misalignment,1.0mm,,https://www02.smt.ufrj.br/~offshore/mfs/page_01.html,documented,rotation 46.2848 Hz from filename
MAFAULDA,mafaulda_horizontal-misalignment_1.0mm_46.8992,mafaulda_horizontal-misalignment_1.0mm,mafaulda_bearings_healthy,mafaulda_horizontal-misalignment_1.0mm,,data/raw_mafaulda/full/horizontal-misalignment/1.0mm/46.8992.csv,horizontal-misalignment,Misalignment_NON_BEARING,50000,5.0,250000,2813.952,,"8ch(tacho;uh_ax,rad,tan;oh_ax,rad,tan;mic)",horizontal_misalignment,1.0mm,,https://www02.smt.ufrj.br/~offshore/mfs/page_01.html,documented,rotation 46.8992 Hz from filename
MAFAULDA,mafaulda_horizontal-misalignment_1.0mm_48.128,mafaulda_horizontal-misalignment_1.0mm,mafaulda_bearings_healthy,mafaulda_horizontal-misalignment_1.0mm,,data/raw_mafaulda/full/horizontal-misalignment/1.0mm/48.128.csv,horizontal-misalignment,Misalignment_NON_BEARING,50000,5.0,250000,2887.68,,"8ch(tacho;uh_ax,rad,tan;oh_ax,rad,tan;mic)",horizontal_misalignment,1.0mm,,https://www02.smt.ufrj.br/~offshore/mfs/page_01.html,documented,rotation 48.128 Hz from filename
MAFAULDA,mafaulda_horizontal-misalignment_1.0mm_49.3568,mafaulda_horizontal-misalignment_1.0mm,mafaulda_bearings_healthy,mafaulda_horizontal-misalignment_1.0mm,,data/raw_mafaulda/full/horizontal-misalignment/1.0mm/49.3568.csv,horizontal-misalignment,Misalignment_NON_BEARING,50000,5.0,250000,2961.408,,"8ch(tacho;uh_ax,rad,tan;oh_ax,rad,tan;mic)",horizontal_misalignment,1.0mm,,https://www02.smt.ufrj.br/~offshore/mfs/page_01.html,documented,rotation 49.3568 Hz from filename
MAFAULDA,mafaulda_horizontal-misalignment_1.0mm_50.176,mafaulda_horizontal-misalignment_1.0mm,mafaulda_bearings_healthy,mafaulda_horizontal-misalignment_1.0mm,,data/raw_mafaulda/full/horizontal-misalignment/1.0mm/50.176.csv,horizontal-misalignment,Misalignment_NON_BEARING,50000,5.0,250000,3010.56,,"8ch(tacho;uh_ax,rad,tan;oh_ax,rad,tan;mic)",horizontal_misalignment,1.0mm,,https://www02.smt.ufrj.br/~offshore/mfs/page_01.html,documented,rotation 50.176 Hz from filename
MAFAULDA,mafaulda_horizontal-misalignment_1.0mm_51.2,mafaulda_horizontal-misalignment_1.0mm,mafaulda_bearings_healthy,mafaulda_horizontal-misalignment_1.0mm,,data/raw_mafaulda/full/horizontal-misalignment/1.0mm/51.2.csv,horizontal-misalignment,Misalignment_NON_BEARING,50000,5.0,250000,3072.0,,"8ch(tacho;uh_ax,rad,tan;oh_ax,rad,tan;mic)",horizontal_misalignment,1.0mm,,https://www02.smt.ufrj.br/~offshore/mfs/page_01.html,documented,rotation 51.2 Hz from filename
MAFAULDA,mafaulda_horizontal-misalignment_1.0mm_52.4288,mafaulda_horizontal-misalignment_1.0mm,mafaulda_bearings_healthy,mafaulda_horizontal-misalignment_1.0mm,,data/raw_mafaulda/full/horizontal-misalignment/1.0mm/52.4288.csv,horizontal-misalignment,Misalignment_NON_BEARING,50000,5.0,250000,3145.728,,"8ch(tacho;uh_ax,rad,tan;oh_ax,rad,tan;mic)",horizontal_misalignment,1.0mm,,https://www02.smt.ufrj.br/~offshore/mfs/page_01.html,documented,rotation 52.4288 Hz from filename
MAFAULDA,mafaulda_horizontal-misalignment_1.0mm_53.4528,mafaulda_horizontal-misalignment_1.0mm,mafaulda_bearings_healthy,mafaulda_horizontal-misalignment_1.0mm,,data/raw_mafaulda/full/horizontal-misalignment/1.0mm/53.4528.csv,horizontal-misalignment,Misalignment_NON_BEARING,50000,5.0,250000,3207.168,,"8ch(tacho;uh_ax,rad,tan;oh_ax,rad,tan;mic)",horizontal_misalignment,1.0mm,,https://www02.smt.ufrj.br/~offshore/mfs/page_01.html,documented,rotation 53.4528 Hz from filename
MAFAULDA,mafaulda_horizontal-misalignment_1.0mm_54.272,mafaulda_horizontal-misalignment_1.0mm,mafaulda_bearings_healthy,mafaulda_horizontal-misalignment_1.0mm,,data/raw_mafaulda/full/horizontal-misalignment/1.0mm/54.272.csv,horizontal-misalignment,Misalignment_NON_BEARING,50000,5.0,250000,3256.3199999999997,,"8ch(tacho;uh_ax,rad,tan;oh_ax,rad,tan;mic)",horizontal_misalignment,1.0mm,,https://www02.smt.ufrj.br/~offshore/mfs/page_01.html,documented,rotation 54.272 Hz from filename
MAFAULDA,mafaulda_horizontal-misalignment_1.0mm_55.5008,mafaulda_horizontal-misalignment_1.0mm,mafaulda_bearings_healthy,mafaulda_horizontal-misalignment_1.0mm,,data/raw_mafaulda/full/horizontal-misalignment/1.0mm/55.5008.csv,horizontal-misalignment,Misalignment_NON_BEARING,50000,5.0,250000,3330.048,,"8ch(tacho;uh_ax,rad,tan;oh_ax,rad,tan;mic)",horizontal_misalignment,1.0mm,,https://www02.smt.ufrj.br/~offshore/mfs/page_01.html,documented,rotation 55.5008 Hz from filename
MAFAULDA,mafaulda_horizontal-misalignment_1.0mm_56.32,mafaulda_horizontal-misalignment_1.0mm,mafaulda_bearings_healthy,mafaulda_horizontal-misalignment_1.0mm,,data/raw_mafaulda/full/horizontal-misalignment/1.0mm/56.32.csv,horizontal-misalignment,Misalignment_NON_BEARING,50000,5.0,250000,3379.2,,"8ch(tacho;uh_ax,rad,tan;oh_ax,rad,tan;mic)",horizontal_misalignment,1.0mm,,https://www02.smt.ufrj.br/~offshore/mfs/page_01.html,documented,rotation 56.32 Hz from filename
MAFAULDA,mafaulda_horizontal-misalignment_1.0mm_57.1392,mafaulda_horizontal-misalignment_1.0mm,mafaulda_bearings_healthy,mafaulda_horizontal-misalignment_1.0mm,,data/raw_mafaulda/full/horizontal-misalignment/1.0mm/57.1392.csv,horizontal-misalignment,Misalignment_NON_BEARING,50000,5.0,250000,3428.3520000000003,,"8ch(tacho;uh_ax,rad,tan;oh_ax,rad,tan;mic)",horizontal_misalignment,1.0mm,,https://www02.smt.ufrj.br/~offshore/mfs/page_01.html,documented,rotation 57.1392 Hz from filename
MAFAULDA,mafaulda_horizontal-misalignment_1.0mm_58.368,mafaulda_horizontal-misalignment_1.0mm,mafaulda_bearings_healthy,mafaulda_horizontal-misalignment_1.0mm,,data/raw_mafaulda/full/horizontal-misalignment/1.0mm/58.368.csv,horizontal-misalignment,Misalignment_NON_BEARING,50000,5.0,250000,3502.08,,"8ch(tacho;uh_ax,rad,tan;oh_ax,rad,tan;mic)",horizontal_misalignment,1.0mm,,https://www02.smt.ufrj.br/~offshore/mfs/page_01.html,documented,rotation 58.368 Hz from filename
MAFAULDA,mafaulda_horizontal-misalignment_1.0mm_60.0064,mafaulda_horizontal-misalignment_1.0mm,mafaulda_bearings_healthy,mafaulda_horizontal-misalignment_1.0mm,,data/raw_mafaulda/full/horizontal-misalignment/1.0mm/60.0064.csv,horizontal-misalignment,Misalignment_NON_BEARING,50000,5.0,250000,3600.384,,"8ch(tacho;uh_ax,rad,tan;oh_ax,rad,tan;mic)",horizontal_misalignment,1.0mm,,https://www02.smt.ufrj.br/~offshore/mfs/page_01.html,documented,rotation 60.0064 Hz from filename
MAFAULDA,mafaulda_horizontal-misalignment_1.0mm_60.416,mafaulda_horizontal-misalignment_1.0mm,mafaulda_bearings_healthy,mafaulda_horizontal-misalignment_1.0mm,,data/raw_mafaulda/full/horizontal-misalignment/1.0mm/60.416.csv,horizontal-misalignment,Misalignment_NON_BEARING,50000,5.0,250000,3624.96,,"8ch(tacho;uh_ax,rad,tan;oh_ax,rad,tan;mic)",horizontal_misalignment,1.0mm,,https://www02.smt.ufrj.br/~offshore/mfs/page_01.html,documented,rotation 60.416 Hz from filename
MAFAULDA,mafaulda_horizontal-misalignment_1.5mm_12.288,mafaulda_horizontal-misalignment_1.5mm,mafaulda_bearings_healthy,mafaulda_horizontal-misalignment_1.5mm,,data/raw_mafaulda/full/horizontal-misalignment/1.5mm/12.288.csv,horizontal-misalignment,Misalignment_NON_BEARING,50000,5.0,250000,737.28,,"8ch(tacho;uh_ax,rad,tan;oh_ax,rad,tan;mic)",horizontal_misalignment,1.5mm,,https://www02.smt.ufrj.br/~offshore/mfs/page_01.html,documented,rotation 12.288 Hz from filename
MAFAULDA,mafaulda_horizontal-misalignment_1.5mm_13.9264,mafaulda_horizontal-misalignment_1.5mm,mafaulda_bearings_healthy,mafaulda_horizontal-misalignment_1.5mm,,data/raw_mafaulda/full/horizontal-misalignment/1.5mm/13.9264.csv,horizontal-misalignment,Misalignment_NON_BEARING,50000,5.0,250000,835.584,,"8ch(tacho;uh_ax,rad,tan;oh_ax,rad,tan;mic)",horizontal_misalignment,1.5mm,,https://www02.smt.ufrj.br/~offshore/mfs/page_01.html,documented,rotation 13.9264 Hz from filename
MAFAULDA,mafaulda_horizontal-misalignment_1.5mm_14.9504,mafaulda_horizontal-misalignment_1.5mm,mafaulda_bearings_healthy,mafaulda_horizontal-misalignment_1.5mm,,data/raw_mafaulda/full/horizontal-misalignment/1.5mm/14.9504.csv,horizontal-misalignment,Misalignment_NON_BEARING,50000,5.0,250000,897.024,,"8ch(tacho;uh_ax,rad,tan;oh_ax,rad,tan;mic)",horizontal_misalignment,1.5mm,,https://www02.smt.ufrj.br/~offshore/mfs/page_01.html,documented,rotation 14.9504 Hz from filename
MAFAULDA,mafaulda_horizontal-misalignment_1.5mm_15.7696,mafaulda_horizontal-misalignment_1.5mm,mafaulda_bearings_healthy,mafaulda_horizontal-misalignment_1.5mm,,data/raw_mafaulda/full/horizontal-misalignment/1.5mm/15.7696.csv,horizontal-misalignment,Misalignment_NON_BEARING,50000,5.0,250000,946.176,,"8ch(tacho;uh_ax,rad,tan;oh_ax,rad,tan;mic)",horizontal_misalignment,1.5mm,,https://www02.smt.ufrj.br/~offshore/mfs/page_01.html,documented,rotation 15.7696 Hz from filename
MAFAULDA,mafaulda_horizontal-misalignment_1.5mm_16.7936,mafaulda_horizontal-misalignment_1.5mm,mafaulda_bearings_healthy,mafaulda_horizontal-misalignment_1.5mm,,data/raw_mafaulda/full/horizontal-misalignment/1.5mm/16.7936.csv,horizontal-misalignment,Misalignment_NON_BEARING,50000,5.0,250000,1007.6160000000001,,"8ch(tacho;uh_ax,rad,tan;oh_ax,rad,tan;mic)",horizontal_misalignment,1.5mm,,https://www02.smt.ufrj.br/~offshore/mfs/page_01.html,documented,rotation 16.7936 Hz from filename
MAFAULDA,mafaulda_horizontal-misalignment_1.5mm_17.8176,mafaulda_horizontal-misalignment_1.5mm,mafaulda_bearings_healthy,mafaulda_horizontal-misalignment_1.5mm,,data/raw_mafaulda/full/horizontal-misalignment/1.5mm/17.8176.csv,horizontal-misalignment,Misalignment_NON_BEARING,50000,5.0,250000,1069.056,,"8ch(tacho;uh_ax,rad,tan;oh_ax,rad,tan;mic)",horizontal_misalignment,1.5mm,,https://www02.smt.ufrj.br/~offshore/mfs/page_01.html,documented,rotation 17.8176 Hz from filename
MAFAULDA,mafaulda_horizontal-misalignment_1.5mm_19.0464,mafaulda_horizontal-misalignment_1.5mm,mafaulda_bearings_healthy,mafaulda_horizontal-misalignment_1.5mm,,data/raw_mafaulda/full/horizontal-misalignment/1.5mm/19.0464.csv,horizontal-misalignment,Misalignment_NON_BEARING,50000,5.0,250000,1142.7839999999999,,"8ch(tacho;uh_ax,rad,tan;oh_ax,rad,tan;mic)",horizontal_misalignment,1.5mm,,https://www02.smt.ufrj.br/~offshore/mfs/page_01.html,documented,rotation 19.0464 Hz from filename
MAFAULDA,mafaulda_horizontal-misalignment_1.5mm_19.6608,mafaulda_horizontal-misalignment_1.5mm,mafaulda_bearings_healthy,mafaulda_horizontal-misalignment_1.5mm,,data/raw_mafaulda/full/horizontal-misalignment/1.5mm/19.6608.csv,horizontal-misalignment,Misalignment_NON_BEARING,50000,5.0,250000,1179.648,,"8ch(tacho;uh_ax,rad,tan;oh_ax,rad,tan;mic)",horizontal_misalignment,1.5mm,,https://www02.smt.ufrj.br/~offshore/mfs/page_01.html,documented,rotation 19.6608 Hz from filename
MAFAULDA,mafaulda_horizontal-misalignment_1.5mm_20.6848,mafaulda_horizontal-misalignment_1.5mm,mafaulda_bearings_healthy,mafaulda_horizontal-misalignment_1.5mm,,data/raw_mafaulda/full/horizontal-misalignment/1.5mm/20.6848.csv,horizontal-misalignment,Misalignment_NON_BEARING,50000,5.0,250000,1241.088,,"8ch(tacho;uh_ax,rad,tan;oh_ax,rad,tan;mic)",horizontal_misalignment,1.5mm,,https://www02.smt.ufrj.br/~offshore/mfs/page_01.html,documented,rotation 20.6848 Hz from filename
MAFAULDA,mafaulda_horizontal-misalignment_1.5mm_21.2992,mafaulda_horizontal-misalignment_1.5mm,mafaulda_bearings_healthy,mafaulda_horizontal-misalignment_1.5mm,,data/raw_mafaulda/full/horizontal-misalignment/1.5mm/21.2992.csv,horizontal-misalignment,Misalignment_NON_BEARING,50000,5.0,250000,1277.952,,"8ch(tacho;uh_ax,rad,tan;oh_ax,rad,tan;mic)",horizontal_misalignment,1.5mm,,https://www02.smt.ufrj.br/~offshore/mfs/page_01.html,documented,rotation 21.2992 Hz from filename
MAFAULDA,mafaulda_horizontal-misalignment_1.5mm_22.3232,mafaulda_horizontal-misalignment_1.5mm,mafaulda_bearings_healthy,mafaulda_horizontal-misalignment_1.5mm,,data/raw_mafaulda/full/horizontal-misalignment/1.5mm/22.3232.csv,horizontal-misalignment,Misalignment_NON_BEARING,50000,5.0,250000,1339.392,,"8ch(tacho;uh_ax,rad,tan;oh_ax,rad,tan;mic)",horizontal_misalignment,1.5mm,,https://www02.smt.ufrj.br/~offshore/mfs/page_01.html,documented,rotation 22.3232 Hz from filename
MAFAULDA,mafaulda_horizontal-misalignment_1.5mm_23.552,mafaulda_horizontal-misalignment_1.5mm,mafaulda_bearings_healthy,mafaulda_horizontal-misalignment_1.5mm,,data/raw_mafaulda/full/horizontal-misalignment/1.5mm/23.552.csv,horizontal-misalignment,Misalignment_NON_BEARING,50000,5.0,250000,1413.12,,"8ch(tacho;uh_ax,rad,tan;oh_ax,rad,tan;mic)",horizontal_misalignment,1.5mm,,https://www02.smt.ufrj.br/~offshore/mfs/page_01.html,documented,rotation 23.552 Hz from filename
MAFAULDA,mafaulda_horizontal-misalignment_1.5mm_24.3712,mafaulda_horizontal-misalignment_1.5mm,mafaulda_bearings_healthy,mafaulda_horizontal-misalignment_1.5mm,,data/raw_mafaulda/full/horizontal-misalignment/1.5mm/24.3712.csv,horizontal-misalignment,Misalignment_NON_BEARING,50000,5.0,250000,1462.2720000000002,,"8ch(tacho;uh_ax,rad,tan;oh_ax,rad,tan;mic)",horizontal_misalignment,1.5mm,,https://www02.smt.ufrj.br/~offshore/mfs/page_01.html,documented,rotation 24.3712 Hz from filename
MAFAULDA,mafaulda_horizontal-misalignment_1.5mm_25.8048,mafaulda_horizontal-misalignment_1.5mm,mafaulda_bearings_healthy,mafaulda_horizontal-misalignment_1.5mm,,data/raw_mafaulda/full/horizontal-misalignment/1.5mm/25.8048.csv,horizontal-misalignment,Misalignment_NON_BEARING,50000,5.0,250000,1548.288,,"8ch(tacho;uh_ax,rad,tan;oh_ax,rad,tan;mic)",horizontal_misalignment,1.5mm,,https://www02.smt.ufrj.br/~offshore/mfs/page_01.html,documented,rotation 25.8048 Hz from filename
MAFAULDA,mafaulda_horizontal-misalignment_1.5mm_26.8288,mafaulda_horizontal-misalignment_1.5mm,mafaulda_bearings_healthy,mafaulda_horizontal-misalignment_1.5mm,,data/raw_mafaulda/full/horizontal-misalignment/1.5mm/26.8288.csv,horizontal-misalignment,Misalignment_NON_BEARING,50000,5.0,250000,1609.728,,"8ch(tacho;uh_ax,rad,tan;oh_ax,rad,tan;mic)",horizontal_misalignment,1.5mm,,https://www02.smt.ufrj.br/~offshore/mfs/page_01.html,documented,rotation 26.8288 Hz from filename
MAFAULDA,mafaulda_horizontal-misalignment_1.5mm_28.2624,mafaulda_horizontal-misalignment_1.5mm,mafaulda_bearings_healthy,mafaulda_horizontal-misalignment_1.5mm,,data/raw_mafaulda/full/horizontal-misalignment/1.5mm/28.2624.csv,horizontal-misalignment,Misalignment_NON_BEARING,50000,5.0,250000,1695.744,,"8ch(tacho;uh_ax,rad,tan;oh_ax,rad,tan;mic)",horizontal_misalignment,1.5mm,,https://www02.smt.ufrj.br/~offshore/mfs/page_01.html,documented,rotation 28.2624 Hz from filename
MAFAULDA,mafaulda_horizontal-misalignment_1.5mm_29.696,mafaulda_horizontal-misalignment_1.5mm,mafaulda_bearings_healthy,mafaulda_horizontal-misalignment_1.5mm,,data/raw_mafaulda/full/horizontal-misalignment/1.5mm/29.696.csv,horizontal-misalignment,Misalignment_NON_BEARING,50000,5.0,250000,1781.76,,"8ch(tacho;uh_ax,rad,tan;oh_ax,rad,tan;mic)",horizontal_misalignment,1.5mm,,https://www02.smt.ufrj.br/~offshore/mfs/page_01.html,documented,rotation 29.696 Hz from filename
MAFAULDA,mafaulda_horizontal-misalignment_1.5mm_30.5152,mafaulda_horizontal-misalignment_1.5mm,mafaulda_bearings_healthy,mafaulda_horizontal-misalignment_1.5mm,,data/raw_mafaulda/full/horizontal-misalignment/1.5mm/30.5152.csv,horizontal-misalignment,Misalignment_NON_BEARING,50000,5.0,250000,1830.912,,"8ch(tacho;uh_ax,rad,tan;oh_ax,rad,tan;mic)",horizontal_misalignment,1.5mm,,https://www02.smt.ufrj.br/~offshore/mfs/page_01.html,documented,rotation 30.5152 Hz from filename
MAFAULDA,mafaulda_horizontal-misalignment_1.5mm_31.744,mafaulda_horizontal-misalignment_1.5mm,mafaulda_bearings_healthy,mafaulda_horizontal-misalignment_1.5mm,,data/raw_mafaulda/full/horizontal-misalignment/1.5mm/31.744.csv,horizontal-misalignment,Misalignment_NON_BEARING,50000,5.0,250000,1904.6399999999999,,"8ch(tacho;uh_ax,rad,tan;oh_ax,rad,tan;mic)",horizontal_misalignment,1.5mm,,https://www02.smt.ufrj.br/~offshore/mfs/page_01.html,documented,rotation 31.744 Hz from filename
MAFAULDA,mafaulda_horizontal-misalignment_1.5mm_32.768,mafaulda_horizontal-misalignment_1.5mm,mafaulda_bearings_healthy,mafaulda_horizontal-misalignment_1.5mm,,data/raw_mafaulda/full/horizontal-misalignment/1.5mm/32.768.csv,horizontal-misalignment,Misalignment_NON_BEARING,50000,5.0,250000,1966.08,,"8ch(tacho;uh_ax,rad,tan;oh_ax,rad,tan;mic)",horizontal_misalignment,1.5mm,,https://www02.smt.ufrj.br/~offshore/mfs/page_01.html,documented,rotation 32.768 Hz from filename
MAFAULDA,mafaulda_horizontal-misalignment_1.5mm_33.9968,mafaulda_horizontal-misalignment_1.5mm,mafaulda_bearings_healthy,mafaulda_horizontal-misalignment_1.5mm,,data/raw_mafaulda/full/horizontal-misalignment/1.5mm/33.9968.csv,horizontal-misalignment,Misalignment_NON_BEARING,50000,5.0,250000,2039.808,,"8ch(tacho;uh_ax,rad,tan;oh_ax,rad,tan;mic)",horizontal_misalignment,1.5mm,,https://www02.smt.ufrj.br/~offshore/mfs/page_01.html,documented,rotation 33.9968 Hz from filename
MAFAULDA,mafaulda_horizontal-misalignment_1.5mm_34.4064,mafaulda_horizontal-misalignment_1.5mm,mafaulda_bearings_healthy,mafaulda_horizontal-misalignment_1.5mm,,data/raw_mafaulda/full/horizontal-misalignment/1.5mm/34.4064.csv,horizontal-misalignment,Misalignment_NON_BEARING,50000,5.0,250000,2064.384,,"8ch(tacho;uh_ax,rad,tan;oh_ax,rad,tan;mic)",horizontal_misalignment,1.5mm,,https://www02.smt.ufrj.br/~offshore/mfs/page_01.html,documented,rotation 34.4064 Hz from filename
MAFAULDA,mafaulda_horizontal-misalignment_1.5mm_35.2256,mafaulda_horizontal-misalignment_1.5mm,mafaulda_bearings_healthy,mafaulda_horizontal-misalignment_1.5mm,,data/raw_mafaulda/full/horizontal-misalignment/1.5mm/35.2256.csv,horizontal-misalignment,Misalignment_NON_BEARING,50000,5.0,250000,2113.536,,"8ch(tacho;uh_ax,rad,tan;oh_ax,rad,tan;mic)",horizontal_misalignment,1.5mm,,https://www02.smt.ufrj.br/~offshore/mfs/page_01.html,documented,rotation 35.2256 Hz from filename
MAFAULDA,mafaulda_horizontal-misalignment_1.5mm_36.0448,mafaulda_horizontal-misalignment_1.5mm,mafaulda_bearings_healthy,mafaulda_horizontal-misalignment_1.5mm,,data/raw_mafaulda/full/horizontal-misalignment/1.5mm/36.0448.csv,horizontal-misalignment,Misalignment_NON_BEARING,50000,5.0,250000,2162.688,,"8ch(tacho;uh_ax,rad,tan;oh_ax,rad,tan;mic)",horizontal_misalignment,1.5mm,,https://www02.smt.ufrj.br/~offshore/mfs/page_01.html,documented,rotation 36.0448 Hz from filename
MAFAULDA,mafaulda_horizontal-misalignment_1.5mm_37.2736,mafaulda_horizontal-misalignment_1.5mm,mafaulda_bearings_healthy,mafaulda_horizontal-misalignment_1.5mm,,data/raw_mafaulda/full/horizontal-misalignment/1.5mm/37.2736.csv,horizontal-misalignment,Misalignment_NON_BEARING,50000,5.0,250000,2236.416,,"8ch(tacho;uh_ax,rad,tan;oh_ax,rad,tan;mic)",horizontal_misalignment,1.5mm,,https://www02.smt.ufrj.br/~offshore/mfs/page_01.html,documented,rotation 37.2736 Hz from filename
MAFAULDA,mafaulda_horizontal-misalignment_1.5mm_38.7072,mafaulda_horizontal-misalignment_1.5mm,mafaulda_bearings_healthy,mafaulda_horizontal-misalignment_1.5mm,,data/raw_mafaulda/full/horizontal-misalignment/1.5mm/38.7072.csv,horizontal-misalignment,Misalignment_NON_BEARING,50000,5.0,250000,2322.432,,"8ch(tacho;uh_ax,rad,tan;oh_ax,rad,tan;mic)",horizontal_misalignment,1.5mm,,https://www02.smt.ufrj.br/~offshore/mfs/page_01.html,documented,rotation 38.7072 Hz from filename
MAFAULDA,mafaulda_horizontal-misalignment_1.5mm_39.7312,mafaulda_horizontal-misalignment_1.5mm,mafaulda_bearings_healthy,mafaulda_horizontal-misalignment_1.5mm,,data/raw_mafaulda/full/horizontal-misalignment/1.5mm/39.7312.csv,horizontal-misalignment,Misalignment_NON_BEARING,50000,5.0,250000,2383.8720000000003,,"8ch(tacho;uh_ax,rad,tan;oh_ax,rad,tan;mic)",horizontal_misalignment,1.5mm,,https://www02.smt.ufrj.br/~offshore/mfs/page_01.html,documented,rotation 39.7312 Hz from filename
MAFAULDA,mafaulda_horizontal-misalignment_1.5mm_40.5504,mafaulda_horizontal-misalignment_1.5mm,mafaulda_bearings_healthy,mafaulda_horizontal-misalignment_1.5mm,,data/raw_mafaulda/full/horizontal-misalignment/1.5mm/40.5504.csv,horizontal-misalignment,Misalignment_NON_BEARING,50000,5.0,250000,2433.0240000000003,,"8ch(tacho;uh_ax,rad,tan;oh_ax,rad,tan;mic)",horizontal_misalignment,1.5mm,,https://www02.smt.ufrj.br/~offshore/mfs/page_01.html,documented,rotation 40.5504 Hz from filename
MAFAULDA,mafaulda_horizontal-misalignment_1.5mm_41.3696,mafaulda_horizontal-misalignment_1.5mm,mafaulda_bearings_healthy,mafaulda_horizontal-misalignment_1.5mm,,data/raw_mafaulda/full/horizontal-misalignment/1.5mm/41.3696.csv,horizontal-misalignment,Misalignment_NON_BEARING,50000,5.0,250000,2482.176,,"8ch(tacho;uh_ax,rad,tan;oh_ax,rad,tan;mic)",horizontal_misalignment,1.5mm,,https://www02.smt.ufrj.br/~offshore/mfs/page_01.html,documented,rotation 41.3696 Hz from filename
MAFAULDA,mafaulda_horizontal-misalignment_1.5mm_42.3936,mafaulda_horizontal-misalignment_1.5mm,mafaulda_bearings_healthy,mafaulda_horizontal-misalignment_1.5mm,,data/raw_mafaulda/full/horizontal-misalignment/1.5mm/42.3936.csv,horizontal-misalignment,Misalignment_NON_BEARING,50000,5.0,250000,2543.616,,"8ch(tacho;uh_ax,rad,tan;oh_ax,rad,tan;mic)",horizontal_misalignment,1.5mm,,https://www02.smt.ufrj.br/~offshore/mfs/page_01.html,documented,rotation 42.3936 Hz from filename
MAFAULDA,mafaulda_horizontal-misalignment_1.5mm_43.6224,mafaulda_horizontal-misalignment_1.5mm,mafaulda_bearings_healthy,mafaulda_horizontal-misalignment_1.5mm,,data/raw_mafaulda/full/horizontal-misalignment/1.5mm/43.6224.csv,horizontal-misalignment,Misalignment_NON_BEARING,50000,5.0,250000,2617.344,,"8ch(tacho;uh_ax,rad,tan;oh_ax,rad,tan;mic)",horizontal_misalignment,1.5mm,,https://www02.smt.ufrj.br/~offshore/mfs/page_01.html,documented,rotation 43.6224 Hz from filename
MAFAULDA,mafaulda_horizontal-misalignment_1.5mm_44.2368,mafaulda_horizontal-misalignment_1.5mm,mafaulda_bearings_healthy,mafaulda_horizontal-misalignment_1.5mm,,data/raw_mafaulda/full/horizontal-misalignment/1.5mm/44.2368.csv,horizontal-misalignment,Misalignment_NON_BEARING,50000,5.0,250000,2654.208,,"8ch(tacho;uh_ax,rad,tan;oh_ax,rad,tan;mic)",horizontal_misalignment,1.5mm,,https://www02.smt.ufrj.br/~offshore/mfs/page_01.html,documented,rotation 44.2368 Hz from filename
MAFAULDA,mafaulda_horizontal-misalignment_1.5mm_45.4656,mafaulda_horizontal-misalignment_1.5mm,mafaulda_bearings_healthy,mafaulda_horizontal-misalignment_1.5mm,,data/raw_mafaulda/full/horizontal-misalignment/1.5mm/45.4656.csv,horizontal-misalignment,Misalignment_NON_BEARING,50000,5.0,250000,2727.936,,"8ch(tacho;uh_ax,rad,tan;oh_ax,rad,tan;mic)",horizontal_misalignment,1.5mm,,https://www02.smt.ufrj.br/~offshore/mfs/page_01.html,documented,rotation 45.4656 Hz from filename
MAFAULDA,mafaulda_horizontal-misalignment_1.5mm_46.6944,mafaulda_horizontal-misalignment_1.5mm,mafaulda_bearings_healthy,mafaulda_horizontal-misalignment_1.5mm,,data/raw_mafaulda/full/horizontal-misalignment/1.5mm/46.6944.csv,horizontal-misalignment,Misalignment_NON_BEARING,50000,5.0,250000,2801.664,,"8ch(tacho;uh_ax,rad,tan;oh_ax,rad,tan;mic)",horizontal_misalignment,1.5mm,,https://www02.smt.ufrj.br/~offshore/mfs/page_01.html,documented,rotation 46.6944 Hz from filename
MAFAULDA,mafaulda_horizontal-misalignment_1.5mm_47.7184,mafaulda_horizontal-misalignment_1.5mm,mafaulda_bearings_healthy,mafaulda_horizontal-misalignment_1.5mm,,data/raw_mafaulda/full/horizontal-misalignment/1.5mm/47.7184.csv,horizontal-misalignment,Misalignment_NON_BEARING,50000,5.0,250000,2863.1040000000003,,"8ch(tacho;uh_ax,rad,tan;oh_ax,rad,tan;mic)",horizontal_misalignment,1.5mm,,https://www02.smt.ufrj.br/~offshore/mfs/page_01.html,documented,rotation 47.7184 Hz from filename
MAFAULDA,mafaulda_horizontal-misalignment_1.5mm_48.5376,mafaulda_horizontal-misalignment_1.5mm,mafaulda_bearings_healthy,mafaulda_horizontal-misalignment_1.5mm,,data/raw_mafaulda/full/horizontal-misalignment/1.5mm/48.5376.csv,horizontal-misalignment,Misalignment_NON_BEARING,50000,5.0,250000,2912.256,,"8ch(tacho;uh_ax,rad,tan;oh_ax,rad,tan;mic)",horizontal_misalignment,1.5mm,,https://www02.smt.ufrj.br/~offshore/mfs/page_01.html,documented,rotation 48.5376 Hz from filename
MAFAULDA,mafaulda_horizontal-misalignment_1.5mm_49.3568,mafaulda_horizontal-misalignment_1.5mm,mafaulda_bearings_healthy,mafaulda_horizontal-misalignment_1.5mm,,data/raw_mafaulda/full/horizontal-misalignment/1.5mm/49.3568.csv,horizontal-misalignment,Misalignment_NON_BEARING,50000,5.0,250000,2961.408,,"8ch(tacho;uh_ax,rad,tan;oh_ax,rad,tan;mic)",horizontal_misalignment,1.5mm,,https://www02.smt.ufrj.br/~offshore/mfs/page_01.html,documented,rotation 49.3568 Hz from filename
MAFAULDA,mafaulda_horizontal-misalignment_1.5mm_50.5856,mafaulda_horizontal-misalignment_1.5mm,mafaulda_bearings_healthy,mafaulda_horizontal-misalignment_1.5mm,,data/raw_mafaulda/full/horizontal-misalignment/1.5mm/50.5856.csv,horizontal-misalignment,Misalignment_NON_BEARING,50000,5.0,250000,3035.136,,"8ch(tacho;uh_ax,rad,tan;oh_ax,rad,tan;mic)",horizontal_misalignment,1.5mm,,https://www02.smt.ufrj.br/~offshore/mfs/page_01.html,documented,rotation 50.5856 Hz from filename
MAFAULDA,mafaulda_horizontal-misalignment_1.5mm_51.6096,mafaulda_horizontal-misalignment_1.5mm,mafaulda_bearings_healthy,mafaulda_horizontal-misalignment_1.5mm,,data/raw_mafaulda/full/horizontal-misalignment/1.5mm/51.6096.csv,horizontal-misalignment,Misalignment_NON_BEARING,50000,5.0,250000,3096.576,,"8ch(tacho;uh_ax,rad,tan;oh_ax,rad,tan;mic)",horizontal_misalignment,1.5mm,,https://www02.smt.ufrj.br/~offshore/mfs/page_01.html,documented,rotation 51.6096 Hz from filename
MAFAULDA,mafaulda_horizontal-misalignment_1.5mm_52.6336,mafaulda_horizontal-misalignment_1.5mm,mafaulda_bearings_healthy,mafaulda_horizontal-misalignment_1.5mm,,data/raw_mafaulda/full/horizontal-misalignment/1.5mm/52.6336.csv,horizontal-misalignment,Misalignment_NON_BEARING,50000,5.0,250000,3158.016,,"8ch(tacho;uh_ax,rad,tan;oh_ax,rad,tan;mic)",horizontal_misalignment,1.5mm,,https://www02.smt.ufrj.br/~offshore/mfs/page_01.html,documented,rotation 52.6336 Hz from filename
MAFAULDA,mafaulda_horizontal-misalignment_1.5mm_53.8624,mafaulda_horizontal-misalignment_1.5mm,mafaulda_bearings_healthy,mafaulda_horizontal-misalignment_1.5mm,,data/raw_mafaulda/full/horizontal-misalignment/1.5mm/53.8624.csv,horizontal-misalignment,Misalignment_NON_BEARING,50000,5.0,250000,3231.744,,"8ch(tacho;uh_ax,rad,tan;oh_ax,rad,tan;mic)",horizontal_misalignment,1.5mm,,https://www02.smt.ufrj.br/~offshore/mfs/page_01.html,documented,rotation 53.8624 Hz from filename
MAFAULDA,mafaulda_horizontal-misalignment_1.5mm_54.8864,mafaulda_horizontal-misalignment_1.5mm,mafaulda_bearings_healthy,mafaulda_horizontal-misalignment_1.5mm,,data/raw_mafaulda/full/horizontal-misalignment/1.5mm/54.8864.csv,horizontal-misalignment,Misalignment_NON_BEARING,50000,5.0,250000,3293.184,,"8ch(tacho;uh_ax,rad,tan;oh_ax,rad,tan;mic)",horizontal_misalignment,1.5mm,,https://www02.smt.ufrj.br/~offshore/mfs/page_01.html,documented,rotation 54.8864 Hz from filename
MAFAULDA,mafaulda_horizontal-misalignment_1.5mm_55.9104,mafaulda_horizontal-misalignment_1.5mm,mafaulda_bearings_healthy,mafaulda_horizontal-misalignment_1.5mm,,data/raw_mafaulda/full/horizontal-misalignment/1.5mm/55.9104.csv,horizontal-misalignment,Misalignment_NON_BEARING,50000,5.0,250000,3354.6240000000003,,"8ch(tacho;uh_ax,rad,tan;oh_ax,rad,tan;mic)",horizontal_misalignment,1.5mm,,https://www02.smt.ufrj.br/~offshore/mfs/page_01.html,documented,rotation 55.9104 Hz from filename
MAFAULDA,mafaulda_horizontal-misalignment_1.5mm_56.5248,mafaulda_horizontal-misalignment_1.5mm,mafaulda_bearings_healthy,mafaulda_horizontal-misalignment_1.5mm,,data/raw_mafaulda/full/horizontal-misalignment/1.5mm/56.5248.csv,horizontal-misalignment,Misalignment_NON_BEARING,50000,5.0,250000,3391.488,,"8ch(tacho;uh_ax,rad,tan;oh_ax,rad,tan;mic)",horizontal_misalignment,1.5mm,,https://www02.smt.ufrj.br/~offshore/mfs/page_01.html,documented,rotation 56.5248 Hz from filename
MAFAULDA,mafaulda_horizontal-misalignment_1.5mm_57.1392,mafaulda_horizontal-misalignment_1.5mm,mafaulda_bearings_healthy,mafaulda_horizontal-misalignment_1.5mm,,data/raw_mafaulda/full/horizontal-misalignment/1.5mm/57.1392.csv,horizontal-misalignment,Misalignment_NON_BEARING,50000,5.0,250000,3428.3520000000003,,"8ch(tacho;uh_ax,rad,tan;oh_ax,rad,tan;mic)",horizontal_misalignment,1.5mm,,https://www02.smt.ufrj.br/~offshore/mfs/page_01.html,documented,rotation 57.1392 Hz from filename
MAFAULDA,mafaulda_horizontal-misalignment_1.5mm_58.368,mafaulda_horizontal-misalignment_1.5mm,mafaulda_bearings_healthy,mafaulda_horizontal-misalignment_1.5mm,,data/raw_mafaulda/full/horizontal-misalignment/1.5mm/58.368.csv,horizontal-misalignment,Misalignment_NON_BEARING,50000,5.0,250000,3502.08,,"8ch(tacho;uh_ax,rad,tan;oh_ax,rad,tan;mic)",horizontal_misalignment,1.5mm,,https://www02.smt.ufrj.br/~offshore/mfs/page_01.html,documented,rotation 58.368 Hz from filename
MAFAULDA,mafaulda_horizontal-misalignment_1.5mm_59.392,mafaulda_horizontal-misalignment_1.5mm,mafaulda_bearings_healthy,mafaulda_horizontal-misalignment_1.5mm,,data/raw_mafaulda/full/horizontal-misalignment/1.5mm/59.392.csv,horizontal-misalignment,Misalignment_NON_BEARING,50000,5.0,250000,3563.52,,"8ch(tacho;uh_ax,rad,tan;oh_ax,rad,tan;mic)",horizontal_misalignment,1.5mm,,https://www02.smt.ufrj.br/~offshore/mfs/page_01.html,documented,rotation 59.392 Hz from filename
MAFAULDA,mafaulda_horizontal-misalignment_1.5mm_60.6208,mafaulda_horizontal-misalignment_1.5mm,mafaulda_bearings_healthy,mafaulda_horizontal-misalignment_1.5mm,,data/raw_mafaulda/full/horizontal-misalignment/1.5mm/60.6208.csv,horizontal-misalignment,Misalignment_NON_BEARING,50000,5.0,250000,3637.248,,"8ch(tacho;uh_ax,rad,tan;oh_ax,rad,tan;mic)",horizontal_misalignment,1.5mm,,https://www02.smt.ufrj.br/~offshore/mfs/page_01.html,documented,rotation 60.6208 Hz from filename
MAFAULDA,mafaulda_horizontal-misalignment_1.5mm_61.44,mafaulda_horizontal-misalignment_1.5mm,mafaulda_bearings_healthy,mafaulda_horizontal-misalignment_1.5mm,,data/raw_mafaulda/full/horizontal-misalignment/1.5mm/61.44.csv,horizontal-misalignment,Misalignment_NON_BEARING,50000,5.0,250000,3686.3999999999996,,"8ch(tacho;uh_ax,rad,tan;oh_ax,rad,tan;mic)",horizontal_misalignment,1.5mm,,https://www02.smt.ufrj.br/~offshore/mfs/page_01.html,documented,rotation 61.44 Hz from filename
MAFAULDA,mafaulda_horizontal-misalignment_2.0mm_12.288,mafaulda_horizontal-misalignment_2.0mm,mafaulda_bearings_healthy,mafaulda_horizontal-misalignment_2.0mm,,data/raw_mafaulda/full/horizontal-misalignment/2.0mm/12.288.csv,horizontal-misalignment,Misalignment_NON_BEARING,50000,5.0,250000,737.28,,"8ch(tacho;uh_ax,rad,tan;oh_ax,rad,tan;mic)",horizontal_misalignment,2.0mm,,https://www02.smt.ufrj.br/~offshore/mfs/page_01.html,documented,rotation 12.288 Hz from filename
MAFAULDA,mafaulda_horizontal-misalignment_2.0mm_13.5168,mafaulda_horizontal-misalignment_2.0mm,mafaulda_bearings_healthy,mafaulda_horizontal-misalignment_2.0mm,,data/raw_mafaulda/full/horizontal-misalignment/2.0mm/13.5168.csv,horizontal-misalignment,Misalignment_NON_BEARING,50000,5.0,250000,811.008,,"8ch(tacho;uh_ax,rad,tan;oh_ax,rad,tan;mic)",horizontal_misalignment,2.0mm,,https://www02.smt.ufrj.br/~offshore/mfs/page_01.html,documented,rotation 13.5168 Hz from filename
MAFAULDA,mafaulda_horizontal-misalignment_2.0mm_14.5408,mafaulda_horizontal-misalignment_2.0mm,mafaulda_bearings_healthy,mafaulda_horizontal-misalignment_2.0mm,,data/raw_mafaulda/full/horizontal-misalignment/2.0mm/14.5408.csv,horizontal-misalignment,Misalignment_NON_BEARING,50000,5.0,250000,872.4480000000001,,"8ch(tacho;uh_ax,rad,tan;oh_ax,rad,tan;mic)",horizontal_misalignment,2.0mm,,https://www02.smt.ufrj.br/~offshore/mfs/page_01.html,documented,rotation 14.5408 Hz from filename
MAFAULDA,mafaulda_horizontal-misalignment_2.0mm_15.36,mafaulda_horizontal-misalignment_2.0mm,mafaulda_bearings_healthy,mafaulda_horizontal-misalignment_2.0mm,,data/raw_mafaulda/full/horizontal-misalignment/2.0mm/15.36.csv,horizontal-misalignment,Misalignment_NON_BEARING,50000,5.0,250000,921.5999999999999,,"8ch(tacho;uh_ax,rad,tan;oh_ax,rad,tan;mic)",horizontal_misalignment,2.0mm,,https://www02.smt.ufrj.br/~offshore/mfs/page_01.html,documented,rotation 15.36 Hz from filename
MAFAULDA,mafaulda_horizontal-misalignment_2.0mm_16.384,mafaulda_horizontal-misalignment_2.0mm,mafaulda_bearings_healthy,mafaulda_horizontal-misalignment_2.0mm,,data/raw_mafaulda/full/horizontal-misalignment/2.0mm/16.384.csv,horizontal-misalignment,Misalignment_NON_BEARING,50000,5.0,250000,983.04,,"8ch(tacho;uh_ax,rad,tan;oh_ax,rad,tan;mic)",horizontal_misalignment,2.0mm,,https://www02.smt.ufrj.br/~offshore/mfs/page_01.html,documented,rotation 16.384 Hz from filename
MAFAULDA,mafaulda_horizontal-misalignment_2.0mm_17.408,mafaulda_horizontal-misalignment_2.0mm,mafaulda_bearings_healthy,mafaulda_horizontal-misalignment_2.0mm,,data/raw_mafaulda/full/horizontal-misalignment/2.0mm/17.408.csv,horizontal-misalignment,Misalignment_NON_BEARING,50000,5.0,250000,1044.48,,"8ch(tacho;uh_ax,rad,tan;oh_ax,rad,tan;mic)",horizontal_misalignment,2.0mm,,https://www02.smt.ufrj.br/~offshore/mfs/page_01.html,documented,rotation 17.408 Hz from filename
MAFAULDA,mafaulda_horizontal-misalignment_2.0mm_18.6368,mafaulda_horizontal-misalignment_2.0mm,mafaulda_bearings_healthy,mafaulda_horizontal-misalignment_2.0mm,,data/raw_mafaulda/full/horizontal-misalignment/2.0mm/18.6368.csv,horizontal-misalignment,Misalignment_NON_BEARING,50000,5.0,250000,1118.208,,"8ch(tacho;uh_ax,rad,tan;oh_ax,rad,tan;mic)",horizontal_misalignment,2.0mm,,https://www02.smt.ufrj.br/~offshore/mfs/page_01.html,documented,rotation 18.6368 Hz from filename
MAFAULDA,mafaulda_horizontal-misalignment_2.0mm_19.456,mafaulda_horizontal-misalignment_2.0mm,mafaulda_bearings_healthy,mafaulda_horizontal-misalignment_2.0mm,,data/raw_mafaulda/full/horizontal-misalignment/2.0mm/19.456.csv,horizontal-misalignment,Misalignment_NON_BEARING,50000,5.0,250000,1167.36,,"8ch(tacho;uh_ax,rad,tan;oh_ax,rad,tan;mic)",horizontal_misalignment,2.0mm,,https://www02.smt.ufrj.br/~offshore/mfs/page_01.html,documented,rotation 19.456 Hz from filename
MAFAULDA,mafaulda_horizontal-misalignment_2.0mm_20.2752,mafaulda_horizontal-misalignment_2.0mm,mafaulda_bearings_healthy,mafaulda_horizontal-misalignment_2.0mm,,data/raw_mafaulda/full/horizontal-misalignment/2.0mm/20.2752.csv,horizontal-misalignment,Misalignment_NON_BEARING,50000,5.0,250000,1216.5120000000002,,"8ch(tacho;uh_ax,rad,tan;oh_ax,rad,tan;mic)",horizontal_misalignment,2.0mm,,https://www02.smt.ufrj.br/~offshore/mfs/page_01.html,documented,rotation 20.2752 Hz from filename
MAFAULDA,mafaulda_horizontal-misalignment_2.0mm_21.7088,mafaulda_horizontal-misalignment_2.0mm,mafaulda_bearings_healthy,mafaulda_horizontal-misalignment_2.0mm,,data/raw_mafaulda/full/horizontal-misalignment/2.0mm/21.7088.csv,horizontal-misalignment,Misalignment_NON_BEARING,50000,5.0,250000,1302.528,,"8ch(tacho;uh_ax,rad,tan;oh_ax,rad,tan;mic)",horizontal_misalignment,2.0mm,,https://www02.smt.ufrj.br/~offshore/mfs/page_01.html,documented,rotation 21.7088 Hz from filename
MAFAULDA,mafaulda_horizontal-misalignment_2.0mm_22.7328,mafaulda_horizontal-misalignment_2.0mm,mafaulda_bearings_healthy,mafaulda_horizontal-misalignment_2.0mm,,data/raw_mafaulda/full/horizontal-misalignment/2.0mm/22.7328.csv,horizontal-misalignment,Misalignment_NON_BEARING,50000,5.0,250000,1363.968,,"8ch(tacho;uh_ax,rad,tan;oh_ax,rad,tan;mic)",horizontal_misalignment,2.0mm,,https://www02.smt.ufrj.br/~offshore/mfs/page_01.html,documented,rotation 22.7328 Hz from filename
MAFAULDA,mafaulda_horizontal-misalignment_2.0mm_23.1424,mafaulda_horizontal-misalignment_2.0mm,mafaulda_bearings_healthy,mafaulda_horizontal-misalignment_2.0mm,,data/raw_mafaulda/full/horizontal-misalignment/2.0mm/23.1424.csv,horizontal-misalignment,Misalignment_NON_BEARING,50000,5.0,250000,1388.5439999999999,,"8ch(tacho;uh_ax,rad,tan;oh_ax,rad,tan;mic)",horizontal_misalignment,2.0mm,,https://www02.smt.ufrj.br/~offshore/mfs/page_01.html,documented,rotation 23.1424 Hz from filename
MAFAULDA,mafaulda_horizontal-misalignment_2.0mm_24.1664,mafaulda_horizontal-misalignment_2.0mm,mafaulda_bearings_healthy,mafaulda_horizontal-misalignment_2.0mm,,data/raw_mafaulda/full/horizontal-misalignment/2.0mm/24.1664.csv,horizontal-misalignment,Misalignment_NON_BEARING,50000,5.0,250000,1449.984,,"8ch(tacho;uh_ax,rad,tan;oh_ax,rad,tan;mic)",horizontal_misalignment,2.0mm,,https://www02.smt.ufrj.br/~offshore/mfs/page_01.html,documented,rotation 24.1664 Hz from filename
MAFAULDA,mafaulda_horizontal-misalignment_2.0mm_25.6,mafaulda_horizontal-misalignment_2.0mm,mafaulda_bearings_healthy,mafaulda_horizontal-misalignment_2.0mm,,data/raw_mafaulda/full/horizontal-misalignment/2.0mm/25.6.csv,horizontal-misalignment,Misalignment_NON_BEARING,50000,5.0,250000,1536.0,,"8ch(tacho;uh_ax,rad,tan;oh_ax,rad,tan;mic)",horizontal_misalignment,2.0mm,,https://www02.smt.ufrj.br/~offshore/mfs/page_01.html,documented,rotation 25.6 Hz from filename
MAFAULDA,mafaulda_horizontal-misalignment_2.0mm_26.4192,mafaulda_horizontal-misalignment_2.0mm,mafaulda_bearings_healthy,mafaulda_horizontal-misalignment_2.0mm,,data/raw_mafaulda/full/horizontal-misalignment/2.0mm/26.4192.csv,horizontal-misalignment,Misalignment_NON_BEARING,50000,5.0,250000,1585.152,,"8ch(tacho;uh_ax,rad,tan;oh_ax,rad,tan;mic)",horizontal_misalignment,2.0mm,,https://www02.smt.ufrj.br/~offshore/mfs/page_01.html,documented,rotation 26.4192 Hz from filename
MAFAULDA,mafaulda_horizontal-misalignment_2.0mm_27.2384,mafaulda_horizontal-misalignment_2.0mm,mafaulda_bearings_healthy,mafaulda_horizontal-misalignment_2.0mm,,data/raw_mafaulda/full/horizontal-misalignment/2.0mm/27.2384.csv,horizontal-misalignment,Misalignment_NON_BEARING,50000,5.0,250000,1634.3039999999999,,"8ch(tacho;uh_ax,rad,tan;oh_ax,rad,tan;mic)",horizontal_misalignment,2.0mm,,https://www02.smt.ufrj.br/~offshore/mfs/page_01.html,documented,rotation 27.2384 Hz from filename
MAFAULDA,mafaulda_horizontal-misalignment_2.0mm_28.0576,mafaulda_horizontal-misalignment_2.0mm,mafaulda_bearings_healthy,mafaulda_horizontal-misalignment_2.0mm,,data/raw_mafaulda/full/horizontal-misalignment/2.0mm/28.0576.csv,horizontal-misalignment,Misalignment_NON_BEARING,50000,5.0,250000,1683.4560000000001,,"8ch(tacho;uh_ax,rad,tan;oh_ax,rad,tan;mic)",horizontal_misalignment,2.0mm,,https://www02.smt.ufrj.br/~offshore/mfs/page_01.html,documented,rotation 28.0576 Hz from filename
MAFAULDA,mafaulda_horizontal-misalignment_2.0mm_29.0816,mafaulda_horizontal-misalignment_2.0mm,mafaulda_bearings_healthy,mafaulda_horizontal-misalignment_2.0mm,,data/raw_mafaulda/full/horizontal-misalignment/2.0mm/29.0816.csv,horizontal-misalignment,Misalignment_NON_BEARING,50000,5.0,250000,1744.8960000000002,,"8ch(tacho;uh_ax,rad,tan;oh_ax,rad,tan;mic)",horizontal_misalignment,2.0mm,,https://www02.smt.ufrj.br/~offshore/mfs/page_01.html,documented,rotation 29.0816 Hz from filename
MAFAULDA,mafaulda_horizontal-misalignment_2.0mm_30.9248,mafaulda_horizontal-misalignment_2.0mm,mafaulda_bearings_healthy,mafaulda_horizontal-misalignment_2.0mm,,data/raw_mafaulda/full/horizontal-misalignment/2.0mm/30.9248.csv,horizontal-misalignment,Misalignment_NON_BEARING,50000,5.0,250000,1855.488,,"8ch(tacho;uh_ax,rad,tan;oh_ax,rad,tan;mic)",horizontal_misalignment,2.0mm,,https://www02.smt.ufrj.br/~offshore/mfs/page_01.html,documented,rotation 30.9248 Hz from filename
MAFAULDA,mafaulda_horizontal-misalignment_2.0mm_31.5392,mafaulda_horizontal-misalignment_2.0mm,mafaulda_bearings_healthy,mafaulda_horizontal-misalignment_2.0mm,,data/raw_mafaulda/full/horizontal-misalignment/2.0mm/31.5392.csv,horizontal-misalignment,Misalignment_NON_BEARING,50000,5.0,250000,1892.352,,"8ch(tacho;uh_ax,rad,tan;oh_ax,rad,tan;mic)",horizontal_misalignment,2.0mm,,https://www02.smt.ufrj.br/~offshore/mfs/page_01.html,documented,rotation 31.5392 Hz from filename
MAFAULDA,mafaulda_horizontal-misalignment_2.0mm_32.1536,mafaulda_horizontal-misalignment_2.0mm,mafaulda_bearings_healthy,mafaulda_horizontal-misalignment_2.0mm,,data/raw_mafaulda/full/horizontal-misalignment/2.0mm/32.1536.csv,horizontal-misalignment,Misalignment_NON_BEARING,50000,5.0,250000,1929.216,,"8ch(tacho;uh_ax,rad,tan;oh_ax,rad,tan;mic)",horizontal_misalignment,2.0mm,,https://www02.smt.ufrj.br/~offshore/mfs/page_01.html,documented,rotation 32.1536 Hz from filename
MAFAULDA,mafaulda_horizontal-misalignment_2.0mm_33.5872,mafaulda_horizontal-misalignment_2.0mm,mafaulda_bearings_healthy,mafaulda_horizontal-misalignment_2.0mm,,data/raw_mafaulda/full/horizontal-misalignment/2.0mm/33.5872.csv,horizontal-misalignment,Misalignment_NON_BEARING,50000,5.0,250000,2015.2320000000002,,"8ch(tacho;uh_ax,rad,tan;oh_ax,rad,tan;mic)",horizontal_misalignment,2.0mm,,https://www02.smt.ufrj.br/~offshore/mfs/page_01.html,documented,rotation 33.5872 Hz from filename
MAFAULDA,mafaulda_horizontal-misalignment_2.0mm_34.2016,mafaulda_horizontal-misalignment_2.0mm,mafaulda_bearings_healthy,mafaulda_horizontal-misalignment_2.0mm,,data/raw_mafaulda/full/horizontal-misalignment/2.0mm/34.2016.csv,horizontal-misalignment,Misalignment_NON_BEARING,50000,5.0,250000,2052.096,,"8ch(tacho;uh_ax,rad,tan;oh_ax,rad,tan;mic)",horizontal_misalignment,2.0mm,,https://www02.smt.ufrj.br/~offshore/mfs/page_01.html,documented,rotation 34.2016 Hz from filename
MAFAULDA,mafaulda_horizontal-misalignment_2.0mm_35.84,mafaulda_horizontal-misalignment_2.0mm,mafaulda_bearings_healthy,mafaulda_horizontal-misalignment_2.0mm,,data/raw_mafaulda/full/horizontal-misalignment/2.0mm/35.84.csv,horizontal-misalignment,Misalignment_NON_BEARING,50000,5.0,250000,2150.4,,"8ch(tacho;uh_ax,rad,tan;oh_ax,rad,tan;mic)",horizontal_misalignment,2.0mm,,https://www02.smt.ufrj.br/~offshore/mfs/page_01.html,documented,rotation 35.84 Hz from filename
MAFAULDA,mafaulda_horizontal-misalignment_2.0mm_36.2496,mafaulda_horizontal-misalignment_2.0mm,mafaulda_bearings_healthy,mafaulda_horizontal-misalignment_2.0mm,,data/raw_mafaulda/full/horizontal-misalignment/2.0mm/36.2496.csv,horizontal-misalignment,Misalignment_NON_BEARING,50000,5.0,250000,2174.976,,"8ch(tacho;uh_ax,rad,tan;oh_ax,rad,tan;mic)",horizontal_misalignment,2.0mm,,https://www02.smt.ufrj.br/~offshore/mfs/page_01.html,documented,rotation 36.2496 Hz from filename
MAFAULDA,mafaulda_horizontal-misalignment_2.0mm_37.6832,mafaulda_horizontal-misalignment_2.0mm,mafaulda_bearings_healthy,mafaulda_horizontal-misalignment_2.0mm,,data/raw_mafaulda/full/horizontal-misalignment/2.0mm/37.6832.csv,horizontal-misalignment,Misalignment_NON_BEARING,50000,5.0,250000,2260.992,,"8ch(tacho;uh_ax,rad,tan;oh_ax,rad,tan;mic)",horizontal_misalignment,2.0mm,,https://www02.smt.ufrj.br/~offshore/mfs/page_01.html,documented,rotation 37.6832 Hz from filename
MAFAULDA,mafaulda_horizontal-misalignment_2.0mm_39.1168,mafaulda_horizontal-misalignment_2.0mm,mafaulda_bearings_healthy,mafaulda_horizontal-misalignment_2.0mm,,data/raw_mafaulda/full/horizontal-misalignment/2.0mm/39.1168.csv,horizontal-misalignment,Misalignment_NON_BEARING,50000,5.0,250000,2347.008,,"8ch(tacho;uh_ax,rad,tan;oh_ax,rad,tan;mic)",horizontal_misalignment,2.0mm,,https://www02.smt.ufrj.br/~offshore/mfs/page_01.html,documented,rotation 39.1168 Hz from filename
MAFAULDA,mafaulda_horizontal-misalignment_2.0mm_39.936,mafaulda_horizontal-misalignment_2.0mm,mafaulda_bearings_healthy,mafaulda_horizontal-misalignment_2.0mm,,data/raw_mafaulda/full/horizontal-misalignment/2.0mm/39.936.csv,horizontal-misalignment,Misalignment_NON_BEARING,50000,5.0,250000,2396.16,,"8ch(tacho;uh_ax,rad,tan;oh_ax,rad,tan;mic)",horizontal_misalignment,2.0mm,,https://www02.smt.ufrj.br/~offshore/mfs/page_01.html,documented,rotation 39.936 Hz from filename
MAFAULDA,mafaulda_horizontal-misalignment_2.0mm_40.7552,mafaulda_horizontal-misalignment_2.0mm,mafaulda_bearings_healthy,mafaulda_horizontal-misalignment_2.0mm,,data/raw_mafaulda/full/horizontal-misalignment/2.0mm/40.7552.csv,horizontal-misalignment,Misalignment_NON_BEARING,50000,5.0,250000,2445.312,,"8ch(tacho;uh_ax,rad,tan;oh_ax,rad,tan;mic)",horizontal_misalignment,2.0mm,,https://www02.smt.ufrj.br/~offshore/mfs/page_01.html,documented,rotation 40.7552 Hz from filename
MAFAULDA,mafaulda_horizontal-misalignment_2.0mm_41.5744,mafaulda_horizontal-misalignment_2.0mm,mafaulda_bearings_healthy,mafaulda_horizontal-misalignment_2.0mm,,data/raw_mafaulda/full/horizontal-misalignment/2.0mm/41.5744.csv,horizontal-misalignment,Misalignment_NON_BEARING,50000,5.0,250000,2494.464,,"8ch(tacho;uh_ax,rad,tan;oh_ax,rad,tan;mic)",horizontal_misalignment,2.0mm,,https://www02.smt.ufrj.br/~offshore/mfs/page_01.html,documented,rotation 41.5744 Hz from filename
MAFAULDA,mafaulda_horizontal-misalignment_2.0mm_42.5984,mafaulda_horizontal-misalignment_2.0mm,mafaulda_bearings_healthy,mafaulda_horizontal-misalignment_2.0mm,,data/raw_mafaulda/full/horizontal-misalignment/2.0mm/42.5984.csv,horizontal-misalignment,Misalignment_NON_BEARING,50000,5.0,250000,2555.904,,"8ch(tacho;uh_ax,rad,tan;oh_ax,rad,tan;mic)",horizontal_misalignment,2.0mm,,https://www02.smt.ufrj.br/~offshore/mfs/page_01.html,documented,rotation 42.5984 Hz from filename
MAFAULDA,mafaulda_horizontal-misalignment_2.0mm_43.008,mafaulda_horizontal-misalignment_2.0mm,mafaulda_bearings_healthy,mafaulda_horizontal-misalignment_2.0mm,,data/raw_mafaulda/full/horizontal-misalignment/2.0mm/43.008.csv,horizontal-misalignment,Misalignment_NON_BEARING,50000,5.0,250000,2580.48,,"8ch(tacho;uh_ax,rad,tan;oh_ax,rad,tan;mic)",horizontal_misalignment,2.0mm,,https://www02.smt.ufrj.br/~offshore/mfs/page_01.html,documented,rotation 43.008 Hz from filename
MAFAULDA,mafaulda_horizontal-misalignment_2.0mm_44.032,mafaulda_horizontal-misalignment_2.0mm,mafaulda_bearings_healthy,mafaulda_horizontal-misalignment_2.0mm,,data/raw_mafaulda/full/horizontal-misalignment/2.0mm/44.032.csv,horizontal-misalignment,Misalignment_NON_BEARING,50000,5.0,250000,2641.9199999999996,,"8ch(tacho;uh_ax,rad,tan;oh_ax,rad,tan;mic)",horizontal_misalignment,2.0mm,,https://www02.smt.ufrj.br/~offshore/mfs/page_01.html,documented,rotation 44.032 Hz from filename
MAFAULDA,mafaulda_horizontal-misalignment_2.0mm_45.056,mafaulda_horizontal-misalignment_2.0mm,mafaulda_bearings_healthy,mafaulda_horizontal-misalignment_2.0mm,,data/raw_mafaulda/full/horizontal-misalignment/2.0mm/45.056.csv,horizontal-misalignment,Misalignment_NON_BEARING,50000,5.0,250000,2703.3599999999997,,"8ch(tacho;uh_ax,rad,tan;oh_ax,rad,tan;mic)",horizontal_misalignment,2.0mm,,https://www02.smt.ufrj.br/~offshore/mfs/page_01.html,documented,rotation 45.056 Hz from filename
MAFAULDA,mafaulda_horizontal-misalignment_2.0mm_46.4896,mafaulda_horizontal-misalignment_2.0mm,mafaulda_bearings_healthy,mafaulda_horizontal-misalignment_2.0mm,,data/raw_mafaulda/full/horizontal-misalignment/2.0mm/46.4896.csv,horizontal-misalignment,Misalignment_NON_BEARING,50000,5.0,250000,2789.376,,"8ch(tacho;uh_ax,rad,tan;oh_ax,rad,tan;mic)",horizontal_misalignment,2.0mm,,https://www02.smt.ufrj.br/~offshore/mfs/page_01.html,documented,rotation 46.4896 Hz from filename
MAFAULDA,mafaulda_horizontal-misalignment_2.0mm_47.5136,mafaulda_horizontal-misalignment_2.0mm,mafaulda_bearings_healthy,mafaulda_horizontal-misalignment_2.0mm,,data/raw_mafaulda/full/horizontal-misalignment/2.0mm/47.5136.csv,horizontal-misalignment,Misalignment_NON_BEARING,50000,5.0,250000,2850.816,,"8ch(tacho;uh_ax,rad,tan;oh_ax,rad,tan;mic)",horizontal_misalignment,2.0mm,,https://www02.smt.ufrj.br/~offshore/mfs/page_01.html,documented,rotation 47.5136 Hz from filename
MAFAULDA,mafaulda_horizontal-misalignment_2.0mm_48.128,mafaulda_horizontal-misalignment_2.0mm,mafaulda_bearings_healthy,mafaulda_horizontal-misalignment_2.0mm,,data/raw_mafaulda/full/horizontal-misalignment/2.0mm/48.128.csv,horizontal-misalignment,Misalignment_NON_BEARING,50000,5.0,250000,2887.68,,"8ch(tacho;uh_ax,rad,tan;oh_ax,rad,tan;mic)",horizontal_misalignment,2.0mm,,https://www02.smt.ufrj.br/~offshore/mfs/page_01.html,documented,rotation 48.128 Hz from filename
MAFAULDA,mafaulda_horizontal-misalignment_2.0mm_49.5616,mafaulda_horizontal-misalignment_2.0mm,mafaulda_bearings_healthy,mafaulda_horizontal-misalignment_2.0mm,,data/raw_mafaulda/full/horizontal-misalignment/2.0mm/49.5616.csv,horizontal-misalignment,Misalignment_NON_BEARING,50000,5.0,250000,2973.696,,"8ch(tacho;uh_ax,rad,tan;oh_ax,rad,tan;mic)",horizontal_misalignment,2.0mm,,https://www02.smt.ufrj.br/~offshore/mfs/page_01.html,documented,rotation 49.5616 Hz from filename
MAFAULDA,mafaulda_horizontal-misalignment_2.0mm_50.3808,mafaulda_horizontal-misalignment_2.0mm,mafaulda_bearings_healthy,mafaulda_horizontal-misalignment_2.0mm,,data/raw_mafaulda/full/horizontal-misalignment/2.0mm/50.3808.csv,horizontal-misalignment,Misalignment_NON_BEARING,50000,5.0,250000,3022.848,,"8ch(tacho;uh_ax,rad,tan;oh_ax,rad,tan;mic)",horizontal_misalignment,2.0mm,,https://www02.smt.ufrj.br/~offshore/mfs/page_01.html,documented,rotation 50.3808 Hz from filename
MAFAULDA,mafaulda_horizontal-misalignment_2.0mm_51.8144,mafaulda_horizontal-misalignment_2.0mm,mafaulda_bearings_healthy,mafaulda_horizontal-misalignment_2.0mm,,data/raw_mafaulda/full/horizontal-misalignment/2.0mm/51.8144.csv,horizontal-misalignment,Misalignment_NON_BEARING,50000,5.0,250000,3108.864,,"8ch(tacho;uh_ax,rad,tan;oh_ax,rad,tan;mic)",horizontal_misalignment,2.0mm,,https://www02.smt.ufrj.br/~offshore/mfs/page_01.html,documented,rotation 51.8144 Hz from filename
MAFAULDA,mafaulda_horizontal-misalignment_2.0mm_52.6336,mafaulda_horizontal-misalignment_2.0mm,mafaulda_bearings_healthy,mafaulda_horizontal-misalignment_2.0mm,,data/raw_mafaulda/full/horizontal-misalignment/2.0mm/52.6336.csv,horizontal-misalignment,Misalignment_NON_BEARING,50000,5.0,250000,3158.016,,"8ch(tacho;uh_ax,rad,tan;oh_ax,rad,tan;mic)",horizontal_misalignment,2.0mm,,https://www02.smt.ufrj.br/~offshore/mfs/page_01.html,documented,rotation 52.6336 Hz from filename
MAFAULDA,mafaulda_horizontal-misalignment_2.0mm_53.6576,mafaulda_horizontal-misalignment_2.0mm,mafaulda_bearings_healthy,mafaulda_horizontal-misalignment_2.0mm,,data/raw_mafaulda/full/horizontal-misalignment/2.0mm/53.6576.csv,horizontal-misalignment,Misalignment_NON_BEARING,50000,5.0,250000,3219.456,,"8ch(tacho;uh_ax,rad,tan;oh_ax,rad,tan;mic)",horizontal_misalignment,2.0mm,,https://www02.smt.ufrj.br/~offshore/mfs/page_01.html,documented,rotation 53.6576 Hz from filename
MAFAULDA,mafaulda_horizontal-misalignment_2.0mm_54.4768,mafaulda_horizontal-misalignment_2.0mm,mafaulda_bearings_healthy,mafaulda_horizontal-misalignment_2.0mm,,data/raw_mafaulda/full/horizontal-misalignment/2.0mm/54.4768.csv,horizontal-misalignment,Misalignment_NON_BEARING,50000,5.0,250000,3268.6079999999997,,"8ch(tacho;uh_ax,rad,tan;oh_ax,rad,tan;mic)",horizontal_misalignment,2.0mm,,https://www02.smt.ufrj.br/~offshore/mfs/page_01.html,documented,rotation 54.4768 Hz from filename
MAFAULDA,mafaulda_horizontal-misalignment_2.0mm_55.9104,mafaulda_horizontal-misalignment_2.0mm,mafaulda_bearings_healthy,mafaulda_horizontal-misalignment_2.0mm,,data/raw_mafaulda/full/horizontal-misalignment/2.0mm/55.9104.csv,horizontal-misalignment,Misalignment_NON_BEARING,50000,5.0,250000,3354.6240000000003,,"8ch(tacho;uh_ax,rad,tan;oh_ax,rad,tan;mic)",horizontal_misalignment,2.0mm,,https://www02.smt.ufrj.br/~offshore/mfs/page_01.html,documented,rotation 55.9104 Hz from filename
MAFAULDA,mafaulda_horizontal-misalignment_2.0mm_56.32,mafaulda_horizontal-misalignment_2.0mm,mafaulda_bearings_healthy,mafaulda_horizontal-misalignment_2.0mm,,data/raw_mafaulda/full/horizontal-misalignment/2.0mm/56.32.csv,horizontal-misalignment,Misalignment_NON_BEARING,50000,5.0,250000,3379.2,,"8ch(tacho;uh_ax,rad,tan;oh_ax,rad,tan;mic)",horizontal_misalignment,2.0mm,,https://www02.smt.ufrj.br/~offshore/mfs/page_01.html,documented,rotation 56.32 Hz from filename
MAFAULDA,mafaulda_horizontal-misalignment_2.0mm_57.344,mafaulda_horizontal-misalignment_2.0mm,mafaulda_bearings_healthy,mafaulda_horizontal-misalignment_2.0mm,,data/raw_mafaulda/full/horizontal-misalignment/2.0mm/57.344.csv,horizontal-misalignment,Misalignment_NON_BEARING,50000,5.0,250000,3440.64,,"8ch(tacho;uh_ax,rad,tan;oh_ax,rad,tan;mic)",horizontal_misalignment,2.0mm,,https://www02.smt.ufrj.br/~offshore/mfs/page_01.html,documented,rotation 57.344 Hz from filename
MAFAULDA,mafaulda_horizontal-misalignment_2.0mm_58.368,mafaulda_horizontal-misalignment_2.0mm,mafaulda_bearings_healthy,mafaulda_horizontal-misalignment_2.0mm,,data/raw_mafaulda/full/horizontal-misalignment/2.0mm/58.368.csv,horizontal-misalignment,Misalignment_NON_BEARING,50000,5.0,250000,3502.08,,"8ch(tacho;uh_ax,rad,tan;oh_ax,rad,tan;mic)",horizontal_misalignment,2.0mm,,https://www02.smt.ufrj.br/~offshore/mfs/page_01.html,documented,rotation 58.368 Hz from filename
MAFAULDA,mafaulda_horizontal-misalignment_2.0mm_60.0064,mafaulda_horizontal-misalignment_2.0mm,mafaulda_bearings_healthy,mafaulda_horizontal-misalignment_2.0mm,,data/raw_mafaulda/full/horizontal-misalignment/2.0mm/60.0064.csv,horizontal-misalignment,Misalignment_NON_BEARING,50000,5.0,250000,3600.384,,"8ch(tacho;uh_ax,rad,tan;oh_ax,rad,tan;mic)",horizontal_misalignment,2.0mm,,https://www02.smt.ufrj.br/~offshore/mfs/page_01.html,documented,rotation 60.0064 Hz from filename
MAFAULDA,mafaulda_horizontal-misalignment_2.0mm_60.8256,mafaulda_horizontal-misalignment_2.0mm,mafaulda_bearings_healthy,mafaulda_horizontal-misalignment_2.0mm,,data/raw_mafaulda/full/horizontal-misalignment/2.0mm/60.8256.csv,horizontal-misalignment,Misalignment_NON_BEARING,50000,5.0,250000,3649.536,,"8ch(tacho;uh_ax,rad,tan;oh_ax,rad,tan;mic)",horizontal_misalignment,2.0mm,,https://www02.smt.ufrj.br/~offshore/mfs/page_01.html,documented,rotation 60.8256 Hz from filename
MAFAULDA,mafaulda_imbalance_10g_13.9264,mafaulda_imbalance_10g,mafaulda_bearings_healthy,mafaulda_imbalance_10g,,data/raw_mafaulda/full/imbalance/10g/13.9264.csv,imbalance,Imbalance_NON_BEARING,50000,5.0,250000,835.584,10g,"8ch(tacho;uh_ax,rad,tan;oh_ax,rad,tan;mic)",imbalance,10g,,https://www02.smt.ufrj.br/~offshore/mfs/page_01.html,documented,rotation 13.9264 Hz from filename
MAFAULDA,mafaulda_imbalance_10g_14.5408,mafaulda_imbalance_10g,mafaulda_bearings_healthy,mafaulda_imbalance_10g,,data/raw_mafaulda/full/imbalance/10g/14.5408.csv,imbalance,Imbalance_NON_BEARING,50000,5.0,250000,872.4480000000001,10g,"8ch(tacho;uh_ax,rad,tan;oh_ax,rad,tan;mic)",imbalance,10g,,https://www02.smt.ufrj.br/~offshore/mfs/page_01.html,documented,rotation 14.5408 Hz from filename
MAFAULDA,mafaulda_imbalance_10g_15.7696,mafaulda_imbalance_10g,mafaulda_bearings_healthy,mafaulda_imbalance_10g,,data/raw_mafaulda/full/imbalance/10g/15.7696.csv,imbalance,Imbalance_NON_BEARING,50000,5.0,250000,946.176,10g,"8ch(tacho;uh_ax,rad,tan;oh_ax,rad,tan;mic)",imbalance,10g,,https://www02.smt.ufrj.br/~offshore/mfs/page_01.html,documented,rotation 15.7696 Hz from filename
MAFAULDA,mafaulda_imbalance_10g_16.5888,mafaulda_imbalance_10g,mafaulda_bearings_healthy,mafaulda_imbalance_10g,,data/raw_mafaulda/full/imbalance/10g/16.5888.csv,imbalance,Imbalance_NON_BEARING,50000,5.0,250000,995.328,10g,"8ch(tacho;uh_ax,rad,tan;oh_ax,rad,tan;mic)",imbalance,10g,,https://www02.smt.ufrj.br/~offshore/mfs/page_01.html,documented,rotation 16.5888 Hz from filename
MAFAULDA,mafaulda_imbalance_10g_17.2032,mafaulda_imbalance_10g,mafaulda_bearings_healthy,mafaulda_imbalance_10g,,data/raw_mafaulda/full/imbalance/10g/17.2032.csv,imbalance,Imbalance_NON_BEARING,50000,5.0,250000,1032.192,10g,"8ch(tacho;uh_ax,rad,tan;oh_ax,rad,tan;mic)",imbalance,10g,,https://www02.smt.ufrj.br/~offshore/mfs/page_01.html,documented,rotation 17.2032 Hz from filename
MAFAULDA,mafaulda_imbalance_10g_18.2272,mafaulda_imbalance_10g,mafaulda_bearings_healthy,mafaulda_imbalance_10g,,data/raw_mafaulda/full/imbalance/10g/18.2272.csv,imbalance,Imbalance_NON_BEARING,50000,5.0,250000,1093.632,10g,"8ch(tacho;uh_ax,rad,tan;oh_ax,rad,tan;mic)",imbalance,10g,,https://www02.smt.ufrj.br/~offshore/mfs/page_01.html,documented,rotation 18.2272 Hz from filename
MAFAULDA,mafaulda_imbalance_10g_19.2512,mafaulda_imbalance_10g,mafaulda_bearings_healthy,mafaulda_imbalance_10g,,data/raw_mafaulda/full/imbalance/10g/19.2512.csv,imbalance,Imbalance_NON_BEARING,50000,5.0,250000,1155.0720000000001,10g,"8ch(tacho;uh_ax,rad,tan;oh_ax,rad,tan;mic)",imbalance,10g,,https://www02.smt.ufrj.br/~offshore/mfs/page_01.html,documented,rotation 19.2512 Hz from filename
MAFAULDA,mafaulda_imbalance_10g_20.48,mafaulda_imbalance_10g,mafaulda_bearings_healthy,mafaulda_imbalance_10g,,data/raw_mafaulda/full/imbalance/10g/20.48.csv,imbalance,Imbalance_NON_BEARING,50000,5.0,250000,1228.8,10g,"8ch(tacho;uh_ax,rad,tan;oh_ax,rad,tan;mic)",imbalance,10g,,https://www02.smt.ufrj.br/~offshore/mfs/page_01.html,documented,rotation 20.48 Hz from filename
MAFAULDA,mafaulda_imbalance_10g_21.7088,mafaulda_imbalance_10g,mafaulda_bearings_healthy,mafaulda_imbalance_10g,,data/raw_mafaulda/full/imbalance/10g/21.7088.csv,imbalance,Imbalance_NON_BEARING,50000,5.0,250000,1302.528,10g,"8ch(tacho;uh_ax,rad,tan;oh_ax,rad,tan;mic)",imbalance,10g,,https://www02.smt.ufrj.br/~offshore/mfs/page_01.html,documented,rotation 21.7088 Hz from filename
MAFAULDA,mafaulda_imbalance_10g_22.1184,mafaulda_imbalance_10g,mafaulda_bearings_healthy,mafaulda_imbalance_10g,,data/raw_mafaulda/full/imbalance/10g/22.1184.csv,imbalance,Imbalance_NON_BEARING,50000,5.0,250000,1327.104,10g,"8ch(tacho;uh_ax,rad,tan;oh_ax,rad,tan;mic)",imbalance,10g,,https://www02.smt.ufrj.br/~offshore/mfs/page_01.html,documented,rotation 22.1184 Hz from filename
MAFAULDA,mafaulda_imbalance_10g_22.9376,mafaulda_imbalance_10g,mafaulda_bearings_healthy,mafaulda_imbalance_10g,,data/raw_mafaulda/full/imbalance/10g/22.9376.csv,imbalance,Imbalance_NON_BEARING,50000,5.0,250000,1376.256,10g,"8ch(tacho;uh_ax,rad,tan;oh_ax,rad,tan;mic)",imbalance,10g,,https://www02.smt.ufrj.br/~offshore/mfs/page_01.html,documented,rotation 22.9376 Hz from filename
MAFAULDA,mafaulda_imbalance_10g_24.7808,mafaulda_imbalance_10g,mafaulda_bearings_healthy,mafaulda_imbalance_10g,,data/raw_mafaulda/full/imbalance/10g/24.7808.csv,imbalance,Imbalance_NON_BEARING,50000,5.0,250000,1486.848,10g,"8ch(tacho;uh_ax,rad,tan;oh_ax,rad,tan;mic)",imbalance,10g,,https://www02.smt.ufrj.br/~offshore/mfs/page_01.html,documented,rotation 24.7808 Hz from filename
MAFAULDA,mafaulda_imbalance_10g_25.6,mafaulda_imbalance_10g,mafaulda_bearings_healthy,mafaulda_imbalance_10g,,data/raw_mafaulda/full/imbalance/10g/25.6.csv,imbalance,Imbalance_NON_BEARING,50000,5.0,250000,1536.0,10g,"8ch(tacho;uh_ax,rad,tan;oh_ax,rad,tan;mic)",imbalance,10g,,https://www02.smt.ufrj.br/~offshore/mfs/page_01.html,documented,rotation 25.6 Hz from filename
MAFAULDA,mafaulda_imbalance_10g_26.0096,mafaulda_imbalance_10g,mafaulda_bearings_healthy,mafaulda_imbalance_10g,,data/raw_mafaulda/full/imbalance/10g/26.0096.csv,imbalance,Imbalance_NON_BEARING,50000,5.0,250000,1560.576,10g,"8ch(tacho;uh_ax,rad,tan;oh_ax,rad,tan;mic)",imbalance,10g,,https://www02.smt.ufrj.br/~offshore/mfs/page_01.html,documented,rotation 26.0096 Hz from filename
MAFAULDA,mafaulda_imbalance_10g_27.648,mafaulda_imbalance_10g,mafaulda_bearings_healthy,mafaulda_imbalance_10g,,data/raw_mafaulda/full/imbalance/10g/27.648.csv,imbalance,Imbalance_NON_BEARING,50000,5.0,250000,1658.8799999999999,10g,"8ch(tacho;uh_ax,rad,tan;oh_ax,rad,tan;mic)",imbalance,10g,,https://www02.smt.ufrj.br/~offshore/mfs/page_01.html,documented,rotation 27.648 Hz from filename
MAFAULDA,mafaulda_imbalance_10g_28.672,mafaulda_imbalance_10g,mafaulda_bearings_healthy,mafaulda_imbalance_10g,,data/raw_mafaulda/full/imbalance/10g/28.672.csv,imbalance,Imbalance_NON_BEARING,50000,5.0,250000,1720.32,10g,"8ch(tacho;uh_ax,rad,tan;oh_ax,rad,tan;mic)",imbalance,10g,,https://www02.smt.ufrj.br/~offshore/mfs/page_01.html,documented,rotation 28.672 Hz from filename
MAFAULDA,mafaulda_imbalance_10g_29.4912,mafaulda_imbalance_10g,mafaulda_bearings_healthy,mafaulda_imbalance_10g,,data/raw_mafaulda/full/imbalance/10g/29.4912.csv,imbalance,Imbalance_NON_BEARING,50000,5.0,250000,1769.472,10g,"8ch(tacho;uh_ax,rad,tan;oh_ax,rad,tan;mic)",imbalance,10g,,https://www02.smt.ufrj.br/~offshore/mfs/page_01.html,documented,rotation 29.4912 Hz from filename
MAFAULDA,mafaulda_imbalance_10g_30.3104,mafaulda_imbalance_10g,mafaulda_bearings_healthy,mafaulda_imbalance_10g,,data/raw_mafaulda/full/imbalance/10g/30.3104.csv,imbalance,Imbalance_NON_BEARING,50000,5.0,250000,1818.624,10g,"8ch(tacho;uh_ax,rad,tan;oh_ax,rad,tan;mic)",imbalance,10g,,https://www02.smt.ufrj.br/~offshore/mfs/page_01.html,documented,rotation 30.3104 Hz from filename
MAFAULDA,mafaulda_imbalance_10g_31.744,mafaulda_imbalance_10g,mafaulda_bearings_healthy,mafaulda_imbalance_10g,,data/raw_mafaulda/full/imbalance/10g/31.744.csv,imbalance,Imbalance_NON_BEARING,50000,5.0,250000,1904.6399999999999,10g,"8ch(tacho;uh_ax,rad,tan;oh_ax,rad,tan;mic)",imbalance,10g,,https://www02.smt.ufrj.br/~offshore/mfs/page_01.html,documented,rotation 31.744 Hz from filename
MAFAULDA,mafaulda_imbalance_10g_32.768,mafaulda_imbalance_10g,mafaulda_bearings_healthy,mafaulda_imbalance_10g,,data/raw_mafaulda/full/imbalance/10g/32.768.csv,imbalance,Imbalance_NON_BEARING,50000,5.0,250000,1966.08,10g,"8ch(tacho;uh_ax,rad,tan;oh_ax,rad,tan;mic)",imbalance,10g,,https://www02.smt.ufrj.br/~offshore/mfs/page_01.html,documented,rotation 32.768 Hz from filename
MAFAULDA,mafaulda_imbalance_10g_33.5872,mafaulda_imbalance_10g,mafaulda_bearings_healthy,mafaulda_imbalance_10g,,data/raw_mafaulda/full/imbalance/10g/33.5872.csv,imbalance,Imbalance_NON_BEARING,50000,5.0,250000,2015.2320000000002,10g,"8ch(tacho;uh_ax,rad,tan;oh_ax,rad,tan;mic)",imbalance,10g,,https://www02.smt.ufrj.br/~offshore/mfs/page_01.html,documented,rotation 33.5872 Hz from filename
MAFAULDA,mafaulda_imbalance_10g_34.4064,mafaulda_imbalance_10g,mafaulda_bearings_healthy,mafaulda_imbalance_10g,,data/raw_mafaulda/full/imbalance/10g/34.4064.csv,imbalance,Imbalance_NON_BEARING,50000,5.0,250000,2064.384,10g,"8ch(tacho;uh_ax,rad,tan;oh_ax,rad,tan;mic)",imbalance,10g,,https://www02.smt.ufrj.br/~offshore/mfs/page_01.html,documented,rotation 34.4064 Hz from filename
MAFAULDA,mafaulda_imbalance_10g_36.0448,mafaulda_imbalance_10g,mafaulda_bearings_healthy,mafaulda_imbalance_10g,,data/raw_mafaulda/full/imbalance/10g/36.0448.csv,imbalance,Imbalance_NON_BEARING,50000,5.0,250000,2162.688,10g,"8ch(tacho;uh_ax,rad,tan;oh_ax,rad,tan;mic)",imbalance,10g,,https://www02.smt.ufrj.br/~offshore/mfs/page_01.html,documented,rotation 36.0448 Hz from filename
MAFAULDA,mafaulda_imbalance_10g_36.864,mafaulda_imbalance_10g,mafaulda_bearings_healthy,mafaulda_imbalance_10g,,data/raw_mafaulda/full/imbalance/10g/36.864.csv,imbalance,Imbalance_NON_BEARING,50000,5.0,250000,2211.8399999999997,10g,"8ch(tacho;uh_ax,rad,tan;oh_ax,rad,tan;mic)",imbalance,10g,,https://www02.smt.ufrj.br/~offshore/mfs/page_01.html,documented,rotation 36.864 Hz from filename
MAFAULDA,mafaulda_imbalance_10g_38.5024,mafaulda_imbalance_10g,mafaulda_bearings_healthy,mafaulda_imbalance_10g,,data/raw_mafaulda/full/imbalance/10g/38.5024.csv,imbalance,Imbalance_NON_BEARING,50000,5.0,250000,2310.1440000000002,10g,"8ch(tacho;uh_ax,rad,tan;oh_ax,rad,tan;mic)",imbalance,10g,,https://www02.smt.ufrj.br/~offshore/mfs/page_01.html,documented,rotation 38.5024 Hz from filename
MAFAULDA,mafaulda_imbalance_10g_39.1168,mafaulda_imbalance_10g,mafaulda_bearings_healthy,mafaulda_imbalance_10g,,data/raw_mafaulda/full/imbalance/10g/39.1168.csv,imbalance,Imbalance_NON_BEARING,50000,5.0,250000,2347.008,10g,"8ch(tacho;uh_ax,rad,tan;oh_ax,rad,tan;mic)",imbalance,10g,,https://www02.smt.ufrj.br/~offshore/mfs/page_01.html,documented,rotation 39.1168 Hz from filename
MAFAULDA,mafaulda_imbalance_10g_40.5504,mafaulda_imbalance_10g,mafaulda_bearings_healthy,mafaulda_imbalance_10g,,data/raw_mafaulda/full/imbalance/10g/40.5504.csv,imbalance,Imbalance_NON_BEARING,50000,5.0,250000,2433.0240000000003,10g,"8ch(tacho;uh_ax,rad,tan;oh_ax,rad,tan;mic)",imbalance,10g,,https://www02.smt.ufrj.br/~offshore/mfs/page_01.html,documented,rotation 40.5504 Hz from filename
MAFAULDA,mafaulda_imbalance_10g_41.7792,mafaulda_imbalance_10g,mafaulda_bearings_healthy,mafaulda_imbalance_10g,,data/raw_mafaulda/full/imbalance/10g/41.7792.csv,imbalance,Imbalance_NON_BEARING,50000,5.0,250000,2506.7520000000004,10g,"8ch(tacho;uh_ax,rad,tan;oh_ax,rad,tan;mic)",imbalance,10g,,https://www02.smt.ufrj.br/~offshore/mfs/page_01.html,documented,rotation 41.7792 Hz from filename
MAFAULDA,mafaulda_imbalance_10g_42.1888,mafaulda_imbalance_10g,mafaulda_bearings_healthy,mafaulda_imbalance_10g,,data/raw_mafaulda/full/imbalance/10g/42.1888.csv,imbalance,Imbalance_NON_BEARING,50000,5.0,250000,2531.328,10g,"8ch(tacho;uh_ax,rad,tan;oh_ax,rad,tan;mic)",imbalance,10g,,https://www02.smt.ufrj.br/~offshore/mfs/page_01.html,documented,rotation 42.1888 Hz from filename
MAFAULDA,mafaulda_imbalance_10g_43.2128,mafaulda_imbalance_10g,mafaulda_bearings_healthy,mafaulda_imbalance_10g,,data/raw_mafaulda/full/imbalance/10g/43.2128.csv,imbalance,Imbalance_NON_BEARING,50000,5.0,250000,2592.768,10g,"8ch(tacho;uh_ax,rad,tan;oh_ax,rad,tan;mic)",imbalance,10g,,https://www02.smt.ufrj.br/~offshore/mfs/page_01.html,documented,rotation 43.2128 Hz from filename
MAFAULDA,mafaulda_imbalance_10g_44.6464,mafaulda_imbalance_10g,mafaulda_bearings_healthy,mafaulda_imbalance_10g,,data/raw_mafaulda/full/imbalance/10g/44.6464.csv,imbalance,Imbalance_NON_BEARING,50000,5.0,250000,2678.784,10g,"8ch(tacho;uh_ax,rad,tan;oh_ax,rad,tan;mic)",imbalance,10g,,https://www02.smt.ufrj.br/~offshore/mfs/page_01.html,documented,rotation 44.6464 Hz from filename
MAFAULDA,mafaulda_imbalance_10g_45.4656,mafaulda_imbalance_10g,mafaulda_bearings_healthy,mafaulda_imbalance_10g,,data/raw_mafaulda/full/imbalance/10g/45.4656.csv,imbalance,Imbalance_NON_BEARING,50000,5.0,250000,2727.936,10g,"8ch(tacho;uh_ax,rad,tan;oh_ax,rad,tan;mic)",imbalance,10g,,https://www02.smt.ufrj.br/~offshore/mfs/page_01.html,documented,rotation 45.4656 Hz from filename
MAFAULDA,mafaulda_imbalance_10g_46.08,mafaulda_imbalance_10g,mafaulda_bearings_healthy,mafaulda_imbalance_10g,,data/raw_mafaulda/full/imbalance/10g/46.08.csv,imbalance,Imbalance_NON_BEARING,50000,5.0,250000,2764.7999999999997,10g,"8ch(tacho;uh_ax,rad,tan;oh_ax,rad,tan;mic)",imbalance,10g,,https://www02.smt.ufrj.br/~offshore/mfs/page_01.html,documented,rotation 46.08 Hz from filename
MAFAULDA,mafaulda_imbalance_10g_47.5136,mafaulda_imbalance_10g,mafaulda_bearings_healthy,mafaulda_imbalance_10g,,data/raw_mafaulda/full/imbalance/10g/47.5136.csv,imbalance,Imbalance_NON_BEARING,50000,5.0,250000,2850.816,10g,"8ch(tacho;uh_ax,rad,tan;oh_ax,rad,tan;mic)",imbalance,10g,,https://www02.smt.ufrj.br/~offshore/mfs/page_01.html,documented,rotation 47.5136 Hz from filename
MAFAULDA,mafaulda_imbalance_10g_48.5376,mafaulda_imbalance_10g,mafaulda_bearings_healthy,mafaulda_imbalance_10g,,data/raw_mafaulda/full/imbalance/10g/48.5376.csv,imbalance,Imbalance_NON_BEARING,50000,5.0,250000,2912.256,10g,"8ch(tacho;uh_ax,rad,tan;oh_ax,rad,tan;mic)",imbalance,10g,,https://www02.smt.ufrj.br/~offshore/mfs/page_01.html,documented,rotation 48.5376 Hz from filename
MAFAULDA,mafaulda_imbalance_10g_49.9712,mafaulda_imbalance_10g,mafaulda_bearings_healthy,mafaulda_imbalance_10g,,data/raw_mafaulda/full/imbalance/10g/49.9712.csv,imbalance,Imbalance_NON_BEARING,50000,5.0,250000,2998.2720000000004,10g,"8ch(tacho;uh_ax,rad,tan;oh_ax,rad,tan;mic)",imbalance,10g,,https://www02.smt.ufrj.br/~offshore/mfs/page_01.html,documented,rotation 49.9712 Hz from filename
MAFAULDA,mafaulda_imbalance_10g_50.5856,mafaulda_imbalance_10g,mafaulda_bearings_healthy,mafaulda_imbalance_10g,,data/raw_mafaulda/full/imbalance/10g/50.5856.csv,imbalance,Imbalance_NON_BEARING,50000,5.0,250000,3035.136,10g,"8ch(tacho;uh_ax,rad,tan;oh_ax,rad,tan;mic)",imbalance,10g,,https://www02.smt.ufrj.br/~offshore/mfs/page_01.html,documented,rotation 50.5856 Hz from filename
MAFAULDA,mafaulda_imbalance_10g_51.4048,mafaulda_imbalance_10g,mafaulda_bearings_healthy,mafaulda_imbalance_10g,,data/raw_mafaulda/full/imbalance/10g/51.4048.csv,imbalance,Imbalance_NON_BEARING,50000,5.0,250000,3084.288,10g,"8ch(tacho;uh_ax,rad,tan;oh_ax,rad,tan;mic)",imbalance,10g,,https://www02.smt.ufrj.br/~offshore/mfs/page_01.html,documented,rotation 51.4048 Hz from filename
MAFAULDA,mafaulda_imbalance_10g_52.6336,mafaulda_imbalance_10g,mafaulda_bearings_healthy,mafaulda_imbalance_10g,,data/raw_mafaulda/full/imbalance/10g/52.6336.csv,imbalance,Imbalance_NON_BEARING,50000,5.0,250000,3158.016,10g,"8ch(tacho;uh_ax,rad,tan;oh_ax,rad,tan;mic)",imbalance,10g,,https://www02.smt.ufrj.br/~offshore/mfs/page_01.html,documented,rotation 52.6336 Hz from filename
MAFAULDA,mafaulda_imbalance_10g_53.8624,mafaulda_imbalance_10g,mafaulda_bearings_healthy,mafaulda_imbalance_10g,,data/raw_mafaulda/full/imbalance/10g/53.8624.csv,imbalance,Imbalance_NON_BEARING,50000,5.0,250000,3231.744,10g,"8ch(tacho;uh_ax,rad,tan;oh_ax,rad,tan;mic)",imbalance,10g,,https://www02.smt.ufrj.br/~offshore/mfs/page_01.html,documented,rotation 53.8624 Hz from filename
MAFAULDA,mafaulda_imbalance_10g_55.0912,mafaulda_imbalance_10g,mafaulda_bearings_healthy,mafaulda_imbalance_10g,,data/raw_mafaulda/full/imbalance/10g/55.0912.csv,imbalance,Imbalance_NON_BEARING,50000,5.0,250000,3305.472,10g,"8ch(tacho;uh_ax,rad,tan;oh_ax,rad,tan;mic)",imbalance,10g,,https://www02.smt.ufrj.br/~offshore/mfs/page_01.html,documented,rotation 55.0912 Hz from filename
MAFAULDA,mafaulda_imbalance_10g_55.9104,mafaulda_imbalance_10g,mafaulda_bearings_healthy,mafaulda_imbalance_10g,,data/raw_mafaulda/full/imbalance/10g/55.9104.csv,imbalance,Imbalance_NON_BEARING,50000,5.0,250000,3354.6240000000003,10g,"8ch(tacho;uh_ax,rad,tan;oh_ax,rad,tan;mic)",imbalance,10g,,https://www02.smt.ufrj.br/~offshore/mfs/page_01.html,documented,rotation 55.9104 Hz from filename
MAFAULDA,mafaulda_imbalance_10g_56.9344,mafaulda_imbalance_10g,mafaulda_bearings_healthy,mafaulda_imbalance_10g,,data/raw_mafaulda/full/imbalance/10g/56.9344.csv,imbalance,Imbalance_NON_BEARING,50000,5.0,250000,3416.064,10g,"8ch(tacho;uh_ax,rad,tan;oh_ax,rad,tan;mic)",imbalance,10g,,https://www02.smt.ufrj.br/~offshore/mfs/page_01.html,documented,rotation 56.9344 Hz from filename
MAFAULDA,mafaulda_imbalance_10g_57.9584,mafaulda_imbalance_10g,mafaulda_bearings_healthy,mafaulda_imbalance_10g,,data/raw_mafaulda/full/imbalance/10g/57.9584.csv,imbalance,Imbalance_NON_BEARING,50000,5.0,250000,3477.504,10g,"8ch(tacho;uh_ax,rad,tan;oh_ax,rad,tan;mic)",imbalance,10g,,https://www02.smt.ufrj.br/~offshore/mfs/page_01.html,documented,rotation 57.9584 Hz from filename
MAFAULDA,mafaulda_imbalance_10g_59.1872,mafaulda_imbalance_10g,mafaulda_bearings_healthy,mafaulda_imbalance_10g,,data/raw_mafaulda/full/imbalance/10g/59.1872.csv,imbalance,Imbalance_NON_BEARING,50000,5.0,250000,3551.232,10g,"8ch(tacho;uh_ax,rad,tan;oh_ax,rad,tan;mic)",imbalance,10g,,https://www02.smt.ufrj.br/~offshore/mfs/page_01.html,documented,rotation 59.1872 Hz from filename
MAFAULDA,mafaulda_imbalance_10g_60.0064,mafaulda_imbalance_10g,mafaulda_bearings_healthy,mafaulda_imbalance_10g,,data/raw_mafaulda/full/imbalance/10g/60.0064.csv,imbalance,Imbalance_NON_BEARING,50000,5.0,250000,3600.384,10g,"8ch(tacho;uh_ax,rad,tan;oh_ax,rad,tan;mic)",imbalance,10g,,https://www02.smt.ufrj.br/~offshore/mfs/page_01.html,documented,rotation 60.0064 Hz from filename
MAFAULDA,mafaulda_imbalance_10g_61.0304,mafaulda_imbalance_10g,mafaulda_bearings_healthy,mafaulda_imbalance_10g,,data/raw_mafaulda/full/imbalance/10g/61.0304.csv,imbalance,Imbalance_NON_BEARING,50000,5.0,250000,3661.824,10g,"8ch(tacho;uh_ax,rad,tan;oh_ax,rad,tan;mic)",imbalance,10g,,https://www02.smt.ufrj.br/~offshore/mfs/page_01.html,documented,rotation 61.0304 Hz from filename
MAFAULDA,mafaulda_imbalance_10g_61.8496,mafaulda_imbalance_10g,mafaulda_bearings_healthy,mafaulda_imbalance_10g,,data/raw_mafaulda/full/imbalance/10g/61.8496.csv,imbalance,Imbalance_NON_BEARING,50000,5.0,250000,3710.976,10g,"8ch(tacho;uh_ax,rad,tan;oh_ax,rad,tan;mic)",imbalance,10g,,https://www02.smt.ufrj.br/~offshore/mfs/page_01.html,documented,rotation 61.8496 Hz from filename
MAFAULDA,mafaulda_imbalance_15g_13.312,mafaulda_imbalance_15g,mafaulda_bearings_healthy,mafaulda_imbalance_15g,,data/raw_mafaulda/full/imbalance/15g/13.312.csv,imbalance,Imbalance_NON_BEARING,50000,5.0,250000,798.7199999999999,15g,"8ch(tacho;uh_ax,rad,tan;oh_ax,rad,tan;mic)",imbalance,15g,,https://www02.smt.ufrj.br/~offshore/mfs/page_01.html,documented,rotation 13.312 Hz from filename
MAFAULDA,mafaulda_imbalance_15g_14.5408,mafaulda_imbalance_15g,mafaulda_bearings_healthy,mafaulda_imbalance_15g,,data/raw_mafaulda/full/imbalance/15g/14.5408.csv,imbalance,Imbalance_NON_BEARING,50000,5.0,250000,872.4480000000001,15g,"8ch(tacho;uh_ax,rad,tan;oh_ax,rad,tan;mic)",imbalance,15g,,https://www02.smt.ufrj.br/~offshore/mfs/page_01.html,documented,rotation 14.5408 Hz from filename
MAFAULDA,mafaulda_imbalance_15g_15.5648,mafaulda_imbalance_15g,mafaulda_bearings_healthy,mafaulda_imbalance_15g,,data/raw_mafaulda/full/imbalance/15g/15.5648.csv,imbalance,Imbalance_NON_BEARING,50000,5.0,250000,933.888,15g,"8ch(tacho;uh_ax,rad,tan;oh_ax,rad,tan;mic)",imbalance,15g,,https://www02.smt.ufrj.br/~offshore/mfs/page_01.html,documented,rotation 15.5648 Hz from filename
MAFAULDA,mafaulda_imbalance_15g_16.9984,mafaulda_imbalance_15g,mafaulda_bearings_healthy,mafaulda_imbalance_15g,,data/raw_mafaulda/full/imbalance/15g/16.9984.csv,imbalance,Imbalance_NON_BEARING,50000,5.0,250000,1019.904,15g,"8ch(tacho;uh_ax,rad,tan;oh_ax,rad,tan;mic)",imbalance,15g,,https://www02.smt.ufrj.br/~offshore/mfs/page_01.html,documented,rotation 16.9984 Hz from filename
MAFAULDA,mafaulda_imbalance_15g_17.8176,mafaulda_imbalance_15g,mafaulda_bearings_healthy,mafaulda_imbalance_15g,,data/raw_mafaulda/full/imbalance/15g/17.8176.csv,imbalance,Imbalance_NON_BEARING,50000,5.0,250000,1069.056,15g,"8ch(tacho;uh_ax,rad,tan;oh_ax,rad,tan;mic)",imbalance,15g,,https://www02.smt.ufrj.br/~offshore/mfs/page_01.html,documented,rotation 17.8176 Hz from filename
MAFAULDA,mafaulda_imbalance_15g_18.6368,mafaulda_imbalance_15g,mafaulda_bearings_healthy,mafaulda_imbalance_15g,,data/raw_mafaulda/full/imbalance/15g/18.6368.csv,imbalance,Imbalance_NON_BEARING,50000,5.0,250000,1118.208,15g,"8ch(tacho;uh_ax,rad,tan;oh_ax,rad,tan;mic)",imbalance,15g,,https://www02.smt.ufrj.br/~offshore/mfs/page_01.html,documented,rotation 18.6368 Hz from filename
MAFAULDA,mafaulda_imbalance_15g_19.6608,mafaulda_imbalance_15g,mafaulda_bearings_healthy,mafaulda_imbalance_15g,,data/raw_mafaulda/full/imbalance/15g/19.6608.csv,imbalance,Imbalance_NON_BEARING,50000,5.0,250000,1179.648,15g,"8ch(tacho;uh_ax,rad,tan;oh_ax,rad,tan;mic)",imbalance,15g,,https://www02.smt.ufrj.br/~offshore/mfs/page_01.html,documented,rotation 19.6608 Hz from filename
MAFAULDA,mafaulda_imbalance_15g_20.8896,mafaulda_imbalance_15g,mafaulda_bearings_healthy,mafaulda_imbalance_15g,,data/raw_mafaulda/full/imbalance/15g/20.8896.csv,imbalance,Imbalance_NON_BEARING,50000,5.0,250000,1253.3760000000002,15g,"8ch(tacho;uh_ax,rad,tan;oh_ax,rad,tan;mic)",imbalance,15g,,https://www02.smt.ufrj.br/~offshore/mfs/page_01.html,documented,rotation 20.8896 Hz from filename
MAFAULDA,mafaulda_imbalance_15g_21.0944,mafaulda_imbalance_15g,mafaulda_bearings_healthy,mafaulda_imbalance_15g,,data/raw_mafaulda/full/imbalance/15g/21.0944.csv,imbalance,Imbalance_NON_BEARING,50000,5.0,250000,1265.664,15g,"8ch(tacho;uh_ax,rad,tan;oh_ax,rad,tan;mic)",imbalance,15g,,https://www02.smt.ufrj.br/~offshore/mfs/page_01.html,documented,rotation 21.0944 Hz from filename
MAFAULDA,mafaulda_imbalance_15g_22.3232,mafaulda_imbalance_15g,mafaulda_bearings_healthy,mafaulda_imbalance_15g,,data/raw_mafaulda/full/imbalance/15g/22.3232.csv,imbalance,Imbalance_NON_BEARING,50000,5.0,250000,1339.392,15g,"8ch(tacho;uh_ax,rad,tan;oh_ax,rad,tan;mic)",imbalance,15g,,https://www02.smt.ufrj.br/~offshore/mfs/page_01.html,documented,rotation 22.3232 Hz from filename
MAFAULDA,mafaulda_imbalance_15g_23.3472,mafaulda_imbalance_15g,mafaulda_bearings_healthy,mafaulda_imbalance_15g,,data/raw_mafaulda/full/imbalance/15g/23.3472.csv,imbalance,Imbalance_NON_BEARING,50000,5.0,250000,1400.832,15g,"8ch(tacho;uh_ax,rad,tan;oh_ax,rad,tan;mic)",imbalance,15g,,https://www02.smt.ufrj.br/~offshore/mfs/page_01.html,documented,rotation 23.3472 Hz from filename
MAFAULDA,mafaulda_imbalance_15g_24.576,mafaulda_imbalance_15g,mafaulda_bearings_healthy,mafaulda_imbalance_15g,,data/raw_mafaulda/full/imbalance/15g/24.576.csv,imbalance,Imbalance_NON_BEARING,50000,5.0,250000,1474.56,15g,"8ch(tacho;uh_ax,rad,tan;oh_ax,rad,tan;mic)",imbalance,15g,,https://www02.smt.ufrj.br/~offshore/mfs/page_01.html,documented,rotation 24.576 Hz from filename
MAFAULDA,mafaulda_imbalance_15g_25.8048,mafaulda_imbalance_15g,mafaulda_bearings_healthy,mafaulda_imbalance_15g,,data/raw_mafaulda/full/imbalance/15g/25.8048.csv,imbalance,Imbalance_NON_BEARING,50000,5.0,250000,1548.288,15g,"8ch(tacho;uh_ax,rad,tan;oh_ax,rad,tan;mic)",imbalance,15g,,https://www02.smt.ufrj.br/~offshore/mfs/page_01.html,documented,rotation 25.8048 Hz from filename
MAFAULDA,mafaulda_imbalance_15g_26.624,mafaulda_imbalance_15g,mafaulda_bearings_healthy,mafaulda_imbalance_15g,,data/raw_mafaulda/full/imbalance/15g/26.624.csv,imbalance,Imbalance_NON_BEARING,50000,5.0,250000,1597.4399999999998,15g,"8ch(tacho;uh_ax,rad,tan;oh_ax,rad,tan;mic)",imbalance,15g,,https://www02.smt.ufrj.br/~offshore/mfs/page_01.html,documented,rotation 26.624 Hz from filename
MAFAULDA,mafaulda_imbalance_15g_27.8528,mafaulda_imbalance_15g,mafaulda_bearings_healthy,mafaulda_imbalance_15g,,data/raw_mafaulda/full/imbalance/15g/27.8528.csv,imbalance,Imbalance_NON_BEARING,50000,5.0,250000,1671.168,15g,"8ch(tacho;uh_ax,rad,tan;oh_ax,rad,tan;mic)",imbalance,15g,,https://www02.smt.ufrj.br/~offshore/mfs/page_01.html,documented,rotation 27.8528 Hz from filename
MAFAULDA,mafaulda_imbalance_15g_28.672,mafaulda_imbalance_15g,mafaulda_bearings_healthy,mafaulda_imbalance_15g,,data/raw_mafaulda/full/imbalance/15g/28.672.csv,imbalance,Imbalance_NON_BEARING,50000,5.0,250000,1720.32,15g,"8ch(tacho;uh_ax,rad,tan;oh_ax,rad,tan;mic)",imbalance,15g,,https://www02.smt.ufrj.br/~offshore/mfs/page_01.html,documented,rotation 28.672 Hz from filename
MAFAULDA,mafaulda_imbalance_15g_29.696,mafaulda_imbalance_15g,mafaulda_bearings_healthy,mafaulda_imbalance_15g,,data/raw_mafaulda/full/imbalance/15g/29.696.csv,imbalance,Imbalance_NON_BEARING,50000,5.0,250000,1781.76,15g,"8ch(tacho;uh_ax,rad,tan;oh_ax,rad,tan;mic)",imbalance,15g,,https://www02.smt.ufrj.br/~offshore/mfs/page_01.html,documented,rotation 29.696 Hz from filename
MAFAULDA,mafaulda_imbalance_15g_30.9248,mafaulda_imbalance_15g,mafaulda_bearings_healthy,mafaulda_imbalance_15g,,data/raw_mafaulda/full/imbalance/15g/30.9248.csv,imbalance,Imbalance_NON_BEARING,50000,5.0,250000,1855.488,15g,"8ch(tacho;uh_ax,rad,tan;oh_ax,rad,tan;mic)",imbalance,15g,,https://www02.smt.ufrj.br/~offshore/mfs/page_01.html,documented,rotation 30.9248 Hz from filename
MAFAULDA,mafaulda_imbalance_15g_31.744,mafaulda_imbalance_15g,mafaulda_bearings_healthy,mafaulda_imbalance_15g,,data/raw_mafaulda/full/imbalance/15g/31.744.csv,imbalance,Imbalance_NON_BEARING,50000,5.0,250000,1904.6399999999999,15g,"8ch(tacho;uh_ax,rad,tan;oh_ax,rad,tan;mic)",imbalance,15g,,https://www02.smt.ufrj.br/~offshore/mfs/page_01.html,documented,rotation 31.744 Hz from filename
MAFAULDA,mafaulda_imbalance_15g_33.5872,mafaulda_imbalance_15g,mafaulda_bearings_healthy,mafaulda_imbalance_15g,,data/raw_mafaulda/full/imbalance/15g/33.5872.csv,imbalance,Imbalance_NON_BEARING,50000,5.0,250000,2015.2320000000002,15g,"8ch(tacho;uh_ax,rad,tan;oh_ax,rad,tan;mic)",imbalance,15g,,https://www02.smt.ufrj.br/~offshore/mfs/page_01.html,documented,rotation 33.5872 Hz from filename
MAFAULDA,mafaulda_imbalance_15g_34.816,mafaulda_imbalance_15g,mafaulda_bearings_healthy,mafaulda_imbalance_15g,,data/raw_mafaulda/full/imbalance/15g/34.816.csv,imbalance,Imbalance_NON_BEARING,50000,5.0,250000,2088.96,15g,"8ch(tacho;uh_ax,rad,tan;oh_ax,rad,tan;mic)",imbalance,15g,,https://www02.smt.ufrj.br/~offshore/mfs/page_01.html,documented,rotation 34.816 Hz from filename
MAFAULDA,mafaulda_imbalance_15g_36.0448,mafaulda_imbalance_15g,mafaulda_bearings_healthy,mafaulda_imbalance_15g,,data/raw_mafaulda/full/imbalance/15g/36.0448.csv,imbalance,Imbalance_NON_BEARING,50000,5.0,250000,2162.688,15g,"8ch(tacho;uh_ax,rad,tan;oh_ax,rad,tan;mic)",imbalance,15g,,https://www02.smt.ufrj.br/~offshore/mfs/page_01.html,documented,rotation 36.0448 Hz from filename
MAFAULDA,mafaulda_imbalance_15g_37.0688,mafaulda_imbalance_15g,mafaulda_bearings_healthy,mafaulda_imbalance_15g,,data/raw_mafaulda/full/imbalance/15g/37.0688.csv,imbalance,Imbalance_NON_BEARING,50000,5.0,250000,2224.128,15g,"8ch(tacho;uh_ax,rad,tan;oh_ax,rad,tan;mic)",imbalance,15g,,https://www02.smt.ufrj.br/~offshore/mfs/page_01.html,documented,rotation 37.0688 Hz from filename
MAFAULDA,mafaulda_imbalance_15g_37.4784,mafaulda_imbalance_15g,mafaulda_bearings_healthy,mafaulda_imbalance_15g,,data/raw_mafaulda/full/imbalance/15g/37.4784.csv,imbalance,Imbalance_NON_BEARING,50000,5.0,250000,2248.704,15g,"8ch(tacho;uh_ax,rad,tan;oh_ax,rad,tan;mic)",imbalance,15g,,https://www02.smt.ufrj.br/~offshore/mfs/page_01.html,documented,rotation 37.4784 Hz from filename
MAFAULDA,mafaulda_imbalance_15g_38.5024,mafaulda_imbalance_15g,mafaulda_bearings_healthy,mafaulda_imbalance_15g,,data/raw_mafaulda/full/imbalance/15g/38.5024.csv,imbalance,Imbalance_NON_BEARING,50000,5.0,250000,2310.1440000000002,15g,"8ch(tacho;uh_ax,rad,tan;oh_ax,rad,tan;mic)",imbalance,15g,,https://www02.smt.ufrj.br/~offshore/mfs/page_01.html,documented,rotation 38.5024 Hz from filename
MAFAULDA,mafaulda_imbalance_15g_39.3216,mafaulda_imbalance_15g,mafaulda_bearings_healthy,mafaulda_imbalance_15g,,data/raw_mafaulda/full/imbalance/15g/39.3216.csv,imbalance,Imbalance_NON_BEARING,50000,5.0,250000,2359.296,15g,"8ch(tacho;uh_ax,rad,tan;oh_ax,rad,tan;mic)",imbalance,15g,,https://www02.smt.ufrj.br/~offshore/mfs/page_01.html,documented,rotation 39.3216 Hz from filename
MAFAULDA,mafaulda_imbalance_15g_40.1408,mafaulda_imbalance_15g,mafaulda_bearings_healthy,mafaulda_imbalance_15g,,data/raw_mafaulda/full/imbalance/15g/40.1408.csv,imbalance,Imbalance_NON_BEARING,50000,5.0,250000,2408.448,15g,"8ch(tacho;uh_ax,rad,tan;oh_ax,rad,tan;mic)",imbalance,15g,,https://www02.smt.ufrj.br/~offshore/mfs/page_01.html,documented,rotation 40.1408 Hz from filename
MAFAULDA,mafaulda_imbalance_15g_41.7792,mafaulda_imbalance_15g,mafaulda_bearings_healthy,mafaulda_imbalance_15g,,data/raw_mafaulda/full/imbalance/15g/41.7792.csv,imbalance,Imbalance_NON_BEARING,50000,5.0,250000,2506.7520000000004,15g,"8ch(tacho;uh_ax,rad,tan;oh_ax,rad,tan;mic)",imbalance,15g,,https://www02.smt.ufrj.br/~offshore/mfs/page_01.html,documented,rotation 41.7792 Hz from filename
MAFAULDA,mafaulda_imbalance_15g_42.3936,mafaulda_imbalance_15g,mafaulda_bearings_healthy,mafaulda_imbalance_15g,,data/raw_mafaulda/full/imbalance/15g/42.3936.csv,imbalance,Imbalance_NON_BEARING,50000,5.0,250000,2543.616,15g,"8ch(tacho;uh_ax,rad,tan;oh_ax,rad,tan;mic)",imbalance,15g,,https://www02.smt.ufrj.br/~offshore/mfs/page_01.html,documented,rotation 42.3936 Hz from filename
MAFAULDA,mafaulda_imbalance_15g_43.6224,mafaulda_imbalance_15g,mafaulda_bearings_healthy,mafaulda_imbalance_15g,,data/raw_mafaulda/full/imbalance/15g/43.6224.csv,imbalance,Imbalance_NON_BEARING,50000,5.0,250000,2617.344,15g,"8ch(tacho;uh_ax,rad,tan;oh_ax,rad,tan;mic)",imbalance,15g,,https://www02.smt.ufrj.br/~offshore/mfs/page_01.html,documented,rotation 43.6224 Hz from filename
MAFAULDA,mafaulda_imbalance_15g_44.4416,mafaulda_imbalance_15g,mafaulda_bearings_healthy,mafaulda_imbalance_15g,,data/raw_mafaulda/full/imbalance/15g/44.4416.csv,imbalance,Imbalance_NON_BEARING,50000,5.0,250000,2666.496,15g,"8ch(tacho;uh_ax,rad,tan;oh_ax,rad,tan;mic)",imbalance,15g,,https://www02.smt.ufrj.br/~offshore/mfs/page_01.html,documented,rotation 44.4416 Hz from filename
MAFAULDA,mafaulda_imbalance_15g_45.8752,mafaulda_imbalance_15g,mafaulda_bearings_healthy,mafaulda_imbalance_15g,,data/raw_mafaulda/full/imbalance/15g/45.8752.csv,imbalance,Imbalance_NON_BEARING,50000,5.0,250000,2752.512,15g,"8ch(tacho;uh_ax,rad,tan;oh_ax,rad,tan;mic)",imbalance,15g,,https://www02.smt.ufrj.br/~offshore/mfs/page_01.html,documented,rotation 45.8752 Hz from filename
MAFAULDA,mafaulda_imbalance_15g_46.4896,mafaulda_imbalance_15g,mafaulda_bearings_healthy,mafaulda_imbalance_15g,,data/raw_mafaulda/full/imbalance/15g/46.4896.csv,imbalance,Imbalance_NON_BEARING,50000,5.0,250000,2789.376,15g,"8ch(tacho;uh_ax,rad,tan;oh_ax,rad,tan;mic)",imbalance,15g,,https://www02.smt.ufrj.br/~offshore/mfs/page_01.html,documented,rotation 46.4896 Hz from filename
MAFAULDA,mafaulda_imbalance_15g_47.5136,mafaulda_imbalance_15g,mafaulda_bearings_healthy,mafaulda_imbalance_15g,,data/raw_mafaulda/full/imbalance/15g/47.5136.csv,imbalance,Imbalance_NON_BEARING,50000,5.0,250000,2850.816,15g,"8ch(tacho;uh_ax,rad,tan;oh_ax,rad,tan;mic)",imbalance,15g,,https://www02.smt.ufrj.br/~offshore/mfs/page_01.html,documented,rotation 47.5136 Hz from filename
MAFAULDA,mafaulda_imbalance_15g_48.5376,mafaulda_imbalance_15g,mafaulda_bearings_healthy,mafaulda_imbalance_15g,,data/raw_mafaulda/full/imbalance/15g/48.5376.csv,imbalance,Imbalance_NON_BEARING,50000,5.0,250000,2912.256,15g,"8ch(tacho;uh_ax,rad,tan;oh_ax,rad,tan;mic)",imbalance,15g,,https://www02.smt.ufrj.br/~offshore/mfs/page_01.html,documented,rotation 48.5376 Hz from filename
MAFAULDA,mafaulda_imbalance_15g_49.5616,mafaulda_imbalance_15g,mafaulda_bearings_healthy,mafaulda_imbalance_15g,,data/raw_mafaulda/full/imbalance/15g/49.5616.csv,imbalance,Imbalance_NON_BEARING,50000,5.0,250000,2973.696,15g,"8ch(tacho;uh_ax,rad,tan;oh_ax,rad,tan;mic)",imbalance,15g,,https://www02.smt.ufrj.br/~offshore/mfs/page_01.html,documented,rotation 49.5616 Hz from filename
MAFAULDA,mafaulda_imbalance_15g_50.7904,mafaulda_imbalance_15g,mafaulda_bearings_healthy,mafaulda_imbalance_15g,,data/raw_mafaulda/full/imbalance/15g/50.7904.csv,imbalance,Imbalance_NON_BEARING,50000,5.0,250000,3047.424,15g,"8ch(tacho;uh_ax,rad,tan;oh_ax,rad,tan;mic)",imbalance,15g,,https://www02.smt.ufrj.br/~offshore/mfs/page_01.html,documented,rotation 50.7904 Hz from filename
MAFAULDA,mafaulda_imbalance_15g_51.4048,mafaulda_imbalance_15g,mafaulda_bearings_healthy,mafaulda_imbalance_15g,,data/raw_mafaulda/full/imbalance/15g/51.4048.csv,imbalance,Imbalance_NON_BEARING,50000,5.0,250000,3084.288,15g,"8ch(tacho;uh_ax,rad,tan;oh_ax,rad,tan;mic)",imbalance,15g,,https://www02.smt.ufrj.br/~offshore/mfs/page_01.html,documented,rotation 51.4048 Hz from filename
MAFAULDA,mafaulda_imbalance_15g_52.6336,mafaulda_imbalance_15g,mafaulda_bearings_healthy,mafaulda_imbalance_15g,,data/raw_mafaulda/full/imbalance/15g/52.6336.csv,imbalance,Imbalance_NON_BEARING,50000,5.0,250000,3158.016,15g,"8ch(tacho;uh_ax,rad,tan;oh_ax,rad,tan;mic)",imbalance,15g,,https://www02.smt.ufrj.br/~offshore/mfs/page_01.html,documented,rotation 52.6336 Hz from filename
MAFAULDA,mafaulda_imbalance_15g_53.8624,mafaulda_imbalance_15g,mafaulda_bearings_healthy,mafaulda_imbalance_15g,,data/raw_mafaulda/full/imbalance/15g/53.8624.csv,imbalance,Imbalance_NON_BEARING,50000,5.0,250000,3231.744,15g,"8ch(tacho;uh_ax,rad,tan;oh_ax,rad,tan;mic)",imbalance,15g,,https://www02.smt.ufrj.br/~offshore/mfs/page_01.html,documented,rotation 53.8624 Hz from filename
MAFAULDA,mafaulda_imbalance_15g_54.6816,mafaulda_imbalance_15g,mafaulda_bearings_healthy,mafaulda_imbalance_15g,,data/raw_mafaulda/full/imbalance/15g/54.6816.csv,imbalance,Imbalance_NON_BEARING,50000,5.0,250000,3280.896,15g,"8ch(tacho;uh_ax,rad,tan;oh_ax,rad,tan;mic)",imbalance,15g,,https://www02.smt.ufrj.br/~offshore/mfs/page_01.html,documented,rotation 54.6816 Hz from filename
MAFAULDA,mafaulda_imbalance_15g_55.7056,mafaulda_imbalance_15g,mafaulda_bearings_healthy,mafaulda_imbalance_15g,,data/raw_mafaulda/full/imbalance/15g/55.7056.csv,imbalance,Imbalance_NON_BEARING,50000,5.0,250000,3342.336,15g,"8ch(tacho;uh_ax,rad,tan;oh_ax,rad,tan;mic)",imbalance,15g,,https://www02.smt.ufrj.br/~offshore/mfs/page_01.html,documented,rotation 55.7056 Hz from filename
MAFAULDA,mafaulda_imbalance_15g_56.9344,mafaulda_imbalance_15g,mafaulda_bearings_healthy,mafaulda_imbalance_15g,,data/raw_mafaulda/full/imbalance/15g/56.9344.csv,imbalance,Imbalance_NON_BEARING,50000,5.0,250000,3416.064,15g,"8ch(tacho;uh_ax,rad,tan;oh_ax,rad,tan;mic)",imbalance,15g,,https://www02.smt.ufrj.br/~offshore/mfs/page_01.html,documented,rotation 56.9344 Hz from filename
MAFAULDA,mafaulda_imbalance_15g_58.1632,mafaulda_imbalance_15g,mafaulda_bearings_healthy,mafaulda_imbalance_15g,,data/raw_mafaulda/full/imbalance/15g/58.1632.csv,imbalance,Imbalance_NON_BEARING,50000,5.0,250000,3489.7920000000004,15g,"8ch(tacho;uh_ax,rad,tan;oh_ax,rad,tan;mic)",imbalance,15g,,https://www02.smt.ufrj.br/~offshore/mfs/page_01.html,documented,rotation 58.1632 Hz from filename
MAFAULDA,mafaulda_imbalance_15g_58.5728,mafaulda_imbalance_15g,mafaulda_bearings_healthy,mafaulda_imbalance_15g,,data/raw_mafaulda/full/imbalance/15g/58.5728.csv,imbalance,Imbalance_NON_BEARING,50000,5.0,250000,3514.368,15g,"8ch(tacho;uh_ax,rad,tan;oh_ax,rad,tan;mic)",imbalance,15g,,https://www02.smt.ufrj.br/~offshore/mfs/page_01.html,documented,rotation 58.5728 Hz from filename
MAFAULDA,mafaulda_imbalance_15g_59.392,mafaulda_imbalance_15g,mafaulda_bearings_healthy,mafaulda_imbalance_15g,,data/raw_mafaulda/full/imbalance/15g/59.392.csv,imbalance,Imbalance_NON_BEARING,50000,5.0,250000,3563.52,15g,"8ch(tacho;uh_ax,rad,tan;oh_ax,rad,tan;mic)",imbalance,15g,,https://www02.smt.ufrj.br/~offshore/mfs/page_01.html,documented,rotation 59.392 Hz from filename
MAFAULDA,mafaulda_imbalance_15g_60.2112,mafaulda_imbalance_15g,mafaulda_bearings_healthy,mafaulda_imbalance_15g,,data/raw_mafaulda/full/imbalance/15g/60.2112.csv,imbalance,Imbalance_NON_BEARING,50000,5.0,250000,3612.672,15g,"8ch(tacho;uh_ax,rad,tan;oh_ax,rad,tan;mic)",imbalance,15g,,https://www02.smt.ufrj.br/~offshore/mfs/page_01.html,documented,rotation 60.2112 Hz from filename
MAFAULDA,mafaulda_imbalance_15g_61.44,mafaulda_imbalance_15g,mafaulda_bearings_healthy,mafaulda_imbalance_15g,,data/raw_mafaulda/full/imbalance/15g/61.44.csv,imbalance,Imbalance_NON_BEARING,50000,5.0,250000,3686.3999999999996,15g,"8ch(tacho;uh_ax,rad,tan;oh_ax,rad,tan;mic)",imbalance,15g,,https://www02.smt.ufrj.br/~offshore/mfs/page_01.html,documented,rotation 61.44 Hz from filename
MAFAULDA,mafaulda_imbalance_20g_13.312,mafaulda_imbalance_20g,mafaulda_bearings_healthy,mafaulda_imbalance_20g,,data/raw_mafaulda/full/imbalance/20g/13.312.csv,imbalance,Imbalance_NON_BEARING,50000,5.0,250000,798.7199999999999,20g,"8ch(tacho;uh_ax,rad,tan;oh_ax,rad,tan;mic)",imbalance,20g,,https://www02.smt.ufrj.br/~offshore/mfs/page_01.html,documented,rotation 13.312 Hz from filename
MAFAULDA,mafaulda_imbalance_20g_14.336,mafaulda_imbalance_20g,mafaulda_bearings_healthy,mafaulda_imbalance_20g,,data/raw_mafaulda/full/imbalance/20g/14.336.csv,imbalance,Imbalance_NON_BEARING,50000,5.0,250000,860.16,20g,"8ch(tacho;uh_ax,rad,tan;oh_ax,rad,tan;mic)",imbalance,20g,,https://www02.smt.ufrj.br/~offshore/mfs/page_01.html,documented,rotation 14.336 Hz from filename
MAFAULDA,mafaulda_imbalance_20g_14.9504,mafaulda_imbalance_20g,mafaulda_bearings_healthy,mafaulda_imbalance_20g,,data/raw_mafaulda/full/imbalance/20g/14.9504.csv,imbalance,Imbalance_NON_BEARING,50000,5.0,250000,897.024,20g,"8ch(tacho;uh_ax,rad,tan;oh_ax,rad,tan;mic)",imbalance,20g,,https://www02.smt.ufrj.br/~offshore/mfs/page_01.html,documented,rotation 14.9504 Hz from filename
MAFAULDA,mafaulda_imbalance_20g_16.1792,mafaulda_imbalance_20g,mafaulda_bearings_healthy,mafaulda_imbalance_20g,,data/raw_mafaulda/full/imbalance/20g/16.1792.csv,imbalance,Imbalance_NON_BEARING,50000,5.0,250000,970.7520000000001,20g,"8ch(tacho;uh_ax,rad,tan;oh_ax,rad,tan;mic)",imbalance,20g,,https://www02.smt.ufrj.br/~offshore/mfs/page_01.html,documented,rotation 16.1792 Hz from filename
MAFAULDA,mafaulda_imbalance_20g_17.408,mafaulda_imbalance_20g,mafaulda_bearings_healthy,mafaulda_imbalance_20g,,data/raw_mafaulda/full/imbalance/20g/17.408.csv,imbalance,Imbalance_NON_BEARING,50000,5.0,250000,1044.48,20g,"8ch(tacho;uh_ax,rad,tan;oh_ax,rad,tan;mic)",imbalance,20g,,https://www02.smt.ufrj.br/~offshore/mfs/page_01.html,documented,rotation 17.408 Hz from filename
MAFAULDA,mafaulda_imbalance_20g_18.2272,mafaulda_imbalance_20g,mafaulda_bearings_healthy,mafaulda_imbalance_20g,,data/raw_mafaulda/full/imbalance/20g/18.2272.csv,imbalance,Imbalance_NON_BEARING,50000,5.0,250000,1093.632,20g,"8ch(tacho;uh_ax,rad,tan;oh_ax,rad,tan;mic)",imbalance,20g,,https://www02.smt.ufrj.br/~offshore/mfs/page_01.html,documented,rotation 18.2272 Hz from filename
MAFAULDA,mafaulda_imbalance_20g_19.456,mafaulda_imbalance_20g,mafaulda_bearings_healthy,mafaulda_imbalance_20g,,data/raw_mafaulda/full/imbalance/20g/19.456.csv,imbalance,Imbalance_NON_BEARING,50000,5.0,250000,1167.36,20g,"8ch(tacho;uh_ax,rad,tan;oh_ax,rad,tan;mic)",imbalance,20g,,https://www02.smt.ufrj.br/~offshore/mfs/page_01.html,documented,rotation 19.456 Hz from filename
MAFAULDA,mafaulda_imbalance_20g_20.6848,mafaulda_imbalance_20g,mafaulda_bearings_healthy,mafaulda_imbalance_20g,,data/raw_mafaulda/full/imbalance/20g/20.6848.csv,imbalance,Imbalance_NON_BEARING,50000,5.0,250000,1241.088,20g,"8ch(tacho;uh_ax,rad,tan;oh_ax,rad,tan;mic)",imbalance,20g,,https://www02.smt.ufrj.br/~offshore/mfs/page_01.html,documented,rotation 20.6848 Hz from filename
MAFAULDA,mafaulda_imbalance_20g_21.504,mafaulda_imbalance_20g,mafaulda_bearings_healthy,mafaulda_imbalance_20g,,data/raw_mafaulda/full/imbalance/20g/21.504.csv,imbalance,Imbalance_NON_BEARING,50000,5.0,250000,1290.24,20g,"8ch(tacho;uh_ax,rad,tan;oh_ax,rad,tan;mic)",imbalance,20g,,https://www02.smt.ufrj.br/~offshore/mfs/page_01.html,documented,rotation 21.504 Hz from filename
MAFAULDA,mafaulda_imbalance_20g_22.7328,mafaulda_imbalance_20g,mafaulda_bearings_healthy,mafaulda_imbalance_20g,,data/raw_mafaulda/full/imbalance/20g/22.7328.csv,imbalance,Imbalance_NON_BEARING,50000,5.0,250000,1363.968,20g,"8ch(tacho;uh_ax,rad,tan;oh_ax,rad,tan;mic)",imbalance,20g,,https://www02.smt.ufrj.br/~offshore/mfs/page_01.html,documented,rotation 22.7328 Hz from filename
MAFAULDA,mafaulda_imbalance_20g_23.552,mafaulda_imbalance_20g,mafaulda_bearings_healthy,mafaulda_imbalance_20g,,data/raw_mafaulda/full/imbalance/20g/23.552.csv,imbalance,Imbalance_NON_BEARING,50000,5.0,250000,1413.12,20g,"8ch(tacho;uh_ax,rad,tan;oh_ax,rad,tan;mic)",imbalance,20g,,https://www02.smt.ufrj.br/~offshore/mfs/page_01.html,documented,rotation 23.552 Hz from filename
MAFAULDA,mafaulda_imbalance_20g_24.7808,mafaulda_imbalance_20g,mafaulda_bearings_healthy,mafaulda_imbalance_20g,,data/raw_mafaulda/full/imbalance/20g/24.7808.csv,imbalance,Imbalance_NON_BEARING,50000,5.0,250000,1486.848,20g,"8ch(tacho;uh_ax,rad,tan;oh_ax,rad,tan;mic)",imbalance,20g,,https://www02.smt.ufrj.br/~offshore/mfs/page_01.html,documented,rotation 24.7808 Hz from filename
MAFAULDA,mafaulda_imbalance_20g_25.6,mafaulda_imbalance_20g,mafaulda_bearings_healthy,mafaulda_imbalance_20g,,data/raw_mafaulda/full/imbalance/20g/25.6.csv,imbalance,Imbalance_NON_BEARING,50000,5.0,250000,1536.0,20g,"8ch(tacho;uh_ax,rad,tan;oh_ax,rad,tan;mic)",imbalance,20g,,https://www02.smt.ufrj.br/~offshore/mfs/page_01.html,documented,rotation 25.6 Hz from filename
MAFAULDA,mafaulda_imbalance_20g_26.4192,mafaulda_imbalance_20g,mafaulda_bearings_healthy,mafaulda_imbalance_20g,,data/raw_mafaulda/full/imbalance/20g/26.4192.csv,imbalance,Imbalance_NON_BEARING,50000,5.0,250000,1585.152,20g,"8ch(tacho;uh_ax,rad,tan;oh_ax,rad,tan;mic)",imbalance,20g,,https://www02.smt.ufrj.br/~offshore/mfs/page_01.html,documented,rotation 26.4192 Hz from filename
MAFAULDA,mafaulda_imbalance_20g_27.4432,mafaulda_imbalance_20g,mafaulda_bearings_healthy,mafaulda_imbalance_20g,,data/raw_mafaulda/full/imbalance/20g/27.4432.csv,imbalance,Imbalance_NON_BEARING,50000,5.0,250000,1646.592,20g,"8ch(tacho;uh_ax,rad,tan;oh_ax,rad,tan;mic)",imbalance,20g,,https://www02.smt.ufrj.br/~offshore/mfs/page_01.html,documented,rotation 27.4432 Hz from filename
MAFAULDA,mafaulda_imbalance_20g_28.4672,mafaulda_imbalance_20g,mafaulda_bearings_healthy,mafaulda_imbalance_20g,,data/raw_mafaulda/full/imbalance/20g/28.4672.csv,imbalance,Imbalance_NON_BEARING,50000,5.0,250000,1708.032,20g,"8ch(tacho;uh_ax,rad,tan;oh_ax,rad,tan;mic)",imbalance,20g,,https://www02.smt.ufrj.br/~offshore/mfs/page_01.html,documented,rotation 28.4672 Hz from filename
MAFAULDA,mafaulda_imbalance_20g_29.4912,mafaulda_imbalance_20g,mafaulda_bearings_healthy,mafaulda_imbalance_20g,,data/raw_mafaulda/full/imbalance/20g/29.4912.csv,imbalance,Imbalance_NON_BEARING,50000,5.0,250000,1769.472,20g,"8ch(tacho;uh_ax,rad,tan;oh_ax,rad,tan;mic)",imbalance,20g,,https://www02.smt.ufrj.br/~offshore/mfs/page_01.html,documented,rotation 29.4912 Hz from filename
MAFAULDA,mafaulda_imbalance_20g_30.5152,mafaulda_imbalance_20g,mafaulda_bearings_healthy,mafaulda_imbalance_20g,,data/raw_mafaulda/full/imbalance/20g/30.5152.csv,imbalance,Imbalance_NON_BEARING,50000,5.0,250000,1830.912,20g,"8ch(tacho;uh_ax,rad,tan;oh_ax,rad,tan;mic)",imbalance,20g,,https://www02.smt.ufrj.br/~offshore/mfs/page_01.html,documented,rotation 30.5152 Hz from filename
MAFAULDA,mafaulda_imbalance_20g_31.5392,mafaulda_imbalance_20g,mafaulda_bearings_healthy,mafaulda_imbalance_20g,,data/raw_mafaulda/full/imbalance/20g/31.5392.csv,imbalance,Imbalance_NON_BEARING,50000,5.0,250000,1892.352,20g,"8ch(tacho;uh_ax,rad,tan;oh_ax,rad,tan;mic)",imbalance,20g,,https://www02.smt.ufrj.br/~offshore/mfs/page_01.html,documented,rotation 31.5392 Hz from filename
MAFAULDA,mafaulda_imbalance_20g_32.5632,mafaulda_imbalance_20g,mafaulda_bearings_healthy,mafaulda_imbalance_20g,,data/raw_mafaulda/full/imbalance/20g/32.5632.csv,imbalance,Imbalance_NON_BEARING,50000,5.0,250000,1953.7920000000001,20g,"8ch(tacho;uh_ax,rad,tan;oh_ax,rad,tan;mic)",imbalance,20g,,https://www02.smt.ufrj.br/~offshore/mfs/page_01.html,documented,rotation 32.5632 Hz from filename
MAFAULDA,mafaulda_imbalance_20g_33.5872,mafaulda_imbalance_20g,mafaulda_bearings_healthy,mafaulda_imbalance_20g,,data/raw_mafaulda/full/imbalance/20g/33.5872.csv,imbalance,Imbalance_NON_BEARING,50000,5.0,250000,2015.2320000000002,20g,"8ch(tacho;uh_ax,rad,tan;oh_ax,rad,tan;mic)",imbalance,20g,,https://www02.smt.ufrj.br/~offshore/mfs/page_01.html,documented,rotation 33.5872 Hz from filename
MAFAULDA,mafaulda_imbalance_20g_34.6112,mafaulda_imbalance_20g,mafaulda_bearings_healthy,mafaulda_imbalance_20g,,data/raw_mafaulda/full/imbalance/20g/34.6112.csv,imbalance,Imbalance_NON_BEARING,50000,5.0,250000,2076.6719999999996,20g,"8ch(tacho;uh_ax,rad,tan;oh_ax,rad,tan;mic)",imbalance,20g,,https://www02.smt.ufrj.br/~offshore/mfs/page_01.html,documented,rotation 34.6112 Hz from filename
MAFAULDA,mafaulda_imbalance_20g_36.0448,mafaulda_imbalance_20g,mafaulda_bearings_healthy,mafaulda_imbalance_20g,,data/raw_mafaulda/full/imbalance/20g/36.0448.csv,imbalance,Imbalance_NON_BEARING,50000,5.0,250000,2162.688,20g,"8ch(tacho;uh_ax,rad,tan;oh_ax,rad,tan;mic)",imbalance,20g,,https://www02.smt.ufrj.br/~offshore/mfs/page_01.html,documented,rotation 36.0448 Hz from filename
MAFAULDA,mafaulda_imbalance_20g_36.4544,mafaulda_imbalance_20g,mafaulda_bearings_healthy,mafaulda_imbalance_20g,,data/raw_mafaulda/full/imbalance/20g/36.4544.csv,imbalance,Imbalance_NON_BEARING,50000,5.0,250000,2187.264,20g,"8ch(tacho;uh_ax,rad,tan;oh_ax,rad,tan;mic)",imbalance,20g,,https://www02.smt.ufrj.br/~offshore/mfs/page_01.html,documented,rotation 36.4544 Hz from filename
MAFAULDA,mafaulda_imbalance_20g_37.888,mafaulda_imbalance_20g,mafaulda_bearings_healthy,mafaulda_imbalance_20g,,data/raw_mafaulda/full/imbalance/20g/37.888.csv,imbalance,Imbalance_NON_BEARING,50000,5.0,250000,2273.2799999999997,20g,"8ch(tacho;uh_ax,rad,tan;oh_ax,rad,tan;mic)",imbalance,20g,,https://www02.smt.ufrj.br/~offshore/mfs/page_01.html,documented,rotation 37.888 Hz from filename
MAFAULDA,mafaulda_imbalance_20g_38.7072,mafaulda_imbalance_20g,mafaulda_bearings_healthy,mafaulda_imbalance_20g,,data/raw_mafaulda/full/imbalance/20g/38.7072.csv,imbalance,Imbalance_NON_BEARING,50000,5.0,250000,2322.432,20g,"8ch(tacho;uh_ax,rad,tan;oh_ax,rad,tan;mic)",imbalance,20g,,https://www02.smt.ufrj.br/~offshore/mfs/page_01.html,documented,rotation 38.7072 Hz from filename
MAFAULDA,mafaulda_imbalance_20g_39.936,mafaulda_imbalance_20g,mafaulda_bearings_healthy,mafaulda_imbalance_20g,,data/raw_mafaulda/full/imbalance/20g/39.936.csv,imbalance,Imbalance_NON_BEARING,50000,5.0,250000,2396.16,20g,"8ch(tacho;uh_ax,rad,tan;oh_ax,rad,tan;mic)",imbalance,20g,,https://www02.smt.ufrj.br/~offshore/mfs/page_01.html,documented,rotation 39.936 Hz from filename
MAFAULDA,mafaulda_imbalance_20g_40.7552,mafaulda_imbalance_20g,mafaulda_bearings_healthy,mafaulda_imbalance_20g,,data/raw_mafaulda/full/imbalance/20g/40.7552.csv,imbalance,Imbalance_NON_BEARING,50000,5.0,250000,2445.312,20g,"8ch(tacho;uh_ax,rad,tan;oh_ax,rad,tan;mic)",imbalance,20g,,https://www02.smt.ufrj.br/~offshore/mfs/page_01.html,documented,rotation 40.7552 Hz from filename
MAFAULDA,mafaulda_imbalance_20g_41.5744,mafaulda_imbalance_20g,mafaulda_bearings_healthy,mafaulda_imbalance_20g,,data/raw_mafaulda/full/imbalance/20g/41.5744.csv,imbalance,Imbalance_NON_BEARING,50000,5.0,250000,2494.464,20g,"8ch(tacho;uh_ax,rad,tan;oh_ax,rad,tan;mic)",imbalance,20g,,https://www02.smt.ufrj.br/~offshore/mfs/page_01.html,documented,rotation 41.5744 Hz from filename
MAFAULDA,mafaulda_imbalance_20g_42.3936,mafaulda_imbalance_20g,mafaulda_bearings_healthy,mafaulda_imbalance_20g,,data/raw_mafaulda/full/imbalance/20g/42.3936.csv,imbalance,Imbalance_NON_BEARING,50000,5.0,250000,2543.616,20g,"8ch(tacho;uh_ax,rad,tan;oh_ax,rad,tan;mic)",imbalance,20g,,https://www02.smt.ufrj.br/~offshore/mfs/page_01.html,documented,rotation 42.3936 Hz from filename
MAFAULDA,mafaulda_imbalance_20g_43.6224,mafaulda_imbalance_20g,mafaulda_bearings_healthy,mafaulda_imbalance_20g,,data/raw_mafaulda/full/imbalance/20g/43.6224.csv,imbalance,Imbalance_NON_BEARING,50000,5.0,250000,2617.344,20g,"8ch(tacho;uh_ax,rad,tan;oh_ax,rad,tan;mic)",imbalance,20g,,https://www02.smt.ufrj.br/~offshore/mfs/page_01.html,documented,rotation 43.6224 Hz from filename
MAFAULDA,mafaulda_imbalance_20g_44.4416,mafaulda_imbalance_20g,mafaulda_bearings_healthy,mafaulda_imbalance_20g,,data/raw_mafaulda/full/imbalance/20g/44.4416.csv,imbalance,Imbalance_NON_BEARING,50000,5.0,250000,2666.496,20g,"8ch(tacho;uh_ax,rad,tan;oh_ax,rad,tan;mic)",imbalance,20g,,https://www02.smt.ufrj.br/~offshore/mfs/page_01.html,documented,rotation 44.4416 Hz from filename
MAFAULDA,mafaulda_imbalance_20g_45.4656,mafaulda_imbalance_20g,mafaulda_bearings_healthy,mafaulda_imbalance_20g,,data/raw_mafaulda/full/imbalance/20g/45.4656.csv,imbalance,Imbalance_NON_BEARING,50000,5.0,250000,2727.936,20g,"8ch(tacho;uh_ax,rad,tan;oh_ax,rad,tan;mic)",imbalance,20g,,https://www02.smt.ufrj.br/~offshore/mfs/page_01.html,documented,rotation 45.4656 Hz from filename
MAFAULDA,mafaulda_imbalance_20g_46.4896,mafaulda_imbalance_20g,mafaulda_bearings_healthy,mafaulda_imbalance_20g,,data/raw_mafaulda/full/imbalance/20g/46.4896.csv,imbalance,Imbalance_NON_BEARING,50000,5.0,250000,2789.376,20g,"8ch(tacho;uh_ax,rad,tan;oh_ax,rad,tan;mic)",imbalance,20g,,https://www02.smt.ufrj.br/~offshore/mfs/page_01.html,documented,rotation 46.4896 Hz from filename
MAFAULDA,mafaulda_imbalance_20g_47.3088,mafaulda_imbalance_20g,mafaulda_bearings_healthy,mafaulda_imbalance_20g,,data/raw_mafaulda/full/imbalance/20g/47.3088.csv,imbalance,Imbalance_NON_BEARING,50000,5.0,250000,2838.528,20g,"8ch(tacho;uh_ax,rad,tan;oh_ax,rad,tan;mic)",imbalance,20g,,https://www02.smt.ufrj.br/~offshore/mfs/page_01.html,documented,rotation 47.3088 Hz from filename
MAFAULDA,mafaulda_imbalance_20g_48.3328,mafaulda_imbalance_20g,mafaulda_bearings_healthy,mafaulda_imbalance_20g,,data/raw_mafaulda/full/imbalance/20g/48.3328.csv,imbalance,Imbalance_NON_BEARING,50000,5.0,250000,2899.968,20g,"8ch(tacho;uh_ax,rad,tan;oh_ax,rad,tan;mic)",imbalance,20g,,https://www02.smt.ufrj.br/~offshore/mfs/page_01.html,documented,rotation 48.3328 Hz from filename
MAFAULDA,mafaulda_imbalance_20g_49.7664,mafaulda_imbalance_20g,mafaulda_bearings_healthy,mafaulda_imbalance_20g,,data/raw_mafaulda/full/imbalance/20g/49.7664.csv,imbalance,Imbalance_NON_BEARING,50000,5.0,250000,2985.984,20g,"8ch(tacho;uh_ax,rad,tan;oh_ax,rad,tan;mic)",imbalance,20g,,https://www02.smt.ufrj.br/~offshore/mfs/page_01.html,documented,rotation 49.7664 Hz from filename
MAFAULDA,mafaulda_imbalance_20g_50.7904,mafaulda_imbalance_20g,mafaulda_bearings_healthy,mafaulda_imbalance_20g,,data/raw_mafaulda/full/imbalance/20g/50.7904.csv,imbalance,Imbalance_NON_BEARING,50000,5.0,250000,3047.424,20g,"8ch(tacho;uh_ax,rad,tan;oh_ax,rad,tan;mic)",imbalance,20g,,https://www02.smt.ufrj.br/~offshore/mfs/page_01.html,documented,rotation 50.7904 Hz from filename
MAFAULDA,mafaulda_imbalance_20g_51.6096,mafaulda_imbalance_20g,mafaulda_bearings_healthy,mafaulda_imbalance_20g,,data/raw_mafaulda/full/imbalance/20g/51.6096.csv,imbalance,Imbalance_NON_BEARING,50000,5.0,250000,3096.576,20g,"8ch(tacho;uh_ax,rad,tan;oh_ax,rad,tan;mic)",imbalance,20g,,https://www02.smt.ufrj.br/~offshore/mfs/page_01.html,documented,rotation 51.6096 Hz from filename
MAFAULDA,mafaulda_imbalance_20g_52.224,mafaulda_imbalance_20g,mafaulda_bearings_healthy,mafaulda_imbalance_20g,,data/raw_mafaulda/full/imbalance/20g/52.224.csv,imbalance,Imbalance_NON_BEARING,50000,5.0,250000,3133.4399999999996,20g,"8ch(tacho;uh_ax,rad,tan;oh_ax,rad,tan;mic)",imbalance,20g,,https://www02.smt.ufrj.br/~offshore/mfs/page_01.html,documented,rotation 52.224 Hz from filename
MAFAULDA,mafaulda_imbalance_20g_53.6576,mafaulda_imbalance_20g,mafaulda_bearings_healthy,mafaulda_imbalance_20g,,data/raw_mafaulda/full/imbalance/20g/53.6576.csv,imbalance,Imbalance_NON_BEARING,50000,5.0,250000,3219.456,20g,"8ch(tacho;uh_ax,rad,tan;oh_ax,rad,tan;mic)",imbalance,20g,,https://www02.smt.ufrj.br/~offshore/mfs/page_01.html,documented,rotation 53.6576 Hz from filename
MAFAULDA,mafaulda_imbalance_20g_54.8864,mafaulda_imbalance_20g,mafaulda_bearings_healthy,mafaulda_imbalance_20g,,data/raw_mafaulda/full/imbalance/20g/54.8864.csv,imbalance,Imbalance_NON_BEARING,50000,5.0,250000,3293.184,20g,"8ch(tacho;uh_ax,rad,tan;oh_ax,rad,tan;mic)",imbalance,20g,,https://www02.smt.ufrj.br/~offshore/mfs/page_01.html,documented,rotation 54.8864 Hz from filename
MAFAULDA,mafaulda_imbalance_20g_55.0912,mafaulda_imbalance_20g,mafaulda_bearings_healthy,mafaulda_imbalance_20g,,data/raw_mafaulda/full/imbalance/20g/55.0912.csv,imbalance,Imbalance_NON_BEARING,50000,5.0,250000,3305.472,20g,"8ch(tacho;uh_ax,rad,tan;oh_ax,rad,tan;mic)",imbalance,20g,,https://www02.smt.ufrj.br/~offshore/mfs/page_01.html,documented,rotation 55.0912 Hz from filename
MAFAULDA,mafaulda_imbalance_20g_56.7296,mafaulda_imbalance_20g,mafaulda_bearings_healthy,mafaulda_imbalance_20g,,data/raw_mafaulda/full/imbalance/20g/56.7296.csv,imbalance,Imbalance_NON_BEARING,50000,5.0,250000,3403.776,20g,"8ch(tacho;uh_ax,rad,tan;oh_ax,rad,tan;mic)",imbalance,20g,,https://www02.smt.ufrj.br/~offshore/mfs/page_01.html,documented,rotation 56.7296 Hz from filename
MAFAULDA,mafaulda_imbalance_20g_57.5488,mafaulda_imbalance_20g,mafaulda_bearings_healthy,mafaulda_imbalance_20g,,data/raw_mafaulda/full/imbalance/20g/57.5488.csv,imbalance,Imbalance_NON_BEARING,50000,5.0,250000,3452.928,20g,"8ch(tacho;uh_ax,rad,tan;oh_ax,rad,tan;mic)",imbalance,20g,,https://www02.smt.ufrj.br/~offshore/mfs/page_01.html,documented,rotation 57.5488 Hz from filename
MAFAULDA,mafaulda_imbalance_20g_58.5728,mafaulda_imbalance_20g,mafaulda_bearings_healthy,mafaulda_imbalance_20g,,data/raw_mafaulda/full/imbalance/20g/58.5728.csv,imbalance,Imbalance_NON_BEARING,50000,5.0,250000,3514.368,20g,"8ch(tacho;uh_ax,rad,tan;oh_ax,rad,tan;mic)",imbalance,20g,,https://www02.smt.ufrj.br/~offshore/mfs/page_01.html,documented,rotation 58.5728 Hz from filename
MAFAULDA,mafaulda_imbalance_20g_59.5968,mafaulda_imbalance_20g,mafaulda_bearings_healthy,mafaulda_imbalance_20g,,data/raw_mafaulda/full/imbalance/20g/59.5968.csv,imbalance,Imbalance_NON_BEARING,50000,5.0,250000,3575.808,20g,"8ch(tacho;uh_ax,rad,tan;oh_ax,rad,tan;mic)",imbalance,20g,,https://www02.smt.ufrj.br/~offshore/mfs/page_01.html,documented,rotation 59.5968 Hz from filename
MAFAULDA,mafaulda_imbalance_20g_61.0304,mafaulda_imbalance_20g,mafaulda_bearings_healthy,mafaulda_imbalance_20g,,data/raw_mafaulda/full/imbalance/20g/61.0304.csv,imbalance,Imbalance_NON_BEARING,50000,5.0,250000,3661.824,20g,"8ch(tacho;uh_ax,rad,tan;oh_ax,rad,tan;mic)",imbalance,20g,,https://www02.smt.ufrj.br/~offshore/mfs/page_01.html,documented,rotation 61.0304 Hz from filename
MAFAULDA,mafaulda_imbalance_20g_61.2352,mafaulda_imbalance_20g,mafaulda_bearings_healthy,mafaulda_imbalance_20g,,data/raw_mafaulda/full/imbalance/20g/61.2352.csv,imbalance,Imbalance_NON_BEARING,50000,5.0,250000,3674.112,20g,"8ch(tacho;uh_ax,rad,tan;oh_ax,rad,tan;mic)",imbalance,20g,,https://www02.smt.ufrj.br/~offshore/mfs/page_01.html,documented,rotation 61.2352 Hz from filename
MAFAULDA,mafaulda_imbalance_25g_12.288,mafaulda_imbalance_25g,mafaulda_bearings_healthy,mafaulda_imbalance_25g,,data/raw_mafaulda/full/imbalance/25g/12.288.csv,imbalance,Imbalance_NON_BEARING,50000,5.0,250000,737.28,25g,"8ch(tacho;uh_ax,rad,tan;oh_ax,rad,tan;mic)",imbalance,25g,,https://www02.smt.ufrj.br/~offshore/mfs/page_01.html,documented,rotation 12.288 Hz from filename
MAFAULDA,mafaulda_imbalance_25g_13.7216,mafaulda_imbalance_25g,mafaulda_bearings_healthy,mafaulda_imbalance_25g,,data/raw_mafaulda/full/imbalance/25g/13.7216.csv,imbalance,Imbalance_NON_BEARING,50000,5.0,250000,823.296,25g,"8ch(tacho;uh_ax,rad,tan;oh_ax,rad,tan;mic)",imbalance,25g,,https://www02.smt.ufrj.br/~offshore/mfs/page_01.html,documented,rotation 13.7216 Hz from filename
MAFAULDA,mafaulda_imbalance_25g_15.1552,mafaulda_imbalance_25g,mafaulda_bearings_healthy,mafaulda_imbalance_25g,,data/raw_mafaulda/full/imbalance/25g/15.1552.csv,imbalance,Imbalance_NON_BEARING,50000,5.0,250000,909.312,25g,"8ch(tacho;uh_ax,rad,tan;oh_ax,rad,tan;mic)",imbalance,25g,,https://www02.smt.ufrj.br/~offshore/mfs/page_01.html,documented,rotation 15.1552 Hz from filename
MAFAULDA,mafaulda_imbalance_25g_15.7696,mafaulda_imbalance_25g,mafaulda_bearings_healthy,mafaulda_imbalance_25g,,data/raw_mafaulda/full/imbalance/25g/15.7696.csv,imbalance,Imbalance_NON_BEARING,50000,5.0,250000,946.176,25g,"8ch(tacho;uh_ax,rad,tan;oh_ax,rad,tan;mic)",imbalance,25g,,https://www02.smt.ufrj.br/~offshore/mfs/page_01.html,documented,rotation 15.7696 Hz from filename
MAFAULDA,mafaulda_imbalance_25g_16.9984,mafaulda_imbalance_25g,mafaulda_bearings_healthy,mafaulda_imbalance_25g,,data/raw_mafaulda/full/imbalance/25g/16.9984.csv,imbalance,Imbalance_NON_BEARING,50000,5.0,250000,1019.904,25g,"8ch(tacho;uh_ax,rad,tan;oh_ax,rad,tan;mic)",imbalance,25g,,https://www02.smt.ufrj.br/~offshore/mfs/page_01.html,documented,rotation 16.9984 Hz from filename
MAFAULDA,mafaulda_imbalance_25g_17.6128,mafaulda_imbalance_25g,mafaulda_bearings_healthy,mafaulda_imbalance_25g,,data/raw_mafaulda/full/imbalance/25g/17.6128.csv,imbalance,Imbalance_NON_BEARING,50000,5.0,250000,1056.768,25g,"8ch(tacho;uh_ax,rad,tan;oh_ax,rad,tan;mic)",imbalance,25g,,https://www02.smt.ufrj.br/~offshore/mfs/page_01.html,documented,rotation 17.6128 Hz from filename
MAFAULDA,mafaulda_imbalance_25g_18.432,mafaulda_imbalance_25g,mafaulda_bearings_healthy,mafaulda_imbalance_25g,,data/raw_mafaulda/full/imbalance/25g/18.432.csv,imbalance,Imbalance_NON_BEARING,50000,5.0,250000,1105.9199999999998,25g,"8ch(tacho;uh_ax,rad,tan;oh_ax,rad,tan;mic)",imbalance,25g,,https://www02.smt.ufrj.br/~offshore/mfs/page_01.html,documented,rotation 18.432 Hz from filename
MAFAULDA,mafaulda_imbalance_25g_19.2512,mafaulda_imbalance_25g,mafaulda_bearings_healthy,mafaulda_imbalance_25g,,data/raw_mafaulda/full/imbalance/25g/19.2512.csv,imbalance,Imbalance_NON_BEARING,50000,5.0,250000,1155.0720000000001,25g,"8ch(tacho;uh_ax,rad,tan;oh_ax,rad,tan;mic)",imbalance,25g,,https://www02.smt.ufrj.br/~offshore/mfs/page_01.html,documented,rotation 19.2512 Hz from filename
MAFAULDA,mafaulda_imbalance_25g_20.6848,mafaulda_imbalance_25g,mafaulda_bearings_healthy,mafaulda_imbalance_25g,,data/raw_mafaulda/full/imbalance/25g/20.6848.csv,imbalance,Imbalance_NON_BEARING,50000,5.0,250000,1241.088,25g,"8ch(tacho;uh_ax,rad,tan;oh_ax,rad,tan;mic)",imbalance,25g,,https://www02.smt.ufrj.br/~offshore/mfs/page_01.html,documented,rotation 20.6848 Hz from filename
MAFAULDA,mafaulda_imbalance_25g_21.504,mafaulda_imbalance_25g,mafaulda_bearings_healthy,mafaulda_imbalance_25g,,data/raw_mafaulda/full/imbalance/25g/21.504.csv,imbalance,Imbalance_NON_BEARING,50000,5.0,250000,1290.24,25g,"8ch(tacho;uh_ax,rad,tan;oh_ax,rad,tan;mic)",imbalance,25g,,https://www02.smt.ufrj.br/~offshore/mfs/page_01.html,documented,rotation 21.504 Hz from filename
MAFAULDA,mafaulda_imbalance_25g_22.1184,mafaulda_imbalance_25g,mafaulda_bearings_healthy,mafaulda_imbalance_25g,,data/raw_mafaulda/full/imbalance/25g/22.1184.csv,imbalance,Imbalance_NON_BEARING,50000,5.0,250000,1327.104,25g,"8ch(tacho;uh_ax,rad,tan;oh_ax,rad,tan;mic)",imbalance,25g,,https://www02.smt.ufrj.br/~offshore/mfs/page_01.html,documented,rotation 22.1184 Hz from filename
MAFAULDA,mafaulda_imbalance_25g_22.9376,mafaulda_imbalance_25g,mafaulda_bearings_healthy,mafaulda_imbalance_25g,,data/raw_mafaulda/full/imbalance/25g/22.9376.csv,imbalance,Imbalance_NON_BEARING,50000,5.0,250000,1376.256,25g,"8ch(tacho;uh_ax,rad,tan;oh_ax,rad,tan;mic)",imbalance,25g,,https://www02.smt.ufrj.br/~offshore/mfs/page_01.html,documented,rotation 22.9376 Hz from filename
MAFAULDA,mafaulda_imbalance_25g_23.9616,mafaulda_imbalance_25g,mafaulda_bearings_healthy,mafaulda_imbalance_25g,,data/raw_mafaulda/full/imbalance/25g/23.9616.csv,imbalance,Imbalance_NON_BEARING,50000,5.0,250000,1437.6960000000001,25g,"8ch(tacho;uh_ax,rad,tan;oh_ax,rad,tan;mic)",imbalance,25g,,https://www02.smt.ufrj.br/~offshore/mfs/page_01.html,documented,rotation 23.9616 Hz from filename
MAFAULDA,mafaulda_imbalance_25g_25.3952,mafaulda_imbalance_25g,mafaulda_bearings_healthy,mafaulda_imbalance_25g,,data/raw_mafaulda/full/imbalance/25g/25.3952.csv,imbalance,Imbalance_NON_BEARING,50000,5.0,250000,1523.712,25g,"8ch(tacho;uh_ax,rad,tan;oh_ax,rad,tan;mic)",imbalance,25g,,https://www02.smt.ufrj.br/~offshore/mfs/page_01.html,documented,rotation 25.3952 Hz from filename
MAFAULDA,mafaulda_imbalance_25g_26.0096,mafaulda_imbalance_25g,mafaulda_bearings_healthy,mafaulda_imbalance_25g,,data/raw_mafaulda/full/imbalance/25g/26.0096.csv,imbalance,Imbalance_NON_BEARING,50000,5.0,250000,1560.576,25g,"8ch(tacho;uh_ax,rad,tan;oh_ax,rad,tan;mic)",imbalance,25g,,https://www02.smt.ufrj.br/~offshore/mfs/page_01.html,documented,rotation 26.0096 Hz from filename
MAFAULDA,mafaulda_imbalance_25g_27.2384,mafaulda_imbalance_25g,mafaulda_bearings_healthy,mafaulda_imbalance_25g,,data/raw_mafaulda/full/imbalance/25g/27.2384.csv,imbalance,Imbalance_NON_BEARING,50000,5.0,250000,1634.3039999999999,25g,"8ch(tacho;uh_ax,rad,tan;oh_ax,rad,tan;mic)",imbalance,25g,,https://www02.smt.ufrj.br/~offshore/mfs/page_01.html,documented,rotation 27.2384 Hz from filename
MAFAULDA,mafaulda_imbalance_25g_28.672,mafaulda_imbalance_25g,mafaulda_bearings_healthy,mafaulda_imbalance_25g,,data/raw_mafaulda/full/imbalance/25g/28.672.csv,imbalance,Imbalance_NON_BEARING,50000,5.0,250000,1720.32,25g,"8ch(tacho;uh_ax,rad,tan;oh_ax,rad,tan;mic)",imbalance,25g,,https://www02.smt.ufrj.br/~offshore/mfs/page_01.html,documented,rotation 28.672 Hz from filename
MAFAULDA,mafaulda_imbalance_25g_29.0816,mafaulda_imbalance_25g,mafaulda_bearings_healthy,mafaulda_imbalance_25g,,data/raw_mafaulda/full/imbalance/25g/29.0816.csv,imbalance,Imbalance_NON_BEARING,50000,5.0,250000,1744.8960000000002,25g,"8ch(tacho;uh_ax,rad,tan;oh_ax,rad,tan;mic)",imbalance,25g,,https://www02.smt.ufrj.br/~offshore/mfs/page_01.html,documented,rotation 29.0816 Hz from filename
MAFAULDA,mafaulda_imbalance_25g_30.1056,mafaulda_imbalance_25g,mafaulda_bearings_healthy,mafaulda_imbalance_25g,,data/raw_mafaulda/full/imbalance/25g/30.1056.csv,imbalance,Imbalance_NON_BEARING,50000,5.0,250000,1806.336,25g,"8ch(tacho;uh_ax,rad,tan;oh_ax,rad,tan;mic)",imbalance,25g,,https://www02.smt.ufrj.br/~offshore/mfs/page_01.html,documented,rotation 30.1056 Hz from filename
MAFAULDA,mafaulda_imbalance_25g_31.3344,mafaulda_imbalance_25g,mafaulda_bearings_healthy,mafaulda_imbalance_25g,,data/raw_mafaulda/full/imbalance/25g/31.3344.csv,imbalance,Imbalance_NON_BEARING,50000,5.0,250000,1880.0639999999999,25g,"8ch(tacho;uh_ax,rad,tan;oh_ax,rad,tan;mic)",imbalance,25g,,https://www02.smt.ufrj.br/~offshore/mfs/page_01.html,documented,rotation 31.3344 Hz from filename
MAFAULDA,mafaulda_imbalance_25g_32.3584,mafaulda_imbalance_25g,mafaulda_bearings_healthy,mafaulda_imbalance_25g,,data/raw_mafaulda/full/imbalance/25g/32.3584.csv,imbalance,Imbalance_NON_BEARING,50000,5.0,250000,1941.5040000000001,25g,"8ch(tacho;uh_ax,rad,tan;oh_ax,rad,tan;mic)",imbalance,25g,,https://www02.smt.ufrj.br/~offshore/mfs/page_01.html,documented,rotation 32.3584 Hz from filename
MAFAULDA,mafaulda_imbalance_25g_33.3824,mafaulda_imbalance_25g,mafaulda_bearings_healthy,mafaulda_imbalance_25g,,data/raw_mafaulda/full/imbalance/25g/33.3824.csv,imbalance,Imbalance_NON_BEARING,50000,5.0,250000,2002.9439999999997,25g,"8ch(tacho;uh_ax,rad,tan;oh_ax,rad,tan;mic)",imbalance,25g,,https://www02.smt.ufrj.br/~offshore/mfs/page_01.html,documented,rotation 33.3824 Hz from filename
MAFAULDA,mafaulda_imbalance_25g_34.6112,mafaulda_imbalance_25g,mafaulda_bearings_healthy,mafaulda_imbalance_25g,,data/raw_mafaulda/full/imbalance/25g/34.6112.csv,imbalance,Imbalance_NON_BEARING,50000,5.0,250000,2076.6719999999996,25g,"8ch(tacho;uh_ax,rad,tan;oh_ax,rad,tan;mic)",imbalance,25g,,https://www02.smt.ufrj.br/~offshore/mfs/page_01.html,documented,rotation 34.6112 Hz from filename
MAFAULDA,mafaulda_imbalance_25g_35.4304,mafaulda_imbalance_25g,mafaulda_bearings_healthy,mafaulda_imbalance_25g,,data/raw_mafaulda/full/imbalance/25g/35.4304.csv,imbalance,Imbalance_NON_BEARING,50000,5.0,250000,2125.824,25g,"8ch(tacho;uh_ax,rad,tan;oh_ax,rad,tan;mic)",imbalance,25g,,https://www02.smt.ufrj.br/~offshore/mfs/page_01.html,documented,rotation 35.4304 Hz from filename
MAFAULDA,mafaulda_imbalance_25g_36.2496,mafaulda_imbalance_25g,mafaulda_bearings_healthy,mafaulda_imbalance_25g,,data/raw_mafaulda/full/imbalance/25g/36.2496.csv,imbalance,Imbalance_NON_BEARING,50000,5.0,250000,2174.976,25g,"8ch(tacho;uh_ax,rad,tan;oh_ax,rad,tan;mic)",imbalance,25g,,https://www02.smt.ufrj.br/~offshore/mfs/page_01.html,documented,rotation 36.2496 Hz from filename
MAFAULDA,mafaulda_imbalance_25g_37.6832,mafaulda_imbalance_25g,mafaulda_bearings_healthy,mafaulda_imbalance_25g,,data/raw_mafaulda/full/imbalance/25g/37.6832.csv,imbalance,Imbalance_NON_BEARING,50000,5.0,250000,2260.992,25g,"8ch(tacho;uh_ax,rad,tan;oh_ax,rad,tan;mic)",imbalance,25g,,https://www02.smt.ufrj.br/~offshore/mfs/page_01.html,documented,rotation 37.6832 Hz from filename
MAFAULDA,mafaulda_imbalance_25g_38.7072,mafaulda_imbalance_25g,mafaulda_bearings_healthy,mafaulda_imbalance_25g,,data/raw_mafaulda/full/imbalance/25g/38.7072.csv,imbalance,Imbalance_NON_BEARING,50000,5.0,250000,2322.432,25g,"8ch(tacho;uh_ax,rad,tan;oh_ax,rad,tan;mic)",imbalance,25g,,https://www02.smt.ufrj.br/~offshore/mfs/page_01.html,documented,rotation 38.7072 Hz from filename
MAFAULDA,mafaulda_imbalance_25g_39.5264,mafaulda_imbalance_25g,mafaulda_bearings_healthy,mafaulda_imbalance_25g,,data/raw_mafaulda/full/imbalance/25g/39.5264.csv,imbalance,Imbalance_NON_BEARING,50000,5.0,250000,2371.5840000000003,25g,"8ch(tacho;uh_ax,rad,tan;oh_ax,rad,tan;mic)",imbalance,25g,,https://www02.smt.ufrj.br/~offshore/mfs/page_01.html,documented,rotation 39.5264 Hz from filename
MAFAULDA,mafaulda_imbalance_25g_40.3456,mafaulda_imbalance_25g,mafaulda_bearings_healthy,mafaulda_imbalance_25g,,data/raw_mafaulda/full/imbalance/25g/40.3456.csv,imbalance,Imbalance_NON_BEARING,50000,5.0,250000,2420.736,25g,"8ch(tacho;uh_ax,rad,tan;oh_ax,rad,tan;mic)",imbalance,25g,,https://www02.smt.ufrj.br/~offshore/mfs/page_01.html,documented,rotation 40.3456 Hz from filename
MAFAULDA,mafaulda_imbalance_25g_41.1648,mafaulda_imbalance_25g,mafaulda_bearings_healthy,mafaulda_imbalance_25g,,data/raw_mafaulda/full/imbalance/25g/41.1648.csv,imbalance,Imbalance_NON_BEARING,50000,5.0,250000,2469.888,25g,"8ch(tacho;uh_ax,rad,tan;oh_ax,rad,tan;mic)",imbalance,25g,,https://www02.smt.ufrj.br/~offshore/mfs/page_01.html,documented,rotation 41.1648 Hz from filename
MAFAULDA,mafaulda_imbalance_25g_42.5984,mafaulda_imbalance_25g,mafaulda_bearings_healthy,mafaulda_imbalance_25g,,data/raw_mafaulda/full/imbalance/25g/42.5984.csv,imbalance,Imbalance_NON_BEARING,50000,5.0,250000,2555.904,25g,"8ch(tacho;uh_ax,rad,tan;oh_ax,rad,tan;mic)",imbalance,25g,,https://www02.smt.ufrj.br/~offshore/mfs/page_01.html,documented,rotation 42.5984 Hz from filename
MAFAULDA,mafaulda_imbalance_25g_43.008,mafaulda_imbalance_25g,mafaulda_bearings_healthy,mafaulda_imbalance_25g,,data/raw_mafaulda/full/imbalance/25g/43.008.csv,imbalance,Imbalance_NON_BEARING,50000,5.0,250000,2580.48,25g,"8ch(tacho;uh_ax,rad,tan;oh_ax,rad,tan;mic)",imbalance,25g,,https://www02.smt.ufrj.br/~offshore/mfs/page_01.html,documented,rotation 43.008 Hz from filename
MAFAULDA,mafaulda_imbalance_25g_43.8272,mafaulda_imbalance_25g,mafaulda_bearings_healthy,mafaulda_imbalance_25g,,data/raw_mafaulda/full/imbalance/25g/43.8272.csv,imbalance,Imbalance_NON_BEARING,50000,5.0,250000,2629.632,25g,"8ch(tacho;uh_ax,rad,tan;oh_ax,rad,tan;mic)",imbalance,25g,,https://www02.smt.ufrj.br/~offshore/mfs/page_01.html,documented,rotation 43.8272 Hz from filename
MAFAULDA,mafaulda_imbalance_25g_45.6704,mafaulda_imbalance_25g,mafaulda_bearings_healthy,mafaulda_imbalance_25g,,data/raw_mafaulda/full/imbalance/25g/45.6704.csv,imbalance,Imbalance_NON_BEARING,50000,5.0,250000,2740.224,25g,"8ch(tacho;uh_ax,rad,tan;oh_ax,rad,tan;mic)",imbalance,25g,,https://www02.smt.ufrj.br/~offshore/mfs/page_01.html,documented,rotation 45.6704 Hz from filename
MAFAULDA,mafaulda_imbalance_25g_45.8752,mafaulda_imbalance_25g,mafaulda_bearings_healthy,mafaulda_imbalance_25g,,data/raw_mafaulda/full/imbalance/25g/45.8752.csv,imbalance,Imbalance_NON_BEARING,50000,5.0,250000,2752.512,25g,"8ch(tacho;uh_ax,rad,tan;oh_ax,rad,tan;mic)",imbalance,25g,,https://www02.smt.ufrj.br/~offshore/mfs/page_01.html,documented,rotation 45.8752 Hz from filename
MAFAULDA,mafaulda_imbalance_25g_47.104,mafaulda_imbalance_25g,mafaulda_bearings_healthy,mafaulda_imbalance_25g,,data/raw_mafaulda/full/imbalance/25g/47.104.csv,imbalance,Imbalance_NON_BEARING,50000,5.0,250000,2826.24,25g,"8ch(tacho;uh_ax,rad,tan;oh_ax,rad,tan;mic)",imbalance,25g,,https://www02.smt.ufrj.br/~offshore/mfs/page_01.html,documented,rotation 47.104 Hz from filename
MAFAULDA,mafaulda_imbalance_25g_48.3328,mafaulda_imbalance_25g,mafaulda_bearings_healthy,mafaulda_imbalance_25g,,data/raw_mafaulda/full/imbalance/25g/48.3328.csv,imbalance,Imbalance_NON_BEARING,50000,5.0,250000,2899.968,25g,"8ch(tacho;uh_ax,rad,tan;oh_ax,rad,tan;mic)",imbalance,25g,,https://www02.smt.ufrj.br/~offshore/mfs/page_01.html,documented,rotation 48.3328 Hz from filename
MAFAULDA,mafaulda_imbalance_25g_48.9472,mafaulda_imbalance_25g,mafaulda_bearings_healthy,mafaulda_imbalance_25g,,data/raw_mafaulda/full/imbalance/25g/48.9472.csv,imbalance,Imbalance_NON_BEARING,50000,5.0,250000,2936.8320000000003,25g,"8ch(tacho;uh_ax,rad,tan;oh_ax,rad,tan;mic)",imbalance,25g,,https://www02.smt.ufrj.br/~offshore/mfs/page_01.html,documented,rotation 48.9472 Hz from filename
MAFAULDA,mafaulda_imbalance_25g_50.3808,mafaulda_imbalance_25g,mafaulda_bearings_healthy,mafaulda_imbalance_25g,,data/raw_mafaulda/full/imbalance/25g/50.3808.csv,imbalance,Imbalance_NON_BEARING,50000,5.0,250000,3022.848,25g,"8ch(tacho;uh_ax,rad,tan;oh_ax,rad,tan;mic)",imbalance,25g,,https://www02.smt.ufrj.br/~offshore/mfs/page_01.html,documented,rotation 50.3808 Hz from filename
MAFAULDA,mafaulda_imbalance_25g_51.4048,mafaulda_imbalance_25g,mafaulda_bearings_healthy,mafaulda_imbalance_25g,,data/raw_mafaulda/full/imbalance/25g/51.4048.csv,imbalance,Imbalance_NON_BEARING,50000,5.0,250000,3084.288,25g,"8ch(tacho;uh_ax,rad,tan;oh_ax,rad,tan;mic)",imbalance,25g,,https://www02.smt.ufrj.br/~offshore/mfs/page_01.html,documented,rotation 51.4048 Hz from filename
MAFAULDA,mafaulda_imbalance_25g_52.4288,mafaulda_imbalance_25g,mafaulda_bearings_healthy,mafaulda_imbalance_25g,,data/raw_mafaulda/full/imbalance/25g/52.4288.csv,imbalance,Imbalance_NON_BEARING,50000,5.0,250000,3145.728,25g,"8ch(tacho;uh_ax,rad,tan;oh_ax,rad,tan;mic)",imbalance,25g,,https://www02.smt.ufrj.br/~offshore/mfs/page_01.html,documented,rotation 52.4288 Hz from filename
MAFAULDA,mafaulda_imbalance_25g_53.4528,mafaulda_imbalance_25g,mafaulda_bearings_healthy,mafaulda_imbalance_25g,,data/raw_mafaulda/full/imbalance/25g/53.4528.csv,imbalance,Imbalance_NON_BEARING,50000,5.0,250000,3207.168,25g,"8ch(tacho;uh_ax,rad,tan;oh_ax,rad,tan;mic)",imbalance,25g,,https://www02.smt.ufrj.br/~offshore/mfs/page_01.html,documented,rotation 53.4528 Hz from filename
MAFAULDA,mafaulda_imbalance_25g_54.4768,mafaulda_imbalance_25g,mafaulda_bearings_healthy,mafaulda_imbalance_25g,,data/raw_mafaulda/full/imbalance/25g/54.4768.csv,imbalance,Imbalance_NON_BEARING,50000,5.0,250000,3268.6079999999997,25g,"8ch(tacho;uh_ax,rad,tan;oh_ax,rad,tan;mic)",imbalance,25g,,https://www02.smt.ufrj.br/~offshore/mfs/page_01.html,documented,rotation 54.4768 Hz from filename
MAFAULDA,mafaulda_imbalance_25g_55.296,mafaulda_imbalance_25g,mafaulda_bearings_healthy,mafaulda_imbalance_25g,,data/raw_mafaulda/full/imbalance/25g/55.296.csv,imbalance,Imbalance_NON_BEARING,50000,5.0,250000,3317.7599999999998,25g,"8ch(tacho;uh_ax,rad,tan;oh_ax,rad,tan;mic)",imbalance,25g,,https://www02.smt.ufrj.br/~offshore/mfs/page_01.html,documented,rotation 55.296 Hz from filename
MAFAULDA,mafaulda_imbalance_25g_56.32,mafaulda_imbalance_25g,mafaulda_bearings_healthy,mafaulda_imbalance_25g,,data/raw_mafaulda/full/imbalance/25g/56.32.csv,imbalance,Imbalance_NON_BEARING,50000,5.0,250000,3379.2,25g,"8ch(tacho;uh_ax,rad,tan;oh_ax,rad,tan;mic)",imbalance,25g,,https://www02.smt.ufrj.br/~offshore/mfs/page_01.html,documented,rotation 56.32 Hz from filename
MAFAULDA,mafaulda_imbalance_25g_57.344,mafaulda_imbalance_25g,mafaulda_bearings_healthy,mafaulda_imbalance_25g,,data/raw_mafaulda/full/imbalance/25g/57.344.csv,imbalance,Imbalance_NON_BEARING,50000,5.0,250000,3440.64,25g,"8ch(tacho;uh_ax,rad,tan;oh_ax,rad,tan;mic)",imbalance,25g,,https://www02.smt.ufrj.br/~offshore/mfs/page_01.html,documented,rotation 57.344 Hz from filename
MAFAULDA,mafaulda_imbalance_25g_59.1872,mafaulda_imbalance_25g,mafaulda_bearings_healthy,mafaulda_imbalance_25g,,data/raw_mafaulda/full/imbalance/25g/59.1872.csv,imbalance,Imbalance_NON_BEARING,50000,5.0,250000,3551.232,25g,"8ch(tacho;uh_ax,rad,tan;oh_ax,rad,tan;mic)",imbalance,25g,,https://www02.smt.ufrj.br/~offshore/mfs/page_01.html,documented,rotation 59.1872 Hz from filename
MAFAULDA,mafaulda_imbalance_30g_12.0832,mafaulda_imbalance_30g,mafaulda_bearings_healthy,mafaulda_imbalance_30g,,data/raw_mafaulda/full/imbalance/30g/12.0832.csv,imbalance,Imbalance_NON_BEARING,50000,5.0,250000,724.992,30g,"8ch(tacho;uh_ax,rad,tan;oh_ax,rad,tan;mic)",imbalance,30g,,https://www02.smt.ufrj.br/~offshore/mfs/page_01.html,documented,rotation 12.0832 Hz from filename
MAFAULDA,mafaulda_imbalance_30g_13.1072,mafaulda_imbalance_30g,mafaulda_bearings_healthy,mafaulda_imbalance_30g,,data/raw_mafaulda/full/imbalance/30g/13.1072.csv,imbalance,Imbalance_NON_BEARING,50000,5.0,250000,786.432,30g,"8ch(tacho;uh_ax,rad,tan;oh_ax,rad,tan;mic)",imbalance,30g,,https://www02.smt.ufrj.br/~offshore/mfs/page_01.html,documented,rotation 13.1072 Hz from filename
MAFAULDA,mafaulda_imbalance_30g_14.336,mafaulda_imbalance_30g,mafaulda_bearings_healthy,mafaulda_imbalance_30g,,data/raw_mafaulda/full/imbalance/30g/14.336.csv,imbalance,Imbalance_NON_BEARING,50000,5.0,250000,860.16,30g,"8ch(tacho;uh_ax,rad,tan;oh_ax,rad,tan;mic)",imbalance,30g,,https://www02.smt.ufrj.br/~offshore/mfs/page_01.html,documented,rotation 14.336 Hz from filename
MAFAULDA,mafaulda_imbalance_30g_14.9504,mafaulda_imbalance_30g,mafaulda_bearings_healthy,mafaulda_imbalance_30g,,data/raw_mafaulda/full/imbalance/30g/14.9504.csv,imbalance,Imbalance_NON_BEARING,50000,5.0,250000,897.024,30g,"8ch(tacho;uh_ax,rad,tan;oh_ax,rad,tan;mic)",imbalance,30g,,https://www02.smt.ufrj.br/~offshore/mfs/page_01.html,documented,rotation 14.9504 Hz from filename
MAFAULDA,mafaulda_imbalance_30g_16.5888,mafaulda_imbalance_30g,mafaulda_bearings_healthy,mafaulda_imbalance_30g,,data/raw_mafaulda/full/imbalance/30g/16.5888.csv,imbalance,Imbalance_NON_BEARING,50000,5.0,250000,995.328,30g,"8ch(tacho;uh_ax,rad,tan;oh_ax,rad,tan;mic)",imbalance,30g,,https://www02.smt.ufrj.br/~offshore/mfs/page_01.html,documented,rotation 16.5888 Hz from filename
MAFAULDA,mafaulda_imbalance_30g_17.2032,mafaulda_imbalance_30g,mafaulda_bearings_healthy,mafaulda_imbalance_30g,,data/raw_mafaulda/full/imbalance/30g/17.2032.csv,imbalance,Imbalance_NON_BEARING,50000,5.0,250000,1032.192,30g,"8ch(tacho;uh_ax,rad,tan;oh_ax,rad,tan;mic)",imbalance,30g,,https://www02.smt.ufrj.br/~offshore/mfs/page_01.html,documented,rotation 17.2032 Hz from filename
MAFAULDA,mafaulda_imbalance_30g_18.2272,mafaulda_imbalance_30g,mafaulda_bearings_healthy,mafaulda_imbalance_30g,,data/raw_mafaulda/full/imbalance/30g/18.2272.csv,imbalance,Imbalance_NON_BEARING,50000,5.0,250000,1093.632,30g,"8ch(tacho;uh_ax,rad,tan;oh_ax,rad,tan;mic)",imbalance,30g,,https://www02.smt.ufrj.br/~offshore/mfs/page_01.html,documented,rotation 18.2272 Hz from filename
MAFAULDA,mafaulda_imbalance_30g_19.456,mafaulda_imbalance_30g,mafaulda_bearings_healthy,mafaulda_imbalance_30g,,data/raw_mafaulda/full/imbalance/30g/19.456.csv,imbalance,Imbalance_NON_BEARING,50000,5.0,250000,1167.36,30g,"8ch(tacho;uh_ax,rad,tan;oh_ax,rad,tan;mic)",imbalance,30g,,https://www02.smt.ufrj.br/~offshore/mfs/page_01.html,documented,rotation 19.456 Hz from filename
MAFAULDA,mafaulda_imbalance_30g_21.0944,mafaulda_imbalance_30g,mafaulda_bearings_healthy,mafaulda_imbalance_30g,,data/raw_mafaulda/full/imbalance/30g/21.0944.csv,imbalance,Imbalance_NON_BEARING,50000,5.0,250000,1265.664,30g,"8ch(tacho;uh_ax,rad,tan;oh_ax,rad,tan;mic)",imbalance,30g,,https://www02.smt.ufrj.br/~offshore/mfs/page_01.html,documented,rotation 21.0944 Hz from filename
MAFAULDA,mafaulda_imbalance_30g_21.504,mafaulda_imbalance_30g,mafaulda_bearings_healthy,mafaulda_imbalance_30g,,data/raw_mafaulda/full/imbalance/30g/21.504.csv,imbalance,Imbalance_NON_BEARING,50000,5.0,250000,1290.24,30g,"8ch(tacho;uh_ax,rad,tan;oh_ax,rad,tan;mic)",imbalance,30g,,https://www02.smt.ufrj.br/~offshore/mfs/page_01.html,documented,rotation 21.504 Hz from filename
MAFAULDA,mafaulda_imbalance_30g_22.7328,mafaulda_imbalance_30g,mafaulda_bearings_healthy,mafaulda_imbalance_30g,,data/raw_mafaulda/full/imbalance/30g/22.7328.csv,imbalance,Imbalance_NON_BEARING,50000,5.0,250000,1363.968,30g,"8ch(tacho;uh_ax,rad,tan;oh_ax,rad,tan;mic)",imbalance,30g,,https://www02.smt.ufrj.br/~offshore/mfs/page_01.html,documented,rotation 22.7328 Hz from filename
MAFAULDA,mafaulda_imbalance_30g_23.3472,mafaulda_imbalance_30g,mafaulda_bearings_healthy,mafaulda_imbalance_30g,,data/raw_mafaulda/full/imbalance/30g/23.3472.csv,imbalance,Imbalance_NON_BEARING,50000,5.0,250000,1400.832,30g,"8ch(tacho;uh_ax,rad,tan;oh_ax,rad,tan;mic)",imbalance,30g,,https://www02.smt.ufrj.br/~offshore/mfs/page_01.html,documented,rotation 23.3472 Hz from filename
MAFAULDA,mafaulda_imbalance_30g_23.7568,mafaulda_imbalance_30g,mafaulda_bearings_healthy,mafaulda_imbalance_30g,,data/raw_mafaulda/full/imbalance/30g/23.7568.csv,imbalance,Imbalance_NON_BEARING,50000,5.0,250000,1425.408,30g,"8ch(tacho;uh_ax,rad,tan;oh_ax,rad,tan;mic)",imbalance,30g,,https://www02.smt.ufrj.br/~offshore/mfs/page_01.html,documented,rotation 23.7568 Hz from filename
MAFAULDA,mafaulda_imbalance_30g_25.8048,mafaulda_imbalance_30g,mafaulda_bearings_healthy,mafaulda_imbalance_30g,,data/raw_mafaulda/full/imbalance/30g/25.8048.csv,imbalance,Imbalance_NON_BEARING,50000,5.0,250000,1548.288,30g,"8ch(tacho;uh_ax,rad,tan;oh_ax,rad,tan;mic)",imbalance,30g,,https://www02.smt.ufrj.br/~offshore/mfs/page_01.html,documented,rotation 25.8048 Hz from filename
MAFAULDA,mafaulda_imbalance_30g_26.2144,mafaulda_imbalance_30g,mafaulda_bearings_healthy,mafaulda_imbalance_30g,,data/raw_mafaulda/full/imbalance/30g/26.2144.csv,imbalance,Imbalance_NON_BEARING,50000,5.0,250000,1572.864,30g,"8ch(tacho;uh_ax,rad,tan;oh_ax,rad,tan;mic)",imbalance,30g,,https://www02.smt.ufrj.br/~offshore/mfs/page_01.html,documented,rotation 26.2144 Hz from filename
MAFAULDA,mafaulda_imbalance_30g_26.8288,mafaulda_imbalance_30g,mafaulda_bearings_healthy,mafaulda_imbalance_30g,,data/raw_mafaulda/full/imbalance/30g/26.8288.csv,imbalance,Imbalance_NON_BEARING,50000,5.0,250000,1609.728,30g,"8ch(tacho;uh_ax,rad,tan;oh_ax,rad,tan;mic)",imbalance,30g,,https://www02.smt.ufrj.br/~offshore/mfs/page_01.html,documented,rotation 26.8288 Hz from filename
MAFAULDA,mafaulda_imbalance_30g_28.672,mafaulda_imbalance_30g,mafaulda_bearings_healthy,mafaulda_imbalance_30g,,data/raw_mafaulda/full/imbalance/30g/28.672.csv,imbalance,Imbalance_NON_BEARING,50000,5.0,250000,1720.32,30g,"8ch(tacho;uh_ax,rad,tan;oh_ax,rad,tan;mic)",imbalance,30g,,https://www02.smt.ufrj.br/~offshore/mfs/page_01.html,documented,rotation 28.672 Hz from filename
MAFAULDA,mafaulda_imbalance_30g_29.0816,mafaulda_imbalance_30g,mafaulda_bearings_healthy,mafaulda_imbalance_30g,,data/raw_mafaulda/full/imbalance/30g/29.0816.csv,imbalance,Imbalance_NON_BEARING,50000,5.0,250000,1744.8960000000002,30g,"8ch(tacho;uh_ax,rad,tan;oh_ax,rad,tan;mic)",imbalance,30g,,https://www02.smt.ufrj.br/~offshore/mfs/page_01.html,documented,rotation 29.0816 Hz from filename
MAFAULDA,mafaulda_imbalance_30g_30.1056,mafaulda_imbalance_30g,mafaulda_bearings_healthy,mafaulda_imbalance_30g,,data/raw_mafaulda/full/imbalance/30g/30.1056.csv,imbalance,Imbalance_NON_BEARING,50000,5.0,250000,1806.336,30g,"8ch(tacho;uh_ax,rad,tan;oh_ax,rad,tan;mic)",imbalance,30g,,https://www02.smt.ufrj.br/~offshore/mfs/page_01.html,documented,rotation 30.1056 Hz from filename
MAFAULDA,mafaulda_imbalance_30g_31.5392,mafaulda_imbalance_30g,mafaulda_bearings_healthy,mafaulda_imbalance_30g,,data/raw_mafaulda/full/imbalance/30g/31.5392.csv,imbalance,Imbalance_NON_BEARING,50000,5.0,250000,1892.352,30g,"8ch(tacho;uh_ax,rad,tan;oh_ax,rad,tan;mic)",imbalance,30g,,https://www02.smt.ufrj.br/~offshore/mfs/page_01.html,documented,rotation 31.5392 Hz from filename
MAFAULDA,mafaulda_imbalance_30g_32.768,mafaulda_imbalance_30g,mafaulda_bearings_healthy,mafaulda_imbalance_30g,,data/raw_mafaulda/full/imbalance/30g/32.768.csv,imbalance,Imbalance_NON_BEARING,50000,5.0,250000,1966.08,30g,"8ch(tacho;uh_ax,rad,tan;oh_ax,rad,tan;mic)",imbalance,30g,,https://www02.smt.ufrj.br/~offshore/mfs/page_01.html,documented,rotation 32.768 Hz from filename
MAFAULDA,mafaulda_imbalance_30g_33.9968,mafaulda_imbalance_30g,mafaulda_bearings_healthy,mafaulda_imbalance_30g,,data/raw_mafaulda/full/imbalance/30g/33.9968.csv,imbalance,Imbalance_NON_BEARING,50000,5.0,250000,2039.808,30g,"8ch(tacho;uh_ax,rad,tan;oh_ax,rad,tan;mic)",imbalance,30g,,https://www02.smt.ufrj.br/~offshore/mfs/page_01.html,documented,rotation 33.9968 Hz from filename
MAFAULDA,mafaulda_imbalance_30g_34.816,mafaulda_imbalance_30g,mafaulda_bearings_healthy,mafaulda_imbalance_30g,,data/raw_mafaulda/full/imbalance/30g/34.816.csv,imbalance,Imbalance_NON_BEARING,50000,5.0,250000,2088.96,30g,"8ch(tacho;uh_ax,rad,tan;oh_ax,rad,tan;mic)",imbalance,30g,,https://www02.smt.ufrj.br/~offshore/mfs/page_01.html,documented,rotation 34.816 Hz from filename
MAFAULDA,mafaulda_imbalance_30g_35.2256,mafaulda_imbalance_30g,mafaulda_bearings_healthy,mafaulda_imbalance_30g,,data/raw_mafaulda/full/imbalance/30g/35.2256.csv,imbalance,Imbalance_NON_BEARING,50000,5.0,250000,2113.536,30g,"8ch(tacho;uh_ax,rad,tan;oh_ax,rad,tan;mic)",imbalance,30g,,https://www02.smt.ufrj.br/~offshore/mfs/page_01.html,documented,rotation 35.2256 Hz from filename
MAFAULDA,mafaulda_imbalance_30g_36.864,mafaulda_imbalance_30g,mafaulda_bearings_healthy,mafaulda_imbalance_30g,,data/raw_mafaulda/full/imbalance/30g/36.864.csv,imbalance,Imbalance_NON_BEARING,50000,5.0,250000,2211.8399999999997,30g,"8ch(tacho;uh_ax,rad,tan;oh_ax,rad,tan;mic)",imbalance,30g,,https://www02.smt.ufrj.br/~offshore/mfs/page_01.html,documented,rotation 36.864 Hz from filename
MAFAULDA,mafaulda_imbalance_30g_38.0928,mafaulda_imbalance_30g,mafaulda_bearings_healthy,mafaulda_imbalance_30g,,data/raw_mafaulda/full/imbalance/30g/38.0928.csv,imbalance,Imbalance_NON_BEARING,50000,5.0,250000,2285.5679999999998,30g,"8ch(tacho;uh_ax,rad,tan;oh_ax,rad,tan;mic)",imbalance,30g,,https://www02.smt.ufrj.br/~offshore/mfs/page_01.html,documented,rotation 38.0928 Hz from filename
MAFAULDA,mafaulda_imbalance_30g_38.7072,mafaulda_imbalance_30g,mafaulda_bearings_healthy,mafaulda_imbalance_30g,,data/raw_mafaulda/full/imbalance/30g/38.7072.csv,imbalance,Imbalance_NON_BEARING,50000,5.0,250000,2322.432,30g,"8ch(tacho;uh_ax,rad,tan;oh_ax,rad,tan;mic)",imbalance,30g,,https://www02.smt.ufrj.br/~offshore/mfs/page_01.html,documented,rotation 38.7072 Hz from filename
MAFAULDA,mafaulda_imbalance_30g_39.7312,mafaulda_imbalance_30g,mafaulda_bearings_healthy,mafaulda_imbalance_30g,,data/raw_mafaulda/full/imbalance/30g/39.7312.csv,imbalance,Imbalance_NON_BEARING,50000,5.0,250000,2383.8720000000003,30g,"8ch(tacho;uh_ax,rad,tan;oh_ax,rad,tan;mic)",imbalance,30g,,https://www02.smt.ufrj.br/~offshore/mfs/page_01.html,documented,rotation 39.7312 Hz from filename
MAFAULDA,mafaulda_imbalance_30g_40.7552,mafaulda_imbalance_30g,mafaulda_bearings_healthy,mafaulda_imbalance_30g,,data/raw_mafaulda/full/imbalance/30g/40.7552.csv,imbalance,Imbalance_NON_BEARING,50000,5.0,250000,2445.312,30g,"8ch(tacho;uh_ax,rad,tan;oh_ax,rad,tan;mic)",imbalance,30g,,https://www02.smt.ufrj.br/~offshore/mfs/page_01.html,documented,rotation 40.7552 Hz from filename
MAFAULDA,mafaulda_imbalance_30g_41.3696,mafaulda_imbalance_30g,mafaulda_bearings_healthy,mafaulda_imbalance_30g,,data/raw_mafaulda/full/imbalance/30g/41.3696.csv,imbalance,Imbalance_NON_BEARING,50000,5.0,250000,2482.176,30g,"8ch(tacho;uh_ax,rad,tan;oh_ax,rad,tan;mic)",imbalance,30g,,https://www02.smt.ufrj.br/~offshore/mfs/page_01.html,documented,rotation 41.3696 Hz from filename
MAFAULDA,mafaulda_imbalance_30g_42.5984,mafaulda_imbalance_30g,mafaulda_bearings_healthy,mafaulda_imbalance_30g,,data/raw_mafaulda/full/imbalance/30g/42.5984.csv,imbalance,Imbalance_NON_BEARING,50000,5.0,250000,2555.904,30g,"8ch(tacho;uh_ax,rad,tan;oh_ax,rad,tan;mic)",imbalance,30g,,https://www02.smt.ufrj.br/~offshore/mfs/page_01.html,documented,rotation 42.5984 Hz from filename
MAFAULDA,mafaulda_imbalance_30g_43.6224,mafaulda_imbalance_30g,mafaulda_bearings_healthy,mafaulda_imbalance_30g,,data/raw_mafaulda/full/imbalance/30g/43.6224.csv,imbalance,Imbalance_NON_BEARING,50000,5.0,250000,2617.344,30g,"8ch(tacho;uh_ax,rad,tan;oh_ax,rad,tan;mic)",imbalance,30g,,https://www02.smt.ufrj.br/~offshore/mfs/page_01.html,documented,rotation 43.6224 Hz from filename
MAFAULDA,mafaulda_imbalance_30g_44.6464,mafaulda_imbalance_30g,mafaulda_bearings_healthy,mafaulda_imbalance_30g,,data/raw_mafaulda/full/imbalance/30g/44.6464.csv,imbalance,Imbalance_NON_BEARING,50000,5.0,250000,2678.784,30g,"8ch(tacho;uh_ax,rad,tan;oh_ax,rad,tan;mic)",imbalance,30g,,https://www02.smt.ufrj.br/~offshore/mfs/page_01.html,documented,rotation 44.6464 Hz from filename
MAFAULDA,mafaulda_imbalance_30g_45.4656,mafaulda_imbalance_30g,mafaulda_bearings_healthy,mafaulda_imbalance_30g,,data/raw_mafaulda/full/imbalance/30g/45.4656.csv,imbalance,Imbalance_NON_BEARING,50000,5.0,250000,2727.936,30g,"8ch(tacho;uh_ax,rad,tan;oh_ax,rad,tan;mic)",imbalance,30g,,https://www02.smt.ufrj.br/~offshore/mfs/page_01.html,documented,rotation 45.4656 Hz from filename
MAFAULDA,mafaulda_imbalance_30g_46.4896,mafaulda_imbalance_30g,mafaulda_bearings_healthy,mafaulda_imbalance_30g,,data/raw_mafaulda/full/imbalance/30g/46.4896.csv,imbalance,Imbalance_NON_BEARING,50000,5.0,250000,2789.376,30g,"8ch(tacho;uh_ax,rad,tan;oh_ax,rad,tan;mic)",imbalance,30g,,https://www02.smt.ufrj.br/~offshore/mfs/page_01.html,documented,rotation 46.4896 Hz from filename
MAFAULDA,mafaulda_imbalance_30g_47.7184,mafaulda_imbalance_30g,mafaulda_bearings_healthy,mafaulda_imbalance_30g,,data/raw_mafaulda/full/imbalance/30g/47.7184.csv,imbalance,Imbalance_NON_BEARING,50000,5.0,250000,2863.1040000000003,30g,"8ch(tacho;uh_ax,rad,tan;oh_ax,rad,tan;mic)",imbalance,30g,,https://www02.smt.ufrj.br/~offshore/mfs/page_01.html,documented,rotation 47.7184 Hz from filename
MAFAULDA,mafaulda_imbalance_30g_48.5376,mafaulda_imbalance_30g,mafaulda_bearings_healthy,mafaulda_imbalance_30g,,data/raw_mafaulda/full/imbalance/30g/48.5376.csv,imbalance,Imbalance_NON_BEARING,50000,5.0,250000,2912.256,30g,"8ch(tacho;uh_ax,rad,tan;oh_ax,rad,tan;mic)",imbalance,30g,,https://www02.smt.ufrj.br/~offshore/mfs/page_01.html,documented,rotation 48.5376 Hz from filename
MAFAULDA,mafaulda_imbalance_30g_49.9712,mafaulda_imbalance_30g,mafaulda_bearings_healthy,mafaulda_imbalance_30g,,data/raw_mafaulda/full/imbalance/30g/49.9712.csv,imbalance,Imbalance_NON_BEARING,50000,5.0,250000,2998.2720000000004,30g,"8ch(tacho;uh_ax,rad,tan;oh_ax,rad,tan;mic)",imbalance,30g,,https://www02.smt.ufrj.br/~offshore/mfs/page_01.html,documented,rotation 49.9712 Hz from filename
MAFAULDA,mafaulda_imbalance_30g_50.5856,mafaulda_imbalance_30g,mafaulda_bearings_healthy,mafaulda_imbalance_30g,,data/raw_mafaulda/full/imbalance/30g/50.5856.csv,imbalance,Imbalance_NON_BEARING,50000,5.0,250000,3035.136,30g,"8ch(tacho;uh_ax,rad,tan;oh_ax,rad,tan;mic)",imbalance,30g,,https://www02.smt.ufrj.br/~offshore/mfs/page_01.html,documented,rotation 50.5856 Hz from filename
MAFAULDA,mafaulda_imbalance_30g_51.6096,mafaulda_imbalance_30g,mafaulda_bearings_healthy,mafaulda_imbalance_30g,,data/raw_mafaulda/full/imbalance/30g/51.6096.csv,imbalance,Imbalance_NON_BEARING,50000,5.0,250000,3096.576,30g,"8ch(tacho;uh_ax,rad,tan;oh_ax,rad,tan;mic)",imbalance,30g,,https://www02.smt.ufrj.br/~offshore/mfs/page_01.html,documented,rotation 51.6096 Hz from filename
MAFAULDA,mafaulda_imbalance_30g_52.6336,mafaulda_imbalance_30g,mafaulda_bearings_healthy,mafaulda_imbalance_30g,,data/raw_mafaulda/full/imbalance/30g/52.6336.csv,imbalance,Imbalance_NON_BEARING,50000,5.0,250000,3158.016,30g,"8ch(tacho;uh_ax,rad,tan;oh_ax,rad,tan;mic)",imbalance,30g,,https://www02.smt.ufrj.br/~offshore/mfs/page_01.html,documented,rotation 52.6336 Hz from filename
MAFAULDA,mafaulda_imbalance_30g_53.8624,mafaulda_imbalance_30g,mafaulda_bearings_healthy,mafaulda_imbalance_30g,,data/raw_mafaulda/full/imbalance/30g/53.8624.csv,imbalance,Imbalance_NON_BEARING,50000,5.0,250000,3231.744,30g,"8ch(tacho;uh_ax,rad,tan;oh_ax,rad,tan;mic)",imbalance,30g,,https://www02.smt.ufrj.br/~offshore/mfs/page_01.html,documented,rotation 53.8624 Hz from filename
MAFAULDA,mafaulda_imbalance_30g_54.0672,mafaulda_imbalance_30g,mafaulda_bearings_healthy,mafaulda_imbalance_30g,,data/raw_mafaulda/full/imbalance/30g/54.0672.csv,imbalance,Imbalance_NON_BEARING,50000,5.0,250000,3244.032,30g,"8ch(tacho;uh_ax,rad,tan;oh_ax,rad,tan;mic)",imbalance,30g,,https://www02.smt.ufrj.br/~offshore/mfs/page_01.html,documented,rotation 54.0672 Hz from filename
MAFAULDA,mafaulda_imbalance_30g_55.5008,mafaulda_imbalance_30g,mafaulda_bearings_healthy,mafaulda_imbalance_30g,,data/raw_mafaulda/full/imbalance/30g/55.5008.csv,imbalance,Imbalance_NON_BEARING,50000,5.0,250000,3330.048,30g,"8ch(tacho;uh_ax,rad,tan;oh_ax,rad,tan;mic)",imbalance,30g,,https://www02.smt.ufrj.br/~offshore/mfs/page_01.html,documented,rotation 55.5008 Hz from filename
MAFAULDA,mafaulda_imbalance_30g_57.5488,mafaulda_imbalance_30g,mafaulda_bearings_healthy,mafaulda_imbalance_30g,,data/raw_mafaulda/full/imbalance/30g/57.5488.csv,imbalance,Imbalance_NON_BEARING,50000,5.0,250000,3452.928,30g,"8ch(tacho;uh_ax,rad,tan;oh_ax,rad,tan;mic)",imbalance,30g,,https://www02.smt.ufrj.br/~offshore/mfs/page_01.html,documented,rotation 57.5488 Hz from filename
MAFAULDA,mafaulda_imbalance_30g_58.368,mafaulda_imbalance_30g,mafaulda_bearings_healthy,mafaulda_imbalance_30g,,data/raw_mafaulda/full/imbalance/30g/58.368.csv,imbalance,Imbalance_NON_BEARING,50000,5.0,250000,3502.08,30g,"8ch(tacho;uh_ax,rad,tan;oh_ax,rad,tan;mic)",imbalance,30g,,https://www02.smt.ufrj.br/~offshore/mfs/page_01.html,documented,rotation 58.368 Hz from filename
MAFAULDA,mafaulda_imbalance_30g_59.392,mafaulda_imbalance_30g,mafaulda_bearings_healthy,mafaulda_imbalance_30g,,data/raw_mafaulda/full/imbalance/30g/59.392.csv,imbalance,Imbalance_NON_BEARING,50000,5.0,250000,3563.52,30g,"8ch(tacho;uh_ax,rad,tan;oh_ax,rad,tan;mic)",imbalance,30g,,https://www02.smt.ufrj.br/~offshore/mfs/page_01.html,documented,rotation 59.392 Hz from filename
MAFAULDA,mafaulda_imbalance_35g_12.0832,mafaulda_imbalance_35g,mafaulda_bearings_healthy,mafaulda_imbalance_35g,,data/raw_mafaulda/full/imbalance/35g/12.0832.csv,imbalance,Imbalance_NON_BEARING,50000,5.0,250000,724.992,35g,"8ch(tacho;uh_ax,rad,tan;oh_ax,rad,tan;mic)",imbalance,35g,,https://www02.smt.ufrj.br/~offshore/mfs/page_01.html,documented,rotation 12.0832 Hz from filename
MAFAULDA,mafaulda_imbalance_35g_13.7216,mafaulda_imbalance_35g,mafaulda_bearings_healthy,mafaulda_imbalance_35g,,data/raw_mafaulda/full/imbalance/35g/13.7216.csv,imbalance,Imbalance_NON_BEARING,50000,5.0,250000,823.296,35g,"8ch(tacho;uh_ax,rad,tan;oh_ax,rad,tan;mic)",imbalance,35g,,https://www02.smt.ufrj.br/~offshore/mfs/page_01.html,documented,rotation 13.7216 Hz from filename
MAFAULDA,mafaulda_imbalance_35g_14.5408,mafaulda_imbalance_35g,mafaulda_bearings_healthy,mafaulda_imbalance_35g,,data/raw_mafaulda/full/imbalance/35g/14.5408.csv,imbalance,Imbalance_NON_BEARING,50000,5.0,250000,872.4480000000001,35g,"8ch(tacho;uh_ax,rad,tan;oh_ax,rad,tan;mic)",imbalance,35g,,https://www02.smt.ufrj.br/~offshore/mfs/page_01.html,documented,rotation 14.5408 Hz from filename
MAFAULDA,mafaulda_imbalance_35g_15.7696,mafaulda_imbalance_35g,mafaulda_bearings_healthy,mafaulda_imbalance_35g,,data/raw_mafaulda/full/imbalance/35g/15.7696.csv,imbalance,Imbalance_NON_BEARING,50000,5.0,250000,946.176,35g,"8ch(tacho;uh_ax,rad,tan;oh_ax,rad,tan;mic)",imbalance,35g,,https://www02.smt.ufrj.br/~offshore/mfs/page_01.html,documented,rotation 15.7696 Hz from filename
MAFAULDA,mafaulda_imbalance_35g_16.5888,mafaulda_imbalance_35g,mafaulda_bearings_healthy,mafaulda_imbalance_35g,,data/raw_mafaulda/full/imbalance/35g/16.5888.csv,imbalance,Imbalance_NON_BEARING,50000,5.0,250000,995.328,35g,"8ch(tacho;uh_ax,rad,tan;oh_ax,rad,tan;mic)",imbalance,35g,,https://www02.smt.ufrj.br/~offshore/mfs/page_01.html,documented,rotation 16.5888 Hz from filename
MAFAULDA,mafaulda_imbalance_35g_17.2032,mafaulda_imbalance_35g,mafaulda_bearings_healthy,mafaulda_imbalance_35g,,data/raw_mafaulda/full/imbalance/35g/17.2032.csv,imbalance,Imbalance_NON_BEARING,50000,5.0,250000,1032.192,35g,"8ch(tacho;uh_ax,rad,tan;oh_ax,rad,tan;mic)",imbalance,35g,,https://www02.smt.ufrj.br/~offshore/mfs/page_01.html,documented,rotation 17.2032 Hz from filename
MAFAULDA,mafaulda_imbalance_35g_18.432,mafaulda_imbalance_35g,mafaulda_bearings_healthy,mafaulda_imbalance_35g,,data/raw_mafaulda/full/imbalance/35g/18.432.csv,imbalance,Imbalance_NON_BEARING,50000,5.0,250000,1105.9199999999998,35g,"8ch(tacho;uh_ax,rad,tan;oh_ax,rad,tan;mic)",imbalance,35g,,https://www02.smt.ufrj.br/~offshore/mfs/page_01.html,documented,rotation 18.432 Hz from filename
MAFAULDA,mafaulda_imbalance_35g_19.8656,mafaulda_imbalance_35g,mafaulda_bearings_healthy,mafaulda_imbalance_35g,,data/raw_mafaulda/full/imbalance/35g/19.8656.csv,imbalance,Imbalance_NON_BEARING,50000,5.0,250000,1191.9360000000001,35g,"8ch(tacho;uh_ax,rad,tan;oh_ax,rad,tan;mic)",imbalance,35g,,https://www02.smt.ufrj.br/~offshore/mfs/page_01.html,documented,rotation 19.8656 Hz from filename
MAFAULDA,mafaulda_imbalance_35g_20.8896,mafaulda_imbalance_35g,mafaulda_bearings_healthy,mafaulda_imbalance_35g,,data/raw_mafaulda/full/imbalance/35g/20.8896.csv,imbalance,Imbalance_NON_BEARING,50000,5.0,250000,1253.3760000000002,35g,"8ch(tacho;uh_ax,rad,tan;oh_ax,rad,tan;mic)",imbalance,35g,,https://www02.smt.ufrj.br/~offshore/mfs/page_01.html,documented,rotation 20.8896 Hz from filename
MAFAULDA,mafaulda_imbalance_35g_21.504,mafaulda_imbalance_35g,mafaulda_bearings_healthy,mafaulda_imbalance_35g,,data/raw_mafaulda/full/imbalance/35g/21.504.csv,imbalance,Imbalance_NON_BEARING,50000,5.0,250000,1290.24,35g,"8ch(tacho;uh_ax,rad,tan;oh_ax,rad,tan;mic)",imbalance,35g,,https://www02.smt.ufrj.br/~offshore/mfs/page_01.html,documented,rotation 21.504 Hz from filename
MAFAULDA,mafaulda_imbalance_35g_22.1184,mafaulda_imbalance_35g,mafaulda_bearings_healthy,mafaulda_imbalance_35g,,data/raw_mafaulda/full/imbalance/35g/22.1184.csv,imbalance,Imbalance_NON_BEARING,50000,5.0,250000,1327.104,35g,"8ch(tacho;uh_ax,rad,tan;oh_ax,rad,tan;mic)",imbalance,35g,,https://www02.smt.ufrj.br/~offshore/mfs/page_01.html,documented,rotation 22.1184 Hz from filename
MAFAULDA,mafaulda_imbalance_35g_22.9376,mafaulda_imbalance_35g,mafaulda_bearings_healthy,mafaulda_imbalance_35g,,data/raw_mafaulda/full/imbalance/35g/22.9376.csv,imbalance,Imbalance_NON_BEARING,50000,5.0,250000,1376.256,35g,"8ch(tacho;uh_ax,rad,tan;oh_ax,rad,tan;mic)",imbalance,35g,,https://www02.smt.ufrj.br/~offshore/mfs/page_01.html,documented,rotation 22.9376 Hz from filename
MAFAULDA,mafaulda_imbalance_35g_24.1664,mafaulda_imbalance_35g,mafaulda_bearings_healthy,mafaulda_imbalance_35g,,data/raw_mafaulda/full/imbalance/35g/24.1664.csv,imbalance,Imbalance_NON_BEARING,50000,5.0,250000,1449.984,35g,"8ch(tacho;uh_ax,rad,tan;oh_ax,rad,tan;mic)",imbalance,35g,,https://www02.smt.ufrj.br/~offshore/mfs/page_01.html,documented,rotation 24.1664 Hz from filename
MAFAULDA,mafaulda_imbalance_35g_25.6,mafaulda_imbalance_35g,mafaulda_bearings_healthy,mafaulda_imbalance_35g,,data/raw_mafaulda/full/imbalance/35g/25.6.csv,imbalance,Imbalance_NON_BEARING,50000,5.0,250000,1536.0,35g,"8ch(tacho;uh_ax,rad,tan;oh_ax,rad,tan;mic)",imbalance,35g,,https://www02.smt.ufrj.br/~offshore/mfs/page_01.html,documented,rotation 25.6 Hz from filename
MAFAULDA,mafaulda_imbalance_35g_26.0096,mafaulda_imbalance_35g,mafaulda_bearings_healthy,mafaulda_imbalance_35g,,data/raw_mafaulda/full/imbalance/35g/26.0096.csv,imbalance,Imbalance_NON_BEARING,50000,5.0,250000,1560.576,35g,"8ch(tacho;uh_ax,rad,tan;oh_ax,rad,tan;mic)",imbalance,35g,,https://www02.smt.ufrj.br/~offshore/mfs/page_01.html,documented,rotation 26.0096 Hz from filename
MAFAULDA,mafaulda_imbalance_35g_26.8288,mafaulda_imbalance_35g,mafaulda_bearings_healthy,mafaulda_imbalance_35g,,data/raw_mafaulda/full/imbalance/35g/26.8288.csv,imbalance,Imbalance_NON_BEARING,50000,5.0,250000,1609.728,35g,"8ch(tacho;uh_ax,rad,tan;oh_ax,rad,tan;mic)",imbalance,35g,,https://www02.smt.ufrj.br/~offshore/mfs/page_01.html,documented,rotation 26.8288 Hz from filename
MAFAULDA,mafaulda_imbalance_35g_28.4672,mafaulda_imbalance_35g,mafaulda_bearings_healthy,mafaulda_imbalance_35g,,data/raw_mafaulda/full/imbalance/35g/28.4672.csv,imbalance,Imbalance_NON_BEARING,50000,5.0,250000,1708.032,35g,"8ch(tacho;uh_ax,rad,tan;oh_ax,rad,tan;mic)",imbalance,35g,,https://www02.smt.ufrj.br/~offshore/mfs/page_01.html,documented,rotation 28.4672 Hz from filename
MAFAULDA,mafaulda_imbalance_35g_29.9008,mafaulda_imbalance_35g,mafaulda_bearings_healthy,mafaulda_imbalance_35g,,data/raw_mafaulda/full/imbalance/35g/29.9008.csv,imbalance,Imbalance_NON_BEARING,50000,5.0,250000,1794.048,35g,"8ch(tacho;uh_ax,rad,tan;oh_ax,rad,tan;mic)",imbalance,35g,,https://www02.smt.ufrj.br/~offshore/mfs/page_01.html,documented,rotation 29.9008 Hz from filename
MAFAULDA,mafaulda_imbalance_35g_30.5152,mafaulda_imbalance_35g,mafaulda_bearings_healthy,mafaulda_imbalance_35g,,data/raw_mafaulda/full/imbalance/35g/30.5152.csv,imbalance,Imbalance_NON_BEARING,50000,5.0,250000,1830.912,35g,"8ch(tacho;uh_ax,rad,tan;oh_ax,rad,tan;mic)",imbalance,35g,,https://www02.smt.ufrj.br/~offshore/mfs/page_01.html,documented,rotation 30.5152 Hz from filename
MAFAULDA,mafaulda_imbalance_35g_31.744,mafaulda_imbalance_35g,mafaulda_bearings_healthy,mafaulda_imbalance_35g,,data/raw_mafaulda/full/imbalance/35g/31.744.csv,imbalance,Imbalance_NON_BEARING,50000,5.0,250000,1904.6399999999999,35g,"8ch(tacho;uh_ax,rad,tan;oh_ax,rad,tan;mic)",imbalance,35g,,https://www02.smt.ufrj.br/~offshore/mfs/page_01.html,documented,rotation 31.744 Hz from filename
MAFAULDA,mafaulda_imbalance_35g_32.9728,mafaulda_imbalance_35g,mafaulda_bearings_healthy,mafaulda_imbalance_35g,,data/raw_mafaulda/full/imbalance/35g/32.9728.csv,imbalance,Imbalance_NON_BEARING,50000,5.0,250000,1978.368,35g,"8ch(tacho;uh_ax,rad,tan;oh_ax,rad,tan;mic)",imbalance,35g,,https://www02.smt.ufrj.br/~offshore/mfs/page_01.html,documented,rotation 32.9728 Hz from filename
MAFAULDA,mafaulda_imbalance_35g_33.5872,mafaulda_imbalance_35g,mafaulda_bearings_healthy,mafaulda_imbalance_35g,,data/raw_mafaulda/full/imbalance/35g/33.5872.csv,imbalance,Imbalance_NON_BEARING,50000,5.0,250000,2015.2320000000002,35g,"8ch(tacho;uh_ax,rad,tan;oh_ax,rad,tan;mic)",imbalance,35g,,https://www02.smt.ufrj.br/~offshore/mfs/page_01.html,documented,rotation 33.5872 Hz from filename
MAFAULDA,mafaulda_imbalance_35g_34.4064,mafaulda_imbalance_35g,mafaulda_bearings_healthy,mafaulda_imbalance_35g,,data/raw_mafaulda/full/imbalance/35g/34.4064.csv,imbalance,Imbalance_NON_BEARING,50000,5.0,250000,2064.384,35g,"8ch(tacho;uh_ax,rad,tan;oh_ax,rad,tan;mic)",imbalance,35g,,https://www02.smt.ufrj.br/~offshore/mfs/page_01.html,documented,rotation 34.4064 Hz from filename
MAFAULDA,mafaulda_imbalance_35g_35.6352,mafaulda_imbalance_35g,mafaulda_bearings_healthy,mafaulda_imbalance_35g,,data/raw_mafaulda/full/imbalance/35g/35.6352.csv,imbalance,Imbalance_NON_BEARING,50000,5.0,250000,2138.112,35g,"8ch(tacho;uh_ax,rad,tan;oh_ax,rad,tan;mic)",imbalance,35g,,https://www02.smt.ufrj.br/~offshore/mfs/page_01.html,documented,rotation 35.6352 Hz from filename
MAFAULDA,mafaulda_imbalance_35g_36.6592,mafaulda_imbalance_35g,mafaulda_bearings_healthy,mafaulda_imbalance_35g,,data/raw_mafaulda/full/imbalance/35g/36.6592.csv,imbalance,Imbalance_NON_BEARING,50000,5.0,250000,2199.5519999999997,35g,"8ch(tacho;uh_ax,rad,tan;oh_ax,rad,tan;mic)",imbalance,35g,,https://www02.smt.ufrj.br/~offshore/mfs/page_01.html,documented,rotation 36.6592 Hz from filename
MAFAULDA,mafaulda_imbalance_35g_37.4784,mafaulda_imbalance_35g,mafaulda_bearings_healthy,mafaulda_imbalance_35g,,data/raw_mafaulda/full/imbalance/35g/37.4784.csv,imbalance,Imbalance_NON_BEARING,50000,5.0,250000,2248.704,35g,"8ch(tacho;uh_ax,rad,tan;oh_ax,rad,tan;mic)",imbalance,35g,,https://www02.smt.ufrj.br/~offshore/mfs/page_01.html,documented,rotation 37.4784 Hz from filename
MAFAULDA,mafaulda_imbalance_35g_38.5024,mafaulda_imbalance_35g,mafaulda_bearings_healthy,mafaulda_imbalance_35g,,data/raw_mafaulda/full/imbalance/35g/38.5024.csv,imbalance,Imbalance_NON_BEARING,50000,5.0,250000,2310.1440000000002,35g,"8ch(tacho;uh_ax,rad,tan;oh_ax,rad,tan;mic)",imbalance,35g,,https://www02.smt.ufrj.br/~offshore/mfs/page_01.html,documented,rotation 38.5024 Hz from filename
MAFAULDA,mafaulda_imbalance_35g_39.1168,mafaulda_imbalance_35g,mafaulda_bearings_healthy,mafaulda_imbalance_35g,,data/raw_mafaulda/full/imbalance/35g/39.1168.csv,imbalance,Imbalance_NON_BEARING,50000,5.0,250000,2347.008,35g,"8ch(tacho;uh_ax,rad,tan;oh_ax,rad,tan;mic)",imbalance,35g,,https://www02.smt.ufrj.br/~offshore/mfs/page_01.html,documented,rotation 39.1168 Hz from filename
MAFAULDA,mafaulda_imbalance_35g_40.3456,mafaulda_imbalance_35g,mafaulda_bearings_healthy,mafaulda_imbalance_35g,,data/raw_mafaulda/full/imbalance/35g/40.3456.csv,imbalance,Imbalance_NON_BEARING,50000,5.0,250000,2420.736,35g,"8ch(tacho;uh_ax,rad,tan;oh_ax,rad,tan;mic)",imbalance,35g,,https://www02.smt.ufrj.br/~offshore/mfs/page_01.html,documented,rotation 40.3456 Hz from filename
MAFAULDA,mafaulda_imbalance_35g_41.5744,mafaulda_imbalance_35g,mafaulda_bearings_healthy,mafaulda_imbalance_35g,,data/raw_mafaulda/full/imbalance/35g/41.5744.csv,imbalance,Imbalance_NON_BEARING,50000,5.0,250000,2494.464,35g,"8ch(tacho;uh_ax,rad,tan;oh_ax,rad,tan;mic)",imbalance,35g,,https://www02.smt.ufrj.br/~offshore/mfs/page_01.html,documented,rotation 41.5744 Hz from filename
MAFAULDA,mafaulda_imbalance_35g_42.5984,mafaulda_imbalance_35g,mafaulda_bearings_healthy,mafaulda_imbalance_35g,,data/raw_mafaulda/full/imbalance/35g/42.5984.csv,imbalance,Imbalance_NON_BEARING,50000,5.0,250000,2555.904,35g,"8ch(tacho;uh_ax,rad,tan;oh_ax,rad,tan;mic)",imbalance,35g,,https://www02.smt.ufrj.br/~offshore/mfs/page_01.html,documented,rotation 42.5984 Hz from filename
MAFAULDA,mafaulda_imbalance_35g_43.6224,mafaulda_imbalance_35g,mafaulda_bearings_healthy,mafaulda_imbalance_35g,,data/raw_mafaulda/full/imbalance/35g/43.6224.csv,imbalance,Imbalance_NON_BEARING,50000,5.0,250000,2617.344,35g,"8ch(tacho;uh_ax,rad,tan;oh_ax,rad,tan;mic)",imbalance,35g,,https://www02.smt.ufrj.br/~offshore/mfs/page_01.html,documented,rotation 43.6224 Hz from filename
MAFAULDA,mafaulda_imbalance_35g_44.8512,mafaulda_imbalance_35g,mafaulda_bearings_healthy,mafaulda_imbalance_35g,,data/raw_mafaulda/full/imbalance/35g/44.8512.csv,imbalance,Imbalance_NON_BEARING,50000,5.0,250000,2691.072,35g,"8ch(tacho;uh_ax,rad,tan;oh_ax,rad,tan;mic)",imbalance,35g,,https://www02.smt.ufrj.br/~offshore/mfs/page_01.html,documented,rotation 44.8512 Hz from filename
MAFAULDA,mafaulda_imbalance_35g_45.4656,mafaulda_imbalance_35g,mafaulda_bearings_healthy,mafaulda_imbalance_35g,,data/raw_mafaulda/full/imbalance/35g/45.4656.csv,imbalance,Imbalance_NON_BEARING,50000,5.0,250000,2727.936,35g,"8ch(tacho;uh_ax,rad,tan;oh_ax,rad,tan;mic)",imbalance,35g,,https://www02.smt.ufrj.br/~offshore/mfs/page_01.html,documented,rotation 45.4656 Hz from filename
MAFAULDA,mafaulda_imbalance_35g_46.6944,mafaulda_imbalance_35g,mafaulda_bearings_healthy,mafaulda_imbalance_35g,,data/raw_mafaulda/full/imbalance/35g/46.6944.csv,imbalance,Imbalance_NON_BEARING,50000,5.0,250000,2801.664,35g,"8ch(tacho;uh_ax,rad,tan;oh_ax,rad,tan;mic)",imbalance,35g,,https://www02.smt.ufrj.br/~offshore/mfs/page_01.html,documented,rotation 46.6944 Hz from filename
MAFAULDA,mafaulda_imbalance_35g_47.5136,mafaulda_imbalance_35g,mafaulda_bearings_healthy,mafaulda_imbalance_35g,,data/raw_mafaulda/full/imbalance/35g/47.5136.csv,imbalance,Imbalance_NON_BEARING,50000,5.0,250000,2850.816,35g,"8ch(tacho;uh_ax,rad,tan;oh_ax,rad,tan;mic)",imbalance,35g,,https://www02.smt.ufrj.br/~offshore/mfs/page_01.html,documented,rotation 47.5136 Hz from filename
MAFAULDA,mafaulda_imbalance_35g_48.7424,mafaulda_imbalance_35g,mafaulda_bearings_healthy,mafaulda_imbalance_35g,,data/raw_mafaulda/full/imbalance/35g/48.7424.csv,imbalance,Imbalance_NON_BEARING,50000,5.0,250000,2924.5440000000003,35g,"8ch(tacho;uh_ax,rad,tan;oh_ax,rad,tan;mic)",imbalance,35g,,https://www02.smt.ufrj.br/~offshore/mfs/page_01.html,documented,rotation 48.7424 Hz from filename
MAFAULDA,mafaulda_imbalance_35g_49.9712,mafaulda_imbalance_35g,mafaulda_bearings_healthy,mafaulda_imbalance_35g,,data/raw_mafaulda/full/imbalance/35g/49.9712.csv,imbalance,Imbalance_NON_BEARING,50000,5.0,250000,2998.2720000000004,35g,"8ch(tacho;uh_ax,rad,tan;oh_ax,rad,tan;mic)",imbalance,35g,,https://www02.smt.ufrj.br/~offshore/mfs/page_01.html,documented,rotation 49.9712 Hz from filename
MAFAULDA,mafaulda_imbalance_35g_50.9952,mafaulda_imbalance_35g,mafaulda_bearings_healthy,mafaulda_imbalance_35g,,data/raw_mafaulda/full/imbalance/35g/50.9952.csv,imbalance,Imbalance_NON_BEARING,50000,5.0,250000,3059.712,35g,"8ch(tacho;uh_ax,rad,tan;oh_ax,rad,tan;mic)",imbalance,35g,,https://www02.smt.ufrj.br/~offshore/mfs/page_01.html,documented,rotation 50.9952 Hz from filename
MAFAULDA,mafaulda_imbalance_35g_51.8144,mafaulda_imbalance_35g,mafaulda_bearings_healthy,mafaulda_imbalance_35g,,data/raw_mafaulda/full/imbalance/35g/51.8144.csv,imbalance,Imbalance_NON_BEARING,50000,5.0,250000,3108.864,35g,"8ch(tacho;uh_ax,rad,tan;oh_ax,rad,tan;mic)",imbalance,35g,,https://www02.smt.ufrj.br/~offshore/mfs/page_01.html,documented,rotation 51.8144 Hz from filename
MAFAULDA,mafaulda_imbalance_35g_52.4288,mafaulda_imbalance_35g,mafaulda_bearings_healthy,mafaulda_imbalance_35g,,data/raw_mafaulda/full/imbalance/35g/52.4288.csv,imbalance,Imbalance_NON_BEARING,50000,5.0,250000,3145.728,35g,"8ch(tacho;uh_ax,rad,tan;oh_ax,rad,tan;mic)",imbalance,35g,,https://www02.smt.ufrj.br/~offshore/mfs/page_01.html,documented,rotation 52.4288 Hz from filename
MAFAULDA,mafaulda_imbalance_35g_52.8384,mafaulda_imbalance_35g,mafaulda_bearings_healthy,mafaulda_imbalance_35g,,data/raw_mafaulda/full/imbalance/35g/52.8384.csv,imbalance,Imbalance_NON_BEARING,50000,5.0,250000,3170.304,35g,"8ch(tacho;uh_ax,rad,tan;oh_ax,rad,tan;mic)",imbalance,35g,,https://www02.smt.ufrj.br/~offshore/mfs/page_01.html,documented,rotation 52.8384 Hz from filename
MAFAULDA,mafaulda_imbalance_35g_54.4768,mafaulda_imbalance_35g,mafaulda_bearings_healthy,mafaulda_imbalance_35g,,data/raw_mafaulda/full/imbalance/35g/54.4768.csv,imbalance,Imbalance_NON_BEARING,50000,5.0,250000,3268.6079999999997,35g,"8ch(tacho;uh_ax,rad,tan;oh_ax,rad,tan;mic)",imbalance,35g,,https://www02.smt.ufrj.br/~offshore/mfs/page_01.html,documented,rotation 54.4768 Hz from filename
MAFAULDA,mafaulda_imbalance_35g_55.0912,mafaulda_imbalance_35g,mafaulda_bearings_healthy,mafaulda_imbalance_35g,,data/raw_mafaulda/full/imbalance/35g/55.0912.csv,imbalance,Imbalance_NON_BEARING,50000,5.0,250000,3305.472,35g,"8ch(tacho;uh_ax,rad,tan;oh_ax,rad,tan;mic)",imbalance,35g,,https://www02.smt.ufrj.br/~offshore/mfs/page_01.html,documented,rotation 55.0912 Hz from filename
MAFAULDA,mafaulda_imbalance_35g_56.7296,mafaulda_imbalance_35g,mafaulda_bearings_healthy,mafaulda_imbalance_35g,,data/raw_mafaulda/full/imbalance/35g/56.7296.csv,imbalance,Imbalance_NON_BEARING,50000,5.0,250000,3403.776,35g,"8ch(tacho;uh_ax,rad,tan;oh_ax,rad,tan;mic)",imbalance,35g,,https://www02.smt.ufrj.br/~offshore/mfs/page_01.html,documented,rotation 56.7296 Hz from filename
MAFAULDA,mafaulda_imbalance_6g_13.9264,mafaulda_imbalance_6g,mafaulda_bearings_healthy,mafaulda_imbalance_6g,,data/raw_mafaulda/full/imbalance/6g/13.9264.csv,imbalance,Imbalance_NON_BEARING,50000,5.0,250000,835.584,6g,"8ch(tacho;uh_ax,rad,tan;oh_ax,rad,tan;mic)",imbalance,6g,,https://www02.smt.ufrj.br/~offshore/mfs/page_01.html,documented,rotation 13.9264 Hz from filename
MAFAULDA,mafaulda_imbalance_6g_14.336,mafaulda_imbalance_6g,mafaulda_bearings_healthy,mafaulda_imbalance_6g,,data/raw_mafaulda/full/imbalance/6g/14.336.csv,imbalance,Imbalance_NON_BEARING,50000,5.0,250000,860.16,6g,"8ch(tacho;uh_ax,rad,tan;oh_ax,rad,tan;mic)",imbalance,6g,,https://www02.smt.ufrj.br/~offshore/mfs/page_01.html,documented,rotation 14.336 Hz from filename
MAFAULDA,mafaulda_imbalance_6g_15.36,mafaulda_imbalance_6g,mafaulda_bearings_healthy,mafaulda_imbalance_6g,,data/raw_mafaulda/full/imbalance/6g/15.36.csv,imbalance,Imbalance_NON_BEARING,50000,5.0,250000,921.5999999999999,6g,"8ch(tacho;uh_ax,rad,tan;oh_ax,rad,tan;mic)",imbalance,6g,,https://www02.smt.ufrj.br/~offshore/mfs/page_01.html,documented,rotation 15.36 Hz from filename
MAFAULDA,mafaulda_imbalance_6g_16.1792,mafaulda_imbalance_6g,mafaulda_bearings_healthy,mafaulda_imbalance_6g,,data/raw_mafaulda/full/imbalance/6g/16.1792.csv,imbalance,Imbalance_NON_BEARING,50000,5.0,250000,970.7520000000001,6g,"8ch(tacho;uh_ax,rad,tan;oh_ax,rad,tan;mic)",imbalance,6g,,https://www02.smt.ufrj.br/~offshore/mfs/page_01.html,documented,rotation 16.1792 Hz from filename
MAFAULDA,mafaulda_imbalance_6g_17.408,mafaulda_imbalance_6g,mafaulda_bearings_healthy,mafaulda_imbalance_6g,,data/raw_mafaulda/full/imbalance/6g/17.408.csv,imbalance,Imbalance_NON_BEARING,50000,5.0,250000,1044.48,6g,"8ch(tacho;uh_ax,rad,tan;oh_ax,rad,tan;mic)",imbalance,6g,,https://www02.smt.ufrj.br/~offshore/mfs/page_01.html,documented,rotation 17.408 Hz from filename
MAFAULDA,mafaulda_imbalance_6g_18.432,mafaulda_imbalance_6g,mafaulda_bearings_healthy,mafaulda_imbalance_6g,,data/raw_mafaulda/full/imbalance/6g/18.432.csv,imbalance,Imbalance_NON_BEARING,50000,5.0,250000,1105.9199999999998,6g,"8ch(tacho;uh_ax,rad,tan;oh_ax,rad,tan;mic)",imbalance,6g,,https://www02.smt.ufrj.br/~offshore/mfs/page_01.html,documented,rotation 18.432 Hz from filename
MAFAULDA,mafaulda_imbalance_6g_19.6608,mafaulda_imbalance_6g,mafaulda_bearings_healthy,mafaulda_imbalance_6g,,data/raw_mafaulda/full/imbalance/6g/19.6608.csv,imbalance,Imbalance_NON_BEARING,50000,5.0,250000,1179.648,6g,"8ch(tacho;uh_ax,rad,tan;oh_ax,rad,tan;mic)",imbalance,6g,,https://www02.smt.ufrj.br/~offshore/mfs/page_01.html,documented,rotation 19.6608 Hz from filename
MAFAULDA,mafaulda_imbalance_6g_20.2752,mafaulda_imbalance_6g,mafaulda_bearings_healthy,mafaulda_imbalance_6g,,data/raw_mafaulda/full/imbalance/6g/20.2752.csv,imbalance,Imbalance_NON_BEARING,50000,5.0,250000,1216.5120000000002,6g,"8ch(tacho;uh_ax,rad,tan;oh_ax,rad,tan;mic)",imbalance,6g,,https://www02.smt.ufrj.br/~offshore/mfs/page_01.html,documented,rotation 20.2752 Hz from filename
MAFAULDA,mafaulda_imbalance_6g_21.7088,mafaulda_imbalance_6g,mafaulda_bearings_healthy,mafaulda_imbalance_6g,,data/raw_mafaulda/full/imbalance/6g/21.7088.csv,imbalance,Imbalance_NON_BEARING,50000,5.0,250000,1302.528,6g,"8ch(tacho;uh_ax,rad,tan;oh_ax,rad,tan;mic)",imbalance,6g,,https://www02.smt.ufrj.br/~offshore/mfs/page_01.html,documented,rotation 21.7088 Hz from filename
MAFAULDA,mafaulda_imbalance_6g_22.7328,mafaulda_imbalance_6g,mafaulda_bearings_healthy,mafaulda_imbalance_6g,,data/raw_mafaulda/full/imbalance/6g/22.7328.csv,imbalance,Imbalance_NON_BEARING,50000,5.0,250000,1363.968,6g,"8ch(tacho;uh_ax,rad,tan;oh_ax,rad,tan;mic)",imbalance,6g,,https://www02.smt.ufrj.br/~offshore/mfs/page_01.html,documented,rotation 22.7328 Hz from filename
MAFAULDA,mafaulda_imbalance_6g_23.552,mafaulda_imbalance_6g,mafaulda_bearings_healthy,mafaulda_imbalance_6g,,data/raw_mafaulda/full/imbalance/6g/23.552.csv,imbalance,Imbalance_NON_BEARING,50000,5.0,250000,1413.12,6g,"8ch(tacho;uh_ax,rad,tan;oh_ax,rad,tan;mic)",imbalance,6g,,https://www02.smt.ufrj.br/~offshore/mfs/page_01.html,documented,rotation 23.552 Hz from filename
MAFAULDA,mafaulda_imbalance_6g_24.576,mafaulda_imbalance_6g,mafaulda_bearings_healthy,mafaulda_imbalance_6g,,data/raw_mafaulda/full/imbalance/6g/24.576.csv,imbalance,Imbalance_NON_BEARING,50000,5.0,250000,1474.56,6g,"8ch(tacho;uh_ax,rad,tan;oh_ax,rad,tan;mic)",imbalance,6g,,https://www02.smt.ufrj.br/~offshore/mfs/page_01.html,documented,rotation 24.576 Hz from filename
MAFAULDA,mafaulda_imbalance_6g_25.3952,mafaulda_imbalance_6g,mafaulda_bearings_healthy,mafaulda_imbalance_6g,,data/raw_mafaulda/full/imbalance/6g/25.3952.csv,imbalance,Imbalance_NON_BEARING,50000,5.0,250000,1523.712,6g,"8ch(tacho;uh_ax,rad,tan;oh_ax,rad,tan;mic)",imbalance,6g,,https://www02.smt.ufrj.br/~offshore/mfs/page_01.html,documented,rotation 25.3952 Hz from filename
MAFAULDA,mafaulda_imbalance_6g_26.8288,mafaulda_imbalance_6g,mafaulda_bearings_healthy,mafaulda_imbalance_6g,,data/raw_mafaulda/full/imbalance/6g/26.8288.csv,imbalance,Imbalance_NON_BEARING,50000,5.0,250000,1609.728,6g,"8ch(tacho;uh_ax,rad,tan;oh_ax,rad,tan;mic)",imbalance,6g,,https://www02.smt.ufrj.br/~offshore/mfs/page_01.html,documented,rotation 26.8288 Hz from filename
MAFAULDA,mafaulda_imbalance_6g_27.648,mafaulda_imbalance_6g,mafaulda_bearings_healthy,mafaulda_imbalance_6g,,data/raw_mafaulda/full/imbalance/6g/27.648.csv,imbalance,Imbalance_NON_BEARING,50000,5.0,250000,1658.8799999999999,6g,"8ch(tacho;uh_ax,rad,tan;oh_ax,rad,tan;mic)",imbalance,6g,,https://www02.smt.ufrj.br/~offshore/mfs/page_01.html,documented,rotation 27.648 Hz from filename
MAFAULDA,mafaulda_imbalance_6g_28.8768,mafaulda_imbalance_6g,mafaulda_bearings_healthy,mafaulda_imbalance_6g,,data/raw_mafaulda/full/imbalance/6g/28.8768.csv,imbalance,Imbalance_NON_BEARING,50000,5.0,250000,1732.608,6g,"8ch(tacho;uh_ax,rad,tan;oh_ax,rad,tan;mic)",imbalance,6g,,https://www02.smt.ufrj.br/~offshore/mfs/page_01.html,documented,rotation 28.8768 Hz from filename
MAFAULDA,mafaulda_imbalance_6g_29.4912,mafaulda_imbalance_6g,mafaulda_bearings_healthy,mafaulda_imbalance_6g,,data/raw_mafaulda/full/imbalance/6g/29.4912.csv,imbalance,Imbalance_NON_BEARING,50000,5.0,250000,1769.472,6g,"8ch(tacho;uh_ax,rad,tan;oh_ax,rad,tan;mic)",imbalance,6g,,https://www02.smt.ufrj.br/~offshore/mfs/page_01.html,documented,rotation 29.4912 Hz from filename
MAFAULDA,mafaulda_imbalance_6g_30.5152,mafaulda_imbalance_6g,mafaulda_bearings_healthy,mafaulda_imbalance_6g,,data/raw_mafaulda/full/imbalance/6g/30.5152.csv,imbalance,Imbalance_NON_BEARING,50000,5.0,250000,1830.912,6g,"8ch(tacho;uh_ax,rad,tan;oh_ax,rad,tan;mic)",imbalance,6g,,https://www02.smt.ufrj.br/~offshore/mfs/page_01.html,documented,rotation 30.5152 Hz from filename
MAFAULDA,mafaulda_imbalance_6g_31.5392,mafaulda_imbalance_6g,mafaulda_bearings_healthy,mafaulda_imbalance_6g,,data/raw_mafaulda/full/imbalance/6g/31.5392.csv,imbalance,Imbalance_NON_BEARING,50000,5.0,250000,1892.352,6g,"8ch(tacho;uh_ax,rad,tan;oh_ax,rad,tan;mic)",imbalance,6g,,https://www02.smt.ufrj.br/~offshore/mfs/page_01.html,documented,rotation 31.5392 Hz from filename
MAFAULDA,mafaulda_imbalance_6g_32.9728,mafaulda_imbalance_6g,mafaulda_bearings_healthy,mafaulda_imbalance_6g,,data/raw_mafaulda/full/imbalance/6g/32.9728.csv,imbalance,Imbalance_NON_BEARING,50000,5.0,250000,1978.368,6g,"8ch(tacho;uh_ax,rad,tan;oh_ax,rad,tan;mic)",imbalance,6g,,https://www02.smt.ufrj.br/~offshore/mfs/page_01.html,documented,rotation 32.9728 Hz from filename
MAFAULDA,mafaulda_imbalance_6g_33.9968,mafaulda_imbalance_6g,mafaulda_bearings_healthy,mafaulda_imbalance_6g,,data/raw_mafaulda/full/imbalance/6g/33.9968.csv,imbalance,Imbalance_NON_BEARING,50000,5.0,250000,2039.808,6g,"8ch(tacho;uh_ax,rad,tan;oh_ax,rad,tan;mic)",imbalance,6g,,https://www02.smt.ufrj.br/~offshore/mfs/page_01.html,documented,rotation 33.9968 Hz from filename
MAFAULDA,mafaulda_imbalance_6g_34.816,mafaulda_imbalance_6g,mafaulda_bearings_healthy,mafaulda_imbalance_6g,,data/raw_mafaulda/full/imbalance/6g/34.816.csv,imbalance,Imbalance_NON_BEARING,50000,5.0,250000,2088.96,6g,"8ch(tacho;uh_ax,rad,tan;oh_ax,rad,tan;mic)",imbalance,6g,,https://www02.smt.ufrj.br/~offshore/mfs/page_01.html,documented,rotation 34.816 Hz from filename
MAFAULDA,mafaulda_imbalance_6g_35.6352,mafaulda_imbalance_6g,mafaulda_bearings_healthy,mafaulda_imbalance_6g,,data/raw_mafaulda/full/imbalance/6g/35.6352.csv,imbalance,Imbalance_NON_BEARING,50000,5.0,250000,2138.112,6g,"8ch(tacho;uh_ax,rad,tan;oh_ax,rad,tan;mic)",imbalance,6g,,https://www02.smt.ufrj.br/~offshore/mfs/page_01.html,documented,rotation 35.6352 Hz from filename
MAFAULDA,mafaulda_imbalance_6g_36.4544,mafaulda_imbalance_6g,mafaulda_bearings_healthy,mafaulda_imbalance_6g,,data/raw_mafaulda/full/imbalance/6g/36.4544.csv,imbalance,Imbalance_NON_BEARING,50000,5.0,250000,2187.264,6g,"8ch(tacho;uh_ax,rad,tan;oh_ax,rad,tan;mic)",imbalance,6g,,https://www02.smt.ufrj.br/~offshore/mfs/page_01.html,documented,rotation 36.4544 Hz from filename
MAFAULDA,mafaulda_imbalance_6g_37.6832,mafaulda_imbalance_6g,mafaulda_bearings_healthy,mafaulda_imbalance_6g,,data/raw_mafaulda/full/imbalance/6g/37.6832.csv,imbalance,Imbalance_NON_BEARING,50000,5.0,250000,2260.992,6g,"8ch(tacho;uh_ax,rad,tan;oh_ax,rad,tan;mic)",imbalance,6g,,https://www02.smt.ufrj.br/~offshore/mfs/page_01.html,documented,rotation 37.6832 Hz from filename
MAFAULDA,mafaulda_imbalance_6g_38.5024,mafaulda_imbalance_6g,mafaulda_bearings_healthy,mafaulda_imbalance_6g,,data/raw_mafaulda/full/imbalance/6g/38.5024.csv,imbalance,Imbalance_NON_BEARING,50000,5.0,250000,2310.1440000000002,6g,"8ch(tacho;uh_ax,rad,tan;oh_ax,rad,tan;mic)",imbalance,6g,,https://www02.smt.ufrj.br/~offshore/mfs/page_01.html,documented,rotation 38.5024 Hz from filename
MAFAULDA,mafaulda_imbalance_6g_39.3216,mafaulda_imbalance_6g,mafaulda_bearings_healthy,mafaulda_imbalance_6g,,data/raw_mafaulda/full/imbalance/6g/39.3216.csv,imbalance,Imbalance_NON_BEARING,50000,5.0,250000,2359.296,6g,"8ch(tacho;uh_ax,rad,tan;oh_ax,rad,tan;mic)",imbalance,6g,,https://www02.smt.ufrj.br/~offshore/mfs/page_01.html,documented,rotation 39.3216 Hz from filename
MAFAULDA,mafaulda_imbalance_6g_40.7552,mafaulda_imbalance_6g,mafaulda_bearings_healthy,mafaulda_imbalance_6g,,data/raw_mafaulda/full/imbalance/6g/40.7552.csv,imbalance,Imbalance_NON_BEARING,50000,5.0,250000,2445.312,6g,"8ch(tacho;uh_ax,rad,tan;oh_ax,rad,tan;mic)",imbalance,6g,,https://www02.smt.ufrj.br/~offshore/mfs/page_01.html,documented,rotation 40.7552 Hz from filename
MAFAULDA,mafaulda_imbalance_6g_41.3696,mafaulda_imbalance_6g,mafaulda_bearings_healthy,mafaulda_imbalance_6g,,data/raw_mafaulda/full/imbalance/6g/41.3696.csv,imbalance,Imbalance_NON_BEARING,50000,5.0,250000,2482.176,6g,"8ch(tacho;uh_ax,rad,tan;oh_ax,rad,tan;mic)",imbalance,6g,,https://www02.smt.ufrj.br/~offshore/mfs/page_01.html,documented,rotation 41.3696 Hz from filename
MAFAULDA,mafaulda_imbalance_6g_42.5984,mafaulda_imbalance_6g,mafaulda_bearings_healthy,mafaulda_imbalance_6g,,data/raw_mafaulda/full/imbalance/6g/42.5984.csv,imbalance,Imbalance_NON_BEARING,50000,5.0,250000,2555.904,6g,"8ch(tacho;uh_ax,rad,tan;oh_ax,rad,tan;mic)",imbalance,6g,,https://www02.smt.ufrj.br/~offshore/mfs/page_01.html,documented,rotation 42.5984 Hz from filename
MAFAULDA,mafaulda_imbalance_6g_43.4176,mafaulda_imbalance_6g,mafaulda_bearings_healthy,mafaulda_imbalance_6g,,data/raw_mafaulda/full/imbalance/6g/43.4176.csv,imbalance,Imbalance_NON_BEARING,50000,5.0,250000,2605.056,6g,"8ch(tacho;uh_ax,rad,tan;oh_ax,rad,tan;mic)",imbalance,6g,,https://www02.smt.ufrj.br/~offshore/mfs/page_01.html,documented,rotation 43.4176 Hz from filename
MAFAULDA,mafaulda_imbalance_6g_44.4416,mafaulda_imbalance_6g,mafaulda_bearings_healthy,mafaulda_imbalance_6g,,data/raw_mafaulda/full/imbalance/6g/44.4416.csv,imbalance,Imbalance_NON_BEARING,50000,5.0,250000,2666.496,6g,"8ch(tacho;uh_ax,rad,tan;oh_ax,rad,tan;mic)",imbalance,6g,,https://www02.smt.ufrj.br/~offshore/mfs/page_01.html,documented,rotation 44.4416 Hz from filename
MAFAULDA,mafaulda_imbalance_6g_45.4656,mafaulda_imbalance_6g,mafaulda_bearings_healthy,mafaulda_imbalance_6g,,data/raw_mafaulda/full/imbalance/6g/45.4656.csv,imbalance,Imbalance_NON_BEARING,50000,5.0,250000,2727.936,6g,"8ch(tacho;uh_ax,rad,tan;oh_ax,rad,tan;mic)",imbalance,6g,,https://www02.smt.ufrj.br/~offshore/mfs/page_01.html,documented,rotation 45.4656 Hz from filename
MAFAULDA,mafaulda_imbalance_6g_46.6944,mafaulda_imbalance_6g,mafaulda_bearings_healthy,mafaulda_imbalance_6g,,data/raw_mafaulda/full/imbalance/6g/46.6944.csv,imbalance,Imbalance_NON_BEARING,50000,5.0,250000,2801.664,6g,"8ch(tacho;uh_ax,rad,tan;oh_ax,rad,tan;mic)",imbalance,6g,,https://www02.smt.ufrj.br/~offshore/mfs/page_01.html,documented,rotation 46.6944 Hz from filename
MAFAULDA,mafaulda_imbalance_6g_47.3088,mafaulda_imbalance_6g,mafaulda_bearings_healthy,mafaulda_imbalance_6g,,data/raw_mafaulda/full/imbalance/6g/47.3088.csv,imbalance,Imbalance_NON_BEARING,50000,5.0,250000,2838.528,6g,"8ch(tacho;uh_ax,rad,tan;oh_ax,rad,tan;mic)",imbalance,6g,,https://www02.smt.ufrj.br/~offshore/mfs/page_01.html,documented,rotation 47.3088 Hz from filename
MAFAULDA,mafaulda_imbalance_6g_48.128,mafaulda_imbalance_6g,mafaulda_bearings_healthy,mafaulda_imbalance_6g,,data/raw_mafaulda/full/imbalance/6g/48.128.csv,imbalance,Imbalance_NON_BEARING,50000,5.0,250000,2887.68,6g,"8ch(tacho;uh_ax,rad,tan;oh_ax,rad,tan;mic)",imbalance,6g,,https://www02.smt.ufrj.br/~offshore/mfs/page_01.html,documented,rotation 48.128 Hz from filename
MAFAULDA,mafaulda_imbalance_6g_49.152,mafaulda_imbalance_6g,mafaulda_bearings_healthy,mafaulda_imbalance_6g,,data/raw_mafaulda/full/imbalance/6g/49.152.csv,imbalance,Imbalance_NON_BEARING,50000,5.0,250000,2949.12,6g,"8ch(tacho;uh_ax,rad,tan;oh_ax,rad,tan;mic)",imbalance,6g,,https://www02.smt.ufrj.br/~offshore/mfs/page_01.html,documented,rotation 49.152 Hz from filename
MAFAULDA,mafaulda_imbalance_6g_50.5856,mafaulda_imbalance_6g,mafaulda_bearings_healthy,mafaulda_imbalance_6g,,data/raw_mafaulda/full/imbalance/6g/50.5856.csv,imbalance,Imbalance_NON_BEARING,50000,5.0,250000,3035.136,6g,"8ch(tacho;uh_ax,rad,tan;oh_ax,rad,tan;mic)",imbalance,6g,,https://www02.smt.ufrj.br/~offshore/mfs/page_01.html,documented,rotation 50.5856 Hz from filename
MAFAULDA,mafaulda_imbalance_6g_51.8144,mafaulda_imbalance_6g,mafaulda_bearings_healthy,mafaulda_imbalance_6g,,data/raw_mafaulda/full/imbalance/6g/51.8144.csv,imbalance,Imbalance_NON_BEARING,50000,5.0,250000,3108.864,6g,"8ch(tacho;uh_ax,rad,tan;oh_ax,rad,tan;mic)",imbalance,6g,,https://www02.smt.ufrj.br/~offshore/mfs/page_01.html,documented,rotation 51.8144 Hz from filename
MAFAULDA,mafaulda_imbalance_6g_52.224,mafaulda_imbalance_6g,mafaulda_bearings_healthy,mafaulda_imbalance_6g,,data/raw_mafaulda/full/imbalance/6g/52.224.csv,imbalance,Imbalance_NON_BEARING,50000,5.0,250000,3133.4399999999996,6g,"8ch(tacho;uh_ax,rad,tan;oh_ax,rad,tan;mic)",imbalance,6g,,https://www02.smt.ufrj.br/~offshore/mfs/page_01.html,documented,rotation 52.224 Hz from filename
MAFAULDA,mafaulda_imbalance_6g_53.6576,mafaulda_imbalance_6g,mafaulda_bearings_healthy,mafaulda_imbalance_6g,,data/raw_mafaulda/full/imbalance/6g/53.6576.csv,imbalance,Imbalance_NON_BEARING,50000,5.0,250000,3219.456,6g,"8ch(tacho;uh_ax,rad,tan;oh_ax,rad,tan;mic)",imbalance,6g,,https://www02.smt.ufrj.br/~offshore/mfs/page_01.html,documented,rotation 53.6576 Hz from filename
MAFAULDA,mafaulda_imbalance_6g_54.4768,mafaulda_imbalance_6g,mafaulda_bearings_healthy,mafaulda_imbalance_6g,,data/raw_mafaulda/full/imbalance/6g/54.4768.csv,imbalance,Imbalance_NON_BEARING,50000,5.0,250000,3268.6079999999997,6g,"8ch(tacho;uh_ax,rad,tan;oh_ax,rad,tan;mic)",imbalance,6g,,https://www02.smt.ufrj.br/~offshore/mfs/page_01.html,documented,rotation 54.4768 Hz from filename
MAFAULDA,mafaulda_imbalance_6g_55.296,mafaulda_imbalance_6g,mafaulda_bearings_healthy,mafaulda_imbalance_6g,,data/raw_mafaulda/full/imbalance/6g/55.296.csv,imbalance,Imbalance_NON_BEARING,50000,5.0,250000,3317.7599999999998,6g,"8ch(tacho;uh_ax,rad,tan;oh_ax,rad,tan;mic)",imbalance,6g,,https://www02.smt.ufrj.br/~offshore/mfs/page_01.html,documented,rotation 55.296 Hz from filename
MAFAULDA,mafaulda_imbalance_6g_56.1152,mafaulda_imbalance_6g,mafaulda_bearings_healthy,mafaulda_imbalance_6g,,data/raw_mafaulda/full/imbalance/6g/56.1152.csv,imbalance,Imbalance_NON_BEARING,50000,5.0,250000,3366.9120000000003,6g,"8ch(tacho;uh_ax,rad,tan;oh_ax,rad,tan;mic)",imbalance,6g,,https://www02.smt.ufrj.br/~offshore/mfs/page_01.html,documented,rotation 56.1152 Hz from filename
MAFAULDA,mafaulda_imbalance_6g_58.1632,mafaulda_imbalance_6g,mafaulda_bearings_healthy,mafaulda_imbalance_6g,,data/raw_mafaulda/full/imbalance/6g/58.1632.csv,imbalance,Imbalance_NON_BEARING,50000,5.0,250000,3489.7920000000004,6g,"8ch(tacho;uh_ax,rad,tan;oh_ax,rad,tan;mic)",imbalance,6g,,https://www02.smt.ufrj.br/~offshore/mfs/page_01.html,documented,rotation 58.1632 Hz from filename
MAFAULDA,mafaulda_imbalance_6g_58.7776,mafaulda_imbalance_6g,mafaulda_bearings_healthy,mafaulda_imbalance_6g,,data/raw_mafaulda/full/imbalance/6g/58.7776.csv,imbalance,Imbalance_NON_BEARING,50000,5.0,250000,3526.656,6g,"8ch(tacho;uh_ax,rad,tan;oh_ax,rad,tan;mic)",imbalance,6g,,https://www02.smt.ufrj.br/~offshore/mfs/page_01.html,documented,rotation 58.7776 Hz from filename
MAFAULDA,mafaulda_imbalance_6g_59.392,mafaulda_imbalance_6g,mafaulda_bearings_healthy,mafaulda_imbalance_6g,,data/raw_mafaulda/full/imbalance/6g/59.392.csv,imbalance,Imbalance_NON_BEARING,50000,5.0,250000,3563.52,6g,"8ch(tacho;uh_ax,rad,tan;oh_ax,rad,tan;mic)",imbalance,6g,,https://www02.smt.ufrj.br/~offshore/mfs/page_01.html,documented,rotation 59.392 Hz from filename
MAFAULDA,mafaulda_imbalance_6g_60.2112,mafaulda_imbalance_6g,mafaulda_bearings_healthy,mafaulda_imbalance_6g,,data/raw_mafaulda/full/imbalance/6g/60.2112.csv,imbalance,Imbalance_NON_BEARING,50000,5.0,250000,3612.672,6g,"8ch(tacho;uh_ax,rad,tan;oh_ax,rad,tan;mic)",imbalance,6g,,https://www02.smt.ufrj.br/~offshore/mfs/page_01.html,documented,rotation 60.2112 Hz from filename
MAFAULDA,mafaulda_imbalance_6g_62.0544,mafaulda_imbalance_6g,mafaulda_bearings_healthy,mafaulda_imbalance_6g,,data/raw_mafaulda/full/imbalance/6g/62.0544.csv,imbalance,Imbalance_NON_BEARING,50000,5.0,250000,3723.264,6g,"8ch(tacho;uh_ax,rad,tan;oh_ax,rad,tan;mic)",imbalance,6g,,https://www02.smt.ufrj.br/~offshore/mfs/page_01.html,documented,rotation 62.0544 Hz from filename
MAFAULDA,mafaulda_normal_12.288,mafaulda_normal,mafaulda_bearings_healthy,mafaulda_normal,,data/raw_mafaulda/full/normal/12.288.csv,normal,Healthy,50000,5.0,250000,737.28,,"8ch(tacho;uh_ax,rad,tan;oh_ax,rad,tan;mic)",healthy,,,https://www02.smt.ufrj.br/~offshore/mfs/page_01.html,documented,rotation 12.288 Hz from filename
MAFAULDA,mafaulda_normal_13.1072,mafaulda_normal,mafaulda_bearings_healthy,mafaulda_normal,,data/raw_mafaulda/full/normal/13.1072.csv,normal,Healthy,50000,5.0,250000,786.432,,"8ch(tacho;uh_ax,rad,tan;oh_ax,rad,tan;mic)",healthy,,,https://www02.smt.ufrj.br/~offshore/mfs/page_01.html,documented,rotation 13.1072 Hz from filename
MAFAULDA,mafaulda_normal_14.336,mafaulda_normal,mafaulda_bearings_healthy,mafaulda_normal,,data/raw_mafaulda/full/normal/14.336.csv,normal,Healthy,50000,5.0,250000,860.16,,"8ch(tacho;uh_ax,rad,tan;oh_ax,rad,tan;mic)",healthy,,,https://www02.smt.ufrj.br/~offshore/mfs/page_01.html,documented,rotation 14.336 Hz from filename
MAFAULDA,mafaulda_normal_15.1552,mafaulda_normal,mafaulda_bearings_healthy,mafaulda_normal,,data/raw_mafaulda/full/normal/15.1552.csv,normal,Healthy,50000,5.0,250000,909.312,,"8ch(tacho;uh_ax,rad,tan;oh_ax,rad,tan;mic)",healthy,,,https://www02.smt.ufrj.br/~offshore/mfs/page_01.html,documented,rotation 15.1552 Hz from filename
MAFAULDA,mafaulda_normal_16.1792,mafaulda_normal,mafaulda_bearings_healthy,mafaulda_normal,,data/raw_mafaulda/full/normal/16.1792.csv,normal,Healthy,50000,5.0,250000,970.7520000000001,,"8ch(tacho;uh_ax,rad,tan;oh_ax,rad,tan;mic)",healthy,,,https://www02.smt.ufrj.br/~offshore/mfs/page_01.html,documented,rotation 16.1792 Hz from filename
MAFAULDA,mafaulda_normal_17.2032,mafaulda_normal,mafaulda_bearings_healthy,mafaulda_normal,,data/raw_mafaulda/full/normal/17.2032.csv,normal,Healthy,50000,5.0,250000,1032.192,,"8ch(tacho;uh_ax,rad,tan;oh_ax,rad,tan;mic)",healthy,,,https://www02.smt.ufrj.br/~offshore/mfs/page_01.html,documented,rotation 17.2032 Hz from filename
MAFAULDA,mafaulda_normal_18.432,mafaulda_normal,mafaulda_bearings_healthy,mafaulda_normal,,data/raw_mafaulda/full/normal/18.432.csv,normal,Healthy,50000,5.0,250000,1105.9199999999998,,"8ch(tacho;uh_ax,rad,tan;oh_ax,rad,tan;mic)",healthy,,,https://www02.smt.ufrj.br/~offshore/mfs/page_01.html,documented,rotation 18.432 Hz from filename
MAFAULDA,mafaulda_normal_19.6608,mafaulda_normal,mafaulda_bearings_healthy,mafaulda_normal,,data/raw_mafaulda/full/normal/19.6608.csv,normal,Healthy,50000,5.0,250000,1179.648,,"8ch(tacho;uh_ax,rad,tan;oh_ax,rad,tan;mic)",healthy,,,https://www02.smt.ufrj.br/~offshore/mfs/page_01.html,documented,rotation 19.6608 Hz from filename
MAFAULDA,mafaulda_normal_20.2752,mafaulda_normal,mafaulda_bearings_healthy,mafaulda_normal,,data/raw_mafaulda/full/normal/20.2752.csv,normal,Healthy,50000,5.0,250000,1216.5120000000002,,"8ch(tacho;uh_ax,rad,tan;oh_ax,rad,tan;mic)",healthy,,,https://www02.smt.ufrj.br/~offshore/mfs/page_01.html,documented,rotation 20.2752 Hz from filename
MAFAULDA,mafaulda_normal_21.7088,mafaulda_normal,mafaulda_bearings_healthy,mafaulda_normal,,data/raw_mafaulda/full/normal/21.7088.csv,normal,Healthy,50000,5.0,250000,1302.528,,"8ch(tacho;uh_ax,rad,tan;oh_ax,rad,tan;mic)",healthy,,,https://www02.smt.ufrj.br/~offshore/mfs/page_01.html,documented,rotation 21.7088 Hz from filename
MAFAULDA,mafaulda_normal_22.3232,mafaulda_normal,mafaulda_bearings_healthy,mafaulda_normal,,data/raw_mafaulda/full/normal/22.3232.csv,normal,Healthy,50000,5.0,250000,1339.392,,"8ch(tacho;uh_ax,rad,tan;oh_ax,rad,tan;mic)",healthy,,,https://www02.smt.ufrj.br/~offshore/mfs/page_01.html,documented,rotation 22.3232 Hz from filename
MAFAULDA,mafaulda_normal_23.552,mafaulda_normal,mafaulda_bearings_healthy,mafaulda_normal,,data/raw_mafaulda/full/normal/23.552.csv,normal,Healthy,50000,5.0,250000,1413.12,,"8ch(tacho;uh_ax,rad,tan;oh_ax,rad,tan;mic)",healthy,,,https://www02.smt.ufrj.br/~offshore/mfs/page_01.html,documented,rotation 23.552 Hz from filename
MAFAULDA,mafaulda_normal_24.576,mafaulda_normal,mafaulda_bearings_healthy,mafaulda_normal,,data/raw_mafaulda/full/normal/24.576.csv,normal,Healthy,50000,5.0,250000,1474.56,,"8ch(tacho;uh_ax,rad,tan;oh_ax,rad,tan;mic)",healthy,,,https://www02.smt.ufrj.br/~offshore/mfs/page_01.html,documented,rotation 24.576 Hz from filename
MAFAULDA,mafaulda_normal_25.6,mafaulda_normal,mafaulda_bearings_healthy,mafaulda_normal,,data/raw_mafaulda/full/normal/25.6.csv,normal,Healthy,50000,5.0,250000,1536.0,,"8ch(tacho;uh_ax,rad,tan;oh_ax,rad,tan;mic)",healthy,,,https://www02.smt.ufrj.br/~offshore/mfs/page_01.html,documented,rotation 25.6 Hz from filename
MAFAULDA,mafaulda_normal_26.624,mafaulda_normal,mafaulda_bearings_healthy,mafaulda_normal,,data/raw_mafaulda/full/normal/26.624.csv,normal,Healthy,50000,5.0,250000,1597.4399999999998,,"8ch(tacho;uh_ax,rad,tan;oh_ax,rad,tan;mic)",healthy,,,https://www02.smt.ufrj.br/~offshore/mfs/page_01.html,documented,rotation 26.624 Hz from filename
MAFAULDA,mafaulda_normal_27.4432,mafaulda_normal,mafaulda_bearings_healthy,mafaulda_normal,,data/raw_mafaulda/full/normal/27.4432.csv,normal,Healthy,50000,5.0,250000,1646.592,,"8ch(tacho;uh_ax,rad,tan;oh_ax,rad,tan;mic)",healthy,,,https://www02.smt.ufrj.br/~offshore/mfs/page_01.html,documented,rotation 27.4432 Hz from filename
MAFAULDA,mafaulda_normal_28.8768,mafaulda_normal,mafaulda_bearings_healthy,mafaulda_normal,,data/raw_mafaulda/full/normal/28.8768.csv,normal,Healthy,50000,5.0,250000,1732.608,,"8ch(tacho;uh_ax,rad,tan;oh_ax,rad,tan;mic)",healthy,,,https://www02.smt.ufrj.br/~offshore/mfs/page_01.html,documented,rotation 28.8768 Hz from filename
MAFAULDA,mafaulda_normal_29.4912,mafaulda_normal,mafaulda_bearings_healthy,mafaulda_normal,,data/raw_mafaulda/full/normal/29.4912.csv,normal,Healthy,50000,5.0,250000,1769.472,,"8ch(tacho;uh_ax,rad,tan;oh_ax,rad,tan;mic)",healthy,,,https://www02.smt.ufrj.br/~offshore/mfs/page_01.html,documented,rotation 29.4912 Hz from filename
MAFAULDA,mafaulda_normal_30.72,mafaulda_normal,mafaulda_bearings_healthy,mafaulda_normal,,data/raw_mafaulda/full/normal/30.72.csv,normal,Healthy,50000,5.0,250000,1843.1999999999998,,"8ch(tacho;uh_ax,rad,tan;oh_ax,rad,tan;mic)",healthy,,,https://www02.smt.ufrj.br/~offshore/mfs/page_01.html,documented,rotation 30.72 Hz from filename
MAFAULDA,mafaulda_normal_31.744,mafaulda_normal,mafaulda_bearings_healthy,mafaulda_normal,,data/raw_mafaulda/full/normal/31.744.csv,normal,Healthy,50000,5.0,250000,1904.6399999999999,,"8ch(tacho;uh_ax,rad,tan;oh_ax,rad,tan;mic)",healthy,,,https://www02.smt.ufrj.br/~offshore/mfs/page_01.html,documented,rotation 31.744 Hz from filename
MAFAULDA,mafaulda_normal_32.9728,mafaulda_normal,mafaulda_bearings_healthy,mafaulda_normal,,data/raw_mafaulda/full/normal/32.9728.csv,normal,Healthy,50000,5.0,250000,1978.368,,"8ch(tacho;uh_ax,rad,tan;oh_ax,rad,tan;mic)",healthy,,,https://www02.smt.ufrj.br/~offshore/mfs/page_01.html,documented,rotation 32.9728 Hz from filename
MAFAULDA,mafaulda_normal_33.5872,mafaulda_normal,mafaulda_bearings_healthy,mafaulda_normal,,data/raw_mafaulda/full/normal/33.5872.csv,normal,Healthy,50000,5.0,250000,2015.2320000000002,,"8ch(tacho;uh_ax,rad,tan;oh_ax,rad,tan;mic)",healthy,,,https://www02.smt.ufrj.br/~offshore/mfs/page_01.html,documented,rotation 33.5872 Hz from filename
MAFAULDA,mafaulda_normal_34.2016,mafaulda_normal,mafaulda_bearings_healthy,mafaulda_normal,,data/raw_mafaulda/full/normal/34.2016.csv,normal,Healthy,50000,5.0,250000,2052.096,,"8ch(tacho;uh_ax,rad,tan;oh_ax,rad,tan;mic)",healthy,,,https://www02.smt.ufrj.br/~offshore/mfs/page_01.html,documented,rotation 34.2016 Hz from filename
MAFAULDA,mafaulda_normal_35.4304,mafaulda_normal,mafaulda_bearings_healthy,mafaulda_normal,,data/raw_mafaulda/full/normal/35.4304.csv,normal,Healthy,50000,5.0,250000,2125.824,,"8ch(tacho;uh_ax,rad,tan;oh_ax,rad,tan;mic)",healthy,,,https://www02.smt.ufrj.br/~offshore/mfs/page_01.html,documented,rotation 35.4304 Hz from filename
MAFAULDA,mafaulda_normal_36.4544,mafaulda_normal,mafaulda_bearings_healthy,mafaulda_normal,,data/raw_mafaulda/full/normal/36.4544.csv,normal,Healthy,50000,5.0,250000,2187.264,,"8ch(tacho;uh_ax,rad,tan;oh_ax,rad,tan;mic)",healthy,,,https://www02.smt.ufrj.br/~offshore/mfs/page_01.html,documented,rotation 36.4544 Hz from filename
MAFAULDA,mafaulda_normal_37.6832,mafaulda_normal,mafaulda_bearings_healthy,mafaulda_normal,,data/raw_mafaulda/full/normal/37.6832.csv,normal,Healthy,50000,5.0,250000,2260.992,,"8ch(tacho;uh_ax,rad,tan;oh_ax,rad,tan;mic)",healthy,,,https://www02.smt.ufrj.br/~offshore/mfs/page_01.html,documented,rotation 37.6832 Hz from filename
MAFAULDA,mafaulda_normal_38.2976,mafaulda_normal,mafaulda_bearings_healthy,mafaulda_normal,,data/raw_mafaulda/full/normal/38.2976.csv,normal,Healthy,50000,5.0,250000,2297.856,,"8ch(tacho;uh_ax,rad,tan;oh_ax,rad,tan;mic)",healthy,,,https://www02.smt.ufrj.br/~offshore/mfs/page_01.html,documented,rotation 38.2976 Hz from filename
MAFAULDA,mafaulda_normal_39.3216,mafaulda_normal,mafaulda_bearings_healthy,mafaulda_normal,,data/raw_mafaulda/full/normal/39.3216.csv,normal,Healthy,50000,5.0,250000,2359.296,,"8ch(tacho;uh_ax,rad,tan;oh_ax,rad,tan;mic)",healthy,,,https://www02.smt.ufrj.br/~offshore/mfs/page_01.html,documented,rotation 39.3216 Hz from filename
MAFAULDA,mafaulda_normal_40.3456,mafaulda_normal,mafaulda_bearings_healthy,mafaulda_normal,,data/raw_mafaulda/full/normal/40.3456.csv,normal,Healthy,50000,5.0,250000,2420.736,,"8ch(tacho;uh_ax,rad,tan;oh_ax,rad,tan;mic)",healthy,,,https://www02.smt.ufrj.br/~offshore/mfs/page_01.html,documented,rotation 40.3456 Hz from filename
MAFAULDA,mafaulda_normal_41.7792,mafaulda_normal,mafaulda_bearings_healthy,mafaulda_normal,,data/raw_mafaulda/full/normal/41.7792.csv,normal,Healthy,50000,5.0,250000,2506.7520000000004,,"8ch(tacho;uh_ax,rad,tan;oh_ax,rad,tan;mic)",healthy,,,https://www02.smt.ufrj.br/~offshore/mfs/page_01.html,documented,rotation 41.7792 Hz from filename
MAFAULDA,mafaulda_normal_42.3936,mafaulda_normal,mafaulda_bearings_healthy,mafaulda_normal,,data/raw_mafaulda/full/normal/42.3936.csv,normal,Healthy,50000,5.0,250000,2543.616,,"8ch(tacho;uh_ax,rad,tan;oh_ax,rad,tan;mic)",healthy,,,https://www02.smt.ufrj.br/~offshore/mfs/page_01.html,documented,rotation 42.3936 Hz from filename
MAFAULDA,mafaulda_normal_43.6224,mafaulda_normal,mafaulda_bearings_healthy,mafaulda_normal,,data/raw_mafaulda/full/normal/43.6224.csv,normal,Healthy,50000,5.0,250000,2617.344,,"8ch(tacho;uh_ax,rad,tan;oh_ax,rad,tan;mic)",healthy,,,https://www02.smt.ufrj.br/~offshore/mfs/page_01.html,documented,rotation 43.6224 Hz from filename
MAFAULDA,mafaulda_normal_44.6464,mafaulda_normal,mafaulda_bearings_healthy,mafaulda_normal,,data/raw_mafaulda/full/normal/44.6464.csv,normal,Healthy,50000,5.0,250000,2678.784,,"8ch(tacho;uh_ax,rad,tan;oh_ax,rad,tan;mic)",healthy,,,https://www02.smt.ufrj.br/~offshore/mfs/page_01.html,documented,rotation 44.6464 Hz from filename
MAFAULDA,mafaulda_normal_45.4656,mafaulda_normal,mafaulda_bearings_healthy,mafaulda_normal,,data/raw_mafaulda/full/normal/45.4656.csv,normal,Healthy,50000,5.0,250000,2727.936,,"8ch(tacho;uh_ax,rad,tan;oh_ax,rad,tan;mic)",healthy,,,https://www02.smt.ufrj.br/~offshore/mfs/page_01.html,documented,rotation 45.4656 Hz from filename
MAFAULDA,mafaulda_normal_46.2848,mafaulda_normal,mafaulda_bearings_healthy,mafaulda_normal,,data/raw_mafaulda/full/normal/46.2848.csv,normal,Healthy,50000,5.0,250000,2777.0879999999997,,"8ch(tacho;uh_ax,rad,tan;oh_ax,rad,tan;mic)",healthy,,,https://www02.smt.ufrj.br/~offshore/mfs/page_01.html,documented,rotation 46.2848 Hz from filename
MAFAULDA,mafaulda_normal_47.7184,mafaulda_normal,mafaulda_bearings_healthy,mafaulda_normal,,data/raw_mafaulda/full/normal/47.7184.csv,normal,Healthy,50000,5.0,250000,2863.1040000000003,,"8ch(tacho;uh_ax,rad,tan;oh_ax,rad,tan;mic)",healthy,,,https://www02.smt.ufrj.br/~offshore/mfs/page_01.html,documented,rotation 47.7184 Hz from filename
MAFAULDA,mafaulda_normal_48.9472,mafaulda_normal,mafaulda_bearings_healthy,mafaulda_normal,,data/raw_mafaulda/full/normal/48.9472.csv,normal,Healthy,50000,5.0,250000,2936.8320000000003,,"8ch(tacho;uh_ax,rad,tan;oh_ax,rad,tan;mic)",healthy,,,https://www02.smt.ufrj.br/~offshore/mfs/page_01.html,documented,rotation 48.9472 Hz from filename
MAFAULDA,mafaulda_normal_49.5616,mafaulda_normal,mafaulda_bearings_healthy,mafaulda_normal,,data/raw_mafaulda/full/normal/49.5616.csv,normal,Healthy,50000,5.0,250000,2973.696,,"8ch(tacho;uh_ax,rad,tan;oh_ax,rad,tan;mic)",healthy,,,https://www02.smt.ufrj.br/~offshore/mfs/page_01.html,documented,rotation 49.5616 Hz from filename
MAFAULDA,mafaulda_normal_51.8144,mafaulda_normal,mafaulda_bearings_healthy,mafaulda_normal,,data/raw_mafaulda/full/normal/51.8144.csv,normal,Healthy,50000,5.0,250000,3108.864,,"8ch(tacho;uh_ax,rad,tan;oh_ax,rad,tan;mic)",healthy,,,https://www02.smt.ufrj.br/~offshore/mfs/page_01.html,documented,rotation 51.8144 Hz from filename
MAFAULDA,mafaulda_normal_52.4288,mafaulda_normal,mafaulda_bearings_healthy,mafaulda_normal,,data/raw_mafaulda/full/normal/52.4288.csv,normal,Healthy,50000,5.0,250000,3145.728,,"8ch(tacho;uh_ax,rad,tan;oh_ax,rad,tan;mic)",healthy,,,https://www02.smt.ufrj.br/~offshore/mfs/page_01.html,documented,rotation 52.4288 Hz from filename
MAFAULDA,mafaulda_normal_53.8624,mafaulda_normal,mafaulda_bearings_healthy,mafaulda_normal,,data/raw_mafaulda/full/normal/53.8624.csv,normal,Healthy,50000,5.0,250000,3231.744,,"8ch(tacho;uh_ax,rad,tan;oh_ax,rad,tan;mic)",healthy,,,https://www02.smt.ufrj.br/~offshore/mfs/page_01.html,documented,rotation 53.8624 Hz from filename
MAFAULDA,mafaulda_normal_54.6816,mafaulda_normal,mafaulda_bearings_healthy,mafaulda_normal,,data/raw_mafaulda/full/normal/54.6816.csv,normal,Healthy,50000,5.0,250000,3280.896,,"8ch(tacho;uh_ax,rad,tan;oh_ax,rad,tan;mic)",healthy,,,https://www02.smt.ufrj.br/~offshore/mfs/page_01.html,documented,rotation 54.6816 Hz from filename
MAFAULDA,mafaulda_normal_55.7056,mafaulda_normal,mafaulda_bearings_healthy,mafaulda_normal,,data/raw_mafaulda/full/normal/55.7056.csv,normal,Healthy,50000,5.0,250000,3342.336,,"8ch(tacho;uh_ax,rad,tan;oh_ax,rad,tan;mic)",healthy,,,https://www02.smt.ufrj.br/~offshore/mfs/page_01.html,documented,rotation 55.7056 Hz from filename
MAFAULDA,mafaulda_normal_56.7296,mafaulda_normal,mafaulda_bearings_healthy,mafaulda_normal,,data/raw_mafaulda/full/normal/56.7296.csv,normal,Healthy,50000,5.0,250000,3403.776,,"8ch(tacho;uh_ax,rad,tan;oh_ax,rad,tan;mic)",healthy,,,https://www02.smt.ufrj.br/~offshore/mfs/page_01.html,documented,rotation 56.7296 Hz from filename
MAFAULDA,mafaulda_normal_57.9584,mafaulda_normal,mafaulda_bearings_healthy,mafaulda_normal,,data/raw_mafaulda/full/normal/57.9584.csv,normal,Healthy,50000,5.0,250000,3477.504,,"8ch(tacho;uh_ax,rad,tan;oh_ax,rad,tan;mic)",healthy,,,https://www02.smt.ufrj.br/~offshore/mfs/page_01.html,documented,rotation 57.9584 Hz from filename
MAFAULDA,mafaulda_normal_58.7776,mafaulda_normal,mafaulda_bearings_healthy,mafaulda_normal,,data/raw_mafaulda/full/normal/58.7776.csv,normal,Healthy,50000,5.0,250000,3526.656,,"8ch(tacho;uh_ax,rad,tan;oh_ax,rad,tan;mic)",healthy,,,https://www02.smt.ufrj.br/~offshore/mfs/page_01.html,documented,rotation 58.7776 Hz from filename
MAFAULDA,mafaulda_normal_59.5968,mafaulda_normal,mafaulda_bearings_healthy,mafaulda_normal,,data/raw_mafaulda/full/normal/59.5968.csv,normal,Healthy,50000,5.0,250000,3575.808,,"8ch(tacho;uh_ax,rad,tan;oh_ax,rad,tan;mic)",healthy,,,https://www02.smt.ufrj.br/~offshore/mfs/page_01.html,documented,rotation 59.5968 Hz from filename
MAFAULDA,mafaulda_normal_60.416,mafaulda_normal,mafaulda_bearings_healthy,mafaulda_normal,,data/raw_mafaulda/full/normal/60.416.csv,normal,Healthy,50000,5.0,250000,3624.96,,"8ch(tacho;uh_ax,rad,tan;oh_ax,rad,tan;mic)",healthy,,,https://www02.smt.ufrj.br/~offshore/mfs/page_01.html,documented,rotation 60.416 Hz from filename
MAFAULDA,mafaulda_normal_61.44,mafaulda_normal,mafaulda_bearings_healthy,mafaulda_normal,,data/raw_mafaulda/full/normal/61.44.csv,normal,Healthy,50000,5.0,250000,3686.3999999999996,,"8ch(tacho;uh_ax,rad,tan;oh_ax,rad,tan;mic)",healthy,,,https://www02.smt.ufrj.br/~offshore/mfs/page_01.html,documented,rotation 61.44 Hz from filename
MAFAULDA,mafaulda_overhang_ball_fault_0g_12.9024,mafaulda_overhang_ball_fault_0g,mafaulda_defective_ball_fault,mafaulda_overhang_ball_fault_0g,,data/raw_mafaulda/full/overhang/ball_fault/0g/12.9024.csv,overhang/ball_fault,RollingElement,50000,5.0,250000,774.144,added_mass_0g,"8ch(tacho;uh_ax,rad,tan;oh_ax,rad,tan;mic)",bearing_ball_fault,added_mass_0g,overhang,https://www02.smt.ufrj.br/~offshore/mfs/page_01.html,documented,rotation 12.9024 Hz from filename
MAFAULDA,mafaulda_overhang_ball_fault_0g_14.1312,mafaulda_overhang_ball_fault_0g,mafaulda_defective_ball_fault,mafaulda_overhang_ball_fault_0g,,data/raw_mafaulda/full/overhang/ball_fault/0g/14.1312.csv,overhang/ball_fault,RollingElement,50000,5.0,250000,847.872,added_mass_0g,"8ch(tacho;uh_ax,rad,tan;oh_ax,rad,tan;mic)",bearing_ball_fault,added_mass_0g,overhang,https://www02.smt.ufrj.br/~offshore/mfs/page_01.html,documented,rotation 14.1312 Hz from filename
MAFAULDA,mafaulda_overhang_ball_fault_0g_15.7696,mafaulda_overhang_ball_fault_0g,mafaulda_defective_ball_fault,mafaulda_overhang_ball_fault_0g,,data/raw_mafaulda/full/overhang/ball_fault/0g/15.7696.csv,overhang/ball_fault,RollingElement,50000,5.0,250000,946.176,added_mass_0g,"8ch(tacho;uh_ax,rad,tan;oh_ax,rad,tan;mic)",bearing_ball_fault,added_mass_0g,overhang,https://www02.smt.ufrj.br/~offshore/mfs/page_01.html,documented,rotation 15.7696 Hz from filename
MAFAULDA,mafaulda_overhang_ball_fault_0g_16.5888,mafaulda_overhang_ball_fault_0g,mafaulda_defective_ball_fault,mafaulda_overhang_ball_fault_0g,,data/raw_mafaulda/full/overhang/ball_fault/0g/16.5888.csv,overhang/ball_fault,RollingElement,50000,5.0,250000,995.328,added_mass_0g,"8ch(tacho;uh_ax,rad,tan;oh_ax,rad,tan;mic)",bearing_ball_fault,added_mass_0g,overhang,https://www02.smt.ufrj.br/~offshore/mfs/page_01.html,documented,rotation 16.5888 Hz from filename
MAFAULDA,mafaulda_overhang_ball_fault_0g_17.6128,mafaulda_overhang_ball_fault_0g,mafaulda_defective_ball_fault,mafaulda_overhang_ball_fault_0g,,data/raw_mafaulda/full/overhang/ball_fault/0g/17.6128.csv,overhang/ball_fault,RollingElement,50000,5.0,250000,1056.768,added_mass_0g,"8ch(tacho;uh_ax,rad,tan;oh_ax,rad,tan;mic)",bearing_ball_fault,added_mass_0g,overhang,https://www02.smt.ufrj.br/~offshore/mfs/page_01.html,documented,rotation 17.6128 Hz from filename
MAFAULDA,mafaulda_overhang_ball_fault_0g_18.6368,mafaulda_overhang_ball_fault_0g,mafaulda_defective_ball_fault,mafaulda_overhang_ball_fault_0g,,data/raw_mafaulda/full/overhang/ball_fault/0g/18.6368.csv,overhang/ball_fault,RollingElement,50000,5.0,250000,1118.208,added_mass_0g,"8ch(tacho;uh_ax,rad,tan;oh_ax,rad,tan;mic)",bearing_ball_fault,added_mass_0g,overhang,https://www02.smt.ufrj.br/~offshore/mfs/page_01.html,documented,rotation 18.6368 Hz from filename
MAFAULDA,mafaulda_overhang_ball_fault_0g_19.6608,mafaulda_overhang_ball_fault_0g,mafaulda_defective_ball_fault,mafaulda_overhang_ball_fault_0g,,data/raw_mafaulda/full/overhang/ball_fault/0g/19.6608.csv,overhang/ball_fault,RollingElement,50000,5.0,250000,1179.648,added_mass_0g,"8ch(tacho;uh_ax,rad,tan;oh_ax,rad,tan;mic)",bearing_ball_fault,added_mass_0g,overhang,https://www02.smt.ufrj.br/~offshore/mfs/page_01.html,documented,rotation 19.6608 Hz from filename
MAFAULDA,mafaulda_overhang_ball_fault_0g_20.6848,mafaulda_overhang_ball_fault_0g,mafaulda_defective_ball_fault,mafaulda_overhang_ball_fault_0g,,data/raw_mafaulda/full/overhang/ball_fault/0g/20.6848.csv,overhang/ball_fault,RollingElement,50000,5.0,250000,1241.088,added_mass_0g,"8ch(tacho;uh_ax,rad,tan;oh_ax,rad,tan;mic)",bearing_ball_fault,added_mass_0g,overhang,https://www02.smt.ufrj.br/~offshore/mfs/page_01.html,documented,rotation 20.6848 Hz from filename
MAFAULDA,mafaulda_overhang_ball_fault_0g_21.504,mafaulda_overhang_ball_fault_0g,mafaulda_defective_ball_fault,mafaulda_overhang_ball_fault_0g,,data/raw_mafaulda/full/overhang/ball_fault/0g/21.504.csv,overhang/ball_fault,RollingElement,50000,5.0,250000,1290.24,added_mass_0g,"8ch(tacho;uh_ax,rad,tan;oh_ax,rad,tan;mic)",bearing_ball_fault,added_mass_0g,overhang,https://www02.smt.ufrj.br/~offshore/mfs/page_01.html,documented,rotation 21.504 Hz from filename
MAFAULDA,mafaulda_overhang_ball_fault_0g_22.3232,mafaulda_overhang_ball_fault_0g,mafaulda_defective_ball_fault,mafaulda_overhang_ball_fault_0g,,data/raw_mafaulda/full/overhang/ball_fault/0g/22.3232.csv,overhang/ball_fault,RollingElement,50000,5.0,250000,1339.392,added_mass_0g,"8ch(tacho;uh_ax,rad,tan;oh_ax,rad,tan;mic)",bearing_ball_fault,added_mass_0g,overhang,https://www02.smt.ufrj.br/~offshore/mfs/page_01.html,documented,rotation 22.3232 Hz from filename
MAFAULDA,mafaulda_overhang_ball_fault_0g_23.552,mafaulda_overhang_ball_fault_0g,mafaulda_defective_ball_fault,mafaulda_overhang_ball_fault_0g,,data/raw_mafaulda/full/overhang/ball_fault/0g/23.552.csv,overhang/ball_fault,RollingElement,50000,5.0,250000,1413.12,added_mass_0g,"8ch(tacho;uh_ax,rad,tan;oh_ax,rad,tan;mic)",bearing_ball_fault,added_mass_0g,overhang,https://www02.smt.ufrj.br/~offshore/mfs/page_01.html,documented,rotation 23.552 Hz from filename
MAFAULDA,mafaulda_overhang_ball_fault_0g_24.3712,mafaulda_overhang_ball_fault_0g,mafaulda_defective_ball_fault,mafaulda_overhang_ball_fault_0g,,data/raw_mafaulda/full/overhang/ball_fault/0g/24.3712.csv,overhang/ball_fault,RollingElement,50000,5.0,250000,1462.2720000000002,added_mass_0g,"8ch(tacho;uh_ax,rad,tan;oh_ax,rad,tan;mic)",bearing_ball_fault,added_mass_0g,overhang,https://www02.smt.ufrj.br/~offshore/mfs/page_01.html,documented,rotation 24.3712 Hz from filename
MAFAULDA,mafaulda_overhang_ball_fault_0g_25.8048,mafaulda_overhang_ball_fault_0g,mafaulda_defective_ball_fault,mafaulda_overhang_ball_fault_0g,,data/raw_mafaulda/full/overhang/ball_fault/0g/25.8048.csv,overhang/ball_fault,RollingElement,50000,5.0,250000,1548.288,added_mass_0g,"8ch(tacho;uh_ax,rad,tan;oh_ax,rad,tan;mic)",bearing_ball_fault,added_mass_0g,overhang,https://www02.smt.ufrj.br/~offshore/mfs/page_01.html,documented,rotation 25.8048 Hz from filename
MAFAULDA,mafaulda_overhang_ball_fault_0g_26.4192,mafaulda_overhang_ball_fault_0g,mafaulda_defective_ball_fault,mafaulda_overhang_ball_fault_0g,,data/raw_mafaulda/full/overhang/ball_fault/0g/26.4192.csv,overhang/ball_fault,RollingElement,50000,5.0,250000,1585.152,added_mass_0g,"8ch(tacho;uh_ax,rad,tan;oh_ax,rad,tan;mic)",bearing_ball_fault,added_mass_0g,overhang,https://www02.smt.ufrj.br/~offshore/mfs/page_01.html,documented,rotation 26.4192 Hz from filename
MAFAULDA,mafaulda_overhang_ball_fault_0g_27.4432,mafaulda_overhang_ball_fault_0g,mafaulda_defective_ball_fault,mafaulda_overhang_ball_fault_0g,,data/raw_mafaulda/full/overhang/ball_fault/0g/27.4432.csv,overhang/ball_fault,RollingElement,50000,5.0,250000,1646.592,added_mass_0g,"8ch(tacho;uh_ax,rad,tan;oh_ax,rad,tan;mic)",bearing_ball_fault,added_mass_0g,overhang,https://www02.smt.ufrj.br/~offshore/mfs/page_01.html,documented,rotation 27.4432 Hz from filename
MAFAULDA,mafaulda_overhang_ball_fault_0g_28.8768,mafaulda_overhang_ball_fault_0g,mafaulda_defective_ball_fault,mafaulda_overhang_ball_fault_0g,,data/raw_mafaulda/full/overhang/ball_fault/0g/28.8768.csv,overhang/ball_fault,RollingElement,50000,5.0,250000,1732.608,added_mass_0g,"8ch(tacho;uh_ax,rad,tan;oh_ax,rad,tan;mic)",bearing_ball_fault,added_mass_0g,overhang,https://www02.smt.ufrj.br/~offshore/mfs/page_01.html,documented,rotation 28.8768 Hz from filename
MAFAULDA,mafaulda_overhang_ball_fault_0g_29.2864,mafaulda_overhang_ball_fault_0g,mafaulda_defective_ball_fault,mafaulda_overhang_ball_fault_0g,,data/raw_mafaulda/full/overhang/ball_fault/0g/29.2864.csv,overhang/ball_fault,RollingElement,50000,5.0,250000,1757.184,added_mass_0g,"8ch(tacho;uh_ax,rad,tan;oh_ax,rad,tan;mic)",bearing_ball_fault,added_mass_0g,overhang,https://www02.smt.ufrj.br/~offshore/mfs/page_01.html,documented,rotation 29.2864 Hz from filename
MAFAULDA,mafaulda_overhang_ball_fault_0g_30.1056,mafaulda_overhang_ball_fault_0g,mafaulda_defective_ball_fault,mafaulda_overhang_ball_fault_0g,,data/raw_mafaulda/full/overhang/ball_fault/0g/30.1056.csv,overhang/ball_fault,RollingElement,50000,5.0,250000,1806.336,added_mass_0g,"8ch(tacho;uh_ax,rad,tan;oh_ax,rad,tan;mic)",bearing_ball_fault,added_mass_0g,overhang,https://www02.smt.ufrj.br/~offshore/mfs/page_01.html,documented,rotation 30.1056 Hz from filename
MAFAULDA,mafaulda_overhang_ball_fault_0g_31.5392,mafaulda_overhang_ball_fault_0g,mafaulda_defective_ball_fault,mafaulda_overhang_ball_fault_0g,,data/raw_mafaulda/full/overhang/ball_fault/0g/31.5392.csv,overhang/ball_fault,RollingElement,50000,5.0,250000,1892.352,added_mass_0g,"8ch(tacho;uh_ax,rad,tan;oh_ax,rad,tan;mic)",bearing_ball_fault,added_mass_0g,overhang,https://www02.smt.ufrj.br/~offshore/mfs/page_01.html,documented,rotation 31.5392 Hz from filename
MAFAULDA,mafaulda_overhang_ball_fault_0g_32.768,mafaulda_overhang_ball_fault_0g,mafaulda_defective_ball_fault,mafaulda_overhang_ball_fault_0g,,data/raw_mafaulda/full/overhang/ball_fault/0g/32.768.csv,overhang/ball_fault,RollingElement,50000,5.0,250000,1966.08,added_mass_0g,"8ch(tacho;uh_ax,rad,tan;oh_ax,rad,tan;mic)",bearing_ball_fault,added_mass_0g,overhang,https://www02.smt.ufrj.br/~offshore/mfs/page_01.html,documented,rotation 32.768 Hz from filename
MAFAULDA,mafaulda_overhang_ball_fault_0g_33.5872,mafaulda_overhang_ball_fault_0g,mafaulda_defective_ball_fault,mafaulda_overhang_ball_fault_0g,,data/raw_mafaulda/full/overhang/ball_fault/0g/33.5872.csv,overhang/ball_fault,RollingElement,50000,5.0,250000,2015.2320000000002,added_mass_0g,"8ch(tacho;uh_ax,rad,tan;oh_ax,rad,tan;mic)",bearing_ball_fault,added_mass_0g,overhang,https://www02.smt.ufrj.br/~offshore/mfs/page_01.html,documented,rotation 33.5872 Hz from filename
MAFAULDA,mafaulda_overhang_ball_fault_0g_34.4064,mafaulda_overhang_ball_fault_0g,mafaulda_defective_ball_fault,mafaulda_overhang_ball_fault_0g,,data/raw_mafaulda/full/overhang/ball_fault/0g/34.4064.csv,overhang/ball_fault,RollingElement,50000,5.0,250000,2064.384,added_mass_0g,"8ch(tacho;uh_ax,rad,tan;oh_ax,rad,tan;mic)",bearing_ball_fault,added_mass_0g,overhang,https://www02.smt.ufrj.br/~offshore/mfs/page_01.html,documented,rotation 34.4064 Hz from filename
MAFAULDA,mafaulda_overhang_ball_fault_0g_35.6352,mafaulda_overhang_ball_fault_0g,mafaulda_defective_ball_fault,mafaulda_overhang_ball_fault_0g,,data/raw_mafaulda/full/overhang/ball_fault/0g/35.6352.csv,overhang/ball_fault,RollingElement,50000,5.0,250000,2138.112,added_mass_0g,"8ch(tacho;uh_ax,rad,tan;oh_ax,rad,tan;mic)",bearing_ball_fault,added_mass_0g,overhang,https://www02.smt.ufrj.br/~offshore/mfs/page_01.html,documented,rotation 35.6352 Hz from filename
MAFAULDA,mafaulda_overhang_ball_fault_0g_36.4544,mafaulda_overhang_ball_fault_0g,mafaulda_defective_ball_fault,mafaulda_overhang_ball_fault_0g,,data/raw_mafaulda/full/overhang/ball_fault/0g/36.4544.csv,overhang/ball_fault,RollingElement,50000,5.0,250000,2187.264,added_mass_0g,"8ch(tacho;uh_ax,rad,tan;oh_ax,rad,tan;mic)",bearing_ball_fault,added_mass_0g,overhang,https://www02.smt.ufrj.br/~offshore/mfs/page_01.html,documented,rotation 36.4544 Hz from filename
MAFAULDA,mafaulda_overhang_ball_fault_0g_37.4784,mafaulda_overhang_ball_fault_0g,mafaulda_defective_ball_fault,mafaulda_overhang_ball_fault_0g,,data/raw_mafaulda/full/overhang/ball_fault/0g/37.4784.csv,overhang/ball_fault,RollingElement,50000,5.0,250000,2248.704,added_mass_0g,"8ch(tacho;uh_ax,rad,tan;oh_ax,rad,tan;mic)",bearing_ball_fault,added_mass_0g,overhang,https://www02.smt.ufrj.br/~offshore/mfs/page_01.html,documented,rotation 37.4784 Hz from filename
MAFAULDA,mafaulda_overhang_ball_fault_0g_38.2976,mafaulda_overhang_ball_fault_0g,mafaulda_defective_ball_fault,mafaulda_overhang_ball_fault_0g,,data/raw_mafaulda/full/overhang/ball_fault/0g/38.2976.csv,overhang/ball_fault,RollingElement,50000,5.0,250000,2297.856,added_mass_0g,"8ch(tacho;uh_ax,rad,tan;oh_ax,rad,tan;mic)",bearing_ball_fault,added_mass_0g,overhang,https://www02.smt.ufrj.br/~offshore/mfs/page_01.html,documented,rotation 38.2976 Hz from filename
MAFAULDA,mafaulda_overhang_ball_fault_0g_39.5264,mafaulda_overhang_ball_fault_0g,mafaulda_defective_ball_fault,mafaulda_overhang_ball_fault_0g,,data/raw_mafaulda/full/overhang/ball_fault/0g/39.5264.csv,overhang/ball_fault,RollingElement,50000,5.0,250000,2371.5840000000003,added_mass_0g,"8ch(tacho;uh_ax,rad,tan;oh_ax,rad,tan;mic)",bearing_ball_fault,added_mass_0g,overhang,https://www02.smt.ufrj.br/~offshore/mfs/page_01.html,documented,rotation 39.5264 Hz from filename
MAFAULDA,mafaulda_overhang_ball_fault_0g_40.3456,mafaulda_overhang_ball_fault_0g,mafaulda_defective_ball_fault,mafaulda_overhang_ball_fault_0g,,data/raw_mafaulda/full/overhang/ball_fault/0g/40.3456.csv,overhang/ball_fault,RollingElement,50000,5.0,250000,2420.736,added_mass_0g,"8ch(tacho;uh_ax,rad,tan;oh_ax,rad,tan;mic)",bearing_ball_fault,added_mass_0g,overhang,https://www02.smt.ufrj.br/~offshore/mfs/page_01.html,documented,rotation 40.3456 Hz from filename
MAFAULDA,mafaulda_overhang_ball_fault_0g_41.3696,mafaulda_overhang_ball_fault_0g,mafaulda_defective_ball_fault,mafaulda_overhang_ball_fault_0g,,data/raw_mafaulda/full/overhang/ball_fault/0g/41.3696.csv,overhang/ball_fault,RollingElement,50000,5.0,250000,2482.176,added_mass_0g,"8ch(tacho;uh_ax,rad,tan;oh_ax,rad,tan;mic)",bearing_ball_fault,added_mass_0g,overhang,https://www02.smt.ufrj.br/~offshore/mfs/page_01.html,documented,rotation 41.3696 Hz from filename
MAFAULDA,mafaulda_overhang_ball_fault_0g_42.3936,mafaulda_overhang_ball_fault_0g,mafaulda_defective_ball_fault,mafaulda_overhang_ball_fault_0g,,data/raw_mafaulda/full/overhang/ball_fault/0g/42.3936.csv,overhang/ball_fault,RollingElement,50000,5.0,250000,2543.616,added_mass_0g,"8ch(tacho;uh_ax,rad,tan;oh_ax,rad,tan;mic)",bearing_ball_fault,added_mass_0g,overhang,https://www02.smt.ufrj.br/~offshore/mfs/page_01.html,documented,rotation 42.3936 Hz from filename
MAFAULDA,mafaulda_overhang_ball_fault_0g_43.4176,mafaulda_overhang_ball_fault_0g,mafaulda_defective_ball_fault,mafaulda_overhang_ball_fault_0g,,data/raw_mafaulda/full/overhang/ball_fault/0g/43.4176.csv,overhang/ball_fault,RollingElement,50000,5.0,250000,2605.056,added_mass_0g,"8ch(tacho;uh_ax,rad,tan;oh_ax,rad,tan;mic)",bearing_ball_fault,added_mass_0g,overhang,https://www02.smt.ufrj.br/~offshore/mfs/page_01.html,documented,rotation 43.4176 Hz from filename
MAFAULDA,mafaulda_overhang_ball_fault_0g_44.032,mafaulda_overhang_ball_fault_0g,mafaulda_defective_ball_fault,mafaulda_overhang_ball_fault_0g,,data/raw_mafaulda/full/overhang/ball_fault/0g/44.032.csv,overhang/ball_fault,RollingElement,50000,5.0,250000,2641.9199999999996,added_mass_0g,"8ch(tacho;uh_ax,rad,tan;oh_ax,rad,tan;mic)",bearing_ball_fault,added_mass_0g,overhang,https://www02.smt.ufrj.br/~offshore/mfs/page_01.html,documented,rotation 44.032 Hz from filename
MAFAULDA,mafaulda_overhang_ball_fault_0g_45.2608,mafaulda_overhang_ball_fault_0g,mafaulda_defective_ball_fault,mafaulda_overhang_ball_fault_0g,,data/raw_mafaulda/full/overhang/ball_fault/0g/45.2608.csv,overhang/ball_fault,RollingElement,50000,5.0,250000,2715.648,added_mass_0g,"8ch(tacho;uh_ax,rad,tan;oh_ax,rad,tan;mic)",bearing_ball_fault,added_mass_0g,overhang,https://www02.smt.ufrj.br/~offshore/mfs/page_01.html,documented,rotation 45.2608 Hz from filename
MAFAULDA,mafaulda_overhang_ball_fault_0g_46.4896,mafaulda_overhang_ball_fault_0g,mafaulda_defective_ball_fault,mafaulda_overhang_ball_fault_0g,,data/raw_mafaulda/full/overhang/ball_fault/0g/46.4896.csv,overhang/ball_fault,RollingElement,50000,5.0,250000,2789.376,added_mass_0g,"8ch(tacho;uh_ax,rad,tan;oh_ax,rad,tan;mic)",bearing_ball_fault,added_mass_0g,overhang,https://www02.smt.ufrj.br/~offshore/mfs/page_01.html,documented,rotation 46.4896 Hz from filename
MAFAULDA,mafaulda_overhang_ball_fault_0g_47.5136,mafaulda_overhang_ball_fault_0g,mafaulda_defective_ball_fault,mafaulda_overhang_ball_fault_0g,,data/raw_mafaulda/full/overhang/ball_fault/0g/47.5136.csv,overhang/ball_fault,RollingElement,50000,5.0,250000,2850.816,added_mass_0g,"8ch(tacho;uh_ax,rad,tan;oh_ax,rad,tan;mic)",bearing_ball_fault,added_mass_0g,overhang,https://www02.smt.ufrj.br/~offshore/mfs/page_01.html,documented,rotation 47.5136 Hz from filename
MAFAULDA,mafaulda_overhang_ball_fault_0g_48.5376,mafaulda_overhang_ball_fault_0g,mafaulda_defective_ball_fault,mafaulda_overhang_ball_fault_0g,,data/raw_mafaulda/full/overhang/ball_fault/0g/48.5376.csv,overhang/ball_fault,RollingElement,50000,5.0,250000,2912.256,added_mass_0g,"8ch(tacho;uh_ax,rad,tan;oh_ax,rad,tan;mic)",bearing_ball_fault,added_mass_0g,overhang,https://www02.smt.ufrj.br/~offshore/mfs/page_01.html,documented,rotation 48.5376 Hz from filename
MAFAULDA,mafaulda_overhang_ball_fault_0g_49.5616,mafaulda_overhang_ball_fault_0g,mafaulda_defective_ball_fault,mafaulda_overhang_ball_fault_0g,,data/raw_mafaulda/full/overhang/ball_fault/0g/49.5616.csv,overhang/ball_fault,RollingElement,50000,5.0,250000,2973.696,added_mass_0g,"8ch(tacho;uh_ax,rad,tan;oh_ax,rad,tan;mic)",bearing_ball_fault,added_mass_0g,overhang,https://www02.smt.ufrj.br/~offshore/mfs/page_01.html,documented,rotation 49.5616 Hz from filename
MAFAULDA,mafaulda_overhang_ball_fault_0g_50.9952,mafaulda_overhang_ball_fault_0g,mafaulda_defective_ball_fault,mafaulda_overhang_ball_fault_0g,,data/raw_mafaulda/full/overhang/ball_fault/0g/50.9952.csv,overhang/ball_fault,RollingElement,50000,5.0,250000,3059.712,added_mass_0g,"8ch(tacho;uh_ax,rad,tan;oh_ax,rad,tan;mic)",bearing_ball_fault,added_mass_0g,overhang,https://www02.smt.ufrj.br/~offshore/mfs/page_01.html,documented,rotation 50.9952 Hz from filename
MAFAULDA,mafaulda_overhang_ball_fault_0g_51.8144,mafaulda_overhang_ball_fault_0g,mafaulda_defective_ball_fault,mafaulda_overhang_ball_fault_0g,,data/raw_mafaulda/full/overhang/ball_fault/0g/51.8144.csv,overhang/ball_fault,RollingElement,50000,5.0,250000,3108.864,added_mass_0g,"8ch(tacho;uh_ax,rad,tan;oh_ax,rad,tan;mic)",bearing_ball_fault,added_mass_0g,overhang,https://www02.smt.ufrj.br/~offshore/mfs/page_01.html,documented,rotation 51.8144 Hz from filename
MAFAULDA,mafaulda_overhang_ball_fault_0g_52.4288,mafaulda_overhang_ball_fault_0g,mafaulda_defective_ball_fault,mafaulda_overhang_ball_fault_0g,,data/raw_mafaulda/full/overhang/ball_fault/0g/52.4288.csv,overhang/ball_fault,RollingElement,50000,5.0,250000,3145.728,added_mass_0g,"8ch(tacho;uh_ax,rad,tan;oh_ax,rad,tan;mic)",bearing_ball_fault,added_mass_0g,overhang,https://www02.smt.ufrj.br/~offshore/mfs/page_01.html,documented,rotation 52.4288 Hz from filename
MAFAULDA,mafaulda_overhang_ball_fault_0g_53.0432,mafaulda_overhang_ball_fault_0g,mafaulda_defective_ball_fault,mafaulda_overhang_ball_fault_0g,,data/raw_mafaulda/full/overhang/ball_fault/0g/53.0432.csv,overhang/ball_fault,RollingElement,50000,5.0,250000,3182.592,added_mass_0g,"8ch(tacho;uh_ax,rad,tan;oh_ax,rad,tan;mic)",bearing_ball_fault,added_mass_0g,overhang,https://www02.smt.ufrj.br/~offshore/mfs/page_01.html,documented,rotation 53.0432 Hz from filename
MAFAULDA,mafaulda_overhang_ball_fault_0g_54.6816,mafaulda_overhang_ball_fault_0g,mafaulda_defective_ball_fault,mafaulda_overhang_ball_fault_0g,,data/raw_mafaulda/full/overhang/ball_fault/0g/54.6816.csv,overhang/ball_fault,RollingElement,50000,5.0,250000,3280.896,added_mass_0g,"8ch(tacho;uh_ax,rad,tan;oh_ax,rad,tan;mic)",bearing_ball_fault,added_mass_0g,overhang,https://www02.smt.ufrj.br/~offshore/mfs/page_01.html,documented,rotation 54.6816 Hz from filename
MAFAULDA,mafaulda_overhang_ball_fault_0g_55.7056,mafaulda_overhang_ball_fault_0g,mafaulda_defective_ball_fault,mafaulda_overhang_ball_fault_0g,,data/raw_mafaulda/full/overhang/ball_fault/0g/55.7056.csv,overhang/ball_fault,RollingElement,50000,5.0,250000,3342.336,added_mass_0g,"8ch(tacho;uh_ax,rad,tan;oh_ax,rad,tan;mic)",bearing_ball_fault,added_mass_0g,overhang,https://www02.smt.ufrj.br/~offshore/mfs/page_01.html,documented,rotation 55.7056 Hz from filename
MAFAULDA,mafaulda_overhang_ball_fault_0g_56.32,mafaulda_overhang_ball_fault_0g,mafaulda_defective_ball_fault,mafaulda_overhang_ball_fault_0g,,data/raw_mafaulda/full/overhang/ball_fault/0g/56.32.csv,overhang/ball_fault,RollingElement,50000,5.0,250000,3379.2,added_mass_0g,"8ch(tacho;uh_ax,rad,tan;oh_ax,rad,tan;mic)",bearing_ball_fault,added_mass_0g,overhang,https://www02.smt.ufrj.br/~offshore/mfs/page_01.html,documented,rotation 56.32 Hz from filename
MAFAULDA,mafaulda_overhang_ball_fault_0g_58.1632,mafaulda_overhang_ball_fault_0g,mafaulda_defective_ball_fault,mafaulda_overhang_ball_fault_0g,,data/raw_mafaulda/full/overhang/ball_fault/0g/58.1632.csv,overhang/ball_fault,RollingElement,50000,5.0,250000,3489.7920000000004,added_mass_0g,"8ch(tacho;uh_ax,rad,tan;oh_ax,rad,tan;mic)",bearing_ball_fault,added_mass_0g,overhang,https://www02.smt.ufrj.br/~offshore/mfs/page_01.html,documented,rotation 58.1632 Hz from filename
MAFAULDA,mafaulda_overhang_ball_fault_0g_58.7776,mafaulda_overhang_ball_fault_0g,mafaulda_defective_ball_fault,mafaulda_overhang_ball_fault_0g,,data/raw_mafaulda/full/overhang/ball_fault/0g/58.7776.csv,overhang/ball_fault,RollingElement,50000,5.0,250000,3526.656,added_mass_0g,"8ch(tacho;uh_ax,rad,tan;oh_ax,rad,tan;mic)",bearing_ball_fault,added_mass_0g,overhang,https://www02.smt.ufrj.br/~offshore/mfs/page_01.html,documented,rotation 58.7776 Hz from filename
MAFAULDA,mafaulda_overhang_ball_fault_0g_59.8016,mafaulda_overhang_ball_fault_0g,mafaulda_defective_ball_fault,mafaulda_overhang_ball_fault_0g,,data/raw_mafaulda/full/overhang/ball_fault/0g/59.8016.csv,overhang/ball_fault,RollingElement,50000,5.0,250000,3588.096,added_mass_0g,"8ch(tacho;uh_ax,rad,tan;oh_ax,rad,tan;mic)",bearing_ball_fault,added_mass_0g,overhang,https://www02.smt.ufrj.br/~offshore/mfs/page_01.html,documented,rotation 59.8016 Hz from filename
MAFAULDA,mafaulda_overhang_ball_fault_0g_60.416,mafaulda_overhang_ball_fault_0g,mafaulda_defective_ball_fault,mafaulda_overhang_ball_fault_0g,,data/raw_mafaulda/full/overhang/ball_fault/0g/60.416.csv,overhang/ball_fault,RollingElement,50000,5.0,250000,3624.96,added_mass_0g,"8ch(tacho;uh_ax,rad,tan;oh_ax,rad,tan;mic)",bearing_ball_fault,added_mass_0g,overhang,https://www02.smt.ufrj.br/~offshore/mfs/page_01.html,documented,rotation 60.416 Hz from filename
MAFAULDA,mafaulda_overhang_ball_fault_0g_61.44,mafaulda_overhang_ball_fault_0g,mafaulda_defective_ball_fault,mafaulda_overhang_ball_fault_0g,,data/raw_mafaulda/full/overhang/ball_fault/0g/61.44.csv,overhang/ball_fault,RollingElement,50000,5.0,250000,3686.3999999999996,added_mass_0g,"8ch(tacho;uh_ax,rad,tan;oh_ax,rad,tan;mic)",bearing_ball_fault,added_mass_0g,overhang,https://www02.smt.ufrj.br/~offshore/mfs/page_01.html,documented,rotation 61.44 Hz from filename
MAFAULDA,mafaulda_overhang_ball_fault_20g_12.288,mafaulda_overhang_ball_fault_20g,mafaulda_defective_ball_fault,mafaulda_overhang_ball_fault_20g,,data/raw_mafaulda/full/overhang/ball_fault/20g/12.288.csv,overhang/ball_fault,RollingElement,50000,5.0,250000,737.28,added_mass_20g,"8ch(tacho;uh_ax,rad,tan;oh_ax,rad,tan;mic)",bearing_ball_fault,added_mass_20g,overhang,https://www02.smt.ufrj.br/~offshore/mfs/page_01.html,documented,rotation 12.288 Hz from filename
MAFAULDA,mafaulda_overhang_ball_fault_20g_13.5168,mafaulda_overhang_ball_fault_20g,mafaulda_defective_ball_fault,mafaulda_overhang_ball_fault_20g,,data/raw_mafaulda/full/overhang/ball_fault/20g/13.5168.csv,overhang/ball_fault,RollingElement,50000,5.0,250000,811.008,added_mass_20g,"8ch(tacho;uh_ax,rad,tan;oh_ax,rad,tan;mic)",bearing_ball_fault,added_mass_20g,overhang,https://www02.smt.ufrj.br/~offshore/mfs/page_01.html,documented,rotation 13.5168 Hz from filename
MAFAULDA,mafaulda_overhang_ball_fault_20g_14.5408,mafaulda_overhang_ball_fault_20g,mafaulda_defective_ball_fault,mafaulda_overhang_ball_fault_20g,,data/raw_mafaulda/full/overhang/ball_fault/20g/14.5408.csv,overhang/ball_fault,RollingElement,50000,5.0,250000,872.4480000000001,added_mass_20g,"8ch(tacho;uh_ax,rad,tan;oh_ax,rad,tan;mic)",bearing_ball_fault,added_mass_20g,overhang,https://www02.smt.ufrj.br/~offshore/mfs/page_01.html,documented,rotation 14.5408 Hz from filename
MAFAULDA,mafaulda_overhang_ball_fault_20g_15.5648,mafaulda_overhang_ball_fault_20g,mafaulda_defective_ball_fault,mafaulda_overhang_ball_fault_20g,,data/raw_mafaulda/full/overhang/ball_fault/20g/15.5648.csv,overhang/ball_fault,RollingElement,50000,5.0,250000,933.888,added_mass_20g,"8ch(tacho;uh_ax,rad,tan;oh_ax,rad,tan;mic)",bearing_ball_fault,added_mass_20g,overhang,https://www02.smt.ufrj.br/~offshore/mfs/page_01.html,documented,rotation 15.5648 Hz from filename
MAFAULDA,mafaulda_overhang_ball_fault_20g_16.1792,mafaulda_overhang_ball_fault_20g,mafaulda_defective_ball_fault,mafaulda_overhang_ball_fault_20g,,data/raw_mafaulda/full/overhang/ball_fault/20g/16.1792.csv,overhang/ball_fault,RollingElement,50000,5.0,250000,970.7520000000001,added_mass_20g,"8ch(tacho;uh_ax,rad,tan;oh_ax,rad,tan;mic)",bearing_ball_fault,added_mass_20g,overhang,https://www02.smt.ufrj.br/~offshore/mfs/page_01.html,documented,rotation 16.1792 Hz from filename
MAFAULDA,mafaulda_overhang_ball_fault_20g_16.9984,mafaulda_overhang_ball_fault_20g,mafaulda_defective_ball_fault,mafaulda_overhang_ball_fault_20g,,data/raw_mafaulda/full/overhang/ball_fault/20g/16.9984.csv,overhang/ball_fault,RollingElement,50000,5.0,250000,1019.904,added_mass_20g,"8ch(tacho;uh_ax,rad,tan;oh_ax,rad,tan;mic)",bearing_ball_fault,added_mass_20g,overhang,https://www02.smt.ufrj.br/~offshore/mfs/page_01.html,documented,rotation 16.9984 Hz from filename
MAFAULDA,mafaulda_overhang_ball_fault_20g_17.8176,mafaulda_overhang_ball_fault_20g,mafaulda_defective_ball_fault,mafaulda_overhang_ball_fault_20g,,data/raw_mafaulda/full/overhang/ball_fault/20g/17.8176.csv,overhang/ball_fault,RollingElement,50000,5.0,250000,1069.056,added_mass_20g,"8ch(tacho;uh_ax,rad,tan;oh_ax,rad,tan;mic)",bearing_ball_fault,added_mass_20g,overhang,https://www02.smt.ufrj.br/~offshore/mfs/page_01.html,documented,rotation 17.8176 Hz from filename
MAFAULDA,mafaulda_overhang_ball_fault_20g_19.6608,mafaulda_overhang_ball_fault_20g,mafaulda_defective_ball_fault,mafaulda_overhang_ball_fault_20g,,data/raw_mafaulda/full/overhang/ball_fault/20g/19.6608.csv,overhang/ball_fault,RollingElement,50000,5.0,250000,1179.648,added_mass_20g,"8ch(tacho;uh_ax,rad,tan;oh_ax,rad,tan;mic)",bearing_ball_fault,added_mass_20g,overhang,https://www02.smt.ufrj.br/~offshore/mfs/page_01.html,documented,rotation 19.6608 Hz from filename
MAFAULDA,mafaulda_overhang_ball_fault_20g_20.2752,mafaulda_overhang_ball_fault_20g,mafaulda_defective_ball_fault,mafaulda_overhang_ball_fault_20g,,data/raw_mafaulda/full/overhang/ball_fault/20g/20.2752.csv,overhang/ball_fault,RollingElement,50000,5.0,250000,1216.5120000000002,added_mass_20g,"8ch(tacho;uh_ax,rad,tan;oh_ax,rad,tan;mic)",bearing_ball_fault,added_mass_20g,overhang,https://www02.smt.ufrj.br/~offshore/mfs/page_01.html,documented,rotation 20.2752 Hz from filename
MAFAULDA,mafaulda_overhang_ball_fault_20g_21.2992,mafaulda_overhang_ball_fault_20g,mafaulda_defective_ball_fault,mafaulda_overhang_ball_fault_20g,,data/raw_mafaulda/full/overhang/ball_fault/20g/21.2992.csv,overhang/ball_fault,RollingElement,50000,5.0,250000,1277.952,added_mass_20g,"8ch(tacho;uh_ax,rad,tan;oh_ax,rad,tan;mic)",bearing_ball_fault,added_mass_20g,overhang,https://www02.smt.ufrj.br/~offshore/mfs/page_01.html,documented,rotation 21.2992 Hz from filename
MAFAULDA,mafaulda_overhang_ball_fault_20g_22.1184,mafaulda_overhang_ball_fault_20g,mafaulda_defective_ball_fault,mafaulda_overhang_ball_fault_20g,,data/raw_mafaulda/full/overhang/ball_fault/20g/22.1184.csv,overhang/ball_fault,RollingElement,50000,5.0,250000,1327.104,added_mass_20g,"8ch(tacho;uh_ax,rad,tan;oh_ax,rad,tan;mic)",bearing_ball_fault,added_mass_20g,overhang,https://www02.smt.ufrj.br/~offshore/mfs/page_01.html,documented,rotation 22.1184 Hz from filename
MAFAULDA,mafaulda_overhang_ball_fault_20g_23.7568,mafaulda_overhang_ball_fault_20g,mafaulda_defective_ball_fault,mafaulda_overhang_ball_fault_20g,,data/raw_mafaulda/full/overhang/ball_fault/20g/23.7568.csv,overhang/ball_fault,RollingElement,50000,5.0,250000,1425.408,added_mass_20g,"8ch(tacho;uh_ax,rad,tan;oh_ax,rad,tan;mic)",bearing_ball_fault,added_mass_20g,overhang,https://www02.smt.ufrj.br/~offshore/mfs/page_01.html,documented,rotation 23.7568 Hz from filename
MAFAULDA,mafaulda_overhang_ball_fault_20g_24.3712,mafaulda_overhang_ball_fault_20g,mafaulda_defective_ball_fault,mafaulda_overhang_ball_fault_20g,,data/raw_mafaulda/full/overhang/ball_fault/20g/24.3712.csv,overhang/ball_fault,RollingElement,50000,5.0,250000,1462.2720000000002,added_mass_20g,"8ch(tacho;uh_ax,rad,tan;oh_ax,rad,tan;mic)",bearing_ball_fault,added_mass_20g,overhang,https://www02.smt.ufrj.br/~offshore/mfs/page_01.html,documented,rotation 24.3712 Hz from filename
MAFAULDA,mafaulda_overhang_ball_fault_20g_25.8048,mafaulda_overhang_ball_fault_20g,mafaulda_defective_ball_fault,mafaulda_overhang_ball_fault_20g,,data/raw_mafaulda/full/overhang/ball_fault/20g/25.8048.csv,overhang/ball_fault,RollingElement,50000,5.0,250000,1548.288,added_mass_20g,"8ch(tacho;uh_ax,rad,tan;oh_ax,rad,tan;mic)",bearing_ball_fault,added_mass_20g,overhang,https://www02.smt.ufrj.br/~offshore/mfs/page_01.html,documented,rotation 25.8048 Hz from filename
MAFAULDA,mafaulda_overhang_ball_fault_20g_26.4192,mafaulda_overhang_ball_fault_20g,mafaulda_defective_ball_fault,mafaulda_overhang_ball_fault_20g,,data/raw_mafaulda/full/overhang/ball_fault/20g/26.4192.csv,overhang/ball_fault,RollingElement,50000,5.0,250000,1585.152,added_mass_20g,"8ch(tacho;uh_ax,rad,tan;oh_ax,rad,tan;mic)",bearing_ball_fault,added_mass_20g,overhang,https://www02.smt.ufrj.br/~offshore/mfs/page_01.html,documented,rotation 26.4192 Hz from filename
MAFAULDA,mafaulda_overhang_ball_fault_20g_27.648,mafaulda_overhang_ball_fault_20g,mafaulda_defective_ball_fault,mafaulda_overhang_ball_fault_20g,,data/raw_mafaulda/full/overhang/ball_fault/20g/27.648.csv,overhang/ball_fault,RollingElement,50000,5.0,250000,1658.8799999999999,added_mass_20g,"8ch(tacho;uh_ax,rad,tan;oh_ax,rad,tan;mic)",bearing_ball_fault,added_mass_20g,overhang,https://www02.smt.ufrj.br/~offshore/mfs/page_01.html,documented,rotation 27.648 Hz from filename
MAFAULDA,mafaulda_overhang_ball_fault_20g_28.4672,mafaulda_overhang_ball_fault_20g,mafaulda_defective_ball_fault,mafaulda_overhang_ball_fault_20g,,data/raw_mafaulda/full/overhang/ball_fault/20g/28.4672.csv,overhang/ball_fault,RollingElement,50000,5.0,250000,1708.032,added_mass_20g,"8ch(tacho;uh_ax,rad,tan;oh_ax,rad,tan;mic)",bearing_ball_fault,added_mass_20g,overhang,https://www02.smt.ufrj.br/~offshore/mfs/page_01.html,documented,rotation 28.4672 Hz from filename
MAFAULDA,mafaulda_overhang_ball_fault_20g_29.2864,mafaulda_overhang_ball_fault_20g,mafaulda_defective_ball_fault,mafaulda_overhang_ball_fault_20g,,data/raw_mafaulda/full/overhang/ball_fault/20g/29.2864.csv,overhang/ball_fault,RollingElement,50000,5.0,250000,1757.184,added_mass_20g,"8ch(tacho;uh_ax,rad,tan;oh_ax,rad,tan;mic)",bearing_ball_fault,added_mass_20g,overhang,https://www02.smt.ufrj.br/~offshore/mfs/page_01.html,documented,rotation 29.2864 Hz from filename
MAFAULDA,mafaulda_overhang_ball_fault_20g_30.3104,mafaulda_overhang_ball_fault_20g,mafaulda_defective_ball_fault,mafaulda_overhang_ball_fault_20g,,data/raw_mafaulda/full/overhang/ball_fault/20g/30.3104.csv,overhang/ball_fault,RollingElement,50000,5.0,250000,1818.624,added_mass_20g,"8ch(tacho;uh_ax,rad,tan;oh_ax,rad,tan;mic)",bearing_ball_fault,added_mass_20g,overhang,https://www02.smt.ufrj.br/~offshore/mfs/page_01.html,documented,rotation 30.3104 Hz from filename
MAFAULDA,mafaulda_overhang_ball_fault_20g_31.744,mafaulda_overhang_ball_fault_20g,mafaulda_defective_ball_fault,mafaulda_overhang_ball_fault_20g,,data/raw_mafaulda/full/overhang/ball_fault/20g/31.744.csv,overhang/ball_fault,RollingElement,50000,5.0,250000,1904.6399999999999,added_mass_20g,"8ch(tacho;uh_ax,rad,tan;oh_ax,rad,tan;mic)",bearing_ball_fault,added_mass_20g,overhang,https://www02.smt.ufrj.br/~offshore/mfs/page_01.html,documented,rotation 31.744 Hz from filename
MAFAULDA,mafaulda_overhang_ball_fault_20g_32.1536,mafaulda_overhang_ball_fault_20g,mafaulda_defective_ball_fault,mafaulda_overhang_ball_fault_20g,,data/raw_mafaulda/full/overhang/ball_fault/20g/32.1536.csv,overhang/ball_fault,RollingElement,50000,5.0,250000,1929.216,added_mass_20g,"8ch(tacho;uh_ax,rad,tan;oh_ax,rad,tan;mic)",bearing_ball_fault,added_mass_20g,overhang,https://www02.smt.ufrj.br/~offshore/mfs/page_01.html,documented,rotation 32.1536 Hz from filename
MAFAULDA,mafaulda_overhang_ball_fault_20g_33.3824,mafaulda_overhang_ball_fault_20g,mafaulda_defective_ball_fault,mafaulda_overhang_ball_fault_20g,,data/raw_mafaulda/full/overhang/ball_fault/20g/33.3824.csv,overhang/ball_fault,RollingElement,50000,5.0,250000,2002.9439999999997,added_mass_20g,"8ch(tacho;uh_ax,rad,tan;oh_ax,rad,tan;mic)",bearing_ball_fault,added_mass_20g,overhang,https://www02.smt.ufrj.br/~offshore/mfs/page_01.html,documented,rotation 33.3824 Hz from filename
MAFAULDA,mafaulda_overhang_ball_fault_20g_34.4064,mafaulda_overhang_ball_fault_20g,mafaulda_defective_ball_fault,mafaulda_overhang_ball_fault_20g,,data/raw_mafaulda/full/overhang/ball_fault/20g/34.4064.csv,overhang/ball_fault,RollingElement,50000,5.0,250000,2064.384,added_mass_20g,"8ch(tacho;uh_ax,rad,tan;oh_ax,rad,tan;mic)",bearing_ball_fault,added_mass_20g,overhang,https://www02.smt.ufrj.br/~offshore/mfs/page_01.html,documented,rotation 34.4064 Hz from filename
MAFAULDA,mafaulda_overhang_ball_fault_20g_35.2256,mafaulda_overhang_ball_fault_20g,mafaulda_defective_ball_fault,mafaulda_overhang_ball_fault_20g,,data/raw_mafaulda/full/overhang/ball_fault/20g/35.2256.csv,overhang/ball_fault,RollingElement,50000,5.0,250000,2113.536,added_mass_20g,"8ch(tacho;uh_ax,rad,tan;oh_ax,rad,tan;mic)",bearing_ball_fault,added_mass_20g,overhang,https://www02.smt.ufrj.br/~offshore/mfs/page_01.html,documented,rotation 35.2256 Hz from filename
MAFAULDA,mafaulda_overhang_ball_fault_20g_36.0448,mafaulda_overhang_ball_fault_20g,mafaulda_defective_ball_fault,mafaulda_overhang_ball_fault_20g,,data/raw_mafaulda/full/overhang/ball_fault/20g/36.0448.csv,overhang/ball_fault,RollingElement,50000,5.0,250000,2162.688,added_mass_20g,"8ch(tacho;uh_ax,rad,tan;oh_ax,rad,tan;mic)",bearing_ball_fault,added_mass_20g,overhang,https://www02.smt.ufrj.br/~offshore/mfs/page_01.html,documented,rotation 36.0448 Hz from filename
MAFAULDA,mafaulda_overhang_ball_fault_35g_12.288,mafaulda_overhang_ball_fault_35g,mafaulda_defective_ball_fault,mafaulda_overhang_ball_fault_35g,,data/raw_mafaulda/full/overhang/ball_fault/35g/12.288.csv,overhang/ball_fault,RollingElement,50000,5.0,250000,737.28,added_mass_35g,"8ch(tacho;uh_ax,rad,tan;oh_ax,rad,tan;mic)",bearing_ball_fault,added_mass_35g,overhang,https://www02.smt.ufrj.br/~offshore/mfs/page_01.html,documented,rotation 12.288 Hz from filename
MAFAULDA,mafaulda_overhang_ball_fault_35g_13.312,mafaulda_overhang_ball_fault_35g,mafaulda_defective_ball_fault,mafaulda_overhang_ball_fault_35g,,data/raw_mafaulda/full/overhang/ball_fault/35g/13.312.csv,overhang/ball_fault,RollingElement,50000,5.0,250000,798.7199999999999,added_mass_35g,"8ch(tacho;uh_ax,rad,tan;oh_ax,rad,tan;mic)",bearing_ball_fault,added_mass_35g,overhang,https://www02.smt.ufrj.br/~offshore/mfs/page_01.html,documented,rotation 13.312 Hz from filename
MAFAULDA,mafaulda_overhang_ball_fault_35g_14.7456,mafaulda_overhang_ball_fault_35g,mafaulda_defective_ball_fault,mafaulda_overhang_ball_fault_35g,,data/raw_mafaulda/full/overhang/ball_fault/35g/14.7456.csv,overhang/ball_fault,RollingElement,50000,5.0,250000,884.736,added_mass_35g,"8ch(tacho;uh_ax,rad,tan;oh_ax,rad,tan;mic)",bearing_ball_fault,added_mass_35g,overhang,https://www02.smt.ufrj.br/~offshore/mfs/page_01.html,documented,rotation 14.7456 Hz from filename
MAFAULDA,mafaulda_overhang_ball_fault_35g_15.7696,mafaulda_overhang_ball_fault_35g,mafaulda_defective_ball_fault,mafaulda_overhang_ball_fault_35g,,data/raw_mafaulda/full/overhang/ball_fault/35g/15.7696.csv,overhang/ball_fault,RollingElement,50000,5.0,250000,946.176,added_mass_35g,"8ch(tacho;uh_ax,rad,tan;oh_ax,rad,tan;mic)",bearing_ball_fault,added_mass_35g,overhang,https://www02.smt.ufrj.br/~offshore/mfs/page_01.html,documented,rotation 15.7696 Hz from filename
MAFAULDA,mafaulda_overhang_ball_fault_35g_17.6128,mafaulda_overhang_ball_fault_35g,mafaulda_defective_ball_fault,mafaulda_overhang_ball_fault_35g,,data/raw_mafaulda/full/overhang/ball_fault/35g/17.6128.csv,overhang/ball_fault,RollingElement,50000,5.0,250000,1056.768,added_mass_35g,"8ch(tacho;uh_ax,rad,tan;oh_ax,rad,tan;mic)",bearing_ball_fault,added_mass_35g,overhang,https://www02.smt.ufrj.br/~offshore/mfs/page_01.html,documented,rotation 17.6128 Hz from filename
MAFAULDA,mafaulda_overhang_ball_fault_35g_17.8176,mafaulda_overhang_ball_fault_35g,mafaulda_defective_ball_fault,mafaulda_overhang_ball_fault_35g,,data/raw_mafaulda/full/overhang/ball_fault/35g/17.8176.csv,overhang/ball_fault,RollingElement,50000,5.0,250000,1069.056,added_mass_35g,"8ch(tacho;uh_ax,rad,tan;oh_ax,rad,tan;mic)",bearing_ball_fault,added_mass_35g,overhang,https://www02.smt.ufrj.br/~offshore/mfs/page_01.html,documented,rotation 17.8176 Hz from filename
MAFAULDA,mafaulda_overhang_ball_fault_35g_19.456,mafaulda_overhang_ball_fault_35g,mafaulda_defective_ball_fault,mafaulda_overhang_ball_fault_35g,,data/raw_mafaulda/full/overhang/ball_fault/35g/19.456.csv,overhang/ball_fault,RollingElement,50000,5.0,250000,1167.36,added_mass_35g,"8ch(tacho;uh_ax,rad,tan;oh_ax,rad,tan;mic)",bearing_ball_fault,added_mass_35g,overhang,https://www02.smt.ufrj.br/~offshore/mfs/page_01.html,documented,rotation 19.456 Hz from filename
MAFAULDA,mafaulda_overhang_ball_fault_35g_20.48,mafaulda_overhang_ball_fault_35g,mafaulda_defective_ball_fault,mafaulda_overhang_ball_fault_35g,,data/raw_mafaulda/full/overhang/ball_fault/35g/20.48.csv,overhang/ball_fault,RollingElement,50000,5.0,250000,1228.8,added_mass_35g,"8ch(tacho;uh_ax,rad,tan;oh_ax,rad,tan;mic)",bearing_ball_fault,added_mass_35g,overhang,https://www02.smt.ufrj.br/~offshore/mfs/page_01.html,documented,rotation 20.48 Hz from filename
MAFAULDA,mafaulda_overhang_ball_fault_35g_21.0944,mafaulda_overhang_ball_fault_35g,mafaulda_defective_ball_fault,mafaulda_overhang_ball_fault_35g,,data/raw_mafaulda/full/overhang/ball_fault/35g/21.0944.csv,overhang/ball_fault,RollingElement,50000,5.0,250000,1265.664,added_mass_35g,"8ch(tacho;uh_ax,rad,tan;oh_ax,rad,tan;mic)",bearing_ball_fault,added_mass_35g,overhang,https://www02.smt.ufrj.br/~offshore/mfs/page_01.html,documented,rotation 21.0944 Hz from filename
MAFAULDA,mafaulda_overhang_ball_fault_35g_21.9136,mafaulda_overhang_ball_fault_35g,mafaulda_defective_ball_fault,mafaulda_overhang_ball_fault_35g,,data/raw_mafaulda/full/overhang/ball_fault/35g/21.9136.csv,overhang/ball_fault,RollingElement,50000,5.0,250000,1314.816,added_mass_35g,"8ch(tacho;uh_ax,rad,tan;oh_ax,rad,tan;mic)",bearing_ball_fault,added_mass_35g,overhang,https://www02.smt.ufrj.br/~offshore/mfs/page_01.html,documented,rotation 21.9136 Hz from filename
MAFAULDA,mafaulda_overhang_ball_fault_35g_23.3472,mafaulda_overhang_ball_fault_35g,mafaulda_defective_ball_fault,mafaulda_overhang_ball_fault_35g,,data/raw_mafaulda/full/overhang/ball_fault/35g/23.3472.csv,overhang/ball_fault,RollingElement,50000,5.0,250000,1400.832,added_mass_35g,"8ch(tacho;uh_ax,rad,tan;oh_ax,rad,tan;mic)",bearing_ball_fault,added_mass_35g,overhang,https://www02.smt.ufrj.br/~offshore/mfs/page_01.html,documented,rotation 23.3472 Hz from filename
MAFAULDA,mafaulda_overhang_ball_fault_35g_24.3712,mafaulda_overhang_ball_fault_35g,mafaulda_defective_ball_fault,mafaulda_overhang_ball_fault_35g,,data/raw_mafaulda/full/overhang/ball_fault/35g/24.3712.csv,overhang/ball_fault,RollingElement,50000,5.0,250000,1462.2720000000002,added_mass_35g,"8ch(tacho;uh_ax,rad,tan;oh_ax,rad,tan;mic)",bearing_ball_fault,added_mass_35g,overhang,https://www02.smt.ufrj.br/~offshore/mfs/page_01.html,documented,rotation 24.3712 Hz from filename
MAFAULDA,mafaulda_overhang_ball_fault_35g_25.6,mafaulda_overhang_ball_fault_35g,mafaulda_defective_ball_fault,mafaulda_overhang_ball_fault_35g,,data/raw_mafaulda/full/overhang/ball_fault/35g/25.6.csv,overhang/ball_fault,RollingElement,50000,5.0,250000,1536.0,added_mass_35g,"8ch(tacho;uh_ax,rad,tan;oh_ax,rad,tan;mic)",bearing_ball_fault,added_mass_35g,overhang,https://www02.smt.ufrj.br/~offshore/mfs/page_01.html,documented,rotation 25.6 Hz from filename
MAFAULDA,mafaulda_overhang_ball_fault_35g_26.4192,mafaulda_overhang_ball_fault_35g,mafaulda_defective_ball_fault,mafaulda_overhang_ball_fault_35g,,data/raw_mafaulda/full/overhang/ball_fault/35g/26.4192.csv,overhang/ball_fault,RollingElement,50000,5.0,250000,1585.152,added_mass_35g,"8ch(tacho;uh_ax,rad,tan;oh_ax,rad,tan;mic)",bearing_ball_fault,added_mass_35g,overhang,https://www02.smt.ufrj.br/~offshore/mfs/page_01.html,documented,rotation 26.4192 Hz from filename
MAFAULDA,mafaulda_overhang_ball_fault_35g_27.8528,mafaulda_overhang_ball_fault_35g,mafaulda_defective_ball_fault,mafaulda_overhang_ball_fault_35g,,data/raw_mafaulda/full/overhang/ball_fault/35g/27.8528.csv,overhang/ball_fault,RollingElement,50000,5.0,250000,1671.168,added_mass_35g,"8ch(tacho;uh_ax,rad,tan;oh_ax,rad,tan;mic)",bearing_ball_fault,added_mass_35g,overhang,https://www02.smt.ufrj.br/~offshore/mfs/page_01.html,documented,rotation 27.8528 Hz from filename
MAFAULDA,mafaulda_overhang_ball_fault_35g_28.672,mafaulda_overhang_ball_fault_35g,mafaulda_defective_ball_fault,mafaulda_overhang_ball_fault_35g,,data/raw_mafaulda/full/overhang/ball_fault/35g/28.672.csv,overhang/ball_fault,RollingElement,50000,5.0,250000,1720.32,added_mass_35g,"8ch(tacho;uh_ax,rad,tan;oh_ax,rad,tan;mic)",bearing_ball_fault,added_mass_35g,overhang,https://www02.smt.ufrj.br/~offshore/mfs/page_01.html,documented,rotation 28.672 Hz from filename
MAFAULDA,mafaulda_overhang_ball_fault_35g_29.4912,mafaulda_overhang_ball_fault_35g,mafaulda_defective_ball_fault,mafaulda_overhang_ball_fault_35g,,data/raw_mafaulda/full/overhang/ball_fault/35g/29.4912.csv,overhang/ball_fault,RollingElement,50000,5.0,250000,1769.472,added_mass_35g,"8ch(tacho;uh_ax,rad,tan;oh_ax,rad,tan;mic)",bearing_ball_fault,added_mass_35g,overhang,https://www02.smt.ufrj.br/~offshore/mfs/page_01.html,documented,rotation 29.4912 Hz from filename
MAFAULDA,mafaulda_overhang_ball_fault_35g_30.3104,mafaulda_overhang_ball_fault_35g,mafaulda_defective_ball_fault,mafaulda_overhang_ball_fault_35g,,data/raw_mafaulda/full/overhang/ball_fault/35g/30.3104.csv,overhang/ball_fault,RollingElement,50000,5.0,250000,1818.624,added_mass_35g,"8ch(tacho;uh_ax,rad,tan;oh_ax,rad,tan;mic)",bearing_ball_fault,added_mass_35g,overhang,https://www02.smt.ufrj.br/~offshore/mfs/page_01.html,documented,rotation 30.3104 Hz from filename
MAFAULDA,mafaulda_overhang_ball_fault_35g_31.1296,mafaulda_overhang_ball_fault_35g,mafaulda_defective_ball_fault,mafaulda_overhang_ball_fault_35g,,data/raw_mafaulda/full/overhang/ball_fault/35g/31.1296.csv,overhang/ball_fault,RollingElement,50000,5.0,250000,1867.776,added_mass_35g,"8ch(tacho;uh_ax,rad,tan;oh_ax,rad,tan;mic)",bearing_ball_fault,added_mass_35g,overhang,https://www02.smt.ufrj.br/~offshore/mfs/page_01.html,documented,rotation 31.1296 Hz from filename
MAFAULDA,mafaulda_overhang_ball_fault_35g_32.1536,mafaulda_overhang_ball_fault_35g,mafaulda_defective_ball_fault,mafaulda_overhang_ball_fault_35g,,data/raw_mafaulda/full/overhang/ball_fault/35g/32.1536.csv,overhang/ball_fault,RollingElement,50000,5.0,250000,1929.216,added_mass_35g,"8ch(tacho;uh_ax,rad,tan;oh_ax,rad,tan;mic)",bearing_ball_fault,added_mass_35g,overhang,https://www02.smt.ufrj.br/~offshore/mfs/page_01.html,documented,rotation 32.1536 Hz from filename
MAFAULDA,mafaulda_overhang_ball_fault_6g_12.6976,mafaulda_overhang_ball_fault_6g,mafaulda_defective_ball_fault,mafaulda_overhang_ball_fault_6g,,data/raw_mafaulda/full/overhang/ball_fault/6g/12.6976.csv,overhang/ball_fault,RollingElement,50000,5.0,250000,761.856,added_mass_6g,"8ch(tacho;uh_ax,rad,tan;oh_ax,rad,tan;mic)",bearing_ball_fault,added_mass_6g,overhang,https://www02.smt.ufrj.br/~offshore/mfs/page_01.html,documented,rotation 12.6976 Hz from filename
MAFAULDA,mafaulda_overhang_ball_fault_6g_13.9264,mafaulda_overhang_ball_fault_6g,mafaulda_defective_ball_fault,mafaulda_overhang_ball_fault_6g,,data/raw_mafaulda/full/overhang/ball_fault/6g/13.9264.csv,overhang/ball_fault,RollingElement,50000,5.0,250000,835.584,added_mass_6g,"8ch(tacho;uh_ax,rad,tan;oh_ax,rad,tan;mic)",bearing_ball_fault,added_mass_6g,overhang,https://www02.smt.ufrj.br/~offshore/mfs/page_01.html,documented,rotation 13.9264 Hz from filename
MAFAULDA,mafaulda_overhang_ball_fault_6g_15.36,mafaulda_overhang_ball_fault_6g,mafaulda_defective_ball_fault,mafaulda_overhang_ball_fault_6g,,data/raw_mafaulda/full/overhang/ball_fault/6g/15.36.csv,overhang/ball_fault,RollingElement,50000,5.0,250000,921.5999999999999,added_mass_6g,"8ch(tacho;uh_ax,rad,tan;oh_ax,rad,tan;mic)",bearing_ball_fault,added_mass_6g,overhang,https://www02.smt.ufrj.br/~offshore/mfs/page_01.html,documented,rotation 15.36 Hz from filename
MAFAULDA,mafaulda_overhang_ball_fault_6g_15.9744,mafaulda_overhang_ball_fault_6g,mafaulda_defective_ball_fault,mafaulda_overhang_ball_fault_6g,,data/raw_mafaulda/full/overhang/ball_fault/6g/15.9744.csv,overhang/ball_fault,RollingElement,50000,5.0,250000,958.4639999999999,added_mass_6g,"8ch(tacho;uh_ax,rad,tan;oh_ax,rad,tan;mic)",bearing_ball_fault,added_mass_6g,overhang,https://www02.smt.ufrj.br/~offshore/mfs/page_01.html,documented,rotation 15.9744 Hz from filename
MAFAULDA,mafaulda_overhang_ball_fault_6g_16.9984,mafaulda_overhang_ball_fault_6g,mafaulda_defective_ball_fault,mafaulda_overhang_ball_fault_6g,,data/raw_mafaulda/full/overhang/ball_fault/6g/16.9984.csv,overhang/ball_fault,RollingElement,50000,5.0,250000,1019.904,added_mass_6g,"8ch(tacho;uh_ax,rad,tan;oh_ax,rad,tan;mic)",bearing_ball_fault,added_mass_6g,overhang,https://www02.smt.ufrj.br/~offshore/mfs/page_01.html,documented,rotation 16.9984 Hz from filename
MAFAULDA,mafaulda_overhang_ball_fault_6g_18.432,mafaulda_overhang_ball_fault_6g,mafaulda_defective_ball_fault,mafaulda_overhang_ball_fault_6g,,data/raw_mafaulda/full/overhang/ball_fault/6g/18.432.csv,overhang/ball_fault,RollingElement,50000,5.0,250000,1105.9199999999998,added_mass_6g,"8ch(tacho;uh_ax,rad,tan;oh_ax,rad,tan;mic)",bearing_ball_fault,added_mass_6g,overhang,https://www02.smt.ufrj.br/~offshore/mfs/page_01.html,documented,rotation 18.432 Hz from filename
MAFAULDA,mafaulda_overhang_ball_fault_6g_19.2512,mafaulda_overhang_ball_fault_6g,mafaulda_defective_ball_fault,mafaulda_overhang_ball_fault_6g,,data/raw_mafaulda/full/overhang/ball_fault/6g/19.2512.csv,overhang/ball_fault,RollingElement,50000,5.0,250000,1155.0720000000001,added_mass_6g,"8ch(tacho;uh_ax,rad,tan;oh_ax,rad,tan;mic)",bearing_ball_fault,added_mass_6g,overhang,https://www02.smt.ufrj.br/~offshore/mfs/page_01.html,documented,rotation 19.2512 Hz from filename
MAFAULDA,mafaulda_overhang_ball_fault_6g_20.0704,mafaulda_overhang_ball_fault_6g,mafaulda_defective_ball_fault,mafaulda_overhang_ball_fault_6g,,data/raw_mafaulda/full/overhang/ball_fault/6g/20.0704.csv,overhang/ball_fault,RollingElement,50000,5.0,250000,1204.224,added_mass_6g,"8ch(tacho;uh_ax,rad,tan;oh_ax,rad,tan;mic)",bearing_ball_fault,added_mass_6g,overhang,https://www02.smt.ufrj.br/~offshore/mfs/page_01.html,documented,rotation 20.0704 Hz from filename
MAFAULDA,mafaulda_overhang_ball_fault_6g_21.7088,mafaulda_overhang_ball_fault_6g,mafaulda_defective_ball_fault,mafaulda_overhang_ball_fault_6g,,data/raw_mafaulda/full/overhang/ball_fault/6g/21.7088.csv,overhang/ball_fault,RollingElement,50000,5.0,250000,1302.528,added_mass_6g,"8ch(tacho;uh_ax,rad,tan;oh_ax,rad,tan;mic)",bearing_ball_fault,added_mass_6g,overhang,https://www02.smt.ufrj.br/~offshore/mfs/page_01.html,documented,rotation 21.7088 Hz from filename
MAFAULDA,mafaulda_overhang_ball_fault_6g_22.528,mafaulda_overhang_ball_fault_6g,mafaulda_defective_ball_fault,mafaulda_overhang_ball_fault_6g,,data/raw_mafaulda/full/overhang/ball_fault/6g/22.528.csv,overhang/ball_fault,RollingElement,50000,5.0,250000,1351.6799999999998,added_mass_6g,"8ch(tacho;uh_ax,rad,tan;oh_ax,rad,tan;mic)",bearing_ball_fault,added_mass_6g,overhang,https://www02.smt.ufrj.br/~offshore/mfs/page_01.html,documented,rotation 22.528 Hz from filename
MAFAULDA,mafaulda_overhang_ball_fault_6g_23.3472,mafaulda_overhang_ball_fault_6g,mafaulda_defective_ball_fault,mafaulda_overhang_ball_fault_6g,,data/raw_mafaulda/full/overhang/ball_fault/6g/23.3472.csv,overhang/ball_fault,RollingElement,50000,5.0,250000,1400.832,added_mass_6g,"8ch(tacho;uh_ax,rad,tan;oh_ax,rad,tan;mic)",bearing_ball_fault,added_mass_6g,overhang,https://www02.smt.ufrj.br/~offshore/mfs/page_01.html,documented,rotation 23.3472 Hz from filename
MAFAULDA,mafaulda_overhang_ball_fault_6g_24.7808,mafaulda_overhang_ball_fault_6g,mafaulda_defective_ball_fault,mafaulda_overhang_ball_fault_6g,,data/raw_mafaulda/full/overhang/ball_fault/6g/24.7808.csv,overhang/ball_fault,RollingElement,50000,5.0,250000,1486.848,added_mass_6g,"8ch(tacho;uh_ax,rad,tan;oh_ax,rad,tan;mic)",bearing_ball_fault,added_mass_6g,overhang,https://www02.smt.ufrj.br/~offshore/mfs/page_01.html,documented,rotation 24.7808 Hz from filename
MAFAULDA,mafaulda_overhang_ball_fault_6g_25.6,mafaulda_overhang_ball_fault_6g,mafaulda_defective_ball_fault,mafaulda_overhang_ball_fault_6g,,data/raw_mafaulda/full/overhang/ball_fault/6g/25.6.csv,overhang/ball_fault,RollingElement,50000,5.0,250000,1536.0,added_mass_6g,"8ch(tacho;uh_ax,rad,tan;oh_ax,rad,tan;mic)",bearing_ball_fault,added_mass_6g,overhang,https://www02.smt.ufrj.br/~offshore/mfs/page_01.html,documented,rotation 25.6 Hz from filename
MAFAULDA,mafaulda_overhang_ball_fault_6g_26.4192,mafaulda_overhang_ball_fault_6g,mafaulda_defective_ball_fault,mafaulda_overhang_ball_fault_6g,,data/raw_mafaulda/full/overhang/ball_fault/6g/26.4192.csv,overhang/ball_fault,RollingElement,50000,5.0,250000,1585.152,added_mass_6g,"8ch(tacho;uh_ax,rad,tan;oh_ax,rad,tan;mic)",bearing_ball_fault,added_mass_6g,overhang,https://www02.smt.ufrj.br/~offshore/mfs/page_01.html,documented,rotation 26.4192 Hz from filename
MAFAULDA,mafaulda_overhang_ball_fault_6g_27.4432,mafaulda_overhang_ball_fault_6g,mafaulda_defective_ball_fault,mafaulda_overhang_ball_fault_6g,,data/raw_mafaulda/full/overhang/ball_fault/6g/27.4432.csv,overhang/ball_fault,RollingElement,50000,5.0,250000,1646.592,added_mass_6g,"8ch(tacho;uh_ax,rad,tan;oh_ax,rad,tan;mic)",bearing_ball_fault,added_mass_6g,overhang,https://www02.smt.ufrj.br/~offshore/mfs/page_01.html,documented,rotation 27.4432 Hz from filename
MAFAULDA,mafaulda_overhang_ball_fault_6g_28.2624,mafaulda_overhang_ball_fault_6g,mafaulda_defective_ball_fault,mafaulda_overhang_ball_fault_6g,,data/raw_mafaulda/full/overhang/ball_fault/6g/28.2624.csv,overhang/ball_fault,RollingElement,50000,5.0,250000,1695.744,added_mass_6g,"8ch(tacho;uh_ax,rad,tan;oh_ax,rad,tan;mic)",bearing_ball_fault,added_mass_6g,overhang,https://www02.smt.ufrj.br/~offshore/mfs/page_01.html,documented,rotation 28.2624 Hz from filename
MAFAULDA,mafaulda_overhang_ball_fault_6g_29.2864,mafaulda_overhang_ball_fault_6g,mafaulda_defective_ball_fault,mafaulda_overhang_ball_fault_6g,,data/raw_mafaulda/full/overhang/ball_fault/6g/29.2864.csv,overhang/ball_fault,RollingElement,50000,5.0,250000,1757.184,added_mass_6g,"8ch(tacho;uh_ax,rad,tan;oh_ax,rad,tan;mic)",bearing_ball_fault,added_mass_6g,overhang,https://www02.smt.ufrj.br/~offshore/mfs/page_01.html,documented,rotation 29.2864 Hz from filename
MAFAULDA,mafaulda_overhang_ball_fault_6g_29.9008,mafaulda_overhang_ball_fault_6g,mafaulda_defective_ball_fault,mafaulda_overhang_ball_fault_6g,,data/raw_mafaulda/full/overhang/ball_fault/6g/29.9008.csv,overhang/ball_fault,RollingElement,50000,5.0,250000,1794.048,added_mass_6g,"8ch(tacho;uh_ax,rad,tan;oh_ax,rad,tan;mic)",bearing_ball_fault,added_mass_6g,overhang,https://www02.smt.ufrj.br/~offshore/mfs/page_01.html,documented,rotation 29.9008 Hz from filename
MAFAULDA,mafaulda_overhang_ball_fault_6g_31.1296,mafaulda_overhang_ball_fault_6g,mafaulda_defective_ball_fault,mafaulda_overhang_ball_fault_6g,,data/raw_mafaulda/full/overhang/ball_fault/6g/31.1296.csv,overhang/ball_fault,RollingElement,50000,5.0,250000,1867.776,added_mass_6g,"8ch(tacho;uh_ax,rad,tan;oh_ax,rad,tan;mic)",bearing_ball_fault,added_mass_6g,overhang,https://www02.smt.ufrj.br/~offshore/mfs/page_01.html,documented,rotation 31.1296 Hz from filename
MAFAULDA,mafaulda_overhang_ball_fault_6g_32.1536,mafaulda_overhang_ball_fault_6g,mafaulda_defective_ball_fault,mafaulda_overhang_ball_fault_6g,,data/raw_mafaulda/full/overhang/ball_fault/6g/32.1536.csv,overhang/ball_fault,RollingElement,50000,5.0,250000,1929.216,added_mass_6g,"8ch(tacho;uh_ax,rad,tan;oh_ax,rad,tan;mic)",bearing_ball_fault,added_mass_6g,overhang,https://www02.smt.ufrj.br/~offshore/mfs/page_01.html,documented,rotation 32.1536 Hz from filename
MAFAULDA,mafaulda_overhang_ball_fault_6g_33.792,mafaulda_overhang_ball_fault_6g,mafaulda_defective_ball_fault,mafaulda_overhang_ball_fault_6g,,data/raw_mafaulda/full/overhang/ball_fault/6g/33.792.csv,overhang/ball_fault,RollingElement,50000,5.0,250000,2027.52,added_mass_6g,"8ch(tacho;uh_ax,rad,tan;oh_ax,rad,tan;mic)",bearing_ball_fault,added_mass_6g,overhang,https://www02.smt.ufrj.br/~offshore/mfs/page_01.html,documented,rotation 33.792 Hz from filename
MAFAULDA,mafaulda_overhang_ball_fault_6g_33.9968,mafaulda_overhang_ball_fault_6g,mafaulda_defective_ball_fault,mafaulda_overhang_ball_fault_6g,,data/raw_mafaulda/full/overhang/ball_fault/6g/33.9968.csv,overhang/ball_fault,RollingElement,50000,5.0,250000,2039.808,added_mass_6g,"8ch(tacho;uh_ax,rad,tan;oh_ax,rad,tan;mic)",bearing_ball_fault,added_mass_6g,overhang,https://www02.smt.ufrj.br/~offshore/mfs/page_01.html,documented,rotation 33.9968 Hz from filename
MAFAULDA,mafaulda_overhang_ball_fault_6g_35.6352,mafaulda_overhang_ball_fault_6g,mafaulda_defective_ball_fault,mafaulda_overhang_ball_fault_6g,,data/raw_mafaulda/full/overhang/ball_fault/6g/35.6352.csv,overhang/ball_fault,RollingElement,50000,5.0,250000,2138.112,added_mass_6g,"8ch(tacho;uh_ax,rad,tan;oh_ax,rad,tan;mic)",bearing_ball_fault,added_mass_6g,overhang,https://www02.smt.ufrj.br/~offshore/mfs/page_01.html,documented,rotation 35.6352 Hz from filename
MAFAULDA,mafaulda_overhang_ball_fault_6g_36.6592,mafaulda_overhang_ball_fault_6g,mafaulda_defective_ball_fault,mafaulda_overhang_ball_fault_6g,,data/raw_mafaulda/full/overhang/ball_fault/6g/36.6592.csv,overhang/ball_fault,RollingElement,50000,5.0,250000,2199.5519999999997,added_mass_6g,"8ch(tacho;uh_ax,rad,tan;oh_ax,rad,tan;mic)",bearing_ball_fault,added_mass_6g,overhang,https://www02.smt.ufrj.br/~offshore/mfs/page_01.html,documented,rotation 36.6592 Hz from filename
MAFAULDA,mafaulda_overhang_ball_fault_6g_37.4784,mafaulda_overhang_ball_fault_6g,mafaulda_defective_ball_fault,mafaulda_overhang_ball_fault_6g,,data/raw_mafaulda/full/overhang/ball_fault/6g/37.4784.csv,overhang/ball_fault,RollingElement,50000,5.0,250000,2248.704,added_mass_6g,"8ch(tacho;uh_ax,rad,tan;oh_ax,rad,tan;mic)",bearing_ball_fault,added_mass_6g,overhang,https://www02.smt.ufrj.br/~offshore/mfs/page_01.html,documented,rotation 37.4784 Hz from filename
MAFAULDA,mafaulda_overhang_ball_fault_6g_38.7072,mafaulda_overhang_ball_fault_6g,mafaulda_defective_ball_fault,mafaulda_overhang_ball_fault_6g,,data/raw_mafaulda/full/overhang/ball_fault/6g/38.7072.csv,overhang/ball_fault,RollingElement,50000,5.0,250000,2322.432,added_mass_6g,"8ch(tacho;uh_ax,rad,tan;oh_ax,rad,tan;mic)",bearing_ball_fault,added_mass_6g,overhang,https://www02.smt.ufrj.br/~offshore/mfs/page_01.html,documented,rotation 38.7072 Hz from filename
MAFAULDA,mafaulda_overhang_ball_fault_6g_39.7312,mafaulda_overhang_ball_fault_6g,mafaulda_defective_ball_fault,mafaulda_overhang_ball_fault_6g,,data/raw_mafaulda/full/overhang/ball_fault/6g/39.7312.csv,overhang/ball_fault,RollingElement,50000,5.0,250000,2383.8720000000003,added_mass_6g,"8ch(tacho;uh_ax,rad,tan;oh_ax,rad,tan;mic)",bearing_ball_fault,added_mass_6g,overhang,https://www02.smt.ufrj.br/~offshore/mfs/page_01.html,documented,rotation 39.7312 Hz from filename
MAFAULDA,mafaulda_overhang_ball_fault_6g_40.5504,mafaulda_overhang_ball_fault_6g,mafaulda_defective_ball_fault,mafaulda_overhang_ball_fault_6g,,data/raw_mafaulda/full/overhang/ball_fault/6g/40.5504.csv,overhang/ball_fault,RollingElement,50000,5.0,250000,2433.0240000000003,added_mass_6g,"8ch(tacho;uh_ax,rad,tan;oh_ax,rad,tan;mic)",bearing_ball_fault,added_mass_6g,overhang,https://www02.smt.ufrj.br/~offshore/mfs/page_01.html,documented,rotation 40.5504 Hz from filename
MAFAULDA,mafaulda_overhang_ball_fault_6g_41.5744,mafaulda_overhang_ball_fault_6g,mafaulda_defective_ball_fault,mafaulda_overhang_ball_fault_6g,,data/raw_mafaulda/full/overhang/ball_fault/6g/41.5744.csv,overhang/ball_fault,RollingElement,50000,5.0,250000,2494.464,added_mass_6g,"8ch(tacho;uh_ax,rad,tan;oh_ax,rad,tan;mic)",bearing_ball_fault,added_mass_6g,overhang,https://www02.smt.ufrj.br/~offshore/mfs/page_01.html,documented,rotation 41.5744 Hz from filename
MAFAULDA,mafaulda_overhang_ball_fault_6g_42.3936,mafaulda_overhang_ball_fault_6g,mafaulda_defective_ball_fault,mafaulda_overhang_ball_fault_6g,,data/raw_mafaulda/full/overhang/ball_fault/6g/42.3936.csv,overhang/ball_fault,RollingElement,50000,5.0,250000,2543.616,added_mass_6g,"8ch(tacho;uh_ax,rad,tan;oh_ax,rad,tan;mic)",bearing_ball_fault,added_mass_6g,overhang,https://www02.smt.ufrj.br/~offshore/mfs/page_01.html,documented,rotation 42.3936 Hz from filename
MAFAULDA,mafaulda_overhang_ball_fault_6g_43.4176,mafaulda_overhang_ball_fault_6g,mafaulda_defective_ball_fault,mafaulda_overhang_ball_fault_6g,,data/raw_mafaulda/full/overhang/ball_fault/6g/43.4176.csv,overhang/ball_fault,RollingElement,50000,5.0,250000,2605.056,added_mass_6g,"8ch(tacho;uh_ax,rad,tan;oh_ax,rad,tan;mic)",bearing_ball_fault,added_mass_6g,overhang,https://www02.smt.ufrj.br/~offshore/mfs/page_01.html,documented,rotation 43.4176 Hz from filename
MAFAULDA,mafaulda_overhang_ball_fault_6g_44.4416,mafaulda_overhang_ball_fault_6g,mafaulda_defective_ball_fault,mafaulda_overhang_ball_fault_6g,,data/raw_mafaulda/full/overhang/ball_fault/6g/44.4416.csv,overhang/ball_fault,RollingElement,50000,5.0,250000,2666.496,added_mass_6g,"8ch(tacho;uh_ax,rad,tan;oh_ax,rad,tan;mic)",bearing_ball_fault,added_mass_6g,overhang,https://www02.smt.ufrj.br/~offshore/mfs/page_01.html,documented,rotation 44.4416 Hz from filename
MAFAULDA,mafaulda_overhang_ball_fault_6g_45.4656,mafaulda_overhang_ball_fault_6g,mafaulda_defective_ball_fault,mafaulda_overhang_ball_fault_6g,,data/raw_mafaulda/full/overhang/ball_fault/6g/45.4656.csv,overhang/ball_fault,RollingElement,50000,5.0,250000,2727.936,added_mass_6g,"8ch(tacho;uh_ax,rad,tan;oh_ax,rad,tan;mic)",bearing_ball_fault,added_mass_6g,overhang,https://www02.smt.ufrj.br/~offshore/mfs/page_01.html,documented,rotation 45.4656 Hz from filename
MAFAULDA,mafaulda_overhang_ball_fault_6g_46.08,mafaulda_overhang_ball_fault_6g,mafaulda_defective_ball_fault,mafaulda_overhang_ball_fault_6g,,data/raw_mafaulda/full/overhang/ball_fault/6g/46.08.csv,overhang/ball_fault,RollingElement,50000,5.0,250000,2764.7999999999997,added_mass_6g,"8ch(tacho;uh_ax,rad,tan;oh_ax,rad,tan;mic)",bearing_ball_fault,added_mass_6g,overhang,https://www02.smt.ufrj.br/~offshore/mfs/page_01.html,documented,rotation 46.08 Hz from filename
MAFAULDA,mafaulda_overhang_ball_fault_6g_47.104,mafaulda_overhang_ball_fault_6g,mafaulda_defective_ball_fault,mafaulda_overhang_ball_fault_6g,,data/raw_mafaulda/full/overhang/ball_fault/6g/47.104.csv,overhang/ball_fault,RollingElement,50000,5.0,250000,2826.24,added_mass_6g,"8ch(tacho;uh_ax,rad,tan;oh_ax,rad,tan;mic)",bearing_ball_fault,added_mass_6g,overhang,https://www02.smt.ufrj.br/~offshore/mfs/page_01.html,documented,rotation 47.104 Hz from filename
MAFAULDA,mafaulda_overhang_ball_fault_6g_48.5376,mafaulda_overhang_ball_fault_6g,mafaulda_defective_ball_fault,mafaulda_overhang_ball_fault_6g,,data/raw_mafaulda/full/overhang/ball_fault/6g/48.5376.csv,overhang/ball_fault,RollingElement,50000,5.0,250000,2912.256,added_mass_6g,"8ch(tacho;uh_ax,rad,tan;oh_ax,rad,tan;mic)",bearing_ball_fault,added_mass_6g,overhang,https://www02.smt.ufrj.br/~offshore/mfs/page_01.html,documented,rotation 48.5376 Hz from filename
MAFAULDA,mafaulda_overhang_ball_fault_6g_49.5616,mafaulda_overhang_ball_fault_6g,mafaulda_defective_ball_fault,mafaulda_overhang_ball_fault_6g,,data/raw_mafaulda/full/overhang/ball_fault/6g/49.5616.csv,overhang/ball_fault,RollingElement,50000,5.0,250000,2973.696,added_mass_6g,"8ch(tacho;uh_ax,rad,tan;oh_ax,rad,tan;mic)",bearing_ball_fault,added_mass_6g,overhang,https://www02.smt.ufrj.br/~offshore/mfs/page_01.html,documented,rotation 49.5616 Hz from filename
MAFAULDA,mafaulda_overhang_ball_fault_6g_50.7904,mafaulda_overhang_ball_fault_6g,mafaulda_defective_ball_fault,mafaulda_overhang_ball_fault_6g,,data/raw_mafaulda/full/overhang/ball_fault/6g/50.7904.csv,overhang/ball_fault,RollingElement,50000,5.0,250000,3047.424,added_mass_6g,"8ch(tacho;uh_ax,rad,tan;oh_ax,rad,tan;mic)",bearing_ball_fault,added_mass_6g,overhang,https://www02.smt.ufrj.br/~offshore/mfs/page_01.html,documented,rotation 50.7904 Hz from filename
MAFAULDA,mafaulda_overhang_ball_fault_6g_50.9952,mafaulda_overhang_ball_fault_6g,mafaulda_defective_ball_fault,mafaulda_overhang_ball_fault_6g,,data/raw_mafaulda/full/overhang/ball_fault/6g/50.9952.csv,overhang/ball_fault,RollingElement,50000,5.0,250000,3059.712,added_mass_6g,"8ch(tacho;uh_ax,rad,tan;oh_ax,rad,tan;mic)",bearing_ball_fault,added_mass_6g,overhang,https://www02.smt.ufrj.br/~offshore/mfs/page_01.html,documented,rotation 50.9952 Hz from filename
MAFAULDA,mafaulda_overhang_ball_fault_6g_52.6336,mafaulda_overhang_ball_fault_6g,mafaulda_defective_ball_fault,mafaulda_overhang_ball_fault_6g,,data/raw_mafaulda/full/overhang/ball_fault/6g/52.6336.csv,overhang/ball_fault,RollingElement,50000,5.0,250000,3158.016,added_mass_6g,"8ch(tacho;uh_ax,rad,tan;oh_ax,rad,tan;mic)",bearing_ball_fault,added_mass_6g,overhang,https://www02.smt.ufrj.br/~offshore/mfs/page_01.html,documented,rotation 52.6336 Hz from filename
MAFAULDA,mafaulda_overhang_ball_fault_6g_53.248,mafaulda_overhang_ball_fault_6g,mafaulda_defective_ball_fault,mafaulda_overhang_ball_fault_6g,,data/raw_mafaulda/full/overhang/ball_fault/6g/53.248.csv,overhang/ball_fault,RollingElement,50000,5.0,250000,3194.8799999999997,added_mass_6g,"8ch(tacho;uh_ax,rad,tan;oh_ax,rad,tan;mic)",bearing_ball_fault,added_mass_6g,overhang,https://www02.smt.ufrj.br/~offshore/mfs/page_01.html,documented,rotation 53.248 Hz from filename
MAFAULDA,mafaulda_overhang_ball_fault_6g_54.0672,mafaulda_overhang_ball_fault_6g,mafaulda_defective_ball_fault,mafaulda_overhang_ball_fault_6g,,data/raw_mafaulda/full/overhang/ball_fault/6g/54.0672.csv,overhang/ball_fault,RollingElement,50000,5.0,250000,3244.032,added_mass_6g,"8ch(tacho;uh_ax,rad,tan;oh_ax,rad,tan;mic)",bearing_ball_fault,added_mass_6g,overhang,https://www02.smt.ufrj.br/~offshore/mfs/page_01.html,documented,rotation 54.0672 Hz from filename
MAFAULDA,mafaulda_overhang_ball_fault_6g_55.296,mafaulda_overhang_ball_fault_6g,mafaulda_defective_ball_fault,mafaulda_overhang_ball_fault_6g,,data/raw_mafaulda/full/overhang/ball_fault/6g/55.296.csv,overhang/ball_fault,RollingElement,50000,5.0,250000,3317.7599999999998,added_mass_6g,"8ch(tacho;uh_ax,rad,tan;oh_ax,rad,tan;mic)",bearing_ball_fault,added_mass_6g,overhang,https://www02.smt.ufrj.br/~offshore/mfs/page_01.html,documented,rotation 55.296 Hz from filename
MAFAULDA,mafaulda_overhang_cage_fault_0g_13.1072,mafaulda_overhang_cage_fault_0g,mafaulda_defective_cage_fault,mafaulda_overhang_cage_fault_0g,,data/raw_mafaulda/full/overhang/cage_fault/0g/13.1072.csv,overhang/cage_fault,Cage_NO_CROSS_DATASET_MATCH,50000,5.0,250000,786.432,added_mass_0g,"8ch(tacho;uh_ax,rad,tan;oh_ax,rad,tan;mic)",bearing_cage_fault,added_mass_0g,overhang,https://www02.smt.ufrj.br/~offshore/mfs/page_01.html,documented,rotation 13.1072 Hz from filename
MAFAULDA,mafaulda_overhang_cage_fault_0g_14.1312,mafaulda_overhang_cage_fault_0g,mafaulda_defective_cage_fault,mafaulda_overhang_cage_fault_0g,,data/raw_mafaulda/full/overhang/cage_fault/0g/14.1312.csv,overhang/cage_fault,Cage_NO_CROSS_DATASET_MATCH,50000,5.0,250000,847.872,added_mass_0g,"8ch(tacho;uh_ax,rad,tan;oh_ax,rad,tan;mic)",bearing_cage_fault,added_mass_0g,overhang,https://www02.smt.ufrj.br/~offshore/mfs/page_01.html,documented,rotation 14.1312 Hz from filename
MAFAULDA,mafaulda_overhang_cage_fault_0g_14.9504,mafaulda_overhang_cage_fault_0g,mafaulda_defective_cage_fault,mafaulda_overhang_cage_fault_0g,,data/raw_mafaulda/full/overhang/cage_fault/0g/14.9504.csv,overhang/cage_fault,Cage_NO_CROSS_DATASET_MATCH,50000,5.0,250000,897.024,added_mass_0g,"8ch(tacho;uh_ax,rad,tan;oh_ax,rad,tan;mic)",bearing_cage_fault,added_mass_0g,overhang,https://www02.smt.ufrj.br/~offshore/mfs/page_01.html,documented,rotation 14.9504 Hz from filename
MAFAULDA,mafaulda_overhang_cage_fault_0g_16.1792,mafaulda_overhang_cage_fault_0g,mafaulda_defective_cage_fault,mafaulda_overhang_cage_fault_0g,,data/raw_mafaulda/full/overhang/cage_fault/0g/16.1792.csv,overhang/cage_fault,Cage_NO_CROSS_DATASET_MATCH,50000,5.0,250000,970.7520000000001,added_mass_0g,"8ch(tacho;uh_ax,rad,tan;oh_ax,rad,tan;mic)",bearing_cage_fault,added_mass_0g,overhang,https://www02.smt.ufrj.br/~offshore/mfs/page_01.html,documented,rotation 16.1792 Hz from filename
MAFAULDA,mafaulda_overhang_cage_fault_0g_17.408,mafaulda_overhang_cage_fault_0g,mafaulda_defective_cage_fault,mafaulda_overhang_cage_fault_0g,,data/raw_mafaulda/full/overhang/cage_fault/0g/17.408.csv,overhang/cage_fault,Cage_NO_CROSS_DATASET_MATCH,50000,5.0,250000,1044.48,added_mass_0g,"8ch(tacho;uh_ax,rad,tan;oh_ax,rad,tan;mic)",bearing_cage_fault,added_mass_0g,overhang,https://www02.smt.ufrj.br/~offshore/mfs/page_01.html,documented,rotation 17.408 Hz from filename
MAFAULDA,mafaulda_overhang_cage_fault_0g_18.6368,mafaulda_overhang_cage_fault_0g,mafaulda_defective_cage_fault,mafaulda_overhang_cage_fault_0g,,data/raw_mafaulda/full/overhang/cage_fault/0g/18.6368.csv,overhang/cage_fault,Cage_NO_CROSS_DATASET_MATCH,50000,5.0,250000,1118.208,added_mass_0g,"8ch(tacho;uh_ax,rad,tan;oh_ax,rad,tan;mic)",bearing_cage_fault,added_mass_0g,overhang,https://www02.smt.ufrj.br/~offshore/mfs/page_01.html,documented,rotation 18.6368 Hz from filename
MAFAULDA,mafaulda_overhang_cage_fault_0g_19.456,mafaulda_overhang_cage_fault_0g,mafaulda_defective_cage_fault,mafaulda_overhang_cage_fault_0g,,data/raw_mafaulda/full/overhang/cage_fault/0g/19.456.csv,overhang/cage_fault,Cage_NO_CROSS_DATASET_MATCH,50000,5.0,250000,1167.36,added_mass_0g,"8ch(tacho;uh_ax,rad,tan;oh_ax,rad,tan;mic)",bearing_cage_fault,added_mass_0g,overhang,https://www02.smt.ufrj.br/~offshore/mfs/page_01.html,documented,rotation 19.456 Hz from filename
MAFAULDA,mafaulda_overhang_cage_fault_0g_19.8656,mafaulda_overhang_cage_fault_0g,mafaulda_defective_cage_fault,mafaulda_overhang_cage_fault_0g,,data/raw_mafaulda/full/overhang/cage_fault/0g/19.8656.csv,overhang/cage_fault,Cage_NO_CROSS_DATASET_MATCH,50000,5.0,250000,1191.9360000000001,added_mass_0g,"8ch(tacho;uh_ax,rad,tan;oh_ax,rad,tan;mic)",bearing_cage_fault,added_mass_0g,overhang,https://www02.smt.ufrj.br/~offshore/mfs/page_01.html,documented,rotation 19.8656 Hz from filename
MAFAULDA,mafaulda_overhang_cage_fault_0g_21.0944,mafaulda_overhang_cage_fault_0g,mafaulda_defective_cage_fault,mafaulda_overhang_cage_fault_0g,,data/raw_mafaulda/full/overhang/cage_fault/0g/21.0944.csv,overhang/cage_fault,Cage_NO_CROSS_DATASET_MATCH,50000,5.0,250000,1265.664,added_mass_0g,"8ch(tacho;uh_ax,rad,tan;oh_ax,rad,tan;mic)",bearing_cage_fault,added_mass_0g,overhang,https://www02.smt.ufrj.br/~offshore/mfs/page_01.html,documented,rotation 21.0944 Hz from filename
MAFAULDA,mafaulda_overhang_cage_fault_0g_22.3232,mafaulda_overhang_cage_fault_0g,mafaulda_defective_cage_fault,mafaulda_overhang_cage_fault_0g,,data/raw_mafaulda/full/overhang/cage_fault/0g/22.3232.csv,overhang/cage_fault,Cage_NO_CROSS_DATASET_MATCH,50000,5.0,250000,1339.392,added_mass_0g,"8ch(tacho;uh_ax,rad,tan;oh_ax,rad,tan;mic)",bearing_cage_fault,added_mass_0g,overhang,https://www02.smt.ufrj.br/~offshore/mfs/page_01.html,documented,rotation 22.3232 Hz from filename
MAFAULDA,mafaulda_overhang_cage_fault_0g_23.1424,mafaulda_overhang_cage_fault_0g,mafaulda_defective_cage_fault,mafaulda_overhang_cage_fault_0g,,data/raw_mafaulda/full/overhang/cage_fault/0g/23.1424.csv,overhang/cage_fault,Cage_NO_CROSS_DATASET_MATCH,50000,5.0,250000,1388.5439999999999,added_mass_0g,"8ch(tacho;uh_ax,rad,tan;oh_ax,rad,tan;mic)",bearing_cage_fault,added_mass_0g,overhang,https://www02.smt.ufrj.br/~offshore/mfs/page_01.html,documented,rotation 23.1424 Hz from filename
MAFAULDA,mafaulda_overhang_cage_fault_0g_24.1664,mafaulda_overhang_cage_fault_0g,mafaulda_defective_cage_fault,mafaulda_overhang_cage_fault_0g,,data/raw_mafaulda/full/overhang/cage_fault/0g/24.1664.csv,overhang/cage_fault,Cage_NO_CROSS_DATASET_MATCH,50000,5.0,250000,1449.984,added_mass_0g,"8ch(tacho;uh_ax,rad,tan;oh_ax,rad,tan;mic)",bearing_cage_fault,added_mass_0g,overhang,https://www02.smt.ufrj.br/~offshore/mfs/page_01.html,documented,rotation 24.1664 Hz from filename
MAFAULDA,mafaulda_overhang_cage_fault_0g_24.9856,mafaulda_overhang_cage_fault_0g,mafaulda_defective_cage_fault,mafaulda_overhang_cage_fault_0g,,data/raw_mafaulda/full/overhang/cage_fault/0g/24.9856.csv,overhang/cage_fault,Cage_NO_CROSS_DATASET_MATCH,50000,5.0,250000,1499.1360000000002,added_mass_0g,"8ch(tacho;uh_ax,rad,tan;oh_ax,rad,tan;mic)",bearing_cage_fault,added_mass_0g,overhang,https://www02.smt.ufrj.br/~offshore/mfs/page_01.html,documented,rotation 24.9856 Hz from filename
MAFAULDA,mafaulda_overhang_cage_fault_0g_26.8288,mafaulda_overhang_cage_fault_0g,mafaulda_defective_cage_fault,mafaulda_overhang_cage_fault_0g,,data/raw_mafaulda/full/overhang/cage_fault/0g/26.8288.csv,overhang/cage_fault,Cage_NO_CROSS_DATASET_MATCH,50000,5.0,250000,1609.728,added_mass_0g,"8ch(tacho;uh_ax,rad,tan;oh_ax,rad,tan;mic)",bearing_cage_fault,added_mass_0g,overhang,https://www02.smt.ufrj.br/~offshore/mfs/page_01.html,documented,rotation 26.8288 Hz from filename
MAFAULDA,mafaulda_overhang_cage_fault_0g_27.0336,mafaulda_overhang_cage_fault_0g,mafaulda_defective_cage_fault,mafaulda_overhang_cage_fault_0g,,data/raw_mafaulda/full/overhang/cage_fault/0g/27.0336.csv,overhang/cage_fault,Cage_NO_CROSS_DATASET_MATCH,50000,5.0,250000,1622.016,added_mass_0g,"8ch(tacho;uh_ax,rad,tan;oh_ax,rad,tan;mic)",bearing_cage_fault,added_mass_0g,overhang,https://www02.smt.ufrj.br/~offshore/mfs/page_01.html,documented,rotation 27.0336 Hz from filename
MAFAULDA,mafaulda_overhang_cage_fault_0g_28.0576,mafaulda_overhang_cage_fault_0g,mafaulda_defective_cage_fault,mafaulda_overhang_cage_fault_0g,,data/raw_mafaulda/full/overhang/cage_fault/0g/28.0576.csv,overhang/cage_fault,Cage_NO_CROSS_DATASET_MATCH,50000,5.0,250000,1683.4560000000001,added_mass_0g,"8ch(tacho;uh_ax,rad,tan;oh_ax,rad,tan;mic)",bearing_cage_fault,added_mass_0g,overhang,https://www02.smt.ufrj.br/~offshore/mfs/page_01.html,documented,rotation 28.0576 Hz from filename
MAFAULDA,mafaulda_overhang_cage_fault_0g_29.4912,mafaulda_overhang_cage_fault_0g,mafaulda_defective_cage_fault,mafaulda_overhang_cage_fault_0g,,data/raw_mafaulda/full/overhang/cage_fault/0g/29.4912.csv,overhang/cage_fault,Cage_NO_CROSS_DATASET_MATCH,50000,5.0,250000,1769.472,added_mass_0g,"8ch(tacho;uh_ax,rad,tan;oh_ax,rad,tan;mic)",bearing_cage_fault,added_mass_0g,overhang,https://www02.smt.ufrj.br/~offshore/mfs/page_01.html,documented,rotation 29.4912 Hz from filename
MAFAULDA,mafaulda_overhang_cage_fault_0g_30.72,mafaulda_overhang_cage_fault_0g,mafaulda_defective_cage_fault,mafaulda_overhang_cage_fault_0g,,data/raw_mafaulda/full/overhang/cage_fault/0g/30.72.csv,overhang/cage_fault,Cage_NO_CROSS_DATASET_MATCH,50000,5.0,250000,1843.1999999999998,added_mass_0g,"8ch(tacho;uh_ax,rad,tan;oh_ax,rad,tan;mic)",bearing_cage_fault,added_mass_0g,overhang,https://www02.smt.ufrj.br/~offshore/mfs/page_01.html,documented,rotation 30.72 Hz from filename
MAFAULDA,mafaulda_overhang_cage_fault_0g_31.1296,mafaulda_overhang_cage_fault_0g,mafaulda_defective_cage_fault,mafaulda_overhang_cage_fault_0g,,data/raw_mafaulda/full/overhang/cage_fault/0g/31.1296.csv,overhang/cage_fault,Cage_NO_CROSS_DATASET_MATCH,50000,5.0,250000,1867.776,added_mass_0g,"8ch(tacho;uh_ax,rad,tan;oh_ax,rad,tan;mic)",bearing_cage_fault,added_mass_0g,overhang,https://www02.smt.ufrj.br/~offshore/mfs/page_01.html,documented,rotation 31.1296 Hz from filename
MAFAULDA,mafaulda_overhang_cage_fault_0g_31.9488,mafaulda_overhang_cage_fault_0g,mafaulda_defective_cage_fault,mafaulda_overhang_cage_fault_0g,,data/raw_mafaulda/full/overhang/cage_fault/0g/31.9488.csv,overhang/cage_fault,Cage_NO_CROSS_DATASET_MATCH,50000,5.0,250000,1916.9279999999999,added_mass_0g,"8ch(tacho;uh_ax,rad,tan;oh_ax,rad,tan;mic)",bearing_cage_fault,added_mass_0g,overhang,https://www02.smt.ufrj.br/~offshore/mfs/page_01.html,documented,rotation 31.9488 Hz from filename
MAFAULDA,mafaulda_overhang_cage_fault_0g_33.5872,mafaulda_overhang_cage_fault_0g,mafaulda_defective_cage_fault,mafaulda_overhang_cage_fault_0g,,data/raw_mafaulda/full/overhang/cage_fault/0g/33.5872.csv,overhang/cage_fault,Cage_NO_CROSS_DATASET_MATCH,50000,5.0,250000,2015.2320000000002,added_mass_0g,"8ch(tacho;uh_ax,rad,tan;oh_ax,rad,tan;mic)",bearing_cage_fault,added_mass_0g,overhang,https://www02.smt.ufrj.br/~offshore/mfs/page_01.html,documented,rotation 33.5872 Hz from filename
MAFAULDA,mafaulda_overhang_cage_fault_0g_34.2016,mafaulda_overhang_cage_fault_0g,mafaulda_defective_cage_fault,mafaulda_overhang_cage_fault_0g,,data/raw_mafaulda/full/overhang/cage_fault/0g/34.2016.csv,overhang/cage_fault,Cage_NO_CROSS_DATASET_MATCH,50000,5.0,250000,2052.096,added_mass_0g,"8ch(tacho;uh_ax,rad,tan;oh_ax,rad,tan;mic)",bearing_cage_fault,added_mass_0g,overhang,https://www02.smt.ufrj.br/~offshore/mfs/page_01.html,documented,rotation 34.2016 Hz from filename
MAFAULDA,mafaulda_overhang_cage_fault_0g_35.2256,mafaulda_overhang_cage_fault_0g,mafaulda_defective_cage_fault,mafaulda_overhang_cage_fault_0g,,data/raw_mafaulda/full/overhang/cage_fault/0g/35.2256.csv,overhang/cage_fault,Cage_NO_CROSS_DATASET_MATCH,50000,5.0,250000,2113.536,added_mass_0g,"8ch(tacho;uh_ax,rad,tan;oh_ax,rad,tan;mic)",bearing_cage_fault,added_mass_0g,overhang,https://www02.smt.ufrj.br/~offshore/mfs/page_01.html,documented,rotation 35.2256 Hz from filename
MAFAULDA,mafaulda_overhang_cage_fault_0g_36.4544,mafaulda_overhang_cage_fault_0g,mafaulda_defective_cage_fault,mafaulda_overhang_cage_fault_0g,,data/raw_mafaulda/full/overhang/cage_fault/0g/36.4544.csv,overhang/cage_fault,Cage_NO_CROSS_DATASET_MATCH,50000,5.0,250000,2187.264,added_mass_0g,"8ch(tacho;uh_ax,rad,tan;oh_ax,rad,tan;mic)",bearing_cage_fault,added_mass_0g,overhang,https://www02.smt.ufrj.br/~offshore/mfs/page_01.html,documented,rotation 36.4544 Hz from filename
MAFAULDA,mafaulda_overhang_cage_fault_0g_37.2736,mafaulda_overhang_cage_fault_0g,mafaulda_defective_cage_fault,mafaulda_overhang_cage_fault_0g,,data/raw_mafaulda/full/overhang/cage_fault/0g/37.2736.csv,overhang/cage_fault,Cage_NO_CROSS_DATASET_MATCH,50000,5.0,250000,2236.416,added_mass_0g,"8ch(tacho;uh_ax,rad,tan;oh_ax,rad,tan;mic)",bearing_cage_fault,added_mass_0g,overhang,https://www02.smt.ufrj.br/~offshore/mfs/page_01.html,documented,rotation 37.2736 Hz from filename
MAFAULDA,mafaulda_overhang_cage_fault_0g_38.5024,mafaulda_overhang_cage_fault_0g,mafaulda_defective_cage_fault,mafaulda_overhang_cage_fault_0g,,data/raw_mafaulda/full/overhang/cage_fault/0g/38.5024.csv,overhang/cage_fault,Cage_NO_CROSS_DATASET_MATCH,50000,5.0,250000,2310.1440000000002,added_mass_0g,"8ch(tacho;uh_ax,rad,tan;oh_ax,rad,tan;mic)",bearing_cage_fault,added_mass_0g,overhang,https://www02.smt.ufrj.br/~offshore/mfs/page_01.html,documented,rotation 38.5024 Hz from filename
MAFAULDA,mafaulda_overhang_cage_fault_0g_39.3216,mafaulda_overhang_cage_fault_0g,mafaulda_defective_cage_fault,mafaulda_overhang_cage_fault_0g,,data/raw_mafaulda/full/overhang/cage_fault/0g/39.3216.csv,overhang/cage_fault,Cage_NO_CROSS_DATASET_MATCH,50000,5.0,250000,2359.296,added_mass_0g,"8ch(tacho;uh_ax,rad,tan;oh_ax,rad,tan;mic)",bearing_cage_fault,added_mass_0g,overhang,https://www02.smt.ufrj.br/~offshore/mfs/page_01.html,documented,rotation 39.3216 Hz from filename
MAFAULDA,mafaulda_overhang_cage_fault_0g_40.1408,mafaulda_overhang_cage_fault_0g,mafaulda_defective_cage_fault,mafaulda_overhang_cage_fault_0g,,data/raw_mafaulda/full/overhang/cage_fault/0g/40.1408.csv,overhang/cage_fault,Cage_NO_CROSS_DATASET_MATCH,50000,5.0,250000,2408.448,added_mass_0g,"8ch(tacho;uh_ax,rad,tan;oh_ax,rad,tan;mic)",bearing_cage_fault,added_mass_0g,overhang,https://www02.smt.ufrj.br/~offshore/mfs/page_01.html,documented,rotation 40.1408 Hz from filename
MAFAULDA,mafaulda_overhang_cage_fault_0g_41.3696,mafaulda_overhang_cage_fault_0g,mafaulda_defective_cage_fault,mafaulda_overhang_cage_fault_0g,,data/raw_mafaulda/full/overhang/cage_fault/0g/41.3696.csv,overhang/cage_fault,Cage_NO_CROSS_DATASET_MATCH,50000,5.0,250000,2482.176,added_mass_0g,"8ch(tacho;uh_ax,rad,tan;oh_ax,rad,tan;mic)",bearing_cage_fault,added_mass_0g,overhang,https://www02.smt.ufrj.br/~offshore/mfs/page_01.html,documented,rotation 41.3696 Hz from filename
MAFAULDA,mafaulda_overhang_cage_fault_0g_42.5984,mafaulda_overhang_cage_fault_0g,mafaulda_defective_cage_fault,mafaulda_overhang_cage_fault_0g,,data/raw_mafaulda/full/overhang/cage_fault/0g/42.5984.csv,overhang/cage_fault,Cage_NO_CROSS_DATASET_MATCH,50000,5.0,250000,2555.904,added_mass_0g,"8ch(tacho;uh_ax,rad,tan;oh_ax,rad,tan;mic)",bearing_cage_fault,added_mass_0g,overhang,https://www02.smt.ufrj.br/~offshore/mfs/page_01.html,documented,rotation 42.5984 Hz from filename
MAFAULDA,mafaulda_overhang_cage_fault_0g_43.4176,mafaulda_overhang_cage_fault_0g,mafaulda_defective_cage_fault,mafaulda_overhang_cage_fault_0g,,data/raw_mafaulda/full/overhang/cage_fault/0g/43.4176.csv,overhang/cage_fault,Cage_NO_CROSS_DATASET_MATCH,50000,5.0,250000,2605.056,added_mass_0g,"8ch(tacho;uh_ax,rad,tan;oh_ax,rad,tan;mic)",bearing_cage_fault,added_mass_0g,overhang,https://www02.smt.ufrj.br/~offshore/mfs/page_01.html,documented,rotation 43.4176 Hz from filename
MAFAULDA,mafaulda_overhang_cage_fault_0g_44.2368,mafaulda_overhang_cage_fault_0g,mafaulda_defective_cage_fault,mafaulda_overhang_cage_fault_0g,,data/raw_mafaulda/full/overhang/cage_fault/0g/44.2368.csv,overhang/cage_fault,Cage_NO_CROSS_DATASET_MATCH,50000,5.0,250000,2654.208,added_mass_0g,"8ch(tacho;uh_ax,rad,tan;oh_ax,rad,tan;mic)",bearing_cage_fault,added_mass_0g,overhang,https://www02.smt.ufrj.br/~offshore/mfs/page_01.html,documented,rotation 44.2368 Hz from filename
MAFAULDA,mafaulda_overhang_cage_fault_0g_45.2608,mafaulda_overhang_cage_fault_0g,mafaulda_defective_cage_fault,mafaulda_overhang_cage_fault_0g,,data/raw_mafaulda/full/overhang/cage_fault/0g/45.2608.csv,overhang/cage_fault,Cage_NO_CROSS_DATASET_MATCH,50000,5.0,250000,2715.648,added_mass_0g,"8ch(tacho;uh_ax,rad,tan;oh_ax,rad,tan;mic)",bearing_cage_fault,added_mass_0g,overhang,https://www02.smt.ufrj.br/~offshore/mfs/page_01.html,documented,rotation 45.2608 Hz from filename
MAFAULDA,mafaulda_overhang_cage_fault_0g_46.4896,mafaulda_overhang_cage_fault_0g,mafaulda_defective_cage_fault,mafaulda_overhang_cage_fault_0g,,data/raw_mafaulda/full/overhang/cage_fault/0g/46.4896.csv,overhang/cage_fault,Cage_NO_CROSS_DATASET_MATCH,50000,5.0,250000,2789.376,added_mass_0g,"8ch(tacho;uh_ax,rad,tan;oh_ax,rad,tan;mic)",bearing_cage_fault,added_mass_0g,overhang,https://www02.smt.ufrj.br/~offshore/mfs/page_01.html,documented,rotation 46.4896 Hz from filename
MAFAULDA,mafaulda_overhang_cage_fault_0g_47.3088,mafaulda_overhang_cage_fault_0g,mafaulda_defective_cage_fault,mafaulda_overhang_cage_fault_0g,,data/raw_mafaulda/full/overhang/cage_fault/0g/47.3088.csv,overhang/cage_fault,Cage_NO_CROSS_DATASET_MATCH,50000,5.0,250000,2838.528,added_mass_0g,"8ch(tacho;uh_ax,rad,tan;oh_ax,rad,tan;mic)",bearing_cage_fault,added_mass_0g,overhang,https://www02.smt.ufrj.br/~offshore/mfs/page_01.html,documented,rotation 47.3088 Hz from filename
MAFAULDA,mafaulda_overhang_cage_fault_0g_48.128,mafaulda_overhang_cage_fault_0g,mafaulda_defective_cage_fault,mafaulda_overhang_cage_fault_0g,,data/raw_mafaulda/full/overhang/cage_fault/0g/48.128.csv,overhang/cage_fault,Cage_NO_CROSS_DATASET_MATCH,50000,5.0,250000,2887.68,added_mass_0g,"8ch(tacho;uh_ax,rad,tan;oh_ax,rad,tan;mic)",bearing_cage_fault,added_mass_0g,overhang,https://www02.smt.ufrj.br/~offshore/mfs/page_01.html,documented,rotation 48.128 Hz from filename
MAFAULDA,mafaulda_overhang_cage_fault_0g_49.152,mafaulda_overhang_cage_fault_0g,mafaulda_defective_cage_fault,mafaulda_overhang_cage_fault_0g,,data/raw_mafaulda/full/overhang/cage_fault/0g/49.152.csv,overhang/cage_fault,Cage_NO_CROSS_DATASET_MATCH,50000,5.0,250000,2949.12,added_mass_0g,"8ch(tacho;uh_ax,rad,tan;oh_ax,rad,tan;mic)",bearing_cage_fault,added_mass_0g,overhang,https://www02.smt.ufrj.br/~offshore/mfs/page_01.html,documented,rotation 49.152 Hz from filename
MAFAULDA,mafaulda_overhang_cage_fault_0g_50.5856,mafaulda_overhang_cage_fault_0g,mafaulda_defective_cage_fault,mafaulda_overhang_cage_fault_0g,,data/raw_mafaulda/full/overhang/cage_fault/0g/50.5856.csv,overhang/cage_fault,Cage_NO_CROSS_DATASET_MATCH,50000,5.0,250000,3035.136,added_mass_0g,"8ch(tacho;uh_ax,rad,tan;oh_ax,rad,tan;mic)",bearing_cage_fault,added_mass_0g,overhang,https://www02.smt.ufrj.br/~offshore/mfs/page_01.html,documented,rotation 50.5856 Hz from filename
MAFAULDA,mafaulda_overhang_cage_fault_0g_51.4048,mafaulda_overhang_cage_fault_0g,mafaulda_defective_cage_fault,mafaulda_overhang_cage_fault_0g,,data/raw_mafaulda/full/overhang/cage_fault/0g/51.4048.csv,overhang/cage_fault,Cage_NO_CROSS_DATASET_MATCH,50000,5.0,250000,3084.288,added_mass_0g,"8ch(tacho;uh_ax,rad,tan;oh_ax,rad,tan;mic)",bearing_cage_fault,added_mass_0g,overhang,https://www02.smt.ufrj.br/~offshore/mfs/page_01.html,documented,rotation 51.4048 Hz from filename
MAFAULDA,mafaulda_overhang_cage_fault_0g_52.6336,mafaulda_overhang_cage_fault_0g,mafaulda_defective_cage_fault,mafaulda_overhang_cage_fault_0g,,data/raw_mafaulda/full/overhang/cage_fault/0g/52.6336.csv,overhang/cage_fault,Cage_NO_CROSS_DATASET_MATCH,50000,5.0,250000,3158.016,added_mass_0g,"8ch(tacho;uh_ax,rad,tan;oh_ax,rad,tan;mic)",bearing_cage_fault,added_mass_0g,overhang,https://www02.smt.ufrj.br/~offshore/mfs/page_01.html,documented,rotation 52.6336 Hz from filename
MAFAULDA,mafaulda_overhang_cage_fault_0g_53.8624,mafaulda_overhang_cage_fault_0g,mafaulda_defective_cage_fault,mafaulda_overhang_cage_fault_0g,,data/raw_mafaulda/full/overhang/cage_fault/0g/53.8624.csv,overhang/cage_fault,Cage_NO_CROSS_DATASET_MATCH,50000,5.0,250000,3231.744,added_mass_0g,"8ch(tacho;uh_ax,rad,tan;oh_ax,rad,tan;mic)",bearing_cage_fault,added_mass_0g,overhang,https://www02.smt.ufrj.br/~offshore/mfs/page_01.html,documented,rotation 53.8624 Hz from filename
MAFAULDA,mafaulda_overhang_cage_fault_0g_54.8864,mafaulda_overhang_cage_fault_0g,mafaulda_defective_cage_fault,mafaulda_overhang_cage_fault_0g,,data/raw_mafaulda/full/overhang/cage_fault/0g/54.8864.csv,overhang/cage_fault,Cage_NO_CROSS_DATASET_MATCH,50000,5.0,250000,3293.184,added_mass_0g,"8ch(tacho;uh_ax,rad,tan;oh_ax,rad,tan;mic)",bearing_cage_fault,added_mass_0g,overhang,https://www02.smt.ufrj.br/~offshore/mfs/page_01.html,documented,rotation 54.8864 Hz from filename
MAFAULDA,mafaulda_overhang_cage_fault_0g_55.9104,mafaulda_overhang_cage_fault_0g,mafaulda_defective_cage_fault,mafaulda_overhang_cage_fault_0g,,data/raw_mafaulda/full/overhang/cage_fault/0g/55.9104.csv,overhang/cage_fault,Cage_NO_CROSS_DATASET_MATCH,50000,5.0,250000,3354.6240000000003,added_mass_0g,"8ch(tacho;uh_ax,rad,tan;oh_ax,rad,tan;mic)",bearing_cage_fault,added_mass_0g,overhang,https://www02.smt.ufrj.br/~offshore/mfs/page_01.html,documented,rotation 55.9104 Hz from filename
MAFAULDA,mafaulda_overhang_cage_fault_0g_56.9344,mafaulda_overhang_cage_fault_0g,mafaulda_defective_cage_fault,mafaulda_overhang_cage_fault_0g,,data/raw_mafaulda/full/overhang/cage_fault/0g/56.9344.csv,overhang/cage_fault,Cage_NO_CROSS_DATASET_MATCH,50000,5.0,250000,3416.064,added_mass_0g,"8ch(tacho;uh_ax,rad,tan;oh_ax,rad,tan;mic)",bearing_cage_fault,added_mass_0g,overhang,https://www02.smt.ufrj.br/~offshore/mfs/page_01.html,documented,rotation 56.9344 Hz from filename
MAFAULDA,mafaulda_overhang_cage_fault_0g_57.1392,mafaulda_overhang_cage_fault_0g,mafaulda_defective_cage_fault,mafaulda_overhang_cage_fault_0g,,data/raw_mafaulda/full/overhang/cage_fault/0g/57.1392.csv,overhang/cage_fault,Cage_NO_CROSS_DATASET_MATCH,50000,5.0,250000,3428.3520000000003,added_mass_0g,"8ch(tacho;uh_ax,rad,tan;oh_ax,rad,tan;mic)",bearing_cage_fault,added_mass_0g,overhang,https://www02.smt.ufrj.br/~offshore/mfs/page_01.html,documented,rotation 57.1392 Hz from filename
MAFAULDA,mafaulda_overhang_cage_fault_0g_58.7776,mafaulda_overhang_cage_fault_0g,mafaulda_defective_cage_fault,mafaulda_overhang_cage_fault_0g,,data/raw_mafaulda/full/overhang/cage_fault/0g/58.7776.csv,overhang/cage_fault,Cage_NO_CROSS_DATASET_MATCH,50000,5.0,250000,3526.656,added_mass_0g,"8ch(tacho;uh_ax,rad,tan;oh_ax,rad,tan;mic)",bearing_cage_fault,added_mass_0g,overhang,https://www02.smt.ufrj.br/~offshore/mfs/page_01.html,documented,rotation 58.7776 Hz from filename
MAFAULDA,mafaulda_overhang_cage_fault_0g_59.392,mafaulda_overhang_cage_fault_0g,mafaulda_defective_cage_fault,mafaulda_overhang_cage_fault_0g,,data/raw_mafaulda/full/overhang/cage_fault/0g/59.392.csv,overhang/cage_fault,Cage_NO_CROSS_DATASET_MATCH,50000,5.0,250000,3563.52,added_mass_0g,"8ch(tacho;uh_ax,rad,tan;oh_ax,rad,tan;mic)",bearing_cage_fault,added_mass_0g,overhang,https://www02.smt.ufrj.br/~offshore/mfs/page_01.html,documented,rotation 59.392 Hz from filename
MAFAULDA,mafaulda_overhang_cage_fault_0g_60.0064,mafaulda_overhang_cage_fault_0g,mafaulda_defective_cage_fault,mafaulda_overhang_cage_fault_0g,,data/raw_mafaulda/full/overhang/cage_fault/0g/60.0064.csv,overhang/cage_fault,Cage_NO_CROSS_DATASET_MATCH,50000,5.0,250000,3600.384,added_mass_0g,"8ch(tacho;uh_ax,rad,tan;oh_ax,rad,tan;mic)",bearing_cage_fault,added_mass_0g,overhang,https://www02.smt.ufrj.br/~offshore/mfs/page_01.html,documented,rotation 60.0064 Hz from filename
MAFAULDA,mafaulda_overhang_cage_fault_0g_61.44,mafaulda_overhang_cage_fault_0g,mafaulda_defective_cage_fault,mafaulda_overhang_cage_fault_0g,,data/raw_mafaulda/full/overhang/cage_fault/0g/61.44.csv,overhang/cage_fault,Cage_NO_CROSS_DATASET_MATCH,50000,5.0,250000,3686.3999999999996,added_mass_0g,"8ch(tacho;uh_ax,rad,tan;oh_ax,rad,tan;mic)",bearing_cage_fault,added_mass_0g,overhang,https://www02.smt.ufrj.br/~offshore/mfs/page_01.html,documented,rotation 61.44 Hz from filename
MAFAULDA,mafaulda_overhang_cage_fault_20g_13.7216,mafaulda_overhang_cage_fault_20g,mafaulda_defective_cage_fault,mafaulda_overhang_cage_fault_20g,,data/raw_mafaulda/full/overhang/cage_fault/20g/13.7216.csv,overhang/cage_fault,Cage_NO_CROSS_DATASET_MATCH,50000,5.0,250000,823.296,added_mass_20g,"8ch(tacho;uh_ax,rad,tan;oh_ax,rad,tan;mic)",bearing_cage_fault,added_mass_20g,overhang,https://www02.smt.ufrj.br/~offshore/mfs/page_01.html,documented,rotation 13.7216 Hz from filename
MAFAULDA,mafaulda_overhang_cage_fault_20g_14.5408,mafaulda_overhang_cage_fault_20g,mafaulda_defective_cage_fault,mafaulda_overhang_cage_fault_20g,,data/raw_mafaulda/full/overhang/cage_fault/20g/14.5408.csv,overhang/cage_fault,Cage_NO_CROSS_DATASET_MATCH,50000,5.0,250000,872.4480000000001,added_mass_20g,"8ch(tacho;uh_ax,rad,tan;oh_ax,rad,tan;mic)",bearing_cage_fault,added_mass_20g,overhang,https://www02.smt.ufrj.br/~offshore/mfs/page_01.html,documented,rotation 14.5408 Hz from filename
MAFAULDA,mafaulda_overhang_cage_fault_20g_15.36,mafaulda_overhang_cage_fault_20g,mafaulda_defective_cage_fault,mafaulda_overhang_cage_fault_20g,,data/raw_mafaulda/full/overhang/cage_fault/20g/15.36.csv,overhang/cage_fault,Cage_NO_CROSS_DATASET_MATCH,50000,5.0,250000,921.5999999999999,added_mass_20g,"8ch(tacho;uh_ax,rad,tan;oh_ax,rad,tan;mic)",bearing_cage_fault,added_mass_20g,overhang,https://www02.smt.ufrj.br/~offshore/mfs/page_01.html,documented,rotation 15.36 Hz from filename
MAFAULDA,mafaulda_overhang_cage_fault_20g_16.384,mafaulda_overhang_cage_fault_20g,mafaulda_defective_cage_fault,mafaulda_overhang_cage_fault_20g,,data/raw_mafaulda/full/overhang/cage_fault/20g/16.384.csv,overhang/cage_fault,Cage_NO_CROSS_DATASET_MATCH,50000,5.0,250000,983.04,added_mass_20g,"8ch(tacho;uh_ax,rad,tan;oh_ax,rad,tan;mic)",bearing_cage_fault,added_mass_20g,overhang,https://www02.smt.ufrj.br/~offshore/mfs/page_01.html,documented,rotation 16.384 Hz from filename
MAFAULDA,mafaulda_overhang_cage_fault_20g_17.408,mafaulda_overhang_cage_fault_20g,mafaulda_defective_cage_fault,mafaulda_overhang_cage_fault_20g,,data/raw_mafaulda/full/overhang/cage_fault/20g/17.408.csv,overhang/cage_fault,Cage_NO_CROSS_DATASET_MATCH,50000,5.0,250000,1044.48,added_mass_20g,"8ch(tacho;uh_ax,rad,tan;oh_ax,rad,tan;mic)",bearing_cage_fault,added_mass_20g,overhang,https://www02.smt.ufrj.br/~offshore/mfs/page_01.html,documented,rotation 17.408 Hz from filename
MAFAULDA,mafaulda_overhang_cage_fault_20g_18.432,mafaulda_overhang_cage_fault_20g,mafaulda_defective_cage_fault,mafaulda_overhang_cage_fault_20g,,data/raw_mafaulda/full/overhang/cage_fault/20g/18.432.csv,overhang/cage_fault,Cage_NO_CROSS_DATASET_MATCH,50000,5.0,250000,1105.9199999999998,added_mass_20g,"8ch(tacho;uh_ax,rad,tan;oh_ax,rad,tan;mic)",bearing_cage_fault,added_mass_20g,overhang,https://www02.smt.ufrj.br/~offshore/mfs/page_01.html,documented,rotation 18.432 Hz from filename
MAFAULDA,mafaulda_overhang_cage_fault_20g_19.456,mafaulda_overhang_cage_fault_20g,mafaulda_defective_cage_fault,mafaulda_overhang_cage_fault_20g,,data/raw_mafaulda/full/overhang/cage_fault/20g/19.456.csv,overhang/cage_fault,Cage_NO_CROSS_DATASET_MATCH,50000,5.0,250000,1167.36,added_mass_20g,"8ch(tacho;uh_ax,rad,tan;oh_ax,rad,tan;mic)",bearing_cage_fault,added_mass_20g,overhang,https://www02.smt.ufrj.br/~offshore/mfs/page_01.html,documented,rotation 19.456 Hz from filename
MAFAULDA,mafaulda_overhang_cage_fault_20g_20.6848,mafaulda_overhang_cage_fault_20g,mafaulda_defective_cage_fault,mafaulda_overhang_cage_fault_20g,,data/raw_mafaulda/full/overhang/cage_fault/20g/20.6848.csv,overhang/cage_fault,Cage_NO_CROSS_DATASET_MATCH,50000,5.0,250000,1241.088,added_mass_20g,"8ch(tacho;uh_ax,rad,tan;oh_ax,rad,tan;mic)",bearing_cage_fault,added_mass_20g,overhang,https://www02.smt.ufrj.br/~offshore/mfs/page_01.html,documented,rotation 20.6848 Hz from filename
MAFAULDA,mafaulda_overhang_cage_fault_20g_21.2992,mafaulda_overhang_cage_fault_20g,mafaulda_defective_cage_fault,mafaulda_overhang_cage_fault_20g,,data/raw_mafaulda/full/overhang/cage_fault/20g/21.2992.csv,overhang/cage_fault,Cage_NO_CROSS_DATASET_MATCH,50000,5.0,250000,1277.952,added_mass_20g,"8ch(tacho;uh_ax,rad,tan;oh_ax,rad,tan;mic)",bearing_cage_fault,added_mass_20g,overhang,https://www02.smt.ufrj.br/~offshore/mfs/page_01.html,documented,rotation 21.2992 Hz from filename
MAFAULDA,mafaulda_overhang_cage_fault_20g_22.3232,mafaulda_overhang_cage_fault_20g,mafaulda_defective_cage_fault,mafaulda_overhang_cage_fault_20g,,data/raw_mafaulda/full/overhang/cage_fault/20g/22.3232.csv,overhang/cage_fault,Cage_NO_CROSS_DATASET_MATCH,50000,5.0,250000,1339.392,added_mass_20g,"8ch(tacho;uh_ax,rad,tan;oh_ax,rad,tan;mic)",bearing_cage_fault,added_mass_20g,overhang,https://www02.smt.ufrj.br/~offshore/mfs/page_01.html,documented,rotation 22.3232 Hz from filename
MAFAULDA,mafaulda_overhang_cage_fault_20g_23.552,mafaulda_overhang_cage_fault_20g,mafaulda_defective_cage_fault,mafaulda_overhang_cage_fault_20g,,data/raw_mafaulda/full/overhang/cage_fault/20g/23.552.csv,overhang/cage_fault,Cage_NO_CROSS_DATASET_MATCH,50000,5.0,250000,1413.12,added_mass_20g,"8ch(tacho;uh_ax,rad,tan;oh_ax,rad,tan;mic)",bearing_cage_fault,added_mass_20g,overhang,https://www02.smt.ufrj.br/~offshore/mfs/page_01.html,documented,rotation 23.552 Hz from filename
MAFAULDA,mafaulda_overhang_cage_fault_20g_24.7808,mafaulda_overhang_cage_fault_20g,mafaulda_defective_cage_fault,mafaulda_overhang_cage_fault_20g,,data/raw_mafaulda/full/overhang/cage_fault/20g/24.7808.csv,overhang/cage_fault,Cage_NO_CROSS_DATASET_MATCH,50000,5.0,250000,1486.848,added_mass_20g,"8ch(tacho;uh_ax,rad,tan;oh_ax,rad,tan;mic)",bearing_cage_fault,added_mass_20g,overhang,https://www02.smt.ufrj.br/~offshore/mfs/page_01.html,documented,rotation 24.7808 Hz from filename
MAFAULDA,mafaulda_overhang_cage_fault_20g_25.3952,mafaulda_overhang_cage_fault_20g,mafaulda_defective_cage_fault,mafaulda_overhang_cage_fault_20g,,data/raw_mafaulda/full/overhang/cage_fault/20g/25.3952.csv,overhang/cage_fault,Cage_NO_CROSS_DATASET_MATCH,50000,5.0,250000,1523.712,added_mass_20g,"8ch(tacho;uh_ax,rad,tan;oh_ax,rad,tan;mic)",bearing_cage_fault,added_mass_20g,overhang,https://www02.smt.ufrj.br/~offshore/mfs/page_01.html,documented,rotation 25.3952 Hz from filename
MAFAULDA,mafaulda_overhang_cage_fault_20g_26.2144,mafaulda_overhang_cage_fault_20g,mafaulda_defective_cage_fault,mafaulda_overhang_cage_fault_20g,,data/raw_mafaulda/full/overhang/cage_fault/20g/26.2144.csv,overhang/cage_fault,Cage_NO_CROSS_DATASET_MATCH,50000,5.0,250000,1572.864,added_mass_20g,"8ch(tacho;uh_ax,rad,tan;oh_ax,rad,tan;mic)",bearing_cage_fault,added_mass_20g,overhang,https://www02.smt.ufrj.br/~offshore/mfs/page_01.html,documented,rotation 26.2144 Hz from filename
MAFAULDA,mafaulda_overhang_cage_fault_20g_27.4432,mafaulda_overhang_cage_fault_20g,mafaulda_defective_cage_fault,mafaulda_overhang_cage_fault_20g,,data/raw_mafaulda/full/overhang/cage_fault/20g/27.4432.csv,overhang/cage_fault,Cage_NO_CROSS_DATASET_MATCH,50000,5.0,250000,1646.592,added_mass_20g,"8ch(tacho;uh_ax,rad,tan;oh_ax,rad,tan;mic)",bearing_cage_fault,added_mass_20g,overhang,https://www02.smt.ufrj.br/~offshore/mfs/page_01.html,documented,rotation 27.4432 Hz from filename
MAFAULDA,mafaulda_overhang_cage_fault_20g_28.2624,mafaulda_overhang_cage_fault_20g,mafaulda_defective_cage_fault,mafaulda_overhang_cage_fault_20g,,data/raw_mafaulda/full/overhang/cage_fault/20g/28.2624.csv,overhang/cage_fault,Cage_NO_CROSS_DATASET_MATCH,50000,5.0,250000,1695.744,added_mass_20g,"8ch(tacho;uh_ax,rad,tan;oh_ax,rad,tan;mic)",bearing_cage_fault,added_mass_20g,overhang,https://www02.smt.ufrj.br/~offshore/mfs/page_01.html,documented,rotation 28.2624 Hz from filename
MAFAULDA,mafaulda_overhang_cage_fault_20g_29.696,mafaulda_overhang_cage_fault_20g,mafaulda_defective_cage_fault,mafaulda_overhang_cage_fault_20g,,data/raw_mafaulda/full/overhang/cage_fault/20g/29.696.csv,overhang/cage_fault,Cage_NO_CROSS_DATASET_MATCH,50000,5.0,250000,1781.76,added_mass_20g,"8ch(tacho;uh_ax,rad,tan;oh_ax,rad,tan;mic)",bearing_cage_fault,added_mass_20g,overhang,https://www02.smt.ufrj.br/~offshore/mfs/page_01.html,documented,rotation 29.696 Hz from filename
MAFAULDA,mafaulda_overhang_cage_fault_20g_30.3104,mafaulda_overhang_cage_fault_20g,mafaulda_defective_cage_fault,mafaulda_overhang_cage_fault_20g,,data/raw_mafaulda/full/overhang/cage_fault/20g/30.3104.csv,overhang/cage_fault,Cage_NO_CROSS_DATASET_MATCH,50000,5.0,250000,1818.624,added_mass_20g,"8ch(tacho;uh_ax,rad,tan;oh_ax,rad,tan;mic)",bearing_cage_fault,added_mass_20g,overhang,https://www02.smt.ufrj.br/~offshore/mfs/page_01.html,documented,rotation 30.3104 Hz from filename
MAFAULDA,mafaulda_overhang_cage_fault_20g_31.5392,mafaulda_overhang_cage_fault_20g,mafaulda_defective_cage_fault,mafaulda_overhang_cage_fault_20g,,data/raw_mafaulda/full/overhang/cage_fault/20g/31.5392.csv,overhang/cage_fault,Cage_NO_CROSS_DATASET_MATCH,50000,5.0,250000,1892.352,added_mass_20g,"8ch(tacho;uh_ax,rad,tan;oh_ax,rad,tan;mic)",bearing_cage_fault,added_mass_20g,overhang,https://www02.smt.ufrj.br/~offshore/mfs/page_01.html,documented,rotation 31.5392 Hz from filename
MAFAULDA,mafaulda_overhang_cage_fault_20g_32.1536,mafaulda_overhang_cage_fault_20g,mafaulda_defective_cage_fault,mafaulda_overhang_cage_fault_20g,,data/raw_mafaulda/full/overhang/cage_fault/20g/32.1536.csv,overhang/cage_fault,Cage_NO_CROSS_DATASET_MATCH,50000,5.0,250000,1929.216,added_mass_20g,"8ch(tacho;uh_ax,rad,tan;oh_ax,rad,tan;mic)",bearing_cage_fault,added_mass_20g,overhang,https://www02.smt.ufrj.br/~offshore/mfs/page_01.html,documented,rotation 32.1536 Hz from filename
MAFAULDA,mafaulda_overhang_cage_fault_20g_33.792,mafaulda_overhang_cage_fault_20g,mafaulda_defective_cage_fault,mafaulda_overhang_cage_fault_20g,,data/raw_mafaulda/full/overhang/cage_fault/20g/33.792.csv,overhang/cage_fault,Cage_NO_CROSS_DATASET_MATCH,50000,5.0,250000,2027.52,added_mass_20g,"8ch(tacho;uh_ax,rad,tan;oh_ax,rad,tan;mic)",bearing_cage_fault,added_mass_20g,overhang,https://www02.smt.ufrj.br/~offshore/mfs/page_01.html,documented,rotation 33.792 Hz from filename
MAFAULDA,mafaulda_overhang_cage_fault_20g_34.4064,mafaulda_overhang_cage_fault_20g,mafaulda_defective_cage_fault,mafaulda_overhang_cage_fault_20g,,data/raw_mafaulda/full/overhang/cage_fault/20g/34.4064.csv,overhang/cage_fault,Cage_NO_CROSS_DATASET_MATCH,50000,5.0,250000,2064.384,added_mass_20g,"8ch(tacho;uh_ax,rad,tan;oh_ax,rad,tan;mic)",bearing_cage_fault,added_mass_20g,overhang,https://www02.smt.ufrj.br/~offshore/mfs/page_01.html,documented,rotation 34.4064 Hz from filename
MAFAULDA,mafaulda_overhang_cage_fault_20g_35.4304,mafaulda_overhang_cage_fault_20g,mafaulda_defective_cage_fault,mafaulda_overhang_cage_fault_20g,,data/raw_mafaulda/full/overhang/cage_fault/20g/35.4304.csv,overhang/cage_fault,Cage_NO_CROSS_DATASET_MATCH,50000,5.0,250000,2125.824,added_mass_20g,"8ch(tacho;uh_ax,rad,tan;oh_ax,rad,tan;mic)",bearing_cage_fault,added_mass_20g,overhang,https://www02.smt.ufrj.br/~offshore/mfs/page_01.html,documented,rotation 35.4304 Hz from filename
MAFAULDA,mafaulda_overhang_cage_fault_20g_36.2496,mafaulda_overhang_cage_fault_20g,mafaulda_defective_cage_fault,mafaulda_overhang_cage_fault_20g,,data/raw_mafaulda/full/overhang/cage_fault/20g/36.2496.csv,overhang/cage_fault,Cage_NO_CROSS_DATASET_MATCH,50000,5.0,250000,2174.976,added_mass_20g,"8ch(tacho;uh_ax,rad,tan;oh_ax,rad,tan;mic)",bearing_cage_fault,added_mass_20g,overhang,https://www02.smt.ufrj.br/~offshore/mfs/page_01.html,documented,rotation 36.2496 Hz from filename
MAFAULDA,mafaulda_overhang_cage_fault_20g_37.0688,mafaulda_overhang_cage_fault_20g,mafaulda_defective_cage_fault,mafaulda_overhang_cage_fault_20g,,data/raw_mafaulda/full/overhang/cage_fault/20g/37.0688.csv,overhang/cage_fault,Cage_NO_CROSS_DATASET_MATCH,50000,5.0,250000,2224.128,added_mass_20g,"8ch(tacho;uh_ax,rad,tan;oh_ax,rad,tan;mic)",bearing_cage_fault,added_mass_20g,overhang,https://www02.smt.ufrj.br/~offshore/mfs/page_01.html,documented,rotation 37.0688 Hz from filename
MAFAULDA,mafaulda_overhang_cage_fault_20g_38.5024,mafaulda_overhang_cage_fault_20g,mafaulda_defective_cage_fault,mafaulda_overhang_cage_fault_20g,,data/raw_mafaulda/full/overhang/cage_fault/20g/38.5024.csv,overhang/cage_fault,Cage_NO_CROSS_DATASET_MATCH,50000,5.0,250000,2310.1440000000002,added_mass_20g,"8ch(tacho;uh_ax,rad,tan;oh_ax,rad,tan;mic)",bearing_cage_fault,added_mass_20g,overhang,https://www02.smt.ufrj.br/~offshore/mfs/page_01.html,documented,rotation 38.5024 Hz from filename
MAFAULDA,mafaulda_overhang_cage_fault_20g_39.5264,mafaulda_overhang_cage_fault_20g,mafaulda_defective_cage_fault,mafaulda_overhang_cage_fault_20g,,data/raw_mafaulda/full/overhang/cage_fault/20g/39.5264.csv,overhang/cage_fault,Cage_NO_CROSS_DATASET_MATCH,50000,5.0,250000,2371.5840000000003,added_mass_20g,"8ch(tacho;uh_ax,rad,tan;oh_ax,rad,tan;mic)",bearing_cage_fault,added_mass_20g,overhang,https://www02.smt.ufrj.br/~offshore/mfs/page_01.html,documented,rotation 39.5264 Hz from filename
MAFAULDA,mafaulda_overhang_cage_fault_20g_40.5504,mafaulda_overhang_cage_fault_20g,mafaulda_defective_cage_fault,mafaulda_overhang_cage_fault_20g,,data/raw_mafaulda/full/overhang/cage_fault/20g/40.5504.csv,overhang/cage_fault,Cage_NO_CROSS_DATASET_MATCH,50000,5.0,250000,2433.0240000000003,added_mass_20g,"8ch(tacho;uh_ax,rad,tan;oh_ax,rad,tan;mic)",bearing_cage_fault,added_mass_20g,overhang,https://www02.smt.ufrj.br/~offshore/mfs/page_01.html,documented,rotation 40.5504 Hz from filename
MAFAULDA,mafaulda_overhang_cage_fault_20g_41.7792,mafaulda_overhang_cage_fault_20g,mafaulda_defective_cage_fault,mafaulda_overhang_cage_fault_20g,,data/raw_mafaulda/full/overhang/cage_fault/20g/41.7792.csv,overhang/cage_fault,Cage_NO_CROSS_DATASET_MATCH,50000,5.0,250000,2506.7520000000004,added_mass_20g,"8ch(tacho;uh_ax,rad,tan;oh_ax,rad,tan;mic)",bearing_cage_fault,added_mass_20g,overhang,https://www02.smt.ufrj.br/~offshore/mfs/page_01.html,documented,rotation 41.7792 Hz from filename
MAFAULDA,mafaulda_overhang_cage_fault_20g_42.3936,mafaulda_overhang_cage_fault_20g,mafaulda_defective_cage_fault,mafaulda_overhang_cage_fault_20g,,data/raw_mafaulda/full/overhang/cage_fault/20g/42.3936.csv,overhang/cage_fault,Cage_NO_CROSS_DATASET_MATCH,50000,5.0,250000,2543.616,added_mass_20g,"8ch(tacho;uh_ax,rad,tan;oh_ax,rad,tan;mic)",bearing_cage_fault,added_mass_20g,overhang,https://www02.smt.ufrj.br/~offshore/mfs/page_01.html,documented,rotation 42.3936 Hz from filename
MAFAULDA,mafaulda_overhang_cage_fault_20g_43.6224,mafaulda_overhang_cage_fault_20g,mafaulda_defective_cage_fault,mafaulda_overhang_cage_fault_20g,,data/raw_mafaulda/full/overhang/cage_fault/20g/43.6224.csv,overhang/cage_fault,Cage_NO_CROSS_DATASET_MATCH,50000,5.0,250000,2617.344,added_mass_20g,"8ch(tacho;uh_ax,rad,tan;oh_ax,rad,tan;mic)",bearing_cage_fault,added_mass_20g,overhang,https://www02.smt.ufrj.br/~offshore/mfs/page_01.html,documented,rotation 43.6224 Hz from filename
MAFAULDA,mafaulda_overhang_cage_fault_20g_44.4416,mafaulda_overhang_cage_fault_20g,mafaulda_defective_cage_fault,mafaulda_overhang_cage_fault_20g,,data/raw_mafaulda/full/overhang/cage_fault/20g/44.4416.csv,overhang/cage_fault,Cage_NO_CROSS_DATASET_MATCH,50000,5.0,250000,2666.496,added_mass_20g,"8ch(tacho;uh_ax,rad,tan;oh_ax,rad,tan;mic)",bearing_cage_fault,added_mass_20g,overhang,https://www02.smt.ufrj.br/~offshore/mfs/page_01.html,documented,rotation 44.4416 Hz from filename
MAFAULDA,mafaulda_overhang_cage_fault_20g_45.2608,mafaulda_overhang_cage_fault_20g,mafaulda_defective_cage_fault,mafaulda_overhang_cage_fault_20g,,data/raw_mafaulda/full/overhang/cage_fault/20g/45.2608.csv,overhang/cage_fault,Cage_NO_CROSS_DATASET_MATCH,50000,5.0,250000,2715.648,added_mass_20g,"8ch(tacho;uh_ax,rad,tan;oh_ax,rad,tan;mic)",bearing_cage_fault,added_mass_20g,overhang,https://www02.smt.ufrj.br/~offshore/mfs/page_01.html,documented,rotation 45.2608 Hz from filename
MAFAULDA,mafaulda_overhang_cage_fault_20g_46.2848,mafaulda_overhang_cage_fault_20g,mafaulda_defective_cage_fault,mafaulda_overhang_cage_fault_20g,,data/raw_mafaulda/full/overhang/cage_fault/20g/46.2848.csv,overhang/cage_fault,Cage_NO_CROSS_DATASET_MATCH,50000,5.0,250000,2777.0879999999997,added_mass_20g,"8ch(tacho;uh_ax,rad,tan;oh_ax,rad,tan;mic)",bearing_cage_fault,added_mass_20g,overhang,https://www02.smt.ufrj.br/~offshore/mfs/page_01.html,documented,rotation 46.2848 Hz from filename
MAFAULDA,mafaulda_overhang_cage_fault_20g_47.7184,mafaulda_overhang_cage_fault_20g,mafaulda_defective_cage_fault,mafaulda_overhang_cage_fault_20g,,data/raw_mafaulda/full/overhang/cage_fault/20g/47.7184.csv,overhang/cage_fault,Cage_NO_CROSS_DATASET_MATCH,50000,5.0,250000,2863.1040000000003,added_mass_20g,"8ch(tacho;uh_ax,rad,tan;oh_ax,rad,tan;mic)",bearing_cage_fault,added_mass_20g,overhang,https://www02.smt.ufrj.br/~offshore/mfs/page_01.html,documented,rotation 47.7184 Hz from filename
MAFAULDA,mafaulda_overhang_cage_fault_20g_48.7424,mafaulda_overhang_cage_fault_20g,mafaulda_defective_cage_fault,mafaulda_overhang_cage_fault_20g,,data/raw_mafaulda/full/overhang/cage_fault/20g/48.7424.csv,overhang/cage_fault,Cage_NO_CROSS_DATASET_MATCH,50000,5.0,250000,2924.5440000000003,added_mass_20g,"8ch(tacho;uh_ax,rad,tan;oh_ax,rad,tan;mic)",bearing_cage_fault,added_mass_20g,overhang,https://www02.smt.ufrj.br/~offshore/mfs/page_01.html,documented,rotation 48.7424 Hz from filename
MAFAULDA,mafaulda_overhang_cage_fault_20g_49.7664,mafaulda_overhang_cage_fault_20g,mafaulda_defective_cage_fault,mafaulda_overhang_cage_fault_20g,,data/raw_mafaulda/full/overhang/cage_fault/20g/49.7664.csv,overhang/cage_fault,Cage_NO_CROSS_DATASET_MATCH,50000,5.0,250000,2985.984,added_mass_20g,"8ch(tacho;uh_ax,rad,tan;oh_ax,rad,tan;mic)",bearing_cage_fault,added_mass_20g,overhang,https://www02.smt.ufrj.br/~offshore/mfs/page_01.html,documented,rotation 49.7664 Hz from filename
MAFAULDA,mafaulda_overhang_cage_fault_20g_50.9952,mafaulda_overhang_cage_fault_20g,mafaulda_defective_cage_fault,mafaulda_overhang_cage_fault_20g,,data/raw_mafaulda/full/overhang/cage_fault/20g/50.9952.csv,overhang/cage_fault,Cage_NO_CROSS_DATASET_MATCH,50000,5.0,250000,3059.712,added_mass_20g,"8ch(tacho;uh_ax,rad,tan;oh_ax,rad,tan;mic)",bearing_cage_fault,added_mass_20g,overhang,https://www02.smt.ufrj.br/~offshore/mfs/page_01.html,documented,rotation 50.9952 Hz from filename
MAFAULDA,mafaulda_overhang_cage_fault_20g_51.8144,mafaulda_overhang_cage_fault_20g,mafaulda_defective_cage_fault,mafaulda_overhang_cage_fault_20g,,data/raw_mafaulda/full/overhang/cage_fault/20g/51.8144.csv,overhang/cage_fault,Cage_NO_CROSS_DATASET_MATCH,50000,5.0,250000,3108.864,added_mass_20g,"8ch(tacho;uh_ax,rad,tan;oh_ax,rad,tan;mic)",bearing_cage_fault,added_mass_20g,overhang,https://www02.smt.ufrj.br/~offshore/mfs/page_01.html,documented,rotation 51.8144 Hz from filename
MAFAULDA,mafaulda_overhang_cage_fault_20g_52.224,mafaulda_overhang_cage_fault_20g,mafaulda_defective_cage_fault,mafaulda_overhang_cage_fault_20g,,data/raw_mafaulda/full/overhang/cage_fault/20g/52.224.csv,overhang/cage_fault,Cage_NO_CROSS_DATASET_MATCH,50000,5.0,250000,3133.4399999999996,added_mass_20g,"8ch(tacho;uh_ax,rad,tan;oh_ax,rad,tan;mic)",bearing_cage_fault,added_mass_20g,overhang,https://www02.smt.ufrj.br/~offshore/mfs/page_01.html,documented,rotation 52.224 Hz from filename
MAFAULDA,mafaulda_overhang_cage_fault_20g_53.248,mafaulda_overhang_cage_fault_20g,mafaulda_defective_cage_fault,mafaulda_overhang_cage_fault_20g,,data/raw_mafaulda/full/overhang/cage_fault/20g/53.248.csv,overhang/cage_fault,Cage_NO_CROSS_DATASET_MATCH,50000,5.0,250000,3194.8799999999997,added_mass_20g,"8ch(tacho;uh_ax,rad,tan;oh_ax,rad,tan;mic)",bearing_cage_fault,added_mass_20g,overhang,https://www02.smt.ufrj.br/~offshore/mfs/page_01.html,documented,rotation 53.248 Hz from filename
MAFAULDA,mafaulda_overhang_cage_fault_20g_54.0672,mafaulda_overhang_cage_fault_20g,mafaulda_defective_cage_fault,mafaulda_overhang_cage_fault_20g,,data/raw_mafaulda/full/overhang/cage_fault/20g/54.0672.csv,overhang/cage_fault,Cage_NO_CROSS_DATASET_MATCH,50000,5.0,250000,3244.032,added_mass_20g,"8ch(tacho;uh_ax,rad,tan;oh_ax,rad,tan;mic)",bearing_cage_fault,added_mass_20g,overhang,https://www02.smt.ufrj.br/~offshore/mfs/page_01.html,documented,rotation 54.0672 Hz from filename
MAFAULDA,mafaulda_overhang_cage_fault_20g_55.296,mafaulda_overhang_cage_fault_20g,mafaulda_defective_cage_fault,mafaulda_overhang_cage_fault_20g,,data/raw_mafaulda/full/overhang/cage_fault/20g/55.296.csv,overhang/cage_fault,Cage_NO_CROSS_DATASET_MATCH,50000,5.0,250000,3317.7599999999998,added_mass_20g,"8ch(tacho;uh_ax,rad,tan;oh_ax,rad,tan;mic)",bearing_cage_fault,added_mass_20g,overhang,https://www02.smt.ufrj.br/~offshore/mfs/page_01.html,documented,rotation 55.296 Hz from filename
MAFAULDA,mafaulda_overhang_cage_fault_20g_56.1152,mafaulda_overhang_cage_fault_20g,mafaulda_defective_cage_fault,mafaulda_overhang_cage_fault_20g,,data/raw_mafaulda/full/overhang/cage_fault/20g/56.1152.csv,overhang/cage_fault,Cage_NO_CROSS_DATASET_MATCH,50000,5.0,250000,3366.9120000000003,added_mass_20g,"8ch(tacho;uh_ax,rad,tan;oh_ax,rad,tan;mic)",bearing_cage_fault,added_mass_20g,overhang,https://www02.smt.ufrj.br/~offshore/mfs/page_01.html,documented,rotation 56.1152 Hz from filename
MAFAULDA,mafaulda_overhang_cage_fault_20g_57.5488,mafaulda_overhang_cage_fault_20g,mafaulda_defective_cage_fault,mafaulda_overhang_cage_fault_20g,,data/raw_mafaulda/full/overhang/cage_fault/20g/57.5488.csv,overhang/cage_fault,Cage_NO_CROSS_DATASET_MATCH,50000,5.0,250000,3452.928,added_mass_20g,"8ch(tacho;uh_ax,rad,tan;oh_ax,rad,tan;mic)",bearing_cage_fault,added_mass_20g,overhang,https://www02.smt.ufrj.br/~offshore/mfs/page_01.html,documented,rotation 57.5488 Hz from filename
MAFAULDA,mafaulda_overhang_cage_fault_20g_58.368,mafaulda_overhang_cage_fault_20g,mafaulda_defective_cage_fault,mafaulda_overhang_cage_fault_20g,,data/raw_mafaulda/full/overhang/cage_fault/20g/58.368.csv,overhang/cage_fault,Cage_NO_CROSS_DATASET_MATCH,50000,5.0,250000,3502.08,added_mass_20g,"8ch(tacho;uh_ax,rad,tan;oh_ax,rad,tan;mic)",bearing_cage_fault,added_mass_20g,overhang,https://www02.smt.ufrj.br/~offshore/mfs/page_01.html,documented,rotation 58.368 Hz from filename
MAFAULDA,mafaulda_overhang_cage_fault_20g_59.1872,mafaulda_overhang_cage_fault_20g,mafaulda_defective_cage_fault,mafaulda_overhang_cage_fault_20g,,data/raw_mafaulda/full/overhang/cage_fault/20g/59.1872.csv,overhang/cage_fault,Cage_NO_CROSS_DATASET_MATCH,50000,5.0,250000,3551.232,added_mass_20g,"8ch(tacho;uh_ax,rad,tan;oh_ax,rad,tan;mic)",bearing_cage_fault,added_mass_20g,overhang,https://www02.smt.ufrj.br/~offshore/mfs/page_01.html,documented,rotation 59.1872 Hz from filename
MAFAULDA,mafaulda_overhang_cage_fault_20g_60.416,mafaulda_overhang_cage_fault_20g,mafaulda_defective_cage_fault,mafaulda_overhang_cage_fault_20g,,data/raw_mafaulda/full/overhang/cage_fault/20g/60.416.csv,overhang/cage_fault,Cage_NO_CROSS_DATASET_MATCH,50000,5.0,250000,3624.96,added_mass_20g,"8ch(tacho;uh_ax,rad,tan;oh_ax,rad,tan;mic)",bearing_cage_fault,added_mass_20g,overhang,https://www02.smt.ufrj.br/~offshore/mfs/page_01.html,documented,rotation 60.416 Hz from filename
MAFAULDA,mafaulda_overhang_cage_fault_20g_61.2352,mafaulda_overhang_cage_fault_20g,mafaulda_defective_cage_fault,mafaulda_overhang_cage_fault_20g,,data/raw_mafaulda/full/overhang/cage_fault/20g/61.2352.csv,overhang/cage_fault,Cage_NO_CROSS_DATASET_MATCH,50000,5.0,250000,3674.112,added_mass_20g,"8ch(tacho;uh_ax,rad,tan;oh_ax,rad,tan;mic)",bearing_cage_fault,added_mass_20g,overhang,https://www02.smt.ufrj.br/~offshore/mfs/page_01.html,documented,rotation 61.2352 Hz from filename
MAFAULDA,mafaulda_overhang_cage_fault_35g_13.5168,mafaulda_overhang_cage_fault_35g,mafaulda_defective_cage_fault,mafaulda_overhang_cage_fault_35g,,data/raw_mafaulda/full/overhang/cage_fault/35g/13.5168.csv,overhang/cage_fault,Cage_NO_CROSS_DATASET_MATCH,50000,5.0,250000,811.008,added_mass_35g,"8ch(tacho;uh_ax,rad,tan;oh_ax,rad,tan;mic)",bearing_cage_fault,added_mass_35g,overhang,https://www02.smt.ufrj.br/~offshore/mfs/page_01.html,documented,rotation 13.5168 Hz from filename
MAFAULDA,mafaulda_overhang_cage_fault_35g_14.336,mafaulda_overhang_cage_fault_35g,mafaulda_defective_cage_fault,mafaulda_overhang_cage_fault_35g,,data/raw_mafaulda/full/overhang/cage_fault/35g/14.336.csv,overhang/cage_fault,Cage_NO_CROSS_DATASET_MATCH,50000,5.0,250000,860.16,added_mass_35g,"8ch(tacho;uh_ax,rad,tan;oh_ax,rad,tan;mic)",bearing_cage_fault,added_mass_35g,overhang,https://www02.smt.ufrj.br/~offshore/mfs/page_01.html,documented,rotation 14.336 Hz from filename
MAFAULDA,mafaulda_overhang_cage_fault_35g_15.5648,mafaulda_overhang_cage_fault_35g,mafaulda_defective_cage_fault,mafaulda_overhang_cage_fault_35g,,data/raw_mafaulda/full/overhang/cage_fault/35g/15.5648.csv,overhang/cage_fault,Cage_NO_CROSS_DATASET_MATCH,50000,5.0,250000,933.888,added_mass_35g,"8ch(tacho;uh_ax,rad,tan;oh_ax,rad,tan;mic)",bearing_cage_fault,added_mass_35g,overhang,https://www02.smt.ufrj.br/~offshore/mfs/page_01.html,documented,rotation 15.5648 Hz from filename
MAFAULDA,mafaulda_overhang_cage_fault_35g_16.384,mafaulda_overhang_cage_fault_35g,mafaulda_defective_cage_fault,mafaulda_overhang_cage_fault_35g,,data/raw_mafaulda/full/overhang/cage_fault/35g/16.384.csv,overhang/cage_fault,Cage_NO_CROSS_DATASET_MATCH,50000,5.0,250000,983.04,added_mass_35g,"8ch(tacho;uh_ax,rad,tan;oh_ax,rad,tan;mic)",bearing_cage_fault,added_mass_35g,overhang,https://www02.smt.ufrj.br/~offshore/mfs/page_01.html,documented,rotation 16.384 Hz from filename
MAFAULDA,mafaulda_overhang_cage_fault_35g_17.6128,mafaulda_overhang_cage_fault_35g,mafaulda_defective_cage_fault,mafaulda_overhang_cage_fault_35g,,data/raw_mafaulda/full/overhang/cage_fault/35g/17.6128.csv,overhang/cage_fault,Cage_NO_CROSS_DATASET_MATCH,50000,5.0,250000,1056.768,added_mass_35g,"8ch(tacho;uh_ax,rad,tan;oh_ax,rad,tan;mic)",bearing_cage_fault,added_mass_35g,overhang,https://www02.smt.ufrj.br/~offshore/mfs/page_01.html,documented,rotation 17.6128 Hz from filename
MAFAULDA,mafaulda_overhang_cage_fault_35g_18.2272,mafaulda_overhang_cage_fault_35g,mafaulda_defective_cage_fault,mafaulda_overhang_cage_fault_35g,,data/raw_mafaulda/full/overhang/cage_fault/35g/18.2272.csv,overhang/cage_fault,Cage_NO_CROSS_DATASET_MATCH,50000,5.0,250000,1093.632,added_mass_35g,"8ch(tacho;uh_ax,rad,tan;oh_ax,rad,tan;mic)",bearing_cage_fault,added_mass_35g,overhang,https://www02.smt.ufrj.br/~offshore/mfs/page_01.html,documented,rotation 18.2272 Hz from filename
MAFAULDA,mafaulda_overhang_cage_fault_35g_19.8656,mafaulda_overhang_cage_fault_35g,mafaulda_defective_cage_fault,mafaulda_overhang_cage_fault_35g,,data/raw_mafaulda/full/overhang/cage_fault/35g/19.8656.csv,overhang/cage_fault,Cage_NO_CROSS_DATASET_MATCH,50000,5.0,250000,1191.9360000000001,added_mass_35g,"8ch(tacho;uh_ax,rad,tan;oh_ax,rad,tan;mic)",bearing_cage_fault,added_mass_35g,overhang,https://www02.smt.ufrj.br/~offshore/mfs/page_01.html,documented,rotation 19.8656 Hz from filename
MAFAULDA,mafaulda_overhang_cage_fault_35g_20.8896,mafaulda_overhang_cage_fault_35g,mafaulda_defective_cage_fault,mafaulda_overhang_cage_fault_35g,,data/raw_mafaulda/full/overhang/cage_fault/35g/20.8896.csv,overhang/cage_fault,Cage_NO_CROSS_DATASET_MATCH,50000,5.0,250000,1253.3760000000002,added_mass_35g,"8ch(tacho;uh_ax,rad,tan;oh_ax,rad,tan;mic)",bearing_cage_fault,added_mass_35g,overhang,https://www02.smt.ufrj.br/~offshore/mfs/page_01.html,documented,rotation 20.8896 Hz from filename
MAFAULDA,mafaulda_overhang_cage_fault_35g_21.2992,mafaulda_overhang_cage_fault_35g,mafaulda_defective_cage_fault,mafaulda_overhang_cage_fault_35g,,data/raw_mafaulda/full/overhang/cage_fault/35g/21.2992.csv,overhang/cage_fault,Cage_NO_CROSS_DATASET_MATCH,50000,5.0,250000,1277.952,added_mass_35g,"8ch(tacho;uh_ax,rad,tan;oh_ax,rad,tan;mic)",bearing_cage_fault,added_mass_35g,overhang,https://www02.smt.ufrj.br/~offshore/mfs/page_01.html,documented,rotation 21.2992 Hz from filename
MAFAULDA,mafaulda_overhang_cage_fault_35g_22.1184,mafaulda_overhang_cage_fault_35g,mafaulda_defective_cage_fault,mafaulda_overhang_cage_fault_35g,,data/raw_mafaulda/full/overhang/cage_fault/35g/22.1184.csv,overhang/cage_fault,Cage_NO_CROSS_DATASET_MATCH,50000,5.0,250000,1327.104,added_mass_35g,"8ch(tacho;uh_ax,rad,tan;oh_ax,rad,tan;mic)",bearing_cage_fault,added_mass_35g,overhang,https://www02.smt.ufrj.br/~offshore/mfs/page_01.html,documented,rotation 22.1184 Hz from filename
MAFAULDA,mafaulda_overhang_cage_fault_35g_23.1424,mafaulda_overhang_cage_fault_35g,mafaulda_defective_cage_fault,mafaulda_overhang_cage_fault_35g,,data/raw_mafaulda/full/overhang/cage_fault/35g/23.1424.csv,overhang/cage_fault,Cage_NO_CROSS_DATASET_MATCH,50000,5.0,250000,1388.5439999999999,added_mass_35g,"8ch(tacho;uh_ax,rad,tan;oh_ax,rad,tan;mic)",bearing_cage_fault,added_mass_35g,overhang,https://www02.smt.ufrj.br/~offshore/mfs/page_01.html,documented,rotation 23.1424 Hz from filename
MAFAULDA,mafaulda_overhang_cage_fault_35g_24.7808,mafaulda_overhang_cage_fault_35g,mafaulda_defective_cage_fault,mafaulda_overhang_cage_fault_35g,,data/raw_mafaulda/full/overhang/cage_fault/35g/24.7808.csv,overhang/cage_fault,Cage_NO_CROSS_DATASET_MATCH,50000,5.0,250000,1486.848,added_mass_35g,"8ch(tacho;uh_ax,rad,tan;oh_ax,rad,tan;mic)",bearing_cage_fault,added_mass_35g,overhang,https://www02.smt.ufrj.br/~offshore/mfs/page_01.html,documented,rotation 24.7808 Hz from filename
MAFAULDA,mafaulda_overhang_cage_fault_35g_25.3952,mafaulda_overhang_cage_fault_35g,mafaulda_defective_cage_fault,mafaulda_overhang_cage_fault_35g,,data/raw_mafaulda/full/overhang/cage_fault/35g/25.3952.csv,overhang/cage_fault,Cage_NO_CROSS_DATASET_MATCH,50000,5.0,250000,1523.712,added_mass_35g,"8ch(tacho;uh_ax,rad,tan;oh_ax,rad,tan;mic)",bearing_cage_fault,added_mass_35g,overhang,https://www02.smt.ufrj.br/~offshore/mfs/page_01.html,documented,rotation 25.3952 Hz from filename
MAFAULDA,mafaulda_overhang_cage_fault_35g_26.0096,mafaulda_overhang_cage_fault_35g,mafaulda_defective_cage_fault,mafaulda_overhang_cage_fault_35g,,data/raw_mafaulda/full/overhang/cage_fault/35g/26.0096.csv,overhang/cage_fault,Cage_NO_CROSS_DATASET_MATCH,50000,5.0,250000,1560.576,added_mass_35g,"8ch(tacho;uh_ax,rad,tan;oh_ax,rad,tan;mic)",bearing_cage_fault,added_mass_35g,overhang,https://www02.smt.ufrj.br/~offshore/mfs/page_01.html,documented,rotation 26.0096 Hz from filename
MAFAULDA,mafaulda_overhang_cage_fault_35g_27.8528,mafaulda_overhang_cage_fault_35g,mafaulda_defective_cage_fault,mafaulda_overhang_cage_fault_35g,,data/raw_mafaulda/full/overhang/cage_fault/35g/27.8528.csv,overhang/cage_fault,Cage_NO_CROSS_DATASET_MATCH,50000,5.0,250000,1671.168,added_mass_35g,"8ch(tacho;uh_ax,rad,tan;oh_ax,rad,tan;mic)",bearing_cage_fault,added_mass_35g,overhang,https://www02.smt.ufrj.br/~offshore/mfs/page_01.html,documented,rotation 27.8528 Hz from filename
MAFAULDA,mafaulda_overhang_cage_fault_35g_28.0576,mafaulda_overhang_cage_fault_35g,mafaulda_defective_cage_fault,mafaulda_overhang_cage_fault_35g,,data/raw_mafaulda/full/overhang/cage_fault/35g/28.0576.csv,overhang/cage_fault,Cage_NO_CROSS_DATASET_MATCH,50000,5.0,250000,1683.4560000000001,added_mass_35g,"8ch(tacho;uh_ax,rad,tan;oh_ax,rad,tan;mic)",bearing_cage_fault,added_mass_35g,overhang,https://www02.smt.ufrj.br/~offshore/mfs/page_01.html,documented,rotation 28.0576 Hz from filename
MAFAULDA,mafaulda_overhang_cage_fault_35g_29.4912,mafaulda_overhang_cage_fault_35g,mafaulda_defective_cage_fault,mafaulda_overhang_cage_fault_35g,,data/raw_mafaulda/full/overhang/cage_fault/35g/29.4912.csv,overhang/cage_fault,Cage_NO_CROSS_DATASET_MATCH,50000,5.0,250000,1769.472,added_mass_35g,"8ch(tacho;uh_ax,rad,tan;oh_ax,rad,tan;mic)",bearing_cage_fault,added_mass_35g,overhang,https://www02.smt.ufrj.br/~offshore/mfs/page_01.html,documented,rotation 29.4912 Hz from filename
MAFAULDA,mafaulda_overhang_cage_fault_35g_30.3104,mafaulda_overhang_cage_fault_35g,mafaulda_defective_cage_fault,mafaulda_overhang_cage_fault_35g,,data/raw_mafaulda/full/overhang/cage_fault/35g/30.3104.csv,overhang/cage_fault,Cage_NO_CROSS_DATASET_MATCH,50000,5.0,250000,1818.624,added_mass_35g,"8ch(tacho;uh_ax,rad,tan;oh_ax,rad,tan;mic)",bearing_cage_fault,added_mass_35g,overhang,https://www02.smt.ufrj.br/~offshore/mfs/page_01.html,documented,rotation 30.3104 Hz from filename
MAFAULDA,mafaulda_overhang_cage_fault_35g_31.3344,mafaulda_overhang_cage_fault_35g,mafaulda_defective_cage_fault,mafaulda_overhang_cage_fault_35g,,data/raw_mafaulda/full/overhang/cage_fault/35g/31.3344.csv,overhang/cage_fault,Cage_NO_CROSS_DATASET_MATCH,50000,5.0,250000,1880.0639999999999,added_mass_35g,"8ch(tacho;uh_ax,rad,tan;oh_ax,rad,tan;mic)",bearing_cage_fault,added_mass_35g,overhang,https://www02.smt.ufrj.br/~offshore/mfs/page_01.html,documented,rotation 31.3344 Hz from filename
MAFAULDA,mafaulda_overhang_cage_fault_35g_32.3584,mafaulda_overhang_cage_fault_35g,mafaulda_defective_cage_fault,mafaulda_overhang_cage_fault_35g,,data/raw_mafaulda/full/overhang/cage_fault/35g/32.3584.csv,overhang/cage_fault,Cage_NO_CROSS_DATASET_MATCH,50000,5.0,250000,1941.5040000000001,added_mass_35g,"8ch(tacho;uh_ax,rad,tan;oh_ax,rad,tan;mic)",bearing_cage_fault,added_mass_35g,overhang,https://www02.smt.ufrj.br/~offshore/mfs/page_01.html,documented,rotation 32.3584 Hz from filename
MAFAULDA,mafaulda_overhang_cage_fault_35g_33.5872,mafaulda_overhang_cage_fault_35g,mafaulda_defective_cage_fault,mafaulda_overhang_cage_fault_35g,,data/raw_mafaulda/full/overhang/cage_fault/35g/33.5872.csv,overhang/cage_fault,Cage_NO_CROSS_DATASET_MATCH,50000,5.0,250000,2015.2320000000002,added_mass_35g,"8ch(tacho;uh_ax,rad,tan;oh_ax,rad,tan;mic)",bearing_cage_fault,added_mass_35g,overhang,https://www02.smt.ufrj.br/~offshore/mfs/page_01.html,documented,rotation 33.5872 Hz from filename
MAFAULDA,mafaulda_overhang_cage_fault_35g_34.2016,mafaulda_overhang_cage_fault_35g,mafaulda_defective_cage_fault,mafaulda_overhang_cage_fault_35g,,data/raw_mafaulda/full/overhang/cage_fault/35g/34.2016.csv,overhang/cage_fault,Cage_NO_CROSS_DATASET_MATCH,50000,5.0,250000,2052.096,added_mass_35g,"8ch(tacho;uh_ax,rad,tan;oh_ax,rad,tan;mic)",bearing_cage_fault,added_mass_35g,overhang,https://www02.smt.ufrj.br/~offshore/mfs/page_01.html,documented,rotation 34.2016 Hz from filename
MAFAULDA,mafaulda_overhang_cage_fault_35g_35.84,mafaulda_overhang_cage_fault_35g,mafaulda_defective_cage_fault,mafaulda_overhang_cage_fault_35g,,data/raw_mafaulda/full/overhang/cage_fault/35g/35.84.csv,overhang/cage_fault,Cage_NO_CROSS_DATASET_MATCH,50000,5.0,250000,2150.4,added_mass_35g,"8ch(tacho;uh_ax,rad,tan;oh_ax,rad,tan;mic)",bearing_cage_fault,added_mass_35g,overhang,https://www02.smt.ufrj.br/~offshore/mfs/page_01.html,documented,rotation 35.84 Hz from filename
MAFAULDA,mafaulda_overhang_cage_fault_35g_36.4544,mafaulda_overhang_cage_fault_35g,mafaulda_defective_cage_fault,mafaulda_overhang_cage_fault_35g,,data/raw_mafaulda/full/overhang/cage_fault/35g/36.4544.csv,overhang/cage_fault,Cage_NO_CROSS_DATASET_MATCH,50000,5.0,250000,2187.264,added_mass_35g,"8ch(tacho;uh_ax,rad,tan;oh_ax,rad,tan;mic)",bearing_cage_fault,added_mass_35g,overhang,https://www02.smt.ufrj.br/~offshore/mfs/page_01.html,documented,rotation 36.4544 Hz from filename
MAFAULDA,mafaulda_overhang_cage_fault_35g_37.4784,mafaulda_overhang_cage_fault_35g,mafaulda_defective_cage_fault,mafaulda_overhang_cage_fault_35g,,data/raw_mafaulda/full/overhang/cage_fault/35g/37.4784.csv,overhang/cage_fault,Cage_NO_CROSS_DATASET_MATCH,50000,5.0,250000,2248.704,added_mass_35g,"8ch(tacho;uh_ax,rad,tan;oh_ax,rad,tan;mic)",bearing_cage_fault,added_mass_35g,overhang,https://www02.smt.ufrj.br/~offshore/mfs/page_01.html,documented,rotation 37.4784 Hz from filename
MAFAULDA,mafaulda_overhang_cage_fault_35g_38.2976,mafaulda_overhang_cage_fault_35g,mafaulda_defective_cage_fault,mafaulda_overhang_cage_fault_35g,,data/raw_mafaulda/full/overhang/cage_fault/35g/38.2976.csv,overhang/cage_fault,Cage_NO_CROSS_DATASET_MATCH,50000,5.0,250000,2297.856,added_mass_35g,"8ch(tacho;uh_ax,rad,tan;oh_ax,rad,tan;mic)",bearing_cage_fault,added_mass_35g,overhang,https://www02.smt.ufrj.br/~offshore/mfs/page_01.html,documented,rotation 38.2976 Hz from filename
MAFAULDA,mafaulda_overhang_cage_fault_35g_39.3216,mafaulda_overhang_cage_fault_35g,mafaulda_defective_cage_fault,mafaulda_overhang_cage_fault_35g,,data/raw_mafaulda/full/overhang/cage_fault/35g/39.3216.csv,overhang/cage_fault,Cage_NO_CROSS_DATASET_MATCH,50000,5.0,250000,2359.296,added_mass_35g,"8ch(tacho;uh_ax,rad,tan;oh_ax,rad,tan;mic)",bearing_cage_fault,added_mass_35g,overhang,https://www02.smt.ufrj.br/~offshore/mfs/page_01.html,documented,rotation 39.3216 Hz from filename
MAFAULDA,mafaulda_overhang_cage_fault_35g_40.96,mafaulda_overhang_cage_fault_35g,mafaulda_defective_cage_fault,mafaulda_overhang_cage_fault_35g,,data/raw_mafaulda/full/overhang/cage_fault/35g/40.96.csv,overhang/cage_fault,Cage_NO_CROSS_DATASET_MATCH,50000,5.0,250000,2457.6,added_mass_35g,"8ch(tacho;uh_ax,rad,tan;oh_ax,rad,tan;mic)",bearing_cage_fault,added_mass_35g,overhang,https://www02.smt.ufrj.br/~offshore/mfs/page_01.html,documented,rotation 40.96 Hz from filename
MAFAULDA,mafaulda_overhang_cage_fault_35g_41.3696,mafaulda_overhang_cage_fault_35g,mafaulda_defective_cage_fault,mafaulda_overhang_cage_fault_35g,,data/raw_mafaulda/full/overhang/cage_fault/35g/41.3696.csv,overhang/cage_fault,Cage_NO_CROSS_DATASET_MATCH,50000,5.0,250000,2482.176,added_mass_35g,"8ch(tacho;uh_ax,rad,tan;oh_ax,rad,tan;mic)",bearing_cage_fault,added_mass_35g,overhang,https://www02.smt.ufrj.br/~offshore/mfs/page_01.html,documented,rotation 41.3696 Hz from filename
MAFAULDA,mafaulda_overhang_cage_fault_35g_42.5984,mafaulda_overhang_cage_fault_35g,mafaulda_defective_cage_fault,mafaulda_overhang_cage_fault_35g,,data/raw_mafaulda/full/overhang/cage_fault/35g/42.5984.csv,overhang/cage_fault,Cage_NO_CROSS_DATASET_MATCH,50000,5.0,250000,2555.904,added_mass_35g,"8ch(tacho;uh_ax,rad,tan;oh_ax,rad,tan;mic)",bearing_cage_fault,added_mass_35g,overhang,https://www02.smt.ufrj.br/~offshore/mfs/page_01.html,documented,rotation 42.5984 Hz from filename
MAFAULDA,mafaulda_overhang_cage_fault_35g_43.008,mafaulda_overhang_cage_fault_35g,mafaulda_defective_cage_fault,mafaulda_overhang_cage_fault_35g,,data/raw_mafaulda/full/overhang/cage_fault/35g/43.008.csv,overhang/cage_fault,Cage_NO_CROSS_DATASET_MATCH,50000,5.0,250000,2580.48,added_mass_35g,"8ch(tacho;uh_ax,rad,tan;oh_ax,rad,tan;mic)",bearing_cage_fault,added_mass_35g,overhang,https://www02.smt.ufrj.br/~offshore/mfs/page_01.html,documented,rotation 43.008 Hz from filename
MAFAULDA,mafaulda_overhang_cage_fault_35g_44.4416,mafaulda_overhang_cage_fault_35g,mafaulda_defective_cage_fault,mafaulda_overhang_cage_fault_35g,,data/raw_mafaulda/full/overhang/cage_fault/35g/44.4416.csv,overhang/cage_fault,Cage_NO_CROSS_DATASET_MATCH,50000,5.0,250000,2666.496,added_mass_35g,"8ch(tacho;uh_ax,rad,tan;oh_ax,rad,tan;mic)",bearing_cage_fault,added_mass_35g,overhang,https://www02.smt.ufrj.br/~offshore/mfs/page_01.html,documented,rotation 44.4416 Hz from filename
MAFAULDA,mafaulda_overhang_cage_fault_35g_45.6704,mafaulda_overhang_cage_fault_35g,mafaulda_defective_cage_fault,mafaulda_overhang_cage_fault_35g,,data/raw_mafaulda/full/overhang/cage_fault/35g/45.6704.csv,overhang/cage_fault,Cage_NO_CROSS_DATASET_MATCH,50000,5.0,250000,2740.224,added_mass_35g,"8ch(tacho;uh_ax,rad,tan;oh_ax,rad,tan;mic)",bearing_cage_fault,added_mass_35g,overhang,https://www02.smt.ufrj.br/~offshore/mfs/page_01.html,documented,rotation 45.6704 Hz from filename
MAFAULDA,mafaulda_overhang_cage_fault_35g_46.4896,mafaulda_overhang_cage_fault_35g,mafaulda_defective_cage_fault,mafaulda_overhang_cage_fault_35g,,data/raw_mafaulda/full/overhang/cage_fault/35g/46.4896.csv,overhang/cage_fault,Cage_NO_CROSS_DATASET_MATCH,50000,5.0,250000,2789.376,added_mass_35g,"8ch(tacho;uh_ax,rad,tan;oh_ax,rad,tan;mic)",bearing_cage_fault,added_mass_35g,overhang,https://www02.smt.ufrj.br/~offshore/mfs/page_01.html,documented,rotation 46.4896 Hz from filename
MAFAULDA,mafaulda_overhang_cage_fault_35g_47.104,mafaulda_overhang_cage_fault_35g,mafaulda_defective_cage_fault,mafaulda_overhang_cage_fault_35g,,data/raw_mafaulda/full/overhang/cage_fault/35g/47.104.csv,overhang/cage_fault,Cage_NO_CROSS_DATASET_MATCH,50000,5.0,250000,2826.24,added_mass_35g,"8ch(tacho;uh_ax,rad,tan;oh_ax,rad,tan;mic)",bearing_cage_fault,added_mass_35g,overhang,https://www02.smt.ufrj.br/~offshore/mfs/page_01.html,documented,rotation 47.104 Hz from filename
MAFAULDA,mafaulda_overhang_cage_fault_35g_48.7424,mafaulda_overhang_cage_fault_35g,mafaulda_defective_cage_fault,mafaulda_overhang_cage_fault_35g,,data/raw_mafaulda/full/overhang/cage_fault/35g/48.7424.csv,overhang/cage_fault,Cage_NO_CROSS_DATASET_MATCH,50000,5.0,250000,2924.5440000000003,added_mass_35g,"8ch(tacho;uh_ax,rad,tan;oh_ax,rad,tan;mic)",bearing_cage_fault,added_mass_35g,overhang,https://www02.smt.ufrj.br/~offshore/mfs/page_01.html,documented,rotation 48.7424 Hz from filename
MAFAULDA,mafaulda_overhang_cage_fault_35g_49.7664,mafaulda_overhang_cage_fault_35g,mafaulda_defective_cage_fault,mafaulda_overhang_cage_fault_35g,,data/raw_mafaulda/full/overhang/cage_fault/35g/49.7664.csv,overhang/cage_fault,Cage_NO_CROSS_DATASET_MATCH,50000,5.0,250000,2985.984,added_mass_35g,"8ch(tacho;uh_ax,rad,tan;oh_ax,rad,tan;mic)",bearing_cage_fault,added_mass_35g,overhang,https://www02.smt.ufrj.br/~offshore/mfs/page_01.html,documented,rotation 49.7664 Hz from filename
MAFAULDA,mafaulda_overhang_cage_fault_35g_50.3808,mafaulda_overhang_cage_fault_35g,mafaulda_defective_cage_fault,mafaulda_overhang_cage_fault_35g,,data/raw_mafaulda/full/overhang/cage_fault/35g/50.3808.csv,overhang/cage_fault,Cage_NO_CROSS_DATASET_MATCH,50000,5.0,250000,3022.848,added_mass_35g,"8ch(tacho;uh_ax,rad,tan;oh_ax,rad,tan;mic)",bearing_cage_fault,added_mass_35g,overhang,https://www02.smt.ufrj.br/~offshore/mfs/page_01.html,documented,rotation 50.3808 Hz from filename
MAFAULDA,mafaulda_overhang_cage_fault_35g_51.2,mafaulda_overhang_cage_fault_35g,mafaulda_defective_cage_fault,mafaulda_overhang_cage_fault_35g,,data/raw_mafaulda/full/overhang/cage_fault/35g/51.2.csv,overhang/cage_fault,Cage_NO_CROSS_DATASET_MATCH,50000,5.0,250000,3072.0,added_mass_35g,"8ch(tacho;uh_ax,rad,tan;oh_ax,rad,tan;mic)",bearing_cage_fault,added_mass_35g,overhang,https://www02.smt.ufrj.br/~offshore/mfs/page_01.html,documented,rotation 51.2 Hz from filename
MAFAULDA,mafaulda_overhang_cage_fault_35g_52.8384,mafaulda_overhang_cage_fault_35g,mafaulda_defective_cage_fault,mafaulda_overhang_cage_fault_35g,,data/raw_mafaulda/full/overhang/cage_fault/35g/52.8384.csv,overhang/cage_fault,Cage_NO_CROSS_DATASET_MATCH,50000,5.0,250000,3170.304,added_mass_35g,"8ch(tacho;uh_ax,rad,tan;oh_ax,rad,tan;mic)",bearing_cage_fault,added_mass_35g,overhang,https://www02.smt.ufrj.br/~offshore/mfs/page_01.html,documented,rotation 52.8384 Hz from filename
MAFAULDA,mafaulda_overhang_cage_fault_35g_54.0672,mafaulda_overhang_cage_fault_35g,mafaulda_defective_cage_fault,mafaulda_overhang_cage_fault_35g,,data/raw_mafaulda/full/overhang/cage_fault/35g/54.0672.csv,overhang/cage_fault,Cage_NO_CROSS_DATASET_MATCH,50000,5.0,250000,3244.032,added_mass_35g,"8ch(tacho;uh_ax,rad,tan;oh_ax,rad,tan;mic)",bearing_cage_fault,added_mass_35g,overhang,https://www02.smt.ufrj.br/~offshore/mfs/page_01.html,documented,rotation 54.0672 Hz from filename
MAFAULDA,mafaulda_overhang_cage_fault_6g_13.1072,mafaulda_overhang_cage_fault_6g,mafaulda_defective_cage_fault,mafaulda_overhang_cage_fault_6g,,data/raw_mafaulda/full/overhang/cage_fault/6g/13.1072.csv,overhang/cage_fault,Cage_NO_CROSS_DATASET_MATCH,50000,5.0,250000,786.432,added_mass_6g,"8ch(tacho;uh_ax,rad,tan;oh_ax,rad,tan;mic)",bearing_cage_fault,added_mass_6g,overhang,https://www02.smt.ufrj.br/~offshore/mfs/page_01.html,documented,rotation 13.1072 Hz from filename
MAFAULDA,mafaulda_overhang_cage_fault_6g_14.5408,mafaulda_overhang_cage_fault_6g,mafaulda_defective_cage_fault,mafaulda_overhang_cage_fault_6g,,data/raw_mafaulda/full/overhang/cage_fault/6g/14.5408.csv,overhang/cage_fault,Cage_NO_CROSS_DATASET_MATCH,50000,5.0,250000,872.4480000000001,added_mass_6g,"8ch(tacho;uh_ax,rad,tan;oh_ax,rad,tan;mic)",bearing_cage_fault,added_mass_6g,overhang,https://www02.smt.ufrj.br/~offshore/mfs/page_01.html,documented,rotation 14.5408 Hz from filename
MAFAULDA,mafaulda_overhang_cage_fault_6g_14.9504,mafaulda_overhang_cage_fault_6g,mafaulda_defective_cage_fault,mafaulda_overhang_cage_fault_6g,,data/raw_mafaulda/full/overhang/cage_fault/6g/14.9504.csv,overhang/cage_fault,Cage_NO_CROSS_DATASET_MATCH,50000,5.0,250000,897.024,added_mass_6g,"8ch(tacho;uh_ax,rad,tan;oh_ax,rad,tan;mic)",bearing_cage_fault,added_mass_6g,overhang,https://www02.smt.ufrj.br/~offshore/mfs/page_01.html,documented,rotation 14.9504 Hz from filename
MAFAULDA,mafaulda_overhang_cage_fault_6g_16.1792,mafaulda_overhang_cage_fault_6g,mafaulda_defective_cage_fault,mafaulda_overhang_cage_fault_6g,,data/raw_mafaulda/full/overhang/cage_fault/6g/16.1792.csv,overhang/cage_fault,Cage_NO_CROSS_DATASET_MATCH,50000,5.0,250000,970.7520000000001,added_mass_6g,"8ch(tacho;uh_ax,rad,tan;oh_ax,rad,tan;mic)",bearing_cage_fault,added_mass_6g,overhang,https://www02.smt.ufrj.br/~offshore/mfs/page_01.html,documented,rotation 16.1792 Hz from filename
MAFAULDA,mafaulda_overhang_cage_fault_6g_17.408,mafaulda_overhang_cage_fault_6g,mafaulda_defective_cage_fault,mafaulda_overhang_cage_fault_6g,,data/raw_mafaulda/full/overhang/cage_fault/6g/17.408.csv,overhang/cage_fault,Cage_NO_CROSS_DATASET_MATCH,50000,5.0,250000,1044.48,added_mass_6g,"8ch(tacho;uh_ax,rad,tan;oh_ax,rad,tan;mic)",bearing_cage_fault,added_mass_6g,overhang,https://www02.smt.ufrj.br/~offshore/mfs/page_01.html,documented,rotation 17.408 Hz from filename
MAFAULDA,mafaulda_overhang_cage_fault_6g_18.6368,mafaulda_overhang_cage_fault_6g,mafaulda_defective_cage_fault,mafaulda_overhang_cage_fault_6g,,data/raw_mafaulda/full/overhang/cage_fault/6g/18.6368.csv,overhang/cage_fault,Cage_NO_CROSS_DATASET_MATCH,50000,5.0,250000,1118.208,added_mass_6g,"8ch(tacho;uh_ax,rad,tan;oh_ax,rad,tan;mic)",bearing_cage_fault,added_mass_6g,overhang,https://www02.smt.ufrj.br/~offshore/mfs/page_01.html,documented,rotation 18.6368 Hz from filename
MAFAULDA,mafaulda_overhang_cage_fault_6g_19.0464,mafaulda_overhang_cage_fault_6g,mafaulda_defective_cage_fault,mafaulda_overhang_cage_fault_6g,,data/raw_mafaulda/full/overhang/cage_fault/6g/19.0464.csv,overhang/cage_fault,Cage_NO_CROSS_DATASET_MATCH,50000,5.0,250000,1142.7839999999999,added_mass_6g,"8ch(tacho;uh_ax,rad,tan;oh_ax,rad,tan;mic)",bearing_cage_fault,added_mass_6g,overhang,https://www02.smt.ufrj.br/~offshore/mfs/page_01.html,documented,rotation 19.0464 Hz from filename
MAFAULDA,mafaulda_overhang_cage_fault_6g_20.48,mafaulda_overhang_cage_fault_6g,mafaulda_defective_cage_fault,mafaulda_overhang_cage_fault_6g,,data/raw_mafaulda/full/overhang/cage_fault/6g/20.48.csv,overhang/cage_fault,Cage_NO_CROSS_DATASET_MATCH,50000,5.0,250000,1228.8,added_mass_6g,"8ch(tacho;uh_ax,rad,tan;oh_ax,rad,tan;mic)",bearing_cage_fault,added_mass_6g,overhang,https://www02.smt.ufrj.br/~offshore/mfs/page_01.html,documented,rotation 20.48 Hz from filename
MAFAULDA,mafaulda_overhang_cage_fault_6g_21.504,mafaulda_overhang_cage_fault_6g,mafaulda_defective_cage_fault,mafaulda_overhang_cage_fault_6g,,data/raw_mafaulda/full/overhang/cage_fault/6g/21.504.csv,overhang/cage_fault,Cage_NO_CROSS_DATASET_MATCH,50000,5.0,250000,1290.24,added_mass_6g,"8ch(tacho;uh_ax,rad,tan;oh_ax,rad,tan;mic)",bearing_cage_fault,added_mass_6g,overhang,https://www02.smt.ufrj.br/~offshore/mfs/page_01.html,documented,rotation 21.504 Hz from filename
MAFAULDA,mafaulda_overhang_cage_fault_6g_22.3232,mafaulda_overhang_cage_fault_6g,mafaulda_defective_cage_fault,mafaulda_overhang_cage_fault_6g,,data/raw_mafaulda/full/overhang/cage_fault/6g/22.3232.csv,overhang/cage_fault,Cage_NO_CROSS_DATASET_MATCH,50000,5.0,250000,1339.392,added_mass_6g,"8ch(tacho;uh_ax,rad,tan;oh_ax,rad,tan;mic)",bearing_cage_fault,added_mass_6g,overhang,https://www02.smt.ufrj.br/~offshore/mfs/page_01.html,documented,rotation 22.3232 Hz from filename
MAFAULDA,mafaulda_overhang_cage_fault_6g_23.3472,mafaulda_overhang_cage_fault_6g,mafaulda_defective_cage_fault,mafaulda_overhang_cage_fault_6g,,data/raw_mafaulda/full/overhang/cage_fault/6g/23.3472.csv,overhang/cage_fault,Cage_NO_CROSS_DATASET_MATCH,50000,5.0,250000,1400.832,added_mass_6g,"8ch(tacho;uh_ax,rad,tan;oh_ax,rad,tan;mic)",bearing_cage_fault,added_mass_6g,overhang,https://www02.smt.ufrj.br/~offshore/mfs/page_01.html,documented,rotation 23.3472 Hz from filename
MAFAULDA,mafaulda_overhang_cage_fault_6g_24.576,mafaulda_overhang_cage_fault_6g,mafaulda_defective_cage_fault,mafaulda_overhang_cage_fault_6g,,data/raw_mafaulda/full/overhang/cage_fault/6g/24.576.csv,overhang/cage_fault,Cage_NO_CROSS_DATASET_MATCH,50000,5.0,250000,1474.56,added_mass_6g,"8ch(tacho;uh_ax,rad,tan;oh_ax,rad,tan;mic)",bearing_cage_fault,added_mass_6g,overhang,https://www02.smt.ufrj.br/~offshore/mfs/page_01.html,documented,rotation 24.576 Hz from filename
MAFAULDA,mafaulda_overhang_cage_fault_6g_26.2144,mafaulda_overhang_cage_fault_6g,mafaulda_defective_cage_fault,mafaulda_overhang_cage_fault_6g,,data/raw_mafaulda/full/overhang/cage_fault/6g/26.2144.csv,overhang/cage_fault,Cage_NO_CROSS_DATASET_MATCH,50000,5.0,250000,1572.864,added_mass_6g,"8ch(tacho;uh_ax,rad,tan;oh_ax,rad,tan;mic)",bearing_cage_fault,added_mass_6g,overhang,https://www02.smt.ufrj.br/~offshore/mfs/page_01.html,documented,rotation 26.2144 Hz from filename
MAFAULDA,mafaulda_overhang_cage_fault_6g_26.624,mafaulda_overhang_cage_fault_6g,mafaulda_defective_cage_fault,mafaulda_overhang_cage_fault_6g,,data/raw_mafaulda/full/overhang/cage_fault/6g/26.624.csv,overhang/cage_fault,Cage_NO_CROSS_DATASET_MATCH,50000,5.0,250000,1597.4399999999998,added_mass_6g,"8ch(tacho;uh_ax,rad,tan;oh_ax,rad,tan;mic)",bearing_cage_fault,added_mass_6g,overhang,https://www02.smt.ufrj.br/~offshore/mfs/page_01.html,documented,rotation 26.624 Hz from filename
MAFAULDA,mafaulda_overhang_cage_fault_6g_27.2384,mafaulda_overhang_cage_fault_6g,mafaulda_defective_cage_fault,mafaulda_overhang_cage_fault_6g,,data/raw_mafaulda/full/overhang/cage_fault/6g/27.2384.csv,overhang/cage_fault,Cage_NO_CROSS_DATASET_MATCH,50000,5.0,250000,1634.3039999999999,added_mass_6g,"8ch(tacho;uh_ax,rad,tan;oh_ax,rad,tan;mic)",bearing_cage_fault,added_mass_6g,overhang,https://www02.smt.ufrj.br/~offshore/mfs/page_01.html,documented,rotation 27.2384 Hz from filename
MAFAULDA,mafaulda_overhang_cage_fault_6g_28.4672,mafaulda_overhang_cage_fault_6g,mafaulda_defective_cage_fault,mafaulda_overhang_cage_fault_6g,,data/raw_mafaulda/full/overhang/cage_fault/6g/28.4672.csv,overhang/cage_fault,Cage_NO_CROSS_DATASET_MATCH,50000,5.0,250000,1708.032,added_mass_6g,"8ch(tacho;uh_ax,rad,tan;oh_ax,rad,tan;mic)",bearing_cage_fault,added_mass_6g,overhang,https://www02.smt.ufrj.br/~offshore/mfs/page_01.html,documented,rotation 28.4672 Hz from filename
MAFAULDA,mafaulda_overhang_cage_fault_6g_29.2864,mafaulda_overhang_cage_fault_6g,mafaulda_defective_cage_fault,mafaulda_overhang_cage_fault_6g,,data/raw_mafaulda/full/overhang/cage_fault/6g/29.2864.csv,overhang/cage_fault,Cage_NO_CROSS_DATASET_MATCH,50000,5.0,250000,1757.184,added_mass_6g,"8ch(tacho;uh_ax,rad,tan;oh_ax,rad,tan;mic)",bearing_cage_fault,added_mass_6g,overhang,https://www02.smt.ufrj.br/~offshore/mfs/page_01.html,documented,rotation 29.2864 Hz from filename
MAFAULDA,mafaulda_overhang_cage_fault_6g_30.5152,mafaulda_overhang_cage_fault_6g,mafaulda_defective_cage_fault,mafaulda_overhang_cage_fault_6g,,data/raw_mafaulda/full/overhang/cage_fault/6g/30.5152.csv,overhang/cage_fault,Cage_NO_CROSS_DATASET_MATCH,50000,5.0,250000,1830.912,added_mass_6g,"8ch(tacho;uh_ax,rad,tan;oh_ax,rad,tan;mic)",bearing_cage_fault,added_mass_6g,overhang,https://www02.smt.ufrj.br/~offshore/mfs/page_01.html,documented,rotation 30.5152 Hz from filename
MAFAULDA,mafaulda_overhang_cage_fault_6g_30.9248,mafaulda_overhang_cage_fault_6g,mafaulda_defective_cage_fault,mafaulda_overhang_cage_fault_6g,,data/raw_mafaulda/full/overhang/cage_fault/6g/30.9248.csv,overhang/cage_fault,Cage_NO_CROSS_DATASET_MATCH,50000,5.0,250000,1855.488,added_mass_6g,"8ch(tacho;uh_ax,rad,tan;oh_ax,rad,tan;mic)",bearing_cage_fault,added_mass_6g,overhang,https://www02.smt.ufrj.br/~offshore/mfs/page_01.html,documented,rotation 30.9248 Hz from filename
MAFAULDA,mafaulda_overhang_cage_fault_6g_32.3584,mafaulda_overhang_cage_fault_6g,mafaulda_defective_cage_fault,mafaulda_overhang_cage_fault_6g,,data/raw_mafaulda/full/overhang/cage_fault/6g/32.3584.csv,overhang/cage_fault,Cage_NO_CROSS_DATASET_MATCH,50000,5.0,250000,1941.5040000000001,added_mass_6g,"8ch(tacho;uh_ax,rad,tan;oh_ax,rad,tan;mic)",bearing_cage_fault,added_mass_6g,overhang,https://www02.smt.ufrj.br/~offshore/mfs/page_01.html,documented,rotation 32.3584 Hz from filename
MAFAULDA,mafaulda_overhang_cage_fault_6g_33.3824,mafaulda_overhang_cage_fault_6g,mafaulda_defective_cage_fault,mafaulda_overhang_cage_fault_6g,,data/raw_mafaulda/full/overhang/cage_fault/6g/33.3824.csv,overhang/cage_fault,Cage_NO_CROSS_DATASET_MATCH,50000,5.0,250000,2002.9439999999997,added_mass_6g,"8ch(tacho;uh_ax,rad,tan;oh_ax,rad,tan;mic)",bearing_cage_fault,added_mass_6g,overhang,https://www02.smt.ufrj.br/~offshore/mfs/page_01.html,documented,rotation 33.3824 Hz from filename
MAFAULDA,mafaulda_overhang_cage_fault_6g_33.9968,mafaulda_overhang_cage_fault_6g,mafaulda_defective_cage_fault,mafaulda_overhang_cage_fault_6g,,data/raw_mafaulda/full/overhang/cage_fault/6g/33.9968.csv,overhang/cage_fault,Cage_NO_CROSS_DATASET_MATCH,50000,5.0,250000,2039.808,added_mass_6g,"8ch(tacho;uh_ax,rad,tan;oh_ax,rad,tan;mic)",bearing_cage_fault,added_mass_6g,overhang,https://www02.smt.ufrj.br/~offshore/mfs/page_01.html,documented,rotation 33.9968 Hz from filename
MAFAULDA,mafaulda_overhang_cage_fault_6g_35.4304,mafaulda_overhang_cage_fault_6g,mafaulda_defective_cage_fault,mafaulda_overhang_cage_fault_6g,,data/raw_mafaulda/full/overhang/cage_fault/6g/35.4304.csv,overhang/cage_fault,Cage_NO_CROSS_DATASET_MATCH,50000,5.0,250000,2125.824,added_mass_6g,"8ch(tacho;uh_ax,rad,tan;oh_ax,rad,tan;mic)",bearing_cage_fault,added_mass_6g,overhang,https://www02.smt.ufrj.br/~offshore/mfs/page_01.html,documented,rotation 35.4304 Hz from filename
MAFAULDA,mafaulda_overhang_cage_fault_6g_36.6592,mafaulda_overhang_cage_fault_6g,mafaulda_defective_cage_fault,mafaulda_overhang_cage_fault_6g,,data/raw_mafaulda/full/overhang/cage_fault/6g/36.6592.csv,overhang/cage_fault,Cage_NO_CROSS_DATASET_MATCH,50000,5.0,250000,2199.5519999999997,added_mass_6g,"8ch(tacho;uh_ax,rad,tan;oh_ax,rad,tan;mic)",bearing_cage_fault,added_mass_6g,overhang,https://www02.smt.ufrj.br/~offshore/mfs/page_01.html,documented,rotation 36.6592 Hz from filename
MAFAULDA,mafaulda_overhang_cage_fault_6g_37.4784,mafaulda_overhang_cage_fault_6g,mafaulda_defective_cage_fault,mafaulda_overhang_cage_fault_6g,,data/raw_mafaulda/full/overhang/cage_fault/6g/37.4784.csv,overhang/cage_fault,Cage_NO_CROSS_DATASET_MATCH,50000,5.0,250000,2248.704,added_mass_6g,"8ch(tacho;uh_ax,rad,tan;oh_ax,rad,tan;mic)",bearing_cage_fault,added_mass_6g,overhang,https://www02.smt.ufrj.br/~offshore/mfs/page_01.html,documented,rotation 37.4784 Hz from filename
MAFAULDA,mafaulda_overhang_cage_fault_6g_38.7072,mafaulda_overhang_cage_fault_6g,mafaulda_defective_cage_fault,mafaulda_overhang_cage_fault_6g,,data/raw_mafaulda/full/overhang/cage_fault/6g/38.7072.csv,overhang/cage_fault,Cage_NO_CROSS_DATASET_MATCH,50000,5.0,250000,2322.432,added_mass_6g,"8ch(tacho;uh_ax,rad,tan;oh_ax,rad,tan;mic)",bearing_cage_fault,added_mass_6g,overhang,https://www02.smt.ufrj.br/~offshore/mfs/page_01.html,documented,rotation 38.7072 Hz from filename
MAFAULDA,mafaulda_overhang_cage_fault_6g_39.7312,mafaulda_overhang_cage_fault_6g,mafaulda_defective_cage_fault,mafaulda_overhang_cage_fault_6g,,data/raw_mafaulda/full/overhang/cage_fault/6g/39.7312.csv,overhang/cage_fault,Cage_NO_CROSS_DATASET_MATCH,50000,5.0,250000,2383.8720000000003,added_mass_6g,"8ch(tacho;uh_ax,rad,tan;oh_ax,rad,tan;mic)",bearing_cage_fault,added_mass_6g,overhang,https://www02.smt.ufrj.br/~offshore/mfs/page_01.html,documented,rotation 39.7312 Hz from filename
MAFAULDA,mafaulda_overhang_cage_fault_6g_40.5504,mafaulda_overhang_cage_fault_6g,mafaulda_defective_cage_fault,mafaulda_overhang_cage_fault_6g,,data/raw_mafaulda/full/overhang/cage_fault/6g/40.5504.csv,overhang/cage_fault,Cage_NO_CROSS_DATASET_MATCH,50000,5.0,250000,2433.0240000000003,added_mass_6g,"8ch(tacho;uh_ax,rad,tan;oh_ax,rad,tan;mic)",bearing_cage_fault,added_mass_6g,overhang,https://www02.smt.ufrj.br/~offshore/mfs/page_01.html,documented,rotation 40.5504 Hz from filename
MAFAULDA,mafaulda_overhang_cage_fault_6g_41.7792,mafaulda_overhang_cage_fault_6g,mafaulda_defective_cage_fault,mafaulda_overhang_cage_fault_6g,,data/raw_mafaulda/full/overhang/cage_fault/6g/41.7792.csv,overhang/cage_fault,Cage_NO_CROSS_DATASET_MATCH,50000,5.0,250000,2506.7520000000004,added_mass_6g,"8ch(tacho;uh_ax,rad,tan;oh_ax,rad,tan;mic)",bearing_cage_fault,added_mass_6g,overhang,https://www02.smt.ufrj.br/~offshore/mfs/page_01.html,documented,rotation 41.7792 Hz from filename
MAFAULDA,mafaulda_overhang_cage_fault_6g_42.1888,mafaulda_overhang_cage_fault_6g,mafaulda_defective_cage_fault,mafaulda_overhang_cage_fault_6g,,data/raw_mafaulda/full/overhang/cage_fault/6g/42.1888.csv,overhang/cage_fault,Cage_NO_CROSS_DATASET_MATCH,50000,5.0,250000,2531.328,added_mass_6g,"8ch(tacho;uh_ax,rad,tan;oh_ax,rad,tan;mic)",bearing_cage_fault,added_mass_6g,overhang,https://www02.smt.ufrj.br/~offshore/mfs/page_01.html,documented,rotation 42.1888 Hz from filename
MAFAULDA,mafaulda_overhang_cage_fault_6g_43.6224,mafaulda_overhang_cage_fault_6g,mafaulda_defective_cage_fault,mafaulda_overhang_cage_fault_6g,,data/raw_mafaulda/full/overhang/cage_fault/6g/43.6224.csv,overhang/cage_fault,Cage_NO_CROSS_DATASET_MATCH,50000,5.0,250000,2617.344,added_mass_6g,"8ch(tacho;uh_ax,rad,tan;oh_ax,rad,tan;mic)",bearing_cage_fault,added_mass_6g,overhang,https://www02.smt.ufrj.br/~offshore/mfs/page_01.html,documented,rotation 43.6224 Hz from filename
MAFAULDA,mafaulda_overhang_cage_fault_6g_44.6464,mafaulda_overhang_cage_fault_6g,mafaulda_defective_cage_fault,mafaulda_overhang_cage_fault_6g,,data/raw_mafaulda/full/overhang/cage_fault/6g/44.6464.csv,overhang/cage_fault,Cage_NO_CROSS_DATASET_MATCH,50000,5.0,250000,2678.784,added_mass_6g,"8ch(tacho;uh_ax,rad,tan;oh_ax,rad,tan;mic)",bearing_cage_fault,added_mass_6g,overhang,https://www02.smt.ufrj.br/~offshore/mfs/page_01.html,documented,rotation 44.6464 Hz from filename
MAFAULDA,mafaulda_overhang_cage_fault_6g_45.2608,mafaulda_overhang_cage_fault_6g,mafaulda_defective_cage_fault,mafaulda_overhang_cage_fault_6g,,data/raw_mafaulda/full/overhang/cage_fault/6g/45.2608.csv,overhang/cage_fault,Cage_NO_CROSS_DATASET_MATCH,50000,5.0,250000,2715.648,added_mass_6g,"8ch(tacho;uh_ax,rad,tan;oh_ax,rad,tan;mic)",bearing_cage_fault,added_mass_6g,overhang,https://www02.smt.ufrj.br/~offshore/mfs/page_01.html,documented,rotation 45.2608 Hz from filename
MAFAULDA,mafaulda_overhang_cage_fault_6g_45.8752,mafaulda_overhang_cage_fault_6g,mafaulda_defective_cage_fault,mafaulda_overhang_cage_fault_6g,,data/raw_mafaulda/full/overhang/cage_fault/6g/45.8752.csv,overhang/cage_fault,Cage_NO_CROSS_DATASET_MATCH,50000,5.0,250000,2752.512,added_mass_6g,"8ch(tacho;uh_ax,rad,tan;oh_ax,rad,tan;mic)",bearing_cage_fault,added_mass_6g,overhang,https://www02.smt.ufrj.br/~offshore/mfs/page_01.html,documented,rotation 45.8752 Hz from filename
MAFAULDA,mafaulda_overhang_cage_fault_6g_47.104,mafaulda_overhang_cage_fault_6g,mafaulda_defective_cage_fault,mafaulda_overhang_cage_fault_6g,,data/raw_mafaulda/full/overhang/cage_fault/6g/47.104.csv,overhang/cage_fault,Cage_NO_CROSS_DATASET_MATCH,50000,5.0,250000,2826.24,added_mass_6g,"8ch(tacho;uh_ax,rad,tan;oh_ax,rad,tan;mic)",bearing_cage_fault,added_mass_6g,overhang,https://www02.smt.ufrj.br/~offshore/mfs/page_01.html,documented,rotation 47.104 Hz from filename
MAFAULDA,mafaulda_overhang_cage_fault_6g_48.3328,mafaulda_overhang_cage_fault_6g,mafaulda_defective_cage_fault,mafaulda_overhang_cage_fault_6g,,data/raw_mafaulda/full/overhang/cage_fault/6g/48.3328.csv,overhang/cage_fault,Cage_NO_CROSS_DATASET_MATCH,50000,5.0,250000,2899.968,added_mass_6g,"8ch(tacho;uh_ax,rad,tan;oh_ax,rad,tan;mic)",bearing_cage_fault,added_mass_6g,overhang,https://www02.smt.ufrj.br/~offshore/mfs/page_01.html,documented,rotation 48.3328 Hz from filename
MAFAULDA,mafaulda_overhang_cage_fault_6g_49.5616,mafaulda_overhang_cage_fault_6g,mafaulda_defective_cage_fault,mafaulda_overhang_cage_fault_6g,,data/raw_mafaulda/full/overhang/cage_fault/6g/49.5616.csv,overhang/cage_fault,Cage_NO_CROSS_DATASET_MATCH,50000,5.0,250000,2973.696,added_mass_6g,"8ch(tacho;uh_ax,rad,tan;oh_ax,rad,tan;mic)",bearing_cage_fault,added_mass_6g,overhang,https://www02.smt.ufrj.br/~offshore/mfs/page_01.html,documented,rotation 49.5616 Hz from filename
MAFAULDA,mafaulda_overhang_cage_fault_6g_50.176,mafaulda_overhang_cage_fault_6g,mafaulda_defective_cage_fault,mafaulda_overhang_cage_fault_6g,,data/raw_mafaulda/full/overhang/cage_fault/6g/50.176.csv,overhang/cage_fault,Cage_NO_CROSS_DATASET_MATCH,50000,5.0,250000,3010.56,added_mass_6g,"8ch(tacho;uh_ax,rad,tan;oh_ax,rad,tan;mic)",bearing_cage_fault,added_mass_6g,overhang,https://www02.smt.ufrj.br/~offshore/mfs/page_01.html,documented,rotation 50.176 Hz from filename
MAFAULDA,mafaulda_overhang_cage_fault_6g_50.9952,mafaulda_overhang_cage_fault_6g,mafaulda_defective_cage_fault,mafaulda_overhang_cage_fault_6g,,data/raw_mafaulda/full/overhang/cage_fault/6g/50.9952.csv,overhang/cage_fault,Cage_NO_CROSS_DATASET_MATCH,50000,5.0,250000,3059.712,added_mass_6g,"8ch(tacho;uh_ax,rad,tan;oh_ax,rad,tan;mic)",bearing_cage_fault,added_mass_6g,overhang,https://www02.smt.ufrj.br/~offshore/mfs/page_01.html,documented,rotation 50.9952 Hz from filename
MAFAULDA,mafaulda_overhang_cage_fault_6g_52.4288,mafaulda_overhang_cage_fault_6g,mafaulda_defective_cage_fault,mafaulda_overhang_cage_fault_6g,,data/raw_mafaulda/full/overhang/cage_fault/6g/52.4288.csv,overhang/cage_fault,Cage_NO_CROSS_DATASET_MATCH,50000,5.0,250000,3145.728,added_mass_6g,"8ch(tacho;uh_ax,rad,tan;oh_ax,rad,tan;mic)",bearing_cage_fault,added_mass_6g,overhang,https://www02.smt.ufrj.br/~offshore/mfs/page_01.html,documented,rotation 52.4288 Hz from filename
MAFAULDA,mafaulda_overhang_cage_fault_6g_53.0432,mafaulda_overhang_cage_fault_6g,mafaulda_defective_cage_fault,mafaulda_overhang_cage_fault_6g,,data/raw_mafaulda/full/overhang/cage_fault/6g/53.0432.csv,overhang/cage_fault,Cage_NO_CROSS_DATASET_MATCH,50000,5.0,250000,3182.592,added_mass_6g,"8ch(tacho;uh_ax,rad,tan;oh_ax,rad,tan;mic)",bearing_cage_fault,added_mass_6g,overhang,https://www02.smt.ufrj.br/~offshore/mfs/page_01.html,documented,rotation 53.0432 Hz from filename
MAFAULDA,mafaulda_overhang_cage_fault_6g_54.4768,mafaulda_overhang_cage_fault_6g,mafaulda_defective_cage_fault,mafaulda_overhang_cage_fault_6g,,data/raw_mafaulda/full/overhang/cage_fault/6g/54.4768.csv,overhang/cage_fault,Cage_NO_CROSS_DATASET_MATCH,50000,5.0,250000,3268.6079999999997,added_mass_6g,"8ch(tacho;uh_ax,rad,tan;oh_ax,rad,tan;mic)",bearing_cage_fault,added_mass_6g,overhang,https://www02.smt.ufrj.br/~offshore/mfs/page_01.html,documented,rotation 54.4768 Hz from filename
MAFAULDA,mafaulda_overhang_cage_fault_6g_55.296,mafaulda_overhang_cage_fault_6g,mafaulda_defective_cage_fault,mafaulda_overhang_cage_fault_6g,,data/raw_mafaulda/full/overhang/cage_fault/6g/55.296.csv,overhang/cage_fault,Cage_NO_CROSS_DATASET_MATCH,50000,5.0,250000,3317.7599999999998,added_mass_6g,"8ch(tacho;uh_ax,rad,tan;oh_ax,rad,tan;mic)",bearing_cage_fault,added_mass_6g,overhang,https://www02.smt.ufrj.br/~offshore/mfs/page_01.html,documented,rotation 55.296 Hz from filename
MAFAULDA,mafaulda_overhang_cage_fault_6g_56.5248,mafaulda_overhang_cage_fault_6g,mafaulda_defective_cage_fault,mafaulda_overhang_cage_fault_6g,,data/raw_mafaulda/full/overhang/cage_fault/6g/56.5248.csv,overhang/cage_fault,Cage_NO_CROSS_DATASET_MATCH,50000,5.0,250000,3391.488,added_mass_6g,"8ch(tacho;uh_ax,rad,tan;oh_ax,rad,tan;mic)",bearing_cage_fault,added_mass_6g,overhang,https://www02.smt.ufrj.br/~offshore/mfs/page_01.html,documented,rotation 56.5248 Hz from filename
MAFAULDA,mafaulda_overhang_cage_fault_6g_57.5488,mafaulda_overhang_cage_fault_6g,mafaulda_defective_cage_fault,mafaulda_overhang_cage_fault_6g,,data/raw_mafaulda/full/overhang/cage_fault/6g/57.5488.csv,overhang/cage_fault,Cage_NO_CROSS_DATASET_MATCH,50000,5.0,250000,3452.928,added_mass_6g,"8ch(tacho;uh_ax,rad,tan;oh_ax,rad,tan;mic)",bearing_cage_fault,added_mass_6g,overhang,https://www02.smt.ufrj.br/~offshore/mfs/page_01.html,documented,rotation 57.5488 Hz from filename
MAFAULDA,mafaulda_overhang_cage_fault_6g_58.1632,mafaulda_overhang_cage_fault_6g,mafaulda_defective_cage_fault,mafaulda_overhang_cage_fault_6g,,data/raw_mafaulda/full/overhang/cage_fault/6g/58.1632.csv,overhang/cage_fault,Cage_NO_CROSS_DATASET_MATCH,50000,5.0,250000,3489.7920000000004,added_mass_6g,"8ch(tacho;uh_ax,rad,tan;oh_ax,rad,tan;mic)",bearing_cage_fault,added_mass_6g,overhang,https://www02.smt.ufrj.br/~offshore/mfs/page_01.html,documented,rotation 58.1632 Hz from filename
MAFAULDA,mafaulda_overhang_cage_fault_6g_59.392,mafaulda_overhang_cage_fault_6g,mafaulda_defective_cage_fault,mafaulda_overhang_cage_fault_6g,,data/raw_mafaulda/full/overhang/cage_fault/6g/59.392.csv,overhang/cage_fault,Cage_NO_CROSS_DATASET_MATCH,50000,5.0,250000,3563.52,added_mass_6g,"8ch(tacho;uh_ax,rad,tan;oh_ax,rad,tan;mic)",bearing_cage_fault,added_mass_6g,overhang,https://www02.smt.ufrj.br/~offshore/mfs/page_01.html,documented,rotation 59.392 Hz from filename
MAFAULDA,mafaulda_overhang_cage_fault_6g_60.6208,mafaulda_overhang_cage_fault_6g,mafaulda_defective_cage_fault,mafaulda_overhang_cage_fault_6g,,data/raw_mafaulda/full/overhang/cage_fault/6g/60.6208.csv,overhang/cage_fault,Cage_NO_CROSS_DATASET_MATCH,50000,5.0,250000,3637.248,added_mass_6g,"8ch(tacho;uh_ax,rad,tan;oh_ax,rad,tan;mic)",bearing_cage_fault,added_mass_6g,overhang,https://www02.smt.ufrj.br/~offshore/mfs/page_01.html,documented,rotation 60.6208 Hz from filename
MAFAULDA,mafaulda_overhang_cage_fault_6g_61.44,mafaulda_overhang_cage_fault_6g,mafaulda_defective_cage_fault,mafaulda_overhang_cage_fault_6g,,data/raw_mafaulda/full/overhang/cage_fault/6g/61.44.csv,overhang/cage_fault,Cage_NO_CROSS_DATASET_MATCH,50000,5.0,250000,3686.3999999999996,added_mass_6g,"8ch(tacho;uh_ax,rad,tan;oh_ax,rad,tan;mic)",bearing_cage_fault,added_mass_6g,overhang,https://www02.smt.ufrj.br/~offshore/mfs/page_01.html,documented,rotation 61.44 Hz from filename
MAFAULDA,mafaulda_overhang_outer_race_0g_13.1072,mafaulda_overhang_outer_race_0g,mafaulda_defective_outer_race,mafaulda_overhang_outer_race_0g,,data/raw_mafaulda/full/overhang/outer_race/0g/13.1072.csv,overhang/outer_race,OuterRace,50000,5.0,250000,786.432,added_mass_0g,"8ch(tacho;uh_ax,rad,tan;oh_ax,rad,tan;mic)",bearing_outer_race,added_mass_0g,overhang,https://www02.smt.ufrj.br/~offshore/mfs/page_01.html,documented,rotation 13.1072 Hz from filename
MAFAULDA,mafaulda_overhang_outer_race_0g_14.336,mafaulda_overhang_outer_race_0g,mafaulda_defective_outer_race,mafaulda_overhang_outer_race_0g,,data/raw_mafaulda/full/overhang/outer_race/0g/14.336.csv,overhang/outer_race,OuterRace,50000,5.0,250000,860.16,added_mass_0g,"8ch(tacho;uh_ax,rad,tan;oh_ax,rad,tan;mic)",bearing_outer_race,added_mass_0g,overhang,https://www02.smt.ufrj.br/~offshore/mfs/page_01.html,documented,rotation 14.336 Hz from filename
MAFAULDA,mafaulda_overhang_outer_race_0g_15.36,mafaulda_overhang_outer_race_0g,mafaulda_defective_outer_race,mafaulda_overhang_outer_race_0g,,data/raw_mafaulda/full/overhang/outer_race/0g/15.36.csv,overhang/outer_race,OuterRace,50000,5.0,250000,921.5999999999999,added_mass_0g,"8ch(tacho;uh_ax,rad,tan;oh_ax,rad,tan;mic)",bearing_outer_race,added_mass_0g,overhang,https://www02.smt.ufrj.br/~offshore/mfs/page_01.html,documented,rotation 15.36 Hz from filename
MAFAULDA,mafaulda_overhang_outer_race_0g_16.7936,mafaulda_overhang_outer_race_0g,mafaulda_defective_outer_race,mafaulda_overhang_outer_race_0g,,data/raw_mafaulda/full/overhang/outer_race/0g/16.7936.csv,overhang/outer_race,OuterRace,50000,5.0,250000,1007.6160000000001,added_mass_0g,"8ch(tacho;uh_ax,rad,tan;oh_ax,rad,tan;mic)",bearing_outer_race,added_mass_0g,overhang,https://www02.smt.ufrj.br/~offshore/mfs/page_01.html,documented,rotation 16.7936 Hz from filename
MAFAULDA,mafaulda_overhang_outer_race_0g_17.8176,mafaulda_overhang_outer_race_0g,mafaulda_defective_outer_race,mafaulda_overhang_outer_race_0g,,data/raw_mafaulda/full/overhang/outer_race/0g/17.8176.csv,overhang/outer_race,OuterRace,50000,5.0,250000,1069.056,added_mass_0g,"8ch(tacho;uh_ax,rad,tan;oh_ax,rad,tan;mic)",bearing_outer_race,added_mass_0g,overhang,https://www02.smt.ufrj.br/~offshore/mfs/page_01.html,documented,rotation 17.8176 Hz from filename
MAFAULDA,mafaulda_overhang_outer_race_0g_18.6368,mafaulda_overhang_outer_race_0g,mafaulda_defective_outer_race,mafaulda_overhang_outer_race_0g,,data/raw_mafaulda/full/overhang/outer_race/0g/18.6368.csv,overhang/outer_race,OuterRace,50000,5.0,250000,1118.208,added_mass_0g,"8ch(tacho;uh_ax,rad,tan;oh_ax,rad,tan;mic)",bearing_outer_race,added_mass_0g,overhang,https://www02.smt.ufrj.br/~offshore/mfs/page_01.html,documented,rotation 18.6368 Hz from filename
MAFAULDA,mafaulda_overhang_outer_race_0g_19.6608,mafaulda_overhang_outer_race_0g,mafaulda_defective_outer_race,mafaulda_overhang_outer_race_0g,,data/raw_mafaulda/full/overhang/outer_race/0g/19.6608.csv,overhang/outer_race,OuterRace,50000,5.0,250000,1179.648,added_mass_0g,"8ch(tacho;uh_ax,rad,tan;oh_ax,rad,tan;mic)",bearing_outer_race,added_mass_0g,overhang,https://www02.smt.ufrj.br/~offshore/mfs/page_01.html,documented,rotation 19.6608 Hz from filename
MAFAULDA,mafaulda_overhang_outer_race_0g_20.48,mafaulda_overhang_outer_race_0g,mafaulda_defective_outer_race,mafaulda_overhang_outer_race_0g,,data/raw_mafaulda/full/overhang/outer_race/0g/20.48.csv,overhang/outer_race,OuterRace,50000,5.0,250000,1228.8,added_mass_0g,"8ch(tacho;uh_ax,rad,tan;oh_ax,rad,tan;mic)",bearing_outer_race,added_mass_0g,overhang,https://www02.smt.ufrj.br/~offshore/mfs/page_01.html,documented,rotation 20.48 Hz from filename
MAFAULDA,mafaulda_overhang_outer_race_0g_21.504,mafaulda_overhang_outer_race_0g,mafaulda_defective_outer_race,mafaulda_overhang_outer_race_0g,,data/raw_mafaulda/full/overhang/outer_race/0g/21.504.csv,overhang/outer_race,OuterRace,50000,5.0,250000,1290.24,added_mass_0g,"8ch(tacho;uh_ax,rad,tan;oh_ax,rad,tan;mic)",bearing_outer_race,added_mass_0g,overhang,https://www02.smt.ufrj.br/~offshore/mfs/page_01.html,documented,rotation 21.504 Hz from filename
MAFAULDA,mafaulda_overhang_outer_race_0g_22.1184,mafaulda_overhang_outer_race_0g,mafaulda_defective_outer_race,mafaulda_overhang_outer_race_0g,,data/raw_mafaulda/full/overhang/outer_race/0g/22.1184.csv,overhang/outer_race,OuterRace,50000,5.0,250000,1327.104,added_mass_0g,"8ch(tacho;uh_ax,rad,tan;oh_ax,rad,tan;mic)",bearing_outer_race,added_mass_0g,overhang,https://www02.smt.ufrj.br/~offshore/mfs/page_01.html,documented,rotation 22.1184 Hz from filename
MAFAULDA,mafaulda_overhang_outer_race_0g_23.552,mafaulda_overhang_outer_race_0g,mafaulda_defective_outer_race,mafaulda_overhang_outer_race_0g,,data/raw_mafaulda/full/overhang/outer_race/0g/23.552.csv,overhang/outer_race,OuterRace,50000,5.0,250000,1413.12,added_mass_0g,"8ch(tacho;uh_ax,rad,tan;oh_ax,rad,tan;mic)",bearing_outer_race,added_mass_0g,overhang,https://www02.smt.ufrj.br/~offshore/mfs/page_01.html,documented,rotation 23.552 Hz from filename
MAFAULDA,mafaulda_overhang_outer_race_0g_24.7808,mafaulda_overhang_outer_race_0g,mafaulda_defective_outer_race,mafaulda_overhang_outer_race_0g,,data/raw_mafaulda/full/overhang/outer_race/0g/24.7808.csv,overhang/outer_race,OuterRace,50000,5.0,250000,1486.848,added_mass_0g,"8ch(tacho;uh_ax,rad,tan;oh_ax,rad,tan;mic)",bearing_outer_race,added_mass_0g,overhang,https://www02.smt.ufrj.br/~offshore/mfs/page_01.html,documented,rotation 24.7808 Hz from filename
MAFAULDA,mafaulda_overhang_outer_race_0g_25.6,mafaulda_overhang_outer_race_0g,mafaulda_defective_outer_race,mafaulda_overhang_outer_race_0g,,data/raw_mafaulda/full/overhang/outer_race/0g/25.6.csv,overhang/outer_race,OuterRace,50000,5.0,250000,1536.0,added_mass_0g,"8ch(tacho;uh_ax,rad,tan;oh_ax,rad,tan;mic)",bearing_outer_race,added_mass_0g,overhang,https://www02.smt.ufrj.br/~offshore/mfs/page_01.html,documented,rotation 25.6 Hz from filename
MAFAULDA,mafaulda_overhang_outer_race_0g_26.624,mafaulda_overhang_outer_race_0g,mafaulda_defective_outer_race,mafaulda_overhang_outer_race_0g,,data/raw_mafaulda/full/overhang/outer_race/0g/26.624.csv,overhang/outer_race,OuterRace,50000,5.0,250000,1597.4399999999998,added_mass_0g,"8ch(tacho;uh_ax,rad,tan;oh_ax,rad,tan;mic)",bearing_outer_race,added_mass_0g,overhang,https://www02.smt.ufrj.br/~offshore/mfs/page_01.html,documented,rotation 26.624 Hz from filename
MAFAULDA,mafaulda_overhang_outer_race_0g_27.648,mafaulda_overhang_outer_race_0g,mafaulda_defective_outer_race,mafaulda_overhang_outer_race_0g,,data/raw_mafaulda/full/overhang/outer_race/0g/27.648.csv,overhang/outer_race,OuterRace,50000,5.0,250000,1658.8799999999999,added_mass_0g,"8ch(tacho;uh_ax,rad,tan;oh_ax,rad,tan;mic)",bearing_outer_race,added_mass_0g,overhang,https://www02.smt.ufrj.br/~offshore/mfs/page_01.html,documented,rotation 27.648 Hz from filename
MAFAULDA,mafaulda_overhang_outer_race_0g_28.4672,mafaulda_overhang_outer_race_0g,mafaulda_defective_outer_race,mafaulda_overhang_outer_race_0g,,data/raw_mafaulda/full/overhang/outer_race/0g/28.4672.csv,overhang/outer_race,OuterRace,50000,5.0,250000,1708.032,added_mass_0g,"8ch(tacho;uh_ax,rad,tan;oh_ax,rad,tan;mic)",bearing_outer_race,added_mass_0g,overhang,https://www02.smt.ufrj.br/~offshore/mfs/page_01.html,documented,rotation 28.4672 Hz from filename
MAFAULDA,mafaulda_overhang_outer_race_0g_29.696,mafaulda_overhang_outer_race_0g,mafaulda_defective_outer_race,mafaulda_overhang_outer_race_0g,,data/raw_mafaulda/full/overhang/outer_race/0g/29.696.csv,overhang/outer_race,OuterRace,50000,5.0,250000,1781.76,added_mass_0g,"8ch(tacho;uh_ax,rad,tan;oh_ax,rad,tan;mic)",bearing_outer_race,added_mass_0g,overhang,https://www02.smt.ufrj.br/~offshore/mfs/page_01.html,documented,rotation 29.696 Hz from filename
MAFAULDA,mafaulda_overhang_outer_race_0g_30.1056,mafaulda_overhang_outer_race_0g,mafaulda_defective_outer_race,mafaulda_overhang_outer_race_0g,,data/raw_mafaulda/full/overhang/outer_race/0g/30.1056.csv,overhang/outer_race,OuterRace,50000,5.0,250000,1806.336,added_mass_0g,"8ch(tacho;uh_ax,rad,tan;oh_ax,rad,tan;mic)",bearing_outer_race,added_mass_0g,overhang,https://www02.smt.ufrj.br/~offshore/mfs/page_01.html,documented,rotation 30.1056 Hz from filename
MAFAULDA,mafaulda_overhang_outer_race_0g_31.744,mafaulda_overhang_outer_race_0g,mafaulda_defective_outer_race,mafaulda_overhang_outer_race_0g,,data/raw_mafaulda/full/overhang/outer_race/0g/31.744.csv,overhang/outer_race,OuterRace,50000,5.0,250000,1904.6399999999999,added_mass_0g,"8ch(tacho;uh_ax,rad,tan;oh_ax,rad,tan;mic)",bearing_outer_race,added_mass_0g,overhang,https://www02.smt.ufrj.br/~offshore/mfs/page_01.html,documented,rotation 31.744 Hz from filename
MAFAULDA,mafaulda_overhang_outer_race_0g_32.3584,mafaulda_overhang_outer_race_0g,mafaulda_defective_outer_race,mafaulda_overhang_outer_race_0g,,data/raw_mafaulda/full/overhang/outer_race/0g/32.3584.csv,overhang/outer_race,OuterRace,50000,5.0,250000,1941.5040000000001,added_mass_0g,"8ch(tacho;uh_ax,rad,tan;oh_ax,rad,tan;mic)",bearing_outer_race,added_mass_0g,overhang,https://www02.smt.ufrj.br/~offshore/mfs/page_01.html,documented,rotation 32.3584 Hz from filename
MAFAULDA,mafaulda_overhang_outer_race_0g_33.1776,mafaulda_overhang_outer_race_0g,mafaulda_defective_outer_race,mafaulda_overhang_outer_race_0g,,data/raw_mafaulda/full/overhang/outer_race/0g/33.1776.csv,overhang/outer_race,OuterRace,50000,5.0,250000,1990.656,added_mass_0g,"8ch(tacho;uh_ax,rad,tan;oh_ax,rad,tan;mic)",bearing_outer_race,added_mass_0g,overhang,https://www02.smt.ufrj.br/~offshore/mfs/page_01.html,documented,rotation 33.1776 Hz from filename
MAFAULDA,mafaulda_overhang_outer_race_0g_34.4064,mafaulda_overhang_outer_race_0g,mafaulda_defective_outer_race,mafaulda_overhang_outer_race_0g,,data/raw_mafaulda/full/overhang/outer_race/0g/34.4064.csv,overhang/outer_race,OuterRace,50000,5.0,250000,2064.384,added_mass_0g,"8ch(tacho;uh_ax,rad,tan;oh_ax,rad,tan;mic)",bearing_outer_race,added_mass_0g,overhang,https://www02.smt.ufrj.br/~offshore/mfs/page_01.html,documented,rotation 34.4064 Hz from filename
MAFAULDA,mafaulda_overhang_outer_race_0g_35.4304,mafaulda_overhang_outer_race_0g,mafaulda_defective_outer_race,mafaulda_overhang_outer_race_0g,,data/raw_mafaulda/full/overhang/outer_race/0g/35.4304.csv,overhang/outer_race,OuterRace,50000,5.0,250000,2125.824,added_mass_0g,"8ch(tacho;uh_ax,rad,tan;oh_ax,rad,tan;mic)",bearing_outer_race,added_mass_0g,overhang,https://www02.smt.ufrj.br/~offshore/mfs/page_01.html,documented,rotation 35.4304 Hz from filename
MAFAULDA,mafaulda_overhang_outer_race_0g_36.0448,mafaulda_overhang_outer_race_0g,mafaulda_defective_outer_race,mafaulda_overhang_outer_race_0g,,data/raw_mafaulda/full/overhang/outer_race/0g/36.0448.csv,overhang/outer_race,OuterRace,50000,5.0,250000,2162.688,added_mass_0g,"8ch(tacho;uh_ax,rad,tan;oh_ax,rad,tan;mic)",bearing_outer_race,added_mass_0g,overhang,https://www02.smt.ufrj.br/~offshore/mfs/page_01.html,documented,rotation 36.0448 Hz from filename
MAFAULDA,mafaulda_overhang_outer_race_0g_37.2736,mafaulda_overhang_outer_race_0g,mafaulda_defective_outer_race,mafaulda_overhang_outer_race_0g,,data/raw_mafaulda/full/overhang/outer_race/0g/37.2736.csv,overhang/outer_race,OuterRace,50000,5.0,250000,2236.416,added_mass_0g,"8ch(tacho;uh_ax,rad,tan;oh_ax,rad,tan;mic)",bearing_outer_race,added_mass_0g,overhang,https://www02.smt.ufrj.br/~offshore/mfs/page_01.html,documented,rotation 37.2736 Hz from filename
MAFAULDA,mafaulda_overhang_outer_race_0g_38.0928,mafaulda_overhang_outer_race_0g,mafaulda_defective_outer_race,mafaulda_overhang_outer_race_0g,,data/raw_mafaulda/full/overhang/outer_race/0g/38.0928.csv,overhang/outer_race,OuterRace,50000,5.0,250000,2285.5679999999998,added_mass_0g,"8ch(tacho;uh_ax,rad,tan;oh_ax,rad,tan;mic)",bearing_outer_race,added_mass_0g,overhang,https://www02.smt.ufrj.br/~offshore/mfs/page_01.html,documented,rotation 38.0928 Hz from filename
MAFAULDA,mafaulda_overhang_outer_race_0g_39.1168,mafaulda_overhang_outer_race_0g,mafaulda_defective_outer_race,mafaulda_overhang_outer_race_0g,,data/raw_mafaulda/full/overhang/outer_race/0g/39.1168.csv,overhang/outer_race,OuterRace,50000,5.0,250000,2347.008,added_mass_0g,"8ch(tacho;uh_ax,rad,tan;oh_ax,rad,tan;mic)",bearing_outer_race,added_mass_0g,overhang,https://www02.smt.ufrj.br/~offshore/mfs/page_01.html,documented,rotation 39.1168 Hz from filename
MAFAULDA,mafaulda_overhang_outer_race_0g_40.5504,mafaulda_overhang_outer_race_0g,mafaulda_defective_outer_race,mafaulda_overhang_outer_race_0g,,data/raw_mafaulda/full/overhang/outer_race/0g/40.5504.csv,overhang/outer_race,OuterRace,50000,5.0,250000,2433.0240000000003,added_mass_0g,"8ch(tacho;uh_ax,rad,tan;oh_ax,rad,tan;mic)",bearing_outer_race,added_mass_0g,overhang,https://www02.smt.ufrj.br/~offshore/mfs/page_01.html,documented,rotation 40.5504 Hz from filename
MAFAULDA,mafaulda_overhang_outer_race_0g_41.3696,mafaulda_overhang_outer_race_0g,mafaulda_defective_outer_race,mafaulda_overhang_outer_race_0g,,data/raw_mafaulda/full/overhang/outer_race/0g/41.3696.csv,overhang/outer_race,OuterRace,50000,5.0,250000,2482.176,added_mass_0g,"8ch(tacho;uh_ax,rad,tan;oh_ax,rad,tan;mic)",bearing_outer_race,added_mass_0g,overhang,https://www02.smt.ufrj.br/~offshore/mfs/page_01.html,documented,rotation 41.3696 Hz from filename
MAFAULDA,mafaulda_overhang_outer_race_0g_42.1888,mafaulda_overhang_outer_race_0g,mafaulda_defective_outer_race,mafaulda_overhang_outer_race_0g,,data/raw_mafaulda/full/overhang/outer_race/0g/42.1888.csv,overhang/outer_race,OuterRace,50000,5.0,250000,2531.328,added_mass_0g,"8ch(tacho;uh_ax,rad,tan;oh_ax,rad,tan;mic)",bearing_outer_race,added_mass_0g,overhang,https://www02.smt.ufrj.br/~offshore/mfs/page_01.html,documented,rotation 42.1888 Hz from filename
MAFAULDA,mafaulda_overhang_outer_race_0g_43.008,mafaulda_overhang_outer_race_0g,mafaulda_defective_outer_race,mafaulda_overhang_outer_race_0g,,data/raw_mafaulda/full/overhang/outer_race/0g/43.008.csv,overhang/outer_race,OuterRace,50000,5.0,250000,2580.48,added_mass_0g,"8ch(tacho;uh_ax,rad,tan;oh_ax,rad,tan;mic)",bearing_outer_race,added_mass_0g,overhang,https://www02.smt.ufrj.br/~offshore/mfs/page_01.html,documented,rotation 43.008 Hz from filename
MAFAULDA,mafaulda_overhang_outer_race_0g_44.2368,mafaulda_overhang_outer_race_0g,mafaulda_defective_outer_race,mafaulda_overhang_outer_race_0g,,data/raw_mafaulda/full/overhang/outer_race/0g/44.2368.csv,overhang/outer_race,OuterRace,50000,5.0,250000,2654.208,added_mass_0g,"8ch(tacho;uh_ax,rad,tan;oh_ax,rad,tan;mic)",bearing_outer_race,added_mass_0g,overhang,https://www02.smt.ufrj.br/~offshore/mfs/page_01.html,documented,rotation 44.2368 Hz from filename
MAFAULDA,mafaulda_overhang_outer_race_0g_45.4656,mafaulda_overhang_outer_race_0g,mafaulda_defective_outer_race,mafaulda_overhang_outer_race_0g,,data/raw_mafaulda/full/overhang/outer_race/0g/45.4656.csv,overhang/outer_race,OuterRace,50000,5.0,250000,2727.936,added_mass_0g,"8ch(tacho;uh_ax,rad,tan;oh_ax,rad,tan;mic)",bearing_outer_race,added_mass_0g,overhang,https://www02.smt.ufrj.br/~offshore/mfs/page_01.html,documented,rotation 45.4656 Hz from filename
MAFAULDA,mafaulda_overhang_outer_race_0g_46.2848,mafaulda_overhang_outer_race_0g,mafaulda_defective_outer_race,mafaulda_overhang_outer_race_0g,,data/raw_mafaulda/full/overhang/outer_race/0g/46.2848.csv,overhang/outer_race,OuterRace,50000,5.0,250000,2777.0879999999997,added_mass_0g,"8ch(tacho;uh_ax,rad,tan;oh_ax,rad,tan;mic)",bearing_outer_race,added_mass_0g,overhang,https://www02.smt.ufrj.br/~offshore/mfs/page_01.html,documented,rotation 46.2848 Hz from filename
MAFAULDA,mafaulda_overhang_outer_race_0g_47.104,mafaulda_overhang_outer_race_0g,mafaulda_defective_outer_race,mafaulda_overhang_outer_race_0g,,data/raw_mafaulda/full/overhang/outer_race/0g/47.104.csv,overhang/outer_race,OuterRace,50000,5.0,250000,2826.24,added_mass_0g,"8ch(tacho;uh_ax,rad,tan;oh_ax,rad,tan;mic)",bearing_outer_race,added_mass_0g,overhang,https://www02.smt.ufrj.br/~offshore/mfs/page_01.html,documented,rotation 47.104 Hz from filename
MAFAULDA,mafaulda_overhang_outer_race_0g_48.5376,mafaulda_overhang_outer_race_0g,mafaulda_defective_outer_race,mafaulda_overhang_outer_race_0g,,data/raw_mafaulda/full/overhang/outer_race/0g/48.5376.csv,overhang/outer_race,OuterRace,50000,5.0,250000,2912.256,added_mass_0g,"8ch(tacho;uh_ax,rad,tan;oh_ax,rad,tan;mic)",bearing_outer_race,added_mass_0g,overhang,https://www02.smt.ufrj.br/~offshore/mfs/page_01.html,documented,rotation 48.5376 Hz from filename
MAFAULDA,mafaulda_overhang_outer_race_0g_49.3568,mafaulda_overhang_outer_race_0g,mafaulda_defective_outer_race,mafaulda_overhang_outer_race_0g,,data/raw_mafaulda/full/overhang/outer_race/0g/49.3568.csv,overhang/outer_race,OuterRace,50000,5.0,250000,2961.408,added_mass_0g,"8ch(tacho;uh_ax,rad,tan;oh_ax,rad,tan;mic)",bearing_outer_race,added_mass_0g,overhang,https://www02.smt.ufrj.br/~offshore/mfs/page_01.html,documented,rotation 49.3568 Hz from filename
MAFAULDA,mafaulda_overhang_outer_race_0g_50.176,mafaulda_overhang_outer_race_0g,mafaulda_defective_outer_race,mafaulda_overhang_outer_race_0g,,data/raw_mafaulda/full/overhang/outer_race/0g/50.176.csv,overhang/outer_race,OuterRace,50000,5.0,250000,3010.56,added_mass_0g,"8ch(tacho;uh_ax,rad,tan;oh_ax,rad,tan;mic)",bearing_outer_race,added_mass_0g,overhang,https://www02.smt.ufrj.br/~offshore/mfs/page_01.html,documented,rotation 50.176 Hz from filename
MAFAULDA,mafaulda_overhang_outer_race_0g_51.6096,mafaulda_overhang_outer_race_0g,mafaulda_defective_outer_race,mafaulda_overhang_outer_race_0g,,data/raw_mafaulda/full/overhang/outer_race/0g/51.6096.csv,overhang/outer_race,OuterRace,50000,5.0,250000,3096.576,added_mass_0g,"8ch(tacho;uh_ax,rad,tan;oh_ax,rad,tan;mic)",bearing_outer_race,added_mass_0g,overhang,https://www02.smt.ufrj.br/~offshore/mfs/page_01.html,documented,rotation 51.6096 Hz from filename
MAFAULDA,mafaulda_overhang_outer_race_0g_52.4288,mafaulda_overhang_outer_race_0g,mafaulda_defective_outer_race,mafaulda_overhang_outer_race_0g,,data/raw_mafaulda/full/overhang/outer_race/0g/52.4288.csv,overhang/outer_race,OuterRace,50000,5.0,250000,3145.728,added_mass_0g,"8ch(tacho;uh_ax,rad,tan;oh_ax,rad,tan;mic)",bearing_outer_race,added_mass_0g,overhang,https://www02.smt.ufrj.br/~offshore/mfs/page_01.html,documented,rotation 52.4288 Hz from filename
MAFAULDA,mafaulda_overhang_outer_race_0g_53.248,mafaulda_overhang_outer_race_0g,mafaulda_defective_outer_race,mafaulda_overhang_outer_race_0g,,data/raw_mafaulda/full/overhang/outer_race/0g/53.248.csv,overhang/outer_race,OuterRace,50000,5.0,250000,3194.8799999999997,added_mass_0g,"8ch(tacho;uh_ax,rad,tan;oh_ax,rad,tan;mic)",bearing_outer_race,added_mass_0g,overhang,https://www02.smt.ufrj.br/~offshore/mfs/page_01.html,documented,rotation 53.248 Hz from filename
MAFAULDA,mafaulda_overhang_outer_race_0g_54.6816,mafaulda_overhang_outer_race_0g,mafaulda_defective_outer_race,mafaulda_overhang_outer_race_0g,,data/raw_mafaulda/full/overhang/outer_race/0g/54.6816.csv,overhang/outer_race,OuterRace,50000,5.0,250000,3280.896,added_mass_0g,"8ch(tacho;uh_ax,rad,tan;oh_ax,rad,tan;mic)",bearing_outer_race,added_mass_0g,overhang,https://www02.smt.ufrj.br/~offshore/mfs/page_01.html,documented,rotation 54.6816 Hz from filename
MAFAULDA,mafaulda_overhang_outer_race_0g_55.5008,mafaulda_overhang_outer_race_0g,mafaulda_defective_outer_race,mafaulda_overhang_outer_race_0g,,data/raw_mafaulda/full/overhang/outer_race/0g/55.5008.csv,overhang/outer_race,OuterRace,50000,5.0,250000,3330.048,added_mass_0g,"8ch(tacho;uh_ax,rad,tan;oh_ax,rad,tan;mic)",bearing_outer_race,added_mass_0g,overhang,https://www02.smt.ufrj.br/~offshore/mfs/page_01.html,documented,rotation 55.5008 Hz from filename
MAFAULDA,mafaulda_overhang_outer_race_0g_56.5248,mafaulda_overhang_outer_race_0g,mafaulda_defective_outer_race,mafaulda_overhang_outer_race_0g,,data/raw_mafaulda/full/overhang/outer_race/0g/56.5248.csv,overhang/outer_race,OuterRace,50000,5.0,250000,3391.488,added_mass_0g,"8ch(tacho;uh_ax,rad,tan;oh_ax,rad,tan;mic)",bearing_outer_race,added_mass_0g,overhang,https://www02.smt.ufrj.br/~offshore/mfs/page_01.html,documented,rotation 56.5248 Hz from filename
MAFAULDA,mafaulda_overhang_outer_race_0g_57.7536,mafaulda_overhang_outer_race_0g,mafaulda_defective_outer_race,mafaulda_overhang_outer_race_0g,,data/raw_mafaulda/full/overhang/outer_race/0g/57.7536.csv,overhang/outer_race,OuterRace,50000,5.0,250000,3465.216,added_mass_0g,"8ch(tacho;uh_ax,rad,tan;oh_ax,rad,tan;mic)",bearing_outer_race,added_mass_0g,overhang,https://www02.smt.ufrj.br/~offshore/mfs/page_01.html,documented,rotation 57.7536 Hz from filename
MAFAULDA,mafaulda_overhang_outer_race_0g_58.7776,mafaulda_overhang_outer_race_0g,mafaulda_defective_outer_race,mafaulda_overhang_outer_race_0g,,data/raw_mafaulda/full/overhang/outer_race/0g/58.7776.csv,overhang/outer_race,OuterRace,50000,5.0,250000,3526.656,added_mass_0g,"8ch(tacho;uh_ax,rad,tan;oh_ax,rad,tan;mic)",bearing_outer_race,added_mass_0g,overhang,https://www02.smt.ufrj.br/~offshore/mfs/page_01.html,documented,rotation 58.7776 Hz from filename
MAFAULDA,mafaulda_overhang_outer_race_0g_59.5968,mafaulda_overhang_outer_race_0g,mafaulda_defective_outer_race,mafaulda_overhang_outer_race_0g,,data/raw_mafaulda/full/overhang/outer_race/0g/59.5968.csv,overhang/outer_race,OuterRace,50000,5.0,250000,3575.808,added_mass_0g,"8ch(tacho;uh_ax,rad,tan;oh_ax,rad,tan;mic)",bearing_outer_race,added_mass_0g,overhang,https://www02.smt.ufrj.br/~offshore/mfs/page_01.html,documented,rotation 59.5968 Hz from filename
MAFAULDA,mafaulda_overhang_outer_race_0g_60.6208,mafaulda_overhang_outer_race_0g,mafaulda_defective_outer_race,mafaulda_overhang_outer_race_0g,,data/raw_mafaulda/full/overhang/outer_race/0g/60.6208.csv,overhang/outer_race,OuterRace,50000,5.0,250000,3637.248,added_mass_0g,"8ch(tacho;uh_ax,rad,tan;oh_ax,rad,tan;mic)",bearing_outer_race,added_mass_0g,overhang,https://www02.smt.ufrj.br/~offshore/mfs/page_01.html,documented,rotation 60.6208 Hz from filename
MAFAULDA,mafaulda_overhang_outer_race_0g_61.6448,mafaulda_overhang_outer_race_0g,mafaulda_defective_outer_race,mafaulda_overhang_outer_race_0g,,data/raw_mafaulda/full/overhang/outer_race/0g/61.6448.csv,overhang/outer_race,OuterRace,50000,5.0,250000,3698.6879999999996,added_mass_0g,"8ch(tacho;uh_ax,rad,tan;oh_ax,rad,tan;mic)",bearing_outer_race,added_mass_0g,overhang,https://www02.smt.ufrj.br/~offshore/mfs/page_01.html,documented,rotation 61.6448 Hz from filename
MAFAULDA,mafaulda_overhang_outer_race_20g_13.5168,mafaulda_overhang_outer_race_20g,mafaulda_defective_outer_race,mafaulda_overhang_outer_race_20g,,data/raw_mafaulda/full/overhang/outer_race/20g/13.5168.csv,overhang/outer_race,OuterRace,50000,5.0,250000,811.008,added_mass_20g,"8ch(tacho;uh_ax,rad,tan;oh_ax,rad,tan;mic)",bearing_outer_race,added_mass_20g,overhang,https://www02.smt.ufrj.br/~offshore/mfs/page_01.html,documented,rotation 13.5168 Hz from filename
MAFAULDA,mafaulda_overhang_outer_race_20g_14.1312,mafaulda_overhang_outer_race_20g,mafaulda_defective_outer_race,mafaulda_overhang_outer_race_20g,,data/raw_mafaulda/full/overhang/outer_race/20g/14.1312.csv,overhang/outer_race,OuterRace,50000,5.0,250000,847.872,added_mass_20g,"8ch(tacho;uh_ax,rad,tan;oh_ax,rad,tan;mic)",bearing_outer_race,added_mass_20g,overhang,https://www02.smt.ufrj.br/~offshore/mfs/page_01.html,documented,rotation 14.1312 Hz from filename
MAFAULDA,mafaulda_overhang_outer_race_20g_15.7696,mafaulda_overhang_outer_race_20g,mafaulda_defective_outer_race,mafaulda_overhang_outer_race_20g,,data/raw_mafaulda/full/overhang/outer_race/20g/15.7696.csv,overhang/outer_race,OuterRace,50000,5.0,250000,946.176,added_mass_20g,"8ch(tacho;uh_ax,rad,tan;oh_ax,rad,tan;mic)",bearing_outer_race,added_mass_20g,overhang,https://www02.smt.ufrj.br/~offshore/mfs/page_01.html,documented,rotation 15.7696 Hz from filename
MAFAULDA,mafaulda_overhang_outer_race_20g_16.7936,mafaulda_overhang_outer_race_20g,mafaulda_defective_outer_race,mafaulda_overhang_outer_race_20g,,data/raw_mafaulda/full/overhang/outer_race/20g/16.7936.csv,overhang/outer_race,OuterRace,50000,5.0,250000,1007.6160000000001,added_mass_20g,"8ch(tacho;uh_ax,rad,tan;oh_ax,rad,tan;mic)",bearing_outer_race,added_mass_20g,overhang,https://www02.smt.ufrj.br/~offshore/mfs/page_01.html,documented,rotation 16.7936 Hz from filename
MAFAULDA,mafaulda_overhang_outer_race_20g_17.2032,mafaulda_overhang_outer_race_20g,mafaulda_defective_outer_race,mafaulda_overhang_outer_race_20g,,data/raw_mafaulda/full/overhang/outer_race/20g/17.2032.csv,overhang/outer_race,OuterRace,50000,5.0,250000,1032.192,added_mass_20g,"8ch(tacho;uh_ax,rad,tan;oh_ax,rad,tan;mic)",bearing_outer_race,added_mass_20g,overhang,https://www02.smt.ufrj.br/~offshore/mfs/page_01.html,documented,rotation 17.2032 Hz from filename
MAFAULDA,mafaulda_overhang_outer_race_20g_18.2272,mafaulda_overhang_outer_race_20g,mafaulda_defective_outer_race,mafaulda_overhang_outer_race_20g,,data/raw_mafaulda/full/overhang/outer_race/20g/18.2272.csv,overhang/outer_race,OuterRace,50000,5.0,250000,1093.632,added_mass_20g,"8ch(tacho;uh_ax,rad,tan;oh_ax,rad,tan;mic)",bearing_outer_race,added_mass_20g,overhang,https://www02.smt.ufrj.br/~offshore/mfs/page_01.html,documented,rotation 18.2272 Hz from filename
MAFAULDA,mafaulda_overhang_outer_race_20g_19.456,mafaulda_overhang_outer_race_20g,mafaulda_defective_outer_race,mafaulda_overhang_outer_race_20g,,data/raw_mafaulda/full/overhang/outer_race/20g/19.456.csv,overhang/outer_race,OuterRace,50000,5.0,250000,1167.36,added_mass_20g,"8ch(tacho;uh_ax,rad,tan;oh_ax,rad,tan;mic)",bearing_outer_race,added_mass_20g,overhang,https://www02.smt.ufrj.br/~offshore/mfs/page_01.html,documented,rotation 19.456 Hz from filename
MAFAULDA,mafaulda_overhang_outer_race_20g_20.2752,mafaulda_overhang_outer_race_20g,mafaulda_defective_outer_race,mafaulda_overhang_outer_race_20g,,data/raw_mafaulda/full/overhang/outer_race/20g/20.2752.csv,overhang/outer_race,OuterRace,50000,5.0,250000,1216.5120000000002,added_mass_20g,"8ch(tacho;uh_ax,rad,tan;oh_ax,rad,tan;mic)",bearing_outer_race,added_mass_20g,overhang,https://www02.smt.ufrj.br/~offshore/mfs/page_01.html,documented,rotation 20.2752 Hz from filename
MAFAULDA,mafaulda_overhang_outer_race_20g_21.2992,mafaulda_overhang_outer_race_20g,mafaulda_defective_outer_race,mafaulda_overhang_outer_race_20g,,data/raw_mafaulda/full/overhang/outer_race/20g/21.2992.csv,overhang/outer_race,OuterRace,50000,5.0,250000,1277.952,added_mass_20g,"8ch(tacho;uh_ax,rad,tan;oh_ax,rad,tan;mic)",bearing_outer_race,added_mass_20g,overhang,https://www02.smt.ufrj.br/~offshore/mfs/page_01.html,documented,rotation 21.2992 Hz from filename
MAFAULDA,mafaulda_overhang_outer_race_20g_22.9376,mafaulda_overhang_outer_race_20g,mafaulda_defective_outer_race,mafaulda_overhang_outer_race_20g,,data/raw_mafaulda/full/overhang/outer_race/20g/22.9376.csv,overhang/outer_race,OuterRace,50000,5.0,250000,1376.256,added_mass_20g,"8ch(tacho;uh_ax,rad,tan;oh_ax,rad,tan;mic)",bearing_outer_race,added_mass_20g,overhang,https://www02.smt.ufrj.br/~offshore/mfs/page_01.html,documented,rotation 22.9376 Hz from filename
MAFAULDA,mafaulda_overhang_outer_race_20g_23.552,mafaulda_overhang_outer_race_20g,mafaulda_defective_outer_race,mafaulda_overhang_outer_race_20g,,data/raw_mafaulda/full/overhang/outer_race/20g/23.552.csv,overhang/outer_race,OuterRace,50000,5.0,250000,1413.12,added_mass_20g,"8ch(tacho;uh_ax,rad,tan;oh_ax,rad,tan;mic)",bearing_outer_race,added_mass_20g,overhang,https://www02.smt.ufrj.br/~offshore/mfs/page_01.html,documented,rotation 23.552 Hz from filename
MAFAULDA,mafaulda_overhang_outer_race_20g_24.576,mafaulda_overhang_outer_race_20g,mafaulda_defective_outer_race,mafaulda_overhang_outer_race_20g,,data/raw_mafaulda/full/overhang/outer_race/20g/24.576.csv,overhang/outer_race,OuterRace,50000,5.0,250000,1474.56,added_mass_20g,"8ch(tacho;uh_ax,rad,tan;oh_ax,rad,tan;mic)",bearing_outer_race,added_mass_20g,overhang,https://www02.smt.ufrj.br/~offshore/mfs/page_01.html,documented,rotation 24.576 Hz from filename
MAFAULDA,mafaulda_overhang_outer_race_20g_25.3952,mafaulda_overhang_outer_race_20g,mafaulda_defective_outer_race,mafaulda_overhang_outer_race_20g,,data/raw_mafaulda/full/overhang/outer_race/20g/25.3952.csv,overhang/outer_race,OuterRace,50000,5.0,250000,1523.712,added_mass_20g,"8ch(tacho;uh_ax,rad,tan;oh_ax,rad,tan;mic)",bearing_outer_race,added_mass_20g,overhang,https://www02.smt.ufrj.br/~offshore/mfs/page_01.html,documented,rotation 25.3952 Hz from filename
MAFAULDA,mafaulda_overhang_outer_race_20g_26.624,mafaulda_overhang_outer_race_20g,mafaulda_defective_outer_race,mafaulda_overhang_outer_race_20g,,data/raw_mafaulda/full/overhang/outer_race/20g/26.624.csv,overhang/outer_race,OuterRace,50000,5.0,250000,1597.4399999999998,added_mass_20g,"8ch(tacho;uh_ax,rad,tan;oh_ax,rad,tan;mic)",bearing_outer_race,added_mass_20g,overhang,https://www02.smt.ufrj.br/~offshore/mfs/page_01.html,documented,rotation 26.624 Hz from filename
MAFAULDA,mafaulda_overhang_outer_race_20g_27.648,mafaulda_overhang_outer_race_20g,mafaulda_defective_outer_race,mafaulda_overhang_outer_race_20g,,data/raw_mafaulda/full/overhang/outer_race/20g/27.648.csv,overhang/outer_race,OuterRace,50000,5.0,250000,1658.8799999999999,added_mass_20g,"8ch(tacho;uh_ax,rad,tan;oh_ax,rad,tan;mic)",bearing_outer_race,added_mass_20g,overhang,https://www02.smt.ufrj.br/~offshore/mfs/page_01.html,documented,rotation 27.648 Hz from filename
MAFAULDA,mafaulda_overhang_outer_race_20g_27.8528,mafaulda_overhang_outer_race_20g,mafaulda_defective_outer_race,mafaulda_overhang_outer_race_20g,,data/raw_mafaulda/full/overhang/outer_race/20g/27.8528.csv,overhang/outer_race,OuterRace,50000,5.0,250000,1671.168,added_mass_20g,"8ch(tacho;uh_ax,rad,tan;oh_ax,rad,tan;mic)",bearing_outer_race,added_mass_20g,overhang,https://www02.smt.ufrj.br/~offshore/mfs/page_01.html,documented,rotation 27.8528 Hz from filename
MAFAULDA,mafaulda_overhang_outer_race_20g_29.4912,mafaulda_overhang_outer_race_20g,mafaulda_defective_outer_race,mafaulda_overhang_outer_race_20g,,data/raw_mafaulda/full/overhang/outer_race/20g/29.4912.csv,overhang/outer_race,OuterRace,50000,5.0,250000,1769.472,added_mass_20g,"8ch(tacho;uh_ax,rad,tan;oh_ax,rad,tan;mic)",bearing_outer_race,added_mass_20g,overhang,https://www02.smt.ufrj.br/~offshore/mfs/page_01.html,documented,rotation 29.4912 Hz from filename
MAFAULDA,mafaulda_overhang_outer_race_20g_30.5152,mafaulda_overhang_outer_race_20g,mafaulda_defective_outer_race,mafaulda_overhang_outer_race_20g,,data/raw_mafaulda/full/overhang/outer_race/20g/30.5152.csv,overhang/outer_race,OuterRace,50000,5.0,250000,1830.912,added_mass_20g,"8ch(tacho;uh_ax,rad,tan;oh_ax,rad,tan;mic)",bearing_outer_race,added_mass_20g,overhang,https://www02.smt.ufrj.br/~offshore/mfs/page_01.html,documented,rotation 30.5152 Hz from filename
MAFAULDA,mafaulda_overhang_outer_race_20g_31.1296,mafaulda_overhang_outer_race_20g,mafaulda_defective_outer_race,mafaulda_overhang_outer_race_20g,,data/raw_mafaulda/full/overhang/outer_race/20g/31.1296.csv,overhang/outer_race,OuterRace,50000,5.0,250000,1867.776,added_mass_20g,"8ch(tacho;uh_ax,rad,tan;oh_ax,rad,tan;mic)",bearing_outer_race,added_mass_20g,overhang,https://www02.smt.ufrj.br/~offshore/mfs/page_01.html,documented,rotation 31.1296 Hz from filename
MAFAULDA,mafaulda_overhang_outer_race_20g_31.9488,mafaulda_overhang_outer_race_20g,mafaulda_defective_outer_race,mafaulda_overhang_outer_race_20g,,data/raw_mafaulda/full/overhang/outer_race/20g/31.9488.csv,overhang/outer_race,OuterRace,50000,5.0,250000,1916.9279999999999,added_mass_20g,"8ch(tacho;uh_ax,rad,tan;oh_ax,rad,tan;mic)",bearing_outer_race,added_mass_20g,overhang,https://www02.smt.ufrj.br/~offshore/mfs/page_01.html,documented,rotation 31.9488 Hz from filename
MAFAULDA,mafaulda_overhang_outer_race_20g_32.9728,mafaulda_overhang_outer_race_20g,mafaulda_defective_outer_race,mafaulda_overhang_outer_race_20g,,data/raw_mafaulda/full/overhang/outer_race/20g/32.9728.csv,overhang/outer_race,OuterRace,50000,5.0,250000,1978.368,added_mass_20g,"8ch(tacho;uh_ax,rad,tan;oh_ax,rad,tan;mic)",bearing_outer_race,added_mass_20g,overhang,https://www02.smt.ufrj.br/~offshore/mfs/page_01.html,documented,rotation 32.9728 Hz from filename
MAFAULDA,mafaulda_overhang_outer_race_20g_34.4064,mafaulda_overhang_outer_race_20g,mafaulda_defective_outer_race,mafaulda_overhang_outer_race_20g,,data/raw_mafaulda/full/overhang/outer_race/20g/34.4064.csv,overhang/outer_race,OuterRace,50000,5.0,250000,2064.384,added_mass_20g,"8ch(tacho;uh_ax,rad,tan;oh_ax,rad,tan;mic)",bearing_outer_race,added_mass_20g,overhang,https://www02.smt.ufrj.br/~offshore/mfs/page_01.html,documented,rotation 34.4064 Hz from filename
MAFAULDA,mafaulda_overhang_outer_race_20g_35.2256,mafaulda_overhang_outer_race_20g,mafaulda_defective_outer_race,mafaulda_overhang_outer_race_20g,,data/raw_mafaulda/full/overhang/outer_race/20g/35.2256.csv,overhang/outer_race,OuterRace,50000,5.0,250000,2113.536,added_mass_20g,"8ch(tacho;uh_ax,rad,tan;oh_ax,rad,tan;mic)",bearing_outer_race,added_mass_20g,overhang,https://www02.smt.ufrj.br/~offshore/mfs/page_01.html,documented,rotation 35.2256 Hz from filename
MAFAULDA,mafaulda_overhang_outer_race_20g_36.864,mafaulda_overhang_outer_race_20g,mafaulda_defective_outer_race,mafaulda_overhang_outer_race_20g,,data/raw_mafaulda/full/overhang/outer_race/20g/36.864.csv,overhang/outer_race,OuterRace,50000,5.0,250000,2211.8399999999997,added_mass_20g,"8ch(tacho;uh_ax,rad,tan;oh_ax,rad,tan;mic)",bearing_outer_race,added_mass_20g,overhang,https://www02.smt.ufrj.br/~offshore/mfs/page_01.html,documented,rotation 36.864 Hz from filename
MAFAULDA,mafaulda_overhang_outer_race_20g_37.4784,mafaulda_overhang_outer_race_20g,mafaulda_defective_outer_race,mafaulda_overhang_outer_race_20g,,data/raw_mafaulda/full/overhang/outer_race/20g/37.4784.csv,overhang/outer_race,OuterRace,50000,5.0,250000,2248.704,added_mass_20g,"8ch(tacho;uh_ax,rad,tan;oh_ax,rad,tan;mic)",bearing_outer_race,added_mass_20g,overhang,https://www02.smt.ufrj.br/~offshore/mfs/page_01.html,documented,rotation 37.4784 Hz from filename
MAFAULDA,mafaulda_overhang_outer_race_20g_38.2976,mafaulda_overhang_outer_race_20g,mafaulda_defective_outer_race,mafaulda_overhang_outer_race_20g,,data/raw_mafaulda/full/overhang/outer_race/20g/38.2976.csv,overhang/outer_race,OuterRace,50000,5.0,250000,2297.856,added_mass_20g,"8ch(tacho;uh_ax,rad,tan;oh_ax,rad,tan;mic)",bearing_outer_race,added_mass_20g,overhang,https://www02.smt.ufrj.br/~offshore/mfs/page_01.html,documented,rotation 38.2976 Hz from filename
MAFAULDA,mafaulda_overhang_outer_race_20g_39.7312,mafaulda_overhang_outer_race_20g,mafaulda_defective_outer_race,mafaulda_overhang_outer_race_20g,,data/raw_mafaulda/full/overhang/outer_race/20g/39.7312.csv,overhang/outer_race,OuterRace,50000,5.0,250000,2383.8720000000003,added_mass_20g,"8ch(tacho;uh_ax,rad,tan;oh_ax,rad,tan;mic)",bearing_outer_race,added_mass_20g,overhang,https://www02.smt.ufrj.br/~offshore/mfs/page_01.html,documented,rotation 39.7312 Hz from filename
MAFAULDA,mafaulda_overhang_outer_race_20g_40.5504,mafaulda_overhang_outer_race_20g,mafaulda_defective_outer_race,mafaulda_overhang_outer_race_20g,,data/raw_mafaulda/full/overhang/outer_race/20g/40.5504.csv,overhang/outer_race,OuterRace,50000,5.0,250000,2433.0240000000003,added_mass_20g,"8ch(tacho;uh_ax,rad,tan;oh_ax,rad,tan;mic)",bearing_outer_race,added_mass_20g,overhang,https://www02.smt.ufrj.br/~offshore/mfs/page_01.html,documented,rotation 40.5504 Hz from filename
MAFAULDA,mafaulda_overhang_outer_race_20g_41.984,mafaulda_overhang_outer_race_20g,mafaulda_defective_outer_race,mafaulda_overhang_outer_race_20g,,data/raw_mafaulda/full/overhang/outer_race/20g/41.984.csv,overhang/outer_race,OuterRace,50000,5.0,250000,2519.04,added_mass_20g,"8ch(tacho;uh_ax,rad,tan;oh_ax,rad,tan;mic)",bearing_outer_race,added_mass_20g,overhang,https://www02.smt.ufrj.br/~offshore/mfs/page_01.html,documented,rotation 41.984 Hz from filename
MAFAULDA,mafaulda_overhang_outer_race_20g_42.3936,mafaulda_overhang_outer_race_20g,mafaulda_defective_outer_race,mafaulda_overhang_outer_race_20g,,data/raw_mafaulda/full/overhang/outer_race/20g/42.3936.csv,overhang/outer_race,OuterRace,50000,5.0,250000,2543.616,added_mass_20g,"8ch(tacho;uh_ax,rad,tan;oh_ax,rad,tan;mic)",bearing_outer_race,added_mass_20g,overhang,https://www02.smt.ufrj.br/~offshore/mfs/page_01.html,documented,rotation 42.3936 Hz from filename
MAFAULDA,mafaulda_overhang_outer_race_20g_43.6224,mafaulda_overhang_outer_race_20g,mafaulda_defective_outer_race,mafaulda_overhang_outer_race_20g,,data/raw_mafaulda/full/overhang/outer_race/20g/43.6224.csv,overhang/outer_race,OuterRace,50000,5.0,250000,2617.344,added_mass_20g,"8ch(tacho;uh_ax,rad,tan;oh_ax,rad,tan;mic)",bearing_outer_race,added_mass_20g,overhang,https://www02.smt.ufrj.br/~offshore/mfs/page_01.html,documented,rotation 43.6224 Hz from filename
MAFAULDA,mafaulda_overhang_outer_race_20g_44.6464,mafaulda_overhang_outer_race_20g,mafaulda_defective_outer_race,mafaulda_overhang_outer_race_20g,,data/raw_mafaulda/full/overhang/outer_race/20g/44.6464.csv,overhang/outer_race,OuterRace,50000,5.0,250000,2678.784,added_mass_20g,"8ch(tacho;uh_ax,rad,tan;oh_ax,rad,tan;mic)",bearing_outer_race,added_mass_20g,overhang,https://www02.smt.ufrj.br/~offshore/mfs/page_01.html,documented,rotation 44.6464 Hz from filename
MAFAULDA,mafaulda_overhang_outer_race_20g_45.4656,mafaulda_overhang_outer_race_20g,mafaulda_defective_outer_race,mafaulda_overhang_outer_race_20g,,data/raw_mafaulda/full/overhang/outer_race/20g/45.4656.csv,overhang/outer_race,OuterRace,50000,5.0,250000,2727.936,added_mass_20g,"8ch(tacho;uh_ax,rad,tan;oh_ax,rad,tan;mic)",bearing_outer_race,added_mass_20g,overhang,https://www02.smt.ufrj.br/~offshore/mfs/page_01.html,documented,rotation 45.4656 Hz from filename
MAFAULDA,mafaulda_overhang_outer_race_20g_46.2848,mafaulda_overhang_outer_race_20g,mafaulda_defective_outer_race,mafaulda_overhang_outer_race_20g,,data/raw_mafaulda/full/overhang/outer_race/20g/46.2848.csv,overhang/outer_race,OuterRace,50000,5.0,250000,2777.0879999999997,added_mass_20g,"8ch(tacho;uh_ax,rad,tan;oh_ax,rad,tan;mic)",bearing_outer_race,added_mass_20g,overhang,https://www02.smt.ufrj.br/~offshore/mfs/page_01.html,documented,rotation 46.2848 Hz from filename
MAFAULDA,mafaulda_overhang_outer_race_20g_47.7184,mafaulda_overhang_outer_race_20g,mafaulda_defective_outer_race,mafaulda_overhang_outer_race_20g,,data/raw_mafaulda/full/overhang/outer_race/20g/47.7184.csv,overhang/outer_race,OuterRace,50000,5.0,250000,2863.1040000000003,added_mass_20g,"8ch(tacho;uh_ax,rad,tan;oh_ax,rad,tan;mic)",bearing_outer_race,added_mass_20g,overhang,https://www02.smt.ufrj.br/~offshore/mfs/page_01.html,documented,rotation 47.7184 Hz from filename
MAFAULDA,mafaulda_overhang_outer_race_20g_48.128,mafaulda_overhang_outer_race_20g,mafaulda_defective_outer_race,mafaulda_overhang_outer_race_20g,,data/raw_mafaulda/full/overhang/outer_race/20g/48.128.csv,overhang/outer_race,OuterRace,50000,5.0,250000,2887.68,added_mass_20g,"8ch(tacho;uh_ax,rad,tan;oh_ax,rad,tan;mic)",bearing_outer_race,added_mass_20g,overhang,https://www02.smt.ufrj.br/~offshore/mfs/page_01.html,documented,rotation 48.128 Hz from filename
MAFAULDA,mafaulda_overhang_outer_race_20g_49.3568,mafaulda_overhang_outer_race_20g,mafaulda_defective_outer_race,mafaulda_overhang_outer_race_20g,,data/raw_mafaulda/full/overhang/outer_race/20g/49.3568.csv,overhang/outer_race,OuterRace,50000,5.0,250000,2961.408,added_mass_20g,"8ch(tacho;uh_ax,rad,tan;oh_ax,rad,tan;mic)",bearing_outer_race,added_mass_20g,overhang,https://www02.smt.ufrj.br/~offshore/mfs/page_01.html,documented,rotation 49.3568 Hz from filename
MAFAULDA,mafaulda_overhang_outer_race_20g_50.3808,mafaulda_overhang_outer_race_20g,mafaulda_defective_outer_race,mafaulda_overhang_outer_race_20g,,data/raw_mafaulda/full/overhang/outer_race/20g/50.3808.csv,overhang/outer_race,OuterRace,50000,5.0,250000,3022.848,added_mass_20g,"8ch(tacho;uh_ax,rad,tan;oh_ax,rad,tan;mic)",bearing_outer_race,added_mass_20g,overhang,https://www02.smt.ufrj.br/~offshore/mfs/page_01.html,documented,rotation 50.3808 Hz from filename
MAFAULDA,mafaulda_overhang_outer_race_20g_51.2,mafaulda_overhang_outer_race_20g,mafaulda_defective_outer_race,mafaulda_overhang_outer_race_20g,,data/raw_mafaulda/full/overhang/outer_race/20g/51.2.csv,overhang/outer_race,OuterRace,50000,5.0,250000,3072.0,added_mass_20g,"8ch(tacho;uh_ax,rad,tan;oh_ax,rad,tan;mic)",bearing_outer_race,added_mass_20g,overhang,https://www02.smt.ufrj.br/~offshore/mfs/page_01.html,documented,rotation 51.2 Hz from filename
MAFAULDA,mafaulda_overhang_outer_race_20g_52.4288,mafaulda_overhang_outer_race_20g,mafaulda_defective_outer_race,mafaulda_overhang_outer_race_20g,,data/raw_mafaulda/full/overhang/outer_race/20g/52.4288.csv,overhang/outer_race,OuterRace,50000,5.0,250000,3145.728,added_mass_20g,"8ch(tacho;uh_ax,rad,tan;oh_ax,rad,tan;mic)",bearing_outer_race,added_mass_20g,overhang,https://www02.smt.ufrj.br/~offshore/mfs/page_01.html,documented,rotation 52.4288 Hz from filename
MAFAULDA,mafaulda_overhang_outer_race_20g_53.4528,mafaulda_overhang_outer_race_20g,mafaulda_defective_outer_race,mafaulda_overhang_outer_race_20g,,data/raw_mafaulda/full/overhang/outer_race/20g/53.4528.csv,overhang/outer_race,OuterRace,50000,5.0,250000,3207.168,added_mass_20g,"8ch(tacho;uh_ax,rad,tan;oh_ax,rad,tan;mic)",bearing_outer_race,added_mass_20g,overhang,https://www02.smt.ufrj.br/~offshore/mfs/page_01.html,documented,rotation 53.4528 Hz from filename
MAFAULDA,mafaulda_overhang_outer_race_20g_54.6816,mafaulda_overhang_outer_race_20g,mafaulda_defective_outer_race,mafaulda_overhang_outer_race_20g,,data/raw_mafaulda/full/overhang/outer_race/20g/54.6816.csv,overhang/outer_race,OuterRace,50000,5.0,250000,3280.896,added_mass_20g,"8ch(tacho;uh_ax,rad,tan;oh_ax,rad,tan;mic)",bearing_outer_race,added_mass_20g,overhang,https://www02.smt.ufrj.br/~offshore/mfs/page_01.html,documented,rotation 54.6816 Hz from filename
MAFAULDA,mafaulda_overhang_outer_race_20g_55.296,mafaulda_overhang_outer_race_20g,mafaulda_defective_outer_race,mafaulda_overhang_outer_race_20g,,data/raw_mafaulda/full/overhang/outer_race/20g/55.296.csv,overhang/outer_race,OuterRace,50000,5.0,250000,3317.7599999999998,added_mass_20g,"8ch(tacho;uh_ax,rad,tan;oh_ax,rad,tan;mic)",bearing_outer_race,added_mass_20g,overhang,https://www02.smt.ufrj.br/~offshore/mfs/page_01.html,documented,rotation 55.296 Hz from filename
MAFAULDA,mafaulda_overhang_outer_race_20g_56.7296,mafaulda_overhang_outer_race_20g,mafaulda_defective_outer_race,mafaulda_overhang_outer_race_20g,,data/raw_mafaulda/full/overhang/outer_race/20g/56.7296.csv,overhang/outer_race,OuterRace,50000,5.0,250000,3403.776,added_mass_20g,"8ch(tacho;uh_ax,rad,tan;oh_ax,rad,tan;mic)",bearing_outer_race,added_mass_20g,overhang,https://www02.smt.ufrj.br/~offshore/mfs/page_01.html,documented,rotation 56.7296 Hz from filename
MAFAULDA,mafaulda_overhang_outer_race_20g_57.344,mafaulda_overhang_outer_race_20g,mafaulda_defective_outer_race,mafaulda_overhang_outer_race_20g,,data/raw_mafaulda/full/overhang/outer_race/20g/57.344.csv,overhang/outer_race,OuterRace,50000,5.0,250000,3440.64,added_mass_20g,"8ch(tacho;uh_ax,rad,tan;oh_ax,rad,tan;mic)",bearing_outer_race,added_mass_20g,overhang,https://www02.smt.ufrj.br/~offshore/mfs/page_01.html,documented,rotation 57.344 Hz from filename
MAFAULDA,mafaulda_overhang_outer_race_20g_58.1632,mafaulda_overhang_outer_race_20g,mafaulda_defective_outer_race,mafaulda_overhang_outer_race_20g,,data/raw_mafaulda/full/overhang/outer_race/20g/58.1632.csv,overhang/outer_race,OuterRace,50000,5.0,250000,3489.7920000000004,added_mass_20g,"8ch(tacho;uh_ax,rad,tan;oh_ax,rad,tan;mic)",bearing_outer_race,added_mass_20g,overhang,https://www02.smt.ufrj.br/~offshore/mfs/page_01.html,documented,rotation 58.1632 Hz from filename
MAFAULDA,mafaulda_overhang_outer_race_20g_59.1872,mafaulda_overhang_outer_race_20g,mafaulda_defective_outer_race,mafaulda_overhang_outer_race_20g,,data/raw_mafaulda/full/overhang/outer_race/20g/59.1872.csv,overhang/outer_race,OuterRace,50000,5.0,250000,3551.232,added_mass_20g,"8ch(tacho;uh_ax,rad,tan;oh_ax,rad,tan;mic)",bearing_outer_race,added_mass_20g,overhang,https://www02.smt.ufrj.br/~offshore/mfs/page_01.html,documented,rotation 59.1872 Hz from filename
MAFAULDA,mafaulda_overhang_outer_race_20g_60.416,mafaulda_overhang_outer_race_20g,mafaulda_defective_outer_race,mafaulda_overhang_outer_race_20g,,data/raw_mafaulda/full/overhang/outer_race/20g/60.416.csv,overhang/outer_race,OuterRace,50000,5.0,250000,3624.96,added_mass_20g,"8ch(tacho;uh_ax,rad,tan;oh_ax,rad,tan;mic)",bearing_outer_race,added_mass_20g,overhang,https://www02.smt.ufrj.br/~offshore/mfs/page_01.html,documented,rotation 60.416 Hz from filename
MAFAULDA,mafaulda_overhang_outer_race_20g_61.44,mafaulda_overhang_outer_race_20g,mafaulda_defective_outer_race,mafaulda_overhang_outer_race_20g,,data/raw_mafaulda/full/overhang/outer_race/20g/61.44.csv,overhang/outer_race,OuterRace,50000,5.0,250000,3686.3999999999996,added_mass_20g,"8ch(tacho;uh_ax,rad,tan;oh_ax,rad,tan;mic)",bearing_outer_race,added_mass_20g,overhang,https://www02.smt.ufrj.br/~offshore/mfs/page_01.html,documented,rotation 61.44 Hz from filename
MAFAULDA,mafaulda_overhang_outer_race_35g_13.7216,mafaulda_overhang_outer_race_35g,mafaulda_defective_outer_race,mafaulda_overhang_outer_race_35g,,data/raw_mafaulda/full/overhang/outer_race/35g/13.7216.csv,overhang/outer_race,OuterRace,50000,5.0,250000,823.296,added_mass_35g,"8ch(tacho;uh_ax,rad,tan;oh_ax,rad,tan;mic)",bearing_outer_race,added_mass_35g,overhang,https://www02.smt.ufrj.br/~offshore/mfs/page_01.html,documented,rotation 13.7216 Hz from filename
MAFAULDA,mafaulda_overhang_outer_race_35g_14.7456,mafaulda_overhang_outer_race_35g,mafaulda_defective_outer_race,mafaulda_overhang_outer_race_35g,,data/raw_mafaulda/full/overhang/outer_race/35g/14.7456.csv,overhang/outer_race,OuterRace,50000,5.0,250000,884.736,added_mass_35g,"8ch(tacho;uh_ax,rad,tan;oh_ax,rad,tan;mic)",bearing_outer_race,added_mass_35g,overhang,https://www02.smt.ufrj.br/~offshore/mfs/page_01.html,documented,rotation 14.7456 Hz from filename
MAFAULDA,mafaulda_overhang_outer_race_35g_15.7696,mafaulda_overhang_outer_race_35g,mafaulda_defective_outer_race,mafaulda_overhang_outer_race_35g,,data/raw_mafaulda/full/overhang/outer_race/35g/15.7696.csv,overhang/outer_race,OuterRace,50000,5.0,250000,946.176,added_mass_35g,"8ch(tacho;uh_ax,rad,tan;oh_ax,rad,tan;mic)",bearing_outer_race,added_mass_35g,overhang,https://www02.smt.ufrj.br/~offshore/mfs/page_01.html,documented,rotation 15.7696 Hz from filename
MAFAULDA,mafaulda_overhang_outer_race_35g_16.7936,mafaulda_overhang_outer_race_35g,mafaulda_defective_outer_race,mafaulda_overhang_outer_race_35g,,data/raw_mafaulda/full/overhang/outer_race/35g/16.7936.csv,overhang/outer_race,OuterRace,50000,5.0,250000,1007.6160000000001,added_mass_35g,"8ch(tacho;uh_ax,rad,tan;oh_ax,rad,tan;mic)",bearing_outer_race,added_mass_35g,overhang,https://www02.smt.ufrj.br/~offshore/mfs/page_01.html,documented,rotation 16.7936 Hz from filename
MAFAULDA,mafaulda_overhang_outer_race_35g_17.408,mafaulda_overhang_outer_race_35g,mafaulda_defective_outer_race,mafaulda_overhang_outer_race_35g,,data/raw_mafaulda/full/overhang/outer_race/35g/17.408.csv,overhang/outer_race,OuterRace,50000,5.0,250000,1044.48,added_mass_35g,"8ch(tacho;uh_ax,rad,tan;oh_ax,rad,tan;mic)",bearing_outer_race,added_mass_35g,overhang,https://www02.smt.ufrj.br/~offshore/mfs/page_01.html,documented,rotation 17.408 Hz from filename
MAFAULDA,mafaulda_overhang_outer_race_35g_18.432,mafaulda_overhang_outer_race_35g,mafaulda_defective_outer_race,mafaulda_overhang_outer_race_35g,,data/raw_mafaulda/full/overhang/outer_race/35g/18.432.csv,overhang/outer_race,OuterRace,50000,5.0,250000,1105.9199999999998,added_mass_35g,"8ch(tacho;uh_ax,rad,tan;oh_ax,rad,tan;mic)",bearing_outer_race,added_mass_35g,overhang,https://www02.smt.ufrj.br/~offshore/mfs/page_01.html,documented,rotation 18.432 Hz from filename
MAFAULDA,mafaulda_overhang_outer_race_35g_19.2512,mafaulda_overhang_outer_race_35g,mafaulda_defective_outer_race,mafaulda_overhang_outer_race_35g,,data/raw_mafaulda/full/overhang/outer_race/35g/19.2512.csv,overhang/outer_race,OuterRace,50000,5.0,250000,1155.0720000000001,added_mass_35g,"8ch(tacho;uh_ax,rad,tan;oh_ax,rad,tan;mic)",bearing_outer_race,added_mass_35g,overhang,https://www02.smt.ufrj.br/~offshore/mfs/page_01.html,documented,rotation 19.2512 Hz from filename
MAFAULDA,mafaulda_overhang_outer_race_35g_20.2752,mafaulda_overhang_outer_race_35g,mafaulda_defective_outer_race,mafaulda_overhang_outer_race_35g,,data/raw_mafaulda/full/overhang/outer_race/35g/20.2752.csv,overhang/outer_race,OuterRace,50000,5.0,250000,1216.5120000000002,added_mass_35g,"8ch(tacho;uh_ax,rad,tan;oh_ax,rad,tan;mic)",bearing_outer_race,added_mass_35g,overhang,https://www02.smt.ufrj.br/~offshore/mfs/page_01.html,documented,rotation 20.2752 Hz from filename
MAFAULDA,mafaulda_overhang_outer_race_35g_21.504,mafaulda_overhang_outer_race_35g,mafaulda_defective_outer_race,mafaulda_overhang_outer_race_35g,,data/raw_mafaulda/full/overhang/outer_race/35g/21.504.csv,overhang/outer_race,OuterRace,50000,5.0,250000,1290.24,added_mass_35g,"8ch(tacho;uh_ax,rad,tan;oh_ax,rad,tan;mic)",bearing_outer_race,added_mass_35g,overhang,https://www02.smt.ufrj.br/~offshore/mfs/page_01.html,documented,rotation 21.504 Hz from filename
MAFAULDA,mafaulda_overhang_outer_race_35g_22.528,mafaulda_overhang_outer_race_35g,mafaulda_defective_outer_race,mafaulda_overhang_outer_race_35g,,data/raw_mafaulda/full/overhang/outer_race/35g/22.528.csv,overhang/outer_race,OuterRace,50000,5.0,250000,1351.6799999999998,added_mass_35g,"8ch(tacho;uh_ax,rad,tan;oh_ax,rad,tan;mic)",bearing_outer_race,added_mass_35g,overhang,https://www02.smt.ufrj.br/~offshore/mfs/page_01.html,documented,rotation 22.528 Hz from filename
MAFAULDA,mafaulda_overhang_outer_race_35g_23.7568,mafaulda_overhang_outer_race_35g,mafaulda_defective_outer_race,mafaulda_overhang_outer_race_35g,,data/raw_mafaulda/full/overhang/outer_race/35g/23.7568.csv,overhang/outer_race,OuterRace,50000,5.0,250000,1425.408,added_mass_35g,"8ch(tacho;uh_ax,rad,tan;oh_ax,rad,tan;mic)",bearing_outer_race,added_mass_35g,overhang,https://www02.smt.ufrj.br/~offshore/mfs/page_01.html,documented,rotation 23.7568 Hz from filename
MAFAULDA,mafaulda_overhang_outer_race_35g_24.1664,mafaulda_overhang_outer_race_35g,mafaulda_defective_outer_race,mafaulda_overhang_outer_race_35g,,data/raw_mafaulda/full/overhang/outer_race/35g/24.1664.csv,overhang/outer_race,OuterRace,50000,5.0,250000,1449.984,added_mass_35g,"8ch(tacho;uh_ax,rad,tan;oh_ax,rad,tan;mic)",bearing_outer_race,added_mass_35g,overhang,https://www02.smt.ufrj.br/~offshore/mfs/page_01.html,documented,rotation 24.1664 Hz from filename
MAFAULDA,mafaulda_overhang_outer_race_35g_24.9856,mafaulda_overhang_outer_race_35g,mafaulda_defective_outer_race,mafaulda_overhang_outer_race_35g,,data/raw_mafaulda/full/overhang/outer_race/35g/24.9856.csv,overhang/outer_race,OuterRace,50000,5.0,250000,1499.1360000000002,added_mass_35g,"8ch(tacho;uh_ax,rad,tan;oh_ax,rad,tan;mic)",bearing_outer_race,added_mass_35g,overhang,https://www02.smt.ufrj.br/~offshore/mfs/page_01.html,documented,rotation 24.9856 Hz from filename
MAFAULDA,mafaulda_overhang_outer_race_35g_26.8288,mafaulda_overhang_outer_race_35g,mafaulda_defective_outer_race,mafaulda_overhang_outer_race_35g,,data/raw_mafaulda/full/overhang/outer_race/35g/26.8288.csv,overhang/outer_race,OuterRace,50000,5.0,250000,1609.728,added_mass_35g,"8ch(tacho;uh_ax,rad,tan;oh_ax,rad,tan;mic)",bearing_outer_race,added_mass_35g,overhang,https://www02.smt.ufrj.br/~offshore/mfs/page_01.html,documented,rotation 26.8288 Hz from filename
MAFAULDA,mafaulda_overhang_outer_race_35g_27.8528,mafaulda_overhang_outer_race_35g,mafaulda_defective_outer_race,mafaulda_overhang_outer_race_35g,,data/raw_mafaulda/full/overhang/outer_race/35g/27.8528.csv,overhang/outer_race,OuterRace,50000,5.0,250000,1671.168,added_mass_35g,"8ch(tacho;uh_ax,rad,tan;oh_ax,rad,tan;mic)",bearing_outer_race,added_mass_35g,overhang,https://www02.smt.ufrj.br/~offshore/mfs/page_01.html,documented,rotation 27.8528 Hz from filename
MAFAULDA,mafaulda_overhang_outer_race_35g_28.672,mafaulda_overhang_outer_race_35g,mafaulda_defective_outer_race,mafaulda_overhang_outer_race_35g,,data/raw_mafaulda/full/overhang/outer_race/35g/28.672.csv,overhang/outer_race,OuterRace,50000,5.0,250000,1720.32,added_mass_35g,"8ch(tacho;uh_ax,rad,tan;oh_ax,rad,tan;mic)",bearing_outer_race,added_mass_35g,overhang,https://www02.smt.ufrj.br/~offshore/mfs/page_01.html,documented,rotation 28.672 Hz from filename
MAFAULDA,mafaulda_overhang_outer_race_35g_29.4912,mafaulda_overhang_outer_race_35g,mafaulda_defective_outer_race,mafaulda_overhang_outer_race_35g,,data/raw_mafaulda/full/overhang/outer_race/35g/29.4912.csv,overhang/outer_race,OuterRace,50000,5.0,250000,1769.472,added_mass_35g,"8ch(tacho;uh_ax,rad,tan;oh_ax,rad,tan;mic)",bearing_outer_race,added_mass_35g,overhang,https://www02.smt.ufrj.br/~offshore/mfs/page_01.html,documented,rotation 29.4912 Hz from filename
MAFAULDA,mafaulda_overhang_outer_race_35g_29.9008,mafaulda_overhang_outer_race_35g,mafaulda_defective_outer_race,mafaulda_overhang_outer_race_35g,,data/raw_mafaulda/full/overhang/outer_race/35g/29.9008.csv,overhang/outer_race,OuterRace,50000,5.0,250000,1794.048,added_mass_35g,"8ch(tacho;uh_ax,rad,tan;oh_ax,rad,tan;mic)",bearing_outer_race,added_mass_35g,overhang,https://www02.smt.ufrj.br/~offshore/mfs/page_01.html,documented,rotation 29.9008 Hz from filename
MAFAULDA,mafaulda_overhang_outer_race_35g_31.1296,mafaulda_overhang_outer_race_35g,mafaulda_defective_outer_race,mafaulda_overhang_outer_race_35g,,data/raw_mafaulda/full/overhang/outer_race/35g/31.1296.csv,overhang/outer_race,OuterRace,50000,5.0,250000,1867.776,added_mass_35g,"8ch(tacho;uh_ax,rad,tan;oh_ax,rad,tan;mic)",bearing_outer_race,added_mass_35g,overhang,https://www02.smt.ufrj.br/~offshore/mfs/page_01.html,documented,rotation 31.1296 Hz from filename
MAFAULDA,mafaulda_overhang_outer_race_35g_32.3584,mafaulda_overhang_outer_race_35g,mafaulda_defective_outer_race,mafaulda_overhang_outer_race_35g,,data/raw_mafaulda/full/overhang/outer_race/35g/32.3584.csv,overhang/outer_race,OuterRace,50000,5.0,250000,1941.5040000000001,added_mass_35g,"8ch(tacho;uh_ax,rad,tan;oh_ax,rad,tan;mic)",bearing_outer_race,added_mass_35g,overhang,https://www02.smt.ufrj.br/~offshore/mfs/page_01.html,documented,rotation 32.3584 Hz from filename
MAFAULDA,mafaulda_overhang_outer_race_35g_32.9728,mafaulda_overhang_outer_race_35g,mafaulda_defective_outer_race,mafaulda_overhang_outer_race_35g,,data/raw_mafaulda/full/overhang/outer_race/35g/32.9728.csv,overhang/outer_race,OuterRace,50000,5.0,250000,1978.368,added_mass_35g,"8ch(tacho;uh_ax,rad,tan;oh_ax,rad,tan;mic)",bearing_outer_race,added_mass_35g,overhang,https://www02.smt.ufrj.br/~offshore/mfs/page_01.html,documented,rotation 32.9728 Hz from filename
MAFAULDA,mafaulda_overhang_outer_race_35g_34.4064,mafaulda_overhang_outer_race_35g,mafaulda_defective_outer_race,mafaulda_overhang_outer_race_35g,,data/raw_mafaulda/full/overhang/outer_race/35g/34.4064.csv,overhang/outer_race,OuterRace,50000,5.0,250000,2064.384,added_mass_35g,"8ch(tacho;uh_ax,rad,tan;oh_ax,rad,tan;mic)",bearing_outer_race,added_mass_35g,overhang,https://www02.smt.ufrj.br/~offshore/mfs/page_01.html,documented,rotation 34.4064 Hz from filename
MAFAULDA,mafaulda_overhang_outer_race_35g_35.2256,mafaulda_overhang_outer_race_35g,mafaulda_defective_outer_race,mafaulda_overhang_outer_race_35g,,data/raw_mafaulda/full/overhang/outer_race/35g/35.2256.csv,overhang/outer_race,OuterRace,50000,5.0,250000,2113.536,added_mass_35g,"8ch(tacho;uh_ax,rad,tan;oh_ax,rad,tan;mic)",bearing_outer_race,added_mass_35g,overhang,https://www02.smt.ufrj.br/~offshore/mfs/page_01.html,documented,rotation 35.2256 Hz from filename
MAFAULDA,mafaulda_overhang_outer_race_35g_36.2496,mafaulda_overhang_outer_race_35g,mafaulda_defective_outer_race,mafaulda_overhang_outer_race_35g,,data/raw_mafaulda/full/overhang/outer_race/35g/36.2496.csv,overhang/outer_race,OuterRace,50000,5.0,250000,2174.976,added_mass_35g,"8ch(tacho;uh_ax,rad,tan;oh_ax,rad,tan;mic)",bearing_outer_race,added_mass_35g,overhang,https://www02.smt.ufrj.br/~offshore/mfs/page_01.html,documented,rotation 36.2496 Hz from filename
MAFAULDA,mafaulda_overhang_outer_race_35g_37.6832,mafaulda_overhang_outer_race_35g,mafaulda_defective_outer_race,mafaulda_overhang_outer_race_35g,,data/raw_mafaulda/full/overhang/outer_race/35g/37.6832.csv,overhang/outer_race,OuterRace,50000,5.0,250000,2260.992,added_mass_35g,"8ch(tacho;uh_ax,rad,tan;oh_ax,rad,tan;mic)",bearing_outer_race,added_mass_35g,overhang,https://www02.smt.ufrj.br/~offshore/mfs/page_01.html,documented,rotation 37.6832 Hz from filename
MAFAULDA,mafaulda_overhang_outer_race_35g_38.7072,mafaulda_overhang_outer_race_35g,mafaulda_defective_outer_race,mafaulda_overhang_outer_race_35g,,data/raw_mafaulda/full/overhang/outer_race/35g/38.7072.csv,overhang/outer_race,OuterRace,50000,5.0,250000,2322.432,added_mass_35g,"8ch(tacho;uh_ax,rad,tan;oh_ax,rad,tan;mic)",bearing_outer_race,added_mass_35g,overhang,https://www02.smt.ufrj.br/~offshore/mfs/page_01.html,documented,rotation 38.7072 Hz from filename
MAFAULDA,mafaulda_overhang_outer_race_35g_39.3216,mafaulda_overhang_outer_race_35g,mafaulda_defective_outer_race,mafaulda_overhang_outer_race_35g,,data/raw_mafaulda/full/overhang/outer_race/35g/39.3216.csv,overhang/outer_race,OuterRace,50000,5.0,250000,2359.296,added_mass_35g,"8ch(tacho;uh_ax,rad,tan;oh_ax,rad,tan;mic)",bearing_outer_race,added_mass_35g,overhang,https://www02.smt.ufrj.br/~offshore/mfs/page_01.html,documented,rotation 39.3216 Hz from filename
MAFAULDA,mafaulda_overhang_outer_race_35g_40.1408,mafaulda_overhang_outer_race_35g,mafaulda_defective_outer_race,mafaulda_overhang_outer_race_35g,,data/raw_mafaulda/full/overhang/outer_race/35g/40.1408.csv,overhang/outer_race,OuterRace,50000,5.0,250000,2408.448,added_mass_35g,"8ch(tacho;uh_ax,rad,tan;oh_ax,rad,tan;mic)",bearing_outer_race,added_mass_35g,overhang,https://www02.smt.ufrj.br/~offshore/mfs/page_01.html,documented,rotation 40.1408 Hz from filename
MAFAULDA,mafaulda_overhang_outer_race_35g_41.3696,mafaulda_overhang_outer_race_35g,mafaulda_defective_outer_race,mafaulda_overhang_outer_race_35g,,data/raw_mafaulda/full/overhang/outer_race/35g/41.3696.csv,overhang/outer_race,OuterRace,50000,5.0,250000,2482.176,added_mass_35g,"8ch(tacho;uh_ax,rad,tan;oh_ax,rad,tan;mic)",bearing_outer_race,added_mass_35g,overhang,https://www02.smt.ufrj.br/~offshore/mfs/page_01.html,documented,rotation 41.3696 Hz from filename
MAFAULDA,mafaulda_overhang_outer_race_35g_42.5984,mafaulda_overhang_outer_race_35g,mafaulda_defective_outer_race,mafaulda_overhang_outer_race_35g,,data/raw_mafaulda/full/overhang/outer_race/35g/42.5984.csv,overhang/outer_race,OuterRace,50000,5.0,250000,2555.904,added_mass_35g,"8ch(tacho;uh_ax,rad,tan;oh_ax,rad,tan;mic)",bearing_outer_race,added_mass_35g,overhang,https://www02.smt.ufrj.br/~offshore/mfs/page_01.html,documented,rotation 42.5984 Hz from filename
MAFAULDA,mafaulda_overhang_outer_race_35g_43.2128,mafaulda_overhang_outer_race_35g,mafaulda_defective_outer_race,mafaulda_overhang_outer_race_35g,,data/raw_mafaulda/full/overhang/outer_race/35g/43.2128.csv,overhang/outer_race,OuterRace,50000,5.0,250000,2592.768,added_mass_35g,"8ch(tacho;uh_ax,rad,tan;oh_ax,rad,tan;mic)",bearing_outer_race,added_mass_35g,overhang,https://www02.smt.ufrj.br/~offshore/mfs/page_01.html,documented,rotation 43.2128 Hz from filename
MAFAULDA,mafaulda_overhang_outer_race_35g_44.6464,mafaulda_overhang_outer_race_35g,mafaulda_defective_outer_race,mafaulda_overhang_outer_race_35g,,data/raw_mafaulda/full/overhang/outer_race/35g/44.6464.csv,overhang/outer_race,OuterRace,50000,5.0,250000,2678.784,added_mass_35g,"8ch(tacho;uh_ax,rad,tan;oh_ax,rad,tan;mic)",bearing_outer_race,added_mass_35g,overhang,https://www02.smt.ufrj.br/~offshore/mfs/page_01.html,documented,rotation 44.6464 Hz from filename
MAFAULDA,mafaulda_overhang_outer_race_35g_45.4656,mafaulda_overhang_outer_race_35g,mafaulda_defective_outer_race,mafaulda_overhang_outer_race_35g,,data/raw_mafaulda/full/overhang/outer_race/35g/45.4656.csv,overhang/outer_race,OuterRace,50000,5.0,250000,2727.936,added_mass_35g,"8ch(tacho;uh_ax,rad,tan;oh_ax,rad,tan;mic)",bearing_outer_race,added_mass_35g,overhang,https://www02.smt.ufrj.br/~offshore/mfs/page_01.html,documented,rotation 45.4656 Hz from filename
MAFAULDA,mafaulda_overhang_outer_race_35g_46.08,mafaulda_overhang_outer_race_35g,mafaulda_defective_outer_race,mafaulda_overhang_outer_race_35g,,data/raw_mafaulda/full/overhang/outer_race/35g/46.08.csv,overhang/outer_race,OuterRace,50000,5.0,250000,2764.7999999999997,added_mass_35g,"8ch(tacho;uh_ax,rad,tan;oh_ax,rad,tan;mic)",bearing_outer_race,added_mass_35g,overhang,https://www02.smt.ufrj.br/~offshore/mfs/page_01.html,documented,rotation 46.08 Hz from filename
MAFAULDA,mafaulda_overhang_outer_race_35g_47.104,mafaulda_overhang_outer_race_35g,mafaulda_defective_outer_race,mafaulda_overhang_outer_race_35g,,data/raw_mafaulda/full/overhang/outer_race/35g/47.104.csv,overhang/outer_race,OuterRace,50000,5.0,250000,2826.24,added_mass_35g,"8ch(tacho;uh_ax,rad,tan;oh_ax,rad,tan;mic)",bearing_outer_race,added_mass_35g,overhang,https://www02.smt.ufrj.br/~offshore/mfs/page_01.html,documented,rotation 47.104 Hz from filename
MAFAULDA,mafaulda_overhang_outer_race_35g_48.9472,mafaulda_overhang_outer_race_35g,mafaulda_defective_outer_race,mafaulda_overhang_outer_race_35g,,data/raw_mafaulda/full/overhang/outer_race/35g/48.9472.csv,overhang/outer_race,OuterRace,50000,5.0,250000,2936.8320000000003,added_mass_35g,"8ch(tacho;uh_ax,rad,tan;oh_ax,rad,tan;mic)",bearing_outer_race,added_mass_35g,overhang,https://www02.smt.ufrj.br/~offshore/mfs/page_01.html,documented,rotation 48.9472 Hz from filename
MAFAULDA,mafaulda_overhang_outer_race_35g_49.5616,mafaulda_overhang_outer_race_35g,mafaulda_defective_outer_race,mafaulda_overhang_outer_race_35g,,data/raw_mafaulda/full/overhang/outer_race/35g/49.5616.csv,overhang/outer_race,OuterRace,50000,5.0,250000,2973.696,added_mass_35g,"8ch(tacho;uh_ax,rad,tan;oh_ax,rad,tan;mic)",bearing_outer_race,added_mass_35g,overhang,https://www02.smt.ufrj.br/~offshore/mfs/page_01.html,documented,rotation 49.5616 Hz from filename
MAFAULDA,mafaulda_overhang_outer_race_35g_50.5856,mafaulda_overhang_outer_race_35g,mafaulda_defective_outer_race,mafaulda_overhang_outer_race_35g,,data/raw_mafaulda/full/overhang/outer_race/35g/50.5856.csv,overhang/outer_race,OuterRace,50000,5.0,250000,3035.136,added_mass_35g,"8ch(tacho;uh_ax,rad,tan;oh_ax,rad,tan;mic)",bearing_outer_race,added_mass_35g,overhang,https://www02.smt.ufrj.br/~offshore/mfs/page_01.html,documented,rotation 50.5856 Hz from filename
MAFAULDA,mafaulda_overhang_outer_race_35g_51.4048,mafaulda_overhang_outer_race_35g,mafaulda_defective_outer_race,mafaulda_overhang_outer_race_35g,,data/raw_mafaulda/full/overhang/outer_race/35g/51.4048.csv,overhang/outer_race,OuterRace,50000,5.0,250000,3084.288,added_mass_35g,"8ch(tacho;uh_ax,rad,tan;oh_ax,rad,tan;mic)",bearing_outer_race,added_mass_35g,overhang,https://www02.smt.ufrj.br/~offshore/mfs/page_01.html,documented,rotation 51.4048 Hz from filename
MAFAULDA,mafaulda_overhang_outer_race_35g_52.4288,mafaulda_overhang_outer_race_35g,mafaulda_defective_outer_race,mafaulda_overhang_outer_race_35g,,data/raw_mafaulda/full/overhang/outer_race/35g/52.4288.csv,overhang/outer_race,OuterRace,50000,5.0,250000,3145.728,added_mass_35g,"8ch(tacho;uh_ax,rad,tan;oh_ax,rad,tan;mic)",bearing_outer_race,added_mass_35g,overhang,https://www02.smt.ufrj.br/~offshore/mfs/page_01.html,documented,rotation 52.4288 Hz from filename
MAFAULDA,mafaulda_overhang_outer_race_35g_53.4528,mafaulda_overhang_outer_race_35g,mafaulda_defective_outer_race,mafaulda_overhang_outer_race_35g,,data/raw_mafaulda/full/overhang/outer_race/35g/53.4528.csv,overhang/outer_race,OuterRace,50000,5.0,250000,3207.168,added_mass_35g,"8ch(tacho;uh_ax,rad,tan;oh_ax,rad,tan;mic)",bearing_outer_race,added_mass_35g,overhang,https://www02.smt.ufrj.br/~offshore/mfs/page_01.html,documented,rotation 53.4528 Hz from filename
MAFAULDA,mafaulda_overhang_outer_race_6g_12.9024,mafaulda_overhang_outer_race_6g,mafaulda_defective_outer_race,mafaulda_overhang_outer_race_6g,,data/raw_mafaulda/full/overhang/outer_race/6g/12.9024.csv,overhang/outer_race,OuterRace,50000,5.0,250000,774.144,added_mass_6g,"8ch(tacho;uh_ax,rad,tan;oh_ax,rad,tan;mic)",bearing_outer_race,added_mass_6g,overhang,https://www02.smt.ufrj.br/~offshore/mfs/page_01.html,documented,rotation 12.9024 Hz from filename
MAFAULDA,mafaulda_overhang_outer_race_6g_13.9264,mafaulda_overhang_outer_race_6g,mafaulda_defective_outer_race,mafaulda_overhang_outer_race_6g,,data/raw_mafaulda/full/overhang/outer_race/6g/13.9264.csv,overhang/outer_race,OuterRace,50000,5.0,250000,835.584,added_mass_6g,"8ch(tacho;uh_ax,rad,tan;oh_ax,rad,tan;mic)",bearing_outer_race,added_mass_6g,overhang,https://www02.smt.ufrj.br/~offshore/mfs/page_01.html,documented,rotation 13.9264 Hz from filename
MAFAULDA,mafaulda_overhang_outer_race_6g_15.5648,mafaulda_overhang_outer_race_6g,mafaulda_defective_outer_race,mafaulda_overhang_outer_race_6g,,data/raw_mafaulda/full/overhang/outer_race/6g/15.5648.csv,overhang/outer_race,OuterRace,50000,5.0,250000,933.888,added_mass_6g,"8ch(tacho;uh_ax,rad,tan;oh_ax,rad,tan;mic)",bearing_outer_race,added_mass_6g,overhang,https://www02.smt.ufrj.br/~offshore/mfs/page_01.html,documented,rotation 15.5648 Hz from filename
MAFAULDA,mafaulda_overhang_outer_race_6g_16.5888,mafaulda_overhang_outer_race_6g,mafaulda_defective_outer_race,mafaulda_overhang_outer_race_6g,,data/raw_mafaulda/full/overhang/outer_race/6g/16.5888.csv,overhang/outer_race,OuterRace,50000,5.0,250000,995.328,added_mass_6g,"8ch(tacho;uh_ax,rad,tan;oh_ax,rad,tan;mic)",bearing_outer_race,added_mass_6g,overhang,https://www02.smt.ufrj.br/~offshore/mfs/page_01.html,documented,rotation 16.5888 Hz from filename
MAFAULDA,mafaulda_overhang_outer_race_6g_17.6128,mafaulda_overhang_outer_race_6g,mafaulda_defective_outer_race,mafaulda_overhang_outer_race_6g,,data/raw_mafaulda/full/overhang/outer_race/6g/17.6128.csv,overhang/outer_race,OuterRace,50000,5.0,250000,1056.768,added_mass_6g,"8ch(tacho;uh_ax,rad,tan;oh_ax,rad,tan;mic)",bearing_outer_race,added_mass_6g,overhang,https://www02.smt.ufrj.br/~offshore/mfs/page_01.html,documented,rotation 17.6128 Hz from filename
MAFAULDA,mafaulda_overhang_outer_race_6g_18.2272,mafaulda_overhang_outer_race_6g,mafaulda_defective_outer_race,mafaulda_overhang_outer_race_6g,,data/raw_mafaulda/full/overhang/outer_race/6g/18.2272.csv,overhang/outer_race,OuterRace,50000,5.0,250000,1093.632,added_mass_6g,"8ch(tacho;uh_ax,rad,tan;oh_ax,rad,tan;mic)",bearing_outer_race,added_mass_6g,overhang,https://www02.smt.ufrj.br/~offshore/mfs/page_01.html,documented,rotation 18.2272 Hz from filename
MAFAULDA,mafaulda_overhang_outer_race_6g_19.2512,mafaulda_overhang_outer_race_6g,mafaulda_defective_outer_race,mafaulda_overhang_outer_race_6g,,data/raw_mafaulda/full/overhang/outer_race/6g/19.2512.csv,overhang/outer_race,OuterRace,50000,5.0,250000,1155.0720000000001,added_mass_6g,"8ch(tacho;uh_ax,rad,tan;oh_ax,rad,tan;mic)",bearing_outer_race,added_mass_6g,overhang,https://www02.smt.ufrj.br/~offshore/mfs/page_01.html,documented,rotation 19.2512 Hz from filename
MAFAULDA,mafaulda_overhang_outer_race_6g_20.2752,mafaulda_overhang_outer_race_6g,mafaulda_defective_outer_race,mafaulda_overhang_outer_race_6g,,data/raw_mafaulda/full/overhang/outer_race/6g/20.2752.csv,overhang/outer_race,OuterRace,50000,5.0,250000,1216.5120000000002,added_mass_6g,"8ch(tacho;uh_ax,rad,tan;oh_ax,rad,tan;mic)",bearing_outer_race,added_mass_6g,overhang,https://www02.smt.ufrj.br/~offshore/mfs/page_01.html,documented,rotation 20.2752 Hz from filename
MAFAULDA,mafaulda_overhang_outer_race_6g_21.2992,mafaulda_overhang_outer_race_6g,mafaulda_defective_outer_race,mafaulda_overhang_outer_race_6g,,data/raw_mafaulda/full/overhang/outer_race/6g/21.2992.csv,overhang/outer_race,OuterRace,50000,5.0,250000,1277.952,added_mass_6g,"8ch(tacho;uh_ax,rad,tan;oh_ax,rad,tan;mic)",bearing_outer_race,added_mass_6g,overhang,https://www02.smt.ufrj.br/~offshore/mfs/page_01.html,documented,rotation 21.2992 Hz from filename
MAFAULDA,mafaulda_overhang_outer_race_6g_22.528,mafaulda_overhang_outer_race_6g,mafaulda_defective_outer_race,mafaulda_overhang_outer_race_6g,,data/raw_mafaulda/full/overhang/outer_race/6g/22.528.csv,overhang/outer_race,OuterRace,50000,5.0,250000,1351.6799999999998,added_mass_6g,"8ch(tacho;uh_ax,rad,tan;oh_ax,rad,tan;mic)",bearing_outer_race,added_mass_6g,overhang,https://www02.smt.ufrj.br/~offshore/mfs/page_01.html,documented,rotation 22.528 Hz from filename
MAFAULDA,mafaulda_overhang_outer_race_6g_23.7568,mafaulda_overhang_outer_race_6g,mafaulda_defective_outer_race,mafaulda_overhang_outer_race_6g,,data/raw_mafaulda/full/overhang/outer_race/6g/23.7568.csv,overhang/outer_race,OuterRace,50000,5.0,250000,1425.408,added_mass_6g,"8ch(tacho;uh_ax,rad,tan;oh_ax,rad,tan;mic)",bearing_outer_race,added_mass_6g,overhang,https://www02.smt.ufrj.br/~offshore/mfs/page_01.html,documented,rotation 23.7568 Hz from filename
MAFAULDA,mafaulda_overhang_outer_race_6g_24.1664,mafaulda_overhang_outer_race_6g,mafaulda_defective_outer_race,mafaulda_overhang_outer_race_6g,,data/raw_mafaulda/full/overhang/outer_race/6g/24.1664.csv,overhang/outer_race,OuterRace,50000,5.0,250000,1449.984,added_mass_6g,"8ch(tacho;uh_ax,rad,tan;oh_ax,rad,tan;mic)",bearing_outer_race,added_mass_6g,overhang,https://www02.smt.ufrj.br/~offshore/mfs/page_01.html,documented,rotation 24.1664 Hz from filename
MAFAULDA,mafaulda_overhang_outer_race_6g_25.8048,mafaulda_overhang_outer_race_6g,mafaulda_defective_outer_race,mafaulda_overhang_outer_race_6g,,data/raw_mafaulda/full/overhang/outer_race/6g/25.8048.csv,overhang/outer_race,OuterRace,50000,5.0,250000,1548.288,added_mass_6g,"8ch(tacho;uh_ax,rad,tan;oh_ax,rad,tan;mic)",bearing_outer_race,added_mass_6g,overhang,https://www02.smt.ufrj.br/~offshore/mfs/page_01.html,documented,rotation 25.8048 Hz from filename
MAFAULDA,mafaulda_overhang_outer_race_6g_26.624,mafaulda_overhang_outer_race_6g,mafaulda_defective_outer_race,mafaulda_overhang_outer_race_6g,,data/raw_mafaulda/full/overhang/outer_race/6g/26.624.csv,overhang/outer_race,OuterRace,50000,5.0,250000,1597.4399999999998,added_mass_6g,"8ch(tacho;uh_ax,rad,tan;oh_ax,rad,tan;mic)",bearing_outer_race,added_mass_6g,overhang,https://www02.smt.ufrj.br/~offshore/mfs/page_01.html,documented,rotation 26.624 Hz from filename
MAFAULDA,mafaulda_overhang_outer_race_6g_27.4432,mafaulda_overhang_outer_race_6g,mafaulda_defective_outer_race,mafaulda_overhang_outer_race_6g,,data/raw_mafaulda/full/overhang/outer_race/6g/27.4432.csv,overhang/outer_race,OuterRace,50000,5.0,250000,1646.592,added_mass_6g,"8ch(tacho;uh_ax,rad,tan;oh_ax,rad,tan;mic)",bearing_outer_race,added_mass_6g,overhang,https://www02.smt.ufrj.br/~offshore/mfs/page_01.html,documented,rotation 27.4432 Hz from filename
MAFAULDA,mafaulda_overhang_outer_race_6g_28.2624,mafaulda_overhang_outer_race_6g,mafaulda_defective_outer_race,mafaulda_overhang_outer_race_6g,,data/raw_mafaulda/full/overhang/outer_race/6g/28.2624.csv,overhang/outer_race,OuterRace,50000,5.0,250000,1695.744,added_mass_6g,"8ch(tacho;uh_ax,rad,tan;oh_ax,rad,tan;mic)",bearing_outer_race,added_mass_6g,overhang,https://www02.smt.ufrj.br/~offshore/mfs/page_01.html,documented,rotation 28.2624 Hz from filename
MAFAULDA,mafaulda_overhang_outer_race_6g_29.4912,mafaulda_overhang_outer_race_6g,mafaulda_defective_outer_race,mafaulda_overhang_outer_race_6g,,data/raw_mafaulda/full/overhang/outer_race/6g/29.4912.csv,overhang/outer_race,OuterRace,50000,5.0,250000,1769.472,added_mass_6g,"8ch(tacho;uh_ax,rad,tan;oh_ax,rad,tan;mic)",bearing_outer_race,added_mass_6g,overhang,https://www02.smt.ufrj.br/~offshore/mfs/page_01.html,documented,rotation 29.4912 Hz from filename
MAFAULDA,mafaulda_overhang_outer_race_6g_30.72,mafaulda_overhang_outer_race_6g,mafaulda_defective_outer_race,mafaulda_overhang_outer_race_6g,,data/raw_mafaulda/full/overhang/outer_race/6g/30.72.csv,overhang/outer_race,OuterRace,50000,5.0,250000,1843.1999999999998,added_mass_6g,"8ch(tacho;uh_ax,rad,tan;oh_ax,rad,tan;mic)",bearing_outer_race,added_mass_6g,overhang,https://www02.smt.ufrj.br/~offshore/mfs/page_01.html,documented,rotation 30.72 Hz from filename
MAFAULDA,mafaulda_overhang_outer_race_6g_31.744,mafaulda_overhang_outer_race_6g,mafaulda_defective_outer_race,mafaulda_overhang_outer_race_6g,,data/raw_mafaulda/full/overhang/outer_race/6g/31.744.csv,overhang/outer_race,OuterRace,50000,5.0,250000,1904.6399999999999,added_mass_6g,"8ch(tacho;uh_ax,rad,tan;oh_ax,rad,tan;mic)",bearing_outer_race,added_mass_6g,overhang,https://www02.smt.ufrj.br/~offshore/mfs/page_01.html,documented,rotation 31.744 Hz from filename
MAFAULDA,mafaulda_overhang_outer_race_6g_32.3584,mafaulda_overhang_outer_race_6g,mafaulda_defective_outer_race,mafaulda_overhang_outer_race_6g,,data/raw_mafaulda/full/overhang/outer_race/6g/32.3584.csv,overhang/outer_race,OuterRace,50000,5.0,250000,1941.5040000000001,added_mass_6g,"8ch(tacho;uh_ax,rad,tan;oh_ax,rad,tan;mic)",bearing_outer_race,added_mass_6g,overhang,https://www02.smt.ufrj.br/~offshore/mfs/page_01.html,documented,rotation 32.3584 Hz from filename
MAFAULDA,mafaulda_overhang_outer_race_6g_33.3824,mafaulda_overhang_outer_race_6g,mafaulda_defective_outer_race,mafaulda_overhang_outer_race_6g,,data/raw_mafaulda/full/overhang/outer_race/6g/33.3824.csv,overhang/outer_race,OuterRace,50000,5.0,250000,2002.9439999999997,added_mass_6g,"8ch(tacho;uh_ax,rad,tan;oh_ax,rad,tan;mic)",bearing_outer_race,added_mass_6g,overhang,https://www02.smt.ufrj.br/~offshore/mfs/page_01.html,documented,rotation 33.3824 Hz from filename
MAFAULDA,mafaulda_overhang_outer_race_6g_33.9968,mafaulda_overhang_outer_race_6g,mafaulda_defective_outer_race,mafaulda_overhang_outer_race_6g,,data/raw_mafaulda/full/overhang/outer_race/6g/33.9968.csv,overhang/outer_race,OuterRace,50000,5.0,250000,2039.808,added_mass_6g,"8ch(tacho;uh_ax,rad,tan;oh_ax,rad,tan;mic)",bearing_outer_race,added_mass_6g,overhang,https://www02.smt.ufrj.br/~offshore/mfs/page_01.html,documented,rotation 33.9968 Hz from filename
MAFAULDA,mafaulda_overhang_outer_race_6g_34.816,mafaulda_overhang_outer_race_6g,mafaulda_defective_outer_race,mafaulda_overhang_outer_race_6g,,data/raw_mafaulda/full/overhang/outer_race/6g/34.816.csv,overhang/outer_race,OuterRace,50000,5.0,250000,2088.96,added_mass_6g,"8ch(tacho;uh_ax,rad,tan;oh_ax,rad,tan;mic)",bearing_outer_race,added_mass_6g,overhang,https://www02.smt.ufrj.br/~offshore/mfs/page_01.html,documented,rotation 34.816 Hz from filename
MAFAULDA,mafaulda_overhang_outer_race_6g_36.4544,mafaulda_overhang_outer_race_6g,mafaulda_defective_outer_race,mafaulda_overhang_outer_race_6g,,data/raw_mafaulda/full/overhang/outer_race/6g/36.4544.csv,overhang/outer_race,OuterRace,50000,5.0,250000,2187.264,added_mass_6g,"8ch(tacho;uh_ax,rad,tan;oh_ax,rad,tan;mic)",bearing_outer_race,added_mass_6g,overhang,https://www02.smt.ufrj.br/~offshore/mfs/page_01.html,documented,rotation 36.4544 Hz from filename
MAFAULDA,mafaulda_overhang_outer_race_6g_37.6832,mafaulda_overhang_outer_race_6g,mafaulda_defective_outer_race,mafaulda_overhang_outer_race_6g,,data/raw_mafaulda/full/overhang/outer_race/6g/37.6832.csv,overhang/outer_race,OuterRace,50000,5.0,250000,2260.992,added_mass_6g,"8ch(tacho;uh_ax,rad,tan;oh_ax,rad,tan;mic)",bearing_outer_race,added_mass_6g,overhang,https://www02.smt.ufrj.br/~offshore/mfs/page_01.html,documented,rotation 37.6832 Hz from filename
MAFAULDA,mafaulda_overhang_outer_race_6g_38.2976,mafaulda_overhang_outer_race_6g,mafaulda_defective_outer_race,mafaulda_overhang_outer_race_6g,,data/raw_mafaulda/full/overhang/outer_race/6g/38.2976.csv,overhang/outer_race,OuterRace,50000,5.0,250000,2297.856,added_mass_6g,"8ch(tacho;uh_ax,rad,tan;oh_ax,rad,tan;mic)",bearing_outer_race,added_mass_6g,overhang,https://www02.smt.ufrj.br/~offshore/mfs/page_01.html,documented,rotation 38.2976 Hz from filename
MAFAULDA,mafaulda_overhang_outer_race_6g_39.5264,mafaulda_overhang_outer_race_6g,mafaulda_defective_outer_race,mafaulda_overhang_outer_race_6g,,data/raw_mafaulda/full/overhang/outer_race/6g/39.5264.csv,overhang/outer_race,OuterRace,50000,5.0,250000,2371.5840000000003,added_mass_6g,"8ch(tacho;uh_ax,rad,tan;oh_ax,rad,tan;mic)",bearing_outer_race,added_mass_6g,overhang,https://www02.smt.ufrj.br/~offshore/mfs/page_01.html,documented,rotation 39.5264 Hz from filename
MAFAULDA,mafaulda_overhang_outer_race_6g_40.5504,mafaulda_overhang_outer_race_6g,mafaulda_defective_outer_race,mafaulda_overhang_outer_race_6g,,data/raw_mafaulda/full/overhang/outer_race/6g/40.5504.csv,overhang/outer_race,OuterRace,50000,5.0,250000,2433.0240000000003,added_mass_6g,"8ch(tacho;uh_ax,rad,tan;oh_ax,rad,tan;mic)",bearing_outer_race,added_mass_6g,overhang,https://www02.smt.ufrj.br/~offshore/mfs/page_01.html,documented,rotation 40.5504 Hz from filename
MAFAULDA,mafaulda_overhang_outer_race_6g_41.1648,mafaulda_overhang_outer_race_6g,mafaulda_defective_outer_race,mafaulda_overhang_outer_race_6g,,data/raw_mafaulda/full/overhang/outer_race/6g/41.1648.csv,overhang/outer_race,OuterRace,50000,5.0,250000,2469.888,added_mass_6g,"8ch(tacho;uh_ax,rad,tan;oh_ax,rad,tan;mic)",bearing_outer_race,added_mass_6g,overhang,https://www02.smt.ufrj.br/~offshore/mfs/page_01.html,documented,rotation 41.1648 Hz from filename
MAFAULDA,mafaulda_overhang_outer_race_6g_42.3936,mafaulda_overhang_outer_race_6g,mafaulda_defective_outer_race,mafaulda_overhang_outer_race_6g,,data/raw_mafaulda/full/overhang/outer_race/6g/42.3936.csv,overhang/outer_race,OuterRace,50000,5.0,250000,2543.616,added_mass_6g,"8ch(tacho;uh_ax,rad,tan;oh_ax,rad,tan;mic)",bearing_outer_race,added_mass_6g,overhang,https://www02.smt.ufrj.br/~offshore/mfs/page_01.html,documented,rotation 42.3936 Hz from filename
MAFAULDA,mafaulda_overhang_outer_race_6g_43.6224,mafaulda_overhang_outer_race_6g,mafaulda_defective_outer_race,mafaulda_overhang_outer_race_6g,,data/raw_mafaulda/full/overhang/outer_race/6g/43.6224.csv,overhang/outer_race,OuterRace,50000,5.0,250000,2617.344,added_mass_6g,"8ch(tacho;uh_ax,rad,tan;oh_ax,rad,tan;mic)",bearing_outer_race,added_mass_6g,overhang,https://www02.smt.ufrj.br/~offshore/mfs/page_01.html,documented,rotation 43.6224 Hz from filename
MAFAULDA,mafaulda_overhang_outer_race_6g_44.032,mafaulda_overhang_outer_race_6g,mafaulda_defective_outer_race,mafaulda_overhang_outer_race_6g,,data/raw_mafaulda/full/overhang/outer_race/6g/44.032.csv,overhang/outer_race,OuterRace,50000,5.0,250000,2641.9199999999996,added_mass_6g,"8ch(tacho;uh_ax,rad,tan;oh_ax,rad,tan;mic)",bearing_outer_race,added_mass_6g,overhang,https://www02.smt.ufrj.br/~offshore/mfs/page_01.html,documented,rotation 44.032 Hz from filename
MAFAULDA,mafaulda_overhang_outer_race_6g_45.2608,mafaulda_overhang_outer_race_6g,mafaulda_defective_outer_race,mafaulda_overhang_outer_race_6g,,data/raw_mafaulda/full/overhang/outer_race/6g/45.2608.csv,overhang/outer_race,OuterRace,50000,5.0,250000,2715.648,added_mass_6g,"8ch(tacho;uh_ax,rad,tan;oh_ax,rad,tan;mic)",bearing_outer_race,added_mass_6g,overhang,https://www02.smt.ufrj.br/~offshore/mfs/page_01.html,documented,rotation 45.2608 Hz from filename
MAFAULDA,mafaulda_overhang_outer_race_6g_46.6944,mafaulda_overhang_outer_race_6g,mafaulda_defective_outer_race,mafaulda_overhang_outer_race_6g,,data/raw_mafaulda/full/overhang/outer_race/6g/46.6944.csv,overhang/outer_race,OuterRace,50000,5.0,250000,2801.664,added_mass_6g,"8ch(tacho;uh_ax,rad,tan;oh_ax,rad,tan;mic)",bearing_outer_race,added_mass_6g,overhang,https://www02.smt.ufrj.br/~offshore/mfs/page_01.html,documented,rotation 46.6944 Hz from filename
MAFAULDA,mafaulda_overhang_outer_race_6g_47.7184,mafaulda_overhang_outer_race_6g,mafaulda_defective_outer_race,mafaulda_overhang_outer_race_6g,,data/raw_mafaulda/full/overhang/outer_race/6g/47.7184.csv,overhang/outer_race,OuterRace,50000,5.0,250000,2863.1040000000003,added_mass_6g,"8ch(tacho;uh_ax,rad,tan;oh_ax,rad,tan;mic)",bearing_outer_race,added_mass_6g,overhang,https://www02.smt.ufrj.br/~offshore/mfs/page_01.html,documented,rotation 47.7184 Hz from filename
MAFAULDA,mafaulda_overhang_outer_race_6g_48.7424,mafaulda_overhang_outer_race_6g,mafaulda_defective_outer_race,mafaulda_overhang_outer_race_6g,,data/raw_mafaulda/full/overhang/outer_race/6g/48.7424.csv,overhang/outer_race,OuterRace,50000,5.0,250000,2924.5440000000003,added_mass_6g,"8ch(tacho;uh_ax,rad,tan;oh_ax,rad,tan;mic)",bearing_outer_race,added_mass_6g,overhang,https://www02.smt.ufrj.br/~offshore/mfs/page_01.html,documented,rotation 48.7424 Hz from filename
MAFAULDA,mafaulda_overhang_outer_race_6g_49.5616,mafaulda_overhang_outer_race_6g,mafaulda_defective_outer_race,mafaulda_overhang_outer_race_6g,,data/raw_mafaulda/full/overhang/outer_race/6g/49.5616.csv,overhang/outer_race,OuterRace,50000,5.0,250000,2973.696,added_mass_6g,"8ch(tacho;uh_ax,rad,tan;oh_ax,rad,tan;mic)",bearing_outer_race,added_mass_6g,overhang,https://www02.smt.ufrj.br/~offshore/mfs/page_01.html,documented,rotation 49.5616 Hz from filename
MAFAULDA,mafaulda_overhang_outer_race_6g_50.9952,mafaulda_overhang_outer_race_6g,mafaulda_defective_outer_race,mafaulda_overhang_outer_race_6g,,data/raw_mafaulda/full/overhang/outer_race/6g/50.9952.csv,overhang/outer_race,OuterRace,50000,5.0,250000,3059.712,added_mass_6g,"8ch(tacho;uh_ax,rad,tan;oh_ax,rad,tan;mic)",bearing_outer_race,added_mass_6g,overhang,https://www02.smt.ufrj.br/~offshore/mfs/page_01.html,documented,rotation 50.9952 Hz from filename
MAFAULDA,mafaulda_overhang_outer_race_6g_51.2,mafaulda_overhang_outer_race_6g,mafaulda_defective_outer_race,mafaulda_overhang_outer_race_6g,,data/raw_mafaulda/full/overhang/outer_race/6g/51.2.csv,overhang/outer_race,OuterRace,50000,5.0,250000,3072.0,added_mass_6g,"8ch(tacho;uh_ax,rad,tan;oh_ax,rad,tan;mic)",bearing_outer_race,added_mass_6g,overhang,https://www02.smt.ufrj.br/~offshore/mfs/page_01.html,documented,rotation 51.2 Hz from filename
MAFAULDA,mafaulda_overhang_outer_race_6g_52.6336,mafaulda_overhang_outer_race_6g,mafaulda_defective_outer_race,mafaulda_overhang_outer_race_6g,,data/raw_mafaulda/full/overhang/outer_race/6g/52.6336.csv,overhang/outer_race,OuterRace,50000,5.0,250000,3158.016,added_mass_6g,"8ch(tacho;uh_ax,rad,tan;oh_ax,rad,tan;mic)",bearing_outer_race,added_mass_6g,overhang,https://www02.smt.ufrj.br/~offshore/mfs/page_01.html,documented,rotation 52.6336 Hz from filename
MAFAULDA,mafaulda_overhang_outer_race_6g_53.4528,mafaulda_overhang_outer_race_6g,mafaulda_defective_outer_race,mafaulda_overhang_outer_race_6g,,data/raw_mafaulda/full/overhang/outer_race/6g/53.4528.csv,overhang/outer_race,OuterRace,50000,5.0,250000,3207.168,added_mass_6g,"8ch(tacho;uh_ax,rad,tan;oh_ax,rad,tan;mic)",bearing_outer_race,added_mass_6g,overhang,https://www02.smt.ufrj.br/~offshore/mfs/page_01.html,documented,rotation 53.4528 Hz from filename
MAFAULDA,mafaulda_overhang_outer_race_6g_54.272,mafaulda_overhang_outer_race_6g,mafaulda_defective_outer_race,mafaulda_overhang_outer_race_6g,,data/raw_mafaulda/full/overhang/outer_race/6g/54.272.csv,overhang/outer_race,OuterRace,50000,5.0,250000,3256.3199999999997,added_mass_6g,"8ch(tacho;uh_ax,rad,tan;oh_ax,rad,tan;mic)",bearing_outer_race,added_mass_6g,overhang,https://www02.smt.ufrj.br/~offshore/mfs/page_01.html,documented,rotation 54.272 Hz from filename
MAFAULDA,mafaulda_overhang_outer_race_6g_55.0912,mafaulda_overhang_outer_race_6g,mafaulda_defective_outer_race,mafaulda_overhang_outer_race_6g,,data/raw_mafaulda/full/overhang/outer_race/6g/55.0912.csv,overhang/outer_race,OuterRace,50000,5.0,250000,3305.472,added_mass_6g,"8ch(tacho;uh_ax,rad,tan;oh_ax,rad,tan;mic)",bearing_outer_race,added_mass_6g,overhang,https://www02.smt.ufrj.br/~offshore/mfs/page_01.html,documented,rotation 55.0912 Hz from filename
MAFAULDA,mafaulda_overhang_outer_race_6g_56.5248,mafaulda_overhang_outer_race_6g,mafaulda_defective_outer_race,mafaulda_overhang_outer_race_6g,,data/raw_mafaulda/full/overhang/outer_race/6g/56.5248.csv,overhang/outer_race,OuterRace,50000,5.0,250000,3391.488,added_mass_6g,"8ch(tacho;uh_ax,rad,tan;oh_ax,rad,tan;mic)",bearing_outer_race,added_mass_6g,overhang,https://www02.smt.ufrj.br/~offshore/mfs/page_01.html,documented,rotation 56.5248 Hz from filename
MAFAULDA,mafaulda_overhang_outer_race_6g_57.5488,mafaulda_overhang_outer_race_6g,mafaulda_defective_outer_race,mafaulda_overhang_outer_race_6g,,data/raw_mafaulda/full/overhang/outer_race/6g/57.5488.csv,overhang/outer_race,OuterRace,50000,5.0,250000,3452.928,added_mass_6g,"8ch(tacho;uh_ax,rad,tan;oh_ax,rad,tan;mic)",bearing_outer_race,added_mass_6g,overhang,https://www02.smt.ufrj.br/~offshore/mfs/page_01.html,documented,rotation 57.5488 Hz from filename
MAFAULDA,mafaulda_overhang_outer_race_6g_58.1632,mafaulda_overhang_outer_race_6g,mafaulda_defective_outer_race,mafaulda_overhang_outer_race_6g,,data/raw_mafaulda/full/overhang/outer_race/6g/58.1632.csv,overhang/outer_race,OuterRace,50000,5.0,250000,3489.7920000000004,added_mass_6g,"8ch(tacho;uh_ax,rad,tan;oh_ax,rad,tan;mic)",bearing_outer_race,added_mass_6g,overhang,https://www02.smt.ufrj.br/~offshore/mfs/page_01.html,documented,rotation 58.1632 Hz from filename
MAFAULDA,mafaulda_overhang_outer_race_6g_59.1872,mafaulda_overhang_outer_race_6g,mafaulda_defective_outer_race,mafaulda_overhang_outer_race_6g,,data/raw_mafaulda/full/overhang/outer_race/6g/59.1872.csv,overhang/outer_race,OuterRace,50000,5.0,250000,3551.232,added_mass_6g,"8ch(tacho;uh_ax,rad,tan;oh_ax,rad,tan;mic)",bearing_outer_race,added_mass_6g,overhang,https://www02.smt.ufrj.br/~offshore/mfs/page_01.html,documented,rotation 59.1872 Hz from filename
MAFAULDA,mafaulda_overhang_outer_race_6g_60.8256,mafaulda_overhang_outer_race_6g,mafaulda_defective_outer_race,mafaulda_overhang_outer_race_6g,,data/raw_mafaulda/full/overhang/outer_race/6g/60.8256.csv,overhang/outer_race,OuterRace,50000,5.0,250000,3649.536,added_mass_6g,"8ch(tacho;uh_ax,rad,tan;oh_ax,rad,tan;mic)",bearing_outer_race,added_mass_6g,overhang,https://www02.smt.ufrj.br/~offshore/mfs/page_01.html,documented,rotation 60.8256 Hz from filename
MAFAULDA,mafaulda_overhang_outer_race_6g_61.8496,mafaulda_overhang_outer_race_6g,mafaulda_defective_outer_race,mafaulda_overhang_outer_race_6g,,data/raw_mafaulda/full/overhang/outer_race/6g/61.8496.csv,overhang/outer_race,OuterRace,50000,5.0,250000,3710.976,added_mass_6g,"8ch(tacho;uh_ax,rad,tan;oh_ax,rad,tan;mic)",bearing_outer_race,added_mass_6g,overhang,https://www02.smt.ufrj.br/~offshore/mfs/page_01.html,documented,rotation 61.8496 Hz from filename
MAFAULDA,mafaulda_underhang_ball_fault_0g_13.1072,mafaulda_underhang_ball_fault_0g,mafaulda_defective_ball_fault,mafaulda_underhang_ball_fault_0g,,data/raw_mafaulda/full/underhang/ball_fault/0g/13.1072.csv,underhang/ball_fault,RollingElement,50000,5.0,250000,786.432,added_mass_0g,"8ch(tacho;uh_ax,rad,tan;oh_ax,rad,tan;mic)",bearing_ball_fault,added_mass_0g,underhang,https://www02.smt.ufrj.br/~offshore/mfs/page_01.html,documented,rotation 13.1072 Hz from filename
MAFAULDA,mafaulda_underhang_ball_fault_0g_13.9264,mafaulda_underhang_ball_fault_0g,mafaulda_defective_ball_fault,mafaulda_underhang_ball_fault_0g,,data/raw_mafaulda/full/underhang/ball_fault/0g/13.9264.csv,underhang/ball_fault,RollingElement,50000,5.0,250000,835.584,added_mass_0g,"8ch(tacho;uh_ax,rad,tan;oh_ax,rad,tan;mic)",bearing_ball_fault,added_mass_0g,underhang,https://www02.smt.ufrj.br/~offshore/mfs/page_01.html,documented,rotation 13.9264 Hz from filename
MAFAULDA,mafaulda_underhang_ball_fault_0g_15.1552,mafaulda_underhang_ball_fault_0g,mafaulda_defective_ball_fault,mafaulda_underhang_ball_fault_0g,,data/raw_mafaulda/full/underhang/ball_fault/0g/15.1552.csv,underhang/ball_fault,RollingElement,50000,5.0,250000,909.312,added_mass_0g,"8ch(tacho;uh_ax,rad,tan;oh_ax,rad,tan;mic)",bearing_ball_fault,added_mass_0g,underhang,https://www02.smt.ufrj.br/~offshore/mfs/page_01.html,documented,rotation 15.1552 Hz from filename
MAFAULDA,mafaulda_underhang_ball_fault_0g_16.1792,mafaulda_underhang_ball_fault_0g,mafaulda_defective_ball_fault,mafaulda_underhang_ball_fault_0g,,data/raw_mafaulda/full/underhang/ball_fault/0g/16.1792.csv,underhang/ball_fault,RollingElement,50000,5.0,250000,970.7520000000001,added_mass_0g,"8ch(tacho;uh_ax,rad,tan;oh_ax,rad,tan;mic)",bearing_ball_fault,added_mass_0g,underhang,https://www02.smt.ufrj.br/~offshore/mfs/page_01.html,documented,rotation 16.1792 Hz from filename
MAFAULDA,mafaulda_underhang_ball_fault_0g_16.9984,mafaulda_underhang_ball_fault_0g,mafaulda_defective_ball_fault,mafaulda_underhang_ball_fault_0g,,data/raw_mafaulda/full/underhang/ball_fault/0g/16.9984.csv,underhang/ball_fault,RollingElement,50000,5.0,250000,1019.904,added_mass_0g,"8ch(tacho;uh_ax,rad,tan;oh_ax,rad,tan;mic)",bearing_ball_fault,added_mass_0g,underhang,https://www02.smt.ufrj.br/~offshore/mfs/page_01.html,documented,rotation 16.9984 Hz from filename
MAFAULDA,mafaulda_underhang_ball_fault_0g_18.6368,mafaulda_underhang_ball_fault_0g,mafaulda_defective_ball_fault,mafaulda_underhang_ball_fault_0g,,data/raw_mafaulda/full/underhang/ball_fault/0g/18.6368.csv,underhang/ball_fault,RollingElement,50000,5.0,250000,1118.208,added_mass_0g,"8ch(tacho;uh_ax,rad,tan;oh_ax,rad,tan;mic)",bearing_ball_fault,added_mass_0g,underhang,https://www02.smt.ufrj.br/~offshore/mfs/page_01.html,documented,rotation 18.6368 Hz from filename
MAFAULDA,mafaulda_underhang_ball_fault_0g_19.456,mafaulda_underhang_ball_fault_0g,mafaulda_defective_ball_fault,mafaulda_underhang_ball_fault_0g,,data/raw_mafaulda/full/underhang/ball_fault/0g/19.456.csv,underhang/ball_fault,RollingElement,50000,5.0,250000,1167.36,added_mass_0g,"8ch(tacho;uh_ax,rad,tan;oh_ax,rad,tan;mic)",bearing_ball_fault,added_mass_0g,underhang,https://www02.smt.ufrj.br/~offshore/mfs/page_01.html,documented,rotation 19.456 Hz from filename
MAFAULDA,mafaulda_underhang_ball_fault_0g_20.0704,mafaulda_underhang_ball_fault_0g,mafaulda_defective_ball_fault,mafaulda_underhang_ball_fault_0g,,data/raw_mafaulda/full/underhang/ball_fault/0g/20.0704.csv,underhang/ball_fault,RollingElement,50000,5.0,250000,1204.224,added_mass_0g,"8ch(tacho;uh_ax,rad,tan;oh_ax,rad,tan;mic)",bearing_ball_fault,added_mass_0g,underhang,https://www02.smt.ufrj.br/~offshore/mfs/page_01.html,documented,rotation 20.0704 Hz from filename
MAFAULDA,mafaulda_underhang_ball_fault_0g_20.8896,mafaulda_underhang_ball_fault_0g,mafaulda_defective_ball_fault,mafaulda_underhang_ball_fault_0g,,data/raw_mafaulda/full/underhang/ball_fault/0g/20.8896.csv,underhang/ball_fault,RollingElement,50000,5.0,250000,1253.3760000000002,added_mass_0g,"8ch(tacho;uh_ax,rad,tan;oh_ax,rad,tan;mic)",bearing_ball_fault,added_mass_0g,underhang,https://www02.smt.ufrj.br/~offshore/mfs/page_01.html,documented,rotation 20.8896 Hz from filename
MAFAULDA,mafaulda_underhang_ball_fault_0g_22.7328,mafaulda_underhang_ball_fault_0g,mafaulda_defective_ball_fault,mafaulda_underhang_ball_fault_0g,,data/raw_mafaulda/full/underhang/ball_fault/0g/22.7328.csv,underhang/ball_fault,RollingElement,50000,5.0,250000,1363.968,added_mass_0g,"8ch(tacho;uh_ax,rad,tan;oh_ax,rad,tan;mic)",bearing_ball_fault,added_mass_0g,underhang,https://www02.smt.ufrj.br/~offshore/mfs/page_01.html,documented,rotation 22.7328 Hz from filename
MAFAULDA,mafaulda_underhang_ball_fault_0g_23.552,mafaulda_underhang_ball_fault_0g,mafaulda_defective_ball_fault,mafaulda_underhang_ball_fault_0g,,data/raw_mafaulda/full/underhang/ball_fault/0g/23.552.csv,underhang/ball_fault,RollingElement,50000,5.0,250000,1413.12,added_mass_0g,"8ch(tacho;uh_ax,rad,tan;oh_ax,rad,tan;mic)",bearing_ball_fault,added_mass_0g,underhang,https://www02.smt.ufrj.br/~offshore/mfs/page_01.html,documented,rotation 23.552 Hz from filename
MAFAULDA,mafaulda_underhang_ball_fault_0g_23.9616,mafaulda_underhang_ball_fault_0g,mafaulda_defective_ball_fault,mafaulda_underhang_ball_fault_0g,,data/raw_mafaulda/full/underhang/ball_fault/0g/23.9616.csv,underhang/ball_fault,RollingElement,50000,5.0,250000,1437.6960000000001,added_mass_0g,"8ch(tacho;uh_ax,rad,tan;oh_ax,rad,tan;mic)",bearing_ball_fault,added_mass_0g,underhang,https://www02.smt.ufrj.br/~offshore/mfs/page_01.html,documented,rotation 23.9616 Hz from filename
MAFAULDA,mafaulda_underhang_ball_fault_0g_24.1664,mafaulda_underhang_ball_fault_0g,mafaulda_defective_ball_fault,mafaulda_underhang_ball_fault_0g,,data/raw_mafaulda/full/underhang/ball_fault/0g/24.1664.csv,underhang/ball_fault,RollingElement,50000,5.0,250000,1449.984,added_mass_0g,"8ch(tacho;uh_ax,rad,tan;oh_ax,rad,tan;mic)",bearing_ball_fault,added_mass_0g,underhang,https://www02.smt.ufrj.br/~offshore/mfs/page_01.html,documented,rotation 24.1664 Hz from filename
MAFAULDA,mafaulda_underhang_ball_fault_0g_25.1904,mafaulda_underhang_ball_fault_0g,mafaulda_defective_ball_fault,mafaulda_underhang_ball_fault_0g,,data/raw_mafaulda/full/underhang/ball_fault/0g/25.1904.csv,underhang/ball_fault,RollingElement,50000,5.0,250000,1511.424,added_mass_0g,"8ch(tacho;uh_ax,rad,tan;oh_ax,rad,tan;mic)",bearing_ball_fault,added_mass_0g,underhang,https://www02.smt.ufrj.br/~offshore/mfs/page_01.html,documented,rotation 25.1904 Hz from filename
MAFAULDA,mafaulda_underhang_ball_fault_0g_26.624,mafaulda_underhang_ball_fault_0g,mafaulda_defective_ball_fault,mafaulda_underhang_ball_fault_0g,,data/raw_mafaulda/full/underhang/ball_fault/0g/26.624.csv,underhang/ball_fault,RollingElement,50000,5.0,250000,1597.4399999999998,added_mass_0g,"8ch(tacho;uh_ax,rad,tan;oh_ax,rad,tan;mic)",bearing_ball_fault,added_mass_0g,underhang,https://www02.smt.ufrj.br/~offshore/mfs/page_01.html,documented,rotation 26.624 Hz from filename
MAFAULDA,mafaulda_underhang_ball_fault_0g_27.0336,mafaulda_underhang_ball_fault_0g,mafaulda_defective_ball_fault,mafaulda_underhang_ball_fault_0g,,data/raw_mafaulda/full/underhang/ball_fault/0g/27.0336.csv,underhang/ball_fault,RollingElement,50000,5.0,250000,1622.016,added_mass_0g,"8ch(tacho;uh_ax,rad,tan;oh_ax,rad,tan;mic)",bearing_ball_fault,added_mass_0g,underhang,https://www02.smt.ufrj.br/~offshore/mfs/page_01.html,documented,rotation 27.0336 Hz from filename
MAFAULDA,mafaulda_underhang_ball_fault_0g_28.2624,mafaulda_underhang_ball_fault_0g,mafaulda_defective_ball_fault,mafaulda_underhang_ball_fault_0g,,data/raw_mafaulda/full/underhang/ball_fault/0g/28.2624.csv,underhang/ball_fault,RollingElement,50000,5.0,250000,1695.744,added_mass_0g,"8ch(tacho;uh_ax,rad,tan;oh_ax,rad,tan;mic)",bearing_ball_fault,added_mass_0g,underhang,https://www02.smt.ufrj.br/~offshore/mfs/page_01.html,documented,rotation 28.2624 Hz from filename
MAFAULDA,mafaulda_underhang_ball_fault_0g_29.4912,mafaulda_underhang_ball_fault_0g,mafaulda_defective_ball_fault,mafaulda_underhang_ball_fault_0g,,data/raw_mafaulda/full/underhang/ball_fault/0g/29.4912.csv,underhang/ball_fault,RollingElement,50000,5.0,250000,1769.472,added_mass_0g,"8ch(tacho;uh_ax,rad,tan;oh_ax,rad,tan;mic)",bearing_ball_fault,added_mass_0g,underhang,https://www02.smt.ufrj.br/~offshore/mfs/page_01.html,documented,rotation 29.4912 Hz from filename
MAFAULDA,mafaulda_underhang_ball_fault_0g_29.9008,mafaulda_underhang_ball_fault_0g,mafaulda_defective_ball_fault,mafaulda_underhang_ball_fault_0g,,data/raw_mafaulda/full/underhang/ball_fault/0g/29.9008.csv,underhang/ball_fault,RollingElement,50000,5.0,250000,1794.048,added_mass_0g,"8ch(tacho;uh_ax,rad,tan;oh_ax,rad,tan;mic)",bearing_ball_fault,added_mass_0g,underhang,https://www02.smt.ufrj.br/~offshore/mfs/page_01.html,documented,rotation 29.9008 Hz from filename
MAFAULDA,mafaulda_underhang_ball_fault_0g_31.1296,mafaulda_underhang_ball_fault_0g,mafaulda_defective_ball_fault,mafaulda_underhang_ball_fault_0g,,data/raw_mafaulda/full/underhang/ball_fault/0g/31.1296.csv,underhang/ball_fault,RollingElement,50000,5.0,250000,1867.776,added_mass_0g,"8ch(tacho;uh_ax,rad,tan;oh_ax,rad,tan;mic)",bearing_ball_fault,added_mass_0g,underhang,https://www02.smt.ufrj.br/~offshore/mfs/page_01.html,documented,rotation 31.1296 Hz from filename
MAFAULDA,mafaulda_underhang_ball_fault_0g_32.3584,mafaulda_underhang_ball_fault_0g,mafaulda_defective_ball_fault,mafaulda_underhang_ball_fault_0g,,data/raw_mafaulda/full/underhang/ball_fault/0g/32.3584.csv,underhang/ball_fault,RollingElement,50000,5.0,250000,1941.5040000000001,added_mass_0g,"8ch(tacho;uh_ax,rad,tan;oh_ax,rad,tan;mic)",bearing_ball_fault,added_mass_0g,underhang,https://www02.smt.ufrj.br/~offshore/mfs/page_01.html,documented,rotation 32.3584 Hz from filename
MAFAULDA,mafaulda_underhang_ball_fault_0g_33.5872,mafaulda_underhang_ball_fault_0g,mafaulda_defective_ball_fault,mafaulda_underhang_ball_fault_0g,,data/raw_mafaulda/full/underhang/ball_fault/0g/33.5872.csv,underhang/ball_fault,RollingElement,50000,5.0,250000,2015.2320000000002,added_mass_0g,"8ch(tacho;uh_ax,rad,tan;oh_ax,rad,tan;mic)",bearing_ball_fault,added_mass_0g,underhang,https://www02.smt.ufrj.br/~offshore/mfs/page_01.html,documented,rotation 33.5872 Hz from filename
MAFAULDA,mafaulda_underhang_ball_fault_0g_34.816,mafaulda_underhang_ball_fault_0g,mafaulda_defective_ball_fault,mafaulda_underhang_ball_fault_0g,,data/raw_mafaulda/full/underhang/ball_fault/0g/34.816.csv,underhang/ball_fault,RollingElement,50000,5.0,250000,2088.96,added_mass_0g,"8ch(tacho;uh_ax,rad,tan;oh_ax,rad,tan;mic)",bearing_ball_fault,added_mass_0g,underhang,https://www02.smt.ufrj.br/~offshore/mfs/page_01.html,documented,rotation 34.816 Hz from filename
MAFAULDA,mafaulda_underhang_ball_fault_0g_35.84,mafaulda_underhang_ball_fault_0g,mafaulda_defective_ball_fault,mafaulda_underhang_ball_fault_0g,,data/raw_mafaulda/full/underhang/ball_fault/0g/35.84.csv,underhang/ball_fault,RollingElement,50000,5.0,250000,2150.4,added_mass_0g,"8ch(tacho;uh_ax,rad,tan;oh_ax,rad,tan;mic)",bearing_ball_fault,added_mass_0g,underhang,https://www02.smt.ufrj.br/~offshore/mfs/page_01.html,documented,rotation 35.84 Hz from filename
MAFAULDA,mafaulda_underhang_ball_fault_0g_36.6592,mafaulda_underhang_ball_fault_0g,mafaulda_defective_ball_fault,mafaulda_underhang_ball_fault_0g,,data/raw_mafaulda/full/underhang/ball_fault/0g/36.6592.csv,underhang/ball_fault,RollingElement,50000,5.0,250000,2199.5519999999997,added_mass_0g,"8ch(tacho;uh_ax,rad,tan;oh_ax,rad,tan;mic)",bearing_ball_fault,added_mass_0g,underhang,https://www02.smt.ufrj.br/~offshore/mfs/page_01.html,documented,rotation 36.6592 Hz from filename
MAFAULDA,mafaulda_underhang_ball_fault_0g_37.6832,mafaulda_underhang_ball_fault_0g,mafaulda_defective_ball_fault,mafaulda_underhang_ball_fault_0g,,data/raw_mafaulda/full/underhang/ball_fault/0g/37.6832.csv,underhang/ball_fault,RollingElement,50000,5.0,250000,2260.992,added_mass_0g,"8ch(tacho;uh_ax,rad,tan;oh_ax,rad,tan;mic)",bearing_ball_fault,added_mass_0g,underhang,https://www02.smt.ufrj.br/~offshore/mfs/page_01.html,documented,rotation 37.6832 Hz from filename
MAFAULDA,mafaulda_underhang_ball_fault_0g_38.5024,mafaulda_underhang_ball_fault_0g,mafaulda_defective_ball_fault,mafaulda_underhang_ball_fault_0g,,data/raw_mafaulda/full/underhang/ball_fault/0g/38.5024.csv,underhang/ball_fault,RollingElement,50000,5.0,250000,2310.1440000000002,added_mass_0g,"8ch(tacho;uh_ax,rad,tan;oh_ax,rad,tan;mic)",bearing_ball_fault,added_mass_0g,underhang,https://www02.smt.ufrj.br/~offshore/mfs/page_01.html,documented,rotation 38.5024 Hz from filename
MAFAULDA,mafaulda_underhang_ball_fault_0g_39.3216,mafaulda_underhang_ball_fault_0g,mafaulda_defective_ball_fault,mafaulda_underhang_ball_fault_0g,,data/raw_mafaulda/full/underhang/ball_fault/0g/39.3216.csv,underhang/ball_fault,RollingElement,50000,5.0,250000,2359.296,added_mass_0g,"8ch(tacho;uh_ax,rad,tan;oh_ax,rad,tan;mic)",bearing_ball_fault,added_mass_0g,underhang,https://www02.smt.ufrj.br/~offshore/mfs/page_01.html,documented,rotation 39.3216 Hz from filename
MAFAULDA,mafaulda_underhang_ball_fault_0g_40.3456,mafaulda_underhang_ball_fault_0g,mafaulda_defective_ball_fault,mafaulda_underhang_ball_fault_0g,,data/raw_mafaulda/full/underhang/ball_fault/0g/40.3456.csv,underhang/ball_fault,RollingElement,50000,5.0,250000,2420.736,added_mass_0g,"8ch(tacho;uh_ax,rad,tan;oh_ax,rad,tan;mic)",bearing_ball_fault,added_mass_0g,underhang,https://www02.smt.ufrj.br/~offshore/mfs/page_01.html,documented,rotation 40.3456 Hz from filename
MAFAULDA,mafaulda_underhang_ball_fault_0g_41.3696,mafaulda_underhang_ball_fault_0g,mafaulda_defective_ball_fault,mafaulda_underhang_ball_fault_0g,,data/raw_mafaulda/full/underhang/ball_fault/0g/41.3696.csv,underhang/ball_fault,RollingElement,50000,5.0,250000,2482.176,added_mass_0g,"8ch(tacho;uh_ax,rad,tan;oh_ax,rad,tan;mic)",bearing_ball_fault,added_mass_0g,underhang,https://www02.smt.ufrj.br/~offshore/mfs/page_01.html,documented,rotation 41.3696 Hz from filename
MAFAULDA,mafaulda_underhang_ball_fault_0g_42.1888,mafaulda_underhang_ball_fault_0g,mafaulda_defective_ball_fault,mafaulda_underhang_ball_fault_0g,,data/raw_mafaulda/full/underhang/ball_fault/0g/42.1888.csv,underhang/ball_fault,RollingElement,50000,5.0,250000,2531.328,added_mass_0g,"8ch(tacho;uh_ax,rad,tan;oh_ax,rad,tan;mic)",bearing_ball_fault,added_mass_0g,underhang,https://www02.smt.ufrj.br/~offshore/mfs/page_01.html,documented,rotation 42.1888 Hz from filename
MAFAULDA,mafaulda_underhang_ball_fault_0g_43.2128,mafaulda_underhang_ball_fault_0g,mafaulda_defective_ball_fault,mafaulda_underhang_ball_fault_0g,,data/raw_mafaulda/full/underhang/ball_fault/0g/43.2128.csv,underhang/ball_fault,RollingElement,50000,5.0,250000,2592.768,added_mass_0g,"8ch(tacho;uh_ax,rad,tan;oh_ax,rad,tan;mic)",bearing_ball_fault,added_mass_0g,underhang,https://www02.smt.ufrj.br/~offshore/mfs/page_01.html,documented,rotation 43.2128 Hz from filename
MAFAULDA,mafaulda_underhang_ball_fault_0g_44.032,mafaulda_underhang_ball_fault_0g,mafaulda_defective_ball_fault,mafaulda_underhang_ball_fault_0g,,data/raw_mafaulda/full/underhang/ball_fault/0g/44.032.csv,underhang/ball_fault,RollingElement,50000,5.0,250000,2641.9199999999996,added_mass_0g,"8ch(tacho;uh_ax,rad,tan;oh_ax,rad,tan;mic)",bearing_ball_fault,added_mass_0g,underhang,https://www02.smt.ufrj.br/~offshore/mfs/page_01.html,documented,rotation 44.032 Hz from filename
MAFAULDA,mafaulda_underhang_ball_fault_0g_45.6704,mafaulda_underhang_ball_fault_0g,mafaulda_defective_ball_fault,mafaulda_underhang_ball_fault_0g,,data/raw_mafaulda/full/underhang/ball_fault/0g/45.6704.csv,underhang/ball_fault,RollingElement,50000,5.0,250000,2740.224,added_mass_0g,"8ch(tacho;uh_ax,rad,tan;oh_ax,rad,tan;mic)",bearing_ball_fault,added_mass_0g,underhang,https://www02.smt.ufrj.br/~offshore/mfs/page_01.html,documented,rotation 45.6704 Hz from filename
MAFAULDA,mafaulda_underhang_ball_fault_0g_46.08,mafaulda_underhang_ball_fault_0g,mafaulda_defective_ball_fault,mafaulda_underhang_ball_fault_0g,,data/raw_mafaulda/full/underhang/ball_fault/0g/46.08.csv,underhang/ball_fault,RollingElement,50000,5.0,250000,2764.7999999999997,added_mass_0g,"8ch(tacho;uh_ax,rad,tan;oh_ax,rad,tan;mic)",bearing_ball_fault,added_mass_0g,underhang,https://www02.smt.ufrj.br/~offshore/mfs/page_01.html,documented,rotation 46.08 Hz from filename
MAFAULDA,mafaulda_underhang_ball_fault_0g_47.3088,mafaulda_underhang_ball_fault_0g,mafaulda_defective_ball_fault,mafaulda_underhang_ball_fault_0g,,data/raw_mafaulda/full/underhang/ball_fault/0g/47.3088.csv,underhang/ball_fault,RollingElement,50000,5.0,250000,2838.528,added_mass_0g,"8ch(tacho;uh_ax,rad,tan;oh_ax,rad,tan;mic)",bearing_ball_fault,added_mass_0g,underhang,https://www02.smt.ufrj.br/~offshore/mfs/page_01.html,documented,rotation 47.3088 Hz from filename
MAFAULDA,mafaulda_underhang_ball_fault_0g_48.128,mafaulda_underhang_ball_fault_0g,mafaulda_defective_ball_fault,mafaulda_underhang_ball_fault_0g,,data/raw_mafaulda/full/underhang/ball_fault/0g/48.128.csv,underhang/ball_fault,RollingElement,50000,5.0,250000,2887.68,added_mass_0g,"8ch(tacho;uh_ax,rad,tan;oh_ax,rad,tan;mic)",bearing_ball_fault,added_mass_0g,underhang,https://www02.smt.ufrj.br/~offshore/mfs/page_01.html,documented,rotation 48.128 Hz from filename
MAFAULDA,mafaulda_underhang_ball_fault_0g_49.5616,mafaulda_underhang_ball_fault_0g,mafaulda_defective_ball_fault,mafaulda_underhang_ball_fault_0g,,data/raw_mafaulda/full/underhang/ball_fault/0g/49.5616.csv,underhang/ball_fault,RollingElement,50000,5.0,250000,2973.696,added_mass_0g,"8ch(tacho;uh_ax,rad,tan;oh_ax,rad,tan;mic)",bearing_ball_fault,added_mass_0g,underhang,https://www02.smt.ufrj.br/~offshore/mfs/page_01.html,documented,rotation 49.5616 Hz from filename
MAFAULDA,mafaulda_underhang_ball_fault_0g_50.5856,mafaulda_underhang_ball_fault_0g,mafaulda_defective_ball_fault,mafaulda_underhang_ball_fault_0g,,data/raw_mafaulda/full/underhang/ball_fault/0g/50.5856.csv,underhang/ball_fault,RollingElement,50000,5.0,250000,3035.136,added_mass_0g,"8ch(tacho;uh_ax,rad,tan;oh_ax,rad,tan;mic)",bearing_ball_fault,added_mass_0g,underhang,https://www02.smt.ufrj.br/~offshore/mfs/page_01.html,documented,rotation 50.5856 Hz from filename
MAFAULDA,mafaulda_underhang_ball_fault_0g_51.2,mafaulda_underhang_ball_fault_0g,mafaulda_defective_ball_fault,mafaulda_underhang_ball_fault_0g,,data/raw_mafaulda/full/underhang/ball_fault/0g/51.2.csv,underhang/ball_fault,RollingElement,50000,5.0,250000,3072.0,added_mass_0g,"8ch(tacho;uh_ax,rad,tan;oh_ax,rad,tan;mic)",bearing_ball_fault,added_mass_0g,underhang,https://www02.smt.ufrj.br/~offshore/mfs/page_01.html,documented,rotation 51.2 Hz from filename
MAFAULDA,mafaulda_underhang_ball_fault_0g_52.8384,mafaulda_underhang_ball_fault_0g,mafaulda_defective_ball_fault,mafaulda_underhang_ball_fault_0g,,data/raw_mafaulda/full/underhang/ball_fault/0g/52.8384.csv,underhang/ball_fault,RollingElement,50000,5.0,250000,3170.304,added_mass_0g,"8ch(tacho;uh_ax,rad,tan;oh_ax,rad,tan;mic)",bearing_ball_fault,added_mass_0g,underhang,https://www02.smt.ufrj.br/~offshore/mfs/page_01.html,documented,rotation 52.8384 Hz from filename
MAFAULDA,mafaulda_underhang_ball_fault_0g_53.0432,mafaulda_underhang_ball_fault_0g,mafaulda_defective_ball_fault,mafaulda_underhang_ball_fault_0g,,data/raw_mafaulda/full/underhang/ball_fault/0g/53.0432.csv,underhang/ball_fault,RollingElement,50000,5.0,250000,3182.592,added_mass_0g,"8ch(tacho;uh_ax,rad,tan;oh_ax,rad,tan;mic)",bearing_ball_fault,added_mass_0g,underhang,https://www02.smt.ufrj.br/~offshore/mfs/page_01.html,documented,rotation 53.0432 Hz from filename
MAFAULDA,mafaulda_underhang_ball_fault_0g_54.0672,mafaulda_underhang_ball_fault_0g,mafaulda_defective_ball_fault,mafaulda_underhang_ball_fault_0g,,data/raw_mafaulda/full/underhang/ball_fault/0g/54.0672.csv,underhang/ball_fault,RollingElement,50000,5.0,250000,3244.032,added_mass_0g,"8ch(tacho;uh_ax,rad,tan;oh_ax,rad,tan;mic)",bearing_ball_fault,added_mass_0g,underhang,https://www02.smt.ufrj.br/~offshore/mfs/page_01.html,documented,rotation 54.0672 Hz from filename
MAFAULDA,mafaulda_underhang_ball_fault_0g_55.0912,mafaulda_underhang_ball_fault_0g,mafaulda_defective_ball_fault,mafaulda_underhang_ball_fault_0g,,data/raw_mafaulda/full/underhang/ball_fault/0g/55.0912.csv,underhang/ball_fault,RollingElement,50000,5.0,250000,3305.472,added_mass_0g,"8ch(tacho;uh_ax,rad,tan;oh_ax,rad,tan;mic)",bearing_ball_fault,added_mass_0g,underhang,https://www02.smt.ufrj.br/~offshore/mfs/page_01.html,documented,rotation 55.0912 Hz from filename
MAFAULDA,mafaulda_underhang_ball_fault_0g_56.5248,mafaulda_underhang_ball_fault_0g,mafaulda_defective_ball_fault,mafaulda_underhang_ball_fault_0g,,data/raw_mafaulda/full/underhang/ball_fault/0g/56.5248.csv,underhang/ball_fault,RollingElement,50000,5.0,250000,3391.488,added_mass_0g,"8ch(tacho;uh_ax,rad,tan;oh_ax,rad,tan;mic)",bearing_ball_fault,added_mass_0g,underhang,https://www02.smt.ufrj.br/~offshore/mfs/page_01.html,documented,rotation 56.5248 Hz from filename
MAFAULDA,mafaulda_underhang_ball_fault_0g_57.344,mafaulda_underhang_ball_fault_0g,mafaulda_defective_ball_fault,mafaulda_underhang_ball_fault_0g,,data/raw_mafaulda/full/underhang/ball_fault/0g/57.344.csv,underhang/ball_fault,RollingElement,50000,5.0,250000,3440.64,added_mass_0g,"8ch(tacho;uh_ax,rad,tan;oh_ax,rad,tan;mic)",bearing_ball_fault,added_mass_0g,underhang,https://www02.smt.ufrj.br/~offshore/mfs/page_01.html,documented,rotation 57.344 Hz from filename
MAFAULDA,mafaulda_underhang_ball_fault_0g_58.9824,mafaulda_underhang_ball_fault_0g,mafaulda_defective_ball_fault,mafaulda_underhang_ball_fault_0g,,data/raw_mafaulda/full/underhang/ball_fault/0g/58.9824.csv,underhang/ball_fault,RollingElement,50000,5.0,250000,3538.944,added_mass_0g,"8ch(tacho;uh_ax,rad,tan;oh_ax,rad,tan;mic)",bearing_ball_fault,added_mass_0g,underhang,https://www02.smt.ufrj.br/~offshore/mfs/page_01.html,documented,rotation 58.9824 Hz from filename
MAFAULDA,mafaulda_underhang_ball_fault_0g_59.8016,mafaulda_underhang_ball_fault_0g,mafaulda_defective_ball_fault,mafaulda_underhang_ball_fault_0g,,data/raw_mafaulda/full/underhang/ball_fault/0g/59.8016.csv,underhang/ball_fault,RollingElement,50000,5.0,250000,3588.096,added_mass_0g,"8ch(tacho;uh_ax,rad,tan;oh_ax,rad,tan;mic)",bearing_ball_fault,added_mass_0g,underhang,https://www02.smt.ufrj.br/~offshore/mfs/page_01.html,documented,rotation 59.8016 Hz from filename
MAFAULDA,mafaulda_underhang_ball_fault_0g_60.2112,mafaulda_underhang_ball_fault_0g,mafaulda_defective_ball_fault,mafaulda_underhang_ball_fault_0g,,data/raw_mafaulda/full/underhang/ball_fault/0g/60.2112.csv,underhang/ball_fault,RollingElement,50000,5.0,250000,3612.672,added_mass_0g,"8ch(tacho;uh_ax,rad,tan;oh_ax,rad,tan;mic)",bearing_ball_fault,added_mass_0g,underhang,https://www02.smt.ufrj.br/~offshore/mfs/page_01.html,documented,rotation 60.2112 Hz from filename
MAFAULDA,mafaulda_underhang_ball_fault_0g_61.2352,mafaulda_underhang_ball_fault_0g,mafaulda_defective_ball_fault,mafaulda_underhang_ball_fault_0g,,data/raw_mafaulda/full/underhang/ball_fault/0g/61.2352.csv,underhang/ball_fault,RollingElement,50000,5.0,250000,3674.112,added_mass_0g,"8ch(tacho;uh_ax,rad,tan;oh_ax,rad,tan;mic)",bearing_ball_fault,added_mass_0g,underhang,https://www02.smt.ufrj.br/~offshore/mfs/page_01.html,documented,rotation 61.2352 Hz from filename
MAFAULDA,mafaulda_underhang_ball_fault_20g_13.1072,mafaulda_underhang_ball_fault_20g,mafaulda_defective_ball_fault,mafaulda_underhang_ball_fault_20g,,data/raw_mafaulda/full/underhang/ball_fault/20g/13.1072.csv,underhang/ball_fault,RollingElement,50000,5.0,250000,786.432,added_mass_20g,"8ch(tacho;uh_ax,rad,tan;oh_ax,rad,tan;mic)",bearing_ball_fault,added_mass_20g,underhang,https://www02.smt.ufrj.br/~offshore/mfs/page_01.html,documented,rotation 13.1072 Hz from filename
MAFAULDA,mafaulda_underhang_ball_fault_20g_14.1312,mafaulda_underhang_ball_fault_20g,mafaulda_defective_ball_fault,mafaulda_underhang_ball_fault_20g,,data/raw_mafaulda/full/underhang/ball_fault/20g/14.1312.csv,underhang/ball_fault,RollingElement,50000,5.0,250000,847.872,added_mass_20g,"8ch(tacho;uh_ax,rad,tan;oh_ax,rad,tan;mic)",bearing_ball_fault,added_mass_20g,underhang,https://www02.smt.ufrj.br/~offshore/mfs/page_01.html,documented,rotation 14.1312 Hz from filename
MAFAULDA,mafaulda_underhang_ball_fault_20g_15.36,mafaulda_underhang_ball_fault_20g,mafaulda_defective_ball_fault,mafaulda_underhang_ball_fault_20g,,data/raw_mafaulda/full/underhang/ball_fault/20g/15.36.csv,underhang/ball_fault,RollingElement,50000,5.0,250000,921.5999999999999,added_mass_20g,"8ch(tacho;uh_ax,rad,tan;oh_ax,rad,tan;mic)",bearing_ball_fault,added_mass_20g,underhang,https://www02.smt.ufrj.br/~offshore/mfs/page_01.html,documented,rotation 15.36 Hz from filename
MAFAULDA,mafaulda_underhang_ball_fault_20g_16.1792,mafaulda_underhang_ball_fault_20g,mafaulda_defective_ball_fault,mafaulda_underhang_ball_fault_20g,,data/raw_mafaulda/full/underhang/ball_fault/20g/16.1792.csv,underhang/ball_fault,RollingElement,50000,5.0,250000,970.7520000000001,added_mass_20g,"8ch(tacho;uh_ax,rad,tan;oh_ax,rad,tan;mic)",bearing_ball_fault,added_mass_20g,underhang,https://www02.smt.ufrj.br/~offshore/mfs/page_01.html,documented,rotation 16.1792 Hz from filename
MAFAULDA,mafaulda_underhang_ball_fault_20g_17.2032,mafaulda_underhang_ball_fault_20g,mafaulda_defective_ball_fault,mafaulda_underhang_ball_fault_20g,,data/raw_mafaulda/full/underhang/ball_fault/20g/17.2032.csv,underhang/ball_fault,RollingElement,50000,5.0,250000,1032.192,added_mass_20g,"8ch(tacho;uh_ax,rad,tan;oh_ax,rad,tan;mic)",bearing_ball_fault,added_mass_20g,underhang,https://www02.smt.ufrj.br/~offshore/mfs/page_01.html,documented,rotation 17.2032 Hz from filename
MAFAULDA,mafaulda_underhang_ball_fault_20g_18.432,mafaulda_underhang_ball_fault_20g,mafaulda_defective_ball_fault,mafaulda_underhang_ball_fault_20g,,data/raw_mafaulda/full/underhang/ball_fault/20g/18.432.csv,underhang/ball_fault,RollingElement,50000,5.0,250000,1105.9199999999998,added_mass_20g,"8ch(tacho;uh_ax,rad,tan;oh_ax,rad,tan;mic)",bearing_ball_fault,added_mass_20g,underhang,https://www02.smt.ufrj.br/~offshore/mfs/page_01.html,documented,rotation 18.432 Hz from filename
MAFAULDA,mafaulda_underhang_ball_fault_20g_19.6608,mafaulda_underhang_ball_fault_20g,mafaulda_defective_ball_fault,mafaulda_underhang_ball_fault_20g,,data/raw_mafaulda/full/underhang/ball_fault/20g/19.6608.csv,underhang/ball_fault,RollingElement,50000,5.0,250000,1179.648,added_mass_20g,"8ch(tacho;uh_ax,rad,tan;oh_ax,rad,tan;mic)",bearing_ball_fault,added_mass_20g,underhang,https://www02.smt.ufrj.br/~offshore/mfs/page_01.html,documented,rotation 19.6608 Hz from filename
MAFAULDA,mafaulda_underhang_ball_fault_20g_20.8896,mafaulda_underhang_ball_fault_20g,mafaulda_defective_ball_fault,mafaulda_underhang_ball_fault_20g,,data/raw_mafaulda/full/underhang/ball_fault/20g/20.8896.csv,underhang/ball_fault,RollingElement,50000,5.0,250000,1253.3760000000002,added_mass_20g,"8ch(tacho;uh_ax,rad,tan;oh_ax,rad,tan;mic)",bearing_ball_fault,added_mass_20g,underhang,https://www02.smt.ufrj.br/~offshore/mfs/page_01.html,documented,rotation 20.8896 Hz from filename
MAFAULDA,mafaulda_underhang_ball_fault_20g_21.7088,mafaulda_underhang_ball_fault_20g,mafaulda_defective_ball_fault,mafaulda_underhang_ball_fault_20g,,data/raw_mafaulda/full/underhang/ball_fault/20g/21.7088.csv,underhang/ball_fault,RollingElement,50000,5.0,250000,1302.528,added_mass_20g,"8ch(tacho;uh_ax,rad,tan;oh_ax,rad,tan;mic)",bearing_ball_fault,added_mass_20g,underhang,https://www02.smt.ufrj.br/~offshore/mfs/page_01.html,documented,rotation 21.7088 Hz from filename
MAFAULDA,mafaulda_underhang_ball_fault_20g_22.7328,mafaulda_underhang_ball_fault_20g,mafaulda_defective_ball_fault,mafaulda_underhang_ball_fault_20g,,data/raw_mafaulda/full/underhang/ball_fault/20g/22.7328.csv,underhang/ball_fault,RollingElement,50000,5.0,250000,1363.968,added_mass_20g,"8ch(tacho;uh_ax,rad,tan;oh_ax,rad,tan;mic)",bearing_ball_fault,added_mass_20g,underhang,https://www02.smt.ufrj.br/~offshore/mfs/page_01.html,documented,rotation 22.7328 Hz from filename
MAFAULDA,mafaulda_underhang_ball_fault_20g_23.1424,mafaulda_underhang_ball_fault_20g,mafaulda_defective_ball_fault,mafaulda_underhang_ball_fault_20g,,data/raw_mafaulda/full/underhang/ball_fault/20g/23.1424.csv,underhang/ball_fault,RollingElement,50000,5.0,250000,1388.5439999999999,added_mass_20g,"8ch(tacho;uh_ax,rad,tan;oh_ax,rad,tan;mic)",bearing_ball_fault,added_mass_20g,underhang,https://www02.smt.ufrj.br/~offshore/mfs/page_01.html,documented,rotation 23.1424 Hz from filename
MAFAULDA,mafaulda_underhang_ball_fault_20g_23.9616,mafaulda_underhang_ball_fault_20g,mafaulda_defective_ball_fault,mafaulda_underhang_ball_fault_20g,,data/raw_mafaulda/full/underhang/ball_fault/20g/23.9616.csv,underhang/ball_fault,RollingElement,50000,5.0,250000,1437.6960000000001,added_mass_20g,"8ch(tacho;uh_ax,rad,tan;oh_ax,rad,tan;mic)",bearing_ball_fault,added_mass_20g,underhang,https://www02.smt.ufrj.br/~offshore/mfs/page_01.html,documented,rotation 23.9616 Hz from filename
MAFAULDA,mafaulda_underhang_ball_fault_20g_25.1904,mafaulda_underhang_ball_fault_20g,mafaulda_defective_ball_fault,mafaulda_underhang_ball_fault_20g,,data/raw_mafaulda/full/underhang/ball_fault/20g/25.1904.csv,underhang/ball_fault,RollingElement,50000,5.0,250000,1511.424,added_mass_20g,"8ch(tacho;uh_ax,rad,tan;oh_ax,rad,tan;mic)",bearing_ball_fault,added_mass_20g,underhang,https://www02.smt.ufrj.br/~offshore/mfs/page_01.html,documented,rotation 25.1904 Hz from filename
MAFAULDA,mafaulda_underhang_ball_fault_20g_27.2384,mafaulda_underhang_ball_fault_20g,mafaulda_defective_ball_fault,mafaulda_underhang_ball_fault_20g,,data/raw_mafaulda/full/underhang/ball_fault/20g/27.2384.csv,underhang/ball_fault,RollingElement,50000,5.0,250000,1634.3039999999999,added_mass_20g,"8ch(tacho;uh_ax,rad,tan;oh_ax,rad,tan;mic)",bearing_ball_fault,added_mass_20g,underhang,https://www02.smt.ufrj.br/~offshore/mfs/page_01.html,documented,rotation 27.2384 Hz from filename
MAFAULDA,mafaulda_underhang_ball_fault_20g_28.2624,mafaulda_underhang_ball_fault_20g,mafaulda_defective_ball_fault,mafaulda_underhang_ball_fault_20g,,data/raw_mafaulda/full/underhang/ball_fault/20g/28.2624.csv,underhang/ball_fault,RollingElement,50000,5.0,250000,1695.744,added_mass_20g,"8ch(tacho;uh_ax,rad,tan;oh_ax,rad,tan;mic)",bearing_ball_fault,added_mass_20g,underhang,https://www02.smt.ufrj.br/~offshore/mfs/page_01.html,documented,rotation 28.2624 Hz from filename
MAFAULDA,mafaulda_underhang_ball_fault_20g_28.4672,mafaulda_underhang_ball_fault_20g,mafaulda_defective_ball_fault,mafaulda_underhang_ball_fault_20g,,data/raw_mafaulda/full/underhang/ball_fault/20g/28.4672.csv,underhang/ball_fault,RollingElement,50000,5.0,250000,1708.032,added_mass_20g,"8ch(tacho;uh_ax,rad,tan;oh_ax,rad,tan;mic)",bearing_ball_fault,added_mass_20g,underhang,https://www02.smt.ufrj.br/~offshore/mfs/page_01.html,documented,rotation 28.4672 Hz from filename
MAFAULDA,mafaulda_underhang_ball_fault_20g_29.2864,mafaulda_underhang_ball_fault_20g,mafaulda_defective_ball_fault,mafaulda_underhang_ball_fault_20g,,data/raw_mafaulda/full/underhang/ball_fault/20g/29.2864.csv,underhang/ball_fault,RollingElement,50000,5.0,250000,1757.184,added_mass_20g,"8ch(tacho;uh_ax,rad,tan;oh_ax,rad,tan;mic)",bearing_ball_fault,added_mass_20g,underhang,https://www02.smt.ufrj.br/~offshore/mfs/page_01.html,documented,rotation 29.2864 Hz from filename
MAFAULDA,mafaulda_underhang_ball_fault_20g_29.9008,mafaulda_underhang_ball_fault_20g,mafaulda_defective_ball_fault,mafaulda_underhang_ball_fault_20g,,data/raw_mafaulda/full/underhang/ball_fault/20g/29.9008.csv,underhang/ball_fault,RollingElement,50000,5.0,250000,1794.048,added_mass_20g,"8ch(tacho;uh_ax,rad,tan;oh_ax,rad,tan;mic)",bearing_ball_fault,added_mass_20g,underhang,https://www02.smt.ufrj.br/~offshore/mfs/page_01.html,documented,rotation 29.9008 Hz from filename
MAFAULDA,mafaulda_underhang_ball_fault_20g_31.5392,mafaulda_underhang_ball_fault_20g,mafaulda_defective_ball_fault,mafaulda_underhang_ball_fault_20g,,data/raw_mafaulda/full/underhang/ball_fault/20g/31.5392.csv,underhang/ball_fault,RollingElement,50000,5.0,250000,1892.352,added_mass_20g,"8ch(tacho;uh_ax,rad,tan;oh_ax,rad,tan;mic)",bearing_ball_fault,added_mass_20g,underhang,https://www02.smt.ufrj.br/~offshore/mfs/page_01.html,documented,rotation 31.5392 Hz from filename
MAFAULDA,mafaulda_underhang_ball_fault_20g_32.1536,mafaulda_underhang_ball_fault_20g,mafaulda_defective_ball_fault,mafaulda_underhang_ball_fault_20g,,data/raw_mafaulda/full/underhang/ball_fault/20g/32.1536.csv,underhang/ball_fault,RollingElement,50000,5.0,250000,1929.216,added_mass_20g,"8ch(tacho;uh_ax,rad,tan;oh_ax,rad,tan;mic)",bearing_ball_fault,added_mass_20g,underhang,https://www02.smt.ufrj.br/~offshore/mfs/page_01.html,documented,rotation 32.1536 Hz from filename
MAFAULDA,mafaulda_underhang_ball_fault_20g_33.5872,mafaulda_underhang_ball_fault_20g,mafaulda_defective_ball_fault,mafaulda_underhang_ball_fault_20g,,data/raw_mafaulda/full/underhang/ball_fault/20g/33.5872.csv,underhang/ball_fault,RollingElement,50000,5.0,250000,2015.2320000000002,added_mass_20g,"8ch(tacho;uh_ax,rad,tan;oh_ax,rad,tan;mic)",bearing_ball_fault,added_mass_20g,underhang,https://www02.smt.ufrj.br/~offshore/mfs/page_01.html,documented,rotation 33.5872 Hz from filename
MAFAULDA,mafaulda_underhang_ball_fault_20g_34.4064,mafaulda_underhang_ball_fault_20g,mafaulda_defective_ball_fault,mafaulda_underhang_ball_fault_20g,,data/raw_mafaulda/full/underhang/ball_fault/20g/34.4064.csv,underhang/ball_fault,RollingElement,50000,5.0,250000,2064.384,added_mass_20g,"8ch(tacho;uh_ax,rad,tan;oh_ax,rad,tan;mic)",bearing_ball_fault,added_mass_20g,underhang,https://www02.smt.ufrj.br/~offshore/mfs/page_01.html,documented,rotation 34.4064 Hz from filename
MAFAULDA,mafaulda_underhang_ball_fault_20g_35.0208,mafaulda_underhang_ball_fault_20g,mafaulda_defective_ball_fault,mafaulda_underhang_ball_fault_20g,,data/raw_mafaulda/full/underhang/ball_fault/20g/35.0208.csv,underhang/ball_fault,RollingElement,50000,5.0,250000,2101.248,added_mass_20g,"8ch(tacho;uh_ax,rad,tan;oh_ax,rad,tan;mic)",bearing_ball_fault,added_mass_20g,underhang,https://www02.smt.ufrj.br/~offshore/mfs/page_01.html,documented,rotation 35.0208 Hz from filename
MAFAULDA,mafaulda_underhang_ball_fault_20g_36.4544,mafaulda_underhang_ball_fault_20g,mafaulda_defective_ball_fault,mafaulda_underhang_ball_fault_20g,,data/raw_mafaulda/full/underhang/ball_fault/20g/36.4544.csv,underhang/ball_fault,RollingElement,50000,5.0,250000,2187.264,added_mass_20g,"8ch(tacho;uh_ax,rad,tan;oh_ax,rad,tan;mic)",bearing_ball_fault,added_mass_20g,underhang,https://www02.smt.ufrj.br/~offshore/mfs/page_01.html,documented,rotation 36.4544 Hz from filename
MAFAULDA,mafaulda_underhang_ball_fault_20g_37.6832,mafaulda_underhang_ball_fault_20g,mafaulda_defective_ball_fault,mafaulda_underhang_ball_fault_20g,,data/raw_mafaulda/full/underhang/ball_fault/20g/37.6832.csv,underhang/ball_fault,RollingElement,50000,5.0,250000,2260.992,added_mass_20g,"8ch(tacho;uh_ax,rad,tan;oh_ax,rad,tan;mic)",bearing_ball_fault,added_mass_20g,underhang,https://www02.smt.ufrj.br/~offshore/mfs/page_01.html,documented,rotation 37.6832 Hz from filename
MAFAULDA,mafaulda_underhang_ball_fault_20g_38.5024,mafaulda_underhang_ball_fault_20g,mafaulda_defective_ball_fault,mafaulda_underhang_ball_fault_20g,,data/raw_mafaulda/full/underhang/ball_fault/20g/38.5024.csv,underhang/ball_fault,RollingElement,50000,5.0,250000,2310.1440000000002,added_mass_20g,"8ch(tacho;uh_ax,rad,tan;oh_ax,rad,tan;mic)",bearing_ball_fault,added_mass_20g,underhang,https://www02.smt.ufrj.br/~offshore/mfs/page_01.html,documented,rotation 38.5024 Hz from filename
MAFAULDA,mafaulda_underhang_ball_fault_20g_39.5264,mafaulda_underhang_ball_fault_20g,mafaulda_defective_ball_fault,mafaulda_underhang_ball_fault_20g,,data/raw_mafaulda/full/underhang/ball_fault/20g/39.5264.csv,underhang/ball_fault,RollingElement,50000,5.0,250000,2371.5840000000003,added_mass_20g,"8ch(tacho;uh_ax,rad,tan;oh_ax,rad,tan;mic)",bearing_ball_fault,added_mass_20g,underhang,https://www02.smt.ufrj.br/~offshore/mfs/page_01.html,documented,rotation 39.5264 Hz from filename
MAFAULDA,mafaulda_underhang_ball_fault_20g_40.1408,mafaulda_underhang_ball_fault_20g,mafaulda_defective_ball_fault,mafaulda_underhang_ball_fault_20g,,data/raw_mafaulda/full/underhang/ball_fault/20g/40.1408.csv,underhang/ball_fault,RollingElement,50000,5.0,250000,2408.448,added_mass_20g,"8ch(tacho;uh_ax,rad,tan;oh_ax,rad,tan;mic)",bearing_ball_fault,added_mass_20g,underhang,https://www02.smt.ufrj.br/~offshore/mfs/page_01.html,documented,rotation 40.1408 Hz from filename
MAFAULDA,mafaulda_underhang_ball_fault_20g_41.1648,mafaulda_underhang_ball_fault_20g,mafaulda_defective_ball_fault,mafaulda_underhang_ball_fault_20g,,data/raw_mafaulda/full/underhang/ball_fault/20g/41.1648.csv,underhang/ball_fault,RollingElement,50000,5.0,250000,2469.888,added_mass_20g,"8ch(tacho;uh_ax,rad,tan;oh_ax,rad,tan;mic)",bearing_ball_fault,added_mass_20g,underhang,https://www02.smt.ufrj.br/~offshore/mfs/page_01.html,documented,rotation 41.1648 Hz from filename
MAFAULDA,mafaulda_underhang_ball_fault_20g_42.5984,mafaulda_underhang_ball_fault_20g,mafaulda_defective_ball_fault,mafaulda_underhang_ball_fault_20g,,data/raw_mafaulda/full/underhang/ball_fault/20g/42.5984.csv,underhang/ball_fault,RollingElement,50000,5.0,250000,2555.904,added_mass_20g,"8ch(tacho;uh_ax,rad,tan;oh_ax,rad,tan;mic)",bearing_ball_fault,added_mass_20g,underhang,https://www02.smt.ufrj.br/~offshore/mfs/page_01.html,documented,rotation 42.5984 Hz from filename
MAFAULDA,mafaulda_underhang_ball_fault_20g_43.6224,mafaulda_underhang_ball_fault_20g,mafaulda_defective_ball_fault,mafaulda_underhang_ball_fault_20g,,data/raw_mafaulda/full/underhang/ball_fault/20g/43.6224.csv,underhang/ball_fault,RollingElement,50000,5.0,250000,2617.344,added_mass_20g,"8ch(tacho;uh_ax,rad,tan;oh_ax,rad,tan;mic)",bearing_ball_fault,added_mass_20g,underhang,https://www02.smt.ufrj.br/~offshore/mfs/page_01.html,documented,rotation 43.6224 Hz from filename
MAFAULDA,mafaulda_underhang_ball_fault_20g_44.4416,mafaulda_underhang_ball_fault_20g,mafaulda_defective_ball_fault,mafaulda_underhang_ball_fault_20g,,data/raw_mafaulda/full/underhang/ball_fault/20g/44.4416.csv,underhang/ball_fault,RollingElement,50000,5.0,250000,2666.496,added_mass_20g,"8ch(tacho;uh_ax,rad,tan;oh_ax,rad,tan;mic)",bearing_ball_fault,added_mass_20g,underhang,https://www02.smt.ufrj.br/~offshore/mfs/page_01.html,documented,rotation 44.4416 Hz from filename
MAFAULDA,mafaulda_underhang_ball_fault_20g_45.4656,mafaulda_underhang_ball_fault_20g,mafaulda_defective_ball_fault,mafaulda_underhang_ball_fault_20g,,data/raw_mafaulda/full/underhang/ball_fault/20g/45.4656.csv,underhang/ball_fault,RollingElement,50000,5.0,250000,2727.936,added_mass_20g,"8ch(tacho;uh_ax,rad,tan;oh_ax,rad,tan;mic)",bearing_ball_fault,added_mass_20g,underhang,https://www02.smt.ufrj.br/~offshore/mfs/page_01.html,documented,rotation 45.4656 Hz from filename
MAFAULDA,mafaulda_underhang_ball_fault_20g_46.6944,mafaulda_underhang_ball_fault_20g,mafaulda_defective_ball_fault,mafaulda_underhang_ball_fault_20g,,data/raw_mafaulda/full/underhang/ball_fault/20g/46.6944.csv,underhang/ball_fault,RollingElement,50000,5.0,250000,2801.664,added_mass_20g,"8ch(tacho;uh_ax,rad,tan;oh_ax,rad,tan;mic)",bearing_ball_fault,added_mass_20g,underhang,https://www02.smt.ufrj.br/~offshore/mfs/page_01.html,documented,rotation 46.6944 Hz from filename
MAFAULDA,mafaulda_underhang_ball_fault_20g_47.7184,mafaulda_underhang_ball_fault_20g,mafaulda_defective_ball_fault,mafaulda_underhang_ball_fault_20g,,data/raw_mafaulda/full/underhang/ball_fault/20g/47.7184.csv,underhang/ball_fault,RollingElement,50000,5.0,250000,2863.1040000000003,added_mass_20g,"8ch(tacho;uh_ax,rad,tan;oh_ax,rad,tan;mic)",bearing_ball_fault,added_mass_20g,underhang,https://www02.smt.ufrj.br/~offshore/mfs/page_01.html,documented,rotation 47.7184 Hz from filename
MAFAULDA,mafaulda_underhang_ball_fault_20g_48.3328,mafaulda_underhang_ball_fault_20g,mafaulda_defective_ball_fault,mafaulda_underhang_ball_fault_20g,,data/raw_mafaulda/full/underhang/ball_fault/20g/48.3328.csv,underhang/ball_fault,RollingElement,50000,5.0,250000,2899.968,added_mass_20g,"8ch(tacho;uh_ax,rad,tan;oh_ax,rad,tan;mic)",bearing_ball_fault,added_mass_20g,underhang,https://www02.smt.ufrj.br/~offshore/mfs/page_01.html,documented,rotation 48.3328 Hz from filename
MAFAULDA,mafaulda_underhang_ball_fault_20g_49.3568,mafaulda_underhang_ball_fault_20g,mafaulda_defective_ball_fault,mafaulda_underhang_ball_fault_20g,,data/raw_mafaulda/full/underhang/ball_fault/20g/49.3568.csv,underhang/ball_fault,RollingElement,50000,5.0,250000,2961.408,added_mass_20g,"8ch(tacho;uh_ax,rad,tan;oh_ax,rad,tan;mic)",bearing_ball_fault,added_mass_20g,underhang,https://www02.smt.ufrj.br/~offshore/mfs/page_01.html,documented,rotation 49.3568 Hz from filename
MAFAULDA,mafaulda_underhang_ball_fault_20g_50.5856,mafaulda_underhang_ball_fault_20g,mafaulda_defective_ball_fault,mafaulda_underhang_ball_fault_20g,,data/raw_mafaulda/full/underhang/ball_fault/20g/50.5856.csv,underhang/ball_fault,RollingElement,50000,5.0,250000,3035.136,added_mass_20g,"8ch(tacho;uh_ax,rad,tan;oh_ax,rad,tan;mic)",bearing_ball_fault,added_mass_20g,underhang,https://www02.smt.ufrj.br/~offshore/mfs/page_01.html,documented,rotation 50.5856 Hz from filename
MAFAULDA,mafaulda_underhang_ball_fault_20g_52.0192,mafaulda_underhang_ball_fault_20g,mafaulda_defective_ball_fault,mafaulda_underhang_ball_fault_20g,,data/raw_mafaulda/full/underhang/ball_fault/20g/52.0192.csv,underhang/ball_fault,RollingElement,50000,5.0,250000,3121.152,added_mass_20g,"8ch(tacho;uh_ax,rad,tan;oh_ax,rad,tan;mic)",bearing_ball_fault,added_mass_20g,underhang,https://www02.smt.ufrj.br/~offshore/mfs/page_01.html,documented,rotation 52.0192 Hz from filename
MAFAULDA,mafaulda_underhang_ball_fault_20g_52.6336,mafaulda_underhang_ball_fault_20g,mafaulda_defective_ball_fault,mafaulda_underhang_ball_fault_20g,,data/raw_mafaulda/full/underhang/ball_fault/20g/52.6336.csv,underhang/ball_fault,RollingElement,50000,5.0,250000,3158.016,added_mass_20g,"8ch(tacho;uh_ax,rad,tan;oh_ax,rad,tan;mic)",bearing_ball_fault,added_mass_20g,underhang,https://www02.smt.ufrj.br/~offshore/mfs/page_01.html,documented,rotation 52.6336 Hz from filename
MAFAULDA,mafaulda_underhang_ball_fault_20g_53.0432,mafaulda_underhang_ball_fault_20g,mafaulda_defective_ball_fault,mafaulda_underhang_ball_fault_20g,,data/raw_mafaulda/full/underhang/ball_fault/20g/53.0432.csv,underhang/ball_fault,RollingElement,50000,5.0,250000,3182.592,added_mass_20g,"8ch(tacho;uh_ax,rad,tan;oh_ax,rad,tan;mic)",bearing_ball_fault,added_mass_20g,underhang,https://www02.smt.ufrj.br/~offshore/mfs/page_01.html,documented,rotation 53.0432 Hz from filename
MAFAULDA,mafaulda_underhang_ball_fault_20g_54.4768,mafaulda_underhang_ball_fault_20g,mafaulda_defective_ball_fault,mafaulda_underhang_ball_fault_20g,,data/raw_mafaulda/full/underhang/ball_fault/20g/54.4768.csv,underhang/ball_fault,RollingElement,50000,5.0,250000,3268.6079999999997,added_mass_20g,"8ch(tacho;uh_ax,rad,tan;oh_ax,rad,tan;mic)",bearing_ball_fault,added_mass_20g,underhang,https://www02.smt.ufrj.br/~offshore/mfs/page_01.html,documented,rotation 54.4768 Hz from filename
MAFAULDA,mafaulda_underhang_ball_fault_20g_55.0912,mafaulda_underhang_ball_fault_20g,mafaulda_defective_ball_fault,mafaulda_underhang_ball_fault_20g,,data/raw_mafaulda/full/underhang/ball_fault/20g/55.0912.csv,underhang/ball_fault,RollingElement,50000,5.0,250000,3305.472,added_mass_20g,"8ch(tacho;uh_ax,rad,tan;oh_ax,rad,tan;mic)",bearing_ball_fault,added_mass_20g,underhang,https://www02.smt.ufrj.br/~offshore/mfs/page_01.html,documented,rotation 55.0912 Hz from filename
MAFAULDA,mafaulda_underhang_ball_fault_20g_56.1152,mafaulda_underhang_ball_fault_20g,mafaulda_defective_ball_fault,mafaulda_underhang_ball_fault_20g,,data/raw_mafaulda/full/underhang/ball_fault/20g/56.1152.csv,underhang/ball_fault,RollingElement,50000,5.0,250000,3366.9120000000003,added_mass_20g,"8ch(tacho;uh_ax,rad,tan;oh_ax,rad,tan;mic)",bearing_ball_fault,added_mass_20g,underhang,https://www02.smt.ufrj.br/~offshore/mfs/page_01.html,documented,rotation 56.1152 Hz from filename
MAFAULDA,mafaulda_underhang_ball_fault_20g_57.344,mafaulda_underhang_ball_fault_20g,mafaulda_defective_ball_fault,mafaulda_underhang_ball_fault_20g,,data/raw_mafaulda/full/underhang/ball_fault/20g/57.344.csv,underhang/ball_fault,RollingElement,50000,5.0,250000,3440.64,added_mass_20g,"8ch(tacho;uh_ax,rad,tan;oh_ax,rad,tan;mic)",bearing_ball_fault,added_mass_20g,underhang,https://www02.smt.ufrj.br/~offshore/mfs/page_01.html,documented,rotation 57.344 Hz from filename
MAFAULDA,mafaulda_underhang_ball_fault_20g_58.7776,mafaulda_underhang_ball_fault_20g,mafaulda_defective_ball_fault,mafaulda_underhang_ball_fault_20g,,data/raw_mafaulda/full/underhang/ball_fault/20g/58.7776.csv,underhang/ball_fault,RollingElement,50000,5.0,250000,3526.656,added_mass_20g,"8ch(tacho;uh_ax,rad,tan;oh_ax,rad,tan;mic)",bearing_ball_fault,added_mass_20g,underhang,https://www02.smt.ufrj.br/~offshore/mfs/page_01.html,documented,rotation 58.7776 Hz from filename
MAFAULDA,mafaulda_underhang_ball_fault_20g_59.8016,mafaulda_underhang_ball_fault_20g,mafaulda_defective_ball_fault,mafaulda_underhang_ball_fault_20g,,data/raw_mafaulda/full/underhang/ball_fault/20g/59.8016.csv,underhang/ball_fault,RollingElement,50000,5.0,250000,3588.096,added_mass_20g,"8ch(tacho;uh_ax,rad,tan;oh_ax,rad,tan;mic)",bearing_ball_fault,added_mass_20g,underhang,https://www02.smt.ufrj.br/~offshore/mfs/page_01.html,documented,rotation 59.8016 Hz from filename
MAFAULDA,mafaulda_underhang_ball_fault_20g_60.8256,mafaulda_underhang_ball_fault_20g,mafaulda_defective_ball_fault,mafaulda_underhang_ball_fault_20g,,data/raw_mafaulda/full/underhang/ball_fault/20g/60.8256.csv,underhang/ball_fault,RollingElement,50000,5.0,250000,3649.536,added_mass_20g,"8ch(tacho;uh_ax,rad,tan;oh_ax,rad,tan;mic)",bearing_ball_fault,added_mass_20g,underhang,https://www02.smt.ufrj.br/~offshore/mfs/page_01.html,documented,rotation 60.8256 Hz from filename
MAFAULDA,mafaulda_underhang_ball_fault_20g_61.8496,mafaulda_underhang_ball_fault_20g,mafaulda_defective_ball_fault,mafaulda_underhang_ball_fault_20g,,data/raw_mafaulda/full/underhang/ball_fault/20g/61.8496.csv,underhang/ball_fault,RollingElement,50000,5.0,250000,3710.976,added_mass_20g,"8ch(tacho;uh_ax,rad,tan;oh_ax,rad,tan;mic)",bearing_ball_fault,added_mass_20g,underhang,https://www02.smt.ufrj.br/~offshore/mfs/page_01.html,documented,rotation 61.8496 Hz from filename
MAFAULDA,mafaulda_underhang_ball_fault_35g_13.7216,mafaulda_underhang_ball_fault_35g,mafaulda_defective_ball_fault,mafaulda_underhang_ball_fault_35g,,data/raw_mafaulda/full/underhang/ball_fault/35g/13.7216.csv,underhang/ball_fault,RollingElement,50000,5.0,250000,823.296,added_mass_35g,"8ch(tacho;uh_ax,rad,tan;oh_ax,rad,tan;mic)",bearing_ball_fault,added_mass_35g,underhang,https://www02.smt.ufrj.br/~offshore/mfs/page_01.html,documented,rotation 13.7216 Hz from filename
MAFAULDA,mafaulda_underhang_ball_fault_35g_14.7456,mafaulda_underhang_ball_fault_35g,mafaulda_defective_ball_fault,mafaulda_underhang_ball_fault_35g,,data/raw_mafaulda/full/underhang/ball_fault/35g/14.7456.csv,underhang/ball_fault,RollingElement,50000,5.0,250000,884.736,added_mass_35g,"8ch(tacho;uh_ax,rad,tan;oh_ax,rad,tan;mic)",bearing_ball_fault,added_mass_35g,underhang,https://www02.smt.ufrj.br/~offshore/mfs/page_01.html,documented,rotation 14.7456 Hz from filename
MAFAULDA,mafaulda_underhang_ball_fault_35g_15.36,mafaulda_underhang_ball_fault_35g,mafaulda_defective_ball_fault,mafaulda_underhang_ball_fault_35g,,data/raw_mafaulda/full/underhang/ball_fault/35g/15.36.csv,underhang/ball_fault,RollingElement,50000,5.0,250000,921.5999999999999,added_mass_35g,"8ch(tacho;uh_ax,rad,tan;oh_ax,rad,tan;mic)",bearing_ball_fault,added_mass_35g,underhang,https://www02.smt.ufrj.br/~offshore/mfs/page_01.html,documented,rotation 15.36 Hz from filename
MAFAULDA,mafaulda_underhang_ball_fault_35g_16.1792,mafaulda_underhang_ball_fault_35g,mafaulda_defective_ball_fault,mafaulda_underhang_ball_fault_35g,,data/raw_mafaulda/full/underhang/ball_fault/35g/16.1792.csv,underhang/ball_fault,RollingElement,50000,5.0,250000,970.7520000000001,added_mass_35g,"8ch(tacho;uh_ax,rad,tan;oh_ax,rad,tan;mic)",bearing_ball_fault,added_mass_35g,underhang,https://www02.smt.ufrj.br/~offshore/mfs/page_01.html,documented,rotation 16.1792 Hz from filename
MAFAULDA,mafaulda_underhang_ball_fault_35g_17.408,mafaulda_underhang_ball_fault_35g,mafaulda_defective_ball_fault,mafaulda_underhang_ball_fault_35g,,data/raw_mafaulda/full/underhang/ball_fault/35g/17.408.csv,underhang/ball_fault,RollingElement,50000,5.0,250000,1044.48,added_mass_35g,"8ch(tacho;uh_ax,rad,tan;oh_ax,rad,tan;mic)",bearing_ball_fault,added_mass_35g,underhang,https://www02.smt.ufrj.br/~offshore/mfs/page_01.html,documented,rotation 17.408 Hz from filename
MAFAULDA,mafaulda_underhang_ball_fault_35g_18.6368,mafaulda_underhang_ball_fault_35g,mafaulda_defective_ball_fault,mafaulda_underhang_ball_fault_35g,,data/raw_mafaulda/full/underhang/ball_fault/35g/18.6368.csv,underhang/ball_fault,RollingElement,50000,5.0,250000,1118.208,added_mass_35g,"8ch(tacho;uh_ax,rad,tan;oh_ax,rad,tan;mic)",bearing_ball_fault,added_mass_35g,underhang,https://www02.smt.ufrj.br/~offshore/mfs/page_01.html,documented,rotation 18.6368 Hz from filename
MAFAULDA,mafaulda_underhang_ball_fault_35g_19.456,mafaulda_underhang_ball_fault_35g,mafaulda_defective_ball_fault,mafaulda_underhang_ball_fault_35g,,data/raw_mafaulda/full/underhang/ball_fault/35g/19.456.csv,underhang/ball_fault,RollingElement,50000,5.0,250000,1167.36,added_mass_35g,"8ch(tacho;uh_ax,rad,tan;oh_ax,rad,tan;mic)",bearing_ball_fault,added_mass_35g,underhang,https://www02.smt.ufrj.br/~offshore/mfs/page_01.html,documented,rotation 19.456 Hz from filename
MAFAULDA,mafaulda_underhang_ball_fault_35g_20.48,mafaulda_underhang_ball_fault_35g,mafaulda_defective_ball_fault,mafaulda_underhang_ball_fault_35g,,data/raw_mafaulda/full/underhang/ball_fault/35g/20.48.csv,underhang/ball_fault,RollingElement,50000,5.0,250000,1228.8,added_mass_35g,"8ch(tacho;uh_ax,rad,tan;oh_ax,rad,tan;mic)",bearing_ball_fault,added_mass_35g,underhang,https://www02.smt.ufrj.br/~offshore/mfs/page_01.html,documented,rotation 20.48 Hz from filename
MAFAULDA,mafaulda_underhang_ball_fault_35g_21.7088,mafaulda_underhang_ball_fault_35g,mafaulda_defective_ball_fault,mafaulda_underhang_ball_fault_35g,,data/raw_mafaulda/full/underhang/ball_fault/35g/21.7088.csv,underhang/ball_fault,RollingElement,50000,5.0,250000,1302.528,added_mass_35g,"8ch(tacho;uh_ax,rad,tan;oh_ax,rad,tan;mic)",bearing_ball_fault,added_mass_35g,underhang,https://www02.smt.ufrj.br/~offshore/mfs/page_01.html,documented,rotation 21.7088 Hz from filename
MAFAULDA,mafaulda_underhang_ball_fault_35g_22.3232,mafaulda_underhang_ball_fault_35g,mafaulda_defective_ball_fault,mafaulda_underhang_ball_fault_35g,,data/raw_mafaulda/full/underhang/ball_fault/35g/22.3232.csv,underhang/ball_fault,RollingElement,50000,5.0,250000,1339.392,added_mass_35g,"8ch(tacho;uh_ax,rad,tan;oh_ax,rad,tan;mic)",bearing_ball_fault,added_mass_35g,underhang,https://www02.smt.ufrj.br/~offshore/mfs/page_01.html,documented,rotation 22.3232 Hz from filename
MAFAULDA,mafaulda_underhang_ball_fault_35g_23.7568,mafaulda_underhang_ball_fault_35g,mafaulda_defective_ball_fault,mafaulda_underhang_ball_fault_35g,,data/raw_mafaulda/full/underhang/ball_fault/35g/23.7568.csv,underhang/ball_fault,RollingElement,50000,5.0,250000,1425.408,added_mass_35g,"8ch(tacho;uh_ax,rad,tan;oh_ax,rad,tan;mic)",bearing_ball_fault,added_mass_35g,underhang,https://www02.smt.ufrj.br/~offshore/mfs/page_01.html,documented,rotation 23.7568 Hz from filename
MAFAULDA,mafaulda_underhang_ball_fault_35g_24.1664,mafaulda_underhang_ball_fault_35g,mafaulda_defective_ball_fault,mafaulda_underhang_ball_fault_35g,,data/raw_mafaulda/full/underhang/ball_fault/35g/24.1664.csv,underhang/ball_fault,RollingElement,50000,5.0,250000,1449.984,added_mass_35g,"8ch(tacho;uh_ax,rad,tan;oh_ax,rad,tan;mic)",bearing_ball_fault,added_mass_35g,underhang,https://www02.smt.ufrj.br/~offshore/mfs/page_01.html,documented,rotation 24.1664 Hz from filename
MAFAULDA,mafaulda_underhang_ball_fault_35g_25.1904,mafaulda_underhang_ball_fault_35g,mafaulda_defective_ball_fault,mafaulda_underhang_ball_fault_35g,,data/raw_mafaulda/full/underhang/ball_fault/35g/25.1904.csv,underhang/ball_fault,RollingElement,50000,5.0,250000,1511.424,added_mass_35g,"8ch(tacho;uh_ax,rad,tan;oh_ax,rad,tan;mic)",bearing_ball_fault,added_mass_35g,underhang,https://www02.smt.ufrj.br/~offshore/mfs/page_01.html,documented,rotation 25.1904 Hz from filename
MAFAULDA,mafaulda_underhang_ball_fault_35g_26.2144,mafaulda_underhang_ball_fault_35g,mafaulda_defective_ball_fault,mafaulda_underhang_ball_fault_35g,,data/raw_mafaulda/full/underhang/ball_fault/35g/26.2144.csv,underhang/ball_fault,RollingElement,50000,5.0,250000,1572.864,added_mass_35g,"8ch(tacho;uh_ax,rad,tan;oh_ax,rad,tan;mic)",bearing_ball_fault,added_mass_35g,underhang,https://www02.smt.ufrj.br/~offshore/mfs/page_01.html,documented,rotation 26.2144 Hz from filename
MAFAULDA,mafaulda_underhang_ball_fault_35g_27.2384,mafaulda_underhang_ball_fault_35g,mafaulda_defective_ball_fault,mafaulda_underhang_ball_fault_35g,,data/raw_mafaulda/full/underhang/ball_fault/35g/27.2384.csv,underhang/ball_fault,RollingElement,50000,5.0,250000,1634.3039999999999,added_mass_35g,"8ch(tacho;uh_ax,rad,tan;oh_ax,rad,tan;mic)",bearing_ball_fault,added_mass_35g,underhang,https://www02.smt.ufrj.br/~offshore/mfs/page_01.html,documented,rotation 27.2384 Hz from filename
MAFAULDA,mafaulda_underhang_ball_fault_35g_28.4672,mafaulda_underhang_ball_fault_35g,mafaulda_defective_ball_fault,mafaulda_underhang_ball_fault_35g,,data/raw_mafaulda/full/underhang/ball_fault/35g/28.4672.csv,underhang/ball_fault,RollingElement,50000,5.0,250000,1708.032,added_mass_35g,"8ch(tacho;uh_ax,rad,tan;oh_ax,rad,tan;mic)",bearing_ball_fault,added_mass_35g,underhang,https://www02.smt.ufrj.br/~offshore/mfs/page_01.html,documented,rotation 28.4672 Hz from filename
MAFAULDA,mafaulda_underhang_ball_fault_35g_29.696,mafaulda_underhang_ball_fault_35g,mafaulda_defective_ball_fault,mafaulda_underhang_ball_fault_35g,,data/raw_mafaulda/full/underhang/ball_fault/35g/29.696.csv,underhang/ball_fault,RollingElement,50000,5.0,250000,1781.76,added_mass_35g,"8ch(tacho;uh_ax,rad,tan;oh_ax,rad,tan;mic)",bearing_ball_fault,added_mass_35g,underhang,https://www02.smt.ufrj.br/~offshore/mfs/page_01.html,documented,rotation 29.696 Hz from filename
MAFAULDA,mafaulda_underhang_ball_fault_35g_30.5152,mafaulda_underhang_ball_fault_35g,mafaulda_defective_ball_fault,mafaulda_underhang_ball_fault_35g,,data/raw_mafaulda/full/underhang/ball_fault/35g/30.5152.csv,underhang/ball_fault,RollingElement,50000,5.0,250000,1830.912,added_mass_35g,"8ch(tacho;uh_ax,rad,tan;oh_ax,rad,tan;mic)",bearing_ball_fault,added_mass_35g,underhang,https://www02.smt.ufrj.br/~offshore/mfs/page_01.html,documented,rotation 30.5152 Hz from filename
MAFAULDA,mafaulda_underhang_ball_fault_35g_30.9248,mafaulda_underhang_ball_fault_35g,mafaulda_defective_ball_fault,mafaulda_underhang_ball_fault_35g,,data/raw_mafaulda/full/underhang/ball_fault/35g/30.9248.csv,underhang/ball_fault,RollingElement,50000,5.0,250000,1855.488,added_mass_35g,"8ch(tacho;uh_ax,rad,tan;oh_ax,rad,tan;mic)",bearing_ball_fault,added_mass_35g,underhang,https://www02.smt.ufrj.br/~offshore/mfs/page_01.html,documented,rotation 30.9248 Hz from filename
MAFAULDA,mafaulda_underhang_ball_fault_35g_31.9488,mafaulda_underhang_ball_fault_35g,mafaulda_defective_ball_fault,mafaulda_underhang_ball_fault_35g,,data/raw_mafaulda/full/underhang/ball_fault/35g/31.9488.csv,underhang/ball_fault,RollingElement,50000,5.0,250000,1916.9279999999999,added_mass_35g,"8ch(tacho;uh_ax,rad,tan;oh_ax,rad,tan;mic)",bearing_ball_fault,added_mass_35g,underhang,https://www02.smt.ufrj.br/~offshore/mfs/page_01.html,documented,rotation 31.9488 Hz from filename
MAFAULDA,mafaulda_underhang_ball_fault_35g_32.9728,mafaulda_underhang_ball_fault_35g,mafaulda_defective_ball_fault,mafaulda_underhang_ball_fault_35g,,data/raw_mafaulda/full/underhang/ball_fault/35g/32.9728.csv,underhang/ball_fault,RollingElement,50000,5.0,250000,1978.368,added_mass_35g,"8ch(tacho;uh_ax,rad,tan;oh_ax,rad,tan;mic)",bearing_ball_fault,added_mass_35g,underhang,https://www02.smt.ufrj.br/~offshore/mfs/page_01.html,documented,rotation 32.9728 Hz from filename
MAFAULDA,mafaulda_underhang_ball_fault_35g_34.4064,mafaulda_underhang_ball_fault_35g,mafaulda_defective_ball_fault,mafaulda_underhang_ball_fault_35g,,data/raw_mafaulda/full/underhang/ball_fault/35g/34.4064.csv,underhang/ball_fault,RollingElement,50000,5.0,250000,2064.384,added_mass_35g,"8ch(tacho;uh_ax,rad,tan;oh_ax,rad,tan;mic)",bearing_ball_fault,added_mass_35g,underhang,https://www02.smt.ufrj.br/~offshore/mfs/page_01.html,documented,rotation 34.4064 Hz from filename
MAFAULDA,mafaulda_underhang_ball_fault_35g_35.4304,mafaulda_underhang_ball_fault_35g,mafaulda_defective_ball_fault,mafaulda_underhang_ball_fault_35g,,data/raw_mafaulda/full/underhang/ball_fault/35g/35.4304.csv,underhang/ball_fault,RollingElement,50000,5.0,250000,2125.824,added_mass_35g,"8ch(tacho;uh_ax,rad,tan;oh_ax,rad,tan;mic)",bearing_ball_fault,added_mass_35g,underhang,https://www02.smt.ufrj.br/~offshore/mfs/page_01.html,documented,rotation 35.4304 Hz from filename
MAFAULDA,mafaulda_underhang_ball_fault_35g_36.6592,mafaulda_underhang_ball_fault_35g,mafaulda_defective_ball_fault,mafaulda_underhang_ball_fault_35g,,data/raw_mafaulda/full/underhang/ball_fault/35g/36.6592.csv,underhang/ball_fault,RollingElement,50000,5.0,250000,2199.5519999999997,added_mass_35g,"8ch(tacho;uh_ax,rad,tan;oh_ax,rad,tan;mic)",bearing_ball_fault,added_mass_35g,underhang,https://www02.smt.ufrj.br/~offshore/mfs/page_01.html,documented,rotation 36.6592 Hz from filename
MAFAULDA,mafaulda_underhang_ball_fault_35g_37.888,mafaulda_underhang_ball_fault_35g,mafaulda_defective_ball_fault,mafaulda_underhang_ball_fault_35g,,data/raw_mafaulda/full/underhang/ball_fault/35g/37.888.csv,underhang/ball_fault,RollingElement,50000,5.0,250000,2273.2799999999997,added_mass_35g,"8ch(tacho;uh_ax,rad,tan;oh_ax,rad,tan;mic)",bearing_ball_fault,added_mass_35g,underhang,https://www02.smt.ufrj.br/~offshore/mfs/page_01.html,documented,rotation 37.888 Hz from filename
MAFAULDA,mafaulda_underhang_ball_fault_35g_38.5024,mafaulda_underhang_ball_fault_35g,mafaulda_defective_ball_fault,mafaulda_underhang_ball_fault_35g,,data/raw_mafaulda/full/underhang/ball_fault/35g/38.5024.csv,underhang/ball_fault,RollingElement,50000,5.0,250000,2310.1440000000002,added_mass_35g,"8ch(tacho;uh_ax,rad,tan;oh_ax,rad,tan;mic)",bearing_ball_fault,added_mass_35g,underhang,https://www02.smt.ufrj.br/~offshore/mfs/page_01.html,documented,rotation 38.5024 Hz from filename
MAFAULDA,mafaulda_underhang_ball_fault_35g_39.3216,mafaulda_underhang_ball_fault_35g,mafaulda_defective_ball_fault,mafaulda_underhang_ball_fault_35g,,data/raw_mafaulda/full/underhang/ball_fault/35g/39.3216.csv,underhang/ball_fault,RollingElement,50000,5.0,250000,2359.296,added_mass_35g,"8ch(tacho;uh_ax,rad,tan;oh_ax,rad,tan;mic)",bearing_ball_fault,added_mass_35g,underhang,https://www02.smt.ufrj.br/~offshore/mfs/page_01.html,documented,rotation 39.3216 Hz from filename
MAFAULDA,mafaulda_underhang_ball_fault_35g_40.5504,mafaulda_underhang_ball_fault_35g,mafaulda_defective_ball_fault,mafaulda_underhang_ball_fault_35g,,data/raw_mafaulda/full/underhang/ball_fault/35g/40.5504.csv,underhang/ball_fault,RollingElement,50000,5.0,250000,2433.0240000000003,added_mass_35g,"8ch(tacho;uh_ax,rad,tan;oh_ax,rad,tan;mic)",bearing_ball_fault,added_mass_35g,underhang,https://www02.smt.ufrj.br/~offshore/mfs/page_01.html,documented,rotation 40.5504 Hz from filename
MAFAULDA,mafaulda_underhang_ball_fault_35g_41.1648,mafaulda_underhang_ball_fault_35g,mafaulda_defective_ball_fault,mafaulda_underhang_ball_fault_35g,,data/raw_mafaulda/full/underhang/ball_fault/35g/41.1648.csv,underhang/ball_fault,RollingElement,50000,5.0,250000,2469.888,added_mass_35g,"8ch(tacho;uh_ax,rad,tan;oh_ax,rad,tan;mic)",bearing_ball_fault,added_mass_35g,underhang,https://www02.smt.ufrj.br/~offshore/mfs/page_01.html,documented,rotation 41.1648 Hz from filename
MAFAULDA,mafaulda_underhang_ball_fault_35g_42.1888,mafaulda_underhang_ball_fault_35g,mafaulda_defective_ball_fault,mafaulda_underhang_ball_fault_35g,,data/raw_mafaulda/full/underhang/ball_fault/35g/42.1888.csv,underhang/ball_fault,RollingElement,50000,5.0,250000,2531.328,added_mass_35g,"8ch(tacho;uh_ax,rad,tan;oh_ax,rad,tan;mic)",bearing_ball_fault,added_mass_35g,underhang,https://www02.smt.ufrj.br/~offshore/mfs/page_01.html,documented,rotation 42.1888 Hz from filename
MAFAULDA,mafaulda_underhang_ball_fault_35g_43.8272,mafaulda_underhang_ball_fault_35g,mafaulda_defective_ball_fault,mafaulda_underhang_ball_fault_35g,,data/raw_mafaulda/full/underhang/ball_fault/35g/43.8272.csv,underhang/ball_fault,RollingElement,50000,5.0,250000,2629.632,added_mass_35g,"8ch(tacho;uh_ax,rad,tan;oh_ax,rad,tan;mic)",bearing_ball_fault,added_mass_35g,underhang,https://www02.smt.ufrj.br/~offshore/mfs/page_01.html,documented,rotation 43.8272 Hz from filename
MAFAULDA,mafaulda_underhang_ball_fault_35g_44.8512,mafaulda_underhang_ball_fault_35g,mafaulda_defective_ball_fault,mafaulda_underhang_ball_fault_35g,,data/raw_mafaulda/full/underhang/ball_fault/35g/44.8512.csv,underhang/ball_fault,RollingElement,50000,5.0,250000,2691.072,added_mass_35g,"8ch(tacho;uh_ax,rad,tan;oh_ax,rad,tan;mic)",bearing_ball_fault,added_mass_35g,underhang,https://www02.smt.ufrj.br/~offshore/mfs/page_01.html,documented,rotation 44.8512 Hz from filename
MAFAULDA,mafaulda_underhang_ball_fault_35g_45.8752,mafaulda_underhang_ball_fault_35g,mafaulda_defective_ball_fault,mafaulda_underhang_ball_fault_35g,,data/raw_mafaulda/full/underhang/ball_fault/35g/45.8752.csv,underhang/ball_fault,RollingElement,50000,5.0,250000,2752.512,added_mass_35g,"8ch(tacho;uh_ax,rad,tan;oh_ax,rad,tan;mic)",bearing_ball_fault,added_mass_35g,underhang,https://www02.smt.ufrj.br/~offshore/mfs/page_01.html,documented,rotation 45.8752 Hz from filename
MAFAULDA,mafaulda_underhang_ball_fault_35g_46.4896,mafaulda_underhang_ball_fault_35g,mafaulda_defective_ball_fault,mafaulda_underhang_ball_fault_35g,,data/raw_mafaulda/full/underhang/ball_fault/35g/46.4896.csv,underhang/ball_fault,RollingElement,50000,5.0,250000,2789.376,added_mass_35g,"8ch(tacho;uh_ax,rad,tan;oh_ax,rad,tan;mic)",bearing_ball_fault,added_mass_35g,underhang,https://www02.smt.ufrj.br/~offshore/mfs/page_01.html,documented,rotation 46.4896 Hz from filename
MAFAULDA,mafaulda_underhang_ball_fault_35g_47.5136,mafaulda_underhang_ball_fault_35g,mafaulda_defective_ball_fault,mafaulda_underhang_ball_fault_35g,,data/raw_mafaulda/full/underhang/ball_fault/35g/47.5136.csv,underhang/ball_fault,RollingElement,50000,5.0,250000,2850.816,added_mass_35g,"8ch(tacho;uh_ax,rad,tan;oh_ax,rad,tan;mic)",bearing_ball_fault,added_mass_35g,underhang,https://www02.smt.ufrj.br/~offshore/mfs/page_01.html,documented,rotation 47.5136 Hz from filename
MAFAULDA,mafaulda_underhang_ball_fault_35g_48.5376,mafaulda_underhang_ball_fault_35g,mafaulda_defective_ball_fault,mafaulda_underhang_ball_fault_35g,,data/raw_mafaulda/full/underhang/ball_fault/35g/48.5376.csv,underhang/ball_fault,RollingElement,50000,5.0,250000,2912.256,added_mass_35g,"8ch(tacho;uh_ax,rad,tan;oh_ax,rad,tan;mic)",bearing_ball_fault,added_mass_35g,underhang,https://www02.smt.ufrj.br/~offshore/mfs/page_01.html,documented,rotation 48.5376 Hz from filename
MAFAULDA,mafaulda_underhang_ball_fault_35g_49.7664,mafaulda_underhang_ball_fault_35g,mafaulda_defective_ball_fault,mafaulda_underhang_ball_fault_35g,,data/raw_mafaulda/full/underhang/ball_fault/35g/49.7664.csv,underhang/ball_fault,RollingElement,50000,5.0,250000,2985.984,added_mass_35g,"8ch(tacho;uh_ax,rad,tan;oh_ax,rad,tan;mic)",bearing_ball_fault,added_mass_35g,underhang,https://www02.smt.ufrj.br/~offshore/mfs/page_01.html,documented,rotation 49.7664 Hz from filename
MAFAULDA,mafaulda_underhang_ball_fault_35g_50.7904,mafaulda_underhang_ball_fault_35g,mafaulda_defective_ball_fault,mafaulda_underhang_ball_fault_35g,,data/raw_mafaulda/full/underhang/ball_fault/35g/50.7904.csv,underhang/ball_fault,RollingElement,50000,5.0,250000,3047.424,added_mass_35g,"8ch(tacho;uh_ax,rad,tan;oh_ax,rad,tan;mic)",bearing_ball_fault,added_mass_35g,underhang,https://www02.smt.ufrj.br/~offshore/mfs/page_01.html,documented,rotation 50.7904 Hz from filename
MAFAULDA,mafaulda_underhang_ball_fault_6g_13.1072,mafaulda_underhang_ball_fault_6g,mafaulda_defective_ball_fault,mafaulda_underhang_ball_fault_6g,,data/raw_mafaulda/full/underhang/ball_fault/6g/13.1072.csv,underhang/ball_fault,RollingElement,50000,5.0,250000,786.432,added_mass_6g,"8ch(tacho;uh_ax,rad,tan;oh_ax,rad,tan;mic)",bearing_ball_fault,added_mass_6g,underhang,https://www02.smt.ufrj.br/~offshore/mfs/page_01.html,documented,rotation 13.1072 Hz from filename
MAFAULDA,mafaulda_underhang_ball_fault_6g_14.336,mafaulda_underhang_ball_fault_6g,mafaulda_defective_ball_fault,mafaulda_underhang_ball_fault_6g,,data/raw_mafaulda/full/underhang/ball_fault/6g/14.336.csv,underhang/ball_fault,RollingElement,50000,5.0,250000,860.16,added_mass_6g,"8ch(tacho;uh_ax,rad,tan;oh_ax,rad,tan;mic)",bearing_ball_fault,added_mass_6g,underhang,https://www02.smt.ufrj.br/~offshore/mfs/page_01.html,documented,rotation 14.336 Hz from filename
MAFAULDA,mafaulda_underhang_ball_fault_6g_15.1552,mafaulda_underhang_ball_fault_6g,mafaulda_defective_ball_fault,mafaulda_underhang_ball_fault_6g,,data/raw_mafaulda/full/underhang/ball_fault/6g/15.1552.csv,underhang/ball_fault,RollingElement,50000,5.0,250000,909.312,added_mass_6g,"8ch(tacho;uh_ax,rad,tan;oh_ax,rad,tan;mic)",bearing_ball_fault,added_mass_6g,underhang,https://www02.smt.ufrj.br/~offshore/mfs/page_01.html,documented,rotation 15.1552 Hz from filename
MAFAULDA,mafaulda_underhang_ball_fault_6g_15.9744,mafaulda_underhang_ball_fault_6g,mafaulda_defective_ball_fault,mafaulda_underhang_ball_fault_6g,,data/raw_mafaulda/full/underhang/ball_fault/6g/15.9744.csv,underhang/ball_fault,RollingElement,50000,5.0,250000,958.4639999999999,added_mass_6g,"8ch(tacho;uh_ax,rad,tan;oh_ax,rad,tan;mic)",bearing_ball_fault,added_mass_6g,underhang,https://www02.smt.ufrj.br/~offshore/mfs/page_01.html,documented,rotation 15.9744 Hz from filename
MAFAULDA,mafaulda_underhang_ball_fault_6g_17.2032,mafaulda_underhang_ball_fault_6g,mafaulda_defective_ball_fault,mafaulda_underhang_ball_fault_6g,,data/raw_mafaulda/full/underhang/ball_fault/6g/17.2032.csv,underhang/ball_fault,RollingElement,50000,5.0,250000,1032.192,added_mass_6g,"8ch(tacho;uh_ax,rad,tan;oh_ax,rad,tan;mic)",bearing_ball_fault,added_mass_6g,underhang,https://www02.smt.ufrj.br/~offshore/mfs/page_01.html,documented,rotation 17.2032 Hz from filename
MAFAULDA,mafaulda_underhang_ball_fault_6g_18.432,mafaulda_underhang_ball_fault_6g,mafaulda_defective_ball_fault,mafaulda_underhang_ball_fault_6g,,data/raw_mafaulda/full/underhang/ball_fault/6g/18.432.csv,underhang/ball_fault,RollingElement,50000,5.0,250000,1105.9199999999998,added_mass_6g,"8ch(tacho;uh_ax,rad,tan;oh_ax,rad,tan;mic)",bearing_ball_fault,added_mass_6g,underhang,https://www02.smt.ufrj.br/~offshore/mfs/page_01.html,documented,rotation 18.432 Hz from filename
MAFAULDA,mafaulda_underhang_ball_fault_6g_19.6608,mafaulda_underhang_ball_fault_6g,mafaulda_defective_ball_fault,mafaulda_underhang_ball_fault_6g,,data/raw_mafaulda/full/underhang/ball_fault/6g/19.6608.csv,underhang/ball_fault,RollingElement,50000,5.0,250000,1179.648,added_mass_6g,"8ch(tacho;uh_ax,rad,tan;oh_ax,rad,tan;mic)",bearing_ball_fault,added_mass_6g,underhang,https://www02.smt.ufrj.br/~offshore/mfs/page_01.html,documented,rotation 19.6608 Hz from filename
MAFAULDA,mafaulda_underhang_ball_fault_6g_20.2752,mafaulda_underhang_ball_fault_6g,mafaulda_defective_ball_fault,mafaulda_underhang_ball_fault_6g,,data/raw_mafaulda/full/underhang/ball_fault/6g/20.2752.csv,underhang/ball_fault,RollingElement,50000,5.0,250000,1216.5120000000002,added_mass_6g,"8ch(tacho;uh_ax,rad,tan;oh_ax,rad,tan;mic)",bearing_ball_fault,added_mass_6g,underhang,https://www02.smt.ufrj.br/~offshore/mfs/page_01.html,documented,rotation 20.2752 Hz from filename
MAFAULDA,mafaulda_underhang_ball_fault_6g_21.0944,mafaulda_underhang_ball_fault_6g,mafaulda_defective_ball_fault,mafaulda_underhang_ball_fault_6g,,data/raw_mafaulda/full/underhang/ball_fault/6g/21.0944.csv,underhang/ball_fault,RollingElement,50000,5.0,250000,1265.664,added_mass_6g,"8ch(tacho;uh_ax,rad,tan;oh_ax,rad,tan;mic)",bearing_ball_fault,added_mass_6g,underhang,https://www02.smt.ufrj.br/~offshore/mfs/page_01.html,documented,rotation 21.0944 Hz from filename
MAFAULDA,mafaulda_underhang_ball_fault_6g_22.7328,mafaulda_underhang_ball_fault_6g,mafaulda_defective_ball_fault,mafaulda_underhang_ball_fault_6g,,data/raw_mafaulda/full/underhang/ball_fault/6g/22.7328.csv,underhang/ball_fault,RollingElement,50000,5.0,250000,1363.968,added_mass_6g,"8ch(tacho;uh_ax,rad,tan;oh_ax,rad,tan;mic)",bearing_ball_fault,added_mass_6g,underhang,https://www02.smt.ufrj.br/~offshore/mfs/page_01.html,documented,rotation 22.7328 Hz from filename
MAFAULDA,mafaulda_underhang_ball_fault_6g_23.552,mafaulda_underhang_ball_fault_6g,mafaulda_defective_ball_fault,mafaulda_underhang_ball_fault_6g,,data/raw_mafaulda/full/underhang/ball_fault/6g/23.552.csv,underhang/ball_fault,RollingElement,50000,5.0,250000,1413.12,added_mass_6g,"8ch(tacho;uh_ax,rad,tan;oh_ax,rad,tan;mic)",bearing_ball_fault,added_mass_6g,underhang,https://www02.smt.ufrj.br/~offshore/mfs/page_01.html,documented,rotation 23.552 Hz from filename
MAFAULDA,mafaulda_underhang_ball_fault_6g_24.3712,mafaulda_underhang_ball_fault_6g,mafaulda_defective_ball_fault,mafaulda_underhang_ball_fault_6g,,data/raw_mafaulda/full/underhang/ball_fault/6g/24.3712.csv,underhang/ball_fault,RollingElement,50000,5.0,250000,1462.2720000000002,added_mass_6g,"8ch(tacho;uh_ax,rad,tan;oh_ax,rad,tan;mic)",bearing_ball_fault,added_mass_6g,underhang,https://www02.smt.ufrj.br/~offshore/mfs/page_01.html,documented,rotation 24.3712 Hz from filename
MAFAULDA,mafaulda_underhang_ball_fault_6g_25.3952,mafaulda_underhang_ball_fault_6g,mafaulda_defective_ball_fault,mafaulda_underhang_ball_fault_6g,,data/raw_mafaulda/full/underhang/ball_fault/6g/25.3952.csv,underhang/ball_fault,RollingElement,50000,5.0,250000,1523.712,added_mass_6g,"8ch(tacho;uh_ax,rad,tan;oh_ax,rad,tan;mic)",bearing_ball_fault,added_mass_6g,underhang,https://www02.smt.ufrj.br/~offshore/mfs/page_01.html,documented,rotation 25.3952 Hz from filename
MAFAULDA,mafaulda_underhang_ball_fault_6g_26.8288,mafaulda_underhang_ball_fault_6g,mafaulda_defective_ball_fault,mafaulda_underhang_ball_fault_6g,,data/raw_mafaulda/full/underhang/ball_fault/6g/26.8288.csv,underhang/ball_fault,RollingElement,50000,5.0,250000,1609.728,added_mass_6g,"8ch(tacho;uh_ax,rad,tan;oh_ax,rad,tan;mic)",bearing_ball_fault,added_mass_6g,underhang,https://www02.smt.ufrj.br/~offshore/mfs/page_01.html,documented,rotation 26.8288 Hz from filename
MAFAULDA,mafaulda_underhang_ball_fault_6g_27.2384,mafaulda_underhang_ball_fault_6g,mafaulda_defective_ball_fault,mafaulda_underhang_ball_fault_6g,,data/raw_mafaulda/full/underhang/ball_fault/6g/27.2384.csv,underhang/ball_fault,RollingElement,50000,5.0,250000,1634.3039999999999,added_mass_6g,"8ch(tacho;uh_ax,rad,tan;oh_ax,rad,tan;mic)",bearing_ball_fault,added_mass_6g,underhang,https://www02.smt.ufrj.br/~offshore/mfs/page_01.html,documented,rotation 27.2384 Hz from filename
MAFAULDA,mafaulda_underhang_ball_fault_6g_28.2624,mafaulda_underhang_ball_fault_6g,mafaulda_defective_ball_fault,mafaulda_underhang_ball_fault_6g,,data/raw_mafaulda/full/underhang/ball_fault/6g/28.2624.csv,underhang/ball_fault,RollingElement,50000,5.0,250000,1695.744,added_mass_6g,"8ch(tacho;uh_ax,rad,tan;oh_ax,rad,tan;mic)",bearing_ball_fault,added_mass_6g,underhang,https://www02.smt.ufrj.br/~offshore/mfs/page_01.html,documented,rotation 28.2624 Hz from filename
MAFAULDA,mafaulda_underhang_ball_fault_6g_29.4912,mafaulda_underhang_ball_fault_6g,mafaulda_defective_ball_fault,mafaulda_underhang_ball_fault_6g,,data/raw_mafaulda/full/underhang/ball_fault/6g/29.4912.csv,underhang/ball_fault,RollingElement,50000,5.0,250000,1769.472,added_mass_6g,"8ch(tacho;uh_ax,rad,tan;oh_ax,rad,tan;mic)",bearing_ball_fault,added_mass_6g,underhang,https://www02.smt.ufrj.br/~offshore/mfs/page_01.html,documented,rotation 29.4912 Hz from filename
MAFAULDA,mafaulda_underhang_ball_fault_6g_30.3104,mafaulda_underhang_ball_fault_6g,mafaulda_defective_ball_fault,mafaulda_underhang_ball_fault_6g,,data/raw_mafaulda/full/underhang/ball_fault/6g/30.3104.csv,underhang/ball_fault,RollingElement,50000,5.0,250000,1818.624,added_mass_6g,"8ch(tacho;uh_ax,rad,tan;oh_ax,rad,tan;mic)",bearing_ball_fault,added_mass_6g,underhang,https://www02.smt.ufrj.br/~offshore/mfs/page_01.html,documented,rotation 30.3104 Hz from filename
MAFAULDA,mafaulda_underhang_ball_fault_6g_31.1296,mafaulda_underhang_ball_fault_6g,mafaulda_defective_ball_fault,mafaulda_underhang_ball_fault_6g,,data/raw_mafaulda/full/underhang/ball_fault/6g/31.1296.csv,underhang/ball_fault,RollingElement,50000,5.0,250000,1867.776,added_mass_6g,"8ch(tacho;uh_ax,rad,tan;oh_ax,rad,tan;mic)",bearing_ball_fault,added_mass_6g,underhang,https://www02.smt.ufrj.br/~offshore/mfs/page_01.html,documented,rotation 31.1296 Hz from filename
MAFAULDA,mafaulda_underhang_ball_fault_6g_32.5632,mafaulda_underhang_ball_fault_6g,mafaulda_defective_ball_fault,mafaulda_underhang_ball_fault_6g,,data/raw_mafaulda/full/underhang/ball_fault/6g/32.5632.csv,underhang/ball_fault,RollingElement,50000,5.0,250000,1953.7920000000001,added_mass_6g,"8ch(tacho;uh_ax,rad,tan;oh_ax,rad,tan;mic)",bearing_ball_fault,added_mass_6g,underhang,https://www02.smt.ufrj.br/~offshore/mfs/page_01.html,documented,rotation 32.5632 Hz from filename
MAFAULDA,mafaulda_underhang_ball_fault_6g_33.3824,mafaulda_underhang_ball_fault_6g,mafaulda_defective_ball_fault,mafaulda_underhang_ball_fault_6g,,data/raw_mafaulda/full/underhang/ball_fault/6g/33.3824.csv,underhang/ball_fault,RollingElement,50000,5.0,250000,2002.9439999999997,added_mass_6g,"8ch(tacho;uh_ax,rad,tan;oh_ax,rad,tan;mic)",bearing_ball_fault,added_mass_6g,underhang,https://www02.smt.ufrj.br/~offshore/mfs/page_01.html,documented,rotation 33.3824 Hz from filename
MAFAULDA,mafaulda_underhang_ball_fault_6g_34.6112,mafaulda_underhang_ball_fault_6g,mafaulda_defective_ball_fault,mafaulda_underhang_ball_fault_6g,,data/raw_mafaulda/full/underhang/ball_fault/6g/34.6112.csv,underhang/ball_fault,RollingElement,50000,5.0,250000,2076.6719999999996,added_mass_6g,"8ch(tacho;uh_ax,rad,tan;oh_ax,rad,tan;mic)",bearing_ball_fault,added_mass_6g,underhang,https://www02.smt.ufrj.br/~offshore/mfs/page_01.html,documented,rotation 34.6112 Hz from filename
MAFAULDA,mafaulda_underhang_ball_fault_6g_35.0208,mafaulda_underhang_ball_fault_6g,mafaulda_defective_ball_fault,mafaulda_underhang_ball_fault_6g,,data/raw_mafaulda/full/underhang/ball_fault/6g/35.0208.csv,underhang/ball_fault,RollingElement,50000,5.0,250000,2101.248,added_mass_6g,"8ch(tacho;uh_ax,rad,tan;oh_ax,rad,tan;mic)",bearing_ball_fault,added_mass_6g,underhang,https://www02.smt.ufrj.br/~offshore/mfs/page_01.html,documented,rotation 35.0208 Hz from filename
MAFAULDA,mafaulda_underhang_ball_fault_6g_36.0448,mafaulda_underhang_ball_fault_6g,mafaulda_defective_ball_fault,mafaulda_underhang_ball_fault_6g,,data/raw_mafaulda/full/underhang/ball_fault/6g/36.0448.csv,underhang/ball_fault,RollingElement,50000,5.0,250000,2162.688,added_mass_6g,"8ch(tacho;uh_ax,rad,tan;oh_ax,rad,tan;mic)",bearing_ball_fault,added_mass_6g,underhang,https://www02.smt.ufrj.br/~offshore/mfs/page_01.html,documented,rotation 36.0448 Hz from filename
MAFAULDA,mafaulda_underhang_ball_fault_6g_37.2736,mafaulda_underhang_ball_fault_6g,mafaulda_defective_ball_fault,mafaulda_underhang_ball_fault_6g,,data/raw_mafaulda/full/underhang/ball_fault/6g/37.2736.csv,underhang/ball_fault,RollingElement,50000,5.0,250000,2236.416,added_mass_6g,"8ch(tacho;uh_ax,rad,tan;oh_ax,rad,tan;mic)",bearing_ball_fault,added_mass_6g,underhang,https://www02.smt.ufrj.br/~offshore/mfs/page_01.html,documented,rotation 37.2736 Hz from filename
MAFAULDA,mafaulda_underhang_ball_fault_6g_38.7072,mafaulda_underhang_ball_fault_6g,mafaulda_defective_ball_fault,mafaulda_underhang_ball_fault_6g,,data/raw_mafaulda/full/underhang/ball_fault/6g/38.7072.csv,underhang/ball_fault,RollingElement,50000,5.0,250000,2322.432,added_mass_6g,"8ch(tacho;uh_ax,rad,tan;oh_ax,rad,tan;mic)",bearing_ball_fault,added_mass_6g,underhang,https://www02.smt.ufrj.br/~offshore/mfs/page_01.html,documented,rotation 38.7072 Hz from filename
MAFAULDA,mafaulda_underhang_ball_fault_6g_39.7312,mafaulda_underhang_ball_fault_6g,mafaulda_defective_ball_fault,mafaulda_underhang_ball_fault_6g,,data/raw_mafaulda/full/underhang/ball_fault/6g/39.7312.csv,underhang/ball_fault,RollingElement,50000,5.0,250000,2383.8720000000003,added_mass_6g,"8ch(tacho;uh_ax,rad,tan;oh_ax,rad,tan;mic)",bearing_ball_fault,added_mass_6g,underhang,https://www02.smt.ufrj.br/~offshore/mfs/page_01.html,documented,rotation 39.7312 Hz from filename
MAFAULDA,mafaulda_underhang_ball_fault_6g_40.3456,mafaulda_underhang_ball_fault_6g,mafaulda_defective_ball_fault,mafaulda_underhang_ball_fault_6g,,data/raw_mafaulda/full/underhang/ball_fault/6g/40.3456.csv,underhang/ball_fault,RollingElement,50000,5.0,250000,2420.736,added_mass_6g,"8ch(tacho;uh_ax,rad,tan;oh_ax,rad,tan;mic)",bearing_ball_fault,added_mass_6g,underhang,https://www02.smt.ufrj.br/~offshore/mfs/page_01.html,documented,rotation 40.3456 Hz from filename
MAFAULDA,mafaulda_underhang_ball_fault_6g_41.3696,mafaulda_underhang_ball_fault_6g,mafaulda_defective_ball_fault,mafaulda_underhang_ball_fault_6g,,data/raw_mafaulda/full/underhang/ball_fault/6g/41.3696.csv,underhang/ball_fault,RollingElement,50000,5.0,250000,2482.176,added_mass_6g,"8ch(tacho;uh_ax,rad,tan;oh_ax,rad,tan;mic)",bearing_ball_fault,added_mass_6g,underhang,https://www02.smt.ufrj.br/~offshore/mfs/page_01.html,documented,rotation 41.3696 Hz from filename
MAFAULDA,mafaulda_underhang_ball_fault_6g_41.984,mafaulda_underhang_ball_fault_6g,mafaulda_defective_ball_fault,mafaulda_underhang_ball_fault_6g,,data/raw_mafaulda/full/underhang/ball_fault/6g/41.984.csv,underhang/ball_fault,RollingElement,50000,5.0,250000,2519.04,added_mass_6g,"8ch(tacho;uh_ax,rad,tan;oh_ax,rad,tan;mic)",bearing_ball_fault,added_mass_6g,underhang,https://www02.smt.ufrj.br/~offshore/mfs/page_01.html,documented,rotation 41.984 Hz from filename
MAFAULDA,mafaulda_underhang_ball_fault_6g_43.2128,mafaulda_underhang_ball_fault_6g,mafaulda_defective_ball_fault,mafaulda_underhang_ball_fault_6g,,data/raw_mafaulda/full/underhang/ball_fault/6g/43.2128.csv,underhang/ball_fault,RollingElement,50000,5.0,250000,2592.768,added_mass_6g,"8ch(tacho;uh_ax,rad,tan;oh_ax,rad,tan;mic)",bearing_ball_fault,added_mass_6g,underhang,https://www02.smt.ufrj.br/~offshore/mfs/page_01.html,documented,rotation 43.2128 Hz from filename
MAFAULDA,mafaulda_underhang_ball_fault_6g_44.6464,mafaulda_underhang_ball_fault_6g,mafaulda_defective_ball_fault,mafaulda_underhang_ball_fault_6g,,data/raw_mafaulda/full/underhang/ball_fault/6g/44.6464.csv,underhang/ball_fault,RollingElement,50000,5.0,250000,2678.784,added_mass_6g,"8ch(tacho;uh_ax,rad,tan;oh_ax,rad,tan;mic)",bearing_ball_fault,added_mass_6g,underhang,https://www02.smt.ufrj.br/~offshore/mfs/page_01.html,documented,rotation 44.6464 Hz from filename
MAFAULDA,mafaulda_underhang_ball_fault_6g_45.4656,mafaulda_underhang_ball_fault_6g,mafaulda_defective_ball_fault,mafaulda_underhang_ball_fault_6g,,data/raw_mafaulda/full/underhang/ball_fault/6g/45.4656.csv,underhang/ball_fault,RollingElement,50000,5.0,250000,2727.936,added_mass_6g,"8ch(tacho;uh_ax,rad,tan;oh_ax,rad,tan;mic)",bearing_ball_fault,added_mass_6g,underhang,https://www02.smt.ufrj.br/~offshore/mfs/page_01.html,documented,rotation 45.4656 Hz from filename
MAFAULDA,mafaulda_underhang_ball_fault_6g_46.4896,mafaulda_underhang_ball_fault_6g,mafaulda_defective_ball_fault,mafaulda_underhang_ball_fault_6g,,data/raw_mafaulda/full/underhang/ball_fault/6g/46.4896.csv,underhang/ball_fault,RollingElement,50000,5.0,250000,2789.376,added_mass_6g,"8ch(tacho;uh_ax,rad,tan;oh_ax,rad,tan;mic)",bearing_ball_fault,added_mass_6g,underhang,https://www02.smt.ufrj.br/~offshore/mfs/page_01.html,documented,rotation 46.4896 Hz from filename
MAFAULDA,mafaulda_underhang_ball_fault_6g_47.5136,mafaulda_underhang_ball_fault_6g,mafaulda_defective_ball_fault,mafaulda_underhang_ball_fault_6g,,data/raw_mafaulda/full/underhang/ball_fault/6g/47.5136.csv,underhang/ball_fault,RollingElement,50000,5.0,250000,2850.816,added_mass_6g,"8ch(tacho;uh_ax,rad,tan;oh_ax,rad,tan;mic)",bearing_ball_fault,added_mass_6g,underhang,https://www02.smt.ufrj.br/~offshore/mfs/page_01.html,documented,rotation 47.5136 Hz from filename
MAFAULDA,mafaulda_underhang_ball_fault_6g_47.9232,mafaulda_underhang_ball_fault_6g,mafaulda_defective_ball_fault,mafaulda_underhang_ball_fault_6g,,data/raw_mafaulda/full/underhang/ball_fault/6g/47.9232.csv,underhang/ball_fault,RollingElement,50000,5.0,250000,2875.3920000000003,added_mass_6g,"8ch(tacho;uh_ax,rad,tan;oh_ax,rad,tan;mic)",bearing_ball_fault,added_mass_6g,underhang,https://www02.smt.ufrj.br/~offshore/mfs/page_01.html,documented,rotation 47.9232 Hz from filename
MAFAULDA,mafaulda_underhang_ball_fault_6g_49.152,mafaulda_underhang_ball_fault_6g,mafaulda_defective_ball_fault,mafaulda_underhang_ball_fault_6g,,data/raw_mafaulda/full/underhang/ball_fault/6g/49.152.csv,underhang/ball_fault,RollingElement,50000,5.0,250000,2949.12,added_mass_6g,"8ch(tacho;uh_ax,rad,tan;oh_ax,rad,tan;mic)",bearing_ball_fault,added_mass_6g,underhang,https://www02.smt.ufrj.br/~offshore/mfs/page_01.html,documented,rotation 49.152 Hz from filename
MAFAULDA,mafaulda_underhang_ball_fault_6g_50.176,mafaulda_underhang_ball_fault_6g,mafaulda_defective_ball_fault,mafaulda_underhang_ball_fault_6g,,data/raw_mafaulda/full/underhang/ball_fault/6g/50.176.csv,underhang/ball_fault,RollingElement,50000,5.0,250000,3010.56,added_mass_6g,"8ch(tacho;uh_ax,rad,tan;oh_ax,rad,tan;mic)",bearing_ball_fault,added_mass_6g,underhang,https://www02.smt.ufrj.br/~offshore/mfs/page_01.html,documented,rotation 50.176 Hz from filename
MAFAULDA,mafaulda_underhang_ball_fault_6g_51.4048,mafaulda_underhang_ball_fault_6g,mafaulda_defective_ball_fault,mafaulda_underhang_ball_fault_6g,,data/raw_mafaulda/full/underhang/ball_fault/6g/51.4048.csv,underhang/ball_fault,RollingElement,50000,5.0,250000,3084.288,added_mass_6g,"8ch(tacho;uh_ax,rad,tan;oh_ax,rad,tan;mic)",bearing_ball_fault,added_mass_6g,underhang,https://www02.smt.ufrj.br/~offshore/mfs/page_01.html,documented,rotation 51.4048 Hz from filename
MAFAULDA,mafaulda_underhang_ball_fault_6g_52.4288,mafaulda_underhang_ball_fault_6g,mafaulda_defective_ball_fault,mafaulda_underhang_ball_fault_6g,,data/raw_mafaulda/full/underhang/ball_fault/6g/52.4288.csv,underhang/ball_fault,RollingElement,50000,5.0,250000,3145.728,added_mass_6g,"8ch(tacho;uh_ax,rad,tan;oh_ax,rad,tan;mic)",bearing_ball_fault,added_mass_6g,underhang,https://www02.smt.ufrj.br/~offshore/mfs/page_01.html,documented,rotation 52.4288 Hz from filename
MAFAULDA,mafaulda_underhang_ball_fault_6g_53.0432,mafaulda_underhang_ball_fault_6g,mafaulda_defective_ball_fault,mafaulda_underhang_ball_fault_6g,,data/raw_mafaulda/full/underhang/ball_fault/6g/53.0432.csv,underhang/ball_fault,RollingElement,50000,5.0,250000,3182.592,added_mass_6g,"8ch(tacho;uh_ax,rad,tan;oh_ax,rad,tan;mic)",bearing_ball_fault,added_mass_6g,underhang,https://www02.smt.ufrj.br/~offshore/mfs/page_01.html,documented,rotation 53.0432 Hz from filename
MAFAULDA,mafaulda_underhang_ball_fault_6g_54.8864,mafaulda_underhang_ball_fault_6g,mafaulda_defective_ball_fault,mafaulda_underhang_ball_fault_6g,,data/raw_mafaulda/full/underhang/ball_fault/6g/54.8864.csv,underhang/ball_fault,RollingElement,50000,5.0,250000,3293.184,added_mass_6g,"8ch(tacho;uh_ax,rad,tan;oh_ax,rad,tan;mic)",bearing_ball_fault,added_mass_6g,underhang,https://www02.smt.ufrj.br/~offshore/mfs/page_01.html,documented,rotation 54.8864 Hz from filename
MAFAULDA,mafaulda_underhang_ball_fault_6g_55.5008,mafaulda_underhang_ball_fault_6g,mafaulda_defective_ball_fault,mafaulda_underhang_ball_fault_6g,,data/raw_mafaulda/full/underhang/ball_fault/6g/55.5008.csv,underhang/ball_fault,RollingElement,50000,5.0,250000,3330.048,added_mass_6g,"8ch(tacho;uh_ax,rad,tan;oh_ax,rad,tan;mic)",bearing_ball_fault,added_mass_6g,underhang,https://www02.smt.ufrj.br/~offshore/mfs/page_01.html,documented,rotation 55.5008 Hz from filename
MAFAULDA,mafaulda_underhang_ball_fault_6g_56.5248,mafaulda_underhang_ball_fault_6g,mafaulda_defective_ball_fault,mafaulda_underhang_ball_fault_6g,,data/raw_mafaulda/full/underhang/ball_fault/6g/56.5248.csv,underhang/ball_fault,RollingElement,50000,5.0,250000,3391.488,added_mass_6g,"8ch(tacho;uh_ax,rad,tan;oh_ax,rad,tan;mic)",bearing_ball_fault,added_mass_6g,underhang,https://www02.smt.ufrj.br/~offshore/mfs/page_01.html,documented,rotation 56.5248 Hz from filename
MAFAULDA,mafaulda_underhang_ball_fault_6g_57.5488,mafaulda_underhang_ball_fault_6g,mafaulda_defective_ball_fault,mafaulda_underhang_ball_fault_6g,,data/raw_mafaulda/full/underhang/ball_fault/6g/57.5488.csv,underhang/ball_fault,RollingElement,50000,5.0,250000,3452.928,added_mass_6g,"8ch(tacho;uh_ax,rad,tan;oh_ax,rad,tan;mic)",bearing_ball_fault,added_mass_6g,underhang,https://www02.smt.ufrj.br/~offshore/mfs/page_01.html,documented,rotation 57.5488 Hz from filename
MAFAULDA,mafaulda_underhang_ball_fault_6g_58.368,mafaulda_underhang_ball_fault_6g,mafaulda_defective_ball_fault,mafaulda_underhang_ball_fault_6g,,data/raw_mafaulda/full/underhang/ball_fault/6g/58.368.csv,underhang/ball_fault,RollingElement,50000,5.0,250000,3502.08,added_mass_6g,"8ch(tacho;uh_ax,rad,tan;oh_ax,rad,tan;mic)",bearing_ball_fault,added_mass_6g,underhang,https://www02.smt.ufrj.br/~offshore/mfs/page_01.html,documented,rotation 58.368 Hz from filename
MAFAULDA,mafaulda_underhang_ball_fault_6g_59.5968,mafaulda_underhang_ball_fault_6g,mafaulda_defective_ball_fault,mafaulda_underhang_ball_fault_6g,,data/raw_mafaulda/full/underhang/ball_fault/6g/59.5968.csv,underhang/ball_fault,RollingElement,50000,5.0,250000,3575.808,added_mass_6g,"8ch(tacho;uh_ax,rad,tan;oh_ax,rad,tan;mic)",bearing_ball_fault,added_mass_6g,underhang,https://www02.smt.ufrj.br/~offshore/mfs/page_01.html,documented,rotation 59.5968 Hz from filename
MAFAULDA,mafaulda_underhang_ball_fault_6g_60.2112,mafaulda_underhang_ball_fault_6g,mafaulda_defective_ball_fault,mafaulda_underhang_ball_fault_6g,,data/raw_mafaulda/full/underhang/ball_fault/6g/60.2112.csv,underhang/ball_fault,RollingElement,50000,5.0,250000,3612.672,added_mass_6g,"8ch(tacho;uh_ax,rad,tan;oh_ax,rad,tan;mic)",bearing_ball_fault,added_mass_6g,underhang,https://www02.smt.ufrj.br/~offshore/mfs/page_01.html,documented,rotation 60.2112 Hz from filename
MAFAULDA,mafaulda_underhang_ball_fault_6g_62.0544,mafaulda_underhang_ball_fault_6g,mafaulda_defective_ball_fault,mafaulda_underhang_ball_fault_6g,,data/raw_mafaulda/full/underhang/ball_fault/6g/62.0544.csv,underhang/ball_fault,RollingElement,50000,5.0,250000,3723.264,added_mass_6g,"8ch(tacho;uh_ax,rad,tan;oh_ax,rad,tan;mic)",bearing_ball_fault,added_mass_6g,underhang,https://www02.smt.ufrj.br/~offshore/mfs/page_01.html,documented,rotation 62.0544 Hz from filename
MAFAULDA,mafaulda_underhang_cage_fault_0g_13.312,mafaulda_underhang_cage_fault_0g,mafaulda_defective_cage_fault,mafaulda_underhang_cage_fault_0g,,data/raw_mafaulda/full/underhang/cage_fault/0g/13.312.csv,underhang/cage_fault,Cage_NO_CROSS_DATASET_MATCH,50000,5.0,250000,798.7199999999999,added_mass_0g,"8ch(tacho;uh_ax,rad,tan;oh_ax,rad,tan;mic)",bearing_cage_fault,added_mass_0g,underhang,https://www02.smt.ufrj.br/~offshore/mfs/page_01.html,documented,rotation 13.312 Hz from filename
MAFAULDA,mafaulda_underhang_cage_fault_0g_14.5408,mafaulda_underhang_cage_fault_0g,mafaulda_defective_cage_fault,mafaulda_underhang_cage_fault_0g,,data/raw_mafaulda/full/underhang/cage_fault/0g/14.5408.csv,underhang/cage_fault,Cage_NO_CROSS_DATASET_MATCH,50000,5.0,250000,872.4480000000001,added_mass_0g,"8ch(tacho;uh_ax,rad,tan;oh_ax,rad,tan;mic)",bearing_cage_fault,added_mass_0g,underhang,https://www02.smt.ufrj.br/~offshore/mfs/page_01.html,documented,rotation 14.5408 Hz from filename
MAFAULDA,mafaulda_underhang_cage_fault_0g_15.5648,mafaulda_underhang_cage_fault_0g,mafaulda_defective_cage_fault,mafaulda_underhang_cage_fault_0g,,data/raw_mafaulda/full/underhang/cage_fault/0g/15.5648.csv,underhang/cage_fault,Cage_NO_CROSS_DATASET_MATCH,50000,5.0,250000,933.888,added_mass_0g,"8ch(tacho;uh_ax,rad,tan;oh_ax,rad,tan;mic)",bearing_cage_fault,added_mass_0g,underhang,https://www02.smt.ufrj.br/~offshore/mfs/page_01.html,documented,rotation 15.5648 Hz from filename
MAFAULDA,mafaulda_underhang_cage_fault_0g_16.5888,mafaulda_underhang_cage_fault_0g,mafaulda_defective_cage_fault,mafaulda_underhang_cage_fault_0g,,data/raw_mafaulda/full/underhang/cage_fault/0g/16.5888.csv,underhang/cage_fault,Cage_NO_CROSS_DATASET_MATCH,50000,5.0,250000,995.328,added_mass_0g,"8ch(tacho;uh_ax,rad,tan;oh_ax,rad,tan;mic)",bearing_cage_fault,added_mass_0g,underhang,https://www02.smt.ufrj.br/~offshore/mfs/page_01.html,documented,rotation 16.5888 Hz from filename
MAFAULDA,mafaulda_underhang_cage_fault_0g_17.408,mafaulda_underhang_cage_fault_0g,mafaulda_defective_cage_fault,mafaulda_underhang_cage_fault_0g,,data/raw_mafaulda/full/underhang/cage_fault/0g/17.408.csv,underhang/cage_fault,Cage_NO_CROSS_DATASET_MATCH,50000,5.0,250000,1044.48,added_mass_0g,"8ch(tacho;uh_ax,rad,tan;oh_ax,rad,tan;mic)",bearing_cage_fault,added_mass_0g,underhang,https://www02.smt.ufrj.br/~offshore/mfs/page_01.html,documented,rotation 17.408 Hz from filename
MAFAULDA,mafaulda_underhang_cage_fault_0g_18.2272,mafaulda_underhang_cage_fault_0g,mafaulda_defective_cage_fault,mafaulda_underhang_cage_fault_0g,,data/raw_mafaulda/full/underhang/cage_fault/0g/18.2272.csv,underhang/cage_fault,Cage_NO_CROSS_DATASET_MATCH,50000,5.0,250000,1093.632,added_mass_0g,"8ch(tacho;uh_ax,rad,tan;oh_ax,rad,tan;mic)",bearing_cage_fault,added_mass_0g,underhang,https://www02.smt.ufrj.br/~offshore/mfs/page_01.html,documented,rotation 18.2272 Hz from filename
MAFAULDA,mafaulda_underhang_cage_fault_0g_19.456,mafaulda_underhang_cage_fault_0g,mafaulda_defective_cage_fault,mafaulda_underhang_cage_fault_0g,,data/raw_mafaulda/full/underhang/cage_fault/0g/19.456.csv,underhang/cage_fault,Cage_NO_CROSS_DATASET_MATCH,50000,5.0,250000,1167.36,added_mass_0g,"8ch(tacho;uh_ax,rad,tan;oh_ax,rad,tan;mic)",bearing_cage_fault,added_mass_0g,underhang,https://www02.smt.ufrj.br/~offshore/mfs/page_01.html,documented,rotation 19.456 Hz from filename
MAFAULDA,mafaulda_underhang_cage_fault_0g_20.6848,mafaulda_underhang_cage_fault_0g,mafaulda_defective_cage_fault,mafaulda_underhang_cage_fault_0g,,data/raw_mafaulda/full/underhang/cage_fault/0g/20.6848.csv,underhang/cage_fault,Cage_NO_CROSS_DATASET_MATCH,50000,5.0,250000,1241.088,added_mass_0g,"8ch(tacho;uh_ax,rad,tan;oh_ax,rad,tan;mic)",bearing_cage_fault,added_mass_0g,underhang,https://www02.smt.ufrj.br/~offshore/mfs/page_01.html,documented,rotation 20.6848 Hz from filename
MAFAULDA,mafaulda_underhang_cage_fault_0g_21.2992,mafaulda_underhang_cage_fault_0g,mafaulda_defective_cage_fault,mafaulda_underhang_cage_fault_0g,,data/raw_mafaulda/full/underhang/cage_fault/0g/21.2992.csv,underhang/cage_fault,Cage_NO_CROSS_DATASET_MATCH,50000,5.0,250000,1277.952,added_mass_0g,"8ch(tacho;uh_ax,rad,tan;oh_ax,rad,tan;mic)",bearing_cage_fault,added_mass_0g,underhang,https://www02.smt.ufrj.br/~offshore/mfs/page_01.html,documented,rotation 21.2992 Hz from filename
MAFAULDA,mafaulda_underhang_cage_fault_0g_22.7328,mafaulda_underhang_cage_fault_0g,mafaulda_defective_cage_fault,mafaulda_underhang_cage_fault_0g,,data/raw_mafaulda/full/underhang/cage_fault/0g/22.7328.csv,underhang/cage_fault,Cage_NO_CROSS_DATASET_MATCH,50000,5.0,250000,1363.968,added_mass_0g,"8ch(tacho;uh_ax,rad,tan;oh_ax,rad,tan;mic)",bearing_cage_fault,added_mass_0g,underhang,https://www02.smt.ufrj.br/~offshore/mfs/page_01.html,documented,rotation 22.7328 Hz from filename
MAFAULDA,mafaulda_underhang_cage_fault_0g_23.9616,mafaulda_underhang_cage_fault_0g,mafaulda_defective_cage_fault,mafaulda_underhang_cage_fault_0g,,data/raw_mafaulda/full/underhang/cage_fault/0g/23.9616.csv,underhang/cage_fault,Cage_NO_CROSS_DATASET_MATCH,50000,5.0,250000,1437.6960000000001,added_mass_0g,"8ch(tacho;uh_ax,rad,tan;oh_ax,rad,tan;mic)",bearing_cage_fault,added_mass_0g,underhang,https://www02.smt.ufrj.br/~offshore/mfs/page_01.html,documented,rotation 23.9616 Hz from filename
MAFAULDA,mafaulda_underhang_cage_fault_0g_24.3712,mafaulda_underhang_cage_fault_0g,mafaulda_defective_cage_fault,mafaulda_underhang_cage_fault_0g,,data/raw_mafaulda/full/underhang/cage_fault/0g/24.3712.csv,underhang/cage_fault,Cage_NO_CROSS_DATASET_MATCH,50000,5.0,250000,1462.2720000000002,added_mass_0g,"8ch(tacho;uh_ax,rad,tan;oh_ax,rad,tan;mic)",bearing_cage_fault,added_mass_0g,underhang,https://www02.smt.ufrj.br/~offshore/mfs/page_01.html,documented,rotation 24.3712 Hz from filename
MAFAULDA,mafaulda_underhang_cage_fault_0g_25.6,mafaulda_underhang_cage_fault_0g,mafaulda_defective_cage_fault,mafaulda_underhang_cage_fault_0g,,data/raw_mafaulda/full/underhang/cage_fault/0g/25.6.csv,underhang/cage_fault,Cage_NO_CROSS_DATASET_MATCH,50000,5.0,250000,1536.0,added_mass_0g,"8ch(tacho;uh_ax,rad,tan;oh_ax,rad,tan;mic)",bearing_cage_fault,added_mass_0g,underhang,https://www02.smt.ufrj.br/~offshore/mfs/page_01.html,documented,rotation 25.6 Hz from filename
MAFAULDA,mafaulda_underhang_cage_fault_0g_26.8288,mafaulda_underhang_cage_fault_0g,mafaulda_defective_cage_fault,mafaulda_underhang_cage_fault_0g,,data/raw_mafaulda/full/underhang/cage_fault/0g/26.8288.csv,underhang/cage_fault,Cage_NO_CROSS_DATASET_MATCH,50000,5.0,250000,1609.728,added_mass_0g,"8ch(tacho;uh_ax,rad,tan;oh_ax,rad,tan;mic)",bearing_cage_fault,added_mass_0g,underhang,https://www02.smt.ufrj.br/~offshore/mfs/page_01.html,documented,rotation 26.8288 Hz from filename
MAFAULDA,mafaulda_underhang_cage_fault_0g_27.4432,mafaulda_underhang_cage_fault_0g,mafaulda_defective_cage_fault,mafaulda_underhang_cage_fault_0g,,data/raw_mafaulda/full/underhang/cage_fault/0g/27.4432.csv,underhang/cage_fault,Cage_NO_CROSS_DATASET_MATCH,50000,5.0,250000,1646.592,added_mass_0g,"8ch(tacho;uh_ax,rad,tan;oh_ax,rad,tan;mic)",bearing_cage_fault,added_mass_0g,underhang,https://www02.smt.ufrj.br/~offshore/mfs/page_01.html,documented,rotation 27.4432 Hz from filename
MAFAULDA,mafaulda_underhang_cage_fault_0g_28.672,mafaulda_underhang_cage_fault_0g,mafaulda_defective_cage_fault,mafaulda_underhang_cage_fault_0g,,data/raw_mafaulda/full/underhang/cage_fault/0g/28.672.csv,underhang/cage_fault,Cage_NO_CROSS_DATASET_MATCH,50000,5.0,250000,1720.32,added_mass_0g,"8ch(tacho;uh_ax,rad,tan;oh_ax,rad,tan;mic)",bearing_cage_fault,added_mass_0g,underhang,https://www02.smt.ufrj.br/~offshore/mfs/page_01.html,documented,rotation 28.672 Hz from filename
MAFAULDA,mafaulda_underhang_cage_fault_0g_29.4912,mafaulda_underhang_cage_fault_0g,mafaulda_defective_cage_fault,mafaulda_underhang_cage_fault_0g,,data/raw_mafaulda/full/underhang/cage_fault/0g/29.4912.csv,underhang/cage_fault,Cage_NO_CROSS_DATASET_MATCH,50000,5.0,250000,1769.472,added_mass_0g,"8ch(tacho;uh_ax,rad,tan;oh_ax,rad,tan;mic)",bearing_cage_fault,added_mass_0g,underhang,https://www02.smt.ufrj.br/~offshore/mfs/page_01.html,documented,rotation 29.4912 Hz from filename
MAFAULDA,mafaulda_underhang_cage_fault_0g_30.9248,mafaulda_underhang_cage_fault_0g,mafaulda_defective_cage_fault,mafaulda_underhang_cage_fault_0g,,data/raw_mafaulda/full/underhang/cage_fault/0g/30.9248.csv,underhang/cage_fault,Cage_NO_CROSS_DATASET_MATCH,50000,5.0,250000,1855.488,added_mass_0g,"8ch(tacho;uh_ax,rad,tan;oh_ax,rad,tan;mic)",bearing_cage_fault,added_mass_0g,underhang,https://www02.smt.ufrj.br/~offshore/mfs/page_01.html,documented,rotation 30.9248 Hz from filename
MAFAULDA,mafaulda_underhang_cage_fault_0g_31.9488,mafaulda_underhang_cage_fault_0g,mafaulda_defective_cage_fault,mafaulda_underhang_cage_fault_0g,,data/raw_mafaulda/full/underhang/cage_fault/0g/31.9488.csv,underhang/cage_fault,Cage_NO_CROSS_DATASET_MATCH,50000,5.0,250000,1916.9279999999999,added_mass_0g,"8ch(tacho;uh_ax,rad,tan;oh_ax,rad,tan;mic)",bearing_cage_fault,added_mass_0g,underhang,https://www02.smt.ufrj.br/~offshore/mfs/page_01.html,documented,rotation 31.9488 Hz from filename
MAFAULDA,mafaulda_underhang_cage_fault_0g_32.768,mafaulda_underhang_cage_fault_0g,mafaulda_defective_cage_fault,mafaulda_underhang_cage_fault_0g,,data/raw_mafaulda/full/underhang/cage_fault/0g/32.768.csv,underhang/cage_fault,Cage_NO_CROSS_DATASET_MATCH,50000,5.0,250000,1966.08,added_mass_0g,"8ch(tacho;uh_ax,rad,tan;oh_ax,rad,tan;mic)",bearing_cage_fault,added_mass_0g,underhang,https://www02.smt.ufrj.br/~offshore/mfs/page_01.html,documented,rotation 32.768 Hz from filename
MAFAULDA,mafaulda_underhang_cage_fault_0g_33.9968,mafaulda_underhang_cage_fault_0g,mafaulda_defective_cage_fault,mafaulda_underhang_cage_fault_0g,,data/raw_mafaulda/full/underhang/cage_fault/0g/33.9968.csv,underhang/cage_fault,Cage_NO_CROSS_DATASET_MATCH,50000,5.0,250000,2039.808,added_mass_0g,"8ch(tacho;uh_ax,rad,tan;oh_ax,rad,tan;mic)",bearing_cage_fault,added_mass_0g,underhang,https://www02.smt.ufrj.br/~offshore/mfs/page_01.html,documented,rotation 33.9968 Hz from filename
MAFAULDA,mafaulda_underhang_cage_fault_0g_34.816,mafaulda_underhang_cage_fault_0g,mafaulda_defective_cage_fault,mafaulda_underhang_cage_fault_0g,,data/raw_mafaulda/full/underhang/cage_fault/0g/34.816.csv,underhang/cage_fault,Cage_NO_CROSS_DATASET_MATCH,50000,5.0,250000,2088.96,added_mass_0g,"8ch(tacho;uh_ax,rad,tan;oh_ax,rad,tan;mic)",bearing_cage_fault,added_mass_0g,underhang,https://www02.smt.ufrj.br/~offshore/mfs/page_01.html,documented,rotation 34.816 Hz from filename
MAFAULDA,mafaulda_underhang_cage_fault_0g_35.2256,mafaulda_underhang_cage_fault_0g,mafaulda_defective_cage_fault,mafaulda_underhang_cage_fault_0g,,data/raw_mafaulda/full/underhang/cage_fault/0g/35.2256.csv,underhang/cage_fault,Cage_NO_CROSS_DATASET_MATCH,50000,5.0,250000,2113.536,added_mass_0g,"8ch(tacho;uh_ax,rad,tan;oh_ax,rad,tan;mic)",bearing_cage_fault,added_mass_0g,underhang,https://www02.smt.ufrj.br/~offshore/mfs/page_01.html,documented,rotation 35.2256 Hz from filename
MAFAULDA,mafaulda_underhang_cage_fault_0g_36.2496,mafaulda_underhang_cage_fault_0g,mafaulda_defective_cage_fault,mafaulda_underhang_cage_fault_0g,,data/raw_mafaulda/full/underhang/cage_fault/0g/36.2496.csv,underhang/cage_fault,Cage_NO_CROSS_DATASET_MATCH,50000,5.0,250000,2174.976,added_mass_0g,"8ch(tacho;uh_ax,rad,tan;oh_ax,rad,tan;mic)",bearing_cage_fault,added_mass_0g,underhang,https://www02.smt.ufrj.br/~offshore/mfs/page_01.html,documented,rotation 36.2496 Hz from filename
MAFAULDA,mafaulda_underhang_cage_fault_0g_37.4784,mafaulda_underhang_cage_fault_0g,mafaulda_defective_cage_fault,mafaulda_underhang_cage_fault_0g,,data/raw_mafaulda/full/underhang/cage_fault/0g/37.4784.csv,underhang/cage_fault,Cage_NO_CROSS_DATASET_MATCH,50000,5.0,250000,2248.704,added_mass_0g,"8ch(tacho;uh_ax,rad,tan;oh_ax,rad,tan;mic)",bearing_cage_fault,added_mass_0g,underhang,https://www02.smt.ufrj.br/~offshore/mfs/page_01.html,documented,rotation 37.4784 Hz from filename
MAFAULDA,mafaulda_underhang_cage_fault_0g_38.2976,mafaulda_underhang_cage_fault_0g,mafaulda_defective_cage_fault,mafaulda_underhang_cage_fault_0g,,data/raw_mafaulda/full/underhang/cage_fault/0g/38.2976.csv,underhang/cage_fault,Cage_NO_CROSS_DATASET_MATCH,50000,5.0,250000,2297.856,added_mass_0g,"8ch(tacho;uh_ax,rad,tan;oh_ax,rad,tan;mic)",bearing_cage_fault,added_mass_0g,underhang,https://www02.smt.ufrj.br/~offshore/mfs/page_01.html,documented,rotation 38.2976 Hz from filename
MAFAULDA,mafaulda_underhang_cage_fault_0g_39.5264,mafaulda_underhang_cage_fault_0g,mafaulda_defective_cage_fault,mafaulda_underhang_cage_fault_0g,,data/raw_mafaulda/full/underhang/cage_fault/0g/39.5264.csv,underhang/cage_fault,Cage_NO_CROSS_DATASET_MATCH,50000,5.0,250000,2371.5840000000003,added_mass_0g,"8ch(tacho;uh_ax,rad,tan;oh_ax,rad,tan;mic)",bearing_cage_fault,added_mass_0g,underhang,https://www02.smt.ufrj.br/~offshore/mfs/page_01.html,documented,rotation 39.5264 Hz from filename
MAFAULDA,mafaulda_underhang_cage_fault_0g_40.5504,mafaulda_underhang_cage_fault_0g,mafaulda_defective_cage_fault,mafaulda_underhang_cage_fault_0g,,data/raw_mafaulda/full/underhang/cage_fault/0g/40.5504.csv,underhang/cage_fault,Cage_NO_CROSS_DATASET_MATCH,50000,5.0,250000,2433.0240000000003,added_mass_0g,"8ch(tacho;uh_ax,rad,tan;oh_ax,rad,tan;mic)",bearing_cage_fault,added_mass_0g,underhang,https://www02.smt.ufrj.br/~offshore/mfs/page_01.html,documented,rotation 40.5504 Hz from filename
MAFAULDA,mafaulda_underhang_cage_fault_0g_41.7792,mafaulda_underhang_cage_fault_0g,mafaulda_defective_cage_fault,mafaulda_underhang_cage_fault_0g,,data/raw_mafaulda/full/underhang/cage_fault/0g/41.7792.csv,underhang/cage_fault,Cage_NO_CROSS_DATASET_MATCH,50000,5.0,250000,2506.7520000000004,added_mass_0g,"8ch(tacho;uh_ax,rad,tan;oh_ax,rad,tan;mic)",bearing_cage_fault,added_mass_0g,underhang,https://www02.smt.ufrj.br/~offshore/mfs/page_01.html,documented,rotation 41.7792 Hz from filename
MAFAULDA,mafaulda_underhang_cage_fault_0g_42.3936,mafaulda_underhang_cage_fault_0g,mafaulda_defective_cage_fault,mafaulda_underhang_cage_fault_0g,,data/raw_mafaulda/full/underhang/cage_fault/0g/42.3936.csv,underhang/cage_fault,Cage_NO_CROSS_DATASET_MATCH,50000,5.0,250000,2543.616,added_mass_0g,"8ch(tacho;uh_ax,rad,tan;oh_ax,rad,tan;mic)",bearing_cage_fault,added_mass_0g,underhang,https://www02.smt.ufrj.br/~offshore/mfs/page_01.html,documented,rotation 42.3936 Hz from filename
MAFAULDA,mafaulda_underhang_cage_fault_0g_43.4176,mafaulda_underhang_cage_fault_0g,mafaulda_defective_cage_fault,mafaulda_underhang_cage_fault_0g,,data/raw_mafaulda/full/underhang/cage_fault/0g/43.4176.csv,underhang/cage_fault,Cage_NO_CROSS_DATASET_MATCH,50000,5.0,250000,2605.056,added_mass_0g,"8ch(tacho;uh_ax,rad,tan;oh_ax,rad,tan;mic)",bearing_cage_fault,added_mass_0g,underhang,https://www02.smt.ufrj.br/~offshore/mfs/page_01.html,documented,rotation 43.4176 Hz from filename
MAFAULDA,mafaulda_underhang_cage_fault_0g_44.4416,mafaulda_underhang_cage_fault_0g,mafaulda_defective_cage_fault,mafaulda_underhang_cage_fault_0g,,data/raw_mafaulda/full/underhang/cage_fault/0g/44.4416.csv,underhang/cage_fault,Cage_NO_CROSS_DATASET_MATCH,50000,5.0,250000,2666.496,added_mass_0g,"8ch(tacho;uh_ax,rad,tan;oh_ax,rad,tan;mic)",bearing_cage_fault,added_mass_0g,underhang,https://www02.smt.ufrj.br/~offshore/mfs/page_01.html,documented,rotation 44.4416 Hz from filename
MAFAULDA,mafaulda_underhang_cage_fault_0g_45.4656,mafaulda_underhang_cage_fault_0g,mafaulda_defective_cage_fault,mafaulda_underhang_cage_fault_0g,,data/raw_mafaulda/full/underhang/cage_fault/0g/45.4656.csv,underhang/cage_fault,Cage_NO_CROSS_DATASET_MATCH,50000,5.0,250000,2727.936,added_mass_0g,"8ch(tacho;uh_ax,rad,tan;oh_ax,rad,tan;mic)",bearing_cage_fault,added_mass_0g,underhang,https://www02.smt.ufrj.br/~offshore/mfs/page_01.html,documented,rotation 45.4656 Hz from filename
MAFAULDA,mafaulda_underhang_cage_fault_0g_46.4896,mafaulda_underhang_cage_fault_0g,mafaulda_defective_cage_fault,mafaulda_underhang_cage_fault_0g,,data/raw_mafaulda/full/underhang/cage_fault/0g/46.4896.csv,underhang/cage_fault,Cage_NO_CROSS_DATASET_MATCH,50000,5.0,250000,2789.376,added_mass_0g,"8ch(tacho;uh_ax,rad,tan;oh_ax,rad,tan;mic)",bearing_cage_fault,added_mass_0g,underhang,https://www02.smt.ufrj.br/~offshore/mfs/page_01.html,documented,rotation 46.4896 Hz from filename
MAFAULDA,mafaulda_underhang_cage_fault_0g_47.5136,mafaulda_underhang_cage_fault_0g,mafaulda_defective_cage_fault,mafaulda_underhang_cage_fault_0g,,data/raw_mafaulda/full/underhang/cage_fault/0g/47.5136.csv,underhang/cage_fault,Cage_NO_CROSS_DATASET_MATCH,50000,5.0,250000,2850.816,added_mass_0g,"8ch(tacho;uh_ax,rad,tan;oh_ax,rad,tan;mic)",bearing_cage_fault,added_mass_0g,underhang,https://www02.smt.ufrj.br/~offshore/mfs/page_01.html,documented,rotation 47.5136 Hz from filename
MAFAULDA,mafaulda_underhang_cage_fault_0g_48.5376,mafaulda_underhang_cage_fault_0g,mafaulda_defective_cage_fault,mafaulda_underhang_cage_fault_0g,,data/raw_mafaulda/full/underhang/cage_fault/0g/48.5376.csv,underhang/cage_fault,Cage_NO_CROSS_DATASET_MATCH,50000,5.0,250000,2912.256,added_mass_0g,"8ch(tacho;uh_ax,rad,tan;oh_ax,rad,tan;mic)",bearing_cage_fault,added_mass_0g,underhang,https://www02.smt.ufrj.br/~offshore/mfs/page_01.html,documented,rotation 48.5376 Hz from filename
MAFAULDA,mafaulda_underhang_cage_fault_0g_49.7664,mafaulda_underhang_cage_fault_0g,mafaulda_defective_cage_fault,mafaulda_underhang_cage_fault_0g,,data/raw_mafaulda/full/underhang/cage_fault/0g/49.7664.csv,underhang/cage_fault,Cage_NO_CROSS_DATASET_MATCH,50000,5.0,250000,2985.984,added_mass_0g,"8ch(tacho;uh_ax,rad,tan;oh_ax,rad,tan;mic)",bearing_cage_fault,added_mass_0g,underhang,https://www02.smt.ufrj.br/~offshore/mfs/page_01.html,documented,rotation 49.7664 Hz from filename
MAFAULDA,mafaulda_underhang_cage_fault_0g_50.5856,mafaulda_underhang_cage_fault_0g,mafaulda_defective_cage_fault,mafaulda_underhang_cage_fault_0g,,data/raw_mafaulda/full/underhang/cage_fault/0g/50.5856.csv,underhang/cage_fault,Cage_NO_CROSS_DATASET_MATCH,50000,5.0,250000,3035.136,added_mass_0g,"8ch(tacho;uh_ax,rad,tan;oh_ax,rad,tan;mic)",bearing_cage_fault,added_mass_0g,underhang,https://www02.smt.ufrj.br/~offshore/mfs/page_01.html,documented,rotation 50.5856 Hz from filename
MAFAULDA,mafaulda_underhang_cage_fault_0g_51.6096,mafaulda_underhang_cage_fault_0g,mafaulda_defective_cage_fault,mafaulda_underhang_cage_fault_0g,,data/raw_mafaulda/full/underhang/cage_fault/0g/51.6096.csv,underhang/cage_fault,Cage_NO_CROSS_DATASET_MATCH,50000,5.0,250000,3096.576,added_mass_0g,"8ch(tacho;uh_ax,rad,tan;oh_ax,rad,tan;mic)",bearing_cage_fault,added_mass_0g,underhang,https://www02.smt.ufrj.br/~offshore/mfs/page_01.html,documented,rotation 51.6096 Hz from filename
MAFAULDA,mafaulda_underhang_cage_fault_0g_52.8384,mafaulda_underhang_cage_fault_0g,mafaulda_defective_cage_fault,mafaulda_underhang_cage_fault_0g,,data/raw_mafaulda/full/underhang/cage_fault/0g/52.8384.csv,underhang/cage_fault,Cage_NO_CROSS_DATASET_MATCH,50000,5.0,250000,3170.304,added_mass_0g,"8ch(tacho;uh_ax,rad,tan;oh_ax,rad,tan;mic)",bearing_cage_fault,added_mass_0g,underhang,https://www02.smt.ufrj.br/~offshore/mfs/page_01.html,documented,rotation 52.8384 Hz from filename
MAFAULDA,mafaulda_underhang_cage_fault_0g_53.6576,mafaulda_underhang_cage_fault_0g,mafaulda_defective_cage_fault,mafaulda_underhang_cage_fault_0g,,data/raw_mafaulda/full/underhang/cage_fault/0g/53.6576.csv,underhang/cage_fault,Cage_NO_CROSS_DATASET_MATCH,50000,5.0,250000,3219.456,added_mass_0g,"8ch(tacho;uh_ax,rad,tan;oh_ax,rad,tan;mic)",bearing_cage_fault,added_mass_0g,underhang,https://www02.smt.ufrj.br/~offshore/mfs/page_01.html,documented,rotation 53.6576 Hz from filename
MAFAULDA,mafaulda_underhang_cage_fault_0g_55.0912,mafaulda_underhang_cage_fault_0g,mafaulda_defective_cage_fault,mafaulda_underhang_cage_fault_0g,,data/raw_mafaulda/full/underhang/cage_fault/0g/55.0912.csv,underhang/cage_fault,Cage_NO_CROSS_DATASET_MATCH,50000,5.0,250000,3305.472,added_mass_0g,"8ch(tacho;uh_ax,rad,tan;oh_ax,rad,tan;mic)",bearing_cage_fault,added_mass_0g,underhang,https://www02.smt.ufrj.br/~offshore/mfs/page_01.html,documented,rotation 55.0912 Hz from filename
MAFAULDA,mafaulda_underhang_cage_fault_0g_55.9104,mafaulda_underhang_cage_fault_0g,mafaulda_defective_cage_fault,mafaulda_underhang_cage_fault_0g,,data/raw_mafaulda/full/underhang/cage_fault/0g/55.9104.csv,underhang/cage_fault,Cage_NO_CROSS_DATASET_MATCH,50000,5.0,250000,3354.6240000000003,added_mass_0g,"8ch(tacho;uh_ax,rad,tan;oh_ax,rad,tan;mic)",bearing_cage_fault,added_mass_0g,underhang,https://www02.smt.ufrj.br/~offshore/mfs/page_01.html,documented,rotation 55.9104 Hz from filename
MAFAULDA,mafaulda_underhang_cage_fault_0g_56.5248,mafaulda_underhang_cage_fault_0g,mafaulda_defective_cage_fault,mafaulda_underhang_cage_fault_0g,,data/raw_mafaulda/full/underhang/cage_fault/0g/56.5248.csv,underhang/cage_fault,Cage_NO_CROSS_DATASET_MATCH,50000,5.0,250000,3391.488,added_mass_0g,"8ch(tacho;uh_ax,rad,tan;oh_ax,rad,tan;mic)",bearing_cage_fault,added_mass_0g,underhang,https://www02.smt.ufrj.br/~offshore/mfs/page_01.html,documented,rotation 56.5248 Hz from filename
MAFAULDA,mafaulda_underhang_cage_fault_0g_57.7536,mafaulda_underhang_cage_fault_0g,mafaulda_defective_cage_fault,mafaulda_underhang_cage_fault_0g,,data/raw_mafaulda/full/underhang/cage_fault/0g/57.7536.csv,underhang/cage_fault,Cage_NO_CROSS_DATASET_MATCH,50000,5.0,250000,3465.216,added_mass_0g,"8ch(tacho;uh_ax,rad,tan;oh_ax,rad,tan;mic)",bearing_cage_fault,added_mass_0g,underhang,https://www02.smt.ufrj.br/~offshore/mfs/page_01.html,documented,rotation 57.7536 Hz from filename
MAFAULDA,mafaulda_underhang_cage_fault_0g_58.5728,mafaulda_underhang_cage_fault_0g,mafaulda_defective_cage_fault,mafaulda_underhang_cage_fault_0g,,data/raw_mafaulda/full/underhang/cage_fault/0g/58.5728.csv,underhang/cage_fault,Cage_NO_CROSS_DATASET_MATCH,50000,5.0,250000,3514.368,added_mass_0g,"8ch(tacho;uh_ax,rad,tan;oh_ax,rad,tan;mic)",bearing_cage_fault,added_mass_0g,underhang,https://www02.smt.ufrj.br/~offshore/mfs/page_01.html,documented,rotation 58.5728 Hz from filename
MAFAULDA,mafaulda_underhang_cage_fault_0g_58.9824,mafaulda_underhang_cage_fault_0g,mafaulda_defective_cage_fault,mafaulda_underhang_cage_fault_0g,,data/raw_mafaulda/full/underhang/cage_fault/0g/58.9824.csv,underhang/cage_fault,Cage_NO_CROSS_DATASET_MATCH,50000,5.0,250000,3538.944,added_mass_0g,"8ch(tacho;uh_ax,rad,tan;oh_ax,rad,tan;mic)",bearing_cage_fault,added_mass_0g,underhang,https://www02.smt.ufrj.br/~offshore/mfs/page_01.html,documented,rotation 58.9824 Hz from filename
MAFAULDA,mafaulda_underhang_cage_fault_0g_60.2112,mafaulda_underhang_cage_fault_0g,mafaulda_defective_cage_fault,mafaulda_underhang_cage_fault_0g,,data/raw_mafaulda/full/underhang/cage_fault/0g/60.2112.csv,underhang/cage_fault,Cage_NO_CROSS_DATASET_MATCH,50000,5.0,250000,3612.672,added_mass_0g,"8ch(tacho;uh_ax,rad,tan;oh_ax,rad,tan;mic)",bearing_cage_fault,added_mass_0g,underhang,https://www02.smt.ufrj.br/~offshore/mfs/page_01.html,documented,rotation 60.2112 Hz from filename
MAFAULDA,mafaulda_underhang_cage_fault_0g_61.2352,mafaulda_underhang_cage_fault_0g,mafaulda_defective_cage_fault,mafaulda_underhang_cage_fault_0g,,data/raw_mafaulda/full/underhang/cage_fault/0g/61.2352.csv,underhang/cage_fault,Cage_NO_CROSS_DATASET_MATCH,50000,5.0,250000,3674.112,added_mass_0g,"8ch(tacho;uh_ax,rad,tan;oh_ax,rad,tan;mic)",bearing_cage_fault,added_mass_0g,underhang,https://www02.smt.ufrj.br/~offshore/mfs/page_01.html,documented,rotation 61.2352 Hz from filename
MAFAULDA,mafaulda_underhang_cage_fault_20g_13.312,mafaulda_underhang_cage_fault_20g,mafaulda_defective_cage_fault,mafaulda_underhang_cage_fault_20g,,data/raw_mafaulda/full/underhang/cage_fault/20g/13.312.csv,underhang/cage_fault,Cage_NO_CROSS_DATASET_MATCH,50000,5.0,250000,798.7199999999999,added_mass_20g,"8ch(tacho;uh_ax,rad,tan;oh_ax,rad,tan;mic)",bearing_cage_fault,added_mass_20g,underhang,https://www02.smt.ufrj.br/~offshore/mfs/page_01.html,documented,rotation 13.312 Hz from filename
MAFAULDA,mafaulda_underhang_cage_fault_20g_14.1312,mafaulda_underhang_cage_fault_20g,mafaulda_defective_cage_fault,mafaulda_underhang_cage_fault_20g,,data/raw_mafaulda/full/underhang/cage_fault/20g/14.1312.csv,underhang/cage_fault,Cage_NO_CROSS_DATASET_MATCH,50000,5.0,250000,847.872,added_mass_20g,"8ch(tacho;uh_ax,rad,tan;oh_ax,rad,tan;mic)",bearing_cage_fault,added_mass_20g,underhang,https://www02.smt.ufrj.br/~offshore/mfs/page_01.html,documented,rotation 14.1312 Hz from filename
MAFAULDA,mafaulda_underhang_cage_fault_20g_15.5648,mafaulda_underhang_cage_fault_20g,mafaulda_defective_cage_fault,mafaulda_underhang_cage_fault_20g,,data/raw_mafaulda/full/underhang/cage_fault/20g/15.5648.csv,underhang/cage_fault,Cage_NO_CROSS_DATASET_MATCH,50000,5.0,250000,933.888,added_mass_20g,"8ch(tacho;uh_ax,rad,tan;oh_ax,rad,tan;mic)",bearing_cage_fault,added_mass_20g,underhang,https://www02.smt.ufrj.br/~offshore/mfs/page_01.html,documented,rotation 15.5648 Hz from filename
MAFAULDA,mafaulda_underhang_cage_fault_20g_16.384,mafaulda_underhang_cage_fault_20g,mafaulda_defective_cage_fault,mafaulda_underhang_cage_fault_20g,,data/raw_mafaulda/full/underhang/cage_fault/20g/16.384.csv,underhang/cage_fault,Cage_NO_CROSS_DATASET_MATCH,50000,5.0,250000,983.04,added_mass_20g,"8ch(tacho;uh_ax,rad,tan;oh_ax,rad,tan;mic)",bearing_cage_fault,added_mass_20g,underhang,https://www02.smt.ufrj.br/~offshore/mfs/page_01.html,documented,rotation 16.384 Hz from filename
MAFAULDA,mafaulda_underhang_cage_fault_20g_17.408,mafaulda_underhang_cage_fault_20g,mafaulda_defective_cage_fault,mafaulda_underhang_cage_fault_20g,,data/raw_mafaulda/full/underhang/cage_fault/20g/17.408.csv,underhang/cage_fault,Cage_NO_CROSS_DATASET_MATCH,50000,5.0,250000,1044.48,added_mass_20g,"8ch(tacho;uh_ax,rad,tan;oh_ax,rad,tan;mic)",bearing_cage_fault,added_mass_20g,underhang,https://www02.smt.ufrj.br/~offshore/mfs/page_01.html,documented,rotation 17.408 Hz from filename
MAFAULDA,mafaulda_underhang_cage_fault_20g_18.6368,mafaulda_underhang_cage_fault_20g,mafaulda_defective_cage_fault,mafaulda_underhang_cage_fault_20g,,data/raw_mafaulda/full/underhang/cage_fault/20g/18.6368.csv,underhang/cage_fault,Cage_NO_CROSS_DATASET_MATCH,50000,5.0,250000,1118.208,added_mass_20g,"8ch(tacho;uh_ax,rad,tan;oh_ax,rad,tan;mic)",bearing_cage_fault,added_mass_20g,underhang,https://www02.smt.ufrj.br/~offshore/mfs/page_01.html,documented,rotation 18.6368 Hz from filename
MAFAULDA,mafaulda_underhang_cage_fault_20g_19.456,mafaulda_underhang_cage_fault_20g,mafaulda_defective_cage_fault,mafaulda_underhang_cage_fault_20g,,data/raw_mafaulda/full/underhang/cage_fault/20g/19.456.csv,underhang/cage_fault,Cage_NO_CROSS_DATASET_MATCH,50000,5.0,250000,1167.36,added_mass_20g,"8ch(tacho;uh_ax,rad,tan;oh_ax,rad,tan;mic)",bearing_cage_fault,added_mass_20g,underhang,https://www02.smt.ufrj.br/~offshore/mfs/page_01.html,documented,rotation 19.456 Hz from filename
MAFAULDA,mafaulda_underhang_cage_fault_20g_20.2752,mafaulda_underhang_cage_fault_20g,mafaulda_defective_cage_fault,mafaulda_underhang_cage_fault_20g,,data/raw_mafaulda/full/underhang/cage_fault/20g/20.2752.csv,underhang/cage_fault,Cage_NO_CROSS_DATASET_MATCH,50000,5.0,250000,1216.5120000000002,added_mass_20g,"8ch(tacho;uh_ax,rad,tan;oh_ax,rad,tan;mic)",bearing_cage_fault,added_mass_20g,underhang,https://www02.smt.ufrj.br/~offshore/mfs/page_01.html,documented,rotation 20.2752 Hz from filename
MAFAULDA,mafaulda_underhang_cage_fault_20g_21.2992,mafaulda_underhang_cage_fault_20g,mafaulda_defective_cage_fault,mafaulda_underhang_cage_fault_20g,,data/raw_mafaulda/full/underhang/cage_fault/20g/21.2992.csv,underhang/cage_fault,Cage_NO_CROSS_DATASET_MATCH,50000,5.0,250000,1277.952,added_mass_20g,"8ch(tacho;uh_ax,rad,tan;oh_ax,rad,tan;mic)",bearing_cage_fault,added_mass_20g,underhang,https://www02.smt.ufrj.br/~offshore/mfs/page_01.html,documented,rotation 21.2992 Hz from filename
MAFAULDA,mafaulda_underhang_cage_fault_20g_22.3232,mafaulda_underhang_cage_fault_20g,mafaulda_defective_cage_fault,mafaulda_underhang_cage_fault_20g,,data/raw_mafaulda/full/underhang/cage_fault/20g/22.3232.csv,underhang/cage_fault,Cage_NO_CROSS_DATASET_MATCH,50000,5.0,250000,1339.392,added_mass_20g,"8ch(tacho;uh_ax,rad,tan;oh_ax,rad,tan;mic)",bearing_cage_fault,added_mass_20g,underhang,https://www02.smt.ufrj.br/~offshore/mfs/page_01.html,documented,rotation 22.3232 Hz from filename
MAFAULDA,mafaulda_underhang_cage_fault_20g_23.7568,mafaulda_underhang_cage_fault_20g,mafaulda_defective_cage_fault,mafaulda_underhang_cage_fault_20g,,data/raw_mafaulda/full/underhang/cage_fault/20g/23.7568.csv,underhang/cage_fault,Cage_NO_CROSS_DATASET_MATCH,50000,5.0,250000,1425.408,added_mass_20g,"8ch(tacho;uh_ax,rad,tan;oh_ax,rad,tan;mic)",bearing_cage_fault,added_mass_20g,underhang,https://www02.smt.ufrj.br/~offshore/mfs/page_01.html,documented,rotation 23.7568 Hz from filename
MAFAULDA,mafaulda_underhang_cage_fault_20g_24.576,mafaulda_underhang_cage_fault_20g,mafaulda_defective_cage_fault,mafaulda_underhang_cage_fault_20g,,data/raw_mafaulda/full/underhang/cage_fault/20g/24.576.csv,underhang/cage_fault,Cage_NO_CROSS_DATASET_MATCH,50000,5.0,250000,1474.56,added_mass_20g,"8ch(tacho;uh_ax,rad,tan;oh_ax,rad,tan;mic)",bearing_cage_fault,added_mass_20g,underhang,https://www02.smt.ufrj.br/~offshore/mfs/page_01.html,documented,rotation 24.576 Hz from filename
MAFAULDA,mafaulda_underhang_cage_fault_20g_25.3952,mafaulda_underhang_cage_fault_20g,mafaulda_defective_cage_fault,mafaulda_underhang_cage_fault_20g,,data/raw_mafaulda/full/underhang/cage_fault/20g/25.3952.csv,underhang/cage_fault,Cage_NO_CROSS_DATASET_MATCH,50000,5.0,250000,1523.712,added_mass_20g,"8ch(tacho;uh_ax,rad,tan;oh_ax,rad,tan;mic)",bearing_cage_fault,added_mass_20g,underhang,https://www02.smt.ufrj.br/~offshore/mfs/page_01.html,documented,rotation 25.3952 Hz from filename
MAFAULDA,mafaulda_underhang_cage_fault_20g_26.8288,mafaulda_underhang_cage_fault_20g,mafaulda_defective_cage_fault,mafaulda_underhang_cage_fault_20g,,data/raw_mafaulda/full/underhang/cage_fault/20g/26.8288.csv,underhang/cage_fault,Cage_NO_CROSS_DATASET_MATCH,50000,5.0,250000,1609.728,added_mass_20g,"8ch(tacho;uh_ax,rad,tan;oh_ax,rad,tan;mic)",bearing_cage_fault,added_mass_20g,underhang,https://www02.smt.ufrj.br/~offshore/mfs/page_01.html,documented,rotation 26.8288 Hz from filename
MAFAULDA,mafaulda_underhang_cage_fault_20g_27.648,mafaulda_underhang_cage_fault_20g,mafaulda_defective_cage_fault,mafaulda_underhang_cage_fault_20g,,data/raw_mafaulda/full/underhang/cage_fault/20g/27.648.csv,underhang/cage_fault,Cage_NO_CROSS_DATASET_MATCH,50000,5.0,250000,1658.8799999999999,added_mass_20g,"8ch(tacho;uh_ax,rad,tan;oh_ax,rad,tan;mic)",bearing_cage_fault,added_mass_20g,underhang,https://www02.smt.ufrj.br/~offshore/mfs/page_01.html,documented,rotation 27.648 Hz from filename
MAFAULDA,mafaulda_underhang_cage_fault_20g_28.4672,mafaulda_underhang_cage_fault_20g,mafaulda_defective_cage_fault,mafaulda_underhang_cage_fault_20g,,data/raw_mafaulda/full/underhang/cage_fault/20g/28.4672.csv,underhang/cage_fault,Cage_NO_CROSS_DATASET_MATCH,50000,5.0,250000,1708.032,added_mass_20g,"8ch(tacho;uh_ax,rad,tan;oh_ax,rad,tan;mic)",bearing_cage_fault,added_mass_20g,underhang,https://www02.smt.ufrj.br/~offshore/mfs/page_01.html,documented,rotation 28.4672 Hz from filename
MAFAULDA,mafaulda_underhang_cage_fault_20g_29.9008,mafaulda_underhang_cage_fault_20g,mafaulda_defective_cage_fault,mafaulda_underhang_cage_fault_20g,,data/raw_mafaulda/full/underhang/cage_fault/20g/29.9008.csv,underhang/cage_fault,Cage_NO_CROSS_DATASET_MATCH,50000,5.0,250000,1794.048,added_mass_20g,"8ch(tacho;uh_ax,rad,tan;oh_ax,rad,tan;mic)",bearing_cage_fault,added_mass_20g,underhang,https://www02.smt.ufrj.br/~offshore/mfs/page_01.html,documented,rotation 29.9008 Hz from filename
MAFAULDA,mafaulda_underhang_cage_fault_20g_30.5152,mafaulda_underhang_cage_fault_20g,mafaulda_defective_cage_fault,mafaulda_underhang_cage_fault_20g,,data/raw_mafaulda/full/underhang/cage_fault/20g/30.5152.csv,underhang/cage_fault,Cage_NO_CROSS_DATASET_MATCH,50000,5.0,250000,1830.912,added_mass_20g,"8ch(tacho;uh_ax,rad,tan;oh_ax,rad,tan;mic)",bearing_cage_fault,added_mass_20g,underhang,https://www02.smt.ufrj.br/~offshore/mfs/page_01.html,documented,rotation 30.5152 Hz from filename
MAFAULDA,mafaulda_underhang_cage_fault_20g_31.9488,mafaulda_underhang_cage_fault_20g,mafaulda_defective_cage_fault,mafaulda_underhang_cage_fault_20g,,data/raw_mafaulda/full/underhang/cage_fault/20g/31.9488.csv,underhang/cage_fault,Cage_NO_CROSS_DATASET_MATCH,50000,5.0,250000,1916.9279999999999,added_mass_20g,"8ch(tacho;uh_ax,rad,tan;oh_ax,rad,tan;mic)",bearing_cage_fault,added_mass_20g,underhang,https://www02.smt.ufrj.br/~offshore/mfs/page_01.html,documented,rotation 31.9488 Hz from filename
MAFAULDA,mafaulda_underhang_cage_fault_20g_32.5632,mafaulda_underhang_cage_fault_20g,mafaulda_defective_cage_fault,mafaulda_underhang_cage_fault_20g,,data/raw_mafaulda/full/underhang/cage_fault/20g/32.5632.csv,underhang/cage_fault,Cage_NO_CROSS_DATASET_MATCH,50000,5.0,250000,1953.7920000000001,added_mass_20g,"8ch(tacho;uh_ax,rad,tan;oh_ax,rad,tan;mic)",bearing_cage_fault,added_mass_20g,underhang,https://www02.smt.ufrj.br/~offshore/mfs/page_01.html,documented,rotation 32.5632 Hz from filename
MAFAULDA,mafaulda_underhang_cage_fault_20g_33.9968,mafaulda_underhang_cage_fault_20g,mafaulda_defective_cage_fault,mafaulda_underhang_cage_fault_20g,,data/raw_mafaulda/full/underhang/cage_fault/20g/33.9968.csv,underhang/cage_fault,Cage_NO_CROSS_DATASET_MATCH,50000,5.0,250000,2039.808,added_mass_20g,"8ch(tacho;uh_ax,rad,tan;oh_ax,rad,tan;mic)",bearing_cage_fault,added_mass_20g,underhang,https://www02.smt.ufrj.br/~offshore/mfs/page_01.html,documented,rotation 33.9968 Hz from filename
MAFAULDA,mafaulda_underhang_cage_fault_20g_34.6112,mafaulda_underhang_cage_fault_20g,mafaulda_defective_cage_fault,mafaulda_underhang_cage_fault_20g,,data/raw_mafaulda/full/underhang/cage_fault/20g/34.6112.csv,underhang/cage_fault,Cage_NO_CROSS_DATASET_MATCH,50000,5.0,250000,2076.6719999999996,added_mass_20g,"8ch(tacho;uh_ax,rad,tan;oh_ax,rad,tan;mic)",bearing_cage_fault,added_mass_20g,underhang,https://www02.smt.ufrj.br/~offshore/mfs/page_01.html,documented,rotation 34.6112 Hz from filename
MAFAULDA,mafaulda_underhang_cage_fault_20g_35.4304,mafaulda_underhang_cage_fault_20g,mafaulda_defective_cage_fault,mafaulda_underhang_cage_fault_20g,,data/raw_mafaulda/full/underhang/cage_fault/20g/35.4304.csv,underhang/cage_fault,Cage_NO_CROSS_DATASET_MATCH,50000,5.0,250000,2125.824,added_mass_20g,"8ch(tacho;uh_ax,rad,tan;oh_ax,rad,tan;mic)",bearing_cage_fault,added_mass_20g,underhang,https://www02.smt.ufrj.br/~offshore/mfs/page_01.html,documented,rotation 35.4304 Hz from filename
MAFAULDA,mafaulda_underhang_cage_fault_20g_36.4544,mafaulda_underhang_cage_fault_20g,mafaulda_defective_cage_fault,mafaulda_underhang_cage_fault_20g,,data/raw_mafaulda/full/underhang/cage_fault/20g/36.4544.csv,underhang/cage_fault,Cage_NO_CROSS_DATASET_MATCH,50000,5.0,250000,2187.264,added_mass_20g,"8ch(tacho;uh_ax,rad,tan;oh_ax,rad,tan;mic)",bearing_cage_fault,added_mass_20g,underhang,https://www02.smt.ufrj.br/~offshore/mfs/page_01.html,documented,rotation 36.4544 Hz from filename
MAFAULDA,mafaulda_underhang_cage_fault_20g_37.0688,mafaulda_underhang_cage_fault_20g,mafaulda_defective_cage_fault,mafaulda_underhang_cage_fault_20g,,data/raw_mafaulda/full/underhang/cage_fault/20g/37.0688.csv,underhang/cage_fault,Cage_NO_CROSS_DATASET_MATCH,50000,5.0,250000,2224.128,added_mass_20g,"8ch(tacho;uh_ax,rad,tan;oh_ax,rad,tan;mic)",bearing_cage_fault,added_mass_20g,underhang,https://www02.smt.ufrj.br/~offshore/mfs/page_01.html,documented,rotation 37.0688 Hz from filename
MAFAULDA,mafaulda_underhang_cage_fault_20g_38.2976,mafaulda_underhang_cage_fault_20g,mafaulda_defective_cage_fault,mafaulda_underhang_cage_fault_20g,,data/raw_mafaulda/full/underhang/cage_fault/20g/38.2976.csv,underhang/cage_fault,Cage_NO_CROSS_DATASET_MATCH,50000,5.0,250000,2297.856,added_mass_20g,"8ch(tacho;uh_ax,rad,tan;oh_ax,rad,tan;mic)",bearing_cage_fault,added_mass_20g,underhang,https://www02.smt.ufrj.br/~offshore/mfs/page_01.html,documented,rotation 38.2976 Hz from filename
MAFAULDA,mafaulda_underhang_cage_fault_20g_39.7312,mafaulda_underhang_cage_fault_20g,mafaulda_defective_cage_fault,mafaulda_underhang_cage_fault_20g,,data/raw_mafaulda/full/underhang/cage_fault/20g/39.7312.csv,underhang/cage_fault,Cage_NO_CROSS_DATASET_MATCH,50000,5.0,250000,2383.8720000000003,added_mass_20g,"8ch(tacho;uh_ax,rad,tan;oh_ax,rad,tan;mic)",bearing_cage_fault,added_mass_20g,underhang,https://www02.smt.ufrj.br/~offshore/mfs/page_01.html,documented,rotation 39.7312 Hz from filename
MAFAULDA,mafaulda_underhang_cage_fault_20g_40.3456,mafaulda_underhang_cage_fault_20g,mafaulda_defective_cage_fault,mafaulda_underhang_cage_fault_20g,,data/raw_mafaulda/full/underhang/cage_fault/20g/40.3456.csv,underhang/cage_fault,Cage_NO_CROSS_DATASET_MATCH,50000,5.0,250000,2420.736,added_mass_20g,"8ch(tacho;uh_ax,rad,tan;oh_ax,rad,tan;mic)",bearing_cage_fault,added_mass_20g,underhang,https://www02.smt.ufrj.br/~offshore/mfs/page_01.html,documented,rotation 40.3456 Hz from filename
MAFAULDA,mafaulda_underhang_cage_fault_20g_41.3696,mafaulda_underhang_cage_fault_20g,mafaulda_defective_cage_fault,mafaulda_underhang_cage_fault_20g,,data/raw_mafaulda/full/underhang/cage_fault/20g/41.3696.csv,underhang/cage_fault,Cage_NO_CROSS_DATASET_MATCH,50000,5.0,250000,2482.176,added_mass_20g,"8ch(tacho;uh_ax,rad,tan;oh_ax,rad,tan;mic)",bearing_cage_fault,added_mass_20g,underhang,https://www02.smt.ufrj.br/~offshore/mfs/page_01.html,documented,rotation 41.3696 Hz from filename
MAFAULDA,mafaulda_underhang_cage_fault_20g_42.3936,mafaulda_underhang_cage_fault_20g,mafaulda_defective_cage_fault,mafaulda_underhang_cage_fault_20g,,data/raw_mafaulda/full/underhang/cage_fault/20g/42.3936.csv,underhang/cage_fault,Cage_NO_CROSS_DATASET_MATCH,50000,5.0,250000,2543.616,added_mass_20g,"8ch(tacho;uh_ax,rad,tan;oh_ax,rad,tan;mic)",bearing_cage_fault,added_mass_20g,underhang,https://www02.smt.ufrj.br/~offshore/mfs/page_01.html,documented,rotation 42.3936 Hz from filename
MAFAULDA,mafaulda_underhang_cage_fault_20g_43.4176,mafaulda_underhang_cage_fault_20g,mafaulda_defective_cage_fault,mafaulda_underhang_cage_fault_20g,,data/raw_mafaulda/full/underhang/cage_fault/20g/43.4176.csv,underhang/cage_fault,Cage_NO_CROSS_DATASET_MATCH,50000,5.0,250000,2605.056,added_mass_20g,"8ch(tacho;uh_ax,rad,tan;oh_ax,rad,tan;mic)",bearing_cage_fault,added_mass_20g,underhang,https://www02.smt.ufrj.br/~offshore/mfs/page_01.html,documented,rotation 43.4176 Hz from filename
MAFAULDA,mafaulda_underhang_cage_fault_20g_44.4416,mafaulda_underhang_cage_fault_20g,mafaulda_defective_cage_fault,mafaulda_underhang_cage_fault_20g,,data/raw_mafaulda/full/underhang/cage_fault/20g/44.4416.csv,underhang/cage_fault,Cage_NO_CROSS_DATASET_MATCH,50000,5.0,250000,2666.496,added_mass_20g,"8ch(tacho;uh_ax,rad,tan;oh_ax,rad,tan;mic)",bearing_cage_fault,added_mass_20g,underhang,https://www02.smt.ufrj.br/~offshore/mfs/page_01.html,documented,rotation 44.4416 Hz from filename
MAFAULDA,mafaulda_underhang_cage_fault_20g_45.4656,mafaulda_underhang_cage_fault_20g,mafaulda_defective_cage_fault,mafaulda_underhang_cage_fault_20g,,data/raw_mafaulda/full/underhang/cage_fault/20g/45.4656.csv,underhang/cage_fault,Cage_NO_CROSS_DATASET_MATCH,50000,5.0,250000,2727.936,added_mass_20g,"8ch(tacho;uh_ax,rad,tan;oh_ax,rad,tan;mic)",bearing_cage_fault,added_mass_20g,underhang,https://www02.smt.ufrj.br/~offshore/mfs/page_01.html,documented,rotation 45.4656 Hz from filename
MAFAULDA,mafaulda_underhang_cage_fault_20g_46.6944,mafaulda_underhang_cage_fault_20g,mafaulda_defective_cage_fault,mafaulda_underhang_cage_fault_20g,,data/raw_mafaulda/full/underhang/cage_fault/20g/46.6944.csv,underhang/cage_fault,Cage_NO_CROSS_DATASET_MATCH,50000,5.0,250000,2801.664,added_mass_20g,"8ch(tacho;uh_ax,rad,tan;oh_ax,rad,tan;mic)",bearing_cage_fault,added_mass_20g,underhang,https://www02.smt.ufrj.br/~offshore/mfs/page_01.html,documented,rotation 46.6944 Hz from filename
MAFAULDA,mafaulda_underhang_cage_fault_20g_47.7184,mafaulda_underhang_cage_fault_20g,mafaulda_defective_cage_fault,mafaulda_underhang_cage_fault_20g,,data/raw_mafaulda/full/underhang/cage_fault/20g/47.7184.csv,underhang/cage_fault,Cage_NO_CROSS_DATASET_MATCH,50000,5.0,250000,2863.1040000000003,added_mass_20g,"8ch(tacho;uh_ax,rad,tan;oh_ax,rad,tan;mic)",bearing_cage_fault,added_mass_20g,underhang,https://www02.smt.ufrj.br/~offshore/mfs/page_01.html,documented,rotation 47.7184 Hz from filename
MAFAULDA,mafaulda_underhang_cage_fault_20g_48.7424,mafaulda_underhang_cage_fault_20g,mafaulda_defective_cage_fault,mafaulda_underhang_cage_fault_20g,,data/raw_mafaulda/full/underhang/cage_fault/20g/48.7424.csv,underhang/cage_fault,Cage_NO_CROSS_DATASET_MATCH,50000,5.0,250000,2924.5440000000003,added_mass_20g,"8ch(tacho;uh_ax,rad,tan;oh_ax,rad,tan;mic)",bearing_cage_fault,added_mass_20g,underhang,https://www02.smt.ufrj.br/~offshore/mfs/page_01.html,documented,rotation 48.7424 Hz from filename
MAFAULDA,mafaulda_underhang_cage_fault_20g_49.7664,mafaulda_underhang_cage_fault_20g,mafaulda_defective_cage_fault,mafaulda_underhang_cage_fault_20g,,data/raw_mafaulda/full/underhang/cage_fault/20g/49.7664.csv,underhang/cage_fault,Cage_NO_CROSS_DATASET_MATCH,50000,5.0,250000,2985.984,added_mass_20g,"8ch(tacho;uh_ax,rad,tan;oh_ax,rad,tan;mic)",bearing_cage_fault,added_mass_20g,underhang,https://www02.smt.ufrj.br/~offshore/mfs/page_01.html,documented,rotation 49.7664 Hz from filename
MAFAULDA,mafaulda_underhang_cage_fault_20g_50.7904,mafaulda_underhang_cage_fault_20g,mafaulda_defective_cage_fault,mafaulda_underhang_cage_fault_20g,,data/raw_mafaulda/full/underhang/cage_fault/20g/50.7904.csv,underhang/cage_fault,Cage_NO_CROSS_DATASET_MATCH,50000,5.0,250000,3047.424,added_mass_20g,"8ch(tacho;uh_ax,rad,tan;oh_ax,rad,tan;mic)",bearing_cage_fault,added_mass_20g,underhang,https://www02.smt.ufrj.br/~offshore/mfs/page_01.html,documented,rotation 50.7904 Hz from filename
MAFAULDA,mafaulda_underhang_cage_fault_20g_51.6096,mafaulda_underhang_cage_fault_20g,mafaulda_defective_cage_fault,mafaulda_underhang_cage_fault_20g,,data/raw_mafaulda/full/underhang/cage_fault/20g/51.6096.csv,underhang/cage_fault,Cage_NO_CROSS_DATASET_MATCH,50000,5.0,250000,3096.576,added_mass_20g,"8ch(tacho;uh_ax,rad,tan;oh_ax,rad,tan;mic)",bearing_cage_fault,added_mass_20g,underhang,https://www02.smt.ufrj.br/~offshore/mfs/page_01.html,documented,rotation 51.6096 Hz from filename
MAFAULDA,mafaulda_underhang_cage_fault_20g_52.6336,mafaulda_underhang_cage_fault_20g,mafaulda_defective_cage_fault,mafaulda_underhang_cage_fault_20g,,data/raw_mafaulda/full/underhang/cage_fault/20g/52.6336.csv,underhang/cage_fault,Cage_NO_CROSS_DATASET_MATCH,50000,5.0,250000,3158.016,added_mass_20g,"8ch(tacho;uh_ax,rad,tan;oh_ax,rad,tan;mic)",bearing_cage_fault,added_mass_20g,underhang,https://www02.smt.ufrj.br/~offshore/mfs/page_01.html,documented,rotation 52.6336 Hz from filename
MAFAULDA,mafaulda_underhang_cage_fault_20g_53.8624,mafaulda_underhang_cage_fault_20g,mafaulda_defective_cage_fault,mafaulda_underhang_cage_fault_20g,,data/raw_mafaulda/full/underhang/cage_fault/20g/53.8624.csv,underhang/cage_fault,Cage_NO_CROSS_DATASET_MATCH,50000,5.0,250000,3231.744,added_mass_20g,"8ch(tacho;uh_ax,rad,tan;oh_ax,rad,tan;mic)",bearing_cage_fault,added_mass_20g,underhang,https://www02.smt.ufrj.br/~offshore/mfs/page_01.html,documented,rotation 53.8624 Hz from filename
MAFAULDA,mafaulda_underhang_cage_fault_20g_54.6816,mafaulda_underhang_cage_fault_20g,mafaulda_defective_cage_fault,mafaulda_underhang_cage_fault_20g,,data/raw_mafaulda/full/underhang/cage_fault/20g/54.6816.csv,underhang/cage_fault,Cage_NO_CROSS_DATASET_MATCH,50000,5.0,250000,3280.896,added_mass_20g,"8ch(tacho;uh_ax,rad,tan;oh_ax,rad,tan;mic)",bearing_cage_fault,added_mass_20g,underhang,https://www02.smt.ufrj.br/~offshore/mfs/page_01.html,documented,rotation 54.6816 Hz from filename
MAFAULDA,mafaulda_underhang_cage_fault_20g_55.7056,mafaulda_underhang_cage_fault_20g,mafaulda_defective_cage_fault,mafaulda_underhang_cage_fault_20g,,data/raw_mafaulda/full/underhang/cage_fault/20g/55.7056.csv,underhang/cage_fault,Cage_NO_CROSS_DATASET_MATCH,50000,5.0,250000,3342.336,added_mass_20g,"8ch(tacho;uh_ax,rad,tan;oh_ax,rad,tan;mic)",bearing_cage_fault,added_mass_20g,underhang,https://www02.smt.ufrj.br/~offshore/mfs/page_01.html,documented,rotation 55.7056 Hz from filename
MAFAULDA,mafaulda_underhang_cage_fault_20g_56.7296,mafaulda_underhang_cage_fault_20g,mafaulda_defective_cage_fault,mafaulda_underhang_cage_fault_20g,,data/raw_mafaulda/full/underhang/cage_fault/20g/56.7296.csv,underhang/cage_fault,Cage_NO_CROSS_DATASET_MATCH,50000,5.0,250000,3403.776,added_mass_20g,"8ch(tacho;uh_ax,rad,tan;oh_ax,rad,tan;mic)",bearing_cage_fault,added_mass_20g,underhang,https://www02.smt.ufrj.br/~offshore/mfs/page_01.html,documented,rotation 56.7296 Hz from filename
MAFAULDA,mafaulda_underhang_cage_fault_20g_57.9584,mafaulda_underhang_cage_fault_20g,mafaulda_defective_cage_fault,mafaulda_underhang_cage_fault_20g,,data/raw_mafaulda/full/underhang/cage_fault/20g/57.9584.csv,underhang/cage_fault,Cage_NO_CROSS_DATASET_MATCH,50000,5.0,250000,3477.504,added_mass_20g,"8ch(tacho;uh_ax,rad,tan;oh_ax,rad,tan;mic)",bearing_cage_fault,added_mass_20g,underhang,https://www02.smt.ufrj.br/~offshore/mfs/page_01.html,documented,rotation 57.9584 Hz from filename
MAFAULDA,mafaulda_underhang_cage_fault_20g_58.7776,mafaulda_underhang_cage_fault_20g,mafaulda_defective_cage_fault,mafaulda_underhang_cage_fault_20g,,data/raw_mafaulda/full/underhang/cage_fault/20g/58.7776.csv,underhang/cage_fault,Cage_NO_CROSS_DATASET_MATCH,50000,5.0,250000,3526.656,added_mass_20g,"8ch(tacho;uh_ax,rad,tan;oh_ax,rad,tan;mic)",bearing_cage_fault,added_mass_20g,underhang,https://www02.smt.ufrj.br/~offshore/mfs/page_01.html,documented,rotation 58.7776 Hz from filename
MAFAULDA,mafaulda_underhang_cage_fault_20g_59.392,mafaulda_underhang_cage_fault_20g,mafaulda_defective_cage_fault,mafaulda_underhang_cage_fault_20g,,data/raw_mafaulda/full/underhang/cage_fault/20g/59.392.csv,underhang/cage_fault,Cage_NO_CROSS_DATASET_MATCH,50000,5.0,250000,3563.52,added_mass_20g,"8ch(tacho;uh_ax,rad,tan;oh_ax,rad,tan;mic)",bearing_cage_fault,added_mass_20g,underhang,https://www02.smt.ufrj.br/~offshore/mfs/page_01.html,documented,rotation 59.392 Hz from filename
MAFAULDA,mafaulda_underhang_cage_fault_20g_60.6208,mafaulda_underhang_cage_fault_20g,mafaulda_defective_cage_fault,mafaulda_underhang_cage_fault_20g,,data/raw_mafaulda/full/underhang/cage_fault/20g/60.6208.csv,underhang/cage_fault,Cage_NO_CROSS_DATASET_MATCH,50000,5.0,250000,3637.248,added_mass_20g,"8ch(tacho;uh_ax,rad,tan;oh_ax,rad,tan;mic)",bearing_cage_fault,added_mass_20g,underhang,https://www02.smt.ufrj.br/~offshore/mfs/page_01.html,documented,rotation 60.6208 Hz from filename
MAFAULDA,mafaulda_underhang_cage_fault_20g_61.2352,mafaulda_underhang_cage_fault_20g,mafaulda_defective_cage_fault,mafaulda_underhang_cage_fault_20g,,data/raw_mafaulda/full/underhang/cage_fault/20g/61.2352.csv,underhang/cage_fault,Cage_NO_CROSS_DATASET_MATCH,50000,5.0,250000,3674.112,added_mass_20g,"8ch(tacho;uh_ax,rad,tan;oh_ax,rad,tan;mic)",bearing_cage_fault,added_mass_20g,underhang,https://www02.smt.ufrj.br/~offshore/mfs/page_01.html,documented,rotation 61.2352 Hz from filename
MAFAULDA,mafaulda_underhang_cage_fault_35g_13.312,mafaulda_underhang_cage_fault_35g,mafaulda_defective_cage_fault,mafaulda_underhang_cage_fault_35g,,data/raw_mafaulda/full/underhang/cage_fault/35g/13.312.csv,underhang/cage_fault,Cage_NO_CROSS_DATASET_MATCH,50000,5.0,250000,798.7199999999999,added_mass_35g,"8ch(tacho;uh_ax,rad,tan;oh_ax,rad,tan;mic)",bearing_cage_fault,added_mass_35g,underhang,https://www02.smt.ufrj.br/~offshore/mfs/page_01.html,documented,rotation 13.312 Hz from filename
MAFAULDA,mafaulda_underhang_cage_fault_35g_13.9264,mafaulda_underhang_cage_fault_35g,mafaulda_defective_cage_fault,mafaulda_underhang_cage_fault_35g,,data/raw_mafaulda/full/underhang/cage_fault/35g/13.9264.csv,underhang/cage_fault,Cage_NO_CROSS_DATASET_MATCH,50000,5.0,250000,835.584,added_mass_35g,"8ch(tacho;uh_ax,rad,tan;oh_ax,rad,tan;mic)",bearing_cage_fault,added_mass_35g,underhang,https://www02.smt.ufrj.br/~offshore/mfs/page_01.html,documented,rotation 13.9264 Hz from filename
MAFAULDA,mafaulda_underhang_cage_fault_35g_15.36,mafaulda_underhang_cage_fault_35g,mafaulda_defective_cage_fault,mafaulda_underhang_cage_fault_35g,,data/raw_mafaulda/full/underhang/cage_fault/35g/15.36.csv,underhang/cage_fault,Cage_NO_CROSS_DATASET_MATCH,50000,5.0,250000,921.5999999999999,added_mass_35g,"8ch(tacho;uh_ax,rad,tan;oh_ax,rad,tan;mic)",bearing_cage_fault,added_mass_35g,underhang,https://www02.smt.ufrj.br/~offshore/mfs/page_01.html,documented,rotation 15.36 Hz from filename
MAFAULDA,mafaulda_underhang_cage_fault_35g_16.384,mafaulda_underhang_cage_fault_35g,mafaulda_defective_cage_fault,mafaulda_underhang_cage_fault_35g,,data/raw_mafaulda/full/underhang/cage_fault/35g/16.384.csv,underhang/cage_fault,Cage_NO_CROSS_DATASET_MATCH,50000,5.0,250000,983.04,added_mass_35g,"8ch(tacho;uh_ax,rad,tan;oh_ax,rad,tan;mic)",bearing_cage_fault,added_mass_35g,underhang,https://www02.smt.ufrj.br/~offshore/mfs/page_01.html,documented,rotation 16.384 Hz from filename
MAFAULDA,mafaulda_underhang_cage_fault_35g_17.408,mafaulda_underhang_cage_fault_35g,mafaulda_defective_cage_fault,mafaulda_underhang_cage_fault_35g,,data/raw_mafaulda/full/underhang/cage_fault/35g/17.408.csv,underhang/cage_fault,Cage_NO_CROSS_DATASET_MATCH,50000,5.0,250000,1044.48,added_mass_35g,"8ch(tacho;uh_ax,rad,tan;oh_ax,rad,tan;mic)",bearing_cage_fault,added_mass_35g,underhang,https://www02.smt.ufrj.br/~offshore/mfs/page_01.html,documented,rotation 17.408 Hz from filename
MAFAULDA,mafaulda_underhang_cage_fault_35g_18.432,mafaulda_underhang_cage_fault_35g,mafaulda_defective_cage_fault,mafaulda_underhang_cage_fault_35g,,data/raw_mafaulda/full/underhang/cage_fault/35g/18.432.csv,underhang/cage_fault,Cage_NO_CROSS_DATASET_MATCH,50000,5.0,250000,1105.9199999999998,added_mass_35g,"8ch(tacho;uh_ax,rad,tan;oh_ax,rad,tan;mic)",bearing_cage_fault,added_mass_35g,underhang,https://www02.smt.ufrj.br/~offshore/mfs/page_01.html,documented,rotation 18.432 Hz from filename
MAFAULDA,mafaulda_underhang_cage_fault_35g_19.6608,mafaulda_underhang_cage_fault_35g,mafaulda_defective_cage_fault,mafaulda_underhang_cage_fault_35g,,data/raw_mafaulda/full/underhang/cage_fault/35g/19.6608.csv,underhang/cage_fault,Cage_NO_CROSS_DATASET_MATCH,50000,5.0,250000,1179.648,added_mass_35g,"8ch(tacho;uh_ax,rad,tan;oh_ax,rad,tan;mic)",bearing_cage_fault,added_mass_35g,underhang,https://www02.smt.ufrj.br/~offshore/mfs/page_01.html,documented,rotation 19.6608 Hz from filename
MAFAULDA,mafaulda_underhang_cage_fault_35g_20.2752,mafaulda_underhang_cage_fault_35g,mafaulda_defective_cage_fault,mafaulda_underhang_cage_fault_35g,,data/raw_mafaulda/full/underhang/cage_fault/35g/20.2752.csv,underhang/cage_fault,Cage_NO_CROSS_DATASET_MATCH,50000,5.0,250000,1216.5120000000002,added_mass_35g,"8ch(tacho;uh_ax,rad,tan;oh_ax,rad,tan;mic)",bearing_cage_fault,added_mass_35g,underhang,https://www02.smt.ufrj.br/~offshore/mfs/page_01.html,documented,rotation 20.2752 Hz from filename
MAFAULDA,mafaulda_underhang_cage_fault_35g_21.2992,mafaulda_underhang_cage_fault_35g,mafaulda_defective_cage_fault,mafaulda_underhang_cage_fault_35g,,data/raw_mafaulda/full/underhang/cage_fault/35g/21.2992.csv,underhang/cage_fault,Cage_NO_CROSS_DATASET_MATCH,50000,5.0,250000,1277.952,added_mass_35g,"8ch(tacho;uh_ax,rad,tan;oh_ax,rad,tan;mic)",bearing_cage_fault,added_mass_35g,underhang,https://www02.smt.ufrj.br/~offshore/mfs/page_01.html,documented,rotation 21.2992 Hz from filename
MAFAULDA,mafaulda_underhang_cage_fault_35g_22.3232,mafaulda_underhang_cage_fault_35g,mafaulda_defective_cage_fault,mafaulda_underhang_cage_fault_35g,,data/raw_mafaulda/full/underhang/cage_fault/35g/22.3232.csv,underhang/cage_fault,Cage_NO_CROSS_DATASET_MATCH,50000,5.0,250000,1339.392,added_mass_35g,"8ch(tacho;uh_ax,rad,tan;oh_ax,rad,tan;mic)",bearing_cage_fault,added_mass_35g,underhang,https://www02.smt.ufrj.br/~offshore/mfs/page_01.html,documented,rotation 22.3232 Hz from filename
MAFAULDA,mafaulda_underhang_cage_fault_35g_23.7568,mafaulda_underhang_cage_fault_35g,mafaulda_defective_cage_fault,mafaulda_underhang_cage_fault_35g,,data/raw_mafaulda/full/underhang/cage_fault/35g/23.7568.csv,underhang/cage_fault,Cage_NO_CROSS_DATASET_MATCH,50000,5.0,250000,1425.408,added_mass_35g,"8ch(tacho;uh_ax,rad,tan;oh_ax,rad,tan;mic)",bearing_cage_fault,added_mass_35g,underhang,https://www02.smt.ufrj.br/~offshore/mfs/page_01.html,documented,rotation 23.7568 Hz from filename
MAFAULDA,mafaulda_underhang_cage_fault_35g_24.7808,mafaulda_underhang_cage_fault_35g,mafaulda_defective_cage_fault,mafaulda_underhang_cage_fault_35g,,data/raw_mafaulda/full/underhang/cage_fault/35g/24.7808.csv,underhang/cage_fault,Cage_NO_CROSS_DATASET_MATCH,50000,5.0,250000,1486.848,added_mass_35g,"8ch(tacho;uh_ax,rad,tan;oh_ax,rad,tan;mic)",bearing_cage_fault,added_mass_35g,underhang,https://www02.smt.ufrj.br/~offshore/mfs/page_01.html,documented,rotation 24.7808 Hz from filename
MAFAULDA,mafaulda_underhang_cage_fault_35g_25.6,mafaulda_underhang_cage_fault_35g,mafaulda_defective_cage_fault,mafaulda_underhang_cage_fault_35g,,data/raw_mafaulda/full/underhang/cage_fault/35g/25.6.csv,underhang/cage_fault,Cage_NO_CROSS_DATASET_MATCH,50000,5.0,250000,1536.0,added_mass_35g,"8ch(tacho;uh_ax,rad,tan;oh_ax,rad,tan;mic)",bearing_cage_fault,added_mass_35g,underhang,https://www02.smt.ufrj.br/~offshore/mfs/page_01.html,documented,rotation 25.6 Hz from filename
MAFAULDA,mafaulda_underhang_cage_fault_35g_27.2384,mafaulda_underhang_cage_fault_35g,mafaulda_defective_cage_fault,mafaulda_underhang_cage_fault_35g,,data/raw_mafaulda/full/underhang/cage_fault/35g/27.2384.csv,underhang/cage_fault,Cage_NO_CROSS_DATASET_MATCH,50000,5.0,250000,1634.3039999999999,added_mass_35g,"8ch(tacho;uh_ax,rad,tan;oh_ax,rad,tan;mic)",bearing_cage_fault,added_mass_35g,underhang,https://www02.smt.ufrj.br/~offshore/mfs/page_01.html,documented,rotation 27.2384 Hz from filename
MAFAULDA,mafaulda_underhang_cage_fault_35g_28.672,mafaulda_underhang_cage_fault_35g,mafaulda_defective_cage_fault,mafaulda_underhang_cage_fault_35g,,data/raw_mafaulda/full/underhang/cage_fault/35g/28.672.csv,underhang/cage_fault,Cage_NO_CROSS_DATASET_MATCH,50000,5.0,250000,1720.32,added_mass_35g,"8ch(tacho;uh_ax,rad,tan;oh_ax,rad,tan;mic)",bearing_cage_fault,added_mass_35g,underhang,https://www02.smt.ufrj.br/~offshore/mfs/page_01.html,documented,rotation 28.672 Hz from filename
MAFAULDA,mafaulda_underhang_cage_fault_35g_29.4912,mafaulda_underhang_cage_fault_35g,mafaulda_defective_cage_fault,mafaulda_underhang_cage_fault_35g,,data/raw_mafaulda/full/underhang/cage_fault/35g/29.4912.csv,underhang/cage_fault,Cage_NO_CROSS_DATASET_MATCH,50000,5.0,250000,1769.472,added_mass_35g,"8ch(tacho;uh_ax,rad,tan;oh_ax,rad,tan;mic)",bearing_cage_fault,added_mass_35g,underhang,https://www02.smt.ufrj.br/~offshore/mfs/page_01.html,documented,rotation 29.4912 Hz from filename
MAFAULDA,mafaulda_underhang_cage_fault_35g_30.72,mafaulda_underhang_cage_fault_35g,mafaulda_defective_cage_fault,mafaulda_underhang_cage_fault_35g,,data/raw_mafaulda/full/underhang/cage_fault/35g/30.72.csv,underhang/cage_fault,Cage_NO_CROSS_DATASET_MATCH,50000,5.0,250000,1843.1999999999998,added_mass_35g,"8ch(tacho;uh_ax,rad,tan;oh_ax,rad,tan;mic)",bearing_cage_fault,added_mass_35g,underhang,https://www02.smt.ufrj.br/~offshore/mfs/page_01.html,documented,rotation 30.72 Hz from filename
MAFAULDA,mafaulda_underhang_cage_fault_35g_31.5392,mafaulda_underhang_cage_fault_35g,mafaulda_defective_cage_fault,mafaulda_underhang_cage_fault_35g,,data/raw_mafaulda/full/underhang/cage_fault/35g/31.5392.csv,underhang/cage_fault,Cage_NO_CROSS_DATASET_MATCH,50000,5.0,250000,1892.352,added_mass_35g,"8ch(tacho;uh_ax,rad,tan;oh_ax,rad,tan;mic)",bearing_cage_fault,added_mass_35g,underhang,https://www02.smt.ufrj.br/~offshore/mfs/page_01.html,documented,rotation 31.5392 Hz from filename
MAFAULDA,mafaulda_underhang_cage_fault_35g_32.5632,mafaulda_underhang_cage_fault_35g,mafaulda_defective_cage_fault,mafaulda_underhang_cage_fault_35g,,data/raw_mafaulda/full/underhang/cage_fault/35g/32.5632.csv,underhang/cage_fault,Cage_NO_CROSS_DATASET_MATCH,50000,5.0,250000,1953.7920000000001,added_mass_35g,"8ch(tacho;uh_ax,rad,tan;oh_ax,rad,tan;mic)",bearing_cage_fault,added_mass_35g,underhang,https://www02.smt.ufrj.br/~offshore/mfs/page_01.html,documented,rotation 32.5632 Hz from filename
MAFAULDA,mafaulda_underhang_cage_fault_35g_33.5872,mafaulda_underhang_cage_fault_35g,mafaulda_defective_cage_fault,mafaulda_underhang_cage_fault_35g,,data/raw_mafaulda/full/underhang/cage_fault/35g/33.5872.csv,underhang/cage_fault,Cage_NO_CROSS_DATASET_MATCH,50000,5.0,250000,2015.2320000000002,added_mass_35g,"8ch(tacho;uh_ax,rad,tan;oh_ax,rad,tan;mic)",bearing_cage_fault,added_mass_35g,underhang,https://www02.smt.ufrj.br/~offshore/mfs/page_01.html,documented,rotation 33.5872 Hz from filename
MAFAULDA,mafaulda_underhang_cage_fault_35g_34.2016,mafaulda_underhang_cage_fault_35g,mafaulda_defective_cage_fault,mafaulda_underhang_cage_fault_35g,,data/raw_mafaulda/full/underhang/cage_fault/35g/34.2016.csv,underhang/cage_fault,Cage_NO_CROSS_DATASET_MATCH,50000,5.0,250000,2052.096,added_mass_35g,"8ch(tacho;uh_ax,rad,tan;oh_ax,rad,tan;mic)",bearing_cage_fault,added_mass_35g,underhang,https://www02.smt.ufrj.br/~offshore/mfs/page_01.html,documented,rotation 34.2016 Hz from filename
MAFAULDA,mafaulda_underhang_cage_fault_35g_35.2256,mafaulda_underhang_cage_fault_35g,mafaulda_defective_cage_fault,mafaulda_underhang_cage_fault_35g,,data/raw_mafaulda/full/underhang/cage_fault/35g/35.2256.csv,underhang/cage_fault,Cage_NO_CROSS_DATASET_MATCH,50000,5.0,250000,2113.536,added_mass_35g,"8ch(tacho;uh_ax,rad,tan;oh_ax,rad,tan;mic)",bearing_cage_fault,added_mass_35g,underhang,https://www02.smt.ufrj.br/~offshore/mfs/page_01.html,documented,rotation 35.2256 Hz from filename
MAFAULDA,mafaulda_underhang_cage_fault_35g_36.2496,mafaulda_underhang_cage_fault_35g,mafaulda_defective_cage_fault,mafaulda_underhang_cage_fault_35g,,data/raw_mafaulda/full/underhang/cage_fault/35g/36.2496.csv,underhang/cage_fault,Cage_NO_CROSS_DATASET_MATCH,50000,5.0,250000,2174.976,added_mass_35g,"8ch(tacho;uh_ax,rad,tan;oh_ax,rad,tan;mic)",bearing_cage_fault,added_mass_35g,underhang,https://www02.smt.ufrj.br/~offshore/mfs/page_01.html,documented,rotation 36.2496 Hz from filename
MAFAULDA,mafaulda_underhang_cage_fault_35g_37.4784,mafaulda_underhang_cage_fault_35g,mafaulda_defective_cage_fault,mafaulda_underhang_cage_fault_35g,,data/raw_mafaulda/full/underhang/cage_fault/35g/37.4784.csv,underhang/cage_fault,Cage_NO_CROSS_DATASET_MATCH,50000,5.0,250000,2248.704,added_mass_35g,"8ch(tacho;uh_ax,rad,tan;oh_ax,rad,tan;mic)",bearing_cage_fault,added_mass_35g,underhang,https://www02.smt.ufrj.br/~offshore/mfs/page_01.html,documented,rotation 37.4784 Hz from filename
MAFAULDA,mafaulda_underhang_cage_fault_35g_38.5024,mafaulda_underhang_cage_fault_35g,mafaulda_defective_cage_fault,mafaulda_underhang_cage_fault_35g,,data/raw_mafaulda/full/underhang/cage_fault/35g/38.5024.csv,underhang/cage_fault,Cage_NO_CROSS_DATASET_MATCH,50000,5.0,250000,2310.1440000000002,added_mass_35g,"8ch(tacho;uh_ax,rad,tan;oh_ax,rad,tan;mic)",bearing_cage_fault,added_mass_35g,underhang,https://www02.smt.ufrj.br/~offshore/mfs/page_01.html,documented,rotation 38.5024 Hz from filename
MAFAULDA,mafaulda_underhang_cage_fault_35g_39.5264,mafaulda_underhang_cage_fault_35g,mafaulda_defective_cage_fault,mafaulda_underhang_cage_fault_35g,,data/raw_mafaulda/full/underhang/cage_fault/35g/39.5264.csv,underhang/cage_fault,Cage_NO_CROSS_DATASET_MATCH,50000,5.0,250000,2371.5840000000003,added_mass_35g,"8ch(tacho;uh_ax,rad,tan;oh_ax,rad,tan;mic)",bearing_cage_fault,added_mass_35g,underhang,https://www02.smt.ufrj.br/~offshore/mfs/page_01.html,documented,rotation 39.5264 Hz from filename
MAFAULDA,mafaulda_underhang_cage_fault_35g_40.5504,mafaulda_underhang_cage_fault_35g,mafaulda_defective_cage_fault,mafaulda_underhang_cage_fault_35g,,data/raw_mafaulda/full/underhang/cage_fault/35g/40.5504.csv,underhang/cage_fault,Cage_NO_CROSS_DATASET_MATCH,50000,5.0,250000,2433.0240000000003,added_mass_35g,"8ch(tacho;uh_ax,rad,tan;oh_ax,rad,tan;mic)",bearing_cage_fault,added_mass_35g,underhang,https://www02.smt.ufrj.br/~offshore/mfs/page_01.html,documented,rotation 40.5504 Hz from filename
MAFAULDA,mafaulda_underhang_cage_fault_35g_41.3696,mafaulda_underhang_cage_fault_35g,mafaulda_defective_cage_fault,mafaulda_underhang_cage_fault_35g,,data/raw_mafaulda/full/underhang/cage_fault/35g/41.3696.csv,underhang/cage_fault,Cage_NO_CROSS_DATASET_MATCH,50000,5.0,250000,2482.176,added_mass_35g,"8ch(tacho;uh_ax,rad,tan;oh_ax,rad,tan;mic)",bearing_cage_fault,added_mass_35g,underhang,https://www02.smt.ufrj.br/~offshore/mfs/page_01.html,documented,rotation 41.3696 Hz from filename
MAFAULDA,mafaulda_underhang_cage_fault_35g_42.3936,mafaulda_underhang_cage_fault_35g,mafaulda_defective_cage_fault,mafaulda_underhang_cage_fault_35g,,data/raw_mafaulda/full/underhang/cage_fault/35g/42.3936.csv,underhang/cage_fault,Cage_NO_CROSS_DATASET_MATCH,50000,5.0,250000,2543.616,added_mass_35g,"8ch(tacho;uh_ax,rad,tan;oh_ax,rad,tan;mic)",bearing_cage_fault,added_mass_35g,underhang,https://www02.smt.ufrj.br/~offshore/mfs/page_01.html,documented,rotation 42.3936 Hz from filename
MAFAULDA,mafaulda_underhang_cage_fault_35g_43.4176,mafaulda_underhang_cage_fault_35g,mafaulda_defective_cage_fault,mafaulda_underhang_cage_fault_35g,,data/raw_mafaulda/full/underhang/cage_fault/35g/43.4176.csv,underhang/cage_fault,Cage_NO_CROSS_DATASET_MATCH,50000,5.0,250000,2605.056,added_mass_35g,"8ch(tacho;uh_ax,rad,tan;oh_ax,rad,tan;mic)",bearing_cage_fault,added_mass_35g,underhang,https://www02.smt.ufrj.br/~offshore/mfs/page_01.html,documented,rotation 43.4176 Hz from filename
MAFAULDA,mafaulda_underhang_cage_fault_35g_44.6464,mafaulda_underhang_cage_fault_35g,mafaulda_defective_cage_fault,mafaulda_underhang_cage_fault_35g,,data/raw_mafaulda/full/underhang/cage_fault/35g/44.6464.csv,underhang/cage_fault,Cage_NO_CROSS_DATASET_MATCH,50000,5.0,250000,2678.784,added_mass_35g,"8ch(tacho;uh_ax,rad,tan;oh_ax,rad,tan;mic)",bearing_cage_fault,added_mass_35g,underhang,https://www02.smt.ufrj.br/~offshore/mfs/page_01.html,documented,rotation 44.6464 Hz from filename
MAFAULDA,mafaulda_underhang_cage_fault_35g_45.4656,mafaulda_underhang_cage_fault_35g,mafaulda_defective_cage_fault,mafaulda_underhang_cage_fault_35g,,data/raw_mafaulda/full/underhang/cage_fault/35g/45.4656.csv,underhang/cage_fault,Cage_NO_CROSS_DATASET_MATCH,50000,5.0,250000,2727.936,added_mass_35g,"8ch(tacho;uh_ax,rad,tan;oh_ax,rad,tan;mic)",bearing_cage_fault,added_mass_35g,underhang,https://www02.smt.ufrj.br/~offshore/mfs/page_01.html,documented,rotation 45.4656 Hz from filename
MAFAULDA,mafaulda_underhang_cage_fault_35g_46.4896,mafaulda_underhang_cage_fault_35g,mafaulda_defective_cage_fault,mafaulda_underhang_cage_fault_35g,,data/raw_mafaulda/full/underhang/cage_fault/35g/46.4896.csv,underhang/cage_fault,Cage_NO_CROSS_DATASET_MATCH,50000,5.0,250000,2789.376,added_mass_35g,"8ch(tacho;uh_ax,rad,tan;oh_ax,rad,tan;mic)",bearing_cage_fault,added_mass_35g,underhang,https://www02.smt.ufrj.br/~offshore/mfs/page_01.html,documented,rotation 46.4896 Hz from filename
MAFAULDA,mafaulda_underhang_cage_fault_35g_47.5136,mafaulda_underhang_cage_fault_35g,mafaulda_defective_cage_fault,mafaulda_underhang_cage_fault_35g,,data/raw_mafaulda/full/underhang/cage_fault/35g/47.5136.csv,underhang/cage_fault,Cage_NO_CROSS_DATASET_MATCH,50000,5.0,250000,2850.816,added_mass_35g,"8ch(tacho;uh_ax,rad,tan;oh_ax,rad,tan;mic)",bearing_cage_fault,added_mass_35g,underhang,https://www02.smt.ufrj.br/~offshore/mfs/page_01.html,documented,rotation 47.5136 Hz from filename
MAFAULDA,mafaulda_underhang_cage_fault_35g_48.7424,mafaulda_underhang_cage_fault_35g,mafaulda_defective_cage_fault,mafaulda_underhang_cage_fault_35g,,data/raw_mafaulda/full/underhang/cage_fault/35g/48.7424.csv,underhang/cage_fault,Cage_NO_CROSS_DATASET_MATCH,50000,5.0,250000,2924.5440000000003,added_mass_35g,"8ch(tacho;uh_ax,rad,tan;oh_ax,rad,tan;mic)",bearing_cage_fault,added_mass_35g,underhang,https://www02.smt.ufrj.br/~offshore/mfs/page_01.html,documented,rotation 48.7424 Hz from filename
MAFAULDA,mafaulda_underhang_cage_fault_35g_49.7664,mafaulda_underhang_cage_fault_35g,mafaulda_defective_cage_fault,mafaulda_underhang_cage_fault_35g,,data/raw_mafaulda/full/underhang/cage_fault/35g/49.7664.csv,underhang/cage_fault,Cage_NO_CROSS_DATASET_MATCH,50000,5.0,250000,2985.984,added_mass_35g,"8ch(tacho;uh_ax,rad,tan;oh_ax,rad,tan;mic)",bearing_cage_fault,added_mass_35g,underhang,https://www02.smt.ufrj.br/~offshore/mfs/page_01.html,documented,rotation 49.7664 Hz from filename
MAFAULDA,mafaulda_underhang_cage_fault_35g_50.5856,mafaulda_underhang_cage_fault_35g,mafaulda_defective_cage_fault,mafaulda_underhang_cage_fault_35g,,data/raw_mafaulda/full/underhang/cage_fault/35g/50.5856.csv,underhang/cage_fault,Cage_NO_CROSS_DATASET_MATCH,50000,5.0,250000,3035.136,added_mass_35g,"8ch(tacho;uh_ax,rad,tan;oh_ax,rad,tan;mic)",bearing_cage_fault,added_mass_35g,underhang,https://www02.smt.ufrj.br/~offshore/mfs/page_01.html,documented,rotation 50.5856 Hz from filename
MAFAULDA,mafaulda_underhang_cage_fault_35g_51.8144,mafaulda_underhang_cage_fault_35g,mafaulda_defective_cage_fault,mafaulda_underhang_cage_fault_35g,,data/raw_mafaulda/full/underhang/cage_fault/35g/51.8144.csv,underhang/cage_fault,Cage_NO_CROSS_DATASET_MATCH,50000,5.0,250000,3108.864,added_mass_35g,"8ch(tacho;uh_ax,rad,tan;oh_ax,rad,tan;mic)",bearing_cage_fault,added_mass_35g,underhang,https://www02.smt.ufrj.br/~offshore/mfs/page_01.html,documented,rotation 51.8144 Hz from filename
MAFAULDA,mafaulda_underhang_cage_fault_35g_53.6576,mafaulda_underhang_cage_fault_35g,mafaulda_defective_cage_fault,mafaulda_underhang_cage_fault_35g,,data/raw_mafaulda/full/underhang/cage_fault/35g/53.6576.csv,underhang/cage_fault,Cage_NO_CROSS_DATASET_MATCH,50000,5.0,250000,3219.456,added_mass_35g,"8ch(tacho;uh_ax,rad,tan;oh_ax,rad,tan;mic)",bearing_cage_fault,added_mass_35g,underhang,https://www02.smt.ufrj.br/~offshore/mfs/page_01.html,documented,rotation 53.6576 Hz from filename
MAFAULDA,mafaulda_underhang_cage_fault_35g_54.6816,mafaulda_underhang_cage_fault_35g,mafaulda_defective_cage_fault,mafaulda_underhang_cage_fault_35g,,data/raw_mafaulda/full/underhang/cage_fault/35g/54.6816.csv,underhang/cage_fault,Cage_NO_CROSS_DATASET_MATCH,50000,5.0,250000,3280.896,added_mass_35g,"8ch(tacho;uh_ax,rad,tan;oh_ax,rad,tan;mic)",bearing_cage_fault,added_mass_35g,underhang,https://www02.smt.ufrj.br/~offshore/mfs/page_01.html,documented,rotation 54.6816 Hz from filename
MAFAULDA,mafaulda_underhang_cage_fault_35g_56.1152,mafaulda_underhang_cage_fault_35g,mafaulda_defective_cage_fault,mafaulda_underhang_cage_fault_35g,,data/raw_mafaulda/full/underhang/cage_fault/35g/56.1152.csv,underhang/cage_fault,Cage_NO_CROSS_DATASET_MATCH,50000,5.0,250000,3366.9120000000003,added_mass_35g,"8ch(tacho;uh_ax,rad,tan;oh_ax,rad,tan;mic)",bearing_cage_fault,added_mass_35g,underhang,https://www02.smt.ufrj.br/~offshore/mfs/page_01.html,documented,rotation 56.1152 Hz from filename
MAFAULDA,mafaulda_underhang_cage_fault_35g_56.5248,mafaulda_underhang_cage_fault_35g,mafaulda_defective_cage_fault,mafaulda_underhang_cage_fault_35g,,data/raw_mafaulda/full/underhang/cage_fault/35g/56.5248.csv,underhang/cage_fault,Cage_NO_CROSS_DATASET_MATCH,50000,5.0,250000,3391.488,added_mass_35g,"8ch(tacho;uh_ax,rad,tan;oh_ax,rad,tan;mic)",bearing_cage_fault,added_mass_35g,underhang,https://www02.smt.ufrj.br/~offshore/mfs/page_01.html,documented,rotation 56.5248 Hz from filename
MAFAULDA,mafaulda_underhang_cage_fault_6g_12.9024,mafaulda_underhang_cage_fault_6g,mafaulda_defective_cage_fault,mafaulda_underhang_cage_fault_6g,,data/raw_mafaulda/full/underhang/cage_fault/6g/12.9024.csv,underhang/cage_fault,Cage_NO_CROSS_DATASET_MATCH,50000,5.0,250000,774.144,added_mass_6g,"8ch(tacho;uh_ax,rad,tan;oh_ax,rad,tan;mic)",bearing_cage_fault,added_mass_6g,underhang,https://www02.smt.ufrj.br/~offshore/mfs/page_01.html,documented,rotation 12.9024 Hz from filename
MAFAULDA,mafaulda_underhang_cage_fault_6g_14.336,mafaulda_underhang_cage_fault_6g,mafaulda_defective_cage_fault,mafaulda_underhang_cage_fault_6g,,data/raw_mafaulda/full/underhang/cage_fault/6g/14.336.csv,underhang/cage_fault,Cage_NO_CROSS_DATASET_MATCH,50000,5.0,250000,860.16,added_mass_6g,"8ch(tacho;uh_ax,rad,tan;oh_ax,rad,tan;mic)",bearing_cage_fault,added_mass_6g,underhang,https://www02.smt.ufrj.br/~offshore/mfs/page_01.html,documented,rotation 14.336 Hz from filename
MAFAULDA,mafaulda_underhang_cage_fault_6g_15.5648,mafaulda_underhang_cage_fault_6g,mafaulda_defective_cage_fault,mafaulda_underhang_cage_fault_6g,,data/raw_mafaulda/full/underhang/cage_fault/6g/15.5648.csv,underhang/cage_fault,Cage_NO_CROSS_DATASET_MATCH,50000,5.0,250000,933.888,added_mass_6g,"8ch(tacho;uh_ax,rad,tan;oh_ax,rad,tan;mic)",bearing_cage_fault,added_mass_6g,underhang,https://www02.smt.ufrj.br/~offshore/mfs/page_01.html,documented,rotation 15.5648 Hz from filename
MAFAULDA,mafaulda_underhang_cage_fault_6g_16.1792,mafaulda_underhang_cage_fault_6g,mafaulda_defective_cage_fault,mafaulda_underhang_cage_fault_6g,,data/raw_mafaulda/full/underhang/cage_fault/6g/16.1792.csv,underhang/cage_fault,Cage_NO_CROSS_DATASET_MATCH,50000,5.0,250000,970.7520000000001,added_mass_6g,"8ch(tacho;uh_ax,rad,tan;oh_ax,rad,tan;mic)",bearing_cage_fault,added_mass_6g,underhang,https://www02.smt.ufrj.br/~offshore/mfs/page_01.html,documented,rotation 16.1792 Hz from filename
MAFAULDA,mafaulda_underhang_cage_fault_6g_17.408,mafaulda_underhang_cage_fault_6g,mafaulda_defective_cage_fault,mafaulda_underhang_cage_fault_6g,,data/raw_mafaulda/full/underhang/cage_fault/6g/17.408.csv,underhang/cage_fault,Cage_NO_CROSS_DATASET_MATCH,50000,5.0,250000,1044.48,added_mass_6g,"8ch(tacho;uh_ax,rad,tan;oh_ax,rad,tan;mic)",bearing_cage_fault,added_mass_6g,underhang,https://www02.smt.ufrj.br/~offshore/mfs/page_01.html,documented,rotation 17.408 Hz from filename
MAFAULDA,mafaulda_underhang_cage_fault_6g_18.6368,mafaulda_underhang_cage_fault_6g,mafaulda_defective_cage_fault,mafaulda_underhang_cage_fault_6g,,data/raw_mafaulda/full/underhang/cage_fault/6g/18.6368.csv,underhang/cage_fault,Cage_NO_CROSS_DATASET_MATCH,50000,5.0,250000,1118.208,added_mass_6g,"8ch(tacho;uh_ax,rad,tan;oh_ax,rad,tan;mic)",bearing_cage_fault,added_mass_6g,underhang,https://www02.smt.ufrj.br/~offshore/mfs/page_01.html,documented,rotation 18.6368 Hz from filename
MAFAULDA,mafaulda_underhang_cage_fault_6g_19.456,mafaulda_underhang_cage_fault_6g,mafaulda_defective_cage_fault,mafaulda_underhang_cage_fault_6g,,data/raw_mafaulda/full/underhang/cage_fault/6g/19.456.csv,underhang/cage_fault,Cage_NO_CROSS_DATASET_MATCH,50000,5.0,250000,1167.36,added_mass_6g,"8ch(tacho;uh_ax,rad,tan;oh_ax,rad,tan;mic)",bearing_cage_fault,added_mass_6g,underhang,https://www02.smt.ufrj.br/~offshore/mfs/page_01.html,documented,rotation 19.456 Hz from filename
MAFAULDA,mafaulda_underhang_cage_fault_6g_20.2752,mafaulda_underhang_cage_fault_6g,mafaulda_defective_cage_fault,mafaulda_underhang_cage_fault_6g,,data/raw_mafaulda/full/underhang/cage_fault/6g/20.2752.csv,underhang/cage_fault,Cage_NO_CROSS_DATASET_MATCH,50000,5.0,250000,1216.5120000000002,added_mass_6g,"8ch(tacho;uh_ax,rad,tan;oh_ax,rad,tan;mic)",bearing_cage_fault,added_mass_6g,underhang,https://www02.smt.ufrj.br/~offshore/mfs/page_01.html,documented,rotation 20.2752 Hz from filename
MAFAULDA,mafaulda_underhang_cage_fault_6g_21.7088,mafaulda_underhang_cage_fault_6g,mafaulda_defective_cage_fault,mafaulda_underhang_cage_fault_6g,,data/raw_mafaulda/full/underhang/cage_fault/6g/21.7088.csv,underhang/cage_fault,Cage_NO_CROSS_DATASET_MATCH,50000,5.0,250000,1302.528,added_mass_6g,"8ch(tacho;uh_ax,rad,tan;oh_ax,rad,tan;mic)",bearing_cage_fault,added_mass_6g,underhang,https://www02.smt.ufrj.br/~offshore/mfs/page_01.html,documented,rotation 21.7088 Hz from filename
MAFAULDA,mafaulda_underhang_cage_fault_6g_22.528,mafaulda_underhang_cage_fault_6g,mafaulda_defective_cage_fault,mafaulda_underhang_cage_fault_6g,,data/raw_mafaulda/full/underhang/cage_fault/6g/22.528.csv,underhang/cage_fault,Cage_NO_CROSS_DATASET_MATCH,50000,5.0,250000,1351.6799999999998,added_mass_6g,"8ch(tacho;uh_ax,rad,tan;oh_ax,rad,tan;mic)",bearing_cage_fault,added_mass_6g,underhang,https://www02.smt.ufrj.br/~offshore/mfs/page_01.html,documented,rotation 22.528 Hz from filename
MAFAULDA,mafaulda_underhang_cage_fault_6g_23.7568,mafaulda_underhang_cage_fault_6g,mafaulda_defective_cage_fault,mafaulda_underhang_cage_fault_6g,,data/raw_mafaulda/full/underhang/cage_fault/6g/23.7568.csv,underhang/cage_fault,Cage_NO_CROSS_DATASET_MATCH,50000,5.0,250000,1425.408,added_mass_6g,"8ch(tacho;uh_ax,rad,tan;oh_ax,rad,tan;mic)",bearing_cage_fault,added_mass_6g,underhang,https://www02.smt.ufrj.br/~offshore/mfs/page_01.html,documented,rotation 23.7568 Hz from filename
MAFAULDA,mafaulda_underhang_cage_fault_6g_24.3712,mafaulda_underhang_cage_fault_6g,mafaulda_defective_cage_fault,mafaulda_underhang_cage_fault_6g,,data/raw_mafaulda/full/underhang/cage_fault/6g/24.3712.csv,underhang/cage_fault,Cage_NO_CROSS_DATASET_MATCH,50000,5.0,250000,1462.2720000000002,added_mass_6g,"8ch(tacho;uh_ax,rad,tan;oh_ax,rad,tan;mic)",bearing_cage_fault,added_mass_6g,underhang,https://www02.smt.ufrj.br/~offshore/mfs/page_01.html,documented,rotation 24.3712 Hz from filename
MAFAULDA,mafaulda_underhang_cage_fault_6g_25.8048,mafaulda_underhang_cage_fault_6g,mafaulda_defective_cage_fault,mafaulda_underhang_cage_fault_6g,,data/raw_mafaulda/full/underhang/cage_fault/6g/25.8048.csv,underhang/cage_fault,Cage_NO_CROSS_DATASET_MATCH,50000,5.0,250000,1548.288,added_mass_6g,"8ch(tacho;uh_ax,rad,tan;oh_ax,rad,tan;mic)",bearing_cage_fault,added_mass_6g,underhang,https://www02.smt.ufrj.br/~offshore/mfs/page_01.html,documented,rotation 25.8048 Hz from filename
MAFAULDA,mafaulda_underhang_cage_fault_6g_26.624,mafaulda_underhang_cage_fault_6g,mafaulda_defective_cage_fault,mafaulda_underhang_cage_fault_6g,,data/raw_mafaulda/full/underhang/cage_fault/6g/26.624.csv,underhang/cage_fault,Cage_NO_CROSS_DATASET_MATCH,50000,5.0,250000,1597.4399999999998,added_mass_6g,"8ch(tacho;uh_ax,rad,tan;oh_ax,rad,tan;mic)",bearing_cage_fault,added_mass_6g,underhang,https://www02.smt.ufrj.br/~offshore/mfs/page_01.html,documented,rotation 26.624 Hz from filename
MAFAULDA,mafaulda_underhang_cage_fault_6g_27.4432,mafaulda_underhang_cage_fault_6g,mafaulda_defective_cage_fault,mafaulda_underhang_cage_fault_6g,,data/raw_mafaulda/full/underhang/cage_fault/6g/27.4432.csv,underhang/cage_fault,Cage_NO_CROSS_DATASET_MATCH,50000,5.0,250000,1646.592,added_mass_6g,"8ch(tacho;uh_ax,rad,tan;oh_ax,rad,tan;mic)",bearing_cage_fault,added_mass_6g,underhang,https://www02.smt.ufrj.br/~offshore/mfs/page_01.html,documented,rotation 27.4432 Hz from filename
MAFAULDA,mafaulda_underhang_cage_fault_6g_28.4672,mafaulda_underhang_cage_fault_6g,mafaulda_defective_cage_fault,mafaulda_underhang_cage_fault_6g,,data/raw_mafaulda/full/underhang/cage_fault/6g/28.4672.csv,underhang/cage_fault,Cage_NO_CROSS_DATASET_MATCH,50000,5.0,250000,1708.032,added_mass_6g,"8ch(tacho;uh_ax,rad,tan;oh_ax,rad,tan;mic)",bearing_cage_fault,added_mass_6g,underhang,https://www02.smt.ufrj.br/~offshore/mfs/page_01.html,documented,rotation 28.4672 Hz from filename
MAFAULDA,mafaulda_underhang_cage_fault_6g_29.696,mafaulda_underhang_cage_fault_6g,mafaulda_defective_cage_fault,mafaulda_underhang_cage_fault_6g,,data/raw_mafaulda/full/underhang/cage_fault/6g/29.696.csv,underhang/cage_fault,Cage_NO_CROSS_DATASET_MATCH,50000,5.0,250000,1781.76,added_mass_6g,"8ch(tacho;uh_ax,rad,tan;oh_ax,rad,tan;mic)",bearing_cage_fault,added_mass_6g,underhang,https://www02.smt.ufrj.br/~offshore/mfs/page_01.html,documented,rotation 29.696 Hz from filename
MAFAULDA,mafaulda_underhang_cage_fault_6g_30.72,mafaulda_underhang_cage_fault_6g,mafaulda_defective_cage_fault,mafaulda_underhang_cage_fault_6g,,data/raw_mafaulda/full/underhang/cage_fault/6g/30.72.csv,underhang/cage_fault,Cage_NO_CROSS_DATASET_MATCH,50000,5.0,250000,1843.1999999999998,added_mass_6g,"8ch(tacho;uh_ax,rad,tan;oh_ax,rad,tan;mic)",bearing_cage_fault,added_mass_6g,underhang,https://www02.smt.ufrj.br/~offshore/mfs/page_01.html,documented,rotation 30.72 Hz from filename
MAFAULDA,mafaulda_underhang_cage_fault_6g_31.5392,mafaulda_underhang_cage_fault_6g,mafaulda_defective_cage_fault,mafaulda_underhang_cage_fault_6g,,data/raw_mafaulda/full/underhang/cage_fault/6g/31.5392.csv,underhang/cage_fault,Cage_NO_CROSS_DATASET_MATCH,50000,5.0,250000,1892.352,added_mass_6g,"8ch(tacho;uh_ax,rad,tan;oh_ax,rad,tan;mic)",bearing_cage_fault,added_mass_6g,underhang,https://www02.smt.ufrj.br/~offshore/mfs/page_01.html,documented,rotation 31.5392 Hz from filename
MAFAULDA,mafaulda_underhang_cage_fault_6g_32.768,mafaulda_underhang_cage_fault_6g,mafaulda_defective_cage_fault,mafaulda_underhang_cage_fault_6g,,data/raw_mafaulda/full/underhang/cage_fault/6g/32.768.csv,underhang/cage_fault,Cage_NO_CROSS_DATASET_MATCH,50000,5.0,250000,1966.08,added_mass_6g,"8ch(tacho;uh_ax,rad,tan;oh_ax,rad,tan;mic)",bearing_cage_fault,added_mass_6g,underhang,https://www02.smt.ufrj.br/~offshore/mfs/page_01.html,documented,rotation 32.768 Hz from filename
MAFAULDA,mafaulda_underhang_cage_fault_6g_33.5872,mafaulda_underhang_cage_fault_6g,mafaulda_defective_cage_fault,mafaulda_underhang_cage_fault_6g,,data/raw_mafaulda/full/underhang/cage_fault/6g/33.5872.csv,underhang/cage_fault,Cage_NO_CROSS_DATASET_MATCH,50000,5.0,250000,2015.2320000000002,added_mass_6g,"8ch(tacho;uh_ax,rad,tan;oh_ax,rad,tan;mic)",bearing_cage_fault,added_mass_6g,underhang,https://www02.smt.ufrj.br/~offshore/mfs/page_01.html,documented,rotation 33.5872 Hz from filename
MAFAULDA,mafaulda_underhang_cage_fault_6g_35.0208,mafaulda_underhang_cage_fault_6g,mafaulda_defective_cage_fault,mafaulda_underhang_cage_fault_6g,,data/raw_mafaulda/full/underhang/cage_fault/6g/35.0208.csv,underhang/cage_fault,Cage_NO_CROSS_DATASET_MATCH,50000,5.0,250000,2101.248,added_mass_6g,"8ch(tacho;uh_ax,rad,tan;oh_ax,rad,tan;mic)",bearing_cage_fault,added_mass_6g,underhang,https://www02.smt.ufrj.br/~offshore/mfs/page_01.html,documented,rotation 35.0208 Hz from filename
MAFAULDA,mafaulda_underhang_cage_fault_6g_36.0448,mafaulda_underhang_cage_fault_6g,mafaulda_defective_cage_fault,mafaulda_underhang_cage_fault_6g,,data/raw_mafaulda/full/underhang/cage_fault/6g/36.0448.csv,underhang/cage_fault,Cage_NO_CROSS_DATASET_MATCH,50000,5.0,250000,2162.688,added_mass_6g,"8ch(tacho;uh_ax,rad,tan;oh_ax,rad,tan;mic)",bearing_cage_fault,added_mass_6g,underhang,https://www02.smt.ufrj.br/~offshore/mfs/page_01.html,documented,rotation 36.0448 Hz from filename
MAFAULDA,mafaulda_underhang_cage_fault_6g_36.864,mafaulda_underhang_cage_fault_6g,mafaulda_defective_cage_fault,mafaulda_underhang_cage_fault_6g,,data/raw_mafaulda/full/underhang/cage_fault/6g/36.864.csv,underhang/cage_fault,Cage_NO_CROSS_DATASET_MATCH,50000,5.0,250000,2211.8399999999997,added_mass_6g,"8ch(tacho;uh_ax,rad,tan;oh_ax,rad,tan;mic)",bearing_cage_fault,added_mass_6g,underhang,https://www02.smt.ufrj.br/~offshore/mfs/page_01.html,documented,rotation 36.864 Hz from filename
MAFAULDA,mafaulda_underhang_cage_fault_6g_37.4784,mafaulda_underhang_cage_fault_6g,mafaulda_defective_cage_fault,mafaulda_underhang_cage_fault_6g,,data/raw_mafaulda/full/underhang/cage_fault/6g/37.4784.csv,underhang/cage_fault,Cage_NO_CROSS_DATASET_MATCH,50000,5.0,250000,2248.704,added_mass_6g,"8ch(tacho;uh_ax,rad,tan;oh_ax,rad,tan;mic)",bearing_cage_fault,added_mass_6g,underhang,https://www02.smt.ufrj.br/~offshore/mfs/page_01.html,documented,rotation 37.4784 Hz from filename
MAFAULDA,mafaulda_underhang_cage_fault_6g_38.5024,mafaulda_underhang_cage_fault_6g,mafaulda_defective_cage_fault,mafaulda_underhang_cage_fault_6g,,data/raw_mafaulda/full/underhang/cage_fault/6g/38.5024.csv,underhang/cage_fault,Cage_NO_CROSS_DATASET_MATCH,50000,5.0,250000,2310.1440000000002,added_mass_6g,"8ch(tacho;uh_ax,rad,tan;oh_ax,rad,tan;mic)",bearing_cage_fault,added_mass_6g,underhang,https://www02.smt.ufrj.br/~offshore/mfs/page_01.html,documented,rotation 38.5024 Hz from filename
MAFAULDA,mafaulda_underhang_cage_fault_6g_40.3456,mafaulda_underhang_cage_fault_6g,mafaulda_defective_cage_fault,mafaulda_underhang_cage_fault_6g,,data/raw_mafaulda/full/underhang/cage_fault/6g/40.3456.csv,underhang/cage_fault,Cage_NO_CROSS_DATASET_MATCH,50000,5.0,250000,2420.736,added_mass_6g,"8ch(tacho;uh_ax,rad,tan;oh_ax,rad,tan;mic)",bearing_cage_fault,added_mass_6g,underhang,https://www02.smt.ufrj.br/~offshore/mfs/page_01.html,documented,rotation 40.3456 Hz from filename
MAFAULDA,mafaulda_underhang_cage_fault_6g_41.3696,mafaulda_underhang_cage_fault_6g,mafaulda_defective_cage_fault,mafaulda_underhang_cage_fault_6g,,data/raw_mafaulda/full/underhang/cage_fault/6g/41.3696.csv,underhang/cage_fault,Cage_NO_CROSS_DATASET_MATCH,50000,5.0,250000,2482.176,added_mass_6g,"8ch(tacho;uh_ax,rad,tan;oh_ax,rad,tan;mic)",bearing_cage_fault,added_mass_6g,underhang,https://www02.smt.ufrj.br/~offshore/mfs/page_01.html,documented,rotation 41.3696 Hz from filename
MAFAULDA,mafaulda_underhang_cage_fault_6g_42.3936,mafaulda_underhang_cage_fault_6g,mafaulda_defective_cage_fault,mafaulda_underhang_cage_fault_6g,,data/raw_mafaulda/full/underhang/cage_fault/6g/42.3936.csv,underhang/cage_fault,Cage_NO_CROSS_DATASET_MATCH,50000,5.0,250000,2543.616,added_mass_6g,"8ch(tacho;uh_ax,rad,tan;oh_ax,rad,tan;mic)",bearing_cage_fault,added_mass_6g,underhang,https://www02.smt.ufrj.br/~offshore/mfs/page_01.html,documented,rotation 42.3936 Hz from filename
MAFAULDA,mafaulda_underhang_cage_fault_6g_43.4176,mafaulda_underhang_cage_fault_6g,mafaulda_defective_cage_fault,mafaulda_underhang_cage_fault_6g,,data/raw_mafaulda/full/underhang/cage_fault/6g/43.4176.csv,underhang/cage_fault,Cage_NO_CROSS_DATASET_MATCH,50000,5.0,250000,2605.056,added_mass_6g,"8ch(tacho;uh_ax,rad,tan;oh_ax,rad,tan;mic)",bearing_cage_fault,added_mass_6g,underhang,https://www02.smt.ufrj.br/~offshore/mfs/page_01.html,documented,rotation 43.4176 Hz from filename
MAFAULDA,mafaulda_underhang_cage_fault_6g_44.4416,mafaulda_underhang_cage_fault_6g,mafaulda_defective_cage_fault,mafaulda_underhang_cage_fault_6g,,data/raw_mafaulda/full/underhang/cage_fault/6g/44.4416.csv,underhang/cage_fault,Cage_NO_CROSS_DATASET_MATCH,50000,5.0,250000,2666.496,added_mass_6g,"8ch(tacho;uh_ax,rad,tan;oh_ax,rad,tan;mic)",bearing_cage_fault,added_mass_6g,underhang,https://www02.smt.ufrj.br/~offshore/mfs/page_01.html,documented,rotation 44.4416 Hz from filename
MAFAULDA,mafaulda_underhang_cage_fault_6g_45.4656,mafaulda_underhang_cage_fault_6g,mafaulda_defective_cage_fault,mafaulda_underhang_cage_fault_6g,,data/raw_mafaulda/full/underhang/cage_fault/6g/45.4656.csv,underhang/cage_fault,Cage_NO_CROSS_DATASET_MATCH,50000,5.0,250000,2727.936,added_mass_6g,"8ch(tacho;uh_ax,rad,tan;oh_ax,rad,tan;mic)",bearing_cage_fault,added_mass_6g,underhang,https://www02.smt.ufrj.br/~offshore/mfs/page_01.html,documented,rotation 45.4656 Hz from filename
MAFAULDA,mafaulda_underhang_cage_fault_6g_46.4896,mafaulda_underhang_cage_fault_6g,mafaulda_defective_cage_fault,mafaulda_underhang_cage_fault_6g,,data/raw_mafaulda/full/underhang/cage_fault/6g/46.4896.csv,underhang/cage_fault,Cage_NO_CROSS_DATASET_MATCH,50000,5.0,250000,2789.376,added_mass_6g,"8ch(tacho;uh_ax,rad,tan;oh_ax,rad,tan;mic)",bearing_cage_fault,added_mass_6g,underhang,https://www02.smt.ufrj.br/~offshore/mfs/page_01.html,documented,rotation 46.4896 Hz from filename
MAFAULDA,mafaulda_underhang_cage_fault_6g_47.5136,mafaulda_underhang_cage_fault_6g,mafaulda_defective_cage_fault,mafaulda_underhang_cage_fault_6g,,data/raw_mafaulda/full/underhang/cage_fault/6g/47.5136.csv,underhang/cage_fault,Cage_NO_CROSS_DATASET_MATCH,50000,5.0,250000,2850.816,added_mass_6g,"8ch(tacho;uh_ax,rad,tan;oh_ax,rad,tan;mic)",bearing_cage_fault,added_mass_6g,underhang,https://www02.smt.ufrj.br/~offshore/mfs/page_01.html,documented,rotation 47.5136 Hz from filename
MAFAULDA,mafaulda_underhang_cage_fault_6g_48.5376,mafaulda_underhang_cage_fault_6g,mafaulda_defective_cage_fault,mafaulda_underhang_cage_fault_6g,,data/raw_mafaulda/full/underhang/cage_fault/6g/48.5376.csv,underhang/cage_fault,Cage_NO_CROSS_DATASET_MATCH,50000,5.0,250000,2912.256,added_mass_6g,"8ch(tacho;uh_ax,rad,tan;oh_ax,rad,tan;mic)",bearing_cage_fault,added_mass_6g,underhang,https://www02.smt.ufrj.br/~offshore/mfs/page_01.html,documented,rotation 48.5376 Hz from filename
MAFAULDA,mafaulda_underhang_cage_fault_6g_49.7664,mafaulda_underhang_cage_fault_6g,mafaulda_defective_cage_fault,mafaulda_underhang_cage_fault_6g,,data/raw_mafaulda/full/underhang/cage_fault/6g/49.7664.csv,underhang/cage_fault,Cage_NO_CROSS_DATASET_MATCH,50000,5.0,250000,2985.984,added_mass_6g,"8ch(tacho;uh_ax,rad,tan;oh_ax,rad,tan;mic)",bearing_cage_fault,added_mass_6g,underhang,https://www02.smt.ufrj.br/~offshore/mfs/page_01.html,documented,rotation 49.7664 Hz from filename
MAFAULDA,mafaulda_underhang_cage_fault_6g_50.7904,mafaulda_underhang_cage_fault_6g,mafaulda_defective_cage_fault,mafaulda_underhang_cage_fault_6g,,data/raw_mafaulda/full/underhang/cage_fault/6g/50.7904.csv,underhang/cage_fault,Cage_NO_CROSS_DATASET_MATCH,50000,5.0,250000,3047.424,added_mass_6g,"8ch(tacho;uh_ax,rad,tan;oh_ax,rad,tan;mic)",bearing_cage_fault,added_mass_6g,underhang,https://www02.smt.ufrj.br/~offshore/mfs/page_01.html,documented,rotation 50.7904 Hz from filename
MAFAULDA,mafaulda_underhang_cage_fault_6g_51.6096,mafaulda_underhang_cage_fault_6g,mafaulda_defective_cage_fault,mafaulda_underhang_cage_fault_6g,,data/raw_mafaulda/full/underhang/cage_fault/6g/51.6096.csv,underhang/cage_fault,Cage_NO_CROSS_DATASET_MATCH,50000,5.0,250000,3096.576,added_mass_6g,"8ch(tacho;uh_ax,rad,tan;oh_ax,rad,tan;mic)",bearing_cage_fault,added_mass_6g,underhang,https://www02.smt.ufrj.br/~offshore/mfs/page_01.html,documented,rotation 51.6096 Hz from filename
MAFAULDA,mafaulda_underhang_cage_fault_6g_52.8384,mafaulda_underhang_cage_fault_6g,mafaulda_defective_cage_fault,mafaulda_underhang_cage_fault_6g,,data/raw_mafaulda/full/underhang/cage_fault/6g/52.8384.csv,underhang/cage_fault,Cage_NO_CROSS_DATASET_MATCH,50000,5.0,250000,3170.304,added_mass_6g,"8ch(tacho;uh_ax,rad,tan;oh_ax,rad,tan;mic)",bearing_cage_fault,added_mass_6g,underhang,https://www02.smt.ufrj.br/~offshore/mfs/page_01.html,documented,rotation 52.8384 Hz from filename
MAFAULDA,mafaulda_underhang_cage_fault_6g_53.6576,mafaulda_underhang_cage_fault_6g,mafaulda_defective_cage_fault,mafaulda_underhang_cage_fault_6g,,data/raw_mafaulda/full/underhang/cage_fault/6g/53.6576.csv,underhang/cage_fault,Cage_NO_CROSS_DATASET_MATCH,50000,5.0,250000,3219.456,added_mass_6g,"8ch(tacho;uh_ax,rad,tan;oh_ax,rad,tan;mic)",bearing_cage_fault,added_mass_6g,underhang,https://www02.smt.ufrj.br/~offshore/mfs/page_01.html,documented,rotation 53.6576 Hz from filename
MAFAULDA,mafaulda_underhang_cage_fault_6g_54.6816,mafaulda_underhang_cage_fault_6g,mafaulda_defective_cage_fault,mafaulda_underhang_cage_fault_6g,,data/raw_mafaulda/full/underhang/cage_fault/6g/54.6816.csv,underhang/cage_fault,Cage_NO_CROSS_DATASET_MATCH,50000,5.0,250000,3280.896,added_mass_6g,"8ch(tacho;uh_ax,rad,tan;oh_ax,rad,tan;mic)",bearing_cage_fault,added_mass_6g,underhang,https://www02.smt.ufrj.br/~offshore/mfs/page_01.html,documented,rotation 54.6816 Hz from filename
MAFAULDA,mafaulda_underhang_cage_fault_6g_56.1152,mafaulda_underhang_cage_fault_6g,mafaulda_defective_cage_fault,mafaulda_underhang_cage_fault_6g,,data/raw_mafaulda/full/underhang/cage_fault/6g/56.1152.csv,underhang/cage_fault,Cage_NO_CROSS_DATASET_MATCH,50000,5.0,250000,3366.9120000000003,added_mass_6g,"8ch(tacho;uh_ax,rad,tan;oh_ax,rad,tan;mic)",bearing_cage_fault,added_mass_6g,underhang,https://www02.smt.ufrj.br/~offshore/mfs/page_01.html,documented,rotation 56.1152 Hz from filename
MAFAULDA,mafaulda_underhang_cage_fault_6g_57.1392,mafaulda_underhang_cage_fault_6g,mafaulda_defective_cage_fault,mafaulda_underhang_cage_fault_6g,,data/raw_mafaulda/full/underhang/cage_fault/6g/57.1392.csv,underhang/cage_fault,Cage_NO_CROSS_DATASET_MATCH,50000,5.0,250000,3428.3520000000003,added_mass_6g,"8ch(tacho;uh_ax,rad,tan;oh_ax,rad,tan;mic)",bearing_cage_fault,added_mass_6g,underhang,https://www02.smt.ufrj.br/~offshore/mfs/page_01.html,documented,rotation 57.1392 Hz from filename
MAFAULDA,mafaulda_underhang_cage_fault_6g_57.7536,mafaulda_underhang_cage_fault_6g,mafaulda_defective_cage_fault,mafaulda_underhang_cage_fault_6g,,data/raw_mafaulda/full/underhang/cage_fault/6g/57.7536.csv,underhang/cage_fault,Cage_NO_CROSS_DATASET_MATCH,50000,5.0,250000,3465.216,added_mass_6g,"8ch(tacho;uh_ax,rad,tan;oh_ax,rad,tan;mic)",bearing_cage_fault,added_mass_6g,underhang,https://www02.smt.ufrj.br/~offshore/mfs/page_01.html,documented,rotation 57.7536 Hz from filename
MAFAULDA,mafaulda_underhang_cage_fault_6g_58.9824,mafaulda_underhang_cage_fault_6g,mafaulda_defective_cage_fault,mafaulda_underhang_cage_fault_6g,,data/raw_mafaulda/full/underhang/cage_fault/6g/58.9824.csv,underhang/cage_fault,Cage_NO_CROSS_DATASET_MATCH,50000,5.0,250000,3538.944,added_mass_6g,"8ch(tacho;uh_ax,rad,tan;oh_ax,rad,tan;mic)",bearing_cage_fault,added_mass_6g,underhang,https://www02.smt.ufrj.br/~offshore/mfs/page_01.html,documented,rotation 58.9824 Hz from filename
MAFAULDA,mafaulda_underhang_cage_fault_6g_60.2112,mafaulda_underhang_cage_fault_6g,mafaulda_defective_cage_fault,mafaulda_underhang_cage_fault_6g,,data/raw_mafaulda/full/underhang/cage_fault/6g/60.2112.csv,underhang/cage_fault,Cage_NO_CROSS_DATASET_MATCH,50000,5.0,250000,3612.672,added_mass_6g,"8ch(tacho;uh_ax,rad,tan;oh_ax,rad,tan;mic)",bearing_cage_fault,added_mass_6g,underhang,https://www02.smt.ufrj.br/~offshore/mfs/page_01.html,documented,rotation 60.2112 Hz from filename
MAFAULDA,mafaulda_underhang_cage_fault_6g_61.0304,mafaulda_underhang_cage_fault_6g,mafaulda_defective_cage_fault,mafaulda_underhang_cage_fault_6g,,data/raw_mafaulda/full/underhang/cage_fault/6g/61.0304.csv,underhang/cage_fault,Cage_NO_CROSS_DATASET_MATCH,50000,5.0,250000,3661.824,added_mass_6g,"8ch(tacho;uh_ax,rad,tan;oh_ax,rad,tan;mic)",bearing_cage_fault,added_mass_6g,underhang,https://www02.smt.ufrj.br/~offshore/mfs/page_01.html,documented,rotation 61.0304 Hz from filename
MAFAULDA,mafaulda_underhang_cage_fault_6g_62.0544,mafaulda_underhang_cage_fault_6g,mafaulda_defective_cage_fault,mafaulda_underhang_cage_fault_6g,,data/raw_mafaulda/full/underhang/cage_fault/6g/62.0544.csv,underhang/cage_fault,Cage_NO_CROSS_DATASET_MATCH,50000,5.0,250000,3723.264,added_mass_6g,"8ch(tacho;uh_ax,rad,tan;oh_ax,rad,tan;mic)",bearing_cage_fault,added_mass_6g,underhang,https://www02.smt.ufrj.br/~offshore/mfs/page_01.html,documented,rotation 62.0544 Hz from filename
MAFAULDA,mafaulda_underhang_outer_race_0g_13.5168,mafaulda_underhang_outer_race_0g,mafaulda_defective_outer_race,mafaulda_underhang_outer_race_0g,,data/raw_mafaulda/full/underhang/outer_race/0g/13.5168.csv,underhang/outer_race,OuterRace,50000,5.0,250000,811.008,added_mass_0g,"8ch(tacho;uh_ax,rad,tan;oh_ax,rad,tan;mic)",bearing_outer_race,added_mass_0g,underhang,https://www02.smt.ufrj.br/~offshore/mfs/page_01.html,documented,rotation 13.5168 Hz from filename
MAFAULDA,mafaulda_underhang_outer_race_0g_14.7456,mafaulda_underhang_outer_race_0g,mafaulda_defective_outer_race,mafaulda_underhang_outer_race_0g,,data/raw_mafaulda/full/underhang/outer_race/0g/14.7456.csv,underhang/outer_race,OuterRace,50000,5.0,250000,884.736,added_mass_0g,"8ch(tacho;uh_ax,rad,tan;oh_ax,rad,tan;mic)",bearing_outer_race,added_mass_0g,underhang,https://www02.smt.ufrj.br/~offshore/mfs/page_01.html,documented,rotation 14.7456 Hz from filename
MAFAULDA,mafaulda_underhang_outer_race_0g_15.5648,mafaulda_underhang_outer_race_0g,mafaulda_defective_outer_race,mafaulda_underhang_outer_race_0g,,data/raw_mafaulda/full/underhang/outer_race/0g/15.5648.csv,underhang/outer_race,OuterRace,50000,5.0,250000,933.888,added_mass_0g,"8ch(tacho;uh_ax,rad,tan;oh_ax,rad,tan;mic)",bearing_outer_race,added_mass_0g,underhang,https://www02.smt.ufrj.br/~offshore/mfs/page_01.html,documented,rotation 15.5648 Hz from filename
MAFAULDA,mafaulda_underhang_outer_race_0g_16.384,mafaulda_underhang_outer_race_0g,mafaulda_defective_outer_race,mafaulda_underhang_outer_race_0g,,data/raw_mafaulda/full/underhang/outer_race/0g/16.384.csv,underhang/outer_race,OuterRace,50000,5.0,250000,983.04,added_mass_0g,"8ch(tacho;uh_ax,rad,tan;oh_ax,rad,tan;mic)",bearing_outer_race,added_mass_0g,underhang,https://www02.smt.ufrj.br/~offshore/mfs/page_01.html,documented,rotation 16.384 Hz from filename
MAFAULDA,mafaulda_underhang_outer_race_0g_17.6128,mafaulda_underhang_outer_race_0g,mafaulda_defective_outer_race,mafaulda_underhang_outer_race_0g,,data/raw_mafaulda/full/underhang/outer_race/0g/17.6128.csv,underhang/outer_race,OuterRace,50000,5.0,250000,1056.768,added_mass_0g,"8ch(tacho;uh_ax,rad,tan;oh_ax,rad,tan;mic)",bearing_outer_race,added_mass_0g,underhang,https://www02.smt.ufrj.br/~offshore/mfs/page_01.html,documented,rotation 17.6128 Hz from filename
MAFAULDA,mafaulda_underhang_outer_race_0g_18.6368,mafaulda_underhang_outer_race_0g,mafaulda_defective_outer_race,mafaulda_underhang_outer_race_0g,,data/raw_mafaulda/full/underhang/outer_race/0g/18.6368.csv,underhang/outer_race,OuterRace,50000,5.0,250000,1118.208,added_mass_0g,"8ch(tacho;uh_ax,rad,tan;oh_ax,rad,tan;mic)",bearing_outer_race,added_mass_0g,underhang,https://www02.smt.ufrj.br/~offshore/mfs/page_01.html,documented,rotation 18.6368 Hz from filename
MAFAULDA,mafaulda_underhang_outer_race_0g_19.6608,mafaulda_underhang_outer_race_0g,mafaulda_defective_outer_race,mafaulda_underhang_outer_race_0g,,data/raw_mafaulda/full/underhang/outer_race/0g/19.6608.csv,underhang/outer_race,OuterRace,50000,5.0,250000,1179.648,added_mass_0g,"8ch(tacho;uh_ax,rad,tan;oh_ax,rad,tan;mic)",bearing_outer_race,added_mass_0g,underhang,https://www02.smt.ufrj.br/~offshore/mfs/page_01.html,documented,rotation 19.6608 Hz from filename
MAFAULDA,mafaulda_underhang_outer_race_0g_20.6848,mafaulda_underhang_outer_race_0g,mafaulda_defective_outer_race,mafaulda_underhang_outer_race_0g,,data/raw_mafaulda/full/underhang/outer_race/0g/20.6848.csv,underhang/outer_race,OuterRace,50000,5.0,250000,1241.088,added_mass_0g,"8ch(tacho;uh_ax,rad,tan;oh_ax,rad,tan;mic)",bearing_outer_race,added_mass_0g,underhang,https://www02.smt.ufrj.br/~offshore/mfs/page_01.html,documented,rotation 20.6848 Hz from filename
MAFAULDA,mafaulda_underhang_outer_race_0g_21.504,mafaulda_underhang_outer_race_0g,mafaulda_defective_outer_race,mafaulda_underhang_outer_race_0g,,data/raw_mafaulda/full/underhang/outer_race/0g/21.504.csv,underhang/outer_race,OuterRace,50000,5.0,250000,1290.24,added_mass_0g,"8ch(tacho;uh_ax,rad,tan;oh_ax,rad,tan;mic)",bearing_outer_race,added_mass_0g,underhang,https://www02.smt.ufrj.br/~offshore/mfs/page_01.html,documented,rotation 21.504 Hz from filename
MAFAULDA,mafaulda_underhang_outer_race_0g_22.528,mafaulda_underhang_outer_race_0g,mafaulda_defective_outer_race,mafaulda_underhang_outer_race_0g,,data/raw_mafaulda/full/underhang/outer_race/0g/22.528.csv,underhang/outer_race,OuterRace,50000,5.0,250000,1351.6799999999998,added_mass_0g,"8ch(tacho;uh_ax,rad,tan;oh_ax,rad,tan;mic)",bearing_outer_race,added_mass_0g,underhang,https://www02.smt.ufrj.br/~offshore/mfs/page_01.html,documented,rotation 22.528 Hz from filename
MAFAULDA,mafaulda_underhang_outer_race_0g_23.7568,mafaulda_underhang_outer_race_0g,mafaulda_defective_outer_race,mafaulda_underhang_outer_race_0g,,data/raw_mafaulda/full/underhang/outer_race/0g/23.7568.csv,underhang/outer_race,OuterRace,50000,5.0,250000,1425.408,added_mass_0g,"8ch(tacho;uh_ax,rad,tan;oh_ax,rad,tan;mic)",bearing_outer_race,added_mass_0g,underhang,https://www02.smt.ufrj.br/~offshore/mfs/page_01.html,documented,rotation 23.7568 Hz from filename
MAFAULDA,mafaulda_underhang_outer_race_0g_24.576,mafaulda_underhang_outer_race_0g,mafaulda_defective_outer_race,mafaulda_underhang_outer_race_0g,,data/raw_mafaulda/full/underhang/outer_race/0g/24.576.csv,underhang/outer_race,OuterRace,50000,5.0,250000,1474.56,added_mass_0g,"8ch(tacho;uh_ax,rad,tan;oh_ax,rad,tan;mic)",bearing_outer_race,added_mass_0g,underhang,https://www02.smt.ufrj.br/~offshore/mfs/page_01.html,documented,rotation 24.576 Hz from filename
MAFAULDA,mafaulda_underhang_outer_race_0g_25.6,mafaulda_underhang_outer_race_0g,mafaulda_defective_outer_race,mafaulda_underhang_outer_race_0g,,data/raw_mafaulda/full/underhang/outer_race/0g/25.6.csv,underhang/outer_race,OuterRace,50000,5.0,250000,1536.0,added_mass_0g,"8ch(tacho;uh_ax,rad,tan;oh_ax,rad,tan;mic)",bearing_outer_race,added_mass_0g,underhang,https://www02.smt.ufrj.br/~offshore/mfs/page_01.html,documented,rotation 25.6 Hz from filename
MAFAULDA,mafaulda_underhang_outer_race_0g_26.624,mafaulda_underhang_outer_race_0g,mafaulda_defective_outer_race,mafaulda_underhang_outer_race_0g,,data/raw_mafaulda/full/underhang/outer_race/0g/26.624.csv,underhang/outer_race,OuterRace,50000,5.0,250000,1597.4399999999998,added_mass_0g,"8ch(tacho;uh_ax,rad,tan;oh_ax,rad,tan;mic)",bearing_outer_race,added_mass_0g,underhang,https://www02.smt.ufrj.br/~offshore/mfs/page_01.html,documented,rotation 26.624 Hz from filename
MAFAULDA,mafaulda_underhang_outer_race_0g_26.8288,mafaulda_underhang_outer_race_0g,mafaulda_defective_outer_race,mafaulda_underhang_outer_race_0g,,data/raw_mafaulda/full/underhang/outer_race/0g/26.8288.csv,underhang/outer_race,OuterRace,50000,5.0,250000,1609.728,added_mass_0g,"8ch(tacho;uh_ax,rad,tan;oh_ax,rad,tan;mic)",bearing_outer_race,added_mass_0g,underhang,https://www02.smt.ufrj.br/~offshore/mfs/page_01.html,documented,rotation 26.8288 Hz from filename
MAFAULDA,mafaulda_underhang_outer_race_0g_28.672,mafaulda_underhang_outer_race_0g,mafaulda_defective_outer_race,mafaulda_underhang_outer_race_0g,,data/raw_mafaulda/full/underhang/outer_race/0g/28.672.csv,underhang/outer_race,OuterRace,50000,5.0,250000,1720.32,added_mass_0g,"8ch(tacho;uh_ax,rad,tan;oh_ax,rad,tan;mic)",bearing_outer_race,added_mass_0g,underhang,https://www02.smt.ufrj.br/~offshore/mfs/page_01.html,documented,rotation 28.672 Hz from filename
MAFAULDA,mafaulda_underhang_outer_race_0g_29.4912,mafaulda_underhang_outer_race_0g,mafaulda_defective_outer_race,mafaulda_underhang_outer_race_0g,,data/raw_mafaulda/full/underhang/outer_race/0g/29.4912.csv,underhang/outer_race,OuterRace,50000,5.0,250000,1769.472,added_mass_0g,"8ch(tacho;uh_ax,rad,tan;oh_ax,rad,tan;mic)",bearing_outer_race,added_mass_0g,underhang,https://www02.smt.ufrj.br/~offshore/mfs/page_01.html,documented,rotation 29.4912 Hz from filename
MAFAULDA,mafaulda_underhang_outer_race_0g_30.72,mafaulda_underhang_outer_race_0g,mafaulda_defective_outer_race,mafaulda_underhang_outer_race_0g,,data/raw_mafaulda/full/underhang/outer_race/0g/30.72.csv,underhang/outer_race,OuterRace,50000,5.0,250000,1843.1999999999998,added_mass_0g,"8ch(tacho;uh_ax,rad,tan;oh_ax,rad,tan;mic)",bearing_outer_race,added_mass_0g,underhang,https://www02.smt.ufrj.br/~offshore/mfs/page_01.html,documented,rotation 30.72 Hz from filename
MAFAULDA,mafaulda_underhang_outer_race_0g_31.3344,mafaulda_underhang_outer_race_0g,mafaulda_defective_outer_race,mafaulda_underhang_outer_race_0g,,data/raw_mafaulda/full/underhang/outer_race/0g/31.3344.csv,underhang/outer_race,OuterRace,50000,5.0,250000,1880.0639999999999,added_mass_0g,"8ch(tacho;uh_ax,rad,tan;oh_ax,rad,tan;mic)",bearing_outer_race,added_mass_0g,underhang,https://www02.smt.ufrj.br/~offshore/mfs/page_01.html,documented,rotation 31.3344 Hz from filename
MAFAULDA,mafaulda_underhang_outer_race_0g_32.768,mafaulda_underhang_outer_race_0g,mafaulda_defective_outer_race,mafaulda_underhang_outer_race_0g,,data/raw_mafaulda/full/underhang/outer_race/0g/32.768.csv,underhang/outer_race,OuterRace,50000,5.0,250000,1966.08,added_mass_0g,"8ch(tacho;uh_ax,rad,tan;oh_ax,rad,tan;mic)",bearing_outer_race,added_mass_0g,underhang,https://www02.smt.ufrj.br/~offshore/mfs/page_01.html,documented,rotation 32.768 Hz from filename
MAFAULDA,mafaulda_underhang_outer_race_0g_33.792,mafaulda_underhang_outer_race_0g,mafaulda_defective_outer_race,mafaulda_underhang_outer_race_0g,,data/raw_mafaulda/full/underhang/outer_race/0g/33.792.csv,underhang/outer_race,OuterRace,50000,5.0,250000,2027.52,added_mass_0g,"8ch(tacho;uh_ax,rad,tan;oh_ax,rad,tan;mic)",bearing_outer_race,added_mass_0g,underhang,https://www02.smt.ufrj.br/~offshore/mfs/page_01.html,documented,rotation 33.792 Hz from filename
MAFAULDA,mafaulda_underhang_outer_race_0g_34.816,mafaulda_underhang_outer_race_0g,mafaulda_defective_outer_race,mafaulda_underhang_outer_race_0g,,data/raw_mafaulda/full/underhang/outer_race/0g/34.816.csv,underhang/outer_race,OuterRace,50000,5.0,250000,2088.96,added_mass_0g,"8ch(tacho;uh_ax,rad,tan;oh_ax,rad,tan;mic)",bearing_outer_race,added_mass_0g,underhang,https://www02.smt.ufrj.br/~offshore/mfs/page_01.html,documented,rotation 34.816 Hz from filename
MAFAULDA,mafaulda_underhang_outer_race_0g_35.4304,mafaulda_underhang_outer_race_0g,mafaulda_defective_outer_race,mafaulda_underhang_outer_race_0g,,data/raw_mafaulda/full/underhang/outer_race/0g/35.4304.csv,underhang/outer_race,OuterRace,50000,5.0,250000,2125.824,added_mass_0g,"8ch(tacho;uh_ax,rad,tan;oh_ax,rad,tan;mic)",bearing_outer_race,added_mass_0g,underhang,https://www02.smt.ufrj.br/~offshore/mfs/page_01.html,documented,rotation 35.4304 Hz from filename
MAFAULDA,mafaulda_underhang_outer_race_0g_36.6592,mafaulda_underhang_outer_race_0g,mafaulda_defective_outer_race,mafaulda_underhang_outer_race_0g,,data/raw_mafaulda/full/underhang/outer_race/0g/36.6592.csv,underhang/outer_race,OuterRace,50000,5.0,250000,2199.5519999999997,added_mass_0g,"8ch(tacho;uh_ax,rad,tan;oh_ax,rad,tan;mic)",bearing_outer_race,added_mass_0g,underhang,https://www02.smt.ufrj.br/~offshore/mfs/page_01.html,documented,rotation 36.6592 Hz from filename
MAFAULDA,mafaulda_underhang_outer_race_0g_37.2736,mafaulda_underhang_outer_race_0g,mafaulda_defective_outer_race,mafaulda_underhang_outer_race_0g,,data/raw_mafaulda/full/underhang/outer_race/0g/37.2736.csv,underhang/outer_race,OuterRace,50000,5.0,250000,2236.416,added_mass_0g,"8ch(tacho;uh_ax,rad,tan;oh_ax,rad,tan;mic)",bearing_outer_race,added_mass_0g,underhang,https://www02.smt.ufrj.br/~offshore/mfs/page_01.html,documented,rotation 37.2736 Hz from filename
MAFAULDA,mafaulda_underhang_outer_race_0g_38.7072,mafaulda_underhang_outer_race_0g,mafaulda_defective_outer_race,mafaulda_underhang_outer_race_0g,,data/raw_mafaulda/full/underhang/outer_race/0g/38.7072.csv,underhang/outer_race,OuterRace,50000,5.0,250000,2322.432,added_mass_0g,"8ch(tacho;uh_ax,rad,tan;oh_ax,rad,tan;mic)",bearing_outer_race,added_mass_0g,underhang,https://www02.smt.ufrj.br/~offshore/mfs/page_01.html,documented,rotation 38.7072 Hz from filename
MAFAULDA,mafaulda_underhang_outer_race_0g_39.5264,mafaulda_underhang_outer_race_0g,mafaulda_defective_outer_race,mafaulda_underhang_outer_race_0g,,data/raw_mafaulda/full/underhang/outer_race/0g/39.5264.csv,underhang/outer_race,OuterRace,50000,5.0,250000,2371.5840000000003,added_mass_0g,"8ch(tacho;uh_ax,rad,tan;oh_ax,rad,tan;mic)",bearing_outer_race,added_mass_0g,underhang,https://www02.smt.ufrj.br/~offshore/mfs/page_01.html,documented,rotation 39.5264 Hz from filename
MAFAULDA,mafaulda_underhang_outer_race_0g_40.7552,mafaulda_underhang_outer_race_0g,mafaulda_defective_outer_race,mafaulda_underhang_outer_race_0g,,data/raw_mafaulda/full/underhang/outer_race/0g/40.7552.csv,underhang/outer_race,OuterRace,50000,5.0,250000,2445.312,added_mass_0g,"8ch(tacho;uh_ax,rad,tan;oh_ax,rad,tan;mic)",bearing_outer_race,added_mass_0g,underhang,https://www02.smt.ufrj.br/~offshore/mfs/page_01.html,documented,rotation 40.7552 Hz from filename
MAFAULDA,mafaulda_underhang_outer_race_0g_41.7792,mafaulda_underhang_outer_race_0g,mafaulda_defective_outer_race,mafaulda_underhang_outer_race_0g,,data/raw_mafaulda/full/underhang/outer_race/0g/41.7792.csv,underhang/outer_race,OuterRace,50000,5.0,250000,2506.7520000000004,added_mass_0g,"8ch(tacho;uh_ax,rad,tan;oh_ax,rad,tan;mic)",bearing_outer_race,added_mass_0g,underhang,https://www02.smt.ufrj.br/~offshore/mfs/page_01.html,documented,rotation 41.7792 Hz from filename
MAFAULDA,mafaulda_underhang_outer_race_0g_43.008,mafaulda_underhang_outer_race_0g,mafaulda_defective_outer_race,mafaulda_underhang_outer_race_0g,,data/raw_mafaulda/full/underhang/outer_race/0g/43.008.csv,underhang/outer_race,OuterRace,50000,5.0,250000,2580.48,added_mass_0g,"8ch(tacho;uh_ax,rad,tan;oh_ax,rad,tan;mic)",bearing_outer_race,added_mass_0g,underhang,https://www02.smt.ufrj.br/~offshore/mfs/page_01.html,documented,rotation 43.008 Hz from filename
MAFAULDA,mafaulda_underhang_outer_race_0g_43.8272,mafaulda_underhang_outer_race_0g,mafaulda_defective_outer_race,mafaulda_underhang_outer_race_0g,,data/raw_mafaulda/full/underhang/outer_race/0g/43.8272.csv,underhang/outer_race,OuterRace,50000,5.0,250000,2629.632,added_mass_0g,"8ch(tacho;uh_ax,rad,tan;oh_ax,rad,tan;mic)",bearing_outer_race,added_mass_0g,underhang,https://www02.smt.ufrj.br/~offshore/mfs/page_01.html,documented,rotation 43.8272 Hz from filename
MAFAULDA,mafaulda_underhang_outer_race_0g_44.6464,mafaulda_underhang_outer_race_0g,mafaulda_defective_outer_race,mafaulda_underhang_outer_race_0g,,data/raw_mafaulda/full/underhang/outer_race/0g/44.6464.csv,underhang/outer_race,OuterRace,50000,5.0,250000,2678.784,added_mass_0g,"8ch(tacho;uh_ax,rad,tan;oh_ax,rad,tan;mic)",bearing_outer_race,added_mass_0g,underhang,https://www02.smt.ufrj.br/~offshore/mfs/page_01.html,documented,rotation 44.6464 Hz from filename
MAFAULDA,mafaulda_underhang_outer_race_0g_45.6704,mafaulda_underhang_outer_race_0g,mafaulda_defective_outer_race,mafaulda_underhang_outer_race_0g,,data/raw_mafaulda/full/underhang/outer_race/0g/45.6704.csv,underhang/outer_race,OuterRace,50000,5.0,250000,2740.224,added_mass_0g,"8ch(tacho;uh_ax,rad,tan;oh_ax,rad,tan;mic)",bearing_outer_race,added_mass_0g,underhang,https://www02.smt.ufrj.br/~offshore/mfs/page_01.html,documented,rotation 45.6704 Hz from filename
MAFAULDA,mafaulda_underhang_outer_race_0g_46.4896,mafaulda_underhang_outer_race_0g,mafaulda_defective_outer_race,mafaulda_underhang_outer_race_0g,,data/raw_mafaulda/full/underhang/outer_race/0g/46.4896.csv,underhang/outer_race,OuterRace,50000,5.0,250000,2789.376,added_mass_0g,"8ch(tacho;uh_ax,rad,tan;oh_ax,rad,tan;mic)",bearing_outer_race,added_mass_0g,underhang,https://www02.smt.ufrj.br/~offshore/mfs/page_01.html,documented,rotation 46.4896 Hz from filename
MAFAULDA,mafaulda_underhang_outer_race_0g_47.9232,mafaulda_underhang_outer_race_0g,mafaulda_defective_outer_race,mafaulda_underhang_outer_race_0g,,data/raw_mafaulda/full/underhang/outer_race/0g/47.9232.csv,underhang/outer_race,OuterRace,50000,5.0,250000,2875.3920000000003,added_mass_0g,"8ch(tacho;uh_ax,rad,tan;oh_ax,rad,tan;mic)",bearing_outer_race,added_mass_0g,underhang,https://www02.smt.ufrj.br/~offshore/mfs/page_01.html,documented,rotation 47.9232 Hz from filename
MAFAULDA,mafaulda_underhang_outer_race_0g_48.5376,mafaulda_underhang_outer_race_0g,mafaulda_defective_outer_race,mafaulda_underhang_outer_race_0g,,data/raw_mafaulda/full/underhang/outer_race/0g/48.5376.csv,underhang/outer_race,OuterRace,50000,5.0,250000,2912.256,added_mass_0g,"8ch(tacho;uh_ax,rad,tan;oh_ax,rad,tan;mic)",bearing_outer_race,added_mass_0g,underhang,https://www02.smt.ufrj.br/~offshore/mfs/page_01.html,documented,rotation 48.5376 Hz from filename
MAFAULDA,mafaulda_underhang_outer_race_0g_49.7664,mafaulda_underhang_outer_race_0g,mafaulda_defective_outer_race,mafaulda_underhang_outer_race_0g,,data/raw_mafaulda/full/underhang/outer_race/0g/49.7664.csv,underhang/outer_race,OuterRace,50000,5.0,250000,2985.984,added_mass_0g,"8ch(tacho;uh_ax,rad,tan;oh_ax,rad,tan;mic)",bearing_outer_race,added_mass_0g,underhang,https://www02.smt.ufrj.br/~offshore/mfs/page_01.html,documented,rotation 49.7664 Hz from filename
MAFAULDA,mafaulda_underhang_outer_race_0g_49.9712,mafaulda_underhang_outer_race_0g,mafaulda_defective_outer_race,mafaulda_underhang_outer_race_0g,,data/raw_mafaulda/full/underhang/outer_race/0g/49.9712.csv,underhang/outer_race,OuterRace,50000,5.0,250000,2998.2720000000004,added_mass_0g,"8ch(tacho;uh_ax,rad,tan;oh_ax,rad,tan;mic)",bearing_outer_race,added_mass_0g,underhang,https://www02.smt.ufrj.br/~offshore/mfs/page_01.html,documented,rotation 49.9712 Hz from filename
MAFAULDA,mafaulda_underhang_outer_race_0g_51.4048,mafaulda_underhang_outer_race_0g,mafaulda_defective_outer_race,mafaulda_underhang_outer_race_0g,,data/raw_mafaulda/full/underhang/outer_race/0g/51.4048.csv,underhang/outer_race,OuterRace,50000,5.0,250000,3084.288,added_mass_0g,"8ch(tacho;uh_ax,rad,tan;oh_ax,rad,tan;mic)",bearing_outer_race,added_mass_0g,underhang,https://www02.smt.ufrj.br/~offshore/mfs/page_01.html,documented,rotation 51.4048 Hz from filename
MAFAULDA,mafaulda_underhang_outer_race_0g_52.224,mafaulda_underhang_outer_race_0g,mafaulda_defective_outer_race,mafaulda_underhang_outer_race_0g,,data/raw_mafaulda/full/underhang/outer_race/0g/52.224.csv,underhang/outer_race,OuterRace,50000,5.0,250000,3133.4399999999996,added_mass_0g,"8ch(tacho;uh_ax,rad,tan;oh_ax,rad,tan;mic)",bearing_outer_race,added_mass_0g,underhang,https://www02.smt.ufrj.br/~offshore/mfs/page_01.html,documented,rotation 52.224 Hz from filename
MAFAULDA,mafaulda_underhang_outer_race_0g_53.4528,mafaulda_underhang_outer_race_0g,mafaulda_defective_outer_race,mafaulda_underhang_outer_race_0g,,data/raw_mafaulda/full/underhang/outer_race/0g/53.4528.csv,underhang/outer_race,OuterRace,50000,5.0,250000,3207.168,added_mass_0g,"8ch(tacho;uh_ax,rad,tan;oh_ax,rad,tan;mic)",bearing_outer_race,added_mass_0g,underhang,https://www02.smt.ufrj.br/~offshore/mfs/page_01.html,documented,rotation 53.4528 Hz from filename
MAFAULDA,mafaulda_underhang_outer_race_0g_54.272,mafaulda_underhang_outer_race_0g,mafaulda_defective_outer_race,mafaulda_underhang_outer_race_0g,,data/raw_mafaulda/full/underhang/outer_race/0g/54.272.csv,underhang/outer_race,OuterRace,50000,5.0,250000,3256.3199999999997,added_mass_0g,"8ch(tacho;uh_ax,rad,tan;oh_ax,rad,tan;mic)",bearing_outer_race,added_mass_0g,underhang,https://www02.smt.ufrj.br/~offshore/mfs/page_01.html,documented,rotation 54.272 Hz from filename
MAFAULDA,mafaulda_underhang_outer_race_0g_55.296,mafaulda_underhang_outer_race_0g,mafaulda_defective_outer_race,mafaulda_underhang_outer_race_0g,,data/raw_mafaulda/full/underhang/outer_race/0g/55.296.csv,underhang/outer_race,OuterRace,50000,5.0,250000,3317.7599999999998,added_mass_0g,"8ch(tacho;uh_ax,rad,tan;oh_ax,rad,tan;mic)",bearing_outer_race,added_mass_0g,underhang,https://www02.smt.ufrj.br/~offshore/mfs/page_01.html,documented,rotation 55.296 Hz from filename
MAFAULDA,mafaulda_underhang_outer_race_0g_56.7296,mafaulda_underhang_outer_race_0g,mafaulda_defective_outer_race,mafaulda_underhang_outer_race_0g,,data/raw_mafaulda/full/underhang/outer_race/0g/56.7296.csv,underhang/outer_race,OuterRace,50000,5.0,250000,3403.776,added_mass_0g,"8ch(tacho;uh_ax,rad,tan;oh_ax,rad,tan;mic)",bearing_outer_race,added_mass_0g,underhang,https://www02.smt.ufrj.br/~offshore/mfs/page_01.html,documented,rotation 56.7296 Hz from filename
MAFAULDA,mafaulda_underhang_outer_race_0g_57.7536,mafaulda_underhang_outer_race_0g,mafaulda_defective_outer_race,mafaulda_underhang_outer_race_0g,,data/raw_mafaulda/full/underhang/outer_race/0g/57.7536.csv,underhang/outer_race,OuterRace,50000,5.0,250000,3465.216,added_mass_0g,"8ch(tacho;uh_ax,rad,tan;oh_ax,rad,tan;mic)",bearing_outer_race,added_mass_0g,underhang,https://www02.smt.ufrj.br/~offshore/mfs/page_01.html,documented,rotation 57.7536 Hz from filename
MAFAULDA,mafaulda_underhang_outer_race_0g_58.368,mafaulda_underhang_outer_race_0g,mafaulda_defective_outer_race,mafaulda_underhang_outer_race_0g,,data/raw_mafaulda/full/underhang/outer_race/0g/58.368.csv,underhang/outer_race,OuterRace,50000,5.0,250000,3502.08,added_mass_0g,"8ch(tacho;uh_ax,rad,tan;oh_ax,rad,tan;mic)",bearing_outer_race,added_mass_0g,underhang,https://www02.smt.ufrj.br/~offshore/mfs/page_01.html,documented,rotation 58.368 Hz from filename
MAFAULDA,mafaulda_underhang_outer_race_0g_59.1872,mafaulda_underhang_outer_race_0g,mafaulda_defective_outer_race,mafaulda_underhang_outer_race_0g,,data/raw_mafaulda/full/underhang/outer_race/0g/59.1872.csv,underhang/outer_race,OuterRace,50000,5.0,250000,3551.232,added_mass_0g,"8ch(tacho;uh_ax,rad,tan;oh_ax,rad,tan;mic)",bearing_outer_race,added_mass_0g,underhang,https://www02.smt.ufrj.br/~offshore/mfs/page_01.html,documented,rotation 59.1872 Hz from filename
MAFAULDA,mafaulda_underhang_outer_race_0g_60.416,mafaulda_underhang_outer_race_0g,mafaulda_defective_outer_race,mafaulda_underhang_outer_race_0g,,data/raw_mafaulda/full/underhang/outer_race/0g/60.416.csv,underhang/outer_race,OuterRace,50000,5.0,250000,3624.96,added_mass_0g,"8ch(tacho;uh_ax,rad,tan;oh_ax,rad,tan;mic)",bearing_outer_race,added_mass_0g,underhang,https://www02.smt.ufrj.br/~offshore/mfs/page_01.html,documented,rotation 60.416 Hz from filename
MAFAULDA,mafaulda_underhang_outer_race_0g_61.2352,mafaulda_underhang_outer_race_0g,mafaulda_defective_outer_race,mafaulda_underhang_outer_race_0g,,data/raw_mafaulda/full/underhang/outer_race/0g/61.2352.csv,underhang/outer_race,OuterRace,50000,5.0,250000,3674.112,added_mass_0g,"8ch(tacho;uh_ax,rad,tan;oh_ax,rad,tan;mic)",bearing_outer_race,added_mass_0g,underhang,https://www02.smt.ufrj.br/~offshore/mfs/page_01.html,documented,rotation 61.2352 Hz from filename
MAFAULDA,mafaulda_underhang_outer_race_20g_12.9024,mafaulda_underhang_outer_race_20g,mafaulda_defective_outer_race,mafaulda_underhang_outer_race_20g,,data/raw_mafaulda/full/underhang/outer_race/20g/12.9024.csv,underhang/outer_race,OuterRace,50000,5.0,250000,774.144,added_mass_20g,"8ch(tacho;uh_ax,rad,tan;oh_ax,rad,tan;mic)",bearing_outer_race,added_mass_20g,underhang,https://www02.smt.ufrj.br/~offshore/mfs/page_01.html,documented,rotation 12.9024 Hz from filename
MAFAULDA,mafaulda_underhang_outer_race_20g_13.9264,mafaulda_underhang_outer_race_20g,mafaulda_defective_outer_race,mafaulda_underhang_outer_race_20g,,data/raw_mafaulda/full/underhang/outer_race/20g/13.9264.csv,underhang/outer_race,OuterRace,50000,5.0,250000,835.584,added_mass_20g,"8ch(tacho;uh_ax,rad,tan;oh_ax,rad,tan;mic)",bearing_outer_race,added_mass_20g,underhang,https://www02.smt.ufrj.br/~offshore/mfs/page_01.html,documented,rotation 13.9264 Hz from filename
MAFAULDA,mafaulda_underhang_outer_race_20g_15.9744,mafaulda_underhang_outer_race_20g,mafaulda_defective_outer_race,mafaulda_underhang_outer_race_20g,,data/raw_mafaulda/full/underhang/outer_race/20g/15.9744.csv,underhang/outer_race,OuterRace,50000,5.0,250000,958.4639999999999,added_mass_20g,"8ch(tacho;uh_ax,rad,tan;oh_ax,rad,tan;mic)",bearing_outer_race,added_mass_20g,underhang,https://www02.smt.ufrj.br/~offshore/mfs/page_01.html,documented,rotation 15.9744 Hz from filename
MAFAULDA,mafaulda_underhang_outer_race_20g_16.384,mafaulda_underhang_outer_race_20g,mafaulda_defective_outer_race,mafaulda_underhang_outer_race_20g,,data/raw_mafaulda/full/underhang/outer_race/20g/16.384.csv,underhang/outer_race,OuterRace,50000,5.0,250000,983.04,added_mass_20g,"8ch(tacho;uh_ax,rad,tan;oh_ax,rad,tan;mic)",bearing_outer_race,added_mass_20g,underhang,https://www02.smt.ufrj.br/~offshore/mfs/page_01.html,documented,rotation 16.384 Hz from filename
MAFAULDA,mafaulda_underhang_outer_race_20g_16.9984,mafaulda_underhang_outer_race_20g,mafaulda_defective_outer_race,mafaulda_underhang_outer_race_20g,,data/raw_mafaulda/full/underhang/outer_race/20g/16.9984.csv,underhang/outer_race,OuterRace,50000,5.0,250000,1019.904,added_mass_20g,"8ch(tacho;uh_ax,rad,tan;oh_ax,rad,tan;mic)",bearing_outer_race,added_mass_20g,underhang,https://www02.smt.ufrj.br/~offshore/mfs/page_01.html,documented,rotation 16.9984 Hz from filename
MAFAULDA,mafaulda_underhang_outer_race_20g_18.2272,mafaulda_underhang_outer_race_20g,mafaulda_defective_outer_race,mafaulda_underhang_outer_race_20g,,data/raw_mafaulda/full/underhang/outer_race/20g/18.2272.csv,underhang/outer_race,OuterRace,50000,5.0,250000,1093.632,added_mass_20g,"8ch(tacho;uh_ax,rad,tan;oh_ax,rad,tan;mic)",bearing_outer_race,added_mass_20g,underhang,https://www02.smt.ufrj.br/~offshore/mfs/page_01.html,documented,rotation 18.2272 Hz from filename
MAFAULDA,mafaulda_underhang_outer_race_20g_19.456,mafaulda_underhang_outer_race_20g,mafaulda_defective_outer_race,mafaulda_underhang_outer_race_20g,,data/raw_mafaulda/full/underhang/outer_race/20g/19.456.csv,underhang/outer_race,OuterRace,50000,5.0,250000,1167.36,added_mass_20g,"8ch(tacho;uh_ax,rad,tan;oh_ax,rad,tan;mic)",bearing_outer_race,added_mass_20g,underhang,https://www02.smt.ufrj.br/~offshore/mfs/page_01.html,documented,rotation 19.456 Hz from filename
MAFAULDA,mafaulda_underhang_outer_race_20g_20.2752,mafaulda_underhang_outer_race_20g,mafaulda_defective_outer_race,mafaulda_underhang_outer_race_20g,,data/raw_mafaulda/full/underhang/outer_race/20g/20.2752.csv,underhang/outer_race,OuterRace,50000,5.0,250000,1216.5120000000002,added_mass_20g,"8ch(tacho;uh_ax,rad,tan;oh_ax,rad,tan;mic)",bearing_outer_race,added_mass_20g,underhang,https://www02.smt.ufrj.br/~offshore/mfs/page_01.html,documented,rotation 20.2752 Hz from filename
MAFAULDA,mafaulda_underhang_outer_race_20g_21.0944,mafaulda_underhang_outer_race_20g,mafaulda_defective_outer_race,mafaulda_underhang_outer_race_20g,,data/raw_mafaulda/full/underhang/outer_race/20g/21.0944.csv,underhang/outer_race,OuterRace,50000,5.0,250000,1265.664,added_mass_20g,"8ch(tacho;uh_ax,rad,tan;oh_ax,rad,tan;mic)",bearing_outer_race,added_mass_20g,underhang,https://www02.smt.ufrj.br/~offshore/mfs/page_01.html,documented,rotation 21.0944 Hz from filename
MAFAULDA,mafaulda_underhang_outer_race_20g_22.3232,mafaulda_underhang_outer_race_20g,mafaulda_defective_outer_race,mafaulda_underhang_outer_race_20g,,data/raw_mafaulda/full/underhang/outer_race/20g/22.3232.csv,underhang/outer_race,OuterRace,50000,5.0,250000,1339.392,added_mass_20g,"8ch(tacho;uh_ax,rad,tan;oh_ax,rad,tan;mic)",bearing_outer_race,added_mass_20g,underhang,https://www02.smt.ufrj.br/~offshore/mfs/page_01.html,documented,rotation 22.3232 Hz from filename
MAFAULDA,mafaulda_underhang_outer_race_20g_23.1424,mafaulda_underhang_outer_race_20g,mafaulda_defective_outer_race,mafaulda_underhang_outer_race_20g,,data/raw_mafaulda/full/underhang/outer_race/20g/23.1424.csv,underhang/outer_race,OuterRace,50000,5.0,250000,1388.5439999999999,added_mass_20g,"8ch(tacho;uh_ax,rad,tan;oh_ax,rad,tan;mic)",bearing_outer_race,added_mass_20g,underhang,https://www02.smt.ufrj.br/~offshore/mfs/page_01.html,documented,rotation 23.1424 Hz from filename
MAFAULDA,mafaulda_underhang_outer_race_20g_24.3712,mafaulda_underhang_outer_race_20g,mafaulda_defective_outer_race,mafaulda_underhang_outer_race_20g,,data/raw_mafaulda/full/underhang/outer_race/20g/24.3712.csv,underhang/outer_race,OuterRace,50000,5.0,250000,1462.2720000000002,added_mass_20g,"8ch(tacho;uh_ax,rad,tan;oh_ax,rad,tan;mic)",bearing_outer_race,added_mass_20g,underhang,https://www02.smt.ufrj.br/~offshore/mfs/page_01.html,documented,rotation 24.3712 Hz from filename
MAFAULDA,mafaulda_underhang_outer_race_20g_25.8048,mafaulda_underhang_outer_race_20g,mafaulda_defective_outer_race,mafaulda_underhang_outer_race_20g,,data/raw_mafaulda/full/underhang/outer_race/20g/25.8048.csv,underhang/outer_race,OuterRace,50000,5.0,250000,1548.288,added_mass_20g,"8ch(tacho;uh_ax,rad,tan;oh_ax,rad,tan;mic)",bearing_outer_race,added_mass_20g,underhang,https://www02.smt.ufrj.br/~offshore/mfs/page_01.html,documented,rotation 25.8048 Hz from filename
MAFAULDA,mafaulda_underhang_outer_race_20g_26.624,mafaulda_underhang_outer_race_20g,mafaulda_defective_outer_race,mafaulda_underhang_outer_race_20g,,data/raw_mafaulda/full/underhang/outer_race/20g/26.624.csv,underhang/outer_race,OuterRace,50000,5.0,250000,1597.4399999999998,added_mass_20g,"8ch(tacho;uh_ax,rad,tan;oh_ax,rad,tan;mic)",bearing_outer_race,added_mass_20g,underhang,https://www02.smt.ufrj.br/~offshore/mfs/page_01.html,documented,rotation 26.624 Hz from filename
MAFAULDA,mafaulda_underhang_outer_race_20g_28.0576,mafaulda_underhang_outer_race_20g,mafaulda_defective_outer_race,mafaulda_underhang_outer_race_20g,,data/raw_mafaulda/full/underhang/outer_race/20g/28.0576.csv,underhang/outer_race,OuterRace,50000,5.0,250000,1683.4560000000001,added_mass_20g,"8ch(tacho;uh_ax,rad,tan;oh_ax,rad,tan;mic)",bearing_outer_race,added_mass_20g,underhang,https://www02.smt.ufrj.br/~offshore/mfs/page_01.html,documented,rotation 28.0576 Hz from filename
MAFAULDA,mafaulda_underhang_outer_race_20g_28.4672,mafaulda_underhang_outer_race_20g,mafaulda_defective_outer_race,mafaulda_underhang_outer_race_20g,,data/raw_mafaulda/full/underhang/outer_race/20g/28.4672.csv,underhang/outer_race,OuterRace,50000,5.0,250000,1708.032,added_mass_20g,"8ch(tacho;uh_ax,rad,tan;oh_ax,rad,tan;mic)",bearing_outer_race,added_mass_20g,underhang,https://www02.smt.ufrj.br/~offshore/mfs/page_01.html,documented,rotation 28.4672 Hz from filename
MAFAULDA,mafaulda_underhang_outer_race_20g_29.4912,mafaulda_underhang_outer_race_20g,mafaulda_defective_outer_race,mafaulda_underhang_outer_race_20g,,data/raw_mafaulda/full/underhang/outer_race/20g/29.4912.csv,underhang/outer_race,OuterRace,50000,5.0,250000,1769.472,added_mass_20g,"8ch(tacho;uh_ax,rad,tan;oh_ax,rad,tan;mic)",bearing_outer_race,added_mass_20g,underhang,https://www02.smt.ufrj.br/~offshore/mfs/page_01.html,documented,rotation 29.4912 Hz from filename
MAFAULDA,mafaulda_underhang_outer_race_20g_30.72,mafaulda_underhang_outer_race_20g,mafaulda_defective_outer_race,mafaulda_underhang_outer_race_20g,,data/raw_mafaulda/full/underhang/outer_race/20g/30.72.csv,underhang/outer_race,OuterRace,50000,5.0,250000,1843.1999999999998,added_mass_20g,"8ch(tacho;uh_ax,rad,tan;oh_ax,rad,tan;mic)",bearing_outer_race,added_mass_20g,underhang,https://www02.smt.ufrj.br/~offshore/mfs/page_01.html,documented,rotation 30.72 Hz from filename
MAFAULDA,mafaulda_underhang_outer_race_20g_31.9488,mafaulda_underhang_outer_race_20g,mafaulda_defective_outer_race,mafaulda_underhang_outer_race_20g,,data/raw_mafaulda/full/underhang/outer_race/20g/31.9488.csv,underhang/outer_race,OuterRace,50000,5.0,250000,1916.9279999999999,added_mass_20g,"8ch(tacho;uh_ax,rad,tan;oh_ax,rad,tan;mic)",bearing_outer_race,added_mass_20g,underhang,https://www02.smt.ufrj.br/~offshore/mfs/page_01.html,documented,rotation 31.9488 Hz from filename
MAFAULDA,mafaulda_underhang_outer_race_20g_32.3584,mafaulda_underhang_outer_race_20g,mafaulda_defective_outer_race,mafaulda_underhang_outer_race_20g,,data/raw_mafaulda/full/underhang/outer_race/20g/32.3584.csv,underhang/outer_race,OuterRace,50000,5.0,250000,1941.5040000000001,added_mass_20g,"8ch(tacho;uh_ax,rad,tan;oh_ax,rad,tan;mic)",bearing_outer_race,added_mass_20g,underhang,https://www02.smt.ufrj.br/~offshore/mfs/page_01.html,documented,rotation 32.3584 Hz from filename
MAFAULDA,mafaulda_underhang_outer_race_20g_33.1776,mafaulda_underhang_outer_race_20g,mafaulda_defective_outer_race,mafaulda_underhang_outer_race_20g,,data/raw_mafaulda/full/underhang/outer_race/20g/33.1776.csv,underhang/outer_race,OuterRace,50000,5.0,250000,1990.656,added_mass_20g,"8ch(tacho;uh_ax,rad,tan;oh_ax,rad,tan;mic)",bearing_outer_race,added_mass_20g,underhang,https://www02.smt.ufrj.br/~offshore/mfs/page_01.html,documented,rotation 33.1776 Hz from filename
MAFAULDA,mafaulda_underhang_outer_race_20g_34.2016,mafaulda_underhang_outer_race_20g,mafaulda_defective_outer_race,mafaulda_underhang_outer_race_20g,,data/raw_mafaulda/full/underhang/outer_race/20g/34.2016.csv,underhang/outer_race,OuterRace,50000,5.0,250000,2052.096,added_mass_20g,"8ch(tacho;uh_ax,rad,tan;oh_ax,rad,tan;mic)",bearing_outer_race,added_mass_20g,underhang,https://www02.smt.ufrj.br/~offshore/mfs/page_01.html,documented,rotation 34.2016 Hz from filename
MAFAULDA,mafaulda_underhang_outer_race_20g_35.0208,mafaulda_underhang_outer_race_20g,mafaulda_defective_outer_race,mafaulda_underhang_outer_race_20g,,data/raw_mafaulda/full/underhang/outer_race/20g/35.0208.csv,underhang/outer_race,OuterRace,50000,5.0,250000,2101.248,added_mass_20g,"8ch(tacho;uh_ax,rad,tan;oh_ax,rad,tan;mic)",bearing_outer_race,added_mass_20g,underhang,https://www02.smt.ufrj.br/~offshore/mfs/page_01.html,documented,rotation 35.0208 Hz from filename
MAFAULDA,mafaulda_underhang_outer_race_20g_36.6592,mafaulda_underhang_outer_race_20g,mafaulda_defective_outer_race,mafaulda_underhang_outer_race_20g,,data/raw_mafaulda/full/underhang/outer_race/20g/36.6592.csv,underhang/outer_race,OuterRace,50000,5.0,250000,2199.5519999999997,added_mass_20g,"8ch(tacho;uh_ax,rad,tan;oh_ax,rad,tan;mic)",bearing_outer_race,added_mass_20g,underhang,https://www02.smt.ufrj.br/~offshore/mfs/page_01.html,documented,rotation 36.6592 Hz from filename
MAFAULDA,mafaulda_underhang_outer_race_20g_37.888,mafaulda_underhang_outer_race_20g,mafaulda_defective_outer_race,mafaulda_underhang_outer_race_20g,,data/raw_mafaulda/full/underhang/outer_race/20g/37.888.csv,underhang/outer_race,OuterRace,50000,5.0,250000,2273.2799999999997,added_mass_20g,"8ch(tacho;uh_ax,rad,tan;oh_ax,rad,tan;mic)",bearing_outer_race,added_mass_20g,underhang,https://www02.smt.ufrj.br/~offshore/mfs/page_01.html,documented,rotation 37.888 Hz from filename
MAFAULDA,mafaulda_underhang_outer_race_20g_38.2976,mafaulda_underhang_outer_race_20g,mafaulda_defective_outer_race,mafaulda_underhang_outer_race_20g,,data/raw_mafaulda/full/underhang/outer_race/20g/38.2976.csv,underhang/outer_race,OuterRace,50000,5.0,250000,2297.856,added_mass_20g,"8ch(tacho;uh_ax,rad,tan;oh_ax,rad,tan;mic)",bearing_outer_race,added_mass_20g,underhang,https://www02.smt.ufrj.br/~offshore/mfs/page_01.html,documented,rotation 38.2976 Hz from filename
MAFAULDA,mafaulda_underhang_outer_race_20g_39.1168,mafaulda_underhang_outer_race_20g,mafaulda_defective_outer_race,mafaulda_underhang_outer_race_20g,,data/raw_mafaulda/full/underhang/outer_race/20g/39.1168.csv,underhang/outer_race,OuterRace,50000,5.0,250000,2347.008,added_mass_20g,"8ch(tacho;uh_ax,rad,tan;oh_ax,rad,tan;mic)",bearing_outer_race,added_mass_20g,underhang,https://www02.smt.ufrj.br/~offshore/mfs/page_01.html,documented,rotation 39.1168 Hz from filename
MAFAULDA,mafaulda_underhang_outer_race_20g_40.3456,mafaulda_underhang_outer_race_20g,mafaulda_defective_outer_race,mafaulda_underhang_outer_race_20g,,data/raw_mafaulda/full/underhang/outer_race/20g/40.3456.csv,underhang/outer_race,OuterRace,50000,5.0,250000,2420.736,added_mass_20g,"8ch(tacho;uh_ax,rad,tan;oh_ax,rad,tan;mic)",bearing_outer_race,added_mass_20g,underhang,https://www02.smt.ufrj.br/~offshore/mfs/page_01.html,documented,rotation 40.3456 Hz from filename
MAFAULDA,mafaulda_underhang_outer_race_20g_41.3696,mafaulda_underhang_outer_race_20g,mafaulda_defective_outer_race,mafaulda_underhang_outer_race_20g,,data/raw_mafaulda/full/underhang/outer_race/20g/41.3696.csv,underhang/outer_race,OuterRace,50000,5.0,250000,2482.176,added_mass_20g,"8ch(tacho;uh_ax,rad,tan;oh_ax,rad,tan;mic)",bearing_outer_race,added_mass_20g,underhang,https://www02.smt.ufrj.br/~offshore/mfs/page_01.html,documented,rotation 41.3696 Hz from filename
MAFAULDA,mafaulda_underhang_outer_race_20g_42.3936,mafaulda_underhang_outer_race_20g,mafaulda_defective_outer_race,mafaulda_underhang_outer_race_20g,,data/raw_mafaulda/full/underhang/outer_race/20g/42.3936.csv,underhang/outer_race,OuterRace,50000,5.0,250000,2543.616,added_mass_20g,"8ch(tacho;uh_ax,rad,tan;oh_ax,rad,tan;mic)",bearing_outer_race,added_mass_20g,underhang,https://www02.smt.ufrj.br/~offshore/mfs/page_01.html,documented,rotation 42.3936 Hz from filename
MAFAULDA,mafaulda_underhang_outer_race_20g_43.6224,mafaulda_underhang_outer_race_20g,mafaulda_defective_outer_race,mafaulda_underhang_outer_race_20g,,data/raw_mafaulda/full/underhang/outer_race/20g/43.6224.csv,underhang/outer_race,OuterRace,50000,5.0,250000,2617.344,added_mass_20g,"8ch(tacho;uh_ax,rad,tan;oh_ax,rad,tan;mic)",bearing_outer_race,added_mass_20g,underhang,https://www02.smt.ufrj.br/~offshore/mfs/page_01.html,documented,rotation 43.6224 Hz from filename
MAFAULDA,mafaulda_underhang_outer_race_20g_44.4416,mafaulda_underhang_outer_race_20g,mafaulda_defective_outer_race,mafaulda_underhang_outer_race_20g,,data/raw_mafaulda/full/underhang/outer_race/20g/44.4416.csv,underhang/outer_race,OuterRace,50000,5.0,250000,2666.496,added_mass_20g,"8ch(tacho;uh_ax,rad,tan;oh_ax,rad,tan;mic)",bearing_outer_race,added_mass_20g,underhang,https://www02.smt.ufrj.br/~offshore/mfs/page_01.html,documented,rotation 44.4416 Hz from filename
MAFAULDA,mafaulda_underhang_outer_race_20g_45.6704,mafaulda_underhang_outer_race_20g,mafaulda_defective_outer_race,mafaulda_underhang_outer_race_20g,,data/raw_mafaulda/full/underhang/outer_race/20g/45.6704.csv,underhang/outer_race,OuterRace,50000,5.0,250000,2740.224,added_mass_20g,"8ch(tacho;uh_ax,rad,tan;oh_ax,rad,tan;mic)",bearing_outer_race,added_mass_20g,underhang,https://www02.smt.ufrj.br/~offshore/mfs/page_01.html,documented,rotation 45.6704 Hz from filename
MAFAULDA,mafaulda_underhang_outer_race_20g_46.8992,mafaulda_underhang_outer_race_20g,mafaulda_defective_outer_race,mafaulda_underhang_outer_race_20g,,data/raw_mafaulda/full/underhang/outer_race/20g/46.8992.csv,underhang/outer_race,OuterRace,50000,5.0,250000,2813.952,added_mass_20g,"8ch(tacho;uh_ax,rad,tan;oh_ax,rad,tan;mic)",bearing_outer_race,added_mass_20g,underhang,https://www02.smt.ufrj.br/~offshore/mfs/page_01.html,documented,rotation 46.8992 Hz from filename
MAFAULDA,mafaulda_underhang_outer_race_20g_47.3088,mafaulda_underhang_outer_race_20g,mafaulda_defective_outer_race,mafaulda_underhang_outer_race_20g,,data/raw_mafaulda/full/underhang/outer_race/20g/47.3088.csv,underhang/outer_race,OuterRace,50000,5.0,250000,2838.528,added_mass_20g,"8ch(tacho;uh_ax,rad,tan;oh_ax,rad,tan;mic)",bearing_outer_race,added_mass_20g,underhang,https://www02.smt.ufrj.br/~offshore/mfs/page_01.html,documented,rotation 47.3088 Hz from filename
MAFAULDA,mafaulda_underhang_outer_race_20g_48.3328,mafaulda_underhang_outer_race_20g,mafaulda_defective_outer_race,mafaulda_underhang_outer_race_20g,,data/raw_mafaulda/full/underhang/outer_race/20g/48.3328.csv,underhang/outer_race,OuterRace,50000,5.0,250000,2899.968,added_mass_20g,"8ch(tacho;uh_ax,rad,tan;oh_ax,rad,tan;mic)",bearing_outer_race,added_mass_20g,underhang,https://www02.smt.ufrj.br/~offshore/mfs/page_01.html,documented,rotation 48.3328 Hz from filename
MAFAULDA,mafaulda_underhang_outer_race_20g_49.3568,mafaulda_underhang_outer_race_20g,mafaulda_defective_outer_race,mafaulda_underhang_outer_race_20g,,data/raw_mafaulda/full/underhang/outer_race/20g/49.3568.csv,underhang/outer_race,OuterRace,50000,5.0,250000,2961.408,added_mass_20g,"8ch(tacho;uh_ax,rad,tan;oh_ax,rad,tan;mic)",bearing_outer_race,added_mass_20g,underhang,https://www02.smt.ufrj.br/~offshore/mfs/page_01.html,documented,rotation 49.3568 Hz from filename
MAFAULDA,mafaulda_underhang_outer_race_20g_50.5856,mafaulda_underhang_outer_race_20g,mafaulda_defective_outer_race,mafaulda_underhang_outer_race_20g,,data/raw_mafaulda/full/underhang/outer_race/20g/50.5856.csv,underhang/outer_race,OuterRace,50000,5.0,250000,3035.136,added_mass_20g,"8ch(tacho;uh_ax,rad,tan;oh_ax,rad,tan;mic)",bearing_outer_race,added_mass_20g,underhang,https://www02.smt.ufrj.br/~offshore/mfs/page_01.html,documented,rotation 50.5856 Hz from filename
MAFAULDA,mafaulda_underhang_outer_race_20g_51.2,mafaulda_underhang_outer_race_20g,mafaulda_defective_outer_race,mafaulda_underhang_outer_race_20g,,data/raw_mafaulda/full/underhang/outer_race/20g/51.2.csv,underhang/outer_race,OuterRace,50000,5.0,250000,3072.0,added_mass_20g,"8ch(tacho;uh_ax,rad,tan;oh_ax,rad,tan;mic)",bearing_outer_race,added_mass_20g,underhang,https://www02.smt.ufrj.br/~offshore/mfs/page_01.html,documented,rotation 51.2 Hz from filename
MAFAULDA,mafaulda_underhang_outer_race_20g_52.224,mafaulda_underhang_outer_race_20g,mafaulda_defective_outer_race,mafaulda_underhang_outer_race_20g,,data/raw_mafaulda/full/underhang/outer_race/20g/52.224.csv,underhang/outer_race,OuterRace,50000,5.0,250000,3133.4399999999996,added_mass_20g,"8ch(tacho;uh_ax,rad,tan;oh_ax,rad,tan;mic)",bearing_outer_race,added_mass_20g,underhang,https://www02.smt.ufrj.br/~offshore/mfs/page_01.html,documented,rotation 52.224 Hz from filename
MAFAULDA,mafaulda_underhang_outer_race_20g_53.4528,mafaulda_underhang_outer_race_20g,mafaulda_defective_outer_race,mafaulda_underhang_outer_race_20g,,data/raw_mafaulda/full/underhang/outer_race/20g/53.4528.csv,underhang/outer_race,OuterRace,50000,5.0,250000,3207.168,added_mass_20g,"8ch(tacho;uh_ax,rad,tan;oh_ax,rad,tan;mic)",bearing_outer_race,added_mass_20g,underhang,https://www02.smt.ufrj.br/~offshore/mfs/page_01.html,documented,rotation 53.4528 Hz from filename
MAFAULDA,mafaulda_underhang_outer_race_20g_54.0672,mafaulda_underhang_outer_race_20g,mafaulda_defective_outer_race,mafaulda_underhang_outer_race_20g,,data/raw_mafaulda/full/underhang/outer_race/20g/54.0672.csv,underhang/outer_race,OuterRace,50000,5.0,250000,3244.032,added_mass_20g,"8ch(tacho;uh_ax,rad,tan;oh_ax,rad,tan;mic)",bearing_outer_race,added_mass_20g,underhang,https://www02.smt.ufrj.br/~offshore/mfs/page_01.html,documented,rotation 54.0672 Hz from filename
MAFAULDA,mafaulda_underhang_outer_race_20g_55.296,mafaulda_underhang_outer_race_20g,mafaulda_defective_outer_race,mafaulda_underhang_outer_race_20g,,data/raw_mafaulda/full/underhang/outer_race/20g/55.296.csv,underhang/outer_race,OuterRace,50000,5.0,250000,3317.7599999999998,added_mass_20g,"8ch(tacho;uh_ax,rad,tan;oh_ax,rad,tan;mic)",bearing_outer_race,added_mass_20g,underhang,https://www02.smt.ufrj.br/~offshore/mfs/page_01.html,documented,rotation 55.296 Hz from filename
MAFAULDA,mafaulda_underhang_outer_race_20g_56.7296,mafaulda_underhang_outer_race_20g,mafaulda_defective_outer_race,mafaulda_underhang_outer_race_20g,,data/raw_mafaulda/full/underhang/outer_race/20g/56.7296.csv,underhang/outer_race,OuterRace,50000,5.0,250000,3403.776,added_mass_20g,"8ch(tacho;uh_ax,rad,tan;oh_ax,rad,tan;mic)",bearing_outer_race,added_mass_20g,underhang,https://www02.smt.ufrj.br/~offshore/mfs/page_01.html,documented,rotation 56.7296 Hz from filename
MAFAULDA,mafaulda_underhang_outer_race_20g_57.5488,mafaulda_underhang_outer_race_20g,mafaulda_defective_outer_race,mafaulda_underhang_outer_race_20g,,data/raw_mafaulda/full/underhang/outer_race/20g/57.5488.csv,underhang/outer_race,OuterRace,50000,5.0,250000,3452.928,added_mass_20g,"8ch(tacho;uh_ax,rad,tan;oh_ax,rad,tan;mic)",bearing_outer_race,added_mass_20g,underhang,https://www02.smt.ufrj.br/~offshore/mfs/page_01.html,documented,rotation 57.5488 Hz from filename
MAFAULDA,mafaulda_underhang_outer_race_20g_58.5728,mafaulda_underhang_outer_race_20g,mafaulda_defective_outer_race,mafaulda_underhang_outer_race_20g,,data/raw_mafaulda/full/underhang/outer_race/20g/58.5728.csv,underhang/outer_race,OuterRace,50000,5.0,250000,3514.368,added_mass_20g,"8ch(tacho;uh_ax,rad,tan;oh_ax,rad,tan;mic)",bearing_outer_race,added_mass_20g,underhang,https://www02.smt.ufrj.br/~offshore/mfs/page_01.html,documented,rotation 58.5728 Hz from filename
MAFAULDA,mafaulda_underhang_outer_race_20g_59.392,mafaulda_underhang_outer_race_20g,mafaulda_defective_outer_race,mafaulda_underhang_outer_race_20g,,data/raw_mafaulda/full/underhang/outer_race/20g/59.392.csv,underhang/outer_race,OuterRace,50000,5.0,250000,3563.52,added_mass_20g,"8ch(tacho;uh_ax,rad,tan;oh_ax,rad,tan;mic)",bearing_outer_race,added_mass_20g,underhang,https://www02.smt.ufrj.br/~offshore/mfs/page_01.html,documented,rotation 59.392 Hz from filename
MAFAULDA,mafaulda_underhang_outer_race_20g_60.6208,mafaulda_underhang_outer_race_20g,mafaulda_defective_outer_race,mafaulda_underhang_outer_race_20g,,data/raw_mafaulda/full/underhang/outer_race/20g/60.6208.csv,underhang/outer_race,OuterRace,50000,5.0,250000,3637.248,added_mass_20g,"8ch(tacho;uh_ax,rad,tan;oh_ax,rad,tan;mic)",bearing_outer_race,added_mass_20g,underhang,https://www02.smt.ufrj.br/~offshore/mfs/page_01.html,documented,rotation 60.6208 Hz from filename
MAFAULDA,mafaulda_underhang_outer_race_20g_61.44,mafaulda_underhang_outer_race_20g,mafaulda_defective_outer_race,mafaulda_underhang_outer_race_20g,,data/raw_mafaulda/full/underhang/outer_race/20g/61.44.csv,underhang/outer_race,OuterRace,50000,5.0,250000,3686.3999999999996,added_mass_20g,"8ch(tacho;uh_ax,rad,tan;oh_ax,rad,tan;mic)",bearing_outer_race,added_mass_20g,underhang,https://www02.smt.ufrj.br/~offshore/mfs/page_01.html,documented,rotation 61.44 Hz from filename
MAFAULDA,mafaulda_underhang_outer_race_35g_13.1072,mafaulda_underhang_outer_race_35g,mafaulda_defective_outer_race,mafaulda_underhang_outer_race_35g,,data/raw_mafaulda/full/underhang/outer_race/35g/13.1072.csv,underhang/outer_race,OuterRace,50000,5.0,250000,786.432,added_mass_35g,"8ch(tacho;uh_ax,rad,tan;oh_ax,rad,tan;mic)",bearing_outer_race,added_mass_35g,underhang,https://www02.smt.ufrj.br/~offshore/mfs/page_01.html,documented,rotation 13.1072 Hz from filename
MAFAULDA,mafaulda_underhang_outer_race_35g_14.7456,mafaulda_underhang_outer_race_35g,mafaulda_defective_outer_race,mafaulda_underhang_outer_race_35g,,data/raw_mafaulda/full/underhang/outer_race/35g/14.7456.csv,underhang/outer_race,OuterRace,50000,5.0,250000,884.736,added_mass_35g,"8ch(tacho;uh_ax,rad,tan;oh_ax,rad,tan;mic)",bearing_outer_race,added_mass_35g,underhang,https://www02.smt.ufrj.br/~offshore/mfs/page_01.html,documented,rotation 14.7456 Hz from filename
MAFAULDA,mafaulda_underhang_outer_race_35g_16.384,mafaulda_underhang_outer_race_35g,mafaulda_defective_outer_race,mafaulda_underhang_outer_race_35g,,data/raw_mafaulda/full/underhang/outer_race/35g/16.384.csv,underhang/outer_race,OuterRace,50000,5.0,250000,983.04,added_mass_35g,"8ch(tacho;uh_ax,rad,tan;oh_ax,rad,tan;mic)",bearing_outer_race,added_mass_35g,underhang,https://www02.smt.ufrj.br/~offshore/mfs/page_01.html,documented,rotation 16.384 Hz from filename
MAFAULDA,mafaulda_underhang_outer_race_35g_17.8176,mafaulda_underhang_outer_race_35g,mafaulda_defective_outer_race,mafaulda_underhang_outer_race_35g,,data/raw_mafaulda/full/underhang/outer_race/35g/17.8176.csv,underhang/outer_race,OuterRace,50000,5.0,250000,1069.056,added_mass_35g,"8ch(tacho;uh_ax,rad,tan;oh_ax,rad,tan;mic)",bearing_outer_race,added_mass_35g,underhang,https://www02.smt.ufrj.br/~offshore/mfs/page_01.html,documented,rotation 17.8176 Hz from filename
MAFAULDA,mafaulda_underhang_outer_race_35g_18.6368,mafaulda_underhang_outer_race_35g,mafaulda_defective_outer_race,mafaulda_underhang_outer_race_35g,,data/raw_mafaulda/full/underhang/outer_race/35g/18.6368.csv,underhang/outer_race,OuterRace,50000,5.0,250000,1118.208,added_mass_35g,"8ch(tacho;uh_ax,rad,tan;oh_ax,rad,tan;mic)",bearing_outer_race,added_mass_35g,underhang,https://www02.smt.ufrj.br/~offshore/mfs/page_01.html,documented,rotation 18.6368 Hz from filename
MAFAULDA,mafaulda_underhang_outer_race_35g_19.2512,mafaulda_underhang_outer_race_35g,mafaulda_defective_outer_race,mafaulda_underhang_outer_race_35g,,data/raw_mafaulda/full/underhang/outer_race/35g/19.2512.csv,underhang/outer_race,OuterRace,50000,5.0,250000,1155.0720000000001,added_mass_35g,"8ch(tacho;uh_ax,rad,tan;oh_ax,rad,tan;mic)",bearing_outer_race,added_mass_35g,underhang,https://www02.smt.ufrj.br/~offshore/mfs/page_01.html,documented,rotation 19.2512 Hz from filename
MAFAULDA,mafaulda_underhang_outer_race_35g_20.6848,mafaulda_underhang_outer_race_35g,mafaulda_defective_outer_race,mafaulda_underhang_outer_race_35g,,data/raw_mafaulda/full/underhang/outer_race/35g/20.6848.csv,underhang/outer_race,OuterRace,50000,5.0,250000,1241.088,added_mass_35g,"8ch(tacho;uh_ax,rad,tan;oh_ax,rad,tan;mic)",bearing_outer_race,added_mass_35g,underhang,https://www02.smt.ufrj.br/~offshore/mfs/page_01.html,documented,rotation 20.6848 Hz from filename
MAFAULDA,mafaulda_underhang_outer_race_35g_21.0944,mafaulda_underhang_outer_race_35g,mafaulda_defective_outer_race,mafaulda_underhang_outer_race_35g,,data/raw_mafaulda/full/underhang/outer_race/35g/21.0944.csv,underhang/outer_race,OuterRace,50000,5.0,250000,1265.664,added_mass_35g,"8ch(tacho;uh_ax,rad,tan;oh_ax,rad,tan;mic)",bearing_outer_race,added_mass_35g,underhang,https://www02.smt.ufrj.br/~offshore/mfs/page_01.html,documented,rotation 21.0944 Hz from filename
MAFAULDA,mafaulda_underhang_outer_race_35g_22.3232,mafaulda_underhang_outer_race_35g,mafaulda_defective_outer_race,mafaulda_underhang_outer_race_35g,,data/raw_mafaulda/full/underhang/outer_race/35g/22.3232.csv,underhang/outer_race,OuterRace,50000,5.0,250000,1339.392,added_mass_35g,"8ch(tacho;uh_ax,rad,tan;oh_ax,rad,tan;mic)",bearing_outer_race,added_mass_35g,underhang,https://www02.smt.ufrj.br/~offshore/mfs/page_01.html,documented,rotation 22.3232 Hz from filename
MAFAULDA,mafaulda_underhang_outer_race_35g_23.552,mafaulda_underhang_outer_race_35g,mafaulda_defective_outer_race,mafaulda_underhang_outer_race_35g,,data/raw_mafaulda/full/underhang/outer_race/35g/23.552.csv,underhang/outer_race,OuterRace,50000,5.0,250000,1413.12,added_mass_35g,"8ch(tacho;uh_ax,rad,tan;oh_ax,rad,tan;mic)",bearing_outer_race,added_mass_35g,underhang,https://www02.smt.ufrj.br/~offshore/mfs/page_01.html,documented,rotation 23.552 Hz from filename
MAFAULDA,mafaulda_underhang_outer_race_35g_24.3712,mafaulda_underhang_outer_race_35g,mafaulda_defective_outer_race,mafaulda_underhang_outer_race_35g,,data/raw_mafaulda/full/underhang/outer_race/35g/24.3712.csv,underhang/outer_race,OuterRace,50000,5.0,250000,1462.2720000000002,added_mass_35g,"8ch(tacho;uh_ax,rad,tan;oh_ax,rad,tan;mic)",bearing_outer_race,added_mass_35g,underhang,https://www02.smt.ufrj.br/~offshore/mfs/page_01.html,documented,rotation 24.3712 Hz from filename
MAFAULDA,mafaulda_underhang_outer_race_35g_25.8048,mafaulda_underhang_outer_race_35g,mafaulda_defective_outer_race,mafaulda_underhang_outer_race_35g,,data/raw_mafaulda/full/underhang/outer_race/35g/25.8048.csv,underhang/outer_race,OuterRace,50000,5.0,250000,1548.288,added_mass_35g,"8ch(tacho;uh_ax,rad,tan;oh_ax,rad,tan;mic)",bearing_outer_race,added_mass_35g,underhang,https://www02.smt.ufrj.br/~offshore/mfs/page_01.html,documented,rotation 25.8048 Hz from filename
MAFAULDA,mafaulda_underhang_outer_race_35g_26.2144,mafaulda_underhang_outer_race_35g,mafaulda_defective_outer_race,mafaulda_underhang_outer_race_35g,,data/raw_mafaulda/full/underhang/outer_race/35g/26.2144.csv,underhang/outer_race,OuterRace,50000,5.0,250000,1572.864,added_mass_35g,"8ch(tacho;uh_ax,rad,tan;oh_ax,rad,tan;mic)",bearing_outer_race,added_mass_35g,underhang,https://www02.smt.ufrj.br/~offshore/mfs/page_01.html,documented,rotation 26.2144 Hz from filename
MAFAULDA,mafaulda_underhang_outer_race_35g_27.2384,mafaulda_underhang_outer_race_35g,mafaulda_defective_outer_race,mafaulda_underhang_outer_race_35g,,data/raw_mafaulda/full/underhang/outer_race/35g/27.2384.csv,underhang/outer_race,OuterRace,50000,5.0,250000,1634.3039999999999,added_mass_35g,"8ch(tacho;uh_ax,rad,tan;oh_ax,rad,tan;mic)",bearing_outer_race,added_mass_35g,underhang,https://www02.smt.ufrj.br/~offshore/mfs/page_01.html,documented,rotation 27.2384 Hz from filename
MAFAULDA,mafaulda_underhang_outer_race_35g_28.672,mafaulda_underhang_outer_race_35g,mafaulda_defective_outer_race,mafaulda_underhang_outer_race_35g,,data/raw_mafaulda/full/underhang/outer_race/35g/28.672.csv,underhang/outer_race,OuterRace,50000,5.0,250000,1720.32,added_mass_35g,"8ch(tacho;uh_ax,rad,tan;oh_ax,rad,tan;mic)",bearing_outer_race,added_mass_35g,underhang,https://www02.smt.ufrj.br/~offshore/mfs/page_01.html,documented,rotation 28.672 Hz from filename
MAFAULDA,mafaulda_underhang_outer_race_35g_29.4912,mafaulda_underhang_outer_race_35g,mafaulda_defective_outer_race,mafaulda_underhang_outer_race_35g,,data/raw_mafaulda/full/underhang/outer_race/35g/29.4912.csv,underhang/outer_race,OuterRace,50000,5.0,250000,1769.472,added_mass_35g,"8ch(tacho;uh_ax,rad,tan;oh_ax,rad,tan;mic)",bearing_outer_race,added_mass_35g,underhang,https://www02.smt.ufrj.br/~offshore/mfs/page_01.html,documented,rotation 29.4912 Hz from filename
MAFAULDA,mafaulda_underhang_outer_race_35g_30.9248,mafaulda_underhang_outer_race_35g,mafaulda_defective_outer_race,mafaulda_underhang_outer_race_35g,,data/raw_mafaulda/full/underhang/outer_race/35g/30.9248.csv,underhang/outer_race,OuterRace,50000,5.0,250000,1855.488,added_mass_35g,"8ch(tacho;uh_ax,rad,tan;oh_ax,rad,tan;mic)",bearing_outer_race,added_mass_35g,underhang,https://www02.smt.ufrj.br/~offshore/mfs/page_01.html,documented,rotation 30.9248 Hz from filename
MAFAULDA,mafaulda_underhang_outer_race_35g_31.5392,mafaulda_underhang_outer_race_35g,mafaulda_defective_outer_race,mafaulda_underhang_outer_race_35g,,data/raw_mafaulda/full/underhang/outer_race/35g/31.5392.csv,underhang/outer_race,OuterRace,50000,5.0,250000,1892.352,added_mass_35g,"8ch(tacho;uh_ax,rad,tan;oh_ax,rad,tan;mic)",bearing_outer_race,added_mass_35g,underhang,https://www02.smt.ufrj.br/~offshore/mfs/page_01.html,documented,rotation 31.5392 Hz from filename
MAFAULDA,mafaulda_underhang_outer_race_35g_32.5632,mafaulda_underhang_outer_race_35g,mafaulda_defective_outer_race,mafaulda_underhang_outer_race_35g,,data/raw_mafaulda/full/underhang/outer_race/35g/32.5632.csv,underhang/outer_race,OuterRace,50000,5.0,250000,1953.7920000000001,added_mass_35g,"8ch(tacho;uh_ax,rad,tan;oh_ax,rad,tan;mic)",bearing_outer_race,added_mass_35g,underhang,https://www02.smt.ufrj.br/~offshore/mfs/page_01.html,documented,rotation 32.5632 Hz from filename
MAFAULDA,mafaulda_underhang_outer_race_35g_33.1776,mafaulda_underhang_outer_race_35g,mafaulda_defective_outer_race,mafaulda_underhang_outer_race_35g,,data/raw_mafaulda/full/underhang/outer_race/35g/33.1776.csv,underhang/outer_race,OuterRace,50000,5.0,250000,1990.656,added_mass_35g,"8ch(tacho;uh_ax,rad,tan;oh_ax,rad,tan;mic)",bearing_outer_race,added_mass_35g,underhang,https://www02.smt.ufrj.br/~offshore/mfs/page_01.html,documented,rotation 33.1776 Hz from filename
MAFAULDA,mafaulda_underhang_outer_race_35g_34.2016,mafaulda_underhang_outer_race_35g,mafaulda_defective_outer_race,mafaulda_underhang_outer_race_35g,,data/raw_mafaulda/full/underhang/outer_race/35g/34.2016.csv,underhang/outer_race,OuterRace,50000,5.0,250000,2052.096,added_mass_35g,"8ch(tacho;uh_ax,rad,tan;oh_ax,rad,tan;mic)",bearing_outer_race,added_mass_35g,underhang,https://www02.smt.ufrj.br/~offshore/mfs/page_01.html,documented,rotation 34.2016 Hz from filename
MAFAULDA,mafaulda_underhang_outer_race_35g_35.6352,mafaulda_underhang_outer_race_35g,mafaulda_defective_outer_race,mafaulda_underhang_outer_race_35g,,data/raw_mafaulda/full/underhang/outer_race/35g/35.6352.csv,underhang/outer_race,OuterRace,50000,5.0,250000,2138.112,added_mass_35g,"8ch(tacho;uh_ax,rad,tan;oh_ax,rad,tan;mic)",bearing_outer_race,added_mass_35g,underhang,https://www02.smt.ufrj.br/~offshore/mfs/page_01.html,documented,rotation 35.6352 Hz from filename
MAFAULDA,mafaulda_underhang_outer_race_35g_36.4544,mafaulda_underhang_outer_race_35g,mafaulda_defective_outer_race,mafaulda_underhang_outer_race_35g,,data/raw_mafaulda/full/underhang/outer_race/35g/36.4544.csv,underhang/outer_race,OuterRace,50000,5.0,250000,2187.264,added_mass_35g,"8ch(tacho;uh_ax,rad,tan;oh_ax,rad,tan;mic)",bearing_outer_race,added_mass_35g,underhang,https://www02.smt.ufrj.br/~offshore/mfs/page_01.html,documented,rotation 36.4544 Hz from filename
MAFAULDA,mafaulda_underhang_outer_race_35g_37.4784,mafaulda_underhang_outer_race_35g,mafaulda_defective_outer_race,mafaulda_underhang_outer_race_35g,,data/raw_mafaulda/full/underhang/outer_race/35g/37.4784.csv,underhang/outer_race,OuterRace,50000,5.0,250000,2248.704,added_mass_35g,"8ch(tacho;uh_ax,rad,tan;oh_ax,rad,tan;mic)",bearing_outer_race,added_mass_35g,underhang,https://www02.smt.ufrj.br/~offshore/mfs/page_01.html,documented,rotation 37.4784 Hz from filename
MAFAULDA,mafaulda_underhang_outer_race_35g_38.0928,mafaulda_underhang_outer_race_35g,mafaulda_defective_outer_race,mafaulda_underhang_outer_race_35g,,data/raw_mafaulda/full/underhang/outer_race/35g/38.0928.csv,underhang/outer_race,OuterRace,50000,5.0,250000,2285.5679999999998,added_mass_35g,"8ch(tacho;uh_ax,rad,tan;oh_ax,rad,tan;mic)",bearing_outer_race,added_mass_35g,underhang,https://www02.smt.ufrj.br/~offshore/mfs/page_01.html,documented,rotation 38.0928 Hz from filename
MAFAULDA,mafaulda_underhang_outer_race_35g_39.3216,mafaulda_underhang_outer_race_35g,mafaulda_defective_outer_race,mafaulda_underhang_outer_race_35g,,data/raw_mafaulda/full/underhang/outer_race/35g/39.3216.csv,underhang/outer_race,OuterRace,50000,5.0,250000,2359.296,added_mass_35g,"8ch(tacho;uh_ax,rad,tan;oh_ax,rad,tan;mic)",bearing_outer_race,added_mass_35g,underhang,https://www02.smt.ufrj.br/~offshore/mfs/page_01.html,documented,rotation 39.3216 Hz from filename
MAFAULDA,mafaulda_underhang_outer_race_35g_39.936,mafaulda_underhang_outer_race_35g,mafaulda_defective_outer_race,mafaulda_underhang_outer_race_35g,,data/raw_mafaulda/full/underhang/outer_race/35g/39.936.csv,underhang/outer_race,OuterRace,50000,5.0,250000,2396.16,added_mass_35g,"8ch(tacho;uh_ax,rad,tan;oh_ax,rad,tan;mic)",bearing_outer_race,added_mass_35g,underhang,https://www02.smt.ufrj.br/~offshore/mfs/page_01.html,documented,rotation 39.936 Hz from filename
MAFAULDA,mafaulda_underhang_outer_race_35g_40.96,mafaulda_underhang_outer_race_35g,mafaulda_defective_outer_race,mafaulda_underhang_outer_race_35g,,data/raw_mafaulda/full/underhang/outer_race/35g/40.96.csv,underhang/outer_race,OuterRace,50000,5.0,250000,2457.6,added_mass_35g,"8ch(tacho;uh_ax,rad,tan;oh_ax,rad,tan;mic)",bearing_outer_race,added_mass_35g,underhang,https://www02.smt.ufrj.br/~offshore/mfs/page_01.html,documented,rotation 40.96 Hz from filename
MAFAULDA,mafaulda_underhang_outer_race_35g_42.1888,mafaulda_underhang_outer_race_35g,mafaulda_defective_outer_race,mafaulda_underhang_outer_race_35g,,data/raw_mafaulda/full/underhang/outer_race/35g/42.1888.csv,underhang/outer_race,OuterRace,50000,5.0,250000,2531.328,added_mass_35g,"8ch(tacho;uh_ax,rad,tan;oh_ax,rad,tan;mic)",bearing_outer_race,added_mass_35g,underhang,https://www02.smt.ufrj.br/~offshore/mfs/page_01.html,documented,rotation 42.1888 Hz from filename
MAFAULDA,mafaulda_underhang_outer_race_35g_43.4176,mafaulda_underhang_outer_race_35g,mafaulda_defective_outer_race,mafaulda_underhang_outer_race_35g,,data/raw_mafaulda/full/underhang/outer_race/35g/43.4176.csv,underhang/outer_race,OuterRace,50000,5.0,250000,2605.056,added_mass_35g,"8ch(tacho;uh_ax,rad,tan;oh_ax,rad,tan;mic)",bearing_outer_race,added_mass_35g,underhang,https://www02.smt.ufrj.br/~offshore/mfs/page_01.html,documented,rotation 43.4176 Hz from filename
MAFAULDA,mafaulda_underhang_outer_race_35g_44.2368,mafaulda_underhang_outer_race_35g,mafaulda_defective_outer_race,mafaulda_underhang_outer_race_35g,,data/raw_mafaulda/full/underhang/outer_race/35g/44.2368.csv,underhang/outer_race,OuterRace,50000,5.0,250000,2654.208,added_mass_35g,"8ch(tacho;uh_ax,rad,tan;oh_ax,rad,tan;mic)",bearing_outer_race,added_mass_35g,underhang,https://www02.smt.ufrj.br/~offshore/mfs/page_01.html,documented,rotation 44.2368 Hz from filename
MAFAULDA,mafaulda_underhang_outer_race_35g_45.6704,mafaulda_underhang_outer_race_35g,mafaulda_defective_outer_race,mafaulda_underhang_outer_race_35g,,data/raw_mafaulda/full/underhang/outer_race/35g/45.6704.csv,underhang/outer_race,OuterRace,50000,5.0,250000,2740.224,added_mass_35g,"8ch(tacho;uh_ax,rad,tan;oh_ax,rad,tan;mic)",bearing_outer_race,added_mass_35g,underhang,https://www02.smt.ufrj.br/~offshore/mfs/page_01.html,documented,rotation 45.6704 Hz from filename
MAFAULDA,mafaulda_underhang_outer_race_35g_46.8992,mafaulda_underhang_outer_race_35g,mafaulda_defective_outer_race,mafaulda_underhang_outer_race_35g,,data/raw_mafaulda/full/underhang/outer_race/35g/46.8992.csv,underhang/outer_race,OuterRace,50000,5.0,250000,2813.952,added_mass_35g,"8ch(tacho;uh_ax,rad,tan;oh_ax,rad,tan;mic)",bearing_outer_race,added_mass_35g,underhang,https://www02.smt.ufrj.br/~offshore/mfs/page_01.html,documented,rotation 46.8992 Hz from filename
MAFAULDA,mafaulda_underhang_outer_race_35g_47.104,mafaulda_underhang_outer_race_35g,mafaulda_defective_outer_race,mafaulda_underhang_outer_race_35g,,data/raw_mafaulda/full/underhang/outer_race/35g/47.104.csv,underhang/outer_race,OuterRace,50000,5.0,250000,2826.24,added_mass_35g,"8ch(tacho;uh_ax,rad,tan;oh_ax,rad,tan;mic)",bearing_outer_race,added_mass_35g,underhang,https://www02.smt.ufrj.br/~offshore/mfs/page_01.html,documented,rotation 47.104 Hz from filename
MAFAULDA,mafaulda_underhang_outer_race_35g_48.128,mafaulda_underhang_outer_race_35g,mafaulda_defective_outer_race,mafaulda_underhang_outer_race_35g,,data/raw_mafaulda/full/underhang/outer_race/35g/48.128.csv,underhang/outer_race,OuterRace,50000,5.0,250000,2887.68,added_mass_35g,"8ch(tacho;uh_ax,rad,tan;oh_ax,rad,tan;mic)",bearing_outer_race,added_mass_35g,underhang,https://www02.smt.ufrj.br/~offshore/mfs/page_01.html,documented,rotation 48.128 Hz from filename
MAFAULDA,mafaulda_underhang_outer_race_35g_48.9472,mafaulda_underhang_outer_race_35g,mafaulda_defective_outer_race,mafaulda_underhang_outer_race_35g,,data/raw_mafaulda/full/underhang/outer_race/35g/48.9472.csv,underhang/outer_race,OuterRace,50000,5.0,250000,2936.8320000000003,added_mass_35g,"8ch(tacho;uh_ax,rad,tan;oh_ax,rad,tan;mic)",bearing_outer_race,added_mass_35g,underhang,https://www02.smt.ufrj.br/~offshore/mfs/page_01.html,documented,rotation 48.9472 Hz from filename
MAFAULDA,mafaulda_underhang_outer_race_35g_58.9824,mafaulda_underhang_outer_race_35g,mafaulda_defective_outer_race,mafaulda_underhang_outer_race_35g,,data/raw_mafaulda/full/underhang/outer_race/35g/58.9824.csv,underhang/outer_race,OuterRace,50000,5.0,250000,3538.944,added_mass_35g,"8ch(tacho;uh_ax,rad,tan;oh_ax,rad,tan;mic)",bearing_outer_race,added_mass_35g,underhang,https://www02.smt.ufrj.br/~offshore/mfs/page_01.html,documented,rotation 58.9824 Hz from filename
MAFAULDA,mafaulda_underhang_outer_race_6g_13.5168,mafaulda_underhang_outer_race_6g,mafaulda_defective_outer_race,mafaulda_underhang_outer_race_6g,,data/raw_mafaulda/full/underhang/outer_race/6g/13.5168.csv,underhang/outer_race,OuterRace,50000,5.0,250000,811.008,added_mass_6g,"8ch(tacho;uh_ax,rad,tan;oh_ax,rad,tan;mic)",bearing_outer_race,added_mass_6g,underhang,https://www02.smt.ufrj.br/~offshore/mfs/page_01.html,documented,rotation 13.5168 Hz from filename
MAFAULDA,mafaulda_underhang_outer_race_6g_14.336,mafaulda_underhang_outer_race_6g,mafaulda_defective_outer_race,mafaulda_underhang_outer_race_6g,,data/raw_mafaulda/full/underhang/outer_race/6g/14.336.csv,underhang/outer_race,OuterRace,50000,5.0,250000,860.16,added_mass_6g,"8ch(tacho;uh_ax,rad,tan;oh_ax,rad,tan;mic)",bearing_outer_race,added_mass_6g,underhang,https://www02.smt.ufrj.br/~offshore/mfs/page_01.html,documented,rotation 14.336 Hz from filename
MAFAULDA,mafaulda_underhang_outer_race_6g_15.7696,mafaulda_underhang_outer_race_6g,mafaulda_defective_outer_race,mafaulda_underhang_outer_race_6g,,data/raw_mafaulda/full/underhang/outer_race/6g/15.7696.csv,underhang/outer_race,OuterRace,50000,5.0,250000,946.176,added_mass_6g,"8ch(tacho;uh_ax,rad,tan;oh_ax,rad,tan;mic)",bearing_outer_race,added_mass_6g,underhang,https://www02.smt.ufrj.br/~offshore/mfs/page_01.html,documented,rotation 15.7696 Hz from filename
MAFAULDA,mafaulda_underhang_outer_race_6g_16.7936,mafaulda_underhang_outer_race_6g,mafaulda_defective_outer_race,mafaulda_underhang_outer_race_6g,,data/raw_mafaulda/full/underhang/outer_race/6g/16.7936.csv,underhang/outer_race,OuterRace,50000,5.0,250000,1007.6160000000001,added_mass_6g,"8ch(tacho;uh_ax,rad,tan;oh_ax,rad,tan;mic)",bearing_outer_race,added_mass_6g,underhang,https://www02.smt.ufrj.br/~offshore/mfs/page_01.html,documented,rotation 16.7936 Hz from filename
MAFAULDA,mafaulda_underhang_outer_race_6g_17.6128,mafaulda_underhang_outer_race_6g,mafaulda_defective_outer_race,mafaulda_underhang_outer_race_6g,,data/raw_mafaulda/full/underhang/outer_race/6g/17.6128.csv,underhang/outer_race,OuterRace,50000,5.0,250000,1056.768,added_mass_6g,"8ch(tacho;uh_ax,rad,tan;oh_ax,rad,tan;mic)",bearing_outer_race,added_mass_6g,underhang,https://www02.smt.ufrj.br/~offshore/mfs/page_01.html,documented,rotation 17.6128 Hz from filename
MAFAULDA,mafaulda_underhang_outer_race_6g_18.432,mafaulda_underhang_outer_race_6g,mafaulda_defective_outer_race,mafaulda_underhang_outer_race_6g,,data/raw_mafaulda/full/underhang/outer_race/6g/18.432.csv,underhang/outer_race,OuterRace,50000,5.0,250000,1105.9199999999998,added_mass_6g,"8ch(tacho;uh_ax,rad,tan;oh_ax,rad,tan;mic)",bearing_outer_race,added_mass_6g,underhang,https://www02.smt.ufrj.br/~offshore/mfs/page_01.html,documented,rotation 18.432 Hz from filename
MAFAULDA,mafaulda_underhang_outer_race_6g_19.8656,mafaulda_underhang_outer_race_6g,mafaulda_defective_outer_race,mafaulda_underhang_outer_race_6g,,data/raw_mafaulda/full/underhang/outer_race/6g/19.8656.csv,underhang/outer_race,OuterRace,50000,5.0,250000,1191.9360000000001,added_mass_6g,"8ch(tacho;uh_ax,rad,tan;oh_ax,rad,tan;mic)",bearing_outer_race,added_mass_6g,underhang,https://www02.smt.ufrj.br/~offshore/mfs/page_01.html,documented,rotation 19.8656 Hz from filename
MAFAULDA,mafaulda_underhang_outer_race_6g_20.0704,mafaulda_underhang_outer_race_6g,mafaulda_defective_outer_race,mafaulda_underhang_outer_race_6g,,data/raw_mafaulda/full/underhang/outer_race/6g/20.0704.csv,underhang/outer_race,OuterRace,50000,5.0,250000,1204.224,added_mass_6g,"8ch(tacho;uh_ax,rad,tan;oh_ax,rad,tan;mic)",bearing_outer_race,added_mass_6g,underhang,https://www02.smt.ufrj.br/~offshore/mfs/page_01.html,documented,rotation 20.0704 Hz from filename
MAFAULDA,mafaulda_underhang_outer_race_6g_21.0944,mafaulda_underhang_outer_race_6g,mafaulda_defective_outer_race,mafaulda_underhang_outer_race_6g,,data/raw_mafaulda/full/underhang/outer_race/6g/21.0944.csv,underhang/outer_race,OuterRace,50000,5.0,250000,1265.664,added_mass_6g,"8ch(tacho;uh_ax,rad,tan;oh_ax,rad,tan;mic)",bearing_outer_race,added_mass_6g,underhang,https://www02.smt.ufrj.br/~offshore/mfs/page_01.html,documented,rotation 21.0944 Hz from filename
MAFAULDA,mafaulda_underhang_outer_race_6g_21.9136,mafaulda_underhang_outer_race_6g,mafaulda_defective_outer_race,mafaulda_underhang_outer_race_6g,,data/raw_mafaulda/full/underhang/outer_race/6g/21.9136.csv,underhang/outer_race,OuterRace,50000,5.0,250000,1314.816,added_mass_6g,"8ch(tacho;uh_ax,rad,tan;oh_ax,rad,tan;mic)",bearing_outer_race,added_mass_6g,underhang,https://www02.smt.ufrj.br/~offshore/mfs/page_01.html,documented,rotation 21.9136 Hz from filename
MAFAULDA,mafaulda_underhang_outer_race_6g_23.3472,mafaulda_underhang_outer_race_6g,mafaulda_defective_outer_race,mafaulda_underhang_outer_race_6g,,data/raw_mafaulda/full/underhang/outer_race/6g/23.3472.csv,underhang/outer_race,OuterRace,50000,5.0,250000,1400.832,added_mass_6g,"8ch(tacho;uh_ax,rad,tan;oh_ax,rad,tan;mic)",bearing_outer_race,added_mass_6g,underhang,https://www02.smt.ufrj.br/~offshore/mfs/page_01.html,documented,rotation 23.3472 Hz from filename
MAFAULDA,mafaulda_underhang_outer_race_6g_24.1664,mafaulda_underhang_outer_race_6g,mafaulda_defective_outer_race,mafaulda_underhang_outer_race_6g,,data/raw_mafaulda/full/underhang/outer_race/6g/24.1664.csv,underhang/outer_race,OuterRace,50000,5.0,250000,1449.984,added_mass_6g,"8ch(tacho;uh_ax,rad,tan;oh_ax,rad,tan;mic)",bearing_outer_race,added_mass_6g,underhang,https://www02.smt.ufrj.br/~offshore/mfs/page_01.html,documented,rotation 24.1664 Hz from filename
MAFAULDA,mafaulda_underhang_outer_race_6g_25.3952,mafaulda_underhang_outer_race_6g,mafaulda_defective_outer_race,mafaulda_underhang_outer_race_6g,,data/raw_mafaulda/full/underhang/outer_race/6g/25.3952.csv,underhang/outer_race,OuterRace,50000,5.0,250000,1523.712,added_mass_6g,"8ch(tacho;uh_ax,rad,tan;oh_ax,rad,tan;mic)",bearing_outer_race,added_mass_6g,underhang,https://www02.smt.ufrj.br/~offshore/mfs/page_01.html,documented,rotation 25.3952 Hz from filename
MAFAULDA,mafaulda_underhang_outer_race_6g_26.8288,mafaulda_underhang_outer_race_6g,mafaulda_defective_outer_race,mafaulda_underhang_outer_race_6g,,data/raw_mafaulda/full/underhang/outer_race/6g/26.8288.csv,underhang/outer_race,OuterRace,50000,5.0,250000,1609.728,added_mass_6g,"8ch(tacho;uh_ax,rad,tan;oh_ax,rad,tan;mic)",bearing_outer_race,added_mass_6g,underhang,https://www02.smt.ufrj.br/~offshore/mfs/page_01.html,documented,rotation 26.8288 Hz from filename
MAFAULDA,mafaulda_underhang_outer_race_6g_27.8528,mafaulda_underhang_outer_race_6g,mafaulda_defective_outer_race,mafaulda_underhang_outer_race_6g,,data/raw_mafaulda/full/underhang/outer_race/6g/27.8528.csv,underhang/outer_race,OuterRace,50000,5.0,250000,1671.168,added_mass_6g,"8ch(tacho;uh_ax,rad,tan;oh_ax,rad,tan;mic)",bearing_outer_race,added_mass_6g,underhang,https://www02.smt.ufrj.br/~offshore/mfs/page_01.html,documented,rotation 27.8528 Hz from filename
MAFAULDA,mafaulda_underhang_outer_race_6g_29.0816,mafaulda_underhang_outer_race_6g,mafaulda_defective_outer_race,mafaulda_underhang_outer_race_6g,,data/raw_mafaulda/full/underhang/outer_race/6g/29.0816.csv,underhang/outer_race,OuterRace,50000,5.0,250000,1744.8960000000002,added_mass_6g,"8ch(tacho;uh_ax,rad,tan;oh_ax,rad,tan;mic)",bearing_outer_race,added_mass_6g,underhang,https://www02.smt.ufrj.br/~offshore/mfs/page_01.html,documented,rotation 29.0816 Hz from filename
MAFAULDA,mafaulda_underhang_outer_race_6g_29.4912,mafaulda_underhang_outer_race_6g,mafaulda_defective_outer_race,mafaulda_underhang_outer_race_6g,,data/raw_mafaulda/full/underhang/outer_race/6g/29.4912.csv,underhang/outer_race,OuterRace,50000,5.0,250000,1769.472,added_mass_6g,"8ch(tacho;uh_ax,rad,tan;oh_ax,rad,tan;mic)",bearing_outer_race,added_mass_6g,underhang,https://www02.smt.ufrj.br/~offshore/mfs/page_01.html,documented,rotation 29.4912 Hz from filename
MAFAULDA,mafaulda_underhang_outer_race_6g_30.5152,mafaulda_underhang_outer_race_6g,mafaulda_defective_outer_race,mafaulda_underhang_outer_race_6g,,data/raw_mafaulda/full/underhang/outer_race/6g/30.5152.csv,underhang/outer_race,OuterRace,50000,5.0,250000,1830.912,added_mass_6g,"8ch(tacho;uh_ax,rad,tan;oh_ax,rad,tan;mic)",bearing_outer_race,added_mass_6g,underhang,https://www02.smt.ufrj.br/~offshore/mfs/page_01.html,documented,rotation 30.5152 Hz from filename
MAFAULDA,mafaulda_underhang_outer_race_6g_31.3344,mafaulda_underhang_outer_race_6g,mafaulda_defective_outer_race,mafaulda_underhang_outer_race_6g,,data/raw_mafaulda/full/underhang/outer_race/6g/31.3344.csv,underhang/outer_race,OuterRace,50000,5.0,250000,1880.0639999999999,added_mass_6g,"8ch(tacho;uh_ax,rad,tan;oh_ax,rad,tan;mic)",bearing_outer_race,added_mass_6g,underhang,https://www02.smt.ufrj.br/~offshore/mfs/page_01.html,documented,rotation 31.3344 Hz from filename
MAFAULDA,mafaulda_underhang_outer_race_6g_31.9488,mafaulda_underhang_outer_race_6g,mafaulda_defective_outer_race,mafaulda_underhang_outer_race_6g,,data/raw_mafaulda/full/underhang/outer_race/6g/31.9488.csv,underhang/outer_race,OuterRace,50000,5.0,250000,1916.9279999999999,added_mass_6g,"8ch(tacho;uh_ax,rad,tan;oh_ax,rad,tan;mic)",bearing_outer_race,added_mass_6g,underhang,https://www02.smt.ufrj.br/~offshore/mfs/page_01.html,documented,rotation 31.9488 Hz from filename
MAFAULDA,mafaulda_underhang_outer_race_6g_33.3824,mafaulda_underhang_outer_race_6g,mafaulda_defective_outer_race,mafaulda_underhang_outer_race_6g,,data/raw_mafaulda/full/underhang/outer_race/6g/33.3824.csv,underhang/outer_race,OuterRace,50000,5.0,250000,2002.9439999999997,added_mass_6g,"8ch(tacho;uh_ax,rad,tan;oh_ax,rad,tan;mic)",bearing_outer_race,added_mass_6g,underhang,https://www02.smt.ufrj.br/~offshore/mfs/page_01.html,documented,rotation 33.3824 Hz from filename
MAFAULDA,mafaulda_underhang_outer_race_6g_34.4064,mafaulda_underhang_outer_race_6g,mafaulda_defective_outer_race,mafaulda_underhang_outer_race_6g,,data/raw_mafaulda/full/underhang/outer_race/6g/34.4064.csv,underhang/outer_race,OuterRace,50000,5.0,250000,2064.384,added_mass_6g,"8ch(tacho;uh_ax,rad,tan;oh_ax,rad,tan;mic)",bearing_outer_race,added_mass_6g,underhang,https://www02.smt.ufrj.br/~offshore/mfs/page_01.html,documented,rotation 34.4064 Hz from filename
MAFAULDA,mafaulda_underhang_outer_race_6g_35.6352,mafaulda_underhang_outer_race_6g,mafaulda_defective_outer_race,mafaulda_underhang_outer_race_6g,,data/raw_mafaulda/full/underhang/outer_race/6g/35.6352.csv,underhang/outer_race,OuterRace,50000,5.0,250000,2138.112,added_mass_6g,"8ch(tacho;uh_ax,rad,tan;oh_ax,rad,tan;mic)",bearing_outer_race,added_mass_6g,underhang,https://www02.smt.ufrj.br/~offshore/mfs/page_01.html,documented,rotation 35.6352 Hz from filename
MAFAULDA,mafaulda_underhang_outer_race_6g_36.4544,mafaulda_underhang_outer_race_6g,mafaulda_defective_outer_race,mafaulda_underhang_outer_race_6g,,data/raw_mafaulda/full/underhang/outer_race/6g/36.4544.csv,underhang/outer_race,OuterRace,50000,5.0,250000,2187.264,added_mass_6g,"8ch(tacho;uh_ax,rad,tan;oh_ax,rad,tan;mic)",bearing_outer_race,added_mass_6g,underhang,https://www02.smt.ufrj.br/~offshore/mfs/page_01.html,documented,rotation 36.4544 Hz from filename
MAFAULDA,mafaulda_underhang_outer_race_6g_37.0688,mafaulda_underhang_outer_race_6g,mafaulda_defective_outer_race,mafaulda_underhang_outer_race_6g,,data/raw_mafaulda/full/underhang/outer_race/6g/37.0688.csv,underhang/outer_race,OuterRace,50000,5.0,250000,2224.128,added_mass_6g,"8ch(tacho;uh_ax,rad,tan;oh_ax,rad,tan;mic)",bearing_outer_race,added_mass_6g,underhang,https://www02.smt.ufrj.br/~offshore/mfs/page_01.html,documented,rotation 37.0688 Hz from filename
MAFAULDA,mafaulda_underhang_outer_race_6g_38.2976,mafaulda_underhang_outer_race_6g,mafaulda_defective_outer_race,mafaulda_underhang_outer_race_6g,,data/raw_mafaulda/full/underhang/outer_race/6g/38.2976.csv,underhang/outer_race,OuterRace,50000,5.0,250000,2297.856,added_mass_6g,"8ch(tacho;uh_ax,rad,tan;oh_ax,rad,tan;mic)",bearing_outer_race,added_mass_6g,underhang,https://www02.smt.ufrj.br/~offshore/mfs/page_01.html,documented,rotation 38.2976 Hz from filename
MAFAULDA,mafaulda_underhang_outer_race_6g_38.912,mafaulda_underhang_outer_race_6g,mafaulda_defective_outer_race,mafaulda_underhang_outer_race_6g,,data/raw_mafaulda/full/underhang/outer_race/6g/38.912.csv,underhang/outer_race,OuterRace,50000,5.0,250000,2334.72,added_mass_6g,"8ch(tacho;uh_ax,rad,tan;oh_ax,rad,tan;mic)",bearing_outer_race,added_mass_6g,underhang,https://www02.smt.ufrj.br/~offshore/mfs/page_01.html,documented,rotation 38.912 Hz from filename
MAFAULDA,mafaulda_underhang_outer_race_6g_40.5504,mafaulda_underhang_outer_race_6g,mafaulda_defective_outer_race,mafaulda_underhang_outer_race_6g,,data/raw_mafaulda/full/underhang/outer_race/6g/40.5504.csv,underhang/outer_race,OuterRace,50000,5.0,250000,2433.0240000000003,added_mass_6g,"8ch(tacho;uh_ax,rad,tan;oh_ax,rad,tan;mic)",bearing_outer_race,added_mass_6g,underhang,https://www02.smt.ufrj.br/~offshore/mfs/page_01.html,documented,rotation 40.5504 Hz from filename
MAFAULDA,mafaulda_underhang_outer_race_6g_40.96,mafaulda_underhang_outer_race_6g,mafaulda_defective_outer_race,mafaulda_underhang_outer_race_6g,,data/raw_mafaulda/full/underhang/outer_race/6g/40.96.csv,underhang/outer_race,OuterRace,50000,5.0,250000,2457.6,added_mass_6g,"8ch(tacho;uh_ax,rad,tan;oh_ax,rad,tan;mic)",bearing_outer_race,added_mass_6g,underhang,https://www02.smt.ufrj.br/~offshore/mfs/page_01.html,documented,rotation 40.96 Hz from filename
MAFAULDA,mafaulda_underhang_outer_race_6g_42.1888,mafaulda_underhang_outer_race_6g,mafaulda_defective_outer_race,mafaulda_underhang_outer_race_6g,,data/raw_mafaulda/full/underhang/outer_race/6g/42.1888.csv,underhang/outer_race,OuterRace,50000,5.0,250000,2531.328,added_mass_6g,"8ch(tacho;uh_ax,rad,tan;oh_ax,rad,tan;mic)",bearing_outer_race,added_mass_6g,underhang,https://www02.smt.ufrj.br/~offshore/mfs/page_01.html,documented,rotation 42.1888 Hz from filename
MAFAULDA,mafaulda_underhang_outer_race_6g_43.008,mafaulda_underhang_outer_race_6g,mafaulda_defective_outer_race,mafaulda_underhang_outer_race_6g,,data/raw_mafaulda/full/underhang/outer_race/6g/43.008.csv,underhang/outer_race,OuterRace,50000,5.0,250000,2580.48,added_mass_6g,"8ch(tacho;uh_ax,rad,tan;oh_ax,rad,tan;mic)",bearing_outer_race,added_mass_6g,underhang,https://www02.smt.ufrj.br/~offshore/mfs/page_01.html,documented,rotation 43.008 Hz from filename
MAFAULDA,mafaulda_underhang_outer_race_6g_44.4416,mafaulda_underhang_outer_race_6g,mafaulda_defective_outer_race,mafaulda_underhang_outer_race_6g,,data/raw_mafaulda/full/underhang/outer_race/6g/44.4416.csv,underhang/outer_race,OuterRace,50000,5.0,250000,2666.496,added_mass_6g,"8ch(tacho;uh_ax,rad,tan;oh_ax,rad,tan;mic)",bearing_outer_race,added_mass_6g,underhang,https://www02.smt.ufrj.br/~offshore/mfs/page_01.html,documented,rotation 44.4416 Hz from filename
MAFAULDA,mafaulda_underhang_outer_race_6g_45.6704,mafaulda_underhang_outer_race_6g,mafaulda_defective_outer_race,mafaulda_underhang_outer_race_6g,,data/raw_mafaulda/full/underhang/outer_race/6g/45.6704.csv,underhang/outer_race,OuterRace,50000,5.0,250000,2740.224,added_mass_6g,"8ch(tacho;uh_ax,rad,tan;oh_ax,rad,tan;mic)",bearing_outer_race,added_mass_6g,underhang,https://www02.smt.ufrj.br/~offshore/mfs/page_01.html,documented,rotation 45.6704 Hz from filename
MAFAULDA,mafaulda_underhang_outer_race_6g_46.2848,mafaulda_underhang_outer_race_6g,mafaulda_defective_outer_race,mafaulda_underhang_outer_race_6g,,data/raw_mafaulda/full/underhang/outer_race/6g/46.2848.csv,underhang/outer_race,OuterRace,50000,5.0,250000,2777.0879999999997,added_mass_6g,"8ch(tacho;uh_ax,rad,tan;oh_ax,rad,tan;mic)",bearing_outer_race,added_mass_6g,underhang,https://www02.smt.ufrj.br/~offshore/mfs/page_01.html,documented,rotation 46.2848 Hz from filename
MAFAULDA,mafaulda_underhang_outer_race_6g_47.104,mafaulda_underhang_outer_race_6g,mafaulda_defective_outer_race,mafaulda_underhang_outer_race_6g,,data/raw_mafaulda/full/underhang/outer_race/6g/47.104.csv,underhang/outer_race,OuterRace,50000,5.0,250000,2826.24,added_mass_6g,"8ch(tacho;uh_ax,rad,tan;oh_ax,rad,tan;mic)",bearing_outer_race,added_mass_6g,underhang,https://www02.smt.ufrj.br/~offshore/mfs/page_01.html,documented,rotation 47.104 Hz from filename
MAFAULDA,mafaulda_underhang_outer_race_6g_48.5376,mafaulda_underhang_outer_race_6g,mafaulda_defective_outer_race,mafaulda_underhang_outer_race_6g,,data/raw_mafaulda/full/underhang/outer_race/6g/48.5376.csv,underhang/outer_race,OuterRace,50000,5.0,250000,2912.256,added_mass_6g,"8ch(tacho;uh_ax,rad,tan;oh_ax,rad,tan;mic)",bearing_outer_race,added_mass_6g,underhang,https://www02.smt.ufrj.br/~offshore/mfs/page_01.html,documented,rotation 48.5376 Hz from filename
MAFAULDA,mafaulda_underhang_outer_race_6g_49.9712,mafaulda_underhang_outer_race_6g,mafaulda_defective_outer_race,mafaulda_underhang_outer_race_6g,,data/raw_mafaulda/full/underhang/outer_race/6g/49.9712.csv,underhang/outer_race,OuterRace,50000,5.0,250000,2998.2720000000004,added_mass_6g,"8ch(tacho;uh_ax,rad,tan;oh_ax,rad,tan;mic)",bearing_outer_race,added_mass_6g,underhang,https://www02.smt.ufrj.br/~offshore/mfs/page_01.html,documented,rotation 49.9712 Hz from filename
MAFAULDA,mafaulda_underhang_outer_race_6g_50.5856,mafaulda_underhang_outer_race_6g,mafaulda_defective_outer_race,mafaulda_underhang_outer_race_6g,,data/raw_mafaulda/full/underhang/outer_race/6g/50.5856.csv,underhang/outer_race,OuterRace,50000,5.0,250000,3035.136,added_mass_6g,"8ch(tacho;uh_ax,rad,tan;oh_ax,rad,tan;mic)",bearing_outer_race,added_mass_6g,underhang,https://www02.smt.ufrj.br/~offshore/mfs/page_01.html,documented,rotation 50.5856 Hz from filename
MAFAULDA,mafaulda_underhang_outer_race_6g_51.2,mafaulda_underhang_outer_race_6g,mafaulda_defective_outer_race,mafaulda_underhang_outer_race_6g,,data/raw_mafaulda/full/underhang/outer_race/6g/51.2.csv,underhang/outer_race,OuterRace,50000,5.0,250000,3072.0,added_mass_6g,"8ch(tacho;uh_ax,rad,tan;oh_ax,rad,tan;mic)",bearing_outer_race,added_mass_6g,underhang,https://www02.smt.ufrj.br/~offshore/mfs/page_01.html,documented,rotation 51.2 Hz from filename
MAFAULDA,mafaulda_underhang_outer_race_6g_52.224,mafaulda_underhang_outer_race_6g,mafaulda_defective_outer_race,mafaulda_underhang_outer_race_6g,,data/raw_mafaulda/full/underhang/outer_race/6g/52.224.csv,underhang/outer_race,OuterRace,50000,5.0,250000,3133.4399999999996,added_mass_6g,"8ch(tacho;uh_ax,rad,tan;oh_ax,rad,tan;mic)",bearing_outer_race,added_mass_6g,underhang,https://www02.smt.ufrj.br/~offshore/mfs/page_01.html,documented,rotation 52.224 Hz from filename
MAFAULDA,mafaulda_underhang_outer_race_6g_53.248,mafaulda_underhang_outer_race_6g,mafaulda_defective_outer_race,mafaulda_underhang_outer_race_6g,,data/raw_mafaulda/full/underhang/outer_race/6g/53.248.csv,underhang/outer_race,OuterRace,50000,5.0,250000,3194.8799999999997,added_mass_6g,"8ch(tacho;uh_ax,rad,tan;oh_ax,rad,tan;mic)",bearing_outer_race,added_mass_6g,underhang,https://www02.smt.ufrj.br/~offshore/mfs/page_01.html,documented,rotation 53.248 Hz from filename
MAFAULDA,mafaulda_underhang_outer_race_6g_54.4768,mafaulda_underhang_outer_race_6g,mafaulda_defective_outer_race,mafaulda_underhang_outer_race_6g,,data/raw_mafaulda/full/underhang/outer_race/6g/54.4768.csv,underhang/outer_race,OuterRace,50000,5.0,250000,3268.6079999999997,added_mass_6g,"8ch(tacho;uh_ax,rad,tan;oh_ax,rad,tan;mic)",bearing_outer_race,added_mass_6g,underhang,https://www02.smt.ufrj.br/~offshore/mfs/page_01.html,documented,rotation 54.4768 Hz from filename
MAFAULDA,mafaulda_underhang_outer_race_6g_55.7056,mafaulda_underhang_outer_race_6g,mafaulda_defective_outer_race,mafaulda_underhang_outer_race_6g,,data/raw_mafaulda/full/underhang/outer_race/6g/55.7056.csv,underhang/outer_race,OuterRace,50000,5.0,250000,3342.336,added_mass_6g,"8ch(tacho;uh_ax,rad,tan;oh_ax,rad,tan;mic)",bearing_outer_race,added_mass_6g,underhang,https://www02.smt.ufrj.br/~offshore/mfs/page_01.html,documented,rotation 55.7056 Hz from filename
MAFAULDA,mafaulda_underhang_outer_race_6g_56.5248,mafaulda_underhang_outer_race_6g,mafaulda_defective_outer_race,mafaulda_underhang_outer_race_6g,,data/raw_mafaulda/full/underhang/outer_race/6g/56.5248.csv,underhang/outer_race,OuterRace,50000,5.0,250000,3391.488,added_mass_6g,"8ch(tacho;uh_ax,rad,tan;oh_ax,rad,tan;mic)",bearing_outer_race,added_mass_6g,underhang,https://www02.smt.ufrj.br/~offshore/mfs/page_01.html,documented,rotation 56.5248 Hz from filename
MAFAULDA,mafaulda_underhang_outer_race_6g_57.5488,mafaulda_underhang_outer_race_6g,mafaulda_defective_outer_race,mafaulda_underhang_outer_race_6g,,data/raw_mafaulda/full/underhang/outer_race/6g/57.5488.csv,underhang/outer_race,OuterRace,50000,5.0,250000,3452.928,added_mass_6g,"8ch(tacho;uh_ax,rad,tan;oh_ax,rad,tan;mic)",bearing_outer_race,added_mass_6g,underhang,https://www02.smt.ufrj.br/~offshore/mfs/page_01.html,documented,rotation 57.5488 Hz from filename
MAFAULDA,mafaulda_underhang_outer_race_6g_58.5728,mafaulda_underhang_outer_race_6g,mafaulda_defective_outer_race,mafaulda_underhang_outer_race_6g,,data/raw_mafaulda/full/underhang/outer_race/6g/58.5728.csv,underhang/outer_race,OuterRace,50000,5.0,250000,3514.368,added_mass_6g,"8ch(tacho;uh_ax,rad,tan;oh_ax,rad,tan;mic)",bearing_outer_race,added_mass_6g,underhang,https://www02.smt.ufrj.br/~offshore/mfs/page_01.html,documented,rotation 58.5728 Hz from filename
MAFAULDA,mafaulda_underhang_outer_race_6g_59.8016,mafaulda_underhang_outer_race_6g,mafaulda_defective_outer_race,mafaulda_underhang_outer_race_6g,,data/raw_mafaulda/full/underhang/outer_race/6g/59.8016.csv,underhang/outer_race,OuterRace,50000,5.0,250000,3588.096,added_mass_6g,"8ch(tacho;uh_ax,rad,tan;oh_ax,rad,tan;mic)",bearing_outer_race,added_mass_6g,underhang,https://www02.smt.ufrj.br/~offshore/mfs/page_01.html,documented,rotation 59.8016 Hz from filename
MAFAULDA,mafaulda_underhang_outer_race_6g_60.6208,mafaulda_underhang_outer_race_6g,mafaulda_defective_outer_race,mafaulda_underhang_outer_race_6g,,data/raw_mafaulda/full/underhang/outer_race/6g/60.6208.csv,underhang/outer_race,OuterRace,50000,5.0,250000,3637.248,added_mass_6g,"8ch(tacho;uh_ax,rad,tan;oh_ax,rad,tan;mic)",bearing_outer_race,added_mass_6g,underhang,https://www02.smt.ufrj.br/~offshore/mfs/page_01.html,documented,rotation 60.6208 Hz from filename
MAFAULDA,mafaulda_underhang_outer_race_6g_61.6448,mafaulda_underhang_outer_race_6g,mafaulda_defective_outer_race,mafaulda_underhang_outer_race_6g,,data/raw_mafaulda/full/underhang/outer_race/6g/61.6448.csv,underhang/outer_race,OuterRace,50000,5.0,250000,3698.6879999999996,added_mass_6g,"8ch(tacho;uh_ax,rad,tan;oh_ax,rad,tan;mic)",bearing_outer_race,added_mass_6g,underhang,https://www02.smt.ufrj.br/~offshore/mfs/page_01.html,documented,rotation 61.6448 Hz from filename
MAFAULDA,mafaulda_vertical-misalignment_0.51mm_12.4928,mafaulda_vertical-misalignment_0.51mm,mafaulda_bearings_healthy,mafaulda_vertical-misalignment_0.51mm,,data/raw_mafaulda/full/vertical-misalignment/0.51mm/12.4928.csv,vertical-misalignment,Misalignment_NON_BEARING,50000,5.0,250000,749.5680000000001,,"8ch(tacho;uh_ax,rad,tan;oh_ax,rad,tan;mic)",vertical_misalignment,0.51mm,,https://www02.smt.ufrj.br/~offshore/mfs/page_01.html,documented,rotation 12.4928 Hz from filename
MAFAULDA,mafaulda_vertical-misalignment_0.51mm_13.1072,mafaulda_vertical-misalignment_0.51mm,mafaulda_bearings_healthy,mafaulda_vertical-misalignment_0.51mm,,data/raw_mafaulda/full/vertical-misalignment/0.51mm/13.1072.csv,vertical-misalignment,Misalignment_NON_BEARING,50000,5.0,250000,786.432,,"8ch(tacho;uh_ax,rad,tan;oh_ax,rad,tan;mic)",vertical_misalignment,0.51mm,,https://www02.smt.ufrj.br/~offshore/mfs/page_01.html,documented,rotation 13.1072 Hz from filename
MAFAULDA,mafaulda_vertical-misalignment_0.51mm_14.9504,mafaulda_vertical-misalignment_0.51mm,mafaulda_bearings_healthy,mafaulda_vertical-misalignment_0.51mm,,data/raw_mafaulda/full/vertical-misalignment/0.51mm/14.9504.csv,vertical-misalignment,Misalignment_NON_BEARING,50000,5.0,250000,897.024,,"8ch(tacho;uh_ax,rad,tan;oh_ax,rad,tan;mic)",vertical_misalignment,0.51mm,,https://www02.smt.ufrj.br/~offshore/mfs/page_01.html,documented,rotation 14.9504 Hz from filename
MAFAULDA,mafaulda_vertical-misalignment_0.51mm_16.1792,mafaulda_vertical-misalignment_0.51mm,mafaulda_bearings_healthy,mafaulda_vertical-misalignment_0.51mm,,data/raw_mafaulda/full/vertical-misalignment/0.51mm/16.1792.csv,vertical-misalignment,Misalignment_NON_BEARING,50000,5.0,250000,970.7520000000001,,"8ch(tacho;uh_ax,rad,tan;oh_ax,rad,tan;mic)",vertical_misalignment,0.51mm,,https://www02.smt.ufrj.br/~offshore/mfs/page_01.html,documented,rotation 16.1792 Hz from filename
MAFAULDA,mafaulda_vertical-misalignment_0.51mm_16.9984,mafaulda_vertical-misalignment_0.51mm,mafaulda_bearings_healthy,mafaulda_vertical-misalignment_0.51mm,,data/raw_mafaulda/full/vertical-misalignment/0.51mm/16.9984.csv,vertical-misalignment,Misalignment_NON_BEARING,50000,5.0,250000,1019.904,,"8ch(tacho;uh_ax,rad,tan;oh_ax,rad,tan;mic)",vertical_misalignment,0.51mm,,https://www02.smt.ufrj.br/~offshore/mfs/page_01.html,documented,rotation 16.9984 Hz from filename
MAFAULDA,mafaulda_vertical-misalignment_0.51mm_18.0224,mafaulda_vertical-misalignment_0.51mm,mafaulda_bearings_healthy,mafaulda_vertical-misalignment_0.51mm,,data/raw_mafaulda/full/vertical-misalignment/0.51mm/18.0224.csv,vertical-misalignment,Misalignment_NON_BEARING,50000,5.0,250000,1081.344,,"8ch(tacho;uh_ax,rad,tan;oh_ax,rad,tan;mic)",vertical_misalignment,0.51mm,,https://www02.smt.ufrj.br/~offshore/mfs/page_01.html,documented,rotation 18.0224 Hz from filename
MAFAULDA,mafaulda_vertical-misalignment_0.51mm_18.8416,mafaulda_vertical-misalignment_0.51mm,mafaulda_bearings_healthy,mafaulda_vertical-misalignment_0.51mm,,data/raw_mafaulda/full/vertical-misalignment/0.51mm/18.8416.csv,vertical-misalignment,Misalignment_NON_BEARING,50000,5.0,250000,1130.496,,"8ch(tacho;uh_ax,rad,tan;oh_ax,rad,tan;mic)",vertical_misalignment,0.51mm,,https://www02.smt.ufrj.br/~offshore/mfs/page_01.html,documented,rotation 18.8416 Hz from filename
MAFAULDA,mafaulda_vertical-misalignment_0.51mm_19.456,mafaulda_vertical-misalignment_0.51mm,mafaulda_bearings_healthy,mafaulda_vertical-misalignment_0.51mm,,data/raw_mafaulda/full/vertical-misalignment/0.51mm/19.456.csv,vertical-misalignment,Misalignment_NON_BEARING,50000,5.0,250000,1167.36,,"8ch(tacho;uh_ax,rad,tan;oh_ax,rad,tan;mic)",vertical_misalignment,0.51mm,,https://www02.smt.ufrj.br/~offshore/mfs/page_01.html,documented,rotation 19.456 Hz from filename
MAFAULDA,mafaulda_vertical-misalignment_0.51mm_20.48,mafaulda_vertical-misalignment_0.51mm,mafaulda_bearings_healthy,mafaulda_vertical-misalignment_0.51mm,,data/raw_mafaulda/full/vertical-misalignment/0.51mm/20.48.csv,vertical-misalignment,Misalignment_NON_BEARING,50000,5.0,250000,1228.8,,"8ch(tacho;uh_ax,rad,tan;oh_ax,rad,tan;mic)",vertical_misalignment,0.51mm,,https://www02.smt.ufrj.br/~offshore/mfs/page_01.html,documented,rotation 20.48 Hz from filename
MAFAULDA,mafaulda_vertical-misalignment_0.51mm_21.504,mafaulda_vertical-misalignment_0.51mm,mafaulda_bearings_healthy,mafaulda_vertical-misalignment_0.51mm,,data/raw_mafaulda/full/vertical-misalignment/0.51mm/21.504.csv,vertical-misalignment,Misalignment_NON_BEARING,50000,5.0,250000,1290.24,,"8ch(tacho;uh_ax,rad,tan;oh_ax,rad,tan;mic)",vertical_misalignment,0.51mm,,https://www02.smt.ufrj.br/~offshore/mfs/page_01.html,documented,rotation 21.504 Hz from filename
MAFAULDA,mafaulda_vertical-misalignment_0.51mm_22.528,mafaulda_vertical-misalignment_0.51mm,mafaulda_bearings_healthy,mafaulda_vertical-misalignment_0.51mm,,data/raw_mafaulda/full/vertical-misalignment/0.51mm/22.528.csv,vertical-misalignment,Misalignment_NON_BEARING,50000,5.0,250000,1351.6799999999998,,"8ch(tacho;uh_ax,rad,tan;oh_ax,rad,tan;mic)",vertical_misalignment,0.51mm,,https://www02.smt.ufrj.br/~offshore/mfs/page_01.html,documented,rotation 22.528 Hz from filename
MAFAULDA,mafaulda_vertical-misalignment_0.51mm_23.1424,mafaulda_vertical-misalignment_0.51mm,mafaulda_bearings_healthy,mafaulda_vertical-misalignment_0.51mm,,data/raw_mafaulda/full/vertical-misalignment/0.51mm/23.1424.csv,vertical-misalignment,Misalignment_NON_BEARING,50000,5.0,250000,1388.5439999999999,,"8ch(tacho;uh_ax,rad,tan;oh_ax,rad,tan;mic)",vertical_misalignment,0.51mm,,https://www02.smt.ufrj.br/~offshore/mfs/page_01.html,documented,rotation 23.1424 Hz from filename
MAFAULDA,mafaulda_vertical-misalignment_0.51mm_24.1664,mafaulda_vertical-misalignment_0.51mm,mafaulda_bearings_healthy,mafaulda_vertical-misalignment_0.51mm,,data/raw_mafaulda/full/vertical-misalignment/0.51mm/24.1664.csv,vertical-misalignment,Misalignment_NON_BEARING,50000,5.0,250000,1449.984,,"8ch(tacho;uh_ax,rad,tan;oh_ax,rad,tan;mic)",vertical_misalignment,0.51mm,,https://www02.smt.ufrj.br/~offshore/mfs/page_01.html,documented,rotation 24.1664 Hz from filename
MAFAULDA,mafaulda_vertical-misalignment_0.51mm_24.9856,mafaulda_vertical-misalignment_0.51mm,mafaulda_bearings_healthy,mafaulda_vertical-misalignment_0.51mm,,data/raw_mafaulda/full/vertical-misalignment/0.51mm/24.9856.csv,vertical-misalignment,Misalignment_NON_BEARING,50000,5.0,250000,1499.1360000000002,,"8ch(tacho;uh_ax,rad,tan;oh_ax,rad,tan;mic)",vertical_misalignment,0.51mm,,https://www02.smt.ufrj.br/~offshore/mfs/page_01.html,documented,rotation 24.9856 Hz from filename
MAFAULDA,mafaulda_vertical-misalignment_0.51mm_26.624,mafaulda_vertical-misalignment_0.51mm,mafaulda_bearings_healthy,mafaulda_vertical-misalignment_0.51mm,,data/raw_mafaulda/full/vertical-misalignment/0.51mm/26.624.csv,vertical-misalignment,Misalignment_NON_BEARING,50000,5.0,250000,1597.4399999999998,,"8ch(tacho;uh_ax,rad,tan;oh_ax,rad,tan;mic)",vertical_misalignment,0.51mm,,https://www02.smt.ufrj.br/~offshore/mfs/page_01.html,documented,rotation 26.624 Hz from filename
MAFAULDA,mafaulda_vertical-misalignment_0.51mm_27.2384,mafaulda_vertical-misalignment_0.51mm,mafaulda_bearings_healthy,mafaulda_vertical-misalignment_0.51mm,,data/raw_mafaulda/full/vertical-misalignment/0.51mm/27.2384.csv,vertical-misalignment,Misalignment_NON_BEARING,50000,5.0,250000,1634.3039999999999,,"8ch(tacho;uh_ax,rad,tan;oh_ax,rad,tan;mic)",vertical_misalignment,0.51mm,,https://www02.smt.ufrj.br/~offshore/mfs/page_01.html,documented,rotation 27.2384 Hz from filename
MAFAULDA,mafaulda_vertical-misalignment_0.51mm_28.4672,mafaulda_vertical-misalignment_0.51mm,mafaulda_bearings_healthy,mafaulda_vertical-misalignment_0.51mm,,data/raw_mafaulda/full/vertical-misalignment/0.51mm/28.4672.csv,vertical-misalignment,Misalignment_NON_BEARING,50000,5.0,250000,1708.032,,"8ch(tacho;uh_ax,rad,tan;oh_ax,rad,tan;mic)",vertical_misalignment,0.51mm,,https://www02.smt.ufrj.br/~offshore/mfs/page_01.html,documented,rotation 28.4672 Hz from filename
MAFAULDA,mafaulda_vertical-misalignment_0.51mm_29.2864,mafaulda_vertical-misalignment_0.51mm,mafaulda_bearings_healthy,mafaulda_vertical-misalignment_0.51mm,,data/raw_mafaulda/full/vertical-misalignment/0.51mm/29.2864.csv,vertical-misalignment,Misalignment_NON_BEARING,50000,5.0,250000,1757.184,,"8ch(tacho;uh_ax,rad,tan;oh_ax,rad,tan;mic)",vertical_misalignment,0.51mm,,https://www02.smt.ufrj.br/~offshore/mfs/page_01.html,documented,rotation 29.2864 Hz from filename
MAFAULDA,mafaulda_vertical-misalignment_0.51mm_30.5152,mafaulda_vertical-misalignment_0.51mm,mafaulda_bearings_healthy,mafaulda_vertical-misalignment_0.51mm,,data/raw_mafaulda/full/vertical-misalignment/0.51mm/30.5152.csv,vertical-misalignment,Misalignment_NON_BEARING,50000,5.0,250000,1830.912,,"8ch(tacho;uh_ax,rad,tan;oh_ax,rad,tan;mic)",vertical_misalignment,0.51mm,,https://www02.smt.ufrj.br/~offshore/mfs/page_01.html,documented,rotation 30.5152 Hz from filename
MAFAULDA,mafaulda_vertical-misalignment_0.51mm_31.5392,mafaulda_vertical-misalignment_0.51mm,mafaulda_bearings_healthy,mafaulda_vertical-misalignment_0.51mm,,data/raw_mafaulda/full/vertical-misalignment/0.51mm/31.5392.csv,vertical-misalignment,Misalignment_NON_BEARING,50000,5.0,250000,1892.352,,"8ch(tacho;uh_ax,rad,tan;oh_ax,rad,tan;mic)",vertical_misalignment,0.51mm,,https://www02.smt.ufrj.br/~offshore/mfs/page_01.html,documented,rotation 31.5392 Hz from filename
MAFAULDA,mafaulda_vertical-misalignment_0.51mm_32.3584,mafaulda_vertical-misalignment_0.51mm,mafaulda_bearings_healthy,mafaulda_vertical-misalignment_0.51mm,,data/raw_mafaulda/full/vertical-misalignment/0.51mm/32.3584.csv,vertical-misalignment,Misalignment_NON_BEARING,50000,5.0,250000,1941.5040000000001,,"8ch(tacho;uh_ax,rad,tan;oh_ax,rad,tan;mic)",vertical_misalignment,0.51mm,,https://www02.smt.ufrj.br/~offshore/mfs/page_01.html,documented,rotation 32.3584 Hz from filename
MAFAULDA,mafaulda_vertical-misalignment_0.51mm_33.3824,mafaulda_vertical-misalignment_0.51mm,mafaulda_bearings_healthy,mafaulda_vertical-misalignment_0.51mm,,data/raw_mafaulda/full/vertical-misalignment/0.51mm/33.3824.csv,vertical-misalignment,Misalignment_NON_BEARING,50000,5.0,250000,2002.9439999999997,,"8ch(tacho;uh_ax,rad,tan;oh_ax,rad,tan;mic)",vertical_misalignment,0.51mm,,https://www02.smt.ufrj.br/~offshore/mfs/page_01.html,documented,rotation 33.3824 Hz from filename
MAFAULDA,mafaulda_vertical-misalignment_0.51mm_34.2016,mafaulda_vertical-misalignment_0.51mm,mafaulda_bearings_healthy,mafaulda_vertical-misalignment_0.51mm,,data/raw_mafaulda/full/vertical-misalignment/0.51mm/34.2016.csv,vertical-misalignment,Misalignment_NON_BEARING,50000,5.0,250000,2052.096,,"8ch(tacho;uh_ax,rad,tan;oh_ax,rad,tan;mic)",vertical_misalignment,0.51mm,,https://www02.smt.ufrj.br/~offshore/mfs/page_01.html,documented,rotation 34.2016 Hz from filename
MAFAULDA,mafaulda_vertical-misalignment_0.51mm_35.2256,mafaulda_vertical-misalignment_0.51mm,mafaulda_bearings_healthy,mafaulda_vertical-misalignment_0.51mm,,data/raw_mafaulda/full/vertical-misalignment/0.51mm/35.2256.csv,vertical-misalignment,Misalignment_NON_BEARING,50000,5.0,250000,2113.536,,"8ch(tacho;uh_ax,rad,tan;oh_ax,rad,tan;mic)",vertical_misalignment,0.51mm,,https://www02.smt.ufrj.br/~offshore/mfs/page_01.html,documented,rotation 35.2256 Hz from filename
MAFAULDA,mafaulda_vertical-misalignment_0.51mm_36.0448,mafaulda_vertical-misalignment_0.51mm,mafaulda_bearings_healthy,mafaulda_vertical-misalignment_0.51mm,,data/raw_mafaulda/full/vertical-misalignment/0.51mm/36.0448.csv,vertical-misalignment,Misalignment_NON_BEARING,50000,5.0,250000,2162.688,,"8ch(tacho;uh_ax,rad,tan;oh_ax,rad,tan;mic)",vertical_misalignment,0.51mm,,https://www02.smt.ufrj.br/~offshore/mfs/page_01.html,documented,rotation 36.0448 Hz from filename
MAFAULDA,mafaulda_vertical-misalignment_0.51mm_37.6832,mafaulda_vertical-misalignment_0.51mm,mafaulda_bearings_healthy,mafaulda_vertical-misalignment_0.51mm,,data/raw_mafaulda/full/vertical-misalignment/0.51mm/37.6832.csv,vertical-misalignment,Misalignment_NON_BEARING,50000,5.0,250000,2260.992,,"8ch(tacho;uh_ax,rad,tan;oh_ax,rad,tan;mic)",vertical_misalignment,0.51mm,,https://www02.smt.ufrj.br/~offshore/mfs/page_01.html,documented,rotation 37.6832 Hz from filename
MAFAULDA,mafaulda_vertical-misalignment_0.51mm_38.0928,mafaulda_vertical-misalignment_0.51mm,mafaulda_bearings_healthy,mafaulda_vertical-misalignment_0.51mm,,data/raw_mafaulda/full/vertical-misalignment/0.51mm/38.0928.csv,vertical-misalignment,Misalignment_NON_BEARING,50000,5.0,250000,2285.5679999999998,,"8ch(tacho;uh_ax,rad,tan;oh_ax,rad,tan;mic)",vertical_misalignment,0.51mm,,https://www02.smt.ufrj.br/~offshore/mfs/page_01.html,documented,rotation 38.0928 Hz from filename
MAFAULDA,mafaulda_vertical-misalignment_0.51mm_38.7072,mafaulda_vertical-misalignment_0.51mm,mafaulda_bearings_healthy,mafaulda_vertical-misalignment_0.51mm,,data/raw_mafaulda/full/vertical-misalignment/0.51mm/38.7072.csv,vertical-misalignment,Misalignment_NON_BEARING,50000,5.0,250000,2322.432,,"8ch(tacho;uh_ax,rad,tan;oh_ax,rad,tan;mic)",vertical_misalignment,0.51mm,,https://www02.smt.ufrj.br/~offshore/mfs/page_01.html,documented,rotation 38.7072 Hz from filename
MAFAULDA,mafaulda_vertical-misalignment_0.51mm_40.3456,mafaulda_vertical-misalignment_0.51mm,mafaulda_bearings_healthy,mafaulda_vertical-misalignment_0.51mm,,data/raw_mafaulda/full/vertical-misalignment/0.51mm/40.3456.csv,vertical-misalignment,Misalignment_NON_BEARING,50000,5.0,250000,2420.736,,"8ch(tacho;uh_ax,rad,tan;oh_ax,rad,tan;mic)",vertical_misalignment,0.51mm,,https://www02.smt.ufrj.br/~offshore/mfs/page_01.html,documented,rotation 40.3456 Hz from filename
MAFAULDA,mafaulda_vertical-misalignment_0.51mm_41.1648,mafaulda_vertical-misalignment_0.51mm,mafaulda_bearings_healthy,mafaulda_vertical-misalignment_0.51mm,,data/raw_mafaulda/full/vertical-misalignment/0.51mm/41.1648.csv,vertical-misalignment,Misalignment_NON_BEARING,50000,5.0,250000,2469.888,,"8ch(tacho;uh_ax,rad,tan;oh_ax,rad,tan;mic)",vertical_misalignment,0.51mm,,https://www02.smt.ufrj.br/~offshore/mfs/page_01.html,documented,rotation 41.1648 Hz from filename
MAFAULDA,mafaulda_vertical-misalignment_0.51mm_42.8032,mafaulda_vertical-misalignment_0.51mm,mafaulda_bearings_healthy,mafaulda_vertical-misalignment_0.51mm,,data/raw_mafaulda/full/vertical-misalignment/0.51mm/42.8032.csv,vertical-misalignment,Misalignment_NON_BEARING,50000,5.0,250000,2568.192,,"8ch(tacho;uh_ax,rad,tan;oh_ax,rad,tan;mic)",vertical_misalignment,0.51mm,,https://www02.smt.ufrj.br/~offshore/mfs/page_01.html,documented,rotation 42.8032 Hz from filename
MAFAULDA,mafaulda_vertical-misalignment_0.51mm_43.4176,mafaulda_vertical-misalignment_0.51mm,mafaulda_bearings_healthy,mafaulda_vertical-misalignment_0.51mm,,data/raw_mafaulda/full/vertical-misalignment/0.51mm/43.4176.csv,vertical-misalignment,Misalignment_NON_BEARING,50000,5.0,250000,2605.056,,"8ch(tacho;uh_ax,rad,tan;oh_ax,rad,tan;mic)",vertical_misalignment,0.51mm,,https://www02.smt.ufrj.br/~offshore/mfs/page_01.html,documented,rotation 43.4176 Hz from filename
MAFAULDA,mafaulda_vertical-misalignment_0.51mm_43.8272,mafaulda_vertical-misalignment_0.51mm,mafaulda_bearings_healthy,mafaulda_vertical-misalignment_0.51mm,,data/raw_mafaulda/full/vertical-misalignment/0.51mm/43.8272.csv,vertical-misalignment,Misalignment_NON_BEARING,50000,5.0,250000,2629.632,,"8ch(tacho;uh_ax,rad,tan;oh_ax,rad,tan;mic)",vertical_misalignment,0.51mm,,https://www02.smt.ufrj.br/~offshore/mfs/page_01.html,documented,rotation 43.8272 Hz from filename
MAFAULDA,mafaulda_vertical-misalignment_0.51mm_45.2608,mafaulda_vertical-misalignment_0.51mm,mafaulda_bearings_healthy,mafaulda_vertical-misalignment_0.51mm,,data/raw_mafaulda/full/vertical-misalignment/0.51mm/45.2608.csv,vertical-misalignment,Misalignment_NON_BEARING,50000,5.0,250000,2715.648,,"8ch(tacho;uh_ax,rad,tan;oh_ax,rad,tan;mic)",vertical_misalignment,0.51mm,,https://www02.smt.ufrj.br/~offshore/mfs/page_01.html,documented,rotation 45.2608 Hz from filename
MAFAULDA,mafaulda_vertical-misalignment_0.51mm_45.8752,mafaulda_vertical-misalignment_0.51mm,mafaulda_bearings_healthy,mafaulda_vertical-misalignment_0.51mm,,data/raw_mafaulda/full/vertical-misalignment/0.51mm/45.8752.csv,vertical-misalignment,Misalignment_NON_BEARING,50000,5.0,250000,2752.512,,"8ch(tacho;uh_ax,rad,tan;oh_ax,rad,tan;mic)",vertical_misalignment,0.51mm,,https://www02.smt.ufrj.br/~offshore/mfs/page_01.html,documented,rotation 45.8752 Hz from filename
MAFAULDA,mafaulda_vertical-misalignment_0.51mm_47.3088,mafaulda_vertical-misalignment_0.51mm,mafaulda_bearings_healthy,mafaulda_vertical-misalignment_0.51mm,,data/raw_mafaulda/full/vertical-misalignment/0.51mm/47.3088.csv,vertical-misalignment,Misalignment_NON_BEARING,50000,5.0,250000,2838.528,,"8ch(tacho;uh_ax,rad,tan;oh_ax,rad,tan;mic)",vertical_misalignment,0.51mm,,https://www02.smt.ufrj.br/~offshore/mfs/page_01.html,documented,rotation 47.3088 Hz from filename
MAFAULDA,mafaulda_vertical-misalignment_0.51mm_48.128,mafaulda_vertical-misalignment_0.51mm,mafaulda_bearings_healthy,mafaulda_vertical-misalignment_0.51mm,,data/raw_mafaulda/full/vertical-misalignment/0.51mm/48.128.csv,vertical-misalignment,Misalignment_NON_BEARING,50000,5.0,250000,2887.68,,"8ch(tacho;uh_ax,rad,tan;oh_ax,rad,tan;mic)",vertical_misalignment,0.51mm,,https://www02.smt.ufrj.br/~offshore/mfs/page_01.html,documented,rotation 48.128 Hz from filename
MAFAULDA,mafaulda_vertical-misalignment_0.51mm_48.9472,mafaulda_vertical-misalignment_0.51mm,mafaulda_bearings_healthy,mafaulda_vertical-misalignment_0.51mm,,data/raw_mafaulda/full/vertical-misalignment/0.51mm/48.9472.csv,vertical-misalignment,Misalignment_NON_BEARING,50000,5.0,250000,2936.8320000000003,,"8ch(tacho;uh_ax,rad,tan;oh_ax,rad,tan;mic)",vertical_misalignment,0.51mm,,https://www02.smt.ufrj.br/~offshore/mfs/page_01.html,documented,rotation 48.9472 Hz from filename
MAFAULDA,mafaulda_vertical-misalignment_0.51mm_49.9712,mafaulda_vertical-misalignment_0.51mm,mafaulda_bearings_healthy,mafaulda_vertical-misalignment_0.51mm,,data/raw_mafaulda/full/vertical-misalignment/0.51mm/49.9712.csv,vertical-misalignment,Misalignment_NON_BEARING,50000,5.0,250000,2998.2720000000004,,"8ch(tacho;uh_ax,rad,tan;oh_ax,rad,tan;mic)",vertical_misalignment,0.51mm,,https://www02.smt.ufrj.br/~offshore/mfs/page_01.html,documented,rotation 49.9712 Hz from filename
MAFAULDA,mafaulda_vertical-misalignment_0.51mm_51.2,mafaulda_vertical-misalignment_0.51mm,mafaulda_bearings_healthy,mafaulda_vertical-misalignment_0.51mm,,data/raw_mafaulda/full/vertical-misalignment/0.51mm/51.2.csv,vertical-misalignment,Misalignment_NON_BEARING,50000,5.0,250000,3072.0,,"8ch(tacho;uh_ax,rad,tan;oh_ax,rad,tan;mic)",vertical_misalignment,0.51mm,,https://www02.smt.ufrj.br/~offshore/mfs/page_01.html,documented,rotation 51.2 Hz from filename
MAFAULDA,mafaulda_vertical-misalignment_0.51mm_52.8384,mafaulda_vertical-misalignment_0.51mm,mafaulda_bearings_healthy,mafaulda_vertical-misalignment_0.51mm,,data/raw_mafaulda/full/vertical-misalignment/0.51mm/52.8384.csv,vertical-misalignment,Misalignment_NON_BEARING,50000,5.0,250000,3170.304,,"8ch(tacho;uh_ax,rad,tan;oh_ax,rad,tan;mic)",vertical_misalignment,0.51mm,,https://www02.smt.ufrj.br/~offshore/mfs/page_01.html,documented,rotation 52.8384 Hz from filename
MAFAULDA,mafaulda_vertical-misalignment_0.51mm_53.6576,mafaulda_vertical-misalignment_0.51mm,mafaulda_bearings_healthy,mafaulda_vertical-misalignment_0.51mm,,data/raw_mafaulda/full/vertical-misalignment/0.51mm/53.6576.csv,vertical-misalignment,Misalignment_NON_BEARING,50000,5.0,250000,3219.456,,"8ch(tacho;uh_ax,rad,tan;oh_ax,rad,tan;mic)",vertical_misalignment,0.51mm,,https://www02.smt.ufrj.br/~offshore/mfs/page_01.html,documented,rotation 53.6576 Hz from filename
MAFAULDA,mafaulda_vertical-misalignment_0.51mm_54.4768,mafaulda_vertical-misalignment_0.51mm,mafaulda_bearings_healthy,mafaulda_vertical-misalignment_0.51mm,,data/raw_mafaulda/full/vertical-misalignment/0.51mm/54.4768.csv,vertical-misalignment,Misalignment_NON_BEARING,50000,5.0,250000,3268.6079999999997,,"8ch(tacho;uh_ax,rad,tan;oh_ax,rad,tan;mic)",vertical_misalignment,0.51mm,,https://www02.smt.ufrj.br/~offshore/mfs/page_01.html,documented,rotation 54.4768 Hz from filename
MAFAULDA,mafaulda_vertical-misalignment_0.51mm_55.5008,mafaulda_vertical-misalignment_0.51mm,mafaulda_bearings_healthy,mafaulda_vertical-misalignment_0.51mm,,data/raw_mafaulda/full/vertical-misalignment/0.51mm/55.5008.csv,vertical-misalignment,Misalignment_NON_BEARING,50000,5.0,250000,3330.048,,"8ch(tacho;uh_ax,rad,tan;oh_ax,rad,tan;mic)",vertical_misalignment,0.51mm,,https://www02.smt.ufrj.br/~offshore/mfs/page_01.html,documented,rotation 55.5008 Hz from filename
MAFAULDA,mafaulda_vertical-misalignment_0.51mm_56.7296,mafaulda_vertical-misalignment_0.51mm,mafaulda_bearings_healthy,mafaulda_vertical-misalignment_0.51mm,,data/raw_mafaulda/full/vertical-misalignment/0.51mm/56.7296.csv,vertical-misalignment,Misalignment_NON_BEARING,50000,5.0,250000,3403.776,,"8ch(tacho;uh_ax,rad,tan;oh_ax,rad,tan;mic)",vertical_misalignment,0.51mm,,https://www02.smt.ufrj.br/~offshore/mfs/page_01.html,documented,rotation 56.7296 Hz from filename
MAFAULDA,mafaulda_vertical-misalignment_0.51mm_57.1392,mafaulda_vertical-misalignment_0.51mm,mafaulda_bearings_healthy,mafaulda_vertical-misalignment_0.51mm,,data/raw_mafaulda/full/vertical-misalignment/0.51mm/57.1392.csv,vertical-misalignment,Misalignment_NON_BEARING,50000,5.0,250000,3428.3520000000003,,"8ch(tacho;uh_ax,rad,tan;oh_ax,rad,tan;mic)",vertical_misalignment,0.51mm,,https://www02.smt.ufrj.br/~offshore/mfs/page_01.html,documented,rotation 57.1392 Hz from filename
MAFAULDA,mafaulda_vertical-misalignment_0.51mm_58.368,mafaulda_vertical-misalignment_0.51mm,mafaulda_bearings_healthy,mafaulda_vertical-misalignment_0.51mm,,data/raw_mafaulda/full/vertical-misalignment/0.51mm/58.368.csv,vertical-misalignment,Misalignment_NON_BEARING,50000,5.0,250000,3502.08,,"8ch(tacho;uh_ax,rad,tan;oh_ax,rad,tan;mic)",vertical_misalignment,0.51mm,,https://www02.smt.ufrj.br/~offshore/mfs/page_01.html,documented,rotation 58.368 Hz from filename
MAFAULDA,mafaulda_vertical-misalignment_0.51mm_59.5968,mafaulda_vertical-misalignment_0.51mm,mafaulda_bearings_healthy,mafaulda_vertical-misalignment_0.51mm,,data/raw_mafaulda/full/vertical-misalignment/0.51mm/59.5968.csv,vertical-misalignment,Misalignment_NON_BEARING,50000,5.0,250000,3575.808,,"8ch(tacho;uh_ax,rad,tan;oh_ax,rad,tan;mic)",vertical_misalignment,0.51mm,,https://www02.smt.ufrj.br/~offshore/mfs/page_01.html,documented,rotation 59.5968 Hz from filename
MAFAULDA,mafaulda_vertical-misalignment_0.51mm_60.416,mafaulda_vertical-misalignment_0.51mm,mafaulda_bearings_healthy,mafaulda_vertical-misalignment_0.51mm,,data/raw_mafaulda/full/vertical-misalignment/0.51mm/60.416.csv,vertical-misalignment,Misalignment_NON_BEARING,50000,5.0,250000,3624.96,,"8ch(tacho;uh_ax,rad,tan;oh_ax,rad,tan;mic)",vertical_misalignment,0.51mm,,https://www02.smt.ufrj.br/~offshore/mfs/page_01.html,documented,rotation 60.416 Hz from filename
MAFAULDA,mafaulda_vertical-misalignment_0.51mm_61.2352,mafaulda_vertical-misalignment_0.51mm,mafaulda_bearings_healthy,mafaulda_vertical-misalignment_0.51mm,,data/raw_mafaulda/full/vertical-misalignment/0.51mm/61.2352.csv,vertical-misalignment,Misalignment_NON_BEARING,50000,5.0,250000,3674.112,,"8ch(tacho;uh_ax,rad,tan;oh_ax,rad,tan;mic)",vertical_misalignment,0.51mm,,https://www02.smt.ufrj.br/~offshore/mfs/page_01.html,documented,rotation 61.2352 Hz from filename
MAFAULDA,mafaulda_vertical-misalignment_0.51mm_61.6448,mafaulda_vertical-misalignment_0.51mm,mafaulda_bearings_healthy,mafaulda_vertical-misalignment_0.51mm,,data/raw_mafaulda/full/vertical-misalignment/0.51mm/61.6448.csv,vertical-misalignment,Misalignment_NON_BEARING,50000,5.0,250000,3698.6879999999996,,"8ch(tacho;uh_ax,rad,tan;oh_ax,rad,tan;mic)",vertical_misalignment,0.51mm,,https://www02.smt.ufrj.br/~offshore/mfs/page_01.html,documented,rotation 61.6448 Hz from filename
MAFAULDA,mafaulda_vertical-misalignment_0.63mm_12.4928,mafaulda_vertical-misalignment_0.63mm,mafaulda_bearings_healthy,mafaulda_vertical-misalignment_0.63mm,,data/raw_mafaulda/full/vertical-misalignment/0.63mm/12.4928.csv,vertical-misalignment,Misalignment_NON_BEARING,50000,5.0,250000,749.5680000000001,,"8ch(tacho;uh_ax,rad,tan;oh_ax,rad,tan;mic)",vertical_misalignment,0.63mm,,https://www02.smt.ufrj.br/~offshore/mfs/page_01.html,documented,rotation 12.4928 Hz from filename
MAFAULDA,mafaulda_vertical-misalignment_0.63mm_13.312,mafaulda_vertical-misalignment_0.63mm,mafaulda_bearings_healthy,mafaulda_vertical-misalignment_0.63mm,,data/raw_mafaulda/full/vertical-misalignment/0.63mm/13.312.csv,vertical-misalignment,Misalignment_NON_BEARING,50000,5.0,250000,798.7199999999999,,"8ch(tacho;uh_ax,rad,tan;oh_ax,rad,tan;mic)",vertical_misalignment,0.63mm,,https://www02.smt.ufrj.br/~offshore/mfs/page_01.html,documented,rotation 13.312 Hz from filename
MAFAULDA,mafaulda_vertical-misalignment_0.63mm_14.1312,mafaulda_vertical-misalignment_0.63mm,mafaulda_bearings_healthy,mafaulda_vertical-misalignment_0.63mm,,data/raw_mafaulda/full/vertical-misalignment/0.63mm/14.1312.csv,vertical-misalignment,Misalignment_NON_BEARING,50000,5.0,250000,847.872,,"8ch(tacho;uh_ax,rad,tan;oh_ax,rad,tan;mic)",vertical_misalignment,0.63mm,,https://www02.smt.ufrj.br/~offshore/mfs/page_01.html,documented,rotation 14.1312 Hz from filename
MAFAULDA,mafaulda_vertical-misalignment_0.63mm_15.36,mafaulda_vertical-misalignment_0.63mm,mafaulda_bearings_healthy,mafaulda_vertical-misalignment_0.63mm,,data/raw_mafaulda/full/vertical-misalignment/0.63mm/15.36.csv,vertical-misalignment,Misalignment_NON_BEARING,50000,5.0,250000,921.5999999999999,,"8ch(tacho;uh_ax,rad,tan;oh_ax,rad,tan;mic)",vertical_misalignment,0.63mm,,https://www02.smt.ufrj.br/~offshore/mfs/page_01.html,documented,rotation 15.36 Hz from filename
MAFAULDA,mafaulda_vertical-misalignment_0.63mm_16.7936,mafaulda_vertical-misalignment_0.63mm,mafaulda_bearings_healthy,mafaulda_vertical-misalignment_0.63mm,,data/raw_mafaulda/full/vertical-misalignment/0.63mm/16.7936.csv,vertical-misalignment,Misalignment_NON_BEARING,50000,5.0,250000,1007.6160000000001,,"8ch(tacho;uh_ax,rad,tan;oh_ax,rad,tan;mic)",vertical_misalignment,0.63mm,,https://www02.smt.ufrj.br/~offshore/mfs/page_01.html,documented,rotation 16.7936 Hz from filename
MAFAULDA,mafaulda_vertical-misalignment_0.63mm_18.0224,mafaulda_vertical-misalignment_0.63mm,mafaulda_bearings_healthy,mafaulda_vertical-misalignment_0.63mm,,data/raw_mafaulda/full/vertical-misalignment/0.63mm/18.0224.csv,vertical-misalignment,Misalignment_NON_BEARING,50000,5.0,250000,1081.344,,"8ch(tacho;uh_ax,rad,tan;oh_ax,rad,tan;mic)",vertical_misalignment,0.63mm,,https://www02.smt.ufrj.br/~offshore/mfs/page_01.html,documented,rotation 18.0224 Hz from filename
MAFAULDA,mafaulda_vertical-misalignment_0.63mm_18.8416,mafaulda_vertical-misalignment_0.63mm,mafaulda_bearings_healthy,mafaulda_vertical-misalignment_0.63mm,,data/raw_mafaulda/full/vertical-misalignment/0.63mm/18.8416.csv,vertical-misalignment,Misalignment_NON_BEARING,50000,5.0,250000,1130.496,,"8ch(tacho;uh_ax,rad,tan;oh_ax,rad,tan;mic)",vertical_misalignment,0.63mm,,https://www02.smt.ufrj.br/~offshore/mfs/page_01.html,documented,rotation 18.8416 Hz from filename
MAFAULDA,mafaulda_vertical-misalignment_0.63mm_20.0704,mafaulda_vertical-misalignment_0.63mm,mafaulda_bearings_healthy,mafaulda_vertical-misalignment_0.63mm,,data/raw_mafaulda/full/vertical-misalignment/0.63mm/20.0704.csv,vertical-misalignment,Misalignment_NON_BEARING,50000,5.0,250000,1204.224,,"8ch(tacho;uh_ax,rad,tan;oh_ax,rad,tan;mic)",vertical_misalignment,0.63mm,,https://www02.smt.ufrj.br/~offshore/mfs/page_01.html,documented,rotation 20.0704 Hz from filename
MAFAULDA,mafaulda_vertical-misalignment_0.63mm_20.48,mafaulda_vertical-misalignment_0.63mm,mafaulda_bearings_healthy,mafaulda_vertical-misalignment_0.63mm,,data/raw_mafaulda/full/vertical-misalignment/0.63mm/20.48.csv,vertical-misalignment,Misalignment_NON_BEARING,50000,5.0,250000,1228.8,,"8ch(tacho;uh_ax,rad,tan;oh_ax,rad,tan;mic)",vertical_misalignment,0.63mm,,https://www02.smt.ufrj.br/~offshore/mfs/page_01.html,documented,rotation 20.48 Hz from filename
MAFAULDA,mafaulda_vertical-misalignment_0.63mm_21.9136,mafaulda_vertical-misalignment_0.63mm,mafaulda_bearings_healthy,mafaulda_vertical-misalignment_0.63mm,,data/raw_mafaulda/full/vertical-misalignment/0.63mm/21.9136.csv,vertical-misalignment,Misalignment_NON_BEARING,50000,5.0,250000,1314.816,,"8ch(tacho;uh_ax,rad,tan;oh_ax,rad,tan;mic)",vertical_misalignment,0.63mm,,https://www02.smt.ufrj.br/~offshore/mfs/page_01.html,documented,rotation 21.9136 Hz from filename
MAFAULDA,mafaulda_vertical-misalignment_0.63mm_22.528,mafaulda_vertical-misalignment_0.63mm,mafaulda_bearings_healthy,mafaulda_vertical-misalignment_0.63mm,,data/raw_mafaulda/full/vertical-misalignment/0.63mm/22.528.csv,vertical-misalignment,Misalignment_NON_BEARING,50000,5.0,250000,1351.6799999999998,,"8ch(tacho;uh_ax,rad,tan;oh_ax,rad,tan;mic)",vertical_misalignment,0.63mm,,https://www02.smt.ufrj.br/~offshore/mfs/page_01.html,documented,rotation 22.528 Hz from filename
MAFAULDA,mafaulda_vertical-misalignment_0.63mm_23.3472,mafaulda_vertical-misalignment_0.63mm,mafaulda_bearings_healthy,mafaulda_vertical-misalignment_0.63mm,,data/raw_mafaulda/full/vertical-misalignment/0.63mm/23.3472.csv,vertical-misalignment,Misalignment_NON_BEARING,50000,5.0,250000,1400.832,,"8ch(tacho;uh_ax,rad,tan;oh_ax,rad,tan;mic)",vertical_misalignment,0.63mm,,https://www02.smt.ufrj.br/~offshore/mfs/page_01.html,documented,rotation 23.3472 Hz from filename
MAFAULDA,mafaulda_vertical-misalignment_0.63mm_24.576,mafaulda_vertical-misalignment_0.63mm,mafaulda_bearings_healthy,mafaulda_vertical-misalignment_0.63mm,,data/raw_mafaulda/full/vertical-misalignment/0.63mm/24.576.csv,vertical-misalignment,Misalignment_NON_BEARING,50000,5.0,250000,1474.56,,"8ch(tacho;uh_ax,rad,tan;oh_ax,rad,tan;mic)",vertical_misalignment,0.63mm,,https://www02.smt.ufrj.br/~offshore/mfs/page_01.html,documented,rotation 24.576 Hz from filename
MAFAULDA,mafaulda_vertical-misalignment_0.63mm_25.6,mafaulda_vertical-misalignment_0.63mm,mafaulda_bearings_healthy,mafaulda_vertical-misalignment_0.63mm,,data/raw_mafaulda/full/vertical-misalignment/0.63mm/25.6.csv,vertical-misalignment,Misalignment_NON_BEARING,50000,5.0,250000,1536.0,,"8ch(tacho;uh_ax,rad,tan;oh_ax,rad,tan;mic)",vertical_misalignment,0.63mm,,https://www02.smt.ufrj.br/~offshore/mfs/page_01.html,documented,rotation 25.6 Hz from filename
MAFAULDA,mafaulda_vertical-misalignment_0.63mm_26.8288,mafaulda_vertical-misalignment_0.63mm,mafaulda_bearings_healthy,mafaulda_vertical-misalignment_0.63mm,,data/raw_mafaulda/full/vertical-misalignment/0.63mm/26.8288.csv,vertical-misalignment,Misalignment_NON_BEARING,50000,5.0,250000,1609.728,,"8ch(tacho;uh_ax,rad,tan;oh_ax,rad,tan;mic)",vertical_misalignment,0.63mm,,https://www02.smt.ufrj.br/~offshore/mfs/page_01.html,documented,rotation 26.8288 Hz from filename
MAFAULDA,mafaulda_vertical-misalignment_0.63mm_27.8528,mafaulda_vertical-misalignment_0.63mm,mafaulda_bearings_healthy,mafaulda_vertical-misalignment_0.63mm,,data/raw_mafaulda/full/vertical-misalignment/0.63mm/27.8528.csv,vertical-misalignment,Misalignment_NON_BEARING,50000,5.0,250000,1671.168,,"8ch(tacho;uh_ax,rad,tan;oh_ax,rad,tan;mic)",vertical_misalignment,0.63mm,,https://www02.smt.ufrj.br/~offshore/mfs/page_01.html,documented,rotation 27.8528 Hz from filename
MAFAULDA,mafaulda_vertical-misalignment_0.63mm_28.672,mafaulda_vertical-misalignment_0.63mm,mafaulda_bearings_healthy,mafaulda_vertical-misalignment_0.63mm,,data/raw_mafaulda/full/vertical-misalignment/0.63mm/28.672.csv,vertical-misalignment,Misalignment_NON_BEARING,50000,5.0,250000,1720.32,,"8ch(tacho;uh_ax,rad,tan;oh_ax,rad,tan;mic)",vertical_misalignment,0.63mm,,https://www02.smt.ufrj.br/~offshore/mfs/page_01.html,documented,rotation 28.672 Hz from filename
MAFAULDA,mafaulda_vertical-misalignment_0.63mm_29.0816,mafaulda_vertical-misalignment_0.63mm,mafaulda_bearings_healthy,mafaulda_vertical-misalignment_0.63mm,,data/raw_mafaulda/full/vertical-misalignment/0.63mm/29.0816.csv,vertical-misalignment,Misalignment_NON_BEARING,50000,5.0,250000,1744.8960000000002,,"8ch(tacho;uh_ax,rad,tan;oh_ax,rad,tan;mic)",vertical_misalignment,0.63mm,,https://www02.smt.ufrj.br/~offshore/mfs/page_01.html,documented,rotation 29.0816 Hz from filename
MAFAULDA,mafaulda_vertical-misalignment_0.63mm_30.5152,mafaulda_vertical-misalignment_0.63mm,mafaulda_bearings_healthy,mafaulda_vertical-misalignment_0.63mm,,data/raw_mafaulda/full/vertical-misalignment/0.63mm/30.5152.csv,vertical-misalignment,Misalignment_NON_BEARING,50000,5.0,250000,1830.912,,"8ch(tacho;uh_ax,rad,tan;oh_ax,rad,tan;mic)",vertical_misalignment,0.63mm,,https://www02.smt.ufrj.br/~offshore/mfs/page_01.html,documented,rotation 30.5152 Hz from filename
MAFAULDA,mafaulda_vertical-misalignment_0.63mm_31.1296,mafaulda_vertical-misalignment_0.63mm,mafaulda_bearings_healthy,mafaulda_vertical-misalignment_0.63mm,,data/raw_mafaulda/full/vertical-misalignment/0.63mm/31.1296.csv,vertical-misalignment,Misalignment_NON_BEARING,50000,5.0,250000,1867.776,,"8ch(tacho;uh_ax,rad,tan;oh_ax,rad,tan;mic)",vertical_misalignment,0.63mm,,https://www02.smt.ufrj.br/~offshore/mfs/page_01.html,documented,rotation 31.1296 Hz from filename
MAFAULDA,mafaulda_vertical-misalignment_0.63mm_32.768,mafaulda_vertical-misalignment_0.63mm,mafaulda_bearings_healthy,mafaulda_vertical-misalignment_0.63mm,,data/raw_mafaulda/full/vertical-misalignment/0.63mm/32.768.csv,vertical-misalignment,Misalignment_NON_BEARING,50000,5.0,250000,1966.08,,"8ch(tacho;uh_ax,rad,tan;oh_ax,rad,tan;mic)",vertical_misalignment,0.63mm,,https://www02.smt.ufrj.br/~offshore/mfs/page_01.html,documented,rotation 32.768 Hz from filename
MAFAULDA,mafaulda_vertical-misalignment_0.63mm_33.5872,mafaulda_vertical-misalignment_0.63mm,mafaulda_bearings_healthy,mafaulda_vertical-misalignment_0.63mm,,data/raw_mafaulda/full/vertical-misalignment/0.63mm/33.5872.csv,vertical-misalignment,Misalignment_NON_BEARING,50000,5.0,250000,2015.2320000000002,,"8ch(tacho;uh_ax,rad,tan;oh_ax,rad,tan;mic)",vertical_misalignment,0.63mm,,https://www02.smt.ufrj.br/~offshore/mfs/page_01.html,documented,rotation 33.5872 Hz from filename
MAFAULDA,mafaulda_vertical-misalignment_0.63mm_34.2016,mafaulda_vertical-misalignment_0.63mm,mafaulda_bearings_healthy,mafaulda_vertical-misalignment_0.63mm,,data/raw_mafaulda/full/vertical-misalignment/0.63mm/34.2016.csv,vertical-misalignment,Misalignment_NON_BEARING,50000,5.0,250000,2052.096,,"8ch(tacho;uh_ax,rad,tan;oh_ax,rad,tan;mic)",vertical_misalignment,0.63mm,,https://www02.smt.ufrj.br/~offshore/mfs/page_01.html,documented,rotation 34.2016 Hz from filename
MAFAULDA,mafaulda_vertical-misalignment_0.63mm_35.0208,mafaulda_vertical-misalignment_0.63mm,mafaulda_bearings_healthy,mafaulda_vertical-misalignment_0.63mm,,data/raw_mafaulda/full/vertical-misalignment/0.63mm/35.0208.csv,vertical-misalignment,Misalignment_NON_BEARING,50000,5.0,250000,2101.248,,"8ch(tacho;uh_ax,rad,tan;oh_ax,rad,tan;mic)",vertical_misalignment,0.63mm,,https://www02.smt.ufrj.br/~offshore/mfs/page_01.html,documented,rotation 35.0208 Hz from filename
MAFAULDA,mafaulda_vertical-misalignment_0.63mm_36.6592,mafaulda_vertical-misalignment_0.63mm,mafaulda_bearings_healthy,mafaulda_vertical-misalignment_0.63mm,,data/raw_mafaulda/full/vertical-misalignment/0.63mm/36.6592.csv,vertical-misalignment,Misalignment_NON_BEARING,50000,5.0,250000,2199.5519999999997,,"8ch(tacho;uh_ax,rad,tan;oh_ax,rad,tan;mic)",vertical_misalignment,0.63mm,,https://www02.smt.ufrj.br/~offshore/mfs/page_01.html,documented,rotation 36.6592 Hz from filename
MAFAULDA,mafaulda_vertical-misalignment_0.63mm_37.2736,mafaulda_vertical-misalignment_0.63mm,mafaulda_bearings_healthy,mafaulda_vertical-misalignment_0.63mm,,data/raw_mafaulda/full/vertical-misalignment/0.63mm/37.2736.csv,vertical-misalignment,Misalignment_NON_BEARING,50000,5.0,250000,2236.416,,"8ch(tacho;uh_ax,rad,tan;oh_ax,rad,tan;mic)",vertical_misalignment,0.63mm,,https://www02.smt.ufrj.br/~offshore/mfs/page_01.html,documented,rotation 37.2736 Hz from filename
MAFAULDA,mafaulda_vertical-misalignment_0.63mm_38.7072,mafaulda_vertical-misalignment_0.63mm,mafaulda_bearings_healthy,mafaulda_vertical-misalignment_0.63mm,,data/raw_mafaulda/full/vertical-misalignment/0.63mm/38.7072.csv,vertical-misalignment,Misalignment_NON_BEARING,50000,5.0,250000,2322.432,,"8ch(tacho;uh_ax,rad,tan;oh_ax,rad,tan;mic)",vertical_misalignment,0.63mm,,https://www02.smt.ufrj.br/~offshore/mfs/page_01.html,documented,rotation 38.7072 Hz from filename
MAFAULDA,mafaulda_vertical-misalignment_0.63mm_39.7312,mafaulda_vertical-misalignment_0.63mm,mafaulda_bearings_healthy,mafaulda_vertical-misalignment_0.63mm,,data/raw_mafaulda/full/vertical-misalignment/0.63mm/39.7312.csv,vertical-misalignment,Misalignment_NON_BEARING,50000,5.0,250000,2383.8720000000003,,"8ch(tacho;uh_ax,rad,tan;oh_ax,rad,tan;mic)",vertical_misalignment,0.63mm,,https://www02.smt.ufrj.br/~offshore/mfs/page_01.html,documented,rotation 39.7312 Hz from filename
MAFAULDA,mafaulda_vertical-misalignment_0.63mm_40.3456,mafaulda_vertical-misalignment_0.63mm,mafaulda_bearings_healthy,mafaulda_vertical-misalignment_0.63mm,,data/raw_mafaulda/full/vertical-misalignment/0.63mm/40.3456.csv,vertical-misalignment,Misalignment_NON_BEARING,50000,5.0,250000,2420.736,,"8ch(tacho;uh_ax,rad,tan;oh_ax,rad,tan;mic)",vertical_misalignment,0.63mm,,https://www02.smt.ufrj.br/~offshore/mfs/page_01.html,documented,rotation 40.3456 Hz from filename
MAFAULDA,mafaulda_vertical-misalignment_0.63mm_41.3696,mafaulda_vertical-misalignment_0.63mm,mafaulda_bearings_healthy,mafaulda_vertical-misalignment_0.63mm,,data/raw_mafaulda/full/vertical-misalignment/0.63mm/41.3696.csv,vertical-misalignment,Misalignment_NON_BEARING,50000,5.0,250000,2482.176,,"8ch(tacho;uh_ax,rad,tan;oh_ax,rad,tan;mic)",vertical_misalignment,0.63mm,,https://www02.smt.ufrj.br/~offshore/mfs/page_01.html,documented,rotation 41.3696 Hz from filename
MAFAULDA,mafaulda_vertical-misalignment_0.63mm_42.3936,mafaulda_vertical-misalignment_0.63mm,mafaulda_bearings_healthy,mafaulda_vertical-misalignment_0.63mm,,data/raw_mafaulda/full/vertical-misalignment/0.63mm/42.3936.csv,vertical-misalignment,Misalignment_NON_BEARING,50000,5.0,250000,2543.616,,"8ch(tacho;uh_ax,rad,tan;oh_ax,rad,tan;mic)",vertical_misalignment,0.63mm,,https://www02.smt.ufrj.br/~offshore/mfs/page_01.html,documented,rotation 42.3936 Hz from filename
MAFAULDA,mafaulda_vertical-misalignment_0.63mm_43.008,mafaulda_vertical-misalignment_0.63mm,mafaulda_bearings_healthy,mafaulda_vertical-misalignment_0.63mm,,data/raw_mafaulda/full/vertical-misalignment/0.63mm/43.008.csv,vertical-misalignment,Misalignment_NON_BEARING,50000,5.0,250000,2580.48,,"8ch(tacho;uh_ax,rad,tan;oh_ax,rad,tan;mic)",vertical_misalignment,0.63mm,,https://www02.smt.ufrj.br/~offshore/mfs/page_01.html,documented,rotation 43.008 Hz from filename
MAFAULDA,mafaulda_vertical-misalignment_0.63mm_44.4416,mafaulda_vertical-misalignment_0.63mm,mafaulda_bearings_healthy,mafaulda_vertical-misalignment_0.63mm,,data/raw_mafaulda/full/vertical-misalignment/0.63mm/44.4416.csv,vertical-misalignment,Misalignment_NON_BEARING,50000,5.0,250000,2666.496,,"8ch(tacho;uh_ax,rad,tan;oh_ax,rad,tan;mic)",vertical_misalignment,0.63mm,,https://www02.smt.ufrj.br/~offshore/mfs/page_01.html,documented,rotation 44.4416 Hz from filename
MAFAULDA,mafaulda_vertical-misalignment_0.63mm_45.2608,mafaulda_vertical-misalignment_0.63mm,mafaulda_bearings_healthy,mafaulda_vertical-misalignment_0.63mm,,data/raw_mafaulda/full/vertical-misalignment/0.63mm/45.2608.csv,vertical-misalignment,Misalignment_NON_BEARING,50000,5.0,250000,2715.648,,"8ch(tacho;uh_ax,rad,tan;oh_ax,rad,tan;mic)",vertical_misalignment,0.63mm,,https://www02.smt.ufrj.br/~offshore/mfs/page_01.html,documented,rotation 45.2608 Hz from filename
MAFAULDA,mafaulda_vertical-misalignment_0.63mm_46.4896,mafaulda_vertical-misalignment_0.63mm,mafaulda_bearings_healthy,mafaulda_vertical-misalignment_0.63mm,,data/raw_mafaulda/full/vertical-misalignment/0.63mm/46.4896.csv,vertical-misalignment,Misalignment_NON_BEARING,50000,5.0,250000,2789.376,,"8ch(tacho;uh_ax,rad,tan;oh_ax,rad,tan;mic)",vertical_misalignment,0.63mm,,https://www02.smt.ufrj.br/~offshore/mfs/page_01.html,documented,rotation 46.4896 Hz from filename
MAFAULDA,mafaulda_vertical-misalignment_0.63mm_47.3088,mafaulda_vertical-misalignment_0.63mm,mafaulda_bearings_healthy,mafaulda_vertical-misalignment_0.63mm,,data/raw_mafaulda/full/vertical-misalignment/0.63mm/47.3088.csv,vertical-misalignment,Misalignment_NON_BEARING,50000,5.0,250000,2838.528,,"8ch(tacho;uh_ax,rad,tan;oh_ax,rad,tan;mic)",vertical_misalignment,0.63mm,,https://www02.smt.ufrj.br/~offshore/mfs/page_01.html,documented,rotation 47.3088 Hz from filename
MAFAULDA,mafaulda_vertical-misalignment_0.63mm_47.9232,mafaulda_vertical-misalignment_0.63mm,mafaulda_bearings_healthy,mafaulda_vertical-misalignment_0.63mm,,data/raw_mafaulda/full/vertical-misalignment/0.63mm/47.9232.csv,vertical-misalignment,Misalignment_NON_BEARING,50000,5.0,250000,2875.3920000000003,,"8ch(tacho;uh_ax,rad,tan;oh_ax,rad,tan;mic)",vertical_misalignment,0.63mm,,https://www02.smt.ufrj.br/~offshore/mfs/page_01.html,documented,rotation 47.9232 Hz from filename
MAFAULDA,mafaulda_vertical-misalignment_0.63mm_49.5616,mafaulda_vertical-misalignment_0.63mm,mafaulda_bearings_healthy,mafaulda_vertical-misalignment_0.63mm,,data/raw_mafaulda/full/vertical-misalignment/0.63mm/49.5616.csv,vertical-misalignment,Misalignment_NON_BEARING,50000,5.0,250000,2973.696,,"8ch(tacho;uh_ax,rad,tan;oh_ax,rad,tan;mic)",vertical_misalignment,0.63mm,,https://www02.smt.ufrj.br/~offshore/mfs/page_01.html,documented,rotation 49.5616 Hz from filename
MAFAULDA,mafaulda_vertical-misalignment_0.63mm_49.9712,mafaulda_vertical-misalignment_0.63mm,mafaulda_bearings_healthy,mafaulda_vertical-misalignment_0.63mm,,data/raw_mafaulda/full/vertical-misalignment/0.63mm/49.9712.csv,vertical-misalignment,Misalignment_NON_BEARING,50000,5.0,250000,2998.2720000000004,,"8ch(tacho;uh_ax,rad,tan;oh_ax,rad,tan;mic)",vertical_misalignment,0.63mm,,https://www02.smt.ufrj.br/~offshore/mfs/page_01.html,documented,rotation 49.9712 Hz from filename
MAFAULDA,mafaulda_vertical-misalignment_0.63mm_51.2,mafaulda_vertical-misalignment_0.63mm,mafaulda_bearings_healthy,mafaulda_vertical-misalignment_0.63mm,,data/raw_mafaulda/full/vertical-misalignment/0.63mm/51.2.csv,vertical-misalignment,Misalignment_NON_BEARING,50000,5.0,250000,3072.0,,"8ch(tacho;uh_ax,rad,tan;oh_ax,rad,tan;mic)",vertical_misalignment,0.63mm,,https://www02.smt.ufrj.br/~offshore/mfs/page_01.html,documented,rotation 51.2 Hz from filename
MAFAULDA,mafaulda_vertical-misalignment_0.63mm_52.224,mafaulda_vertical-misalignment_0.63mm,mafaulda_bearings_healthy,mafaulda_vertical-misalignment_0.63mm,,data/raw_mafaulda/full/vertical-misalignment/0.63mm/52.224.csv,vertical-misalignment,Misalignment_NON_BEARING,50000,5.0,250000,3133.4399999999996,,"8ch(tacho;uh_ax,rad,tan;oh_ax,rad,tan;mic)",vertical_misalignment,0.63mm,,https://www02.smt.ufrj.br/~offshore/mfs/page_01.html,documented,rotation 52.224 Hz from filename
MAFAULDA,mafaulda_vertical-misalignment_0.63mm_53.248,mafaulda_vertical-misalignment_0.63mm,mafaulda_bearings_healthy,mafaulda_vertical-misalignment_0.63mm,,data/raw_mafaulda/full/vertical-misalignment/0.63mm/53.248.csv,vertical-misalignment,Misalignment_NON_BEARING,50000,5.0,250000,3194.8799999999997,,"8ch(tacho;uh_ax,rad,tan;oh_ax,rad,tan;mic)",vertical_misalignment,0.63mm,,https://www02.smt.ufrj.br/~offshore/mfs/page_01.html,documented,rotation 53.248 Hz from filename
MAFAULDA,mafaulda_vertical-misalignment_0.63mm_54.0672,mafaulda_vertical-misalignment_0.63mm,mafaulda_bearings_healthy,mafaulda_vertical-misalignment_0.63mm,,data/raw_mafaulda/full/vertical-misalignment/0.63mm/54.0672.csv,vertical-misalignment,Misalignment_NON_BEARING,50000,5.0,250000,3244.032,,"8ch(tacho;uh_ax,rad,tan;oh_ax,rad,tan;mic)",vertical_misalignment,0.63mm,,https://www02.smt.ufrj.br/~offshore/mfs/page_01.html,documented,rotation 54.0672 Hz from filename
MAFAULDA,mafaulda_vertical-misalignment_0.63mm_55.296,mafaulda_vertical-misalignment_0.63mm,mafaulda_bearings_healthy,mafaulda_vertical-misalignment_0.63mm,,data/raw_mafaulda/full/vertical-misalignment/0.63mm/55.296.csv,vertical-misalignment,Misalignment_NON_BEARING,50000,5.0,250000,3317.7599999999998,,"8ch(tacho;uh_ax,rad,tan;oh_ax,rad,tan;mic)",vertical_misalignment,0.63mm,,https://www02.smt.ufrj.br/~offshore/mfs/page_01.html,documented,rotation 55.296 Hz from filename
MAFAULDA,mafaulda_vertical-misalignment_0.63mm_56.5248,mafaulda_vertical-misalignment_0.63mm,mafaulda_bearings_healthy,mafaulda_vertical-misalignment_0.63mm,,data/raw_mafaulda/full/vertical-misalignment/0.63mm/56.5248.csv,vertical-misalignment,Misalignment_NON_BEARING,50000,5.0,250000,3391.488,,"8ch(tacho;uh_ax,rad,tan;oh_ax,rad,tan;mic)",vertical_misalignment,0.63mm,,https://www02.smt.ufrj.br/~offshore/mfs/page_01.html,documented,rotation 56.5248 Hz from filename
MAFAULDA,mafaulda_vertical-misalignment_0.63mm_57.5488,mafaulda_vertical-misalignment_0.63mm,mafaulda_bearings_healthy,mafaulda_vertical-misalignment_0.63mm,,data/raw_mafaulda/full/vertical-misalignment/0.63mm/57.5488.csv,vertical-misalignment,Misalignment_NON_BEARING,50000,5.0,250000,3452.928,,"8ch(tacho;uh_ax,rad,tan;oh_ax,rad,tan;mic)",vertical_misalignment,0.63mm,,https://www02.smt.ufrj.br/~offshore/mfs/page_01.html,documented,rotation 57.5488 Hz from filename
MAFAULDA,mafaulda_vertical-misalignment_0.63mm_58.5728,mafaulda_vertical-misalignment_0.63mm,mafaulda_bearings_healthy,mafaulda_vertical-misalignment_0.63mm,,data/raw_mafaulda/full/vertical-misalignment/0.63mm/58.5728.csv,vertical-misalignment,Misalignment_NON_BEARING,50000,5.0,250000,3514.368,,"8ch(tacho;uh_ax,rad,tan;oh_ax,rad,tan;mic)",vertical_misalignment,0.63mm,,https://www02.smt.ufrj.br/~offshore/mfs/page_01.html,documented,rotation 58.5728 Hz from filename
MAFAULDA,mafaulda_vertical-misalignment_0.63mm_60.0064,mafaulda_vertical-misalignment_0.63mm,mafaulda_bearings_healthy,mafaulda_vertical-misalignment_0.63mm,,data/raw_mafaulda/full/vertical-misalignment/0.63mm/60.0064.csv,vertical-misalignment,Misalignment_NON_BEARING,50000,5.0,250000,3600.384,,"8ch(tacho;uh_ax,rad,tan;oh_ax,rad,tan;mic)",vertical_misalignment,0.63mm,,https://www02.smt.ufrj.br/~offshore/mfs/page_01.html,documented,rotation 60.0064 Hz from filename
MAFAULDA,mafaulda_vertical-misalignment_0.63mm_60.8256,mafaulda_vertical-misalignment_0.63mm,mafaulda_bearings_healthy,mafaulda_vertical-misalignment_0.63mm,,data/raw_mafaulda/full/vertical-misalignment/0.63mm/60.8256.csv,vertical-misalignment,Misalignment_NON_BEARING,50000,5.0,250000,3649.536,,"8ch(tacho;uh_ax,rad,tan;oh_ax,rad,tan;mic)",vertical_misalignment,0.63mm,,https://www02.smt.ufrj.br/~offshore/mfs/page_01.html,documented,rotation 60.8256 Hz from filename
MAFAULDA,mafaulda_vertical-misalignment_0.63mm_61.8496,mafaulda_vertical-misalignment_0.63mm,mafaulda_bearings_healthy,mafaulda_vertical-misalignment_0.63mm,,data/raw_mafaulda/full/vertical-misalignment/0.63mm/61.8496.csv,vertical-misalignment,Misalignment_NON_BEARING,50000,5.0,250000,3710.976,,"8ch(tacho;uh_ax,rad,tan;oh_ax,rad,tan;mic)",vertical_misalignment,0.63mm,,https://www02.smt.ufrj.br/~offshore/mfs/page_01.html,documented,rotation 61.8496 Hz from filename
MAFAULDA,mafaulda_vertical-misalignment_1.27mm_12.0832,mafaulda_vertical-misalignment_1.27mm,mafaulda_bearings_healthy,mafaulda_vertical-misalignment_1.27mm,,data/raw_mafaulda/full/vertical-misalignment/1.27mm/12.0832.csv,vertical-misalignment,Misalignment_NON_BEARING,50000,5.0,250000,724.992,,"8ch(tacho;uh_ax,rad,tan;oh_ax,rad,tan;mic)",vertical_misalignment,1.27mm,,https://www02.smt.ufrj.br/~offshore/mfs/page_01.html,documented,rotation 12.0832 Hz from filename
MAFAULDA,mafaulda_vertical-misalignment_1.27mm_13.7216,mafaulda_vertical-misalignment_1.27mm,mafaulda_bearings_healthy,mafaulda_vertical-misalignment_1.27mm,,data/raw_mafaulda/full/vertical-misalignment/1.27mm/13.7216.csv,vertical-misalignment,Misalignment_NON_BEARING,50000,5.0,250000,823.296,,"8ch(tacho;uh_ax,rad,tan;oh_ax,rad,tan;mic)",vertical_misalignment,1.27mm,,https://www02.smt.ufrj.br/~offshore/mfs/page_01.html,documented,rotation 13.7216 Hz from filename
MAFAULDA,mafaulda_vertical-misalignment_1.27mm_14.9504,mafaulda_vertical-misalignment_1.27mm,mafaulda_bearings_healthy,mafaulda_vertical-misalignment_1.27mm,,data/raw_mafaulda/full/vertical-misalignment/1.27mm/14.9504.csv,vertical-misalignment,Misalignment_NON_BEARING,50000,5.0,250000,897.024,,"8ch(tacho;uh_ax,rad,tan;oh_ax,rad,tan;mic)",vertical_misalignment,1.27mm,,https://www02.smt.ufrj.br/~offshore/mfs/page_01.html,documented,rotation 14.9504 Hz from filename
MAFAULDA,mafaulda_vertical-misalignment_1.27mm_15.36,mafaulda_vertical-misalignment_1.27mm,mafaulda_bearings_healthy,mafaulda_vertical-misalignment_1.27mm,,data/raw_mafaulda/full/vertical-misalignment/1.27mm/15.36.csv,vertical-misalignment,Misalignment_NON_BEARING,50000,5.0,250000,921.5999999999999,,"8ch(tacho;uh_ax,rad,tan;oh_ax,rad,tan;mic)",vertical_misalignment,1.27mm,,https://www02.smt.ufrj.br/~offshore/mfs/page_01.html,documented,rotation 15.36 Hz from filename
MAFAULDA,mafaulda_vertical-misalignment_1.27mm_17.2032,mafaulda_vertical-misalignment_1.27mm,mafaulda_bearings_healthy,mafaulda_vertical-misalignment_1.27mm,,data/raw_mafaulda/full/vertical-misalignment/1.27mm/17.2032.csv,vertical-misalignment,Misalignment_NON_BEARING,50000,5.0,250000,1032.192,,"8ch(tacho;uh_ax,rad,tan;oh_ax,rad,tan;mic)",vertical_misalignment,1.27mm,,https://www02.smt.ufrj.br/~offshore/mfs/page_01.html,documented,rotation 17.2032 Hz from filename
MAFAULDA,mafaulda_vertical-misalignment_1.27mm_17.408,mafaulda_vertical-misalignment_1.27mm,mafaulda_bearings_healthy,mafaulda_vertical-misalignment_1.27mm,,data/raw_mafaulda/full/vertical-misalignment/1.27mm/17.408.csv,vertical-misalignment,Misalignment_NON_BEARING,50000,5.0,250000,1044.48,,"8ch(tacho;uh_ax,rad,tan;oh_ax,rad,tan;mic)",vertical_misalignment,1.27mm,,https://www02.smt.ufrj.br/~offshore/mfs/page_01.html,documented,rotation 17.408 Hz from filename
MAFAULDA,mafaulda_vertical-misalignment_1.27mm_18.6368,mafaulda_vertical-misalignment_1.27mm,mafaulda_bearings_healthy,mafaulda_vertical-misalignment_1.27mm,,data/raw_mafaulda/full/vertical-misalignment/1.27mm/18.6368.csv,vertical-misalignment,Misalignment_NON_BEARING,50000,5.0,250000,1118.208,,"8ch(tacho;uh_ax,rad,tan;oh_ax,rad,tan;mic)",vertical_misalignment,1.27mm,,https://www02.smt.ufrj.br/~offshore/mfs/page_01.html,documented,rotation 18.6368 Hz from filename
MAFAULDA,mafaulda_vertical-misalignment_1.27mm_19.6608,mafaulda_vertical-misalignment_1.27mm,mafaulda_bearings_healthy,mafaulda_vertical-misalignment_1.27mm,,data/raw_mafaulda/full/vertical-misalignment/1.27mm/19.6608.csv,vertical-misalignment,Misalignment_NON_BEARING,50000,5.0,250000,1179.648,,"8ch(tacho;uh_ax,rad,tan;oh_ax,rad,tan;mic)",vertical_misalignment,1.27mm,,https://www02.smt.ufrj.br/~offshore/mfs/page_01.html,documented,rotation 19.6608 Hz from filename
MAFAULDA,mafaulda_vertical-misalignment_1.27mm_20.2752,mafaulda_vertical-misalignment_1.27mm,mafaulda_bearings_healthy,mafaulda_vertical-misalignment_1.27mm,,data/raw_mafaulda/full/vertical-misalignment/1.27mm/20.2752.csv,vertical-misalignment,Misalignment_NON_BEARING,50000,5.0,250000,1216.5120000000002,,"8ch(tacho;uh_ax,rad,tan;oh_ax,rad,tan;mic)",vertical_misalignment,1.27mm,,https://www02.smt.ufrj.br/~offshore/mfs/page_01.html,documented,rotation 20.2752 Hz from filename
MAFAULDA,mafaulda_vertical-misalignment_1.27mm_21.2992,mafaulda_vertical-misalignment_1.27mm,mafaulda_bearings_healthy,mafaulda_vertical-misalignment_1.27mm,,data/raw_mafaulda/full/vertical-misalignment/1.27mm/21.2992.csv,vertical-misalignment,Misalignment_NON_BEARING,50000,5.0,250000,1277.952,,"8ch(tacho;uh_ax,rad,tan;oh_ax,rad,tan;mic)",vertical_misalignment,1.27mm,,https://www02.smt.ufrj.br/~offshore/mfs/page_01.html,documented,rotation 21.2992 Hz from filename
MAFAULDA,mafaulda_vertical-misalignment_1.27mm_22.7328,mafaulda_vertical-misalignment_1.27mm,mafaulda_bearings_healthy,mafaulda_vertical-misalignment_1.27mm,,data/raw_mafaulda/full/vertical-misalignment/1.27mm/22.7328.csv,vertical-misalignment,Misalignment_NON_BEARING,50000,5.0,250000,1363.968,,"8ch(tacho;uh_ax,rad,tan;oh_ax,rad,tan;mic)",vertical_misalignment,1.27mm,,https://www02.smt.ufrj.br/~offshore/mfs/page_01.html,documented,rotation 22.7328 Hz from filename
MAFAULDA,mafaulda_vertical-misalignment_1.27mm_23.3472,mafaulda_vertical-misalignment_1.27mm,mafaulda_bearings_healthy,mafaulda_vertical-misalignment_1.27mm,,data/raw_mafaulda/full/vertical-misalignment/1.27mm/23.3472.csv,vertical-misalignment,Misalignment_NON_BEARING,50000,5.0,250000,1400.832,,"8ch(tacho;uh_ax,rad,tan;oh_ax,rad,tan;mic)",vertical_misalignment,1.27mm,,https://www02.smt.ufrj.br/~offshore/mfs/page_01.html,documented,rotation 23.3472 Hz from filename
MAFAULDA,mafaulda_vertical-misalignment_1.27mm_24.7808,mafaulda_vertical-misalignment_1.27mm,mafaulda_bearings_healthy,mafaulda_vertical-misalignment_1.27mm,,data/raw_mafaulda/full/vertical-misalignment/1.27mm/24.7808.csv,vertical-misalignment,Misalignment_NON_BEARING,50000,5.0,250000,1486.848,,"8ch(tacho;uh_ax,rad,tan;oh_ax,rad,tan;mic)",vertical_misalignment,1.27mm,,https://www02.smt.ufrj.br/~offshore/mfs/page_01.html,documented,rotation 24.7808 Hz from filename
MAFAULDA,mafaulda_vertical-misalignment_1.27mm_26.0096,mafaulda_vertical-misalignment_1.27mm,mafaulda_bearings_healthy,mafaulda_vertical-misalignment_1.27mm,,data/raw_mafaulda/full/vertical-misalignment/1.27mm/26.0096.csv,vertical-misalignment,Misalignment_NON_BEARING,50000,5.0,250000,1560.576,,"8ch(tacho;uh_ax,rad,tan;oh_ax,rad,tan;mic)",vertical_misalignment,1.27mm,,https://www02.smt.ufrj.br/~offshore/mfs/page_01.html,documented,rotation 26.0096 Hz from filename
MAFAULDA,mafaulda_vertical-misalignment_1.27mm_26.2144,mafaulda_vertical-misalignment_1.27mm,mafaulda_bearings_healthy,mafaulda_vertical-misalignment_1.27mm,,data/raw_mafaulda/full/vertical-misalignment/1.27mm/26.2144.csv,vertical-misalignment,Misalignment_NON_BEARING,50000,5.0,250000,1572.864,,"8ch(tacho;uh_ax,rad,tan;oh_ax,rad,tan;mic)",vertical_misalignment,1.27mm,,https://www02.smt.ufrj.br/~offshore/mfs/page_01.html,documented,rotation 26.2144 Hz from filename
MAFAULDA,mafaulda_vertical-misalignment_1.27mm_27.0336,mafaulda_vertical-misalignment_1.27mm,mafaulda_bearings_healthy,mafaulda_vertical-misalignment_1.27mm,,data/raw_mafaulda/full/vertical-misalignment/1.27mm/27.0336.csv,vertical-misalignment,Misalignment_NON_BEARING,50000,5.0,250000,1622.016,,"8ch(tacho;uh_ax,rad,tan;oh_ax,rad,tan;mic)",vertical_misalignment,1.27mm,,https://www02.smt.ufrj.br/~offshore/mfs/page_01.html,documented,rotation 27.0336 Hz from filename
MAFAULDA,mafaulda_vertical-misalignment_1.27mm_28.672,mafaulda_vertical-misalignment_1.27mm,mafaulda_bearings_healthy,mafaulda_vertical-misalignment_1.27mm,,data/raw_mafaulda/full/vertical-misalignment/1.27mm/28.672.csv,vertical-misalignment,Misalignment_NON_BEARING,50000,5.0,250000,1720.32,,"8ch(tacho;uh_ax,rad,tan;oh_ax,rad,tan;mic)",vertical_misalignment,1.27mm,,https://www02.smt.ufrj.br/~offshore/mfs/page_01.html,documented,rotation 28.672 Hz from filename
MAFAULDA,mafaulda_vertical-misalignment_1.27mm_29.2864,mafaulda_vertical-misalignment_1.27mm,mafaulda_bearings_healthy,mafaulda_vertical-misalignment_1.27mm,,data/raw_mafaulda/full/vertical-misalignment/1.27mm/29.2864.csv,vertical-misalignment,Misalignment_NON_BEARING,50000,5.0,250000,1757.184,,"8ch(tacho;uh_ax,rad,tan;oh_ax,rad,tan;mic)",vertical_misalignment,1.27mm,,https://www02.smt.ufrj.br/~offshore/mfs/page_01.html,documented,rotation 29.2864 Hz from filename
MAFAULDA,mafaulda_vertical-misalignment_1.27mm_30.5152,mafaulda_vertical-misalignment_1.27mm,mafaulda_bearings_healthy,mafaulda_vertical-misalignment_1.27mm,,data/raw_mafaulda/full/vertical-misalignment/1.27mm/30.5152.csv,vertical-misalignment,Misalignment_NON_BEARING,50000,5.0,250000,1830.912,,"8ch(tacho;uh_ax,rad,tan;oh_ax,rad,tan;mic)",vertical_misalignment,1.27mm,,https://www02.smt.ufrj.br/~offshore/mfs/page_01.html,documented,rotation 30.5152 Hz from filename
MAFAULDA,mafaulda_vertical-misalignment_1.27mm_31.1296,mafaulda_vertical-misalignment_1.27mm,mafaulda_bearings_healthy,mafaulda_vertical-misalignment_1.27mm,,data/raw_mafaulda/full/vertical-misalignment/1.27mm/31.1296.csv,vertical-misalignment,Misalignment_NON_BEARING,50000,5.0,250000,1867.776,,"8ch(tacho;uh_ax,rad,tan;oh_ax,rad,tan;mic)",vertical_misalignment,1.27mm,,https://www02.smt.ufrj.br/~offshore/mfs/page_01.html,documented,rotation 31.1296 Hz from filename
MAFAULDA,mafaulda_vertical-misalignment_1.27mm_32.9728,mafaulda_vertical-misalignment_1.27mm,mafaulda_bearings_healthy,mafaulda_vertical-misalignment_1.27mm,,data/raw_mafaulda/full/vertical-misalignment/1.27mm/32.9728.csv,vertical-misalignment,Misalignment_NON_BEARING,50000,5.0,250000,1978.368,,"8ch(tacho;uh_ax,rad,tan;oh_ax,rad,tan;mic)",vertical_misalignment,1.27mm,,https://www02.smt.ufrj.br/~offshore/mfs/page_01.html,documented,rotation 32.9728 Hz from filename
MAFAULDA,mafaulda_vertical-misalignment_1.27mm_33.9968,mafaulda_vertical-misalignment_1.27mm,mafaulda_bearings_healthy,mafaulda_vertical-misalignment_1.27mm,,data/raw_mafaulda/full/vertical-misalignment/1.27mm/33.9968.csv,vertical-misalignment,Misalignment_NON_BEARING,50000,5.0,250000,2039.808,,"8ch(tacho;uh_ax,rad,tan;oh_ax,rad,tan;mic)",vertical_misalignment,1.27mm,,https://www02.smt.ufrj.br/~offshore/mfs/page_01.html,documented,rotation 33.9968 Hz from filename
MAFAULDA,mafaulda_vertical-misalignment_1.27mm_34.4064,mafaulda_vertical-misalignment_1.27mm,mafaulda_bearings_healthy,mafaulda_vertical-misalignment_1.27mm,,data/raw_mafaulda/full/vertical-misalignment/1.27mm/34.4064.csv,vertical-misalignment,Misalignment_NON_BEARING,50000,5.0,250000,2064.384,,"8ch(tacho;uh_ax,rad,tan;oh_ax,rad,tan;mic)",vertical_misalignment,1.27mm,,https://www02.smt.ufrj.br/~offshore/mfs/page_01.html,documented,rotation 34.4064 Hz from filename
MAFAULDA,mafaulda_vertical-misalignment_1.27mm_35.4304,mafaulda_vertical-misalignment_1.27mm,mafaulda_bearings_healthy,mafaulda_vertical-misalignment_1.27mm,,data/raw_mafaulda/full/vertical-misalignment/1.27mm/35.4304.csv,vertical-misalignment,Misalignment_NON_BEARING,50000,5.0,250000,2125.824,,"8ch(tacho;uh_ax,rad,tan;oh_ax,rad,tan;mic)",vertical_misalignment,1.27mm,,https://www02.smt.ufrj.br/~offshore/mfs/page_01.html,documented,rotation 35.4304 Hz from filename
MAFAULDA,mafaulda_vertical-misalignment_1.27mm_36.0448,mafaulda_vertical-misalignment_1.27mm,mafaulda_bearings_healthy,mafaulda_vertical-misalignment_1.27mm,,data/raw_mafaulda/full/vertical-misalignment/1.27mm/36.0448.csv,vertical-misalignment,Misalignment_NON_BEARING,50000,5.0,250000,2162.688,,"8ch(tacho;uh_ax,rad,tan;oh_ax,rad,tan;mic)",vertical_misalignment,1.27mm,,https://www02.smt.ufrj.br/~offshore/mfs/page_01.html,documented,rotation 36.0448 Hz from filename
MAFAULDA,mafaulda_vertical-misalignment_1.27mm_37.2736,mafaulda_vertical-misalignment_1.27mm,mafaulda_bearings_healthy,mafaulda_vertical-misalignment_1.27mm,,data/raw_mafaulda/full/vertical-misalignment/1.27mm/37.2736.csv,vertical-misalignment,Misalignment_NON_BEARING,50000,5.0,250000,2236.416,,"8ch(tacho;uh_ax,rad,tan;oh_ax,rad,tan;mic)",vertical_misalignment,1.27mm,,https://www02.smt.ufrj.br/~offshore/mfs/page_01.html,documented,rotation 37.2736 Hz from filename
MAFAULDA,mafaulda_vertical-misalignment_1.27mm_38.2976,mafaulda_vertical-misalignment_1.27mm,mafaulda_bearings_healthy,mafaulda_vertical-misalignment_1.27mm,,data/raw_mafaulda/full/vertical-misalignment/1.27mm/38.2976.csv,vertical-misalignment,Misalignment_NON_BEARING,50000,5.0,250000,2297.856,,"8ch(tacho;uh_ax,rad,tan;oh_ax,rad,tan;mic)",vertical_misalignment,1.27mm,,https://www02.smt.ufrj.br/~offshore/mfs/page_01.html,documented,rotation 38.2976 Hz from filename
MAFAULDA,mafaulda_vertical-misalignment_1.27mm_39.3216,mafaulda_vertical-misalignment_1.27mm,mafaulda_bearings_healthy,mafaulda_vertical-misalignment_1.27mm,,data/raw_mafaulda/full/vertical-misalignment/1.27mm/39.3216.csv,vertical-misalignment,Misalignment_NON_BEARING,50000,5.0,250000,2359.296,,"8ch(tacho;uh_ax,rad,tan;oh_ax,rad,tan;mic)",vertical_misalignment,1.27mm,,https://www02.smt.ufrj.br/~offshore/mfs/page_01.html,documented,rotation 39.3216 Hz from filename
MAFAULDA,mafaulda_vertical-misalignment_1.27mm_40.7552,mafaulda_vertical-misalignment_1.27mm,mafaulda_bearings_healthy,mafaulda_vertical-misalignment_1.27mm,,data/raw_mafaulda/full/vertical-misalignment/1.27mm/40.7552.csv,vertical-misalignment,Misalignment_NON_BEARING,50000,5.0,250000,2445.312,,"8ch(tacho;uh_ax,rad,tan;oh_ax,rad,tan;mic)",vertical_misalignment,1.27mm,,https://www02.smt.ufrj.br/~offshore/mfs/page_01.html,documented,rotation 40.7552 Hz from filename
MAFAULDA,mafaulda_vertical-misalignment_1.27mm_41.1648,mafaulda_vertical-misalignment_1.27mm,mafaulda_bearings_healthy,mafaulda_vertical-misalignment_1.27mm,,data/raw_mafaulda/full/vertical-misalignment/1.27mm/41.1648.csv,vertical-misalignment,Misalignment_NON_BEARING,50000,5.0,250000,2469.888,,"8ch(tacho;uh_ax,rad,tan;oh_ax,rad,tan;mic)",vertical_misalignment,1.27mm,,https://www02.smt.ufrj.br/~offshore/mfs/page_01.html,documented,rotation 41.1648 Hz from filename
MAFAULDA,mafaulda_vertical-misalignment_1.27mm_42.3936,mafaulda_vertical-misalignment_1.27mm,mafaulda_bearings_healthy,mafaulda_vertical-misalignment_1.27mm,,data/raw_mafaulda/full/vertical-misalignment/1.27mm/42.3936.csv,vertical-misalignment,Misalignment_NON_BEARING,50000,5.0,250000,2543.616,,"8ch(tacho;uh_ax,rad,tan;oh_ax,rad,tan;mic)",vertical_misalignment,1.27mm,,https://www02.smt.ufrj.br/~offshore/mfs/page_01.html,documented,rotation 42.3936 Hz from filename
MAFAULDA,mafaulda_vertical-misalignment_1.27mm_43.4176,mafaulda_vertical-misalignment_1.27mm,mafaulda_bearings_healthy,mafaulda_vertical-misalignment_1.27mm,,data/raw_mafaulda/full/vertical-misalignment/1.27mm/43.4176.csv,vertical-misalignment,Misalignment_NON_BEARING,50000,5.0,250000,2605.056,,"8ch(tacho;uh_ax,rad,tan;oh_ax,rad,tan;mic)",vertical_misalignment,1.27mm,,https://www02.smt.ufrj.br/~offshore/mfs/page_01.html,documented,rotation 43.4176 Hz from filename
MAFAULDA,mafaulda_vertical-misalignment_1.27mm_44.032,mafaulda_vertical-misalignment_1.27mm,mafaulda_bearings_healthy,mafaulda_vertical-misalignment_1.27mm,,data/raw_mafaulda/full/vertical-misalignment/1.27mm/44.032.csv,vertical-misalignment,Misalignment_NON_BEARING,50000,5.0,250000,2641.9199999999996,,"8ch(tacho;uh_ax,rad,tan;oh_ax,rad,tan;mic)",vertical_misalignment,1.27mm,,https://www02.smt.ufrj.br/~offshore/mfs/page_01.html,documented,rotation 44.032 Hz from filename
MAFAULDA,mafaulda_vertical-misalignment_1.27mm_45.2608,mafaulda_vertical-misalignment_1.27mm,mafaulda_bearings_healthy,mafaulda_vertical-misalignment_1.27mm,,data/raw_mafaulda/full/vertical-misalignment/1.27mm/45.2608.csv,vertical-misalignment,Misalignment_NON_BEARING,50000,5.0,250000,2715.648,,"8ch(tacho;uh_ax,rad,tan;oh_ax,rad,tan;mic)",vertical_misalignment,1.27mm,,https://www02.smt.ufrj.br/~offshore/mfs/page_01.html,documented,rotation 45.2608 Hz from filename
MAFAULDA,mafaulda_vertical-misalignment_1.27mm_46.08,mafaulda_vertical-misalignment_1.27mm,mafaulda_bearings_healthy,mafaulda_vertical-misalignment_1.27mm,,data/raw_mafaulda/full/vertical-misalignment/1.27mm/46.08.csv,vertical-misalignment,Misalignment_NON_BEARING,50000,5.0,250000,2764.7999999999997,,"8ch(tacho;uh_ax,rad,tan;oh_ax,rad,tan;mic)",vertical_misalignment,1.27mm,,https://www02.smt.ufrj.br/~offshore/mfs/page_01.html,documented,rotation 46.08 Hz from filename
MAFAULDA,mafaulda_vertical-misalignment_1.27mm_47.5136,mafaulda_vertical-misalignment_1.27mm,mafaulda_bearings_healthy,mafaulda_vertical-misalignment_1.27mm,,data/raw_mafaulda/full/vertical-misalignment/1.27mm/47.5136.csv,vertical-misalignment,Misalignment_NON_BEARING,50000,5.0,250000,2850.816,,"8ch(tacho;uh_ax,rad,tan;oh_ax,rad,tan;mic)",vertical_misalignment,1.27mm,,https://www02.smt.ufrj.br/~offshore/mfs/page_01.html,documented,rotation 47.5136 Hz from filename
MAFAULDA,mafaulda_vertical-misalignment_1.27mm_48.3328,mafaulda_vertical-misalignment_1.27mm,mafaulda_bearings_healthy,mafaulda_vertical-misalignment_1.27mm,,data/raw_mafaulda/full/vertical-misalignment/1.27mm/48.3328.csv,vertical-misalignment,Misalignment_NON_BEARING,50000,5.0,250000,2899.968,,"8ch(tacho;uh_ax,rad,tan;oh_ax,rad,tan;mic)",vertical_misalignment,1.27mm,,https://www02.smt.ufrj.br/~offshore/mfs/page_01.html,documented,rotation 48.3328 Hz from filename
MAFAULDA,mafaulda_vertical-misalignment_1.27mm_48.9472,mafaulda_vertical-misalignment_1.27mm,mafaulda_bearings_healthy,mafaulda_vertical-misalignment_1.27mm,,data/raw_mafaulda/full/vertical-misalignment/1.27mm/48.9472.csv,vertical-misalignment,Misalignment_NON_BEARING,50000,5.0,250000,2936.8320000000003,,"8ch(tacho;uh_ax,rad,tan;oh_ax,rad,tan;mic)",vertical_misalignment,1.27mm,,https://www02.smt.ufrj.br/~offshore/mfs/page_01.html,documented,rotation 48.9472 Hz from filename
MAFAULDA,mafaulda_vertical-misalignment_1.27mm_50.3808,mafaulda_vertical-misalignment_1.27mm,mafaulda_bearings_healthy,mafaulda_vertical-misalignment_1.27mm,,data/raw_mafaulda/full/vertical-misalignment/1.27mm/50.3808.csv,vertical-misalignment,Misalignment_NON_BEARING,50000,5.0,250000,3022.848,,"8ch(tacho;uh_ax,rad,tan;oh_ax,rad,tan;mic)",vertical_misalignment,1.27mm,,https://www02.smt.ufrj.br/~offshore/mfs/page_01.html,documented,rotation 50.3808 Hz from filename
MAFAULDA,mafaulda_vertical-misalignment_1.27mm_51.4048,mafaulda_vertical-misalignment_1.27mm,mafaulda_bearings_healthy,mafaulda_vertical-misalignment_1.27mm,,data/raw_mafaulda/full/vertical-misalignment/1.27mm/51.4048.csv,vertical-misalignment,Misalignment_NON_BEARING,50000,5.0,250000,3084.288,,"8ch(tacho;uh_ax,rad,tan;oh_ax,rad,tan;mic)",vertical_misalignment,1.27mm,,https://www02.smt.ufrj.br/~offshore/mfs/page_01.html,documented,rotation 51.4048 Hz from filename
MAFAULDA,mafaulda_vertical-misalignment_1.27mm_52.224,mafaulda_vertical-misalignment_1.27mm,mafaulda_bearings_healthy,mafaulda_vertical-misalignment_1.27mm,,data/raw_mafaulda/full/vertical-misalignment/1.27mm/52.224.csv,vertical-misalignment,Misalignment_NON_BEARING,50000,5.0,250000,3133.4399999999996,,"8ch(tacho;uh_ax,rad,tan;oh_ax,rad,tan;mic)",vertical_misalignment,1.27mm,,https://www02.smt.ufrj.br/~offshore/mfs/page_01.html,documented,rotation 52.224 Hz from filename
MAFAULDA,mafaulda_vertical-misalignment_1.27mm_53.6576,mafaulda_vertical-misalignment_1.27mm,mafaulda_bearings_healthy,mafaulda_vertical-misalignment_1.27mm,,data/raw_mafaulda/full/vertical-misalignment/1.27mm/53.6576.csv,vertical-misalignment,Misalignment_NON_BEARING,50000,5.0,250000,3219.456,,"8ch(tacho;uh_ax,rad,tan;oh_ax,rad,tan;mic)",vertical_misalignment,1.27mm,,https://www02.smt.ufrj.br/~offshore/mfs/page_01.html,documented,rotation 53.6576 Hz from filename
MAFAULDA,mafaulda_vertical-misalignment_1.27mm_54.272,mafaulda_vertical-misalignment_1.27mm,mafaulda_bearings_healthy,mafaulda_vertical-misalignment_1.27mm,,data/raw_mafaulda/full/vertical-misalignment/1.27mm/54.272.csv,vertical-misalignment,Misalignment_NON_BEARING,50000,5.0,250000,3256.3199999999997,,"8ch(tacho;uh_ax,rad,tan;oh_ax,rad,tan;mic)",vertical_misalignment,1.27mm,,https://www02.smt.ufrj.br/~offshore/mfs/page_01.html,documented,rotation 54.272 Hz from filename
MAFAULDA,mafaulda_vertical-misalignment_1.27mm_55.0912,mafaulda_vertical-misalignment_1.27mm,mafaulda_bearings_healthy,mafaulda_vertical-misalignment_1.27mm,,data/raw_mafaulda/full/vertical-misalignment/1.27mm/55.0912.csv,vertical-misalignment,Misalignment_NON_BEARING,50000,5.0,250000,3305.472,,"8ch(tacho;uh_ax,rad,tan;oh_ax,rad,tan;mic)",vertical_misalignment,1.27mm,,https://www02.smt.ufrj.br/~offshore/mfs/page_01.html,documented,rotation 55.0912 Hz from filename
MAFAULDA,mafaulda_vertical-misalignment_1.27mm_56.32,mafaulda_vertical-misalignment_1.27mm,mafaulda_bearings_healthy,mafaulda_vertical-misalignment_1.27mm,,data/raw_mafaulda/full/vertical-misalignment/1.27mm/56.32.csv,vertical-misalignment,Misalignment_NON_BEARING,50000,5.0,250000,3379.2,,"8ch(tacho;uh_ax,rad,tan;oh_ax,rad,tan;mic)",vertical_misalignment,1.27mm,,https://www02.smt.ufrj.br/~offshore/mfs/page_01.html,documented,rotation 56.32 Hz from filename
MAFAULDA,mafaulda_vertical-misalignment_1.27mm_57.344,mafaulda_vertical-misalignment_1.27mm,mafaulda_bearings_healthy,mafaulda_vertical-misalignment_1.27mm,,data/raw_mafaulda/full/vertical-misalignment/1.27mm/57.344.csv,vertical-misalignment,Misalignment_NON_BEARING,50000,5.0,250000,3440.64,,"8ch(tacho;uh_ax,rad,tan;oh_ax,rad,tan;mic)",vertical_misalignment,1.27mm,,https://www02.smt.ufrj.br/~offshore/mfs/page_01.html,documented,rotation 57.344 Hz from filename
MAFAULDA,mafaulda_vertical-misalignment_1.27mm_58.9824,mafaulda_vertical-misalignment_1.27mm,mafaulda_bearings_healthy,mafaulda_vertical-misalignment_1.27mm,,data/raw_mafaulda/full/vertical-misalignment/1.27mm/58.9824.csv,vertical-misalignment,Misalignment_NON_BEARING,50000,5.0,250000,3538.944,,"8ch(tacho;uh_ax,rad,tan;oh_ax,rad,tan;mic)",vertical_misalignment,1.27mm,,https://www02.smt.ufrj.br/~offshore/mfs/page_01.html,documented,rotation 58.9824 Hz from filename
MAFAULDA,mafaulda_vertical-misalignment_1.27mm_60.0064,mafaulda_vertical-misalignment_1.27mm,mafaulda_bearings_healthy,mafaulda_vertical-misalignment_1.27mm,,data/raw_mafaulda/full/vertical-misalignment/1.27mm/60.0064.csv,vertical-misalignment,Misalignment_NON_BEARING,50000,5.0,250000,3600.384,,"8ch(tacho;uh_ax,rad,tan;oh_ax,rad,tan;mic)",vertical_misalignment,1.27mm,,https://www02.smt.ufrj.br/~offshore/mfs/page_01.html,documented,rotation 60.0064 Hz from filename
MAFAULDA,mafaulda_vertical-misalignment_1.27mm_61.2352,mafaulda_vertical-misalignment_1.27mm,mafaulda_bearings_healthy,mafaulda_vertical-misalignment_1.27mm,,data/raw_mafaulda/full/vertical-misalignment/1.27mm/61.2352.csv,vertical-misalignment,Misalignment_NON_BEARING,50000,5.0,250000,3674.112,,"8ch(tacho;uh_ax,rad,tan;oh_ax,rad,tan;mic)",vertical_misalignment,1.27mm,,https://www02.smt.ufrj.br/~offshore/mfs/page_01.html,documented,rotation 61.2352 Hz from filename
MAFAULDA,mafaulda_vertical-misalignment_1.27mm_62.2592,mafaulda_vertical-misalignment_1.27mm,mafaulda_bearings_healthy,mafaulda_vertical-misalignment_1.27mm,,data/raw_mafaulda/full/vertical-misalignment/1.27mm/62.2592.csv,vertical-misalignment,Misalignment_NON_BEARING,50000,5.0,250000,3735.552,,"8ch(tacho;uh_ax,rad,tan;oh_ax,rad,tan;mic)",vertical_misalignment,1.27mm,,https://www02.smt.ufrj.br/~offshore/mfs/page_01.html,documented,rotation 62.2592 Hz from filename
MAFAULDA,mafaulda_vertical-misalignment_1.40mm_12.0832,mafaulda_vertical-misalignment_1.40mm,mafaulda_bearings_healthy,mafaulda_vertical-misalignment_1.40mm,,data/raw_mafaulda/full/vertical-misalignment/1.40mm/12.0832.csv,vertical-misalignment,Misalignment_NON_BEARING,50000,5.0,250000,724.992,,"8ch(tacho;uh_ax,rad,tan;oh_ax,rad,tan;mic)",vertical_misalignment,1.40mm,,https://www02.smt.ufrj.br/~offshore/mfs/page_01.html,documented,rotation 12.0832 Hz from filename
MAFAULDA,mafaulda_vertical-misalignment_1.40mm_13.312,mafaulda_vertical-misalignment_1.40mm,mafaulda_bearings_healthy,mafaulda_vertical-misalignment_1.40mm,,data/raw_mafaulda/full/vertical-misalignment/1.40mm/13.312.csv,vertical-misalignment,Misalignment_NON_BEARING,50000,5.0,250000,798.7199999999999,,"8ch(tacho;uh_ax,rad,tan;oh_ax,rad,tan;mic)",vertical_misalignment,1.40mm,,https://www02.smt.ufrj.br/~offshore/mfs/page_01.html,documented,rotation 13.312 Hz from filename
MAFAULDA,mafaulda_vertical-misalignment_1.40mm_14.7456,mafaulda_vertical-misalignment_1.40mm,mafaulda_bearings_healthy,mafaulda_vertical-misalignment_1.40mm,,data/raw_mafaulda/full/vertical-misalignment/1.40mm/14.7456.csv,vertical-misalignment,Misalignment_NON_BEARING,50000,5.0,250000,884.736,,"8ch(tacho;uh_ax,rad,tan;oh_ax,rad,tan;mic)",vertical_misalignment,1.40mm,,https://www02.smt.ufrj.br/~offshore/mfs/page_01.html,documented,rotation 14.7456 Hz from filename
MAFAULDA,mafaulda_vertical-misalignment_1.40mm_15.7696,mafaulda_vertical-misalignment_1.40mm,mafaulda_bearings_healthy,mafaulda_vertical-misalignment_1.40mm,,data/raw_mafaulda/full/vertical-misalignment/1.40mm/15.7696.csv,vertical-misalignment,Misalignment_NON_BEARING,50000,5.0,250000,946.176,,"8ch(tacho;uh_ax,rad,tan;oh_ax,rad,tan;mic)",vertical_misalignment,1.40mm,,https://www02.smt.ufrj.br/~offshore/mfs/page_01.html,documented,rotation 15.7696 Hz from filename
MAFAULDA,mafaulda_vertical-misalignment_1.40mm_16.384,mafaulda_vertical-misalignment_1.40mm,mafaulda_bearings_healthy,mafaulda_vertical-misalignment_1.40mm,,data/raw_mafaulda/full/vertical-misalignment/1.40mm/16.384.csv,vertical-misalignment,Misalignment_NON_BEARING,50000,5.0,250000,983.04,,"8ch(tacho;uh_ax,rad,tan;oh_ax,rad,tan;mic)",vertical_misalignment,1.40mm,,https://www02.smt.ufrj.br/~offshore/mfs/page_01.html,documented,rotation 16.384 Hz from filename
MAFAULDA,mafaulda_vertical-misalignment_1.40mm_17.2032,mafaulda_vertical-misalignment_1.40mm,mafaulda_bearings_healthy,mafaulda_vertical-misalignment_1.40mm,,data/raw_mafaulda/full/vertical-misalignment/1.40mm/17.2032.csv,vertical-misalignment,Misalignment_NON_BEARING,50000,5.0,250000,1032.192,,"8ch(tacho;uh_ax,rad,tan;oh_ax,rad,tan;mic)",vertical_misalignment,1.40mm,,https://www02.smt.ufrj.br/~offshore/mfs/page_01.html,documented,rotation 17.2032 Hz from filename
MAFAULDA,mafaulda_vertical-misalignment_1.40mm_18.2272,mafaulda_vertical-misalignment_1.40mm,mafaulda_bearings_healthy,mafaulda_vertical-misalignment_1.40mm,,data/raw_mafaulda/full/vertical-misalignment/1.40mm/18.2272.csv,vertical-misalignment,Misalignment_NON_BEARING,50000,5.0,250000,1093.632,,"8ch(tacho;uh_ax,rad,tan;oh_ax,rad,tan;mic)",vertical_misalignment,1.40mm,,https://www02.smt.ufrj.br/~offshore/mfs/page_01.html,documented,rotation 18.2272 Hz from filename
MAFAULDA,mafaulda_vertical-misalignment_1.40mm_19.6608,mafaulda_vertical-misalignment_1.40mm,mafaulda_bearings_healthy,mafaulda_vertical-misalignment_1.40mm,,data/raw_mafaulda/full/vertical-misalignment/1.40mm/19.6608.csv,vertical-misalignment,Misalignment_NON_BEARING,50000,5.0,250000,1179.648,,"8ch(tacho;uh_ax,rad,tan;oh_ax,rad,tan;mic)",vertical_misalignment,1.40mm,,https://www02.smt.ufrj.br/~offshore/mfs/page_01.html,documented,rotation 19.6608 Hz from filename
MAFAULDA,mafaulda_vertical-misalignment_1.40mm_20.2752,mafaulda_vertical-misalignment_1.40mm,mafaulda_bearings_healthy,mafaulda_vertical-misalignment_1.40mm,,data/raw_mafaulda/full/vertical-misalignment/1.40mm/20.2752.csv,vertical-misalignment,Misalignment_NON_BEARING,50000,5.0,250000,1216.5120000000002,,"8ch(tacho;uh_ax,rad,tan;oh_ax,rad,tan;mic)",vertical_misalignment,1.40mm,,https://www02.smt.ufrj.br/~offshore/mfs/page_01.html,documented,rotation 20.2752 Hz from filename
MAFAULDA,mafaulda_vertical-misalignment_1.40mm_21.7088,mafaulda_vertical-misalignment_1.40mm,mafaulda_bearings_healthy,mafaulda_vertical-misalignment_1.40mm,,data/raw_mafaulda/full/vertical-misalignment/1.40mm/21.7088.csv,vertical-misalignment,Misalignment_NON_BEARING,50000,5.0,250000,1302.528,,"8ch(tacho;uh_ax,rad,tan;oh_ax,rad,tan;mic)",vertical_misalignment,1.40mm,,https://www02.smt.ufrj.br/~offshore/mfs/page_01.html,documented,rotation 21.7088 Hz from filename
MAFAULDA,mafaulda_vertical-misalignment_1.40mm_22.7328,mafaulda_vertical-misalignment_1.40mm,mafaulda_bearings_healthy,mafaulda_vertical-misalignment_1.40mm,,data/raw_mafaulda/full/vertical-misalignment/1.40mm/22.7328.csv,vertical-misalignment,Misalignment_NON_BEARING,50000,5.0,250000,1363.968,,"8ch(tacho;uh_ax,rad,tan;oh_ax,rad,tan;mic)",vertical_misalignment,1.40mm,,https://www02.smt.ufrj.br/~offshore/mfs/page_01.html,documented,rotation 22.7328 Hz from filename
MAFAULDA,mafaulda_vertical-misalignment_1.40mm_23.552,mafaulda_vertical-misalignment_1.40mm,mafaulda_bearings_healthy,mafaulda_vertical-misalignment_1.40mm,,data/raw_mafaulda/full/vertical-misalignment/1.40mm/23.552.csv,vertical-misalignment,Misalignment_NON_BEARING,50000,5.0,250000,1413.12,,"8ch(tacho;uh_ax,rad,tan;oh_ax,rad,tan;mic)",vertical_misalignment,1.40mm,,https://www02.smt.ufrj.br/~offshore/mfs/page_01.html,documented,rotation 23.552 Hz from filename
MAFAULDA,mafaulda_vertical-misalignment_1.40mm_24.576,mafaulda_vertical-misalignment_1.40mm,mafaulda_bearings_healthy,mafaulda_vertical-misalignment_1.40mm,,data/raw_mafaulda/full/vertical-misalignment/1.40mm/24.576.csv,vertical-misalignment,Misalignment_NON_BEARING,50000,5.0,250000,1474.56,,"8ch(tacho;uh_ax,rad,tan;oh_ax,rad,tan;mic)",vertical_misalignment,1.40mm,,https://www02.smt.ufrj.br/~offshore/mfs/page_01.html,documented,rotation 24.576 Hz from filename
MAFAULDA,mafaulda_vertical-misalignment_1.40mm_25.3952,mafaulda_vertical-misalignment_1.40mm,mafaulda_bearings_healthy,mafaulda_vertical-misalignment_1.40mm,,data/raw_mafaulda/full/vertical-misalignment/1.40mm/25.3952.csv,vertical-misalignment,Misalignment_NON_BEARING,50000,5.0,250000,1523.712,,"8ch(tacho;uh_ax,rad,tan;oh_ax,rad,tan;mic)",vertical_misalignment,1.40mm,,https://www02.smt.ufrj.br/~offshore/mfs/page_01.html,documented,rotation 25.3952 Hz from filename
MAFAULDA,mafaulda_vertical-misalignment_1.40mm_25.8048,mafaulda_vertical-misalignment_1.40mm,mafaulda_bearings_healthy,mafaulda_vertical-misalignment_1.40mm,,data/raw_mafaulda/full/vertical-misalignment/1.40mm/25.8048.csv,vertical-misalignment,Misalignment_NON_BEARING,50000,5.0,250000,1548.288,,"8ch(tacho;uh_ax,rad,tan;oh_ax,rad,tan;mic)",vertical_misalignment,1.40mm,,https://www02.smt.ufrj.br/~offshore/mfs/page_01.html,documented,rotation 25.8048 Hz from filename
MAFAULDA,mafaulda_vertical-misalignment_1.40mm_27.4432,mafaulda_vertical-misalignment_1.40mm,mafaulda_bearings_healthy,mafaulda_vertical-misalignment_1.40mm,,data/raw_mafaulda/full/vertical-misalignment/1.40mm/27.4432.csv,vertical-misalignment,Misalignment_NON_BEARING,50000,5.0,250000,1646.592,,"8ch(tacho;uh_ax,rad,tan;oh_ax,rad,tan;mic)",vertical_misalignment,1.40mm,,https://www02.smt.ufrj.br/~offshore/mfs/page_01.html,documented,rotation 27.4432 Hz from filename
MAFAULDA,mafaulda_vertical-misalignment_1.40mm_28.0576,mafaulda_vertical-misalignment_1.40mm,mafaulda_bearings_healthy,mafaulda_vertical-misalignment_1.40mm,,data/raw_mafaulda/full/vertical-misalignment/1.40mm/28.0576.csv,vertical-misalignment,Misalignment_NON_BEARING,50000,5.0,250000,1683.4560000000001,,"8ch(tacho;uh_ax,rad,tan;oh_ax,rad,tan;mic)",vertical_misalignment,1.40mm,,https://www02.smt.ufrj.br/~offshore/mfs/page_01.html,documented,rotation 28.0576 Hz from filename
MAFAULDA,mafaulda_vertical-misalignment_1.40mm_29.0816,mafaulda_vertical-misalignment_1.40mm,mafaulda_bearings_healthy,mafaulda_vertical-misalignment_1.40mm,,data/raw_mafaulda/full/vertical-misalignment/1.40mm/29.0816.csv,vertical-misalignment,Misalignment_NON_BEARING,50000,5.0,250000,1744.8960000000002,,"8ch(tacho;uh_ax,rad,tan;oh_ax,rad,tan;mic)",vertical_misalignment,1.40mm,,https://www02.smt.ufrj.br/~offshore/mfs/page_01.html,documented,rotation 29.0816 Hz from filename
MAFAULDA,mafaulda_vertical-misalignment_1.40mm_30.1056,mafaulda_vertical-misalignment_1.40mm,mafaulda_bearings_healthy,mafaulda_vertical-misalignment_1.40mm,,data/raw_mafaulda/full/vertical-misalignment/1.40mm/30.1056.csv,vertical-misalignment,Misalignment_NON_BEARING,50000,5.0,250000,1806.336,,"8ch(tacho;uh_ax,rad,tan;oh_ax,rad,tan;mic)",vertical_misalignment,1.40mm,,https://www02.smt.ufrj.br/~offshore/mfs/page_01.html,documented,rotation 30.1056 Hz from filename
MAFAULDA,mafaulda_vertical-misalignment_1.40mm_30.9248,mafaulda_vertical-misalignment_1.40mm,mafaulda_bearings_healthy,mafaulda_vertical-misalignment_1.40mm,,data/raw_mafaulda/full/vertical-misalignment/1.40mm/30.9248.csv,vertical-misalignment,Misalignment_NON_BEARING,50000,5.0,250000,1855.488,,"8ch(tacho;uh_ax,rad,tan;oh_ax,rad,tan;mic)",vertical_misalignment,1.40mm,,https://www02.smt.ufrj.br/~offshore/mfs/page_01.html,documented,rotation 30.9248 Hz from filename
MAFAULDA,mafaulda_vertical-misalignment_1.40mm_32.1536,mafaulda_vertical-misalignment_1.40mm,mafaulda_bearings_healthy,mafaulda_vertical-misalignment_1.40mm,,data/raw_mafaulda/full/vertical-misalignment/1.40mm/32.1536.csv,vertical-misalignment,Misalignment_NON_BEARING,50000,5.0,250000,1929.216,,"8ch(tacho;uh_ax,rad,tan;oh_ax,rad,tan;mic)",vertical_misalignment,1.40mm,,https://www02.smt.ufrj.br/~offshore/mfs/page_01.html,documented,rotation 32.1536 Hz from filename
MAFAULDA,mafaulda_vertical-misalignment_1.40mm_33.9968,mafaulda_vertical-misalignment_1.40mm,mafaulda_bearings_healthy,mafaulda_vertical-misalignment_1.40mm,,data/raw_mafaulda/full/vertical-misalignment/1.40mm/33.9968.csv,vertical-misalignment,Misalignment_NON_BEARING,50000,5.0,250000,2039.808,,"8ch(tacho;uh_ax,rad,tan;oh_ax,rad,tan;mic)",vertical_misalignment,1.40mm,,https://www02.smt.ufrj.br/~offshore/mfs/page_01.html,documented,rotation 33.9968 Hz from filename
MAFAULDA,mafaulda_vertical-misalignment_1.40mm_34.6112,mafaulda_vertical-misalignment_1.40mm,mafaulda_bearings_healthy,mafaulda_vertical-misalignment_1.40mm,,data/raw_mafaulda/full/vertical-misalignment/1.40mm/34.6112.csv,vertical-misalignment,Misalignment_NON_BEARING,50000,5.0,250000,2076.6719999999996,,"8ch(tacho;uh_ax,rad,tan;oh_ax,rad,tan;mic)",vertical_misalignment,1.40mm,,https://www02.smt.ufrj.br/~offshore/mfs/page_01.html,documented,rotation 34.6112 Hz from filename
MAFAULDA,mafaulda_vertical-misalignment_1.40mm_36.0448,mafaulda_vertical-misalignment_1.40mm,mafaulda_bearings_healthy,mafaulda_vertical-misalignment_1.40mm,,data/raw_mafaulda/full/vertical-misalignment/1.40mm/36.0448.csv,vertical-misalignment,Misalignment_NON_BEARING,50000,5.0,250000,2162.688,,"8ch(tacho;uh_ax,rad,tan;oh_ax,rad,tan;mic)",vertical_misalignment,1.40mm,,https://www02.smt.ufrj.br/~offshore/mfs/page_01.html,documented,rotation 36.0448 Hz from filename
MAFAULDA,mafaulda_vertical-misalignment_1.40mm_36.864,mafaulda_vertical-misalignment_1.40mm,mafaulda_bearings_healthy,mafaulda_vertical-misalignment_1.40mm,,data/raw_mafaulda/full/vertical-misalignment/1.40mm/36.864.csv,vertical-misalignment,Misalignment_NON_BEARING,50000,5.0,250000,2211.8399999999997,,"8ch(tacho;uh_ax,rad,tan;oh_ax,rad,tan;mic)",vertical_misalignment,1.40mm,,https://www02.smt.ufrj.br/~offshore/mfs/page_01.html,documented,rotation 36.864 Hz from filename
MAFAULDA,mafaulda_vertical-misalignment_1.40mm_37.888,mafaulda_vertical-misalignment_1.40mm,mafaulda_bearings_healthy,mafaulda_vertical-misalignment_1.40mm,,data/raw_mafaulda/full/vertical-misalignment/1.40mm/37.888.csv,vertical-misalignment,Misalignment_NON_BEARING,50000,5.0,250000,2273.2799999999997,,"8ch(tacho;uh_ax,rad,tan;oh_ax,rad,tan;mic)",vertical_misalignment,1.40mm,,https://www02.smt.ufrj.br/~offshore/mfs/page_01.html,documented,rotation 37.888 Hz from filename
MAFAULDA,mafaulda_vertical-misalignment_1.40mm_38.7072,mafaulda_vertical-misalignment_1.40mm,mafaulda_bearings_healthy,mafaulda_vertical-misalignment_1.40mm,,data/raw_mafaulda/full/vertical-misalignment/1.40mm/38.7072.csv,vertical-misalignment,Misalignment_NON_BEARING,50000,5.0,250000,2322.432,,"8ch(tacho;uh_ax,rad,tan;oh_ax,rad,tan;mic)",vertical_misalignment,1.40mm,,https://www02.smt.ufrj.br/~offshore/mfs/page_01.html,documented,rotation 38.7072 Hz from filename
MAFAULDA,mafaulda_vertical-misalignment_1.40mm_39.5264,mafaulda_vertical-misalignment_1.40mm,mafaulda_bearings_healthy,mafaulda_vertical-misalignment_1.40mm,,data/raw_mafaulda/full/vertical-misalignment/1.40mm/39.5264.csv,vertical-misalignment,Misalignment_NON_BEARING,50000,5.0,250000,2371.5840000000003,,"8ch(tacho;uh_ax,rad,tan;oh_ax,rad,tan;mic)",vertical_misalignment,1.40mm,,https://www02.smt.ufrj.br/~offshore/mfs/page_01.html,documented,rotation 39.5264 Hz from filename
MAFAULDA,mafaulda_vertical-misalignment_1.40mm_40.7552,mafaulda_vertical-misalignment_1.40mm,mafaulda_bearings_healthy,mafaulda_vertical-misalignment_1.40mm,,data/raw_mafaulda/full/vertical-misalignment/1.40mm/40.7552.csv,vertical-misalignment,Misalignment_NON_BEARING,50000,5.0,250000,2445.312,,"8ch(tacho;uh_ax,rad,tan;oh_ax,rad,tan;mic)",vertical_misalignment,1.40mm,,https://www02.smt.ufrj.br/~offshore/mfs/page_01.html,documented,rotation 40.7552 Hz from filename
MAFAULDA,mafaulda_vertical-misalignment_1.40mm_41.7792,mafaulda_vertical-misalignment_1.40mm,mafaulda_bearings_healthy,mafaulda_vertical-misalignment_1.40mm,,data/raw_mafaulda/full/vertical-misalignment/1.40mm/41.7792.csv,vertical-misalignment,Misalignment_NON_BEARING,50000,5.0,250000,2506.7520000000004,,"8ch(tacho;uh_ax,rad,tan;oh_ax,rad,tan;mic)",vertical_misalignment,1.40mm,,https://www02.smt.ufrj.br/~offshore/mfs/page_01.html,documented,rotation 41.7792 Hz from filename
MAFAULDA,mafaulda_vertical-misalignment_1.40mm_42.3936,mafaulda_vertical-misalignment_1.40mm,mafaulda_bearings_healthy,mafaulda_vertical-misalignment_1.40mm,,data/raw_mafaulda/full/vertical-misalignment/1.40mm/42.3936.csv,vertical-misalignment,Misalignment_NON_BEARING,50000,5.0,250000,2543.616,,"8ch(tacho;uh_ax,rad,tan;oh_ax,rad,tan;mic)",vertical_misalignment,1.40mm,,https://www02.smt.ufrj.br/~offshore/mfs/page_01.html,documented,rotation 42.3936 Hz from filename
MAFAULDA,mafaulda_vertical-misalignment_1.40mm_43.2128,mafaulda_vertical-misalignment_1.40mm,mafaulda_bearings_healthy,mafaulda_vertical-misalignment_1.40mm,,data/raw_mafaulda/full/vertical-misalignment/1.40mm/43.2128.csv,vertical-misalignment,Misalignment_NON_BEARING,50000,5.0,250000,2592.768,,"8ch(tacho;uh_ax,rad,tan;oh_ax,rad,tan;mic)",vertical_misalignment,1.40mm,,https://www02.smt.ufrj.br/~offshore/mfs/page_01.html,documented,rotation 43.2128 Hz from filename
MAFAULDA,mafaulda_vertical-misalignment_1.40mm_43.8272,mafaulda_vertical-misalignment_1.40mm,mafaulda_bearings_healthy,mafaulda_vertical-misalignment_1.40mm,,data/raw_mafaulda/full/vertical-misalignment/1.40mm/43.8272.csv,vertical-misalignment,Misalignment_NON_BEARING,50000,5.0,250000,2629.632,,"8ch(tacho;uh_ax,rad,tan;oh_ax,rad,tan;mic)",vertical_misalignment,1.40mm,,https://www02.smt.ufrj.br/~offshore/mfs/page_01.html,documented,rotation 43.8272 Hz from filename
MAFAULDA,mafaulda_vertical-misalignment_1.40mm_44.6464,mafaulda_vertical-misalignment_1.40mm,mafaulda_bearings_healthy,mafaulda_vertical-misalignment_1.40mm,,data/raw_mafaulda/full/vertical-misalignment/1.40mm/44.6464.csv,vertical-misalignment,Misalignment_NON_BEARING,50000,5.0,250000,2678.784,,"8ch(tacho;uh_ax,rad,tan;oh_ax,rad,tan;mic)",vertical_misalignment,1.40mm,,https://www02.smt.ufrj.br/~offshore/mfs/page_01.html,documented,rotation 44.6464 Hz from filename
MAFAULDA,mafaulda_vertical-misalignment_1.40mm_45.8752,mafaulda_vertical-misalignment_1.40mm,mafaulda_bearings_healthy,mafaulda_vertical-misalignment_1.40mm,,data/raw_mafaulda/full/vertical-misalignment/1.40mm/45.8752.csv,vertical-misalignment,Misalignment_NON_BEARING,50000,5.0,250000,2752.512,,"8ch(tacho;uh_ax,rad,tan;oh_ax,rad,tan;mic)",vertical_misalignment,1.40mm,,https://www02.smt.ufrj.br/~offshore/mfs/page_01.html,documented,rotation 45.8752 Hz from filename
MAFAULDA,mafaulda_vertical-misalignment_1.40mm_47.7184,mafaulda_vertical-misalignment_1.40mm,mafaulda_bearings_healthy,mafaulda_vertical-misalignment_1.40mm,,data/raw_mafaulda/full/vertical-misalignment/1.40mm/47.7184.csv,vertical-misalignment,Misalignment_NON_BEARING,50000,5.0,250000,2863.1040000000003,,"8ch(tacho;uh_ax,rad,tan;oh_ax,rad,tan;mic)",vertical_misalignment,1.40mm,,https://www02.smt.ufrj.br/~offshore/mfs/page_01.html,documented,rotation 47.7184 Hz from filename
MAFAULDA,mafaulda_vertical-misalignment_1.40mm_48.5376,mafaulda_vertical-misalignment_1.40mm,mafaulda_bearings_healthy,mafaulda_vertical-misalignment_1.40mm,,data/raw_mafaulda/full/vertical-misalignment/1.40mm/48.5376.csv,vertical-misalignment,Misalignment_NON_BEARING,50000,5.0,250000,2912.256,,"8ch(tacho;uh_ax,rad,tan;oh_ax,rad,tan;mic)",vertical_misalignment,1.40mm,,https://www02.smt.ufrj.br/~offshore/mfs/page_01.html,documented,rotation 48.5376 Hz from filename
MAFAULDA,mafaulda_vertical-misalignment_1.40mm_49.7664,mafaulda_vertical-misalignment_1.40mm,mafaulda_bearings_healthy,mafaulda_vertical-misalignment_1.40mm,,data/raw_mafaulda/full/vertical-misalignment/1.40mm/49.7664.csv,vertical-misalignment,Misalignment_NON_BEARING,50000,5.0,250000,2985.984,,"8ch(tacho;uh_ax,rad,tan;oh_ax,rad,tan;mic)",vertical_misalignment,1.40mm,,https://www02.smt.ufrj.br/~offshore/mfs/page_01.html,documented,rotation 49.7664 Hz from filename
MAFAULDA,mafaulda_vertical-misalignment_1.40mm_50.5856,mafaulda_vertical-misalignment_1.40mm,mafaulda_bearings_healthy,mafaulda_vertical-misalignment_1.40mm,,data/raw_mafaulda/full/vertical-misalignment/1.40mm/50.5856.csv,vertical-misalignment,Misalignment_NON_BEARING,50000,5.0,250000,3035.136,,"8ch(tacho;uh_ax,rad,tan;oh_ax,rad,tan;mic)",vertical_misalignment,1.40mm,,https://www02.smt.ufrj.br/~offshore/mfs/page_01.html,documented,rotation 50.5856 Hz from filename
MAFAULDA,mafaulda_vertical-misalignment_1.40mm_51.2,mafaulda_vertical-misalignment_1.40mm,mafaulda_bearings_healthy,mafaulda_vertical-misalignment_1.40mm,,data/raw_mafaulda/full/vertical-misalignment/1.40mm/51.2.csv,vertical-misalignment,Misalignment_NON_BEARING,50000,5.0,250000,3072.0,,"8ch(tacho;uh_ax,rad,tan;oh_ax,rad,tan;mic)",vertical_misalignment,1.40mm,,https://www02.smt.ufrj.br/~offshore/mfs/page_01.html,documented,rotation 51.2 Hz from filename
MAFAULDA,mafaulda_vertical-misalignment_1.40mm_52.0192,mafaulda_vertical-misalignment_1.40mm,mafaulda_bearings_healthy,mafaulda_vertical-misalignment_1.40mm,,data/raw_mafaulda/full/vertical-misalignment/1.40mm/52.0192.csv,vertical-misalignment,Misalignment_NON_BEARING,50000,5.0,250000,3121.152,,"8ch(tacho;uh_ax,rad,tan;oh_ax,rad,tan;mic)",vertical_misalignment,1.40mm,,https://www02.smt.ufrj.br/~offshore/mfs/page_01.html,documented,rotation 52.0192 Hz from filename
MAFAULDA,mafaulda_vertical-misalignment_1.40mm_53.4528,mafaulda_vertical-misalignment_1.40mm,mafaulda_bearings_healthy,mafaulda_vertical-misalignment_1.40mm,,data/raw_mafaulda/full/vertical-misalignment/1.40mm/53.4528.csv,vertical-misalignment,Misalignment_NON_BEARING,50000,5.0,250000,3207.168,,"8ch(tacho;uh_ax,rad,tan;oh_ax,rad,tan;mic)",vertical_misalignment,1.40mm,,https://www02.smt.ufrj.br/~offshore/mfs/page_01.html,documented,rotation 53.4528 Hz from filename
MAFAULDA,mafaulda_vertical-misalignment_1.40mm_54.272,mafaulda_vertical-misalignment_1.40mm,mafaulda_bearings_healthy,mafaulda_vertical-misalignment_1.40mm,,data/raw_mafaulda/full/vertical-misalignment/1.40mm/54.272.csv,vertical-misalignment,Misalignment_NON_BEARING,50000,5.0,250000,3256.3199999999997,,"8ch(tacho;uh_ax,rad,tan;oh_ax,rad,tan;mic)",vertical_misalignment,1.40mm,,https://www02.smt.ufrj.br/~offshore/mfs/page_01.html,documented,rotation 54.272 Hz from filename
MAFAULDA,mafaulda_vertical-misalignment_1.40mm_55.5008,mafaulda_vertical-misalignment_1.40mm,mafaulda_bearings_healthy,mafaulda_vertical-misalignment_1.40mm,,data/raw_mafaulda/full/vertical-misalignment/1.40mm/55.5008.csv,vertical-misalignment,Misalignment_NON_BEARING,50000,5.0,250000,3330.048,,"8ch(tacho;uh_ax,rad,tan;oh_ax,rad,tan;mic)",vertical_misalignment,1.40mm,,https://www02.smt.ufrj.br/~offshore/mfs/page_01.html,documented,rotation 55.5008 Hz from filename
MAFAULDA,mafaulda_vertical-misalignment_1.40mm_56.5248,mafaulda_vertical-misalignment_1.40mm,mafaulda_bearings_healthy,mafaulda_vertical-misalignment_1.40mm,,data/raw_mafaulda/full/vertical-misalignment/1.40mm/56.5248.csv,vertical-misalignment,Misalignment_NON_BEARING,50000,5.0,250000,3391.488,,"8ch(tacho;uh_ax,rad,tan;oh_ax,rad,tan;mic)",vertical_misalignment,1.40mm,,https://www02.smt.ufrj.br/~offshore/mfs/page_01.html,documented,rotation 56.5248 Hz from filename
MAFAULDA,mafaulda_vertical-misalignment_1.40mm_57.344,mafaulda_vertical-misalignment_1.40mm,mafaulda_bearings_healthy,mafaulda_vertical-misalignment_1.40mm,,data/raw_mafaulda/full/vertical-misalignment/1.40mm/57.344.csv,vertical-misalignment,Misalignment_NON_BEARING,50000,5.0,250000,3440.64,,"8ch(tacho;uh_ax,rad,tan;oh_ax,rad,tan;mic)",vertical_misalignment,1.40mm,,https://www02.smt.ufrj.br/~offshore/mfs/page_01.html,documented,rotation 57.344 Hz from filename
MAFAULDA,mafaulda_vertical-misalignment_1.40mm_58.368,mafaulda_vertical-misalignment_1.40mm,mafaulda_bearings_healthy,mafaulda_vertical-misalignment_1.40mm,,data/raw_mafaulda/full/vertical-misalignment/1.40mm/58.368.csv,vertical-misalignment,Misalignment_NON_BEARING,50000,5.0,250000,3502.08,,"8ch(tacho;uh_ax,rad,tan;oh_ax,rad,tan;mic)",vertical_misalignment,1.40mm,,https://www02.smt.ufrj.br/~offshore/mfs/page_01.html,documented,rotation 58.368 Hz from filename
MAFAULDA,mafaulda_vertical-misalignment_1.40mm_59.392,mafaulda_vertical-misalignment_1.40mm,mafaulda_bearings_healthy,mafaulda_vertical-misalignment_1.40mm,,data/raw_mafaulda/full/vertical-misalignment/1.40mm/59.392.csv,vertical-misalignment,Misalignment_NON_BEARING,50000,5.0,250000,3563.52,,"8ch(tacho;uh_ax,rad,tan;oh_ax,rad,tan;mic)",vertical_misalignment,1.40mm,,https://www02.smt.ufrj.br/~offshore/mfs/page_01.html,documented,rotation 59.392 Hz from filename
MAFAULDA,mafaulda_vertical-misalignment_1.40mm_60.416,mafaulda_vertical-misalignment_1.40mm,mafaulda_bearings_healthy,mafaulda_vertical-misalignment_1.40mm,,data/raw_mafaulda/full/vertical-misalignment/1.40mm/60.416.csv,vertical-misalignment,Misalignment_NON_BEARING,50000,5.0,250000,3624.96,,"8ch(tacho;uh_ax,rad,tan;oh_ax,rad,tan;mic)",vertical_misalignment,1.40mm,,https://www02.smt.ufrj.br/~offshore/mfs/page_01.html,documented,rotation 60.416 Hz from filename
MAFAULDA,mafaulda_vertical-misalignment_1.40mm_61.2352,mafaulda_vertical-misalignment_1.40mm,mafaulda_bearings_healthy,mafaulda_vertical-misalignment_1.40mm,,data/raw_mafaulda/full/vertical-misalignment/1.40mm/61.2352.csv,vertical-misalignment,Misalignment_NON_BEARING,50000,5.0,250000,3674.112,,"8ch(tacho;uh_ax,rad,tan;oh_ax,rad,tan;mic)",vertical_misalignment,1.40mm,,https://www02.smt.ufrj.br/~offshore/mfs/page_01.html,documented,rotation 61.2352 Hz from filename
MAFAULDA,mafaulda_vertical-misalignment_1.78mm_12.4928,mafaulda_vertical-misalignment_1.78mm,mafaulda_bearings_healthy,mafaulda_vertical-misalignment_1.78mm,,data/raw_mafaulda/full/vertical-misalignment/1.78mm/12.4928.csv,vertical-misalignment,Misalignment_NON_BEARING,50000,5.0,250000,749.5680000000001,,"8ch(tacho;uh_ax,rad,tan;oh_ax,rad,tan;mic)",vertical_misalignment,1.78mm,,https://www02.smt.ufrj.br/~offshore/mfs/page_01.html,documented,rotation 12.4928 Hz from filename
MAFAULDA,mafaulda_vertical-misalignment_1.78mm_13.312,mafaulda_vertical-misalignment_1.78mm,mafaulda_bearings_healthy,mafaulda_vertical-misalignment_1.78mm,,data/raw_mafaulda/full/vertical-misalignment/1.78mm/13.312.csv,vertical-misalignment,Misalignment_NON_BEARING,50000,5.0,250000,798.7199999999999,,"8ch(tacho;uh_ax,rad,tan;oh_ax,rad,tan;mic)",vertical_misalignment,1.78mm,,https://www02.smt.ufrj.br/~offshore/mfs/page_01.html,documented,rotation 13.312 Hz from filename
MAFAULDA,mafaulda_vertical-misalignment_1.78mm_15.1552,mafaulda_vertical-misalignment_1.78mm,mafaulda_bearings_healthy,mafaulda_vertical-misalignment_1.78mm,,data/raw_mafaulda/full/vertical-misalignment/1.78mm/15.1552.csv,vertical-misalignment,Misalignment_NON_BEARING,50000,5.0,250000,909.312,,"8ch(tacho;uh_ax,rad,tan;oh_ax,rad,tan;mic)",vertical_misalignment,1.78mm,,https://www02.smt.ufrj.br/~offshore/mfs/page_01.html,documented,rotation 15.1552 Hz from filename
MAFAULDA,mafaulda_vertical-misalignment_1.78mm_15.9744,mafaulda_vertical-misalignment_1.78mm,mafaulda_bearings_healthy,mafaulda_vertical-misalignment_1.78mm,,data/raw_mafaulda/full/vertical-misalignment/1.78mm/15.9744.csv,vertical-misalignment,Misalignment_NON_BEARING,50000,5.0,250000,958.4639999999999,,"8ch(tacho;uh_ax,rad,tan;oh_ax,rad,tan;mic)",vertical_misalignment,1.78mm,,https://www02.smt.ufrj.br/~offshore/mfs/page_01.html,documented,rotation 15.9744 Hz from filename
MAFAULDA,mafaulda_vertical-misalignment_1.78mm_16.7936,mafaulda_vertical-misalignment_1.78mm,mafaulda_bearings_healthy,mafaulda_vertical-misalignment_1.78mm,,data/raw_mafaulda/full/vertical-misalignment/1.78mm/16.7936.csv,vertical-misalignment,Misalignment_NON_BEARING,50000,5.0,250000,1007.6160000000001,,"8ch(tacho;uh_ax,rad,tan;oh_ax,rad,tan;mic)",vertical_misalignment,1.78mm,,https://www02.smt.ufrj.br/~offshore/mfs/page_01.html,documented,rotation 16.7936 Hz from filename
MAFAULDA,mafaulda_vertical-misalignment_1.78mm_17.408,mafaulda_vertical-misalignment_1.78mm,mafaulda_bearings_healthy,mafaulda_vertical-misalignment_1.78mm,,data/raw_mafaulda/full/vertical-misalignment/1.78mm/17.408.csv,vertical-misalignment,Misalignment_NON_BEARING,50000,5.0,250000,1044.48,,"8ch(tacho;uh_ax,rad,tan;oh_ax,rad,tan;mic)",vertical_misalignment,1.78mm,,https://www02.smt.ufrj.br/~offshore/mfs/page_01.html,documented,rotation 17.408 Hz from filename
MAFAULDA,mafaulda_vertical-misalignment_1.78mm_18.432,mafaulda_vertical-misalignment_1.78mm,mafaulda_bearings_healthy,mafaulda_vertical-misalignment_1.78mm,,data/raw_mafaulda/full/vertical-misalignment/1.78mm/18.432.csv,vertical-misalignment,Misalignment_NON_BEARING,50000,5.0,250000,1105.9199999999998,,"8ch(tacho;uh_ax,rad,tan;oh_ax,rad,tan;mic)",vertical_misalignment,1.78mm,,https://www02.smt.ufrj.br/~offshore/mfs/page_01.html,documented,rotation 18.432 Hz from filename
MAFAULDA,mafaulda_vertical-misalignment_1.78mm_19.2512,mafaulda_vertical-misalignment_1.78mm,mafaulda_bearings_healthy,mafaulda_vertical-misalignment_1.78mm,,data/raw_mafaulda/full/vertical-misalignment/1.78mm/19.2512.csv,vertical-misalignment,Misalignment_NON_BEARING,50000,5.0,250000,1155.0720000000001,,"8ch(tacho;uh_ax,rad,tan;oh_ax,rad,tan;mic)",vertical_misalignment,1.78mm,,https://www02.smt.ufrj.br/~offshore/mfs/page_01.html,documented,rotation 19.2512 Hz from filename
MAFAULDA,mafaulda_vertical-misalignment_1.78mm_20.48,mafaulda_vertical-misalignment_1.78mm,mafaulda_bearings_healthy,mafaulda_vertical-misalignment_1.78mm,,data/raw_mafaulda/full/vertical-misalignment/1.78mm/20.48.csv,vertical-misalignment,Misalignment_NON_BEARING,50000,5.0,250000,1228.8,,"8ch(tacho;uh_ax,rad,tan;oh_ax,rad,tan;mic)",vertical_misalignment,1.78mm,,https://www02.smt.ufrj.br/~offshore/mfs/page_01.html,documented,rotation 20.48 Hz from filename
MAFAULDA,mafaulda_vertical-misalignment_1.78mm_21.7088,mafaulda_vertical-misalignment_1.78mm,mafaulda_bearings_healthy,mafaulda_vertical-misalignment_1.78mm,,data/raw_mafaulda/full/vertical-misalignment/1.78mm/21.7088.csv,vertical-misalignment,Misalignment_NON_BEARING,50000,5.0,250000,1302.528,,"8ch(tacho;uh_ax,rad,tan;oh_ax,rad,tan;mic)",vertical_misalignment,1.78mm,,https://www02.smt.ufrj.br/~offshore/mfs/page_01.html,documented,rotation 21.7088 Hz from filename
MAFAULDA,mafaulda_vertical-misalignment_1.78mm_22.528,mafaulda_vertical-misalignment_1.78mm,mafaulda_bearings_healthy,mafaulda_vertical-misalignment_1.78mm,,data/raw_mafaulda/full/vertical-misalignment/1.78mm/22.528.csv,vertical-misalignment,Misalignment_NON_BEARING,50000,5.0,250000,1351.6799999999998,,"8ch(tacho;uh_ax,rad,tan;oh_ax,rad,tan;mic)",vertical_misalignment,1.78mm,,https://www02.smt.ufrj.br/~offshore/mfs/page_01.html,documented,rotation 22.528 Hz from filename
MAFAULDA,mafaulda_vertical-misalignment_1.78mm_23.9616,mafaulda_vertical-misalignment_1.78mm,mafaulda_bearings_healthy,mafaulda_vertical-misalignment_1.78mm,,data/raw_mafaulda/full/vertical-misalignment/1.78mm/23.9616.csv,vertical-misalignment,Misalignment_NON_BEARING,50000,5.0,250000,1437.6960000000001,,"8ch(tacho;uh_ax,rad,tan;oh_ax,rad,tan;mic)",vertical_misalignment,1.78mm,,https://www02.smt.ufrj.br/~offshore/mfs/page_01.html,documented,rotation 23.9616 Hz from filename
MAFAULDA,mafaulda_vertical-misalignment_1.78mm_24.7808,mafaulda_vertical-misalignment_1.78mm,mafaulda_bearings_healthy,mafaulda_vertical-misalignment_1.78mm,,data/raw_mafaulda/full/vertical-misalignment/1.78mm/24.7808.csv,vertical-misalignment,Misalignment_NON_BEARING,50000,5.0,250000,1486.848,,"8ch(tacho;uh_ax,rad,tan;oh_ax,rad,tan;mic)",vertical_misalignment,1.78mm,,https://www02.smt.ufrj.br/~offshore/mfs/page_01.html,documented,rotation 24.7808 Hz from filename
MAFAULDA,mafaulda_vertical-misalignment_1.78mm_25.8048,mafaulda_vertical-misalignment_1.78mm,mafaulda_bearings_healthy,mafaulda_vertical-misalignment_1.78mm,,data/raw_mafaulda/full/vertical-misalignment/1.78mm/25.8048.csv,vertical-misalignment,Misalignment_NON_BEARING,50000,5.0,250000,1548.288,,"8ch(tacho;uh_ax,rad,tan;oh_ax,rad,tan;mic)",vertical_misalignment,1.78mm,,https://www02.smt.ufrj.br/~offshore/mfs/page_01.html,documented,rotation 25.8048 Hz from filename
MAFAULDA,mafaulda_vertical-misalignment_1.78mm_26.624,mafaulda_vertical-misalignment_1.78mm,mafaulda_bearings_healthy,mafaulda_vertical-misalignment_1.78mm,,data/raw_mafaulda/full/vertical-misalignment/1.78mm/26.624.csv,vertical-misalignment,Misalignment_NON_BEARING,50000,5.0,250000,1597.4399999999998,,"8ch(tacho;uh_ax,rad,tan;oh_ax,rad,tan;mic)",vertical_misalignment,1.78mm,,https://www02.smt.ufrj.br/~offshore/mfs/page_01.html,documented,rotation 26.624 Hz from filename
MAFAULDA,mafaulda_vertical-misalignment_1.78mm_27.4432,mafaulda_vertical-misalignment_1.78mm,mafaulda_bearings_healthy,mafaulda_vertical-misalignment_1.78mm,,data/raw_mafaulda/full/vertical-misalignment/1.78mm/27.4432.csv,vertical-misalignment,Misalignment_NON_BEARING,50000,5.0,250000,1646.592,,"8ch(tacho;uh_ax,rad,tan;oh_ax,rad,tan;mic)",vertical_misalignment,1.78mm,,https://www02.smt.ufrj.br/~offshore/mfs/page_01.html,documented,rotation 27.4432 Hz from filename
MAFAULDA,mafaulda_vertical-misalignment_1.78mm_28.4672,mafaulda_vertical-misalignment_1.78mm,mafaulda_bearings_healthy,mafaulda_vertical-misalignment_1.78mm,,data/raw_mafaulda/full/vertical-misalignment/1.78mm/28.4672.csv,vertical-misalignment,Misalignment_NON_BEARING,50000,5.0,250000,1708.032,,"8ch(tacho;uh_ax,rad,tan;oh_ax,rad,tan;mic)",vertical_misalignment,1.78mm,,https://www02.smt.ufrj.br/~offshore/mfs/page_01.html,documented,rotation 28.4672 Hz from filename
MAFAULDA,mafaulda_vertical-misalignment_1.78mm_29.4912,mafaulda_vertical-misalignment_1.78mm,mafaulda_bearings_healthy,mafaulda_vertical-misalignment_1.78mm,,data/raw_mafaulda/full/vertical-misalignment/1.78mm/29.4912.csv,vertical-misalignment,Misalignment_NON_BEARING,50000,5.0,250000,1769.472,,"8ch(tacho;uh_ax,rad,tan;oh_ax,rad,tan;mic)",vertical_misalignment,1.78mm,,https://www02.smt.ufrj.br/~offshore/mfs/page_01.html,documented,rotation 29.4912 Hz from filename
MAFAULDA,mafaulda_vertical-misalignment_1.78mm_30.5152,mafaulda_vertical-misalignment_1.78mm,mafaulda_bearings_healthy,mafaulda_vertical-misalignment_1.78mm,,data/raw_mafaulda/full/vertical-misalignment/1.78mm/30.5152.csv,vertical-misalignment,Misalignment_NON_BEARING,50000,5.0,250000,1830.912,,"8ch(tacho;uh_ax,rad,tan;oh_ax,rad,tan;mic)",vertical_misalignment,1.78mm,,https://www02.smt.ufrj.br/~offshore/mfs/page_01.html,documented,rotation 30.5152 Hz from filename
MAFAULDA,mafaulda_vertical-misalignment_1.78mm_31.3344,mafaulda_vertical-misalignment_1.78mm,mafaulda_bearings_healthy,mafaulda_vertical-misalignment_1.78mm,,data/raw_mafaulda/full/vertical-misalignment/1.78mm/31.3344.csv,vertical-misalignment,Misalignment_NON_BEARING,50000,5.0,250000,1880.0639999999999,,"8ch(tacho;uh_ax,rad,tan;oh_ax,rad,tan;mic)",vertical_misalignment,1.78mm,,https://www02.smt.ufrj.br/~offshore/mfs/page_01.html,documented,rotation 31.3344 Hz from filename
MAFAULDA,mafaulda_vertical-misalignment_1.78mm_32.768,mafaulda_vertical-misalignment_1.78mm,mafaulda_bearings_healthy,mafaulda_vertical-misalignment_1.78mm,,data/raw_mafaulda/full/vertical-misalignment/1.78mm/32.768.csv,vertical-misalignment,Misalignment_NON_BEARING,50000,5.0,250000,1966.08,,"8ch(tacho;uh_ax,rad,tan;oh_ax,rad,tan;mic)",vertical_misalignment,1.78mm,,https://www02.smt.ufrj.br/~offshore/mfs/page_01.html,documented,rotation 32.768 Hz from filename
MAFAULDA,mafaulda_vertical-misalignment_1.78mm_33.1776,mafaulda_vertical-misalignment_1.78mm,mafaulda_bearings_healthy,mafaulda_vertical-misalignment_1.78mm,,data/raw_mafaulda/full/vertical-misalignment/1.78mm/33.1776.csv,vertical-misalignment,Misalignment_NON_BEARING,50000,5.0,250000,1990.656,,"8ch(tacho;uh_ax,rad,tan;oh_ax,rad,tan;mic)",vertical_misalignment,1.78mm,,https://www02.smt.ufrj.br/~offshore/mfs/page_01.html,documented,rotation 33.1776 Hz from filename
MAFAULDA,mafaulda_vertical-misalignment_1.78mm_34.816,mafaulda_vertical-misalignment_1.78mm,mafaulda_bearings_healthy,mafaulda_vertical-misalignment_1.78mm,,data/raw_mafaulda/full/vertical-misalignment/1.78mm/34.816.csv,vertical-misalignment,Misalignment_NON_BEARING,50000,5.0,250000,2088.96,,"8ch(tacho;uh_ax,rad,tan;oh_ax,rad,tan;mic)",vertical_misalignment,1.78mm,,https://www02.smt.ufrj.br/~offshore/mfs/page_01.html,documented,rotation 34.816 Hz from filename
MAFAULDA,mafaulda_vertical-misalignment_1.78mm_36.2496,mafaulda_vertical-misalignment_1.78mm,mafaulda_bearings_healthy,mafaulda_vertical-misalignment_1.78mm,,data/raw_mafaulda/full/vertical-misalignment/1.78mm/36.2496.csv,vertical-misalignment,Misalignment_NON_BEARING,50000,5.0,250000,2174.976,,"8ch(tacho;uh_ax,rad,tan;oh_ax,rad,tan;mic)",vertical_misalignment,1.78mm,,https://www02.smt.ufrj.br/~offshore/mfs/page_01.html,documented,rotation 36.2496 Hz from filename
MAFAULDA,mafaulda_vertical-misalignment_1.78mm_36.6592,mafaulda_vertical-misalignment_1.78mm,mafaulda_bearings_healthy,mafaulda_vertical-misalignment_1.78mm,,data/raw_mafaulda/full/vertical-misalignment/1.78mm/36.6592.csv,vertical-misalignment,Misalignment_NON_BEARING,50000,5.0,250000,2199.5519999999997,,"8ch(tacho;uh_ax,rad,tan;oh_ax,rad,tan;mic)",vertical_misalignment,1.78mm,,https://www02.smt.ufrj.br/~offshore/mfs/page_01.html,documented,rotation 36.6592 Hz from filename
MAFAULDA,mafaulda_vertical-misalignment_1.78mm_37.2736,mafaulda_vertical-misalignment_1.78mm,mafaulda_bearings_healthy,mafaulda_vertical-misalignment_1.78mm,,data/raw_mafaulda/full/vertical-misalignment/1.78mm/37.2736.csv,vertical-misalignment,Misalignment_NON_BEARING,50000,5.0,250000,2236.416,,"8ch(tacho;uh_ax,rad,tan;oh_ax,rad,tan;mic)",vertical_misalignment,1.78mm,,https://www02.smt.ufrj.br/~offshore/mfs/page_01.html,documented,rotation 37.2736 Hz from filename
MAFAULDA,mafaulda_vertical-misalignment_1.78mm_38.0928,mafaulda_vertical-misalignment_1.78mm,mafaulda_bearings_healthy,mafaulda_vertical-misalignment_1.78mm,,data/raw_mafaulda/full/vertical-misalignment/1.78mm/38.0928.csv,vertical-misalignment,Misalignment_NON_BEARING,50000,5.0,250000,2285.5679999999998,,"8ch(tacho;uh_ax,rad,tan;oh_ax,rad,tan;mic)",vertical_misalignment,1.78mm,,https://www02.smt.ufrj.br/~offshore/mfs/page_01.html,documented,rotation 38.0928 Hz from filename
MAFAULDA,mafaulda_vertical-misalignment_1.78mm_39.7312,mafaulda_vertical-misalignment_1.78mm,mafaulda_bearings_healthy,mafaulda_vertical-misalignment_1.78mm,,data/raw_mafaulda/full/vertical-misalignment/1.78mm/39.7312.csv,vertical-misalignment,Misalignment_NON_BEARING,50000,5.0,250000,2383.8720000000003,,"8ch(tacho;uh_ax,rad,tan;oh_ax,rad,tan;mic)",vertical_misalignment,1.78mm,,https://www02.smt.ufrj.br/~offshore/mfs/page_01.html,documented,rotation 39.7312 Hz from filename
MAFAULDA,mafaulda_vertical-misalignment_1.78mm_40.5504,mafaulda_vertical-misalignment_1.78mm,mafaulda_bearings_healthy,mafaulda_vertical-misalignment_1.78mm,,data/raw_mafaulda/full/vertical-misalignment/1.78mm/40.5504.csv,vertical-misalignment,Misalignment_NON_BEARING,50000,5.0,250000,2433.0240000000003,,"8ch(tacho;uh_ax,rad,tan;oh_ax,rad,tan;mic)",vertical_misalignment,1.78mm,,https://www02.smt.ufrj.br/~offshore/mfs/page_01.html,documented,rotation 40.5504 Hz from filename
MAFAULDA,mafaulda_vertical-misalignment_1.78mm_41.5744,mafaulda_vertical-misalignment_1.78mm,mafaulda_bearings_healthy,mafaulda_vertical-misalignment_1.78mm,,data/raw_mafaulda/full/vertical-misalignment/1.78mm/41.5744.csv,vertical-misalignment,Misalignment_NON_BEARING,50000,5.0,250000,2494.464,,"8ch(tacho;uh_ax,rad,tan;oh_ax,rad,tan;mic)",vertical_misalignment,1.78mm,,https://www02.smt.ufrj.br/~offshore/mfs/page_01.html,documented,rotation 41.5744 Hz from filename
MAFAULDA,mafaulda_vertical-misalignment_1.78mm_42.1888,mafaulda_vertical-misalignment_1.78mm,mafaulda_bearings_healthy,mafaulda_vertical-misalignment_1.78mm,,data/raw_mafaulda/full/vertical-misalignment/1.78mm/42.1888.csv,vertical-misalignment,Misalignment_NON_BEARING,50000,5.0,250000,2531.328,,"8ch(tacho;uh_ax,rad,tan;oh_ax,rad,tan;mic)",vertical_misalignment,1.78mm,,https://www02.smt.ufrj.br/~offshore/mfs/page_01.html,documented,rotation 42.1888 Hz from filename
MAFAULDA,mafaulda_vertical-misalignment_1.78mm_43.4176,mafaulda_vertical-misalignment_1.78mm,mafaulda_bearings_healthy,mafaulda_vertical-misalignment_1.78mm,,data/raw_mafaulda/full/vertical-misalignment/1.78mm/43.4176.csv,vertical-misalignment,Misalignment_NON_BEARING,50000,5.0,250000,2605.056,,"8ch(tacho;uh_ax,rad,tan;oh_ax,rad,tan;mic)",vertical_misalignment,1.78mm,,https://www02.smt.ufrj.br/~offshore/mfs/page_01.html,documented,rotation 43.4176 Hz from filename
MAFAULDA,mafaulda_vertical-misalignment_1.78mm_44.2368,mafaulda_vertical-misalignment_1.78mm,mafaulda_bearings_healthy,mafaulda_vertical-misalignment_1.78mm,,data/raw_mafaulda/full/vertical-misalignment/1.78mm/44.2368.csv,vertical-misalignment,Misalignment_NON_BEARING,50000,5.0,250000,2654.208,,"8ch(tacho;uh_ax,rad,tan;oh_ax,rad,tan;mic)",vertical_misalignment,1.78mm,,https://www02.smt.ufrj.br/~offshore/mfs/page_01.html,documented,rotation 44.2368 Hz from filename
MAFAULDA,mafaulda_vertical-misalignment_1.78mm_45.056,mafaulda_vertical-misalignment_1.78mm,mafaulda_bearings_healthy,mafaulda_vertical-misalignment_1.78mm,,data/raw_mafaulda/full/vertical-misalignment/1.78mm/45.056.csv,vertical-misalignment,Misalignment_NON_BEARING,50000,5.0,250000,2703.3599999999997,,"8ch(tacho;uh_ax,rad,tan;oh_ax,rad,tan;mic)",vertical_misalignment,1.78mm,,https://www02.smt.ufrj.br/~offshore/mfs/page_01.html,documented,rotation 45.056 Hz from filename
MAFAULDA,mafaulda_vertical-misalignment_1.78mm_46.2848,mafaulda_vertical-misalignment_1.78mm,mafaulda_bearings_healthy,mafaulda_vertical-misalignment_1.78mm,,data/raw_mafaulda/full/vertical-misalignment/1.78mm/46.2848.csv,vertical-misalignment,Misalignment_NON_BEARING,50000,5.0,250000,2777.0879999999997,,"8ch(tacho;uh_ax,rad,tan;oh_ax,rad,tan;mic)",vertical_misalignment,1.78mm,,https://www02.smt.ufrj.br/~offshore/mfs/page_01.html,documented,rotation 46.2848 Hz from filename
MAFAULDA,mafaulda_vertical-misalignment_1.78mm_47.3088,mafaulda_vertical-misalignment_1.78mm,mafaulda_bearings_healthy,mafaulda_vertical-misalignment_1.78mm,,data/raw_mafaulda/full/vertical-misalignment/1.78mm/47.3088.csv,vertical-misalignment,Misalignment_NON_BEARING,50000,5.0,250000,2838.528,,"8ch(tacho;uh_ax,rad,tan;oh_ax,rad,tan;mic)",vertical_misalignment,1.78mm,,https://www02.smt.ufrj.br/~offshore/mfs/page_01.html,documented,rotation 47.3088 Hz from filename
MAFAULDA,mafaulda_vertical-misalignment_1.78mm_48.128,mafaulda_vertical-misalignment_1.78mm,mafaulda_bearings_healthy,mafaulda_vertical-misalignment_1.78mm,,data/raw_mafaulda/full/vertical-misalignment/1.78mm/48.128.csv,vertical-misalignment,Misalignment_NON_BEARING,50000,5.0,250000,2887.68,,"8ch(tacho;uh_ax,rad,tan;oh_ax,rad,tan;mic)",vertical_misalignment,1.78mm,,https://www02.smt.ufrj.br/~offshore/mfs/page_01.html,documented,rotation 48.128 Hz from filename
MAFAULDA,mafaulda_vertical-misalignment_1.78mm_49.3568,mafaulda_vertical-misalignment_1.78mm,mafaulda_bearings_healthy,mafaulda_vertical-misalignment_1.78mm,,data/raw_mafaulda/full/vertical-misalignment/1.78mm/49.3568.csv,vertical-misalignment,Misalignment_NON_BEARING,50000,5.0,250000,2961.408,,"8ch(tacho;uh_ax,rad,tan;oh_ax,rad,tan;mic)",vertical_misalignment,1.78mm,,https://www02.smt.ufrj.br/~offshore/mfs/page_01.html,documented,rotation 49.3568 Hz from filename
MAFAULDA,mafaulda_vertical-misalignment_1.78mm_50.3808,mafaulda_vertical-misalignment_1.78mm,mafaulda_bearings_healthy,mafaulda_vertical-misalignment_1.78mm,,data/raw_mafaulda/full/vertical-misalignment/1.78mm/50.3808.csv,vertical-misalignment,Misalignment_NON_BEARING,50000,5.0,250000,3022.848,,"8ch(tacho;uh_ax,rad,tan;oh_ax,rad,tan;mic)",vertical_misalignment,1.78mm,,https://www02.smt.ufrj.br/~offshore/mfs/page_01.html,documented,rotation 50.3808 Hz from filename
MAFAULDA,mafaulda_vertical-misalignment_1.78mm_51.8144,mafaulda_vertical-misalignment_1.78mm,mafaulda_bearings_healthy,mafaulda_vertical-misalignment_1.78mm,,data/raw_mafaulda/full/vertical-misalignment/1.78mm/51.8144.csv,vertical-misalignment,Misalignment_NON_BEARING,50000,5.0,250000,3108.864,,"8ch(tacho;uh_ax,rad,tan;oh_ax,rad,tan;mic)",vertical_misalignment,1.78mm,,https://www02.smt.ufrj.br/~offshore/mfs/page_01.html,documented,rotation 51.8144 Hz from filename
MAFAULDA,mafaulda_vertical-misalignment_1.78mm_52.224,mafaulda_vertical-misalignment_1.78mm,mafaulda_bearings_healthy,mafaulda_vertical-misalignment_1.78mm,,data/raw_mafaulda/full/vertical-misalignment/1.78mm/52.224.csv,vertical-misalignment,Misalignment_NON_BEARING,50000,5.0,250000,3133.4399999999996,,"8ch(tacho;uh_ax,rad,tan;oh_ax,rad,tan;mic)",vertical_misalignment,1.78mm,,https://www02.smt.ufrj.br/~offshore/mfs/page_01.html,documented,rotation 52.224 Hz from filename
MAFAULDA,mafaulda_vertical-misalignment_1.78mm_53.0432,mafaulda_vertical-misalignment_1.78mm,mafaulda_bearings_healthy,mafaulda_vertical-misalignment_1.78mm,,data/raw_mafaulda/full/vertical-misalignment/1.78mm/53.0432.csv,vertical-misalignment,Misalignment_NON_BEARING,50000,5.0,250000,3182.592,,"8ch(tacho;uh_ax,rad,tan;oh_ax,rad,tan;mic)",vertical_misalignment,1.78mm,,https://www02.smt.ufrj.br/~offshore/mfs/page_01.html,documented,rotation 53.0432 Hz from filename
MAFAULDA,mafaulda_vertical-misalignment_1.78mm_54.272,mafaulda_vertical-misalignment_1.78mm,mafaulda_bearings_healthy,mafaulda_vertical-misalignment_1.78mm,,data/raw_mafaulda/full/vertical-misalignment/1.78mm/54.272.csv,vertical-misalignment,Misalignment_NON_BEARING,50000,5.0,250000,3256.3199999999997,,"8ch(tacho;uh_ax,rad,tan;oh_ax,rad,tan;mic)",vertical_misalignment,1.78mm,,https://www02.smt.ufrj.br/~offshore/mfs/page_01.html,documented,rotation 54.272 Hz from filename
MAFAULDA,mafaulda_vertical-misalignment_1.78mm_55.9104,mafaulda_vertical-misalignment_1.78mm,mafaulda_bearings_healthy,mafaulda_vertical-misalignment_1.78mm,,data/raw_mafaulda/full/vertical-misalignment/1.78mm/55.9104.csv,vertical-misalignment,Misalignment_NON_BEARING,50000,5.0,250000,3354.6240000000003,,"8ch(tacho;uh_ax,rad,tan;oh_ax,rad,tan;mic)",vertical_misalignment,1.78mm,,https://www02.smt.ufrj.br/~offshore/mfs/page_01.html,documented,rotation 55.9104 Hz from filename
MAFAULDA,mafaulda_vertical-misalignment_1.78mm_56.5248,mafaulda_vertical-misalignment_1.78mm,mafaulda_bearings_healthy,mafaulda_vertical-misalignment_1.78mm,,data/raw_mafaulda/full/vertical-misalignment/1.78mm/56.5248.csv,vertical-misalignment,Misalignment_NON_BEARING,50000,5.0,250000,3391.488,,"8ch(tacho;uh_ax,rad,tan;oh_ax,rad,tan;mic)",vertical_misalignment,1.78mm,,https://www02.smt.ufrj.br/~offshore/mfs/page_01.html,documented,rotation 56.5248 Hz from filename
MAFAULDA,mafaulda_vertical-misalignment_1.78mm_57.344,mafaulda_vertical-misalignment_1.78mm,mafaulda_bearings_healthy,mafaulda_vertical-misalignment_1.78mm,,data/raw_mafaulda/full/vertical-misalignment/1.78mm/57.344.csv,vertical-misalignment,Misalignment_NON_BEARING,50000,5.0,250000,3440.64,,"8ch(tacho;uh_ax,rad,tan;oh_ax,rad,tan;mic)",vertical_misalignment,1.78mm,,https://www02.smt.ufrj.br/~offshore/mfs/page_01.html,documented,rotation 57.344 Hz from filename
MAFAULDA,mafaulda_vertical-misalignment_1.78mm_58.5728,mafaulda_vertical-misalignment_1.78mm,mafaulda_bearings_healthy,mafaulda_vertical-misalignment_1.78mm,,data/raw_mafaulda/full/vertical-misalignment/1.78mm/58.5728.csv,vertical-misalignment,Misalignment_NON_BEARING,50000,5.0,250000,3514.368,,"8ch(tacho;uh_ax,rad,tan;oh_ax,rad,tan;mic)",vertical_misalignment,1.78mm,,https://www02.smt.ufrj.br/~offshore/mfs/page_01.html,documented,rotation 58.5728 Hz from filename
MAFAULDA,mafaulda_vertical-misalignment_1.78mm_60.0064,mafaulda_vertical-misalignment_1.78mm,mafaulda_bearings_healthy,mafaulda_vertical-misalignment_1.78mm,,data/raw_mafaulda/full/vertical-misalignment/1.78mm/60.0064.csv,vertical-misalignment,Misalignment_NON_BEARING,50000,5.0,250000,3600.384,,"8ch(tacho;uh_ax,rad,tan;oh_ax,rad,tan;mic)",vertical_misalignment,1.78mm,,https://www02.smt.ufrj.br/~offshore/mfs/page_01.html,documented,rotation 60.0064 Hz from filename
MAFAULDA,mafaulda_vertical-misalignment_1.78mm_60.6208,mafaulda_vertical-misalignment_1.78mm,mafaulda_bearings_healthy,mafaulda_vertical-misalignment_1.78mm,,data/raw_mafaulda/full/vertical-misalignment/1.78mm/60.6208.csv,vertical-misalignment,Misalignment_NON_BEARING,50000,5.0,250000,3637.248,,"8ch(tacho;uh_ax,rad,tan;oh_ax,rad,tan;mic)",vertical_misalignment,1.78mm,,https://www02.smt.ufrj.br/~offshore/mfs/page_01.html,documented,rotation 60.6208 Hz from filename
MAFAULDA,mafaulda_vertical-misalignment_1.78mm_62.0544,mafaulda_vertical-misalignment_1.78mm,mafaulda_bearings_healthy,mafaulda_vertical-misalignment_1.78mm,,data/raw_mafaulda/full/vertical-misalignment/1.78mm/62.0544.csv,vertical-misalignment,Misalignment_NON_BEARING,50000,5.0,250000,3723.264,,"8ch(tacho;uh_ax,rad,tan;oh_ax,rad,tan;mic)",vertical_misalignment,1.78mm,,https://www02.smt.ufrj.br/~offshore/mfs/page_01.html,documented,rotation 62.0544 Hz from filename
MAFAULDA,mafaulda_vertical-misalignment_1.90mm_12.0832,mafaulda_vertical-misalignment_1.90mm,mafaulda_bearings_healthy,mafaulda_vertical-misalignment_1.90mm,,data/raw_mafaulda/full/vertical-misalignment/1.90mm/12.0832.csv,vertical-misalignment,Misalignment_NON_BEARING,50000,5.0,250000,724.992,,"8ch(tacho;uh_ax,rad,tan;oh_ax,rad,tan;mic)",vertical_misalignment,1.90mm,,https://www02.smt.ufrj.br/~offshore/mfs/page_01.html,documented,rotation 12.0832 Hz from filename
MAFAULDA,mafaulda_vertical-misalignment_1.90mm_14.5408,mafaulda_vertical-misalignment_1.90mm,mafaulda_bearings_healthy,mafaulda_vertical-misalignment_1.90mm,,data/raw_mafaulda/full/vertical-misalignment/1.90mm/14.5408.csv,vertical-misalignment,Misalignment_NON_BEARING,50000,5.0,250000,872.4480000000001,,"8ch(tacho;uh_ax,rad,tan;oh_ax,rad,tan;mic)",vertical_misalignment,1.90mm,,https://www02.smt.ufrj.br/~offshore/mfs/page_01.html,documented,rotation 14.5408 Hz from filename
MAFAULDA,mafaulda_vertical-misalignment_1.90mm_15.1552,mafaulda_vertical-misalignment_1.90mm,mafaulda_bearings_healthy,mafaulda_vertical-misalignment_1.90mm,,data/raw_mafaulda/full/vertical-misalignment/1.90mm/15.1552.csv,vertical-misalignment,Misalignment_NON_BEARING,50000,5.0,250000,909.312,,"8ch(tacho;uh_ax,rad,tan;oh_ax,rad,tan;mic)",vertical_misalignment,1.90mm,,https://www02.smt.ufrj.br/~offshore/mfs/page_01.html,documented,rotation 15.1552 Hz from filename
MAFAULDA,mafaulda_vertical-misalignment_1.90mm_16.1792,mafaulda_vertical-misalignment_1.90mm,mafaulda_bearings_healthy,mafaulda_vertical-misalignment_1.90mm,,data/raw_mafaulda/full/vertical-misalignment/1.90mm/16.1792.csv,vertical-misalignment,Misalignment_NON_BEARING,50000,5.0,250000,970.7520000000001,,"8ch(tacho;uh_ax,rad,tan;oh_ax,rad,tan;mic)",vertical_misalignment,1.90mm,,https://www02.smt.ufrj.br/~offshore/mfs/page_01.html,documented,rotation 16.1792 Hz from filename
MAFAULDA,mafaulda_vertical-misalignment_1.90mm_17.408,mafaulda_vertical-misalignment_1.90mm,mafaulda_bearings_healthy,mafaulda_vertical-misalignment_1.90mm,,data/raw_mafaulda/full/vertical-misalignment/1.90mm/17.408.csv,vertical-misalignment,Misalignment_NON_BEARING,50000,5.0,250000,1044.48,,"8ch(tacho;uh_ax,rad,tan;oh_ax,rad,tan;mic)",vertical_misalignment,1.90mm,,https://www02.smt.ufrj.br/~offshore/mfs/page_01.html,documented,rotation 17.408 Hz from filename
MAFAULDA,mafaulda_vertical-misalignment_1.90mm_18.432,mafaulda_vertical-misalignment_1.90mm,mafaulda_bearings_healthy,mafaulda_vertical-misalignment_1.90mm,,data/raw_mafaulda/full/vertical-misalignment/1.90mm/18.432.csv,vertical-misalignment,Misalignment_NON_BEARING,50000,5.0,250000,1105.9199999999998,,"8ch(tacho;uh_ax,rad,tan;oh_ax,rad,tan;mic)",vertical_misalignment,1.90mm,,https://www02.smt.ufrj.br/~offshore/mfs/page_01.html,documented,rotation 18.432 Hz from filename
MAFAULDA,mafaulda_vertical-misalignment_1.90mm_18.6368,mafaulda_vertical-misalignment_1.90mm,mafaulda_bearings_healthy,mafaulda_vertical-misalignment_1.90mm,,data/raw_mafaulda/full/vertical-misalignment/1.90mm/18.6368.csv,vertical-misalignment,Misalignment_NON_BEARING,50000,5.0,250000,1118.208,,"8ch(tacho;uh_ax,rad,tan;oh_ax,rad,tan;mic)",vertical_misalignment,1.90mm,,https://www02.smt.ufrj.br/~offshore/mfs/page_01.html,documented,rotation 18.6368 Hz from filename
MAFAULDA,mafaulda_vertical-misalignment_1.90mm_19.6608,mafaulda_vertical-misalignment_1.90mm,mafaulda_bearings_healthy,mafaulda_vertical-misalignment_1.90mm,,data/raw_mafaulda/full/vertical-misalignment/1.90mm/19.6608.csv,vertical-misalignment,Misalignment_NON_BEARING,50000,5.0,250000,1179.648,,"8ch(tacho;uh_ax,rad,tan;oh_ax,rad,tan;mic)",vertical_misalignment,1.90mm,,https://www02.smt.ufrj.br/~offshore/mfs/page_01.html,documented,rotation 19.6608 Hz from filename
MAFAULDA,mafaulda_vertical-misalignment_1.90mm_20.8896,mafaulda_vertical-misalignment_1.90mm,mafaulda_bearings_healthy,mafaulda_vertical-misalignment_1.90mm,,data/raw_mafaulda/full/vertical-misalignment/1.90mm/20.8896.csv,vertical-misalignment,Misalignment_NON_BEARING,50000,5.0,250000,1253.3760000000002,,"8ch(tacho;uh_ax,rad,tan;oh_ax,rad,tan;mic)",vertical_misalignment,1.90mm,,https://www02.smt.ufrj.br/~offshore/mfs/page_01.html,documented,rotation 20.8896 Hz from filename
MAFAULDA,mafaulda_vertical-misalignment_1.90mm_22.1184,mafaulda_vertical-misalignment_1.90mm,mafaulda_bearings_healthy,mafaulda_vertical-misalignment_1.90mm,,data/raw_mafaulda/full/vertical-misalignment/1.90mm/22.1184.csv,vertical-misalignment,Misalignment_NON_BEARING,50000,5.0,250000,1327.104,,"8ch(tacho;uh_ax,rad,tan;oh_ax,rad,tan;mic)",vertical_misalignment,1.90mm,,https://www02.smt.ufrj.br/~offshore/mfs/page_01.html,documented,rotation 22.1184 Hz from filename
MAFAULDA,mafaulda_vertical-misalignment_1.90mm_22.528,mafaulda_vertical-misalignment_1.90mm,mafaulda_bearings_healthy,mafaulda_vertical-misalignment_1.90mm,,data/raw_mafaulda/full/vertical-misalignment/1.90mm/22.528.csv,vertical-misalignment,Misalignment_NON_BEARING,50000,5.0,250000,1351.6799999999998,,"8ch(tacho;uh_ax,rad,tan;oh_ax,rad,tan;mic)",vertical_misalignment,1.90mm,,https://www02.smt.ufrj.br/~offshore/mfs/page_01.html,documented,rotation 22.528 Hz from filename
MAFAULDA,mafaulda_vertical-misalignment_1.90mm_23.552,mafaulda_vertical-misalignment_1.90mm,mafaulda_bearings_healthy,mafaulda_vertical-misalignment_1.90mm,,data/raw_mafaulda/full/vertical-misalignment/1.90mm/23.552.csv,vertical-misalignment,Misalignment_NON_BEARING,50000,5.0,250000,1413.12,,"8ch(tacho;uh_ax,rad,tan;oh_ax,rad,tan;mic)",vertical_misalignment,1.90mm,,https://www02.smt.ufrj.br/~offshore/mfs/page_01.html,documented,rotation 23.552 Hz from filename
MAFAULDA,mafaulda_vertical-misalignment_1.90mm_24.7808,mafaulda_vertical-misalignment_1.90mm,mafaulda_bearings_healthy,mafaulda_vertical-misalignment_1.90mm,,data/raw_mafaulda/full/vertical-misalignment/1.90mm/24.7808.csv,vertical-misalignment,Misalignment_NON_BEARING,50000,5.0,250000,1486.848,,"8ch(tacho;uh_ax,rad,tan;oh_ax,rad,tan;mic)",vertical_misalignment,1.90mm,,https://www02.smt.ufrj.br/~offshore/mfs/page_01.html,documented,rotation 24.7808 Hz from filename
MAFAULDA,mafaulda_vertical-misalignment_1.90mm_25.3952,mafaulda_vertical-misalignment_1.90mm,mafaulda_bearings_healthy,mafaulda_vertical-misalignment_1.90mm,,data/raw_mafaulda/full/vertical-misalignment/1.90mm/25.3952.csv,vertical-misalignment,Misalignment_NON_BEARING,50000,5.0,250000,1523.712,,"8ch(tacho;uh_ax,rad,tan;oh_ax,rad,tan;mic)",vertical_misalignment,1.90mm,,https://www02.smt.ufrj.br/~offshore/mfs/page_01.html,documented,rotation 25.3952 Hz from filename
MAFAULDA,mafaulda_vertical-misalignment_1.90mm_26.4192,mafaulda_vertical-misalignment_1.90mm,mafaulda_bearings_healthy,mafaulda_vertical-misalignment_1.90mm,,data/raw_mafaulda/full/vertical-misalignment/1.90mm/26.4192.csv,vertical-misalignment,Misalignment_NON_BEARING,50000,5.0,250000,1585.152,,"8ch(tacho;uh_ax,rad,tan;oh_ax,rad,tan;mic)",vertical_misalignment,1.90mm,,https://www02.smt.ufrj.br/~offshore/mfs/page_01.html,documented,rotation 26.4192 Hz from filename
MAFAULDA,mafaulda_vertical-misalignment_1.90mm_27.2384,mafaulda_vertical-misalignment_1.90mm,mafaulda_bearings_healthy,mafaulda_vertical-misalignment_1.90mm,,data/raw_mafaulda/full/vertical-misalignment/1.90mm/27.2384.csv,vertical-misalignment,Misalignment_NON_BEARING,50000,5.0,250000,1634.3039999999999,,"8ch(tacho;uh_ax,rad,tan;oh_ax,rad,tan;mic)",vertical_misalignment,1.90mm,,https://www02.smt.ufrj.br/~offshore/mfs/page_01.html,documented,rotation 27.2384 Hz from filename
MAFAULDA,mafaulda_vertical-misalignment_1.90mm_28.8768,mafaulda_vertical-misalignment_1.90mm,mafaulda_bearings_healthy,mafaulda_vertical-misalignment_1.90mm,,data/raw_mafaulda/full/vertical-misalignment/1.90mm/28.8768.csv,vertical-misalignment,Misalignment_NON_BEARING,50000,5.0,250000,1732.608,,"8ch(tacho;uh_ax,rad,tan;oh_ax,rad,tan;mic)",vertical_misalignment,1.90mm,,https://www02.smt.ufrj.br/~offshore/mfs/page_01.html,documented,rotation 28.8768 Hz from filename
MAFAULDA,mafaulda_vertical-misalignment_1.90mm_29.9008,mafaulda_vertical-misalignment_1.90mm,mafaulda_bearings_healthy,mafaulda_vertical-misalignment_1.90mm,,data/raw_mafaulda/full/vertical-misalignment/1.90mm/29.9008.csv,vertical-misalignment,Misalignment_NON_BEARING,50000,5.0,250000,1794.048,,"8ch(tacho;uh_ax,rad,tan;oh_ax,rad,tan;mic)",vertical_misalignment,1.90mm,,https://www02.smt.ufrj.br/~offshore/mfs/page_01.html,documented,rotation 29.9008 Hz from filename
MAFAULDA,mafaulda_vertical-misalignment_1.90mm_30.3104,mafaulda_vertical-misalignment_1.90mm,mafaulda_bearings_healthy,mafaulda_vertical-misalignment_1.90mm,,data/raw_mafaulda/full/vertical-misalignment/1.90mm/30.3104.csv,vertical-misalignment,Misalignment_NON_BEARING,50000,5.0,250000,1818.624,,"8ch(tacho;uh_ax,rad,tan;oh_ax,rad,tan;mic)",vertical_misalignment,1.90mm,,https://www02.smt.ufrj.br/~offshore/mfs/page_01.html,documented,rotation 30.3104 Hz from filename
MAFAULDA,mafaulda_vertical-misalignment_1.90mm_31.3344,mafaulda_vertical-misalignment_1.90mm,mafaulda_bearings_healthy,mafaulda_vertical-misalignment_1.90mm,,data/raw_mafaulda/full/vertical-misalignment/1.90mm/31.3344.csv,vertical-misalignment,Misalignment_NON_BEARING,50000,5.0,250000,1880.0639999999999,,"8ch(tacho;uh_ax,rad,tan;oh_ax,rad,tan;mic)",vertical_misalignment,1.90mm,,https://www02.smt.ufrj.br/~offshore/mfs/page_01.html,documented,rotation 31.3344 Hz from filename
MAFAULDA,mafaulda_vertical-misalignment_1.90mm_32.5632,mafaulda_vertical-misalignment_1.90mm,mafaulda_bearings_healthy,mafaulda_vertical-misalignment_1.90mm,,data/raw_mafaulda/full/vertical-misalignment/1.90mm/32.5632.csv,vertical-misalignment,Misalignment_NON_BEARING,50000,5.0,250000,1953.7920000000001,,"8ch(tacho;uh_ax,rad,tan;oh_ax,rad,tan;mic)",vertical_misalignment,1.90mm,,https://www02.smt.ufrj.br/~offshore/mfs/page_01.html,documented,rotation 32.5632 Hz from filename
MAFAULDA,mafaulda_vertical-misalignment_1.90mm_33.792,mafaulda_vertical-misalignment_1.90mm,mafaulda_bearings_healthy,mafaulda_vertical-misalignment_1.90mm,,data/raw_mafaulda/full/vertical-misalignment/1.90mm/33.792.csv,vertical-misalignment,Misalignment_NON_BEARING,50000,5.0,250000,2027.52,,"8ch(tacho;uh_ax,rad,tan;oh_ax,rad,tan;mic)",vertical_misalignment,1.90mm,,https://www02.smt.ufrj.br/~offshore/mfs/page_01.html,documented,rotation 33.792 Hz from filename
MAFAULDA,mafaulda_vertical-misalignment_1.90mm_34.4064,mafaulda_vertical-misalignment_1.90mm,mafaulda_bearings_healthy,mafaulda_vertical-misalignment_1.90mm,,data/raw_mafaulda/full/vertical-misalignment/1.90mm/34.4064.csv,vertical-misalignment,Misalignment_NON_BEARING,50000,5.0,250000,2064.384,,"8ch(tacho;uh_ax,rad,tan;oh_ax,rad,tan;mic)",vertical_misalignment,1.90mm,,https://www02.smt.ufrj.br/~offshore/mfs/page_01.html,documented,rotation 34.4064 Hz from filename
MAFAULDA,mafaulda_vertical-misalignment_1.90mm_35.2256,mafaulda_vertical-misalignment_1.90mm,mafaulda_bearings_healthy,mafaulda_vertical-misalignment_1.90mm,,data/raw_mafaulda/full/vertical-misalignment/1.90mm/35.2256.csv,vertical-misalignment,Misalignment_NON_BEARING,50000,5.0,250000,2113.536,,"8ch(tacho;uh_ax,rad,tan;oh_ax,rad,tan;mic)",vertical_misalignment,1.90mm,,https://www02.smt.ufrj.br/~offshore/mfs/page_01.html,documented,rotation 35.2256 Hz from filename
MAFAULDA,mafaulda_vertical-misalignment_1.90mm_36.2496,mafaulda_vertical-misalignment_1.90mm,mafaulda_bearings_healthy,mafaulda_vertical-misalignment_1.90mm,,data/raw_mafaulda/full/vertical-misalignment/1.90mm/36.2496.csv,vertical-misalignment,Misalignment_NON_BEARING,50000,5.0,250000,2174.976,,"8ch(tacho;uh_ax,rad,tan;oh_ax,rad,tan;mic)",vertical_misalignment,1.90mm,,https://www02.smt.ufrj.br/~offshore/mfs/page_01.html,documented,rotation 36.2496 Hz from filename
MAFAULDA,mafaulda_vertical-misalignment_1.90mm_37.4784,mafaulda_vertical-misalignment_1.90mm,mafaulda_bearings_healthy,mafaulda_vertical-misalignment_1.90mm,,data/raw_mafaulda/full/vertical-misalignment/1.90mm/37.4784.csv,vertical-misalignment,Misalignment_NON_BEARING,50000,5.0,250000,2248.704,,"8ch(tacho;uh_ax,rad,tan;oh_ax,rad,tan;mic)",vertical_misalignment,1.90mm,,https://www02.smt.ufrj.br/~offshore/mfs/page_01.html,documented,rotation 37.4784 Hz from filename
MAFAULDA,mafaulda_vertical-misalignment_1.90mm_38.5024,mafaulda_vertical-misalignment_1.90mm,mafaulda_bearings_healthy,mafaulda_vertical-misalignment_1.90mm,,data/raw_mafaulda/full/vertical-misalignment/1.90mm/38.5024.csv,vertical-misalignment,Misalignment_NON_BEARING,50000,5.0,250000,2310.1440000000002,,"8ch(tacho;uh_ax,rad,tan;oh_ax,rad,tan;mic)",vertical_misalignment,1.90mm,,https://www02.smt.ufrj.br/~offshore/mfs/page_01.html,documented,rotation 38.5024 Hz from filename
MAFAULDA,mafaulda_vertical-misalignment_1.90mm_39.3216,mafaulda_vertical-misalignment_1.90mm,mafaulda_bearings_healthy,mafaulda_vertical-misalignment_1.90mm,,data/raw_mafaulda/full/vertical-misalignment/1.90mm/39.3216.csv,vertical-misalignment,Misalignment_NON_BEARING,50000,5.0,250000,2359.296,,"8ch(tacho;uh_ax,rad,tan;oh_ax,rad,tan;mic)",vertical_misalignment,1.90mm,,https://www02.smt.ufrj.br/~offshore/mfs/page_01.html,documented,rotation 39.3216 Hz from filename
MAFAULDA,mafaulda_vertical-misalignment_1.90mm_40.3456,mafaulda_vertical-misalignment_1.90mm,mafaulda_bearings_healthy,mafaulda_vertical-misalignment_1.90mm,,data/raw_mafaulda/full/vertical-misalignment/1.90mm/40.3456.csv,vertical-misalignment,Misalignment_NON_BEARING,50000,5.0,250000,2420.736,,"8ch(tacho;uh_ax,rad,tan;oh_ax,rad,tan;mic)",vertical_misalignment,1.90mm,,https://www02.smt.ufrj.br/~offshore/mfs/page_01.html,documented,rotation 40.3456 Hz from filename
MAFAULDA,mafaulda_vertical-misalignment_1.90mm_40.96,mafaulda_vertical-misalignment_1.90mm,mafaulda_bearings_healthy,mafaulda_vertical-misalignment_1.90mm,,data/raw_mafaulda/full/vertical-misalignment/1.90mm/40.96.csv,vertical-misalignment,Misalignment_NON_BEARING,50000,5.0,250000,2457.6,,"8ch(tacho;uh_ax,rad,tan;oh_ax,rad,tan;mic)",vertical_misalignment,1.90mm,,https://www02.smt.ufrj.br/~offshore/mfs/page_01.html,documented,rotation 40.96 Hz from filename
MAFAULDA,mafaulda_vertical-misalignment_1.90mm_42.1888,mafaulda_vertical-misalignment_1.90mm,mafaulda_bearings_healthy,mafaulda_vertical-misalignment_1.90mm,,data/raw_mafaulda/full/vertical-misalignment/1.90mm/42.1888.csv,vertical-misalignment,Misalignment_NON_BEARING,50000,5.0,250000,2531.328,,"8ch(tacho;uh_ax,rad,tan;oh_ax,rad,tan;mic)",vertical_misalignment,1.90mm,,https://www02.smt.ufrj.br/~offshore/mfs/page_01.html,documented,rotation 42.1888 Hz from filename
MAFAULDA,mafaulda_vertical-misalignment_1.90mm_42.8032,mafaulda_vertical-misalignment_1.90mm,mafaulda_bearings_healthy,mafaulda_vertical-misalignment_1.90mm,,data/raw_mafaulda/full/vertical-misalignment/1.90mm/42.8032.csv,vertical-misalignment,Misalignment_NON_BEARING,50000,5.0,250000,2568.192,,"8ch(tacho;uh_ax,rad,tan;oh_ax,rad,tan;mic)",vertical_misalignment,1.90mm,,https://www02.smt.ufrj.br/~offshore/mfs/page_01.html,documented,rotation 42.8032 Hz from filename
MAFAULDA,mafaulda_vertical-misalignment_1.90mm_44.2368,mafaulda_vertical-misalignment_1.90mm,mafaulda_bearings_healthy,mafaulda_vertical-misalignment_1.90mm,,data/raw_mafaulda/full/vertical-misalignment/1.90mm/44.2368.csv,vertical-misalignment,Misalignment_NON_BEARING,50000,5.0,250000,2654.208,,"8ch(tacho;uh_ax,rad,tan;oh_ax,rad,tan;mic)",vertical_misalignment,1.90mm,,https://www02.smt.ufrj.br/~offshore/mfs/page_01.html,documented,rotation 44.2368 Hz from filename
MAFAULDA,mafaulda_vertical-misalignment_1.90mm_44.8512,mafaulda_vertical-misalignment_1.90mm,mafaulda_bearings_healthy,mafaulda_vertical-misalignment_1.90mm,,data/raw_mafaulda/full/vertical-misalignment/1.90mm/44.8512.csv,vertical-misalignment,Misalignment_NON_BEARING,50000,5.0,250000,2691.072,,"8ch(tacho;uh_ax,rad,tan;oh_ax,rad,tan;mic)",vertical_misalignment,1.90mm,,https://www02.smt.ufrj.br/~offshore/mfs/page_01.html,documented,rotation 44.8512 Hz from filename
MAFAULDA,mafaulda_vertical-misalignment_1.90mm_45.8752,mafaulda_vertical-misalignment_1.90mm,mafaulda_bearings_healthy,mafaulda_vertical-misalignment_1.90mm,,data/raw_mafaulda/full/vertical-misalignment/1.90mm/45.8752.csv,vertical-misalignment,Misalignment_NON_BEARING,50000,5.0,250000,2752.512,,"8ch(tacho;uh_ax,rad,tan;oh_ax,rad,tan;mic)",vertical_misalignment,1.90mm,,https://www02.smt.ufrj.br/~offshore/mfs/page_01.html,documented,rotation 45.8752 Hz from filename
MAFAULDA,mafaulda_vertical-misalignment_1.90mm_47.104,mafaulda_vertical-misalignment_1.90mm,mafaulda_bearings_healthy,mafaulda_vertical-misalignment_1.90mm,,data/raw_mafaulda/full/vertical-misalignment/1.90mm/47.104.csv,vertical-misalignment,Misalignment_NON_BEARING,50000,5.0,250000,2826.24,,"8ch(tacho;uh_ax,rad,tan;oh_ax,rad,tan;mic)",vertical_misalignment,1.90mm,,https://www02.smt.ufrj.br/~offshore/mfs/page_01.html,documented,rotation 47.104 Hz from filename
MAFAULDA,mafaulda_vertical-misalignment_1.90mm_48.7424,mafaulda_vertical-misalignment_1.90mm,mafaulda_bearings_healthy,mafaulda_vertical-misalignment_1.90mm,,data/raw_mafaulda/full/vertical-misalignment/1.90mm/48.7424.csv,vertical-misalignment,Misalignment_NON_BEARING,50000,5.0,250000,2924.5440000000003,,"8ch(tacho;uh_ax,rad,tan;oh_ax,rad,tan;mic)",vertical_misalignment,1.90mm,,https://www02.smt.ufrj.br/~offshore/mfs/page_01.html,documented,rotation 48.7424 Hz from filename
MAFAULDA,mafaulda_vertical-misalignment_1.90mm_49.3568,mafaulda_vertical-misalignment_1.90mm,mafaulda_bearings_healthy,mafaulda_vertical-misalignment_1.90mm,,data/raw_mafaulda/full/vertical-misalignment/1.90mm/49.3568.csv,vertical-misalignment,Misalignment_NON_BEARING,50000,5.0,250000,2961.408,,"8ch(tacho;uh_ax,rad,tan;oh_ax,rad,tan;mic)",vertical_misalignment,1.90mm,,https://www02.smt.ufrj.br/~offshore/mfs/page_01.html,documented,rotation 49.3568 Hz from filename
MAFAULDA,mafaulda_vertical-misalignment_1.90mm_49.9712,mafaulda_vertical-misalignment_1.90mm,mafaulda_bearings_healthy,mafaulda_vertical-misalignment_1.90mm,,data/raw_mafaulda/full/vertical-misalignment/1.90mm/49.9712.csv,vertical-misalignment,Misalignment_NON_BEARING,50000,5.0,250000,2998.2720000000004,,"8ch(tacho;uh_ax,rad,tan;oh_ax,rad,tan;mic)",vertical_misalignment,1.90mm,,https://www02.smt.ufrj.br/~offshore/mfs/page_01.html,documented,rotation 49.9712 Hz from filename
MAFAULDA,mafaulda_vertical-misalignment_1.90mm_51.2,mafaulda_vertical-misalignment_1.90mm,mafaulda_bearings_healthy,mafaulda_vertical-misalignment_1.90mm,,data/raw_mafaulda/full/vertical-misalignment/1.90mm/51.2.csv,vertical-misalignment,Misalignment_NON_BEARING,50000,5.0,250000,3072.0,,"8ch(tacho;uh_ax,rad,tan;oh_ax,rad,tan;mic)",vertical_misalignment,1.90mm,,https://www02.smt.ufrj.br/~offshore/mfs/page_01.html,documented,rotation 51.2 Hz from filename
MAFAULDA,mafaulda_vertical-misalignment_1.90mm_52.224,mafaulda_vertical-misalignment_1.90mm,mafaulda_bearings_healthy,mafaulda_vertical-misalignment_1.90mm,,data/raw_mafaulda/full/vertical-misalignment/1.90mm/52.224.csv,vertical-misalignment,Misalignment_NON_BEARING,50000,5.0,250000,3133.4399999999996,,"8ch(tacho;uh_ax,rad,tan;oh_ax,rad,tan;mic)",vertical_misalignment,1.90mm,,https://www02.smt.ufrj.br/~offshore/mfs/page_01.html,documented,rotation 52.224 Hz from filename
MAFAULDA,mafaulda_vertical-misalignment_1.90mm_53.248,mafaulda_vertical-misalignment_1.90mm,mafaulda_bearings_healthy,mafaulda_vertical-misalignment_1.90mm,,data/raw_mafaulda/full/vertical-misalignment/1.90mm/53.248.csv,vertical-misalignment,Misalignment_NON_BEARING,50000,5.0,250000,3194.8799999999997,,"8ch(tacho;uh_ax,rad,tan;oh_ax,rad,tan;mic)",vertical_misalignment,1.90mm,,https://www02.smt.ufrj.br/~offshore/mfs/page_01.html,documented,rotation 53.248 Hz from filename
MAFAULDA,mafaulda_vertical-misalignment_1.90mm_54.6816,mafaulda_vertical-misalignment_1.90mm,mafaulda_bearings_healthy,mafaulda_vertical-misalignment_1.90mm,,data/raw_mafaulda/full/vertical-misalignment/1.90mm/54.6816.csv,vertical-misalignment,Misalignment_NON_BEARING,50000,5.0,250000,3280.896,,"8ch(tacho;uh_ax,rad,tan;oh_ax,rad,tan;mic)",vertical_misalignment,1.90mm,,https://www02.smt.ufrj.br/~offshore/mfs/page_01.html,documented,rotation 54.6816 Hz from filename
MAFAULDA,mafaulda_vertical-misalignment_1.90mm_55.9104,mafaulda_vertical-misalignment_1.90mm,mafaulda_bearings_healthy,mafaulda_vertical-misalignment_1.90mm,,data/raw_mafaulda/full/vertical-misalignment/1.90mm/55.9104.csv,vertical-misalignment,Misalignment_NON_BEARING,50000,5.0,250000,3354.6240000000003,,"8ch(tacho;uh_ax,rad,tan;oh_ax,rad,tan;mic)",vertical_misalignment,1.90mm,,https://www02.smt.ufrj.br/~offshore/mfs/page_01.html,documented,rotation 55.9104 Hz from filename
MAFAULDA,mafaulda_vertical-misalignment_1.90mm_56.7296,mafaulda_vertical-misalignment_1.90mm,mafaulda_bearings_healthy,mafaulda_vertical-misalignment_1.90mm,,data/raw_mafaulda/full/vertical-misalignment/1.90mm/56.7296.csv,vertical-misalignment,Misalignment_NON_BEARING,50000,5.0,250000,3403.776,,"8ch(tacho;uh_ax,rad,tan;oh_ax,rad,tan;mic)",vertical_misalignment,1.90mm,,https://www02.smt.ufrj.br/~offshore/mfs/page_01.html,documented,rotation 56.7296 Hz from filename
MAFAULDA,mafaulda_vertical-misalignment_1.90mm_57.9584,mafaulda_vertical-misalignment_1.90mm,mafaulda_bearings_healthy,mafaulda_vertical-misalignment_1.90mm,,data/raw_mafaulda/full/vertical-misalignment/1.90mm/57.9584.csv,vertical-misalignment,Misalignment_NON_BEARING,50000,5.0,250000,3477.504,,"8ch(tacho;uh_ax,rad,tan;oh_ax,rad,tan;mic)",vertical_misalignment,1.90mm,,https://www02.smt.ufrj.br/~offshore/mfs/page_01.html,documented,rotation 57.9584 Hz from filename
MAFAULDA,mafaulda_vertical-misalignment_1.90mm_58.5728,mafaulda_vertical-misalignment_1.90mm,mafaulda_bearings_healthy,mafaulda_vertical-misalignment_1.90mm,,data/raw_mafaulda/full/vertical-misalignment/1.90mm/58.5728.csv,vertical-misalignment,Misalignment_NON_BEARING,50000,5.0,250000,3514.368,,"8ch(tacho;uh_ax,rad,tan;oh_ax,rad,tan;mic)",vertical_misalignment,1.90mm,,https://www02.smt.ufrj.br/~offshore/mfs/page_01.html,documented,rotation 58.5728 Hz from filename
MAFAULDA,mafaulda_vertical-misalignment_1.90mm_59.8016,mafaulda_vertical-misalignment_1.90mm,mafaulda_bearings_healthy,mafaulda_vertical-misalignment_1.90mm,,data/raw_mafaulda/full/vertical-misalignment/1.90mm/59.8016.csv,vertical-misalignment,Misalignment_NON_BEARING,50000,5.0,250000,3588.096,,"8ch(tacho;uh_ax,rad,tan;oh_ax,rad,tan;mic)",vertical_misalignment,1.90mm,,https://www02.smt.ufrj.br/~offshore/mfs/page_01.html,documented,rotation 59.8016 Hz from filename
MAFAULDA,mafaulda_vertical-misalignment_1.90mm_61.0304,mafaulda_vertical-misalignment_1.90mm,mafaulda_bearings_healthy,mafaulda_vertical-misalignment_1.90mm,,data/raw_mafaulda/full/vertical-misalignment/1.90mm/61.0304.csv,vertical-misalignment,Misalignment_NON_BEARING,50000,5.0,250000,3661.824,,"8ch(tacho;uh_ax,rad,tan;oh_ax,rad,tan;mic)",vertical_misalignment,1.90mm,,https://www02.smt.ufrj.br/~offshore/mfs/page_01.html,documented,rotation 61.0304 Hz from filename
MAFAULDA,mafaulda_vertical-misalignment_1.90mm_61.44,mafaulda_vertical-misalignment_1.90mm,mafaulda_bearings_healthy,mafaulda_vertical-misalignment_1.90mm,,data/raw_mafaulda/full/vertical-misalignment/1.90mm/61.44.csv,vertical-misalignment,Misalignment_NON_BEARING,50000,5.0,250000,3686.3999999999996,,"8ch(tacho;uh_ax,rad,tan;oh_ax,rad,tan;mic)",vertical_misalignment,1.90mm,,https://www02.smt.ufrj.br/~offshore/mfs/page_01.html,documented,rotation 61.44 Hz from filename
