methodology_version,fold_id,dataset,split,recording_id,group_id,original_label,mapped_label_if_applicable,grouping_type,source_file,sampling_rate_hz,rpm,load,fault_type,fault_severity,bearing_position,session,experiment_id,temporal_block_id,temporal_start_sample,temporal_end_sample,guard_before,guard_after,is_usable,notes
methodology_v2.part2.v1,2,CWRU,test,cwru_X109,cwru48k_IR007,IR007,InnerRace,physical_specimen_across_loads,data/raw_cwru_48k/inner_race/IR007_0_DE48k.mat,48000,1796.0,0hp,inner_race,7 mil,drive_end,,cwru_IR007_load0,,,,,,True,"OR clock positions merged into specimen (approved conservative rule, CWRU_GROUPING_RECHECK.md)"
methodology_v2.part2.v1,2,CWRU,test,cwru_X110,cwru48k_IR007,IR007,InnerRace,physical_specimen_across_loads,data/raw_cwru_48k/inner_race/IR007_1_DE48k.mat,48000,1772.0,1hp,inner_race,7 mil,drive_end,,cwru_IR007_load1,,,,,,True,"OR clock positions merged into specimen (approved conservative rule, CWRU_GROUPING_RECHECK.md)"
methodology_v2.part2.v1,2,CWRU,test,cwru_X111,cwru48k_IR007,IR007,InnerRace,physical_specimen_across_loads,data/raw_cwru_48k/inner_race/IR007_2_DE48k.mat,48000,1748.0,2hp,inner_race,7 mil,drive_end,,cwru_IR007_load2,,,,,,True,"OR clock positions merged into specimen (approved conservative rule, CWRU_GROUPING_RECHECK.md)"
methodology_v2.part2.v1,2,CWRU,test,cwru_X112,cwru48k_IR007,IR007,InnerRace,physical_specimen_across_loads,data/raw_cwru_48k/inner_race/IR007_3_DE48k.mat,48000,1721.0,3hp,inner_race,7 mil,drive_end,,cwru_IR007_load3,,,,,,True,"OR clock positions merged into specimen (approved conservative rule, CWRU_GROUPING_RECHECK.md)"
methodology_v2.part2.v1,2,CWRU,validation,cwru_X122,cwru48k_B007,B007,RollingElement,physical_specimen_across_loads,data/raw_cwru_48k/ball/B007_0_DE48k.mat,48000,1796.0,0hp,ball,7 mil,drive_end,,cwru_B007_load0,,,,,,True,"OR clock positions merged into specimen (approved conservative rule, CWRU_GROUPING_RECHECK.md)"
methodology_v2.part2.v1,2,CWRU,validation,cwru_X123,cwru48k_B007,B007,RollingElement,physical_specimen_across_loads,data/raw_cwru_48k/ball/B007_1_DE48k.mat,48000,1772.0,1hp,ball,7 mil,drive_end,,cwru_B007_load1,,,,,,True,"OR clock positions merged into specimen (approved conservative rule, CWRU_GROUPING_RECHECK.md)"
methodology_v2.part2.v1,2,CWRU,validation,cwru_X124,cwru48k_B007,B007,RollingElement,physical_specimen_across_loads,data/raw_cwru_48k/ball/B007_2_DE48k.mat,48000,1747.0,2hp,ball,7 mil,drive_end,,cwru_B007_load2,,,,,,True,"OR clock positions merged into specimen (approved conservative rule, CWRU_GROUPING_RECHECK.md)"
methodology_v2.part2.v1,2,CWRU,validation,cwru_X125,cwru48k_B007,B007,RollingElement,physical_specimen_across_loads,data/raw_cwru_48k/ball/B007_3_DE48k.mat,48000,1721.0,3hp,ball,7 mil,drive_end,,cwru_B007_load3,,,,,,True,"OR clock positions merged into specimen (approved conservative rule, CWRU_GROUPING_RECHECK.md)"
methodology_v2.part2.v1,2,CWRU,train,cwru_X135,cwru48k_OR007,OR007@6,OuterRace,physical_specimen_across_loads,data/raw_cwru_48k/outer_race/OR007@6_0_DE48k.mat,48000,1796.0,0hp,outer_race,7 mil,drive_end,,cwru_OR007@6_load0,,,,,,True,"OR clock positions merged into specimen (approved conservative rule, CWRU_GROUPING_RECHECK.md)"
methodology_v2.part2.v1,2,CWRU,train,cwru_X136,cwru48k_OR007,OR007@6,OuterRace,physical_specimen_across_loads,data/raw_cwru_48k/outer_race/OR007@6_1_DE48k.mat,48000,1774.0,1hp,outer_race,7 mil,drive_end,,cwru_OR007@6_load1,,,,,,True,"OR clock positions merged into specimen (approved conservative rule, CWRU_GROUPING_RECHECK.md)"
methodology_v2.part2.v1,2,CWRU,train,cwru_X137,cwru48k_OR007,OR007@6,OuterRace,physical_specimen_across_loads,data/raw_cwru_48k/outer_race/OR007@6_2_DE48k.mat,48000,1750.0,2hp,outer_race,7 mil,drive_end,,cwru_OR007@6_load2,,,,,,True,"OR clock positions merged into specimen (approved conservative rule, CWRU_GROUPING_RECHECK.md)"
methodology_v2.part2.v1,2,CWRU,train,cwru_X138,cwru48k_OR007,OR007@6,OuterRace,physical_specimen_across_loads,data/raw_cwru_48k/outer_race/OR007@6_3_DE48k.mat,48000,1725.0,3hp,outer_race,7 mil,drive_end,,cwru_OR007@6_load3,,,,,,True,"OR clock positions merged into specimen (approved conservative rule, CWRU_GROUPING_RECHECK.md)"
methodology_v2.part2.v1,2,CWRU,train,cwru_X148,cwru48k_OR007,OR007@3,OuterRace,physical_specimen_across_loads,data/raw_cwru_48k/outer_race/OR007@3_0_DE48k.mat,48000,1797.0,0hp,outer_race,7 mil,drive_end,,cwru_OR007@3_load0,,,,,,True,"OR clock positions merged into specimen (approved conservative rule, CWRU_GROUPING_RECHECK.md)"
methodology_v2.part2.v1,2,CWRU,train,cwru_X149,cwru48k_OR007,OR007@3,OuterRace,physical_specimen_across_loads,data/raw_cwru_48k/outer_race/OR007@3_1_DE48k.mat,48000,1773.0,1hp,outer_race,7 mil,drive_end,,cwru_OR007@3_load1,,,,,,True,"OR clock positions merged into specimen (approved conservative rule, CWRU_GROUPING_RECHECK.md)"
methodology_v2.part2.v1,2,CWRU,train,cwru_X150,cwru48k_OR007,OR007@3,OuterRace,physical_specimen_across_loads,data/raw_cwru_48k/outer_race/OR007@3_2_DE48k.mat,48000,1750.0,2hp,outer_race,7 mil,drive_end,,cwru_OR007@3_load2,,,,,,True,"OR clock positions merged into specimen (approved conservative rule, CWRU_GROUPING_RECHECK.md)"
methodology_v2.part2.v1,2,CWRU,train,cwru_X151,cwru48k_OR007,OR007@3,OuterRace,physical_specimen_across_loads,data/raw_cwru_48k/outer_race/OR007@3_3_DE48k.mat,48000,1724.0,3hp,outer_race,7 mil,drive_end,,cwru_OR007@3_load3,,,,,,True,"OR clock positions merged into specimen (approved conservative rule, CWRU_GROUPING_RECHECK.md)"
methodology_v2.part2.v1,2,CWRU,train,cwru_X161,cwru48k_OR007,OR007@12,OuterRace,physical_specimen_across_loads,data/raw_cwru_48k/outer_race/OR007@12_0_DE48k.mat,48000,1796.0,0hp,outer_race,7 mil,drive_end,,cwru_OR007@12_load0,,,,,,True,"OR clock positions merged into specimen (approved conservative rule, CWRU_GROUPING_RECHECK.md)"
methodology_v2.part2.v1,2,CWRU,train,cwru_X162,cwru48k_OR007,OR007@12,OuterRace,physical_specimen_across_loads,data/raw_cwru_48k/outer_race/OR007@12_1_DE48k.mat,48000,1772.0,1hp,outer_race,7 mil,drive_end,,cwru_OR007@12_load1,,,,,,True,"OR clock positions merged into specimen (approved conservative rule, CWRU_GROUPING_RECHECK.md)"
methodology_v2.part2.v1,2,CWRU,train,cwru_X163,cwru48k_OR007,OR007@12,OuterRace,physical_specimen_across_loads,data/raw_cwru_48k/outer_race/OR007@12_2_DE48k.mat,48000,1749.0,2hp,outer_race,7 mil,drive_end,,cwru_OR007@12_load2,,,,,,True,"OR clock positions merged into specimen (approved conservative rule, CWRU_GROUPING_RECHECK.md)"
methodology_v2.part2.v1,2,CWRU,train,cwru_X164,cwru48k_OR007,OR007@12,OuterRace,physical_specimen_across_loads,data/raw_cwru_48k/outer_race/OR007@12_3_DE48k.mat,48000,1723.0,3hp,outer_race,7 mil,drive_end,,cwru_OR007@12_load3,,,,,,True,"OR clock positions merged into specimen (approved conservative rule, CWRU_GROUPING_RECHECK.md)"
methodology_v2.part2.v1,2,CWRU,train,cwru_X173,cwru48k_IR014,IR014,InnerRace,physical_specimen_across_loads,data/raw_cwru_48k/inner_race/IR014_0_DE48k.mat,48000,1796.0,0hp,inner_race,14 mil,drive_end,,cwru_IR014_load0,,,,,,True,"OR clock positions merged into specimen (approved conservative rule, CWRU_GROUPING_RECHECK.md)"
methodology_v2.part2.v1,2,CWRU,train,cwru_X175,cwru48k_IR014,IR014,InnerRace,physical_specimen_across_loads,data/raw_cwru_48k/inner_race/IR014_1_DE48k.mat,48000,1772.0,1hp,inner_race,14 mil,drive_end,,cwru_IR014_load1,,,,,,True,"OR clock positions merged into specimen (approved conservative rule, CWRU_GROUPING_RECHECK.md)"
methodology_v2.part2.v1,2,CWRU,train,cwru_X176,cwru48k_IR014,IR014,InnerRace,physical_specimen_across_loads,data/raw_cwru_48k/inner_race/IR014_2_DE48k.mat,48000,1751.0,2hp,inner_race,14 mil,drive_end,,cwru_IR014_load2,,,,,,True,"OR clock positions merged into specimen (approved conservative rule, CWRU_GROUPING_RECHECK.md)"
methodology_v2.part2.v1,2,CWRU,train,cwru_X177,cwru48k_IR014,IR014,InnerRace,physical_specimen_across_loads,data/raw_cwru_48k/inner_race/IR014_3_DE48k.mat,48000,1726.0,3hp,inner_race,14 mil,drive_end,,cwru_IR014_load3,,,,,,True,"OR clock positions merged into specimen (approved conservative rule, CWRU_GROUPING_RECHECK.md)"
methodology_v2.part2.v1,2,CWRU,test,cwru_X189,cwru48k_B014,B014,RollingElement,physical_specimen_across_loads,data/raw_cwru_48k/ball/B014_0_DE48k.mat,48000,1797.0,0hp,ball,14 mil,drive_end,,cwru_B014_load0,,,,,,True,"OR clock positions merged into specimen (approved conservative rule, CWRU_GROUPING_RECHECK.md)"
methodology_v2.part2.v1,2,CWRU,test,cwru_X190,cwru48k_B014,B014,RollingElement,physical_specimen_across_loads,data/raw_cwru_48k/ball/B014_1_DE48k.mat,48000,1772.0,1hp,ball,14 mil,drive_end,,cwru_B014_load1,,,,,,True,"OR clock positions merged into specimen (approved conservative rule, CWRU_GROUPING_RECHECK.md)"
methodology_v2.part2.v1,2,CWRU,test,cwru_X191,cwru48k_B014,B014,RollingElement,physical_specimen_across_loads,data/raw_cwru_48k/ball/B014_2_DE48k.mat,48000,1748.0,2hp,ball,14 mil,drive_end,,cwru_B014_load2,,,,,,True,"OR clock positions merged into specimen (approved conservative rule, CWRU_GROUPING_RECHECK.md)"
methodology_v2.part2.v1,2,CWRU,test,cwru_X192,cwru48k_B014,B014,RollingElement,physical_specimen_across_loads,data/raw_cwru_48k/ball/B014_3_DE48k.mat,48000,1725.0,3hp,ball,14 mil,drive_end,,cwru_B014_load3,,,,,,True,"OR clock positions merged into specimen (approved conservative rule, CWRU_GROUPING_RECHECK.md)"
methodology_v2.part2.v1,2,CWRU,validation,cwru_X201,cwru48k_OR014,OR014@6,OuterRace,physical_specimen_across_loads,data/raw_cwru_48k/outer_race/OR014@6_0_DE48k.mat,48000,1796.0,0hp,outer_race,14 mil,drive_end,,cwru_OR014@6_load0,,,,,,True,"OR clock positions merged into specimen (approved conservative rule, CWRU_GROUPING_RECHECK.md)"
methodology_v2.part2.v1,2,CWRU,validation,cwru_X202,cwru48k_OR014,OR014@6,OuterRace,physical_specimen_across_loads,data/raw_cwru_48k/outer_race/OR014@6_1_DE48k.mat,48000,1772.0,1hp,outer_race,14 mil,drive_end,,cwru_OR014@6_load1,,,,,,True,"OR clock positions merged into specimen (approved conservative rule, CWRU_GROUPING_RECHECK.md)"
methodology_v2.part2.v1,2,CWRU,validation,cwru_X203,cwru48k_OR014,OR014@6,OuterRace,physical_specimen_across_loads,data/raw_cwru_48k/outer_race/OR014@6_2_DE48k.mat,48000,1749.0,2hp,outer_race,14 mil,drive_end,,cwru_OR014@6_load2,,,,,,True,"OR clock positions merged into specimen (approved conservative rule, CWRU_GROUPING_RECHECK.md)"
methodology_v2.part2.v1,2,CWRU,validation,cwru_X204,cwru48k_OR014,OR014@6,OuterRace,physical_specimen_across_loads,data/raw_cwru_48k/outer_race/OR014@6_3_DE48k.mat,48000,1723.0,3hp,outer_race,14 mil,drive_end,,cwru_OR014@6_load3,,,,,,True,"OR clock positions merged into specimen (approved conservative rule, CWRU_GROUPING_RECHECK.md)"
methodology_v2.part2.v1,2,CWRU,validation,cwru_X213,cwru48k_IR021,IR021,InnerRace,physical_specimen_across_loads,data/raw_cwru_48k/inner_race/IR021_0_DE48k.mat,48000,1796.0,0hp,inner_race,21 mil,drive_end,,cwru_IR021_load0,,,,,,True,"OR clock positions merged into specimen (approved conservative rule, CWRU_GROUPING_RECHECK.md)"
methodology_v2.part2.v1,2,CWRU,validation,cwru_X214,cwru48k_IR021,IR021,InnerRace,physical_specimen_across_loads,data/raw_cwru_48k/inner_race/IR021_1_DE48k.mat,48000,1774.0,1hp,inner_race,21 mil,drive_end,,cwru_IR021_load1,,,,,,True,"OR clock positions merged into specimen (approved conservative rule, CWRU_GROUPING_RECHECK.md)"
methodology_v2.part2.v1,2,CWRU,validation,cwru_X215,cwru48k_IR021,IR021,InnerRace,physical_specimen_across_loads,data/raw_cwru_48k/inner_race/IR021_2_DE48k.mat,48000,1752.0,2hp,inner_race,21 mil,drive_end,,cwru_IR021_load2,,,,,,True,"OR clock positions merged into specimen (approved conservative rule, CWRU_GROUPING_RECHECK.md)"
methodology_v2.part2.v1,2,CWRU,validation,cwru_X217,cwru48k_IR021,IR021,InnerRace,physical_specimen_across_loads,data/raw_cwru_48k/inner_race/IR021_3_DE48k.mat,48000,1727.0,3hp,inner_race,21 mil,drive_end,,cwru_IR021_load3,,,,,,True,"OR clock positions merged into specimen (approved conservative rule, CWRU_GROUPING_RECHECK.md)"
methodology_v2.part2.v1,2,CWRU,train,cwru_X226,cwru48k_B021,B021,RollingElement,physical_specimen_across_loads,data/raw_cwru_48k/ball/B021_0_DE48k.mat,48000,1797.0,0hp,ball,21 mil,drive_end,,cwru_B021_load0,,,,,,True,"OR clock positions merged into specimen (approved conservative rule, CWRU_GROUPING_RECHECK.md)"
methodology_v2.part2.v1,2,CWRU,train,cwru_X227,cwru48k_B021,B021,RollingElement,physical_specimen_across_loads,data/raw_cwru_48k/ball/B021_1_DE48k.mat,48000,1774.0,1hp,ball,21 mil,drive_end,,cwru_B021_load1,,,,,,True,"OR clock positions merged into specimen (approved conservative rule, CWRU_GROUPING_RECHECK.md)"
methodology_v2.part2.v1,2,CWRU,train,cwru_X228,cwru48k_B021,B021,RollingElement,physical_specimen_across_loads,data/raw_cwru_48k/ball/B021_2_DE48k.mat,48000,1754.0,2hp,ball,21 mil,drive_end,,cwru_B021_load2,,,,,,True,"OR clock positions merged into specimen (approved conservative rule, CWRU_GROUPING_RECHECK.md)"
methodology_v2.part2.v1,2,CWRU,train,cwru_X229,cwru48k_B021,B021,RollingElement,physical_specimen_across_loads,data/raw_cwru_48k/ball/B021_3_DE48k.mat,48000,1729.0,3hp,ball,21 mil,drive_end,,cwru_B021_load3,,,,,,True,"OR clock positions merged into specimen (approved conservative rule, CWRU_GROUPING_RECHECK.md)"
methodology_v2.part2.v1,2,CWRU,test,cwru_X238,cwru48k_OR021,OR021@6,OuterRace,physical_specimen_across_loads,data/raw_cwru_48k/outer_race/OR021@6_0_DE48k.mat,48000,1796.0,0hp,outer_race,21 mil,drive_end,,cwru_OR021@6_load0,,,,,,True,"OR clock positions merged into specimen (approved conservative rule, CWRU_GROUPING_RECHECK.md)"
methodology_v2.part2.v1,2,CWRU,test,cwru_X239,cwru48k_OR021,OR021@6,OuterRace,physical_specimen_across_loads,data/raw_cwru_48k/outer_race/OR021@6_1_DE48k.mat,48000,1771.0,1hp,outer_race,21 mil,drive_end,,cwru_OR021@6_load1,,,,,,True,"OR clock positions merged into specimen (approved conservative rule, CWRU_GROUPING_RECHECK.md)"
methodology_v2.part2.v1,2,CWRU,test,cwru_X240,cwru48k_OR021,OR021@6,OuterRace,physical_specimen_across_loads,data/raw_cwru_48k/outer_race/OR021@6_2_DE48k.mat,48000,1747.0,2hp,outer_race,21 mil,drive_end,,cwru_OR021@6_load2,,,,,,True,"OR clock positions merged into specimen (approved conservative rule, CWRU_GROUPING_RECHECK.md)"
methodology_v2.part2.v1,2,CWRU,test,cwru_X241,cwru48k_OR021,OR021@6,OuterRace,physical_specimen_across_loads,data/raw_cwru_48k/outer_race/OR021@6_3_DE48k.mat,48000,1719.0,3hp,outer_race,21 mil,drive_end,,cwru_OR021@6_load3,,,,,,True,"OR clock positions merged into specimen (approved conservative rule, CWRU_GROUPING_RECHECK.md)"
methodology_v2.part2.v1,2,CWRU,test,cwru_X250,cwru48k_OR021,OR021@3,OuterRace,physical_specimen_across_loads,data/raw_cwru_48k/outer_race/OR021@3_0_DE48k.mat,48000,1796.0,0hp,outer_race,21 mil,drive_end,,cwru_OR021@3_load0,,,,,,True,"OR clock positions merged into specimen (approved conservative rule, CWRU_GROUPING_RECHECK.md)"
methodology_v2.part2.v1,2,CWRU,test,cwru_X251,cwru48k_OR021,OR021@3,OuterRace,physical_specimen_across_loads,data/raw_cwru_48k/outer_race/OR021@3_1_DE48k.mat,48000,1770.0,1hp,outer_race,21 mil,drive_end,,cwru_OR021@3_load1,,,,,,True,"OR clock positions merged into specimen (approved conservative rule, CWRU_GROUPING_RECHECK.md)"
methodology_v2.part2.v1,2,CWRU,test,cwru_X252,cwru48k_OR021,OR021@3,OuterRace,physical_specimen_across_loads,data/raw_cwru_48k/outer_race/OR021@3_2_DE48k.mat,48000,1746.0,2hp,outer_race,21 mil,drive_end,,cwru_OR021@3_load2,,,,,,True,"OR clock positions merged into specimen (approved conservative rule, CWRU_GROUPING_RECHECK.md)"
methodology_v2.part2.v1,2,CWRU,test,cwru_X253,cwru48k_OR021,OR021@3,OuterRace,physical_specimen_across_loads,data/raw_cwru_48k/outer_race/OR021@3_3_DE48k.mat,48000,1719.0,3hp,outer_race,21 mil,drive_end,,cwru_OR021@3_load3,,,,,,True,"OR clock positions merged into specimen (approved conservative rule, CWRU_GROUPING_RECHECK.md)"
methodology_v2.part2.v1,2,CWRU,test,cwru_X262,cwru48k_OR021,OR021@12,OuterRace,physical_specimen_across_loads,data/raw_cwru_48k/outer_race/OR021@12_0_DE48k.mat,48000,1796.0,0hp,outer_race,21 mil,drive_end,,cwru_OR021@12_load0,,,,,,True,"OR clock positions merged into specimen (approved conservative rule, CWRU_GROUPING_RECHECK.md)"
methodology_v2.part2.v1,2,CWRU,test,cwru_X263,cwru48k_OR021,OR021@12,OuterRace,physical_specimen_across_loads,data/raw_cwru_48k/outer_race/OR021@12_1_DE48k.mat,48000,1771.0,1hp,outer_race,21 mil,drive_end,,cwru_OR021@12_load1,,,,,,True,"OR clock positions merged into specimen (approved conservative rule, CWRU_GROUPING_RECHECK.md)"
methodology_v2.part2.v1,2,CWRU,test,cwru_X264,cwru48k_OR021,OR021@12,OuterRace,physical_specimen_across_loads,data/raw_cwru_48k/outer_race/OR021@12_2_DE48k.mat,48000,1746.0,2hp,outer_race,21 mil,drive_end,,cwru_OR021@12_load2,,,,,,True,"OR clock positions merged into specimen (approved conservative rule, CWRU_GROUPING_RECHECK.md)"
methodology_v2.part2.v1,2,CWRU,test,cwru_X265,cwru48k_OR021,OR021@12,OuterRace,physical_specimen_across_loads,data/raw_cwru_48k/outer_race/OR021@12_3_DE48k.mat,48000,1718.0,3hp,outer_race,21 mil,drive_end,,cwru_OR021@12_load3,,,,,,True,"OR clock positions merged into specimen (approved conservative rule, CWRU_GROUPING_RECHECK.md)"
methodology_v2.part2.v1,2,JNU,test,jnu_ib1000_2,jnu_ib1000_2,ib,InnerRace,within_recording_temporal_macro_block,data/raw_jnu/JNU-Bearing-Dataset/ib1000_2.csv,50000,1000.0,,inner_race,0.3mm x 0.05mm wire-cut dent,,,jnu_ib_1000,A,0.0,100100.0,False,True,True,"within-recording temporal holdout; nominal slot boundaries pre-guard; edges flagged guard_* shrink by ceil(G/2) at Part-3 instantiation, G >= effective window span"
methodology_v2.part2.v1,2,JNU,train,jnu_ib1000_2,jnu_ib1000_2,ib,InnerRace,within_recording_temporal_macro_block,data/raw_jnu/JNU-Bearing-Dataset/ib1000_2.csv,50000,1000.0,,inner_race,0.3mm x 0.05mm wire-cut dent,,,jnu_ib_1000,B,100100.0,200200.0,True,True,True,"within-recording temporal holdout; nominal slot boundaries pre-guard; edges flagged guard_* shrink by ceil(G/2) at Part-3 instantiation, G >= effective window span"
methodology_v2.part2.v1,2,JNU,train,jnu_ib1000_2,jnu_ib1000_2,ib,InnerRace,within_recording_temporal_macro_block,data/raw_jnu/JNU-Bearing-Dataset/ib1000_2.csv,50000,1000.0,,inner_race,0.3mm x 0.05mm wire-cut dent,,,jnu_ib_1000,C,200200.0,300300.0,True,True,True,"within-recording temporal holdout; nominal slot boundaries pre-guard; edges flagged guard_* shrink by ceil(G/2) at Part-3 instantiation, G >= effective window span"
methodology_v2.part2.v1,2,JNU,train,jnu_ib1000_2,jnu_ib1000_2,ib,InnerRace,within_recording_temporal_macro_block,data/raw_jnu/JNU-Bearing-Dataset/ib1000_2.csv,50000,1000.0,,inner_race,0.3mm x 0.05mm wire-cut dent,,,jnu_ib_1000,D,300300.0,400400.0,True,True,True,"within-recording temporal holdout; nominal slot boundaries pre-guard; edges flagged guard_* shrink by ceil(G/2) at Part-3 instantiation, G >= effective window span"
methodology_v2.part2.v1,2,JNU,validation,jnu_ib1000_2,jnu_ib1000_2,ib,InnerRace,within_recording_temporal_macro_block,data/raw_jnu/JNU-Bearing-Dataset/ib1000_2.csv,50000,1000.0,,inner_race,0.3mm x 0.05mm wire-cut dent,,,jnu_ib_1000,E,400400.0,500500.0,True,False,True,"within-recording temporal holdout; nominal slot boundaries pre-guard; edges flagged guard_* shrink by ceil(G/2) at Part-3 instantiation, G >= effective window span"
methodology_v2.part2.v1,2,JNU,guard,jnu_ib1000_2,jnu_ib1000_2,ib,InnerRace,guard_region,data/raw_jnu/JNU-Bearing-Dataset/ib1000_2.csv,50000,1000.0,,inner_race,0.3mm x 0.05mm wire-cut dent,,,jnu_ib_1000,GUARD_AB,100100.0,100100.0,,,False,"symbolic guard anchored at nominal boundary 100100; expands to [b-ceil(G/2), b+ceil(G/2)) once Part 3 freezes G >= effective window span; never usable"
methodology_v2.part2.v1,2,JNU,guard,jnu_ib1000_2,jnu_ib1000_2,ib,InnerRace,guard_region,data/raw_jnu/JNU-Bearing-Dataset/ib1000_2.csv,50000,1000.0,,inner_race,0.3mm x 0.05mm wire-cut dent,,,jnu_ib_1000,GUARD_BC,200200.0,200200.0,,,False,"symbolic guard anchored at nominal boundary 200200; expands to [b-ceil(G/2), b+ceil(G/2)) once Part 3 freezes G >= effective window span; never usable"
methodology_v2.part2.v1,2,JNU,guard,jnu_ib1000_2,jnu_ib1000_2,ib,InnerRace,guard_region,data/raw_jnu/JNU-Bearing-Dataset/ib1000_2.csv,50000,1000.0,,inner_race,0.3mm x 0.05mm wire-cut dent,,,jnu_ib_1000,GUARD_CD,300300.0,300300.0,,,False,"symbolic guard anchored at nominal boundary 300300; expands to [b-ceil(G/2), b+ceil(G/2)) once Part 3 freezes G >= effective window span; never usable"
methodology_v2.part2.v1,2,JNU,guard,jnu_ib1000_2,jnu_ib1000_2,ib,InnerRace,guard_region,data/raw_jnu/JNU-Bearing-Dataset/ib1000_2.csv,50000,1000.0,,inner_race,0.3mm x 0.05mm wire-cut dent,,,jnu_ib_1000,GUARD_DE,400400.0,400400.0,,,False,"symbolic guard anchored at nominal boundary 400400; expands to [b-ceil(G/2), b+ceil(G/2)) once Part 3 freezes G >= effective window span; never usable"
methodology_v2.part2.v1,2,JNU,test,jnu_ib600_2,jnu_ib600_2,ib,InnerRace,within_recording_temporal_macro_block,data/raw_jnu/JNU-Bearing-Dataset/ib600_2.csv,50000,600.0,,inner_race,0.3mm x 0.05mm wire-cut dent,,,jnu_ib_600,A,0.0,100100.0,False,True,True,"within-recording temporal holdout; nominal slot boundaries pre-guard; edges flagged guard_* shrink by ceil(G/2) at Part-3 instantiation, G >= effective window span"
methodology_v2.part2.v1,2,JNU,train,jnu_ib600_2,jnu_ib600_2,ib,InnerRace,within_recording_temporal_macro_block,data/raw_jnu/JNU-Bearing-Dataset/ib600_2.csv,50000,600.0,,inner_race,0.3mm x 0.05mm wire-cut dent,,,jnu_ib_600,B,100100.0,200200.0,True,True,True,"within-recording temporal holdout; nominal slot boundaries pre-guard; edges flagged guard_* shrink by ceil(G/2) at Part-3 instantiation, G >= effective window span"
methodology_v2.part2.v1,2,JNU,train,jnu_ib600_2,jnu_ib600_2,ib,InnerRace,within_recording_temporal_macro_block,data/raw_jnu/JNU-Bearing-Dataset/ib600_2.csv,50000,600.0,,inner_race,0.3mm x 0.05mm wire-cut dent,,,jnu_ib_600,C,200200.0,300300.0,True,True,True,"within-recording temporal holdout; nominal slot boundaries pre-guard; edges flagged guard_* shrink by ceil(G/2) at Part-3 instantiation, G >= effective window span"
methodology_v2.part2.v1,2,JNU,train,jnu_ib600_2,jnu_ib600_2,ib,InnerRace,within_recording_temporal_macro_block,data/raw_jnu/JNU-Bearing-Dataset/ib600_2.csv,50000,600.0,,inner_race,0.3mm x 0.05mm wire-cut dent,,,jnu_ib_600,D,300300.0,400400.0,True,True,True,"within-recording temporal holdout; nominal slot boundaries pre-guard; edges flagged guard_* shrink by ceil(G/2) at Part-3 instantiation, G >= effective window span"
methodology_v2.part2.v1,2,JNU,validation,jnu_ib600_2,jnu_ib600_2,ib,InnerRace,within_recording_temporal_macro_block,data/raw_jnu/JNU-Bearing-Dataset/ib600_2.csv,50000,600.0,,inner_race,0.3mm x 0.05mm wire-cut dent,,,jnu_ib_600,E,400400.0,500500.0,True,False,True,"within-recording temporal holdout; nominal slot boundaries pre-guard; edges flagged guard_* shrink by ceil(G/2) at Part-3 instantiation, G >= effective window span"
methodology_v2.part2.v1,2,JNU,guard,jnu_ib600_2,jnu_ib600_2,ib,InnerRace,guard_region,data/raw_jnu/JNU-Bearing-Dataset/ib600_2.csv,50000,600.0,,inner_race,0.3mm x 0.05mm wire-cut dent,,,jnu_ib_600,GUARD_AB,100100.0,100100.0,,,False,"symbolic guard anchored at nominal boundary 100100; expands to [b-ceil(G/2), b+ceil(G/2)) once Part 3 freezes G >= effective window span; never usable"
methodology_v2.part2.v1,2,JNU,guard,jnu_ib600_2,jnu_ib600_2,ib,InnerRace,guard_region,data/raw_jnu/JNU-Bearing-Dataset/ib600_2.csv,50000,600.0,,inner_race,0.3mm x 0.05mm wire-cut dent,,,jnu_ib_600,GUARD_BC,200200.0,200200.0,,,False,"symbolic guard anchored at nominal boundary 200200; expands to [b-ceil(G/2), b+ceil(G/2)) once Part 3 freezes G >= effective window span; never usable"
methodology_v2.part2.v1,2,JNU,guard,jnu_ib600_2,jnu_ib600_2,ib,InnerRace,guard_region,data/raw_jnu/JNU-Bearing-Dataset/ib600_2.csv,50000,600.0,,inner_race,0.3mm x 0.05mm wire-cut dent,,,jnu_ib_600,GUARD_CD,300300.0,300300.0,,,False,"symbolic guard anchored at nominal boundary 300300; expands to [b-ceil(G/2), b+ceil(G/2)) once Part 3 freezes G >= effective window span; never usable"
methodology_v2.part2.v1,2,JNU,guard,jnu_ib600_2,jnu_ib600_2,ib,InnerRace,guard_region,data/raw_jnu/JNU-Bearing-Dataset/ib600_2.csv,50000,600.0,,inner_race,0.3mm x 0.05mm wire-cut dent,,,jnu_ib_600,GUARD_DE,400400.0,400400.0,,,False,"symbolic guard anchored at nominal boundary 400400; expands to [b-ceil(G/2), b+ceil(G/2)) once Part 3 freezes G >= effective window span; never usable"
methodology_v2.part2.v1,2,JNU,test,jnu_ib800_2,jnu_ib800_2,ib,InnerRace,within_recording_temporal_macro_block,data/raw_jnu/JNU-Bearing-Dataset/ib800_2.csv,50000,800.0,,inner_race,0.3mm x 0.05mm wire-cut dent,,,jnu_ib_800,A,0.0,100100.0,False,True,True,"within-recording temporal holdout; nominal slot boundaries pre-guard; edges flagged guard_* shrink by ceil(G/2) at Part-3 instantiation, G >= effective window span"
methodology_v2.part2.v1,2,JNU,train,jnu_ib800_2,jnu_ib800_2,ib,InnerRace,within_recording_temporal_macro_block,data/raw_jnu/JNU-Bearing-Dataset/ib800_2.csv,50000,800.0,,inner_race,0.3mm x 0.05mm wire-cut dent,,,jnu_ib_800,B,100100.0,200200.0,True,True,True,"within-recording temporal holdout; nominal slot boundaries pre-guard; edges flagged guard_* shrink by ceil(G/2) at Part-3 instantiation, G >= effective window span"
methodology_v2.part2.v1,2,JNU,train,jnu_ib800_2,jnu_ib800_2,ib,InnerRace,within_recording_temporal_macro_block,data/raw_jnu/JNU-Bearing-Dataset/ib800_2.csv,50000,800.0,,inner_race,0.3mm x 0.05mm wire-cut dent,,,jnu_ib_800,C,200200.0,300300.0,True,True,True,"within-recording temporal holdout; nominal slot boundaries pre-guard; edges flagged guard_* shrink by ceil(G/2) at Part-3 instantiation, G >= effective window span"
methodology_v2.part2.v1,2,JNU,train,jnu_ib800_2,jnu_ib800_2,ib,InnerRace,within_recording_temporal_macro_block,data/raw_jnu/JNU-Bearing-Dataset/ib800_2.csv,50000,800.0,,inner_race,0.3mm x 0.05mm wire-cut dent,,,jnu_ib_800,D,300300.0,400400.0,True,True,True,"within-recording temporal holdout; nominal slot boundaries pre-guard; edges flagged guard_* shrink by ceil(G/2) at Part-3 instantiation, G >= effective window span"
methodology_v2.part2.v1,2,JNU,validation,jnu_ib800_2,jnu_ib800_2,ib,InnerRace,within_recording_temporal_macro_block,data/raw_jnu/JNU-Bearing-Dataset/ib800_2.csv,50000,800.0,,inner_race,0.3mm x 0.05mm wire-cut dent,,,jnu_ib_800,E,400400.0,500500.0,True,False,True,"within-recording temporal holdout; nominal slot boundaries pre-guard; edges flagged guard_* shrink by ceil(G/2) at Part-3 instantiation, G >= effective window span"
methodology_v2.part2.v1,2,JNU,guard,jnu_ib800_2,jnu_ib800_2,ib,InnerRace,guard_region,data/raw_jnu/JNU-Bearing-Dataset/ib800_2.csv,50000,800.0,,inner_race,0.3mm x 0.05mm wire-cut dent,,,jnu_ib_800,GUARD_AB,100100.0,100100.0,,,False,"symbolic guard anchored at nominal boundary 100100; expands to [b-ceil(G/2), b+ceil(G/2)) once Part 3 freezes G >= effective window span; never usable"
methodology_v2.part2.v1,2,JNU,guard,jnu_ib800_2,jnu_ib800_2,ib,InnerRace,guard_region,data/raw_jnu/JNU-Bearing-Dataset/ib800_2.csv,50000,800.0,,inner_race,0.3mm x 0.05mm wire-cut dent,,,jnu_ib_800,GUARD_BC,200200.0,200200.0,,,False,"symbolic guard anchored at nominal boundary 200200; expands to [b-ceil(G/2), b+ceil(G/2)) once Part 3 freezes G >= effective window span; never usable"
methodology_v2.part2.v1,2,JNU,guard,jnu_ib800_2,jnu_ib800_2,ib,InnerRace,guard_region,data/raw_jnu/JNU-Bearing-Dataset/ib800_2.csv,50000,800.0,,inner_race,0.3mm x 0.05mm wire-cut dent,,,jnu_ib_800,GUARD_CD,300300.0,300300.0,,,False,"symbolic guard anchored at nominal boundary 300300; expands to [b-ceil(G/2), b+ceil(G/2)) once Part 3 freezes G >= effective window span; never usable"
methodology_v2.part2.v1,2,JNU,guard,jnu_ib800_2,jnu_ib800_2,ib,InnerRace,guard_region,data/raw_jnu/JNU-Bearing-Dataset/ib800_2.csv,50000,800.0,,inner_race,0.3mm x 0.05mm wire-cut dent,,,jnu_ib_800,GUARD_DE,400400.0,400400.0,,,False,"symbolic guard anchored at nominal boundary 400400; expands to [b-ceil(G/2), b+ceil(G/2)) once Part 3 freezes G >= effective window span; never usable"
methodology_v2.part2.v1,2,JNU,test,jnu_n1000_3_2,jnu_n1000_3_2,n,Healthy,within_recording_temporal_macro_block,data/raw_jnu/JNU-Bearing-Dataset/n1000_3_2.csv,50000,1000.0,,healthy,,,,jnu_n_1000,A,0.0,300300.0,False,True,True,"within-recording temporal holdout; nominal slot boundaries pre-guard; edges flagged guard_* shrink by ceil(G/2) at Part-3 instantiation, G >= effective window span"
methodology_v2.part2.v1,2,JNU,train,jnu_n1000_3_2,jnu_n1000_3_2,n,Healthy,within_recording_temporal_macro_block,data/raw_jnu/JNU-Bearing-Dataset/n1000_3_2.csv,50000,1000.0,,healthy,,,,jnu_n_1000,B,300300.0,600600.0,True,True,True,"within-recording temporal holdout; nominal slot boundaries pre-guard; edges flagged guard_* shrink by ceil(G/2) at Part-3 instantiation, G >= effective window span"
methodology_v2.part2.v1,2,JNU,train,jnu_n1000_3_2,jnu_n1000_3_2,n,Healthy,within_recording_temporal_macro_block,data/raw_jnu/JNU-Bearing-Dataset/n1000_3_2.csv,50000,1000.0,,healthy,,,,jnu_n_1000,C,600600.0,900900.0,True,True,True,"within-recording temporal holdout; nominal slot boundaries pre-guard; edges flagged guard_* shrink by ceil(G/2) at Part-3 instantiation, G >= effective window span"
methodology_v2.part2.v1,2,JNU,train,jnu_n1000_3_2,jnu_n1000_3_2,n,Healthy,within_recording_temporal_macro_block,data/raw_jnu/JNU-Bearing-Dataset/n1000_3_2.csv,50000,1000.0,,healthy,,,,jnu_n_1000,D,900900.0,1201200.0,True,True,True,"within-recording temporal holdout; nominal slot boundaries pre-guard; edges flagged guard_* shrink by ceil(G/2) at Part-3 instantiation, G >= effective window span"
methodology_v2.part2.v1,2,JNU,validation,jnu_n1000_3_2,jnu_n1000_3_2,n,Healthy,within_recording_temporal_macro_block,data/raw_jnu/JNU-Bearing-Dataset/n1000_3_2.csv,50000,1000.0,,healthy,,,,jnu_n_1000,E,1201200.0,1501500.0,True,False,True,"within-recording temporal holdout; nominal slot boundaries pre-guard; edges flagged guard_* shrink by ceil(G/2) at Part-3 instantiation, G >= effective window span"
methodology_v2.part2.v1,2,JNU,guard,jnu_n1000_3_2,jnu_n1000_3_2,n,Healthy,guard_region,data/raw_jnu/JNU-Bearing-Dataset/n1000_3_2.csv,50000,1000.0,,healthy,,,,jnu_n_1000,GUARD_AB,300300.0,300300.0,,,False,"symbolic guard anchored at nominal boundary 300300; expands to [b-ceil(G/2), b+ceil(G/2)) once Part 3 freezes G >= effective window span; never usable"
methodology_v2.part2.v1,2,JNU,guard,jnu_n1000_3_2,jnu_n1000_3_2,n,Healthy,guard_region,data/raw_jnu/JNU-Bearing-Dataset/n1000_3_2.csv,50000,1000.0,,healthy,,,,jnu_n_1000,GUARD_BC,600600.0,600600.0,,,False,"symbolic guard anchored at nominal boundary 600600; expands to [b-ceil(G/2), b+ceil(G/2)) once Part 3 freezes G >= effective window span; never usable"
methodology_v2.part2.v1,2,JNU,guard,jnu_n1000_3_2,jnu_n1000_3_2,n,Healthy,guard_region,data/raw_jnu/JNU-Bearing-Dataset/n1000_3_2.csv,50000,1000.0,,healthy,,,,jnu_n_1000,GUARD_CD,900900.0,900900.0,,,False,"symbolic guard anchored at nominal boundary 900900; expands to [b-ceil(G/2), b+ceil(G/2)) once Part 3 freezes G >= effective window span; never usable"
methodology_v2.part2.v1,2,JNU,guard,jnu_n1000_3_2,jnu_n1000_3_2,n,Healthy,guard_region,data/raw_jnu/JNU-Bearing-Dataset/n1000_3_2.csv,50000,1000.0,,healthy,,,,jnu_n_1000,GUARD_DE,1201200.0,1201200.0,,,False,"symbolic guard anchored at nominal boundary 1201200; expands to [b-ceil(G/2), b+ceil(G/2)) once Part 3 freezes G >= effective window span; never usable"
methodology_v2.part2.v1,2,JNU,test,jnu_n600_3_2,jnu_n600_3_2,n,Healthy,within_recording_temporal_macro_block,data/raw_jnu/JNU-Bearing-Dataset/n600_3_2.csv,50000,600.0,,healthy,,,,jnu_n_600,A,0.0,300300.0,False,True,True,"within-recording temporal holdout; nominal slot boundaries pre-guard; edges flagged guard_* shrink by ceil(G/2) at Part-3 instantiation, G >= effective window span"
methodology_v2.part2.v1,2,JNU,train,jnu_n600_3_2,jnu_n600_3_2,n,Healthy,within_recording_temporal_macro_block,data/raw_jnu/JNU-Bearing-Dataset/n600_3_2.csv,50000,600.0,,healthy,,,,jnu_n_600,B,300300.0,600600.0,True,True,True,"within-recording temporal holdout; nominal slot boundaries pre-guard; edges flagged guard_* shrink by ceil(G/2) at Part-3 instantiation, G >= effective window span"
methodology_v2.part2.v1,2,JNU,train,jnu_n600_3_2,jnu_n600_3_2,n,Healthy,within_recording_temporal_macro_block,data/raw_jnu/JNU-Bearing-Dataset/n600_3_2.csv,50000,600.0,,healthy,,,,jnu_n_600,C,600600.0,900900.0,True,True,True,"within-recording temporal holdout; nominal slot boundaries pre-guard; edges flagged guard_* shrink by ceil(G/2) at Part-3 instantiation, G >= effective window span"
methodology_v2.part2.v1,2,JNU,train,jnu_n600_3_2,jnu_n600_3_2,n,Healthy,within_recording_temporal_macro_block,data/raw_jnu/JNU-Bearing-Dataset/n600_3_2.csv,50000,600.0,,healthy,,,,jnu_n_600,D,900900.0,1201200.0,True,True,True,"within-recording temporal holdout; nominal slot boundaries pre-guard; edges flagged guard_* shrink by ceil(G/2) at Part-3 instantiation, G >= effective window span"
methodology_v2.part2.v1,2,JNU,validation,jnu_n600_3_2,jnu_n600_3_2,n,Healthy,within_recording_temporal_macro_block,data/raw_jnu/JNU-Bearing-Dataset/n600_3_2.csv,50000,600.0,,healthy,,,,jnu_n_600,E,1201200.0,1501500.0,True,False,True,"within-recording temporal holdout; nominal slot boundaries pre-guard; edges flagged guard_* shrink by ceil(G/2) at Part-3 instantiation, G >= effective window span"
methodology_v2.part2.v1,2,JNU,guard,jnu_n600_3_2,jnu_n600_3_2,n,Healthy,guard_region,data/raw_jnu/JNU-Bearing-Dataset/n600_3_2.csv,50000,600.0,,healthy,,,,jnu_n_600,GUARD_AB,300300.0,300300.0,,,False,"symbolic guard anchored at nominal boundary 300300; expands to [b-ceil(G/2), b+ceil(G/2)) once Part 3 freezes G >= effective window span; never usable"
methodology_v2.part2.v1,2,JNU,guard,jnu_n600_3_2,jnu_n600_3_2,n,Healthy,guard_region,data/raw_jnu/JNU-Bearing-Dataset/n600_3_2.csv,50000,600.0,,healthy,,,,jnu_n_600,GUARD_BC,600600.0,600600.0,,,False,"symbolic guard anchored at nominal boundary 600600; expands to [b-ceil(G/2), b+ceil(G/2)) once Part 3 freezes G >= effective window span; never usable"
methodology_v2.part2.v1,2,JNU,guard,jnu_n600_3_2,jnu_n600_3_2,n,Healthy,guard_region,data/raw_jnu/JNU-Bearing-Dataset/n600_3_2.csv,50000,600.0,,healthy,,,,jnu_n_600,GUARD_CD,900900.0,900900.0,,,False,"symbolic guard anchored at nominal boundary 900900; expands to [b-ceil(G/2), b+ceil(G/2)) once Part 3 freezes G >= effective window span; never usable"
methodology_v2.part2.v1,2,JNU,guard,jnu_n600_3_2,jnu_n600_3_2,n,Healthy,guard_region,data/raw_jnu/JNU-Bearing-Dataset/n600_3_2.csv,50000,600.0,,healthy,,,,jnu_n_600,GUARD_DE,1201200.0,1201200.0,,,False,"symbolic guard anchored at nominal boundary 1201200; expands to [b-ceil(G/2), b+ceil(G/2)) once Part 3 freezes G >= effective window span; never usable"
methodology_v2.part2.v1,2,JNU,test,jnu_n800_3_2,jnu_n800_3_2,n,Healthy,within_recording_temporal_macro_block,data/raw_jnu/JNU-Bearing-Dataset/n800_3_2.csv,50000,800.0,,healthy,,,,jnu_n_800,A,0.0,300300.0,False,True,True,"within-recording temporal holdout; nominal slot boundaries pre-guard; edges flagged guard_* shrink by ceil(G/2) at Part-3 instantiation, G >= effective window span"
methodology_v2.part2.v1,2,JNU,train,jnu_n800_3_2,jnu_n800_3_2,n,Healthy,within_recording_temporal_macro_block,data/raw_jnu/JNU-Bearing-Dataset/n800_3_2.csv,50000,800.0,,healthy,,,,jnu_n_800,B,300300.0,600600.0,True,True,True,"within-recording temporal holdout; nominal slot boundaries pre-guard; edges flagged guard_* shrink by ceil(G/2) at Part-3 instantiation, G >= effective window span"
methodology_v2.part2.v1,2,JNU,train,jnu_n800_3_2,jnu_n800_3_2,n,Healthy,within_recording_temporal_macro_block,data/raw_jnu/JNU-Bearing-Dataset/n800_3_2.csv,50000,800.0,,healthy,,,,jnu_n_800,C,600600.0,900900.0,True,True,True,"within-recording temporal holdout; nominal slot boundaries pre-guard; edges flagged guard_* shrink by ceil(G/2) at Part-3 instantiation, G >= effective window span"
methodology_v2.part2.v1,2,JNU,train,jnu_n800_3_2,jnu_n800_3_2,n,Healthy,within_recording_temporal_macro_block,data/raw_jnu/JNU-Bearing-Dataset/n800_3_2.csv,50000,800.0,,healthy,,,,jnu_n_800,D,900900.0,1201200.0,True,True,True,"within-recording temporal holdout; nominal slot boundaries pre-guard; edges flagged guard_* shrink by ceil(G/2) at Part-3 instantiation, G >= effective window span"
methodology_v2.part2.v1,2,JNU,validation,jnu_n800_3_2,jnu_n800_3_2,n,Healthy,within_recording_temporal_macro_block,data/raw_jnu/JNU-Bearing-Dataset/n800_3_2.csv,50000,800.0,,healthy,,,,jnu_n_800,E,1201200.0,1501500.0,True,False,True,"within-recording temporal holdout; nominal slot boundaries pre-guard; edges flagged guard_* shrink by ceil(G/2) at Part-3 instantiation, G >= effective window span"
methodology_v2.part2.v1,2,JNU,guard,jnu_n800_3_2,jnu_n800_3_2,n,Healthy,guard_region,data/raw_jnu/JNU-Bearing-Dataset/n800_3_2.csv,50000,800.0,,healthy,,,,jnu_n_800,GUARD_AB,300300.0,300300.0,,,False,"symbolic guard anchored at nominal boundary 300300; expands to [b-ceil(G/2), b+ceil(G/2)) once Part 3 freezes G >= effective window span; never usable"
methodology_v2.part2.v1,2,JNU,guard,jnu_n800_3_2,jnu_n800_3_2,n,Healthy,guard_region,data/raw_jnu/JNU-Bearing-Dataset/n800_3_2.csv,50000,800.0,,healthy,,,,jnu_n_800,GUARD_BC,600600.0,600600.0,,,False,"symbolic guard anchored at nominal boundary 600600; expands to [b-ceil(G/2), b+ceil(G/2)) once Part 3 freezes G >= effective window span; never usable"
methodology_v2.part2.v1,2,JNU,guard,jnu_n800_3_2,jnu_n800_3_2,n,Healthy,guard_region,data/raw_jnu/JNU-Bearing-Dataset/n800_3_2.csv,50000,800.0,,healthy,,,,jnu_n_800,GUARD_CD,900900.0,900900.0,,,False,"symbolic guard anchored at nominal boundary 900900; expands to [b-ceil(G/2), b+ceil(G/2)) once Part 3 freezes G >= effective window span; never usable"
methodology_v2.part2.v1,2,JNU,guard,jnu_n800_3_2,jnu_n800_3_2,n,Healthy,guard_region,data/raw_jnu/JNU-Bearing-Dataset/n800_3_2.csv,50000,800.0,,healthy,,,,jnu_n_800,GUARD_DE,1201200.0,1201200.0,,,False,"symbolic guard anchored at nominal boundary 1201200; expands to [b-ceil(G/2), b+ceil(G/2)) once Part 3 freezes G >= effective window span; never usable"
methodology_v2.part2.v1,2,JNU,test,jnu_ob1000_2,jnu_ob1000_2,ob,OuterRace,within_recording_temporal_macro_block,data/raw_jnu/JNU-Bearing-Dataset/ob1000_2.csv,50000,1000.0,,outer_race,0.3mm x 0.05mm wire-cut dent,,,jnu_ob_1000,A,0.0,100100.0,False,True,True,"within-recording temporal holdout; nominal slot boundaries pre-guard; edges flagged guard_* shrink by ceil(G/2) at Part-3 instantiation, G >= effective window span"
methodology_v2.part2.v1,2,JNU,train,jnu_ob1000_2,jnu_ob1000_2,ob,OuterRace,within_recording_temporal_macro_block,data/raw_jnu/JNU-Bearing-Dataset/ob1000_2.csv,50000,1000.0,,outer_race,0.3mm x 0.05mm wire-cut dent,,,jnu_ob_1000,B,100100.0,200200.0,True,True,True,"within-recording temporal holdout; nominal slot boundaries pre-guard; edges flagged guard_* shrink by ceil(G/2) at Part-3 instantiation, G >= effective window span"
methodology_v2.part2.v1,2,JNU,train,jnu_ob1000_2,jnu_ob1000_2,ob,OuterRace,within_recording_temporal_macro_block,data/raw_jnu/JNU-Bearing-Dataset/ob1000_2.csv,50000,1000.0,,outer_race,0.3mm x 0.05mm wire-cut dent,,,jnu_ob_1000,C,200200.0,300300.0,True,True,True,"within-recording temporal holdout; nominal slot boundaries pre-guard; edges flagged guard_* shrink by ceil(G/2) at Part-3 instantiation, G >= effective window span"
methodology_v2.part2.v1,2,JNU,train,jnu_ob1000_2,jnu_ob1000_2,ob,OuterRace,within_recording_temporal_macro_block,data/raw_jnu/JNU-Bearing-Dataset/ob1000_2.csv,50000,1000.0,,outer_race,0.3mm x 0.05mm wire-cut dent,,,jnu_ob_1000,D,300300.0,400400.0,True,True,True,"within-recording temporal holdout; nominal slot boundaries pre-guard; edges flagged guard_* shrink by ceil(G/2) at Part-3 instantiation, G >= effective window span"
methodology_v2.part2.v1,2,JNU,validation,jnu_ob1000_2,jnu_ob1000_2,ob,OuterRace,within_recording_temporal_macro_block,data/raw_jnu/JNU-Bearing-Dataset/ob1000_2.csv,50000,1000.0,,outer_race,0.3mm x 0.05mm wire-cut dent,,,jnu_ob_1000,E,400400.0,500500.0,True,False,True,"within-recording temporal holdout; nominal slot boundaries pre-guard; edges flagged guard_* shrink by ceil(G/2) at Part-3 instantiation, G >= effective window span"
methodology_v2.part2.v1,2,JNU,guard,jnu_ob1000_2,jnu_ob1000_2,ob,OuterRace,guard_region,data/raw_jnu/JNU-Bearing-Dataset/ob1000_2.csv,50000,1000.0,,outer_race,0.3mm x 0.05mm wire-cut dent,,,jnu_ob_1000,GUARD_AB,100100.0,100100.0,,,False,"symbolic guard anchored at nominal boundary 100100; expands to [b-ceil(G/2), b+ceil(G/2)) once Part 3 freezes G >= effective window span; never usable"
methodology_v2.part2.v1,2,JNU,guard,jnu_ob1000_2,jnu_ob1000_2,ob,OuterRace,guard_region,data/raw_jnu/JNU-Bearing-Dataset/ob1000_2.csv,50000,1000.0,,outer_race,0.3mm x 0.05mm wire-cut dent,,,jnu_ob_1000,GUARD_BC,200200.0,200200.0,,,False,"symbolic guard anchored at nominal boundary 200200; expands to [b-ceil(G/2), b+ceil(G/2)) once Part 3 freezes G >= effective window span; never usable"
methodology_v2.part2.v1,2,JNU,guard,jnu_ob1000_2,jnu_ob1000_2,ob,OuterRace,guard_region,data/raw_jnu/JNU-Bearing-Dataset/ob1000_2.csv,50000,1000.0,,outer_race,0.3mm x 0.05mm wire-cut dent,,,jnu_ob_1000,GUARD_CD,300300.0,300300.0,,,False,"symbolic guard anchored at nominal boundary 300300; expands to [b-ceil(G/2), b+ceil(G/2)) once Part 3 freezes G >= effective window span; never usable"
methodology_v2.part2.v1,2,JNU,guard,jnu_ob1000_2,jnu_ob1000_2,ob,OuterRace,guard_region,data/raw_jnu/JNU-Bearing-Dataset/ob1000_2.csv,50000,1000.0,,outer_race,0.3mm x 0.05mm wire-cut dent,,,jnu_ob_1000,GUARD_DE,400400.0,400400.0,,,False,"symbolic guard anchored at nominal boundary 400400; expands to [b-ceil(G/2), b+ceil(G/2)) once Part 3 freezes G >= effective window span; never usable"
methodology_v2.part2.v1,2,JNU,test,jnu_ob600_2,jnu_ob600_2,ob,OuterRace,within_recording_temporal_macro_block,data/raw_jnu/JNU-Bearing-Dataset/ob600_2.csv,50000,600.0,,outer_race,0.3mm x 0.05mm wire-cut dent,,,jnu_ob_600,A,0.0,100100.0,False,True,True,"within-recording temporal holdout; nominal slot boundaries pre-guard; edges flagged guard_* shrink by ceil(G/2) at Part-3 instantiation, G >= effective window span"
methodology_v2.part2.v1,2,JNU,train,jnu_ob600_2,jnu_ob600_2,ob,OuterRace,within_recording_temporal_macro_block,data/raw_jnu/JNU-Bearing-Dataset/ob600_2.csv,50000,600.0,,outer_race,0.3mm x 0.05mm wire-cut dent,,,jnu_ob_600,B,100100.0,200200.0,True,True,True,"within-recording temporal holdout; nominal slot boundaries pre-guard; edges flagged guard_* shrink by ceil(G/2) at Part-3 instantiation, G >= effective window span"
methodology_v2.part2.v1,2,JNU,train,jnu_ob600_2,jnu_ob600_2,ob,OuterRace,within_recording_temporal_macro_block,data/raw_jnu/JNU-Bearing-Dataset/ob600_2.csv,50000,600.0,,outer_race,0.3mm x 0.05mm wire-cut dent,,,jnu_ob_600,C,200200.0,300300.0,True,True,True,"within-recording temporal holdout; nominal slot boundaries pre-guard; edges flagged guard_* shrink by ceil(G/2) at Part-3 instantiation, G >= effective window span"
methodology_v2.part2.v1,2,JNU,train,jnu_ob600_2,jnu_ob600_2,ob,OuterRace,within_recording_temporal_macro_block,data/raw_jnu/JNU-Bearing-Dataset/ob600_2.csv,50000,600.0,,outer_race,0.3mm x 0.05mm wire-cut dent,,,jnu_ob_600,D,300300.0,400400.0,True,True,True,"within-recording temporal holdout; nominal slot boundaries pre-guard; edges flagged guard_* shrink by ceil(G/2) at Part-3 instantiation, G >= effective window span"
methodology_v2.part2.v1,2,JNU,validation,jnu_ob600_2,jnu_ob600_2,ob,OuterRace,within_recording_temporal_macro_block,data/raw_jnu/JNU-Bearing-Dataset/ob600_2.csv,50000,600.0,,outer_race,0.3mm x 0.05mm wire-cut dent,,,jnu_ob_600,E,400400.0,500500.0,True,False,True,"within-recording temporal holdout; nominal slot boundaries pre-guard; edges flagged guard_* shrink by ceil(G/2) at Part-3 instantiation, G >= effective window span"
methodology_v2.part2.v1,2,JNU,guard,jnu_ob600_2,jnu_ob600_2,ob,OuterRace,guard_region,data/raw_jnu/JNU-Bearing-Dataset/ob600_2.csv,50000,600.0,,outer_race,0.3mm x 0.05mm wire-cut dent,,,jnu_ob_600,GUARD_AB,100100.0,100100.0,,,False,"symbolic guard anchored at nominal boundary 100100; expands to [b-ceil(G/2), b+ceil(G/2)) once Part 3 freezes G >= effective window span; never usable"
methodology_v2.part2.v1,2,JNU,guard,jnu_ob600_2,jnu_ob600_2,ob,OuterRace,guard_region,data/raw_jnu/JNU-Bearing-Dataset/ob600_2.csv,50000,600.0,,outer_race,0.3mm x 0.05mm wire-cut dent,,,jnu_ob_600,GUARD_BC,200200.0,200200.0,,,False,"symbolic guard anchored at nominal boundary 200200; expands to [b-ceil(G/2), b+ceil(G/2)) once Part 3 freezes G >= effective window span; never usable"
methodology_v2.part2.v1,2,JNU,guard,jnu_ob600_2,jnu_ob600_2,ob,OuterRace,guard_region,data/raw_jnu/JNU-Bearing-Dataset/ob600_2.csv,50000,600.0,,outer_race,0.3mm x 0.05mm wire-cut dent,,,jnu_ob_600,GUARD_CD,300300.0,300300.0,,,False,"symbolic guard anchored at nominal boundary 300300; expands to [b-ceil(G/2), b+ceil(G/2)) once Part 3 freezes G >= effective window span; never usable"
methodology_v2.part2.v1,2,JNU,guard,jnu_ob600_2,jnu_ob600_2,ob,OuterRace,guard_region,data/raw_jnu/JNU-Bearing-Dataset/ob600_2.csv,50000,600.0,,outer_race,0.3mm x 0.05mm wire-cut dent,,,jnu_ob_600,GUARD_DE,400400.0,400400.0,,,False,"symbolic guard anchored at nominal boundary 400400; expands to [b-ceil(G/2), b+ceil(G/2)) once Part 3 freezes G >= effective window span; never usable"
methodology_v2.part2.v1,2,JNU,test,jnu_ob800_2,jnu_ob800_2,ob,OuterRace,within_recording_temporal_macro_block,data/raw_jnu/JNU-Bearing-Dataset/ob800_2.csv,50000,800.0,,outer_race,0.3mm x 0.05mm wire-cut dent,,,jnu_ob_800,A,0.0,100100.0,False,True,True,"within-recording temporal holdout; nominal slot boundaries pre-guard; edges flagged guard_* shrink by ceil(G/2) at Part-3 instantiation, G >= effective window span"
methodology_v2.part2.v1,2,JNU,train,jnu_ob800_2,jnu_ob800_2,ob,OuterRace,within_recording_temporal_macro_block,data/raw_jnu/JNU-Bearing-Dataset/ob800_2.csv,50000,800.0,,outer_race,0.3mm x 0.05mm wire-cut dent,,,jnu_ob_800,B,100100.0,200200.0,True,True,True,"within-recording temporal holdout; nominal slot boundaries pre-guard; edges flagged guard_* shrink by ceil(G/2) at Part-3 instantiation, G >= effective window span"
methodology_v2.part2.v1,2,JNU,train,jnu_ob800_2,jnu_ob800_2,ob,OuterRace,within_recording_temporal_macro_block,data/raw_jnu/JNU-Bearing-Dataset/ob800_2.csv,50000,800.0,,outer_race,0.3mm x 0.05mm wire-cut dent,,,jnu_ob_800,C,200200.0,300300.0,True,True,True,"within-recording temporal holdout; nominal slot boundaries pre-guard; edges flagged guard_* shrink by ceil(G/2) at Part-3 instantiation, G >= effective window span"
methodology_v2.part2.v1,2,JNU,train,jnu_ob800_2,jnu_ob800_2,ob,OuterRace,within_recording_temporal_macro_block,data/raw_jnu/JNU-Bearing-Dataset/ob800_2.csv,50000,800.0,,outer_race,0.3mm x 0.05mm wire-cut dent,,,jnu_ob_800,D,300300.0,400400.0,True,True,True,"within-recording temporal holdout; nominal slot boundaries pre-guard; edges flagged guard_* shrink by ceil(G/2) at Part-3 instantiation, G >= effective window span"
methodology_v2.part2.v1,2,JNU,validation,jnu_ob800_2,jnu_ob800_2,ob,OuterRace,within_recording_temporal_macro_block,data/raw_jnu/JNU-Bearing-Dataset/ob800_2.csv,50000,800.0,,outer_race,0.3mm x 0.05mm wire-cut dent,,,jnu_ob_800,E,400400.0,500500.0,True,False,True,"within-recording temporal holdout; nominal slot boundaries pre-guard; edges flagged guard_* shrink by ceil(G/2) at Part-3 instantiation, G >= effective window span"
methodology_v2.part2.v1,2,JNU,guard,jnu_ob800_2,jnu_ob800_2,ob,OuterRace,guard_region,data/raw_jnu/JNU-Bearing-Dataset/ob800_2.csv,50000,800.0,,outer_race,0.3mm x 0.05mm wire-cut dent,,,jnu_ob_800,GUARD_AB,100100.0,100100.0,,,False,"symbolic guard anchored at nominal boundary 100100; expands to [b-ceil(G/2), b+ceil(G/2)) once Part 3 freezes G >= effective window span; never usable"
methodology_v2.part2.v1,2,JNU,guard,jnu_ob800_2,jnu_ob800_2,ob,OuterRace,guard_region,data/raw_jnu/JNU-Bearing-Dataset/ob800_2.csv,50000,800.0,,outer_race,0.3mm x 0.05mm wire-cut dent,,,jnu_ob_800,GUARD_BC,200200.0,200200.0,,,False,"symbolic guard anchored at nominal boundary 200200; expands to [b-ceil(G/2), b+ceil(G/2)) once Part 3 freezes G >= effective window span; never usable"
methodology_v2.part2.v1,2,JNU,guard,jnu_ob800_2,jnu_ob800_2,ob,OuterRace,guard_region,data/raw_jnu/JNU-Bearing-Dataset/ob800_2.csv,50000,800.0,,outer_race,0.3mm x 0.05mm wire-cut dent,,,jnu_ob_800,GUARD_CD,300300.0,300300.0,,,False,"symbolic guard anchored at nominal boundary 300300; expands to [b-ceil(G/2), b+ceil(G/2)) once Part 3 freezes G >= effective window span; never usable"
methodology_v2.part2.v1,2,JNU,guard,jnu_ob800_2,jnu_ob800_2,ob,OuterRace,guard_region,data/raw_jnu/JNU-Bearing-Dataset/ob800_2.csv,50000,800.0,,outer_race,0.3mm x 0.05mm wire-cut dent,,,jnu_ob_800,GUARD_DE,400400.0,400400.0,,,False,"symbolic guard anchored at nominal boundary 400400; expands to [b-ceil(G/2), b+ceil(G/2)) once Part 3 freezes G >= effective window span; never usable"
methodology_v2.part2.v1,2,JNU,test,jnu_tb1000_2,jnu_tb1000_2,tb,RollingElement,within_recording_temporal_macro_block,data/raw_jnu/JNU-Bearing-Dataset/tb1000_2.csv,50000,1000.0,,rolling_element,0.3mm x 0.05mm wire-cut dent,,,jnu_tb_1000,A,0.0,100100.0,False,True,True,"within-recording temporal holdout; nominal slot boundaries pre-guard; edges flagged guard_* shrink by ceil(G/2) at Part-3 instantiation, G >= effective window span"
methodology_v2.part2.v1,2,JNU,train,jnu_tb1000_2,jnu_tb1000_2,tb,RollingElement,within_recording_temporal_macro_block,data/raw_jnu/JNU-Bearing-Dataset/tb1000_2.csv,50000,1000.0,,rolling_element,0.3mm x 0.05mm wire-cut dent,,,jnu_tb_1000,B,100100.0,200200.0,True,True,True,"within-recording temporal holdout; nominal slot boundaries pre-guard; edges flagged guard_* shrink by ceil(G/2) at Part-3 instantiation, G >= effective window span"
methodology_v2.part2.v1,2,JNU,train,jnu_tb1000_2,jnu_tb1000_2,tb,RollingElement,within_recording_temporal_macro_block,data/raw_jnu/JNU-Bearing-Dataset/tb1000_2.csv,50000,1000.0,,rolling_element,0.3mm x 0.05mm wire-cut dent,,,jnu_tb_1000,C,200200.0,300300.0,True,True,True,"within-recording temporal holdout; nominal slot boundaries pre-guard; edges flagged guard_* shrink by ceil(G/2) at Part-3 instantiation, G >= effective window span"
methodology_v2.part2.v1,2,JNU,train,jnu_tb1000_2,jnu_tb1000_2,tb,RollingElement,within_recording_temporal_macro_block,data/raw_jnu/JNU-Bearing-Dataset/tb1000_2.csv,50000,1000.0,,rolling_element,0.3mm x 0.05mm wire-cut dent,,,jnu_tb_1000,D,300300.0,400400.0,True,True,True,"within-recording temporal holdout; nominal slot boundaries pre-guard; edges flagged guard_* shrink by ceil(G/2) at Part-3 instantiation, G >= effective window span"
methodology_v2.part2.v1,2,JNU,validation,jnu_tb1000_2,jnu_tb1000_2,tb,RollingElement,within_recording_temporal_macro_block,data/raw_jnu/JNU-Bearing-Dataset/tb1000_2.csv,50000,1000.0,,rolling_element,0.3mm x 0.05mm wire-cut dent,,,jnu_tb_1000,E,400400.0,500500.0,True,False,True,"within-recording temporal holdout; nominal slot boundaries pre-guard; edges flagged guard_* shrink by ceil(G/2) at Part-3 instantiation, G >= effective window span"
methodology_v2.part2.v1,2,JNU,guard,jnu_tb1000_2,jnu_tb1000_2,tb,RollingElement,guard_region,data/raw_jnu/JNU-Bearing-Dataset/tb1000_2.csv,50000,1000.0,,rolling_element,0.3mm x 0.05mm wire-cut dent,,,jnu_tb_1000,GUARD_AB,100100.0,100100.0,,,False,"symbolic guard anchored at nominal boundary 100100; expands to [b-ceil(G/2), b+ceil(G/2)) once Part 3 freezes G >= effective window span; never usable"
methodology_v2.part2.v1,2,JNU,guard,jnu_tb1000_2,jnu_tb1000_2,tb,RollingElement,guard_region,data/raw_jnu/JNU-Bearing-Dataset/tb1000_2.csv,50000,1000.0,,rolling_element,0.3mm x 0.05mm wire-cut dent,,,jnu_tb_1000,GUARD_BC,200200.0,200200.0,,,False,"symbolic guard anchored at nominal boundary 200200; expands to [b-ceil(G/2), b+ceil(G/2)) once Part 3 freezes G >= effective window span; never usable"
methodology_v2.part2.v1,2,JNU,guard,jnu_tb1000_2,jnu_tb1000_2,tb,RollingElement,guard_region,data/raw_jnu/JNU-Bearing-Dataset/tb1000_2.csv,50000,1000.0,,rolling_element,0.3mm x 0.05mm wire-cut dent,,,jnu_tb_1000,GUARD_CD,300300.0,300300.0,,,False,"symbolic guard anchored at nominal boundary 300300; expands to [b-ceil(G/2), b+ceil(G/2)) once Part 3 freezes G >= effective window span; never usable"
methodology_v2.part2.v1,2,JNU,guard,jnu_tb1000_2,jnu_tb1000_2,tb,RollingElement,guard_region,data/raw_jnu/JNU-Bearing-Dataset/tb1000_2.csv,50000,1000.0,,rolling_element,0.3mm x 0.05mm wire-cut dent,,,jnu_tb_1000,GUARD_DE,400400.0,400400.0,,,False,"symbolic guard anchored at nominal boundary 400400; expands to [b-ceil(G/2), b+ceil(G/2)) once Part 3 freezes G >= effective window span; never usable"
methodology_v2.part2.v1,2,JNU,test,jnu_tb600_2,jnu_tb600_2,tb,RollingElement,within_recording_temporal_macro_block,data/raw_jnu/JNU-Bearing-Dataset/tb600_2.csv,50000,600.0,,rolling_element,0.3mm x 0.05mm wire-cut dent,,,jnu_tb_600,A,0.0,100100.0,False,True,True,"within-recording temporal holdout; nominal slot boundaries pre-guard; edges flagged guard_* shrink by ceil(G/2) at Part-3 instantiation, G >= effective window span"
methodology_v2.part2.v1,2,JNU,train,jnu_tb600_2,jnu_tb600_2,tb,RollingElement,within_recording_temporal_macro_block,data/raw_jnu/JNU-Bearing-Dataset/tb600_2.csv,50000,600.0,,rolling_element,0.3mm x 0.05mm wire-cut dent,,,jnu_tb_600,B,100100.0,200200.0,True,True,True,"within-recording temporal holdout; nominal slot boundaries pre-guard; edges flagged guard_* shrink by ceil(G/2) at Part-3 instantiation, G >= effective window span"
methodology_v2.part2.v1,2,JNU,train,jnu_tb600_2,jnu_tb600_2,tb,RollingElement,within_recording_temporal_macro_block,data/raw_jnu/JNU-Bearing-Dataset/tb600_2.csv,50000,600.0,,rolling_element,0.3mm x 0.05mm wire-cut dent,,,jnu_tb_600,C,200200.0,300300.0,True,True,True,"within-recording temporal holdout; nominal slot boundaries pre-guard; edges flagged guard_* shrink by ceil(G/2) at Part-3 instantiation, G >= effective window span"
methodology_v2.part2.v1,2,JNU,train,jnu_tb600_2,jnu_tb600_2,tb,RollingElement,within_recording_temporal_macro_block,data/raw_jnu/JNU-Bearing-Dataset/tb600_2.csv,50000,600.0,,rolling_element,0.3mm x 0.05mm wire-cut dent,,,jnu_tb_600,D,300300.0,400400.0,True,True,True,"within-recording temporal holdout; nominal slot boundaries pre-guard; edges flagged guard_* shrink by ceil(G/2) at Part-3 instantiation, G >= effective window span"
methodology_v2.part2.v1,2,JNU,validation,jnu_tb600_2,jnu_tb600_2,tb,RollingElement,within_recording_temporal_macro_block,data/raw_jnu/JNU-Bearing-Dataset/tb600_2.csv,50000,600.0,,rolling_element,0.3mm x 0.05mm wire-cut dent,,,jnu_tb_600,E,400400.0,500500.0,True,False,True,"within-recording temporal holdout; nominal slot boundaries pre-guard; edges flagged guard_* shrink by ceil(G/2) at Part-3 instantiation, G >= effective window span"
methodology_v2.part2.v1,2,JNU,guard,jnu_tb600_2,jnu_tb600_2,tb,RollingElement,guard_region,data/raw_jnu/JNU-Bearing-Dataset/tb600_2.csv,50000,600.0,,rolling_element,0.3mm x 0.05mm wire-cut dent,,,jnu_tb_600,GUARD_AB,100100.0,100100.0,,,False,"symbolic guard anchored at nominal boundary 100100; expands to [b-ceil(G/2), b+ceil(G/2)) once Part 3 freezes G >= effective window span; never usable"
methodology_v2.part2.v1,2,JNU,guard,jnu_tb600_2,jnu_tb600_2,tb,RollingElement,guard_region,data/raw_jnu/JNU-Bearing-Dataset/tb600_2.csv,50000,600.0,,rolling_element,0.3mm x 0.05mm wire-cut dent,,,jnu_tb_600,GUARD_BC,200200.0,200200.0,,,False,"symbolic guard anchored at nominal boundary 200200; expands to [b-ceil(G/2), b+ceil(G/2)) once Part 3 freezes G >= effective window span; never usable"
methodology_v2.part2.v1,2,JNU,guard,jnu_tb600_2,jnu_tb600_2,tb,RollingElement,guard_region,data/raw_jnu/JNU-Bearing-Dataset/tb600_2.csv,50000,600.0,,rolling_element,0.3mm x 0.05mm wire-cut dent,,,jnu_tb_600,GUARD_CD,300300.0,300300.0,,,False,"symbolic guard anchored at nominal boundary 300300; expands to [b-ceil(G/2), b+ceil(G/2)) once Part 3 freezes G >= effective window span; never usable"
methodology_v2.part2.v1,2,JNU,guard,jnu_tb600_2,jnu_tb600_2,tb,RollingElement,guard_region,data/raw_jnu/JNU-Bearing-Dataset/tb600_2.csv,50000,600.0,,rolling_element,0.3mm x 0.05mm wire-cut dent,,,jnu_tb_600,GUARD_DE,400400.0,400400.0,,,False,"symbolic guard anchored at nominal boundary 400400; expands to [b-ceil(G/2), b+ceil(G/2)) once Part 3 freezes G >= effective window span; never usable"
methodology_v2.part2.v1,2,JNU,test,jnu_tb800_2,jnu_tb800_2,tb,RollingElement,within_recording_temporal_macro_block,data/raw_jnu/JNU-Bearing-Dataset/tb800_2.csv,50000,800.0,,rolling_element,0.3mm x 0.05mm wire-cut dent,,,jnu_tb_800,A,0.0,100100.0,False,True,True,"within-recording temporal holdout; nominal slot boundaries pre-guard; edges flagged guard_* shrink by ceil(G/2) at Part-3 instantiation, G >= effective window span"
methodology_v2.part2.v1,2,JNU,train,jnu_tb800_2,jnu_tb800_2,tb,RollingElement,within_recording_temporal_macro_block,data/raw_jnu/JNU-Bearing-Dataset/tb800_2.csv,50000,800.0,,rolling_element,0.3mm x 0.05mm wire-cut dent,,,jnu_tb_800,B,100100.0,200200.0,True,True,True,"within-recording temporal holdout; nominal slot boundaries pre-guard; edges flagged guard_* shrink by ceil(G/2) at Part-3 instantiation, G >= effective window span"
methodology_v2.part2.v1,2,JNU,train,jnu_tb800_2,jnu_tb800_2,tb,RollingElement,within_recording_temporal_macro_block,data/raw_jnu/JNU-Bearing-Dataset/tb800_2.csv,50000,800.0,,rolling_element,0.3mm x 0.05mm wire-cut dent,,,jnu_tb_800,C,200200.0,300300.0,True,True,True,"within-recording temporal holdout; nominal slot boundaries pre-guard; edges flagged guard_* shrink by ceil(G/2) at Part-3 instantiation, G >= effective window span"
methodology_v2.part2.v1,2,JNU,train,jnu_tb800_2,jnu_tb800_2,tb,RollingElement,within_recording_temporal_macro_block,data/raw_jnu/JNU-Bearing-Dataset/tb800_2.csv,50000,800.0,,rolling_element,0.3mm x 0.05mm wire-cut dent,,,jnu_tb_800,D,300300.0,400400.0,True,True,True,"within-recording temporal holdout; nominal slot boundaries pre-guard; edges flagged guard_* shrink by ceil(G/2) at Part-3 instantiation, G >= effective window span"
methodology_v2.part2.v1,2,JNU,validation,jnu_tb800_2,jnu_tb800_2,tb,RollingElement,within_recording_temporal_macro_block,data/raw_jnu/JNU-Bearing-Dataset/tb800_2.csv,50000,800.0,,rolling_element,0.3mm x 0.05mm wire-cut dent,,,jnu_tb_800,E,400400.0,500500.0,True,False,True,"within-recording temporal holdout; nominal slot boundaries pre-guard; edges flagged guard_* shrink by ceil(G/2) at Part-3 instantiation, G >= effective window span"
methodology_v2.part2.v1,2,JNU,guard,jnu_tb800_2,jnu_tb800_2,tb,RollingElement,guard_region,data/raw_jnu/JNU-Bearing-Dataset/tb800_2.csv,50000,800.0,,rolling_element,0.3mm x 0.05mm wire-cut dent,,,jnu_tb_800,GUARD_AB,100100.0,100100.0,,,False,"symbolic guard anchored at nominal boundary 100100; expands to [b-ceil(G/2), b+ceil(G/2)) once Part 3 freezes G >= effective window span; never usable"
methodology_v2.part2.v1,2,JNU,guard,jnu_tb800_2,jnu_tb800_2,tb,RollingElement,guard_region,data/raw_jnu/JNU-Bearing-Dataset/tb800_2.csv,50000,800.0,,rolling_element,0.3mm x 0.05mm wire-cut dent,,,jnu_tb_800,GUARD_BC,200200.0,200200.0,,,False,"symbolic guard anchored at nominal boundary 200200; expands to [b-ceil(G/2), b+ceil(G/2)) once Part 3 freezes G >= effective window span; never usable"
methodology_v2.part2.v1,2,JNU,guard,jnu_tb800_2,jnu_tb800_2,tb,RollingElement,guard_region,data/raw_jnu/JNU-Bearing-Dataset/tb800_2.csv,50000,800.0,,rolling_element,0.3mm x 0.05mm wire-cut dent,,,jnu_tb_800,GUARD_CD,300300.0,300300.0,,,False,"symbolic guard anchored at nominal boundary 300300; expands to [b-ceil(G/2), b+ceil(G/2)) once Part 3 freezes G >= effective window span; never usable"
methodology_v2.part2.v1,2,JNU,guard,jnu_tb800_2,jnu_tb800_2,tb,RollingElement,guard_region,data/raw_jnu/JNU-Bearing-Dataset/tb800_2.csv,50000,800.0,,rolling_element,0.3mm x 0.05mm wire-cut dent,,,jnu_tb_800,GUARD_DE,400400.0,400400.0,,,False,"symbolic guard anchored at nominal boundary 400400; expands to [b-ceil(G/2), b+ceil(G/2)) once Part 3 freezes G >= effective window span; never usable"
methodology_v2.part2.v1,2,HIT,validation,hit_data1_rec00,hit_data1_rec00,0,Healthy,session_x_speed_group_recording,data/raw_hit/gdrive_full/HIT-dataset/data1.npy,25000,1000.0,,healthy,,inter_shaft,hit_data1,hit_data1_lp1000_hp1200,,,,,,True,"full Drive release only; split seed 102; rpm column = LP speed, HP in experiment_id; all channels/series of this group inherit this split"
methodology_v2.part2.v1,2,HIT,train,hit_data1_rec01,hit_data1_rec01,0,Healthy,session_x_speed_group_recording,data/raw_hit/gdrive_full/HIT-dataset/data1.npy,25000,1500.0,,healthy,,inter_shaft,hit_data1,hit_data1_lp1500_hp1800,,,,,,True,"full Drive release only; split seed 102; rpm column = LP speed, HP in experiment_id; all channels/series of this group inherit this split"
methodology_v2.part2.v1,2,HIT,train,hit_data1_rec02,hit_data1_rec02,0,Healthy,session_x_speed_group_recording,data/raw_hit/gdrive_full/HIT-dataset/data1.npy,25000,2000.0,,healthy,,inter_shaft,hit_data1,hit_data1_lp2000_hp2400,,,,,,True,"full Drive release only; split seed 102; rpm column = LP speed, HP in experiment_id; all channels/series of this group inherit this split"
methodology_v2.part2.v1,2,HIT,train,hit_data1_rec03,hit_data1_rec03,0,Healthy,session_x_speed_group_recording,data/raw_hit/gdrive_full/HIT-dataset/data1.npy,25000,2500.0,,healthy,,inter_shaft,hit_data1,hit_data1_lp2500_hp3000,,,,,,True,"full Drive release only; split seed 102; rpm column = LP speed, HP in experiment_id; all channels/series of this group inherit this split"
methodology_v2.part2.v1,2,HIT,test,hit_data1_rec04,hit_data1_rec04,0,Healthy,session_x_speed_group_recording,data/raw_hit/gdrive_full/HIT-dataset/data1.npy,25000,3000.0,,healthy,,inter_shaft,hit_data1,hit_data1_lp3000_hp3600,,,,,,True,"full Drive release only; split seed 102; rpm column = LP speed, HP in experiment_id; all channels/series of this group inherit this split"
methodology_v2.part2.v1,2,HIT,train,hit_data1_rec05,hit_data1_rec05,0,Healthy,session_x_speed_group_recording,data/raw_hit/gdrive_full/HIT-dataset/data1.npy,25000,3500.0,,healthy,,inter_shaft,hit_data1,hit_data1_lp3500_hp4200,,,,,,True,"full Drive release only; split seed 102; rpm column = LP speed, HP in experiment_id; all channels/series of this group inherit this split"
methodology_v2.part2.v1,2,HIT,train,hit_data1_rec06,hit_data1_rec06,0,Healthy,session_x_speed_group_recording,data/raw_hit/gdrive_full/HIT-dataset/data1.npy,25000,3600.0,,healthy,,inter_shaft,hit_data1,hit_data1_lp3600_hp4320,,,,,,True,"full Drive release only; split seed 102; rpm column = LP speed, HP in experiment_id; all channels/series of this group inherit this split"
methodology_v2.part2.v1,2,HIT,validation,hit_data1_rec07,hit_data1_rec07,0,Healthy,session_x_speed_group_recording,data/raw_hit/gdrive_full/HIT-dataset/data1.npy,25000,3700.0,,healthy,,inter_shaft,hit_data1,hit_data1_lp3700_hp4440,,,,,,True,"full Drive release only; split seed 102; rpm column = LP speed, HP in experiment_id; all channels/series of this group inherit this split"
methodology_v2.part2.v1,2,HIT,train,hit_data1_rec08,hit_data1_rec08,0,Healthy,session_x_speed_group_recording,data/raw_hit/gdrive_full/HIT-dataset/data1.npy,25000,3800.0,,healthy,,inter_shaft,hit_data1,hit_data1_lp3800_hp4560,,,,,,True,"full Drive release only; split seed 102; rpm column = LP speed, HP in experiment_id; all channels/series of this group inherit this split"
methodology_v2.part2.v1,2,HIT,train,hit_data1_rec09,hit_data1_rec09,0,Healthy,session_x_speed_group_recording,data/raw_hit/gdrive_full/HIT-dataset/data1.npy,25000,3900.0,,healthy,,inter_shaft,hit_data1,hit_data1_lp3900_hp4680,,,,,,True,"full Drive release only; split seed 102; rpm column = LP speed, HP in experiment_id; all channels/series of this group inherit this split"
methodology_v2.part2.v1,2,HIT,train,hit_data1_rec10,hit_data1_rec10,0,Healthy,session_x_speed_group_recording,data/raw_hit/gdrive_full/HIT-dataset/data1.npy,25000,4000.0,,healthy,,inter_shaft,hit_data1,hit_data1_lp4000_hp4800,,,,,,True,"full Drive release only; split seed 102; rpm column = LP speed, HP in experiment_id; all channels/series of this group inherit this split"
methodology_v2.part2.v1,2,HIT,test,hit_data1_rec11,hit_data1_rec11,0,Healthy,session_x_speed_group_recording,data/raw_hit/gdrive_full/HIT-dataset/data1.npy,25000,4100.0,,healthy,,inter_shaft,hit_data1,hit_data1_lp4100_hp4920,,,,,,True,"full Drive release only; split seed 102; rpm column = LP speed, HP in experiment_id; all channels/series of this group inherit this split"
methodology_v2.part2.v1,2,HIT,train,hit_data1_rec12,hit_data1_rec12,0,Healthy,session_x_speed_group_recording,data/raw_hit/gdrive_full/HIT-dataset/data1.npy,25000,4200.0,,healthy,,inter_shaft,hit_data1,hit_data1_lp4200_hp5040,,,,,,True,"full Drive release only; split seed 102; rpm column = LP speed, HP in experiment_id; all channels/series of this group inherit this split"
methodology_v2.part2.v1,2,HIT,test,hit_data1_rec13,hit_data1_rec13,0,Healthy,session_x_speed_group_recording,data/raw_hit/gdrive_full/HIT-dataset/data1.npy,25000,4300.0,,healthy,,inter_shaft,hit_data1,hit_data1_lp4300_hp5160,,,,,,True,"full Drive release only; split seed 102; rpm column = LP speed, HP in experiment_id; all channels/series of this group inherit this split"
methodology_v2.part2.v1,2,HIT,validation,hit_data1_rec14,hit_data1_rec14,0,Healthy,session_x_speed_group_recording,data/raw_hit/gdrive_full/HIT-dataset/data1.npy,25000,4400.0,,healthy,,inter_shaft,hit_data1,hit_data1_lp4400_hp5280,,,,,,True,"full Drive release only; split seed 102; rpm column = LP speed, HP in experiment_id; all channels/series of this group inherit this split"
methodology_v2.part2.v1,2,HIT,train,hit_data1_rec15,hit_data1_rec15,0,Healthy,session_x_speed_group_recording,data/raw_hit/gdrive_full/HIT-dataset/data1.npy,25000,4500.0,,healthy,,inter_shaft,hit_data1,hit_data1_lp4500_hp5400,,,,,,True,"full Drive release only; split seed 102; rpm column = LP speed, HP in experiment_id; all channels/series of this group inherit this split"
methodology_v2.part2.v1,2,HIT,train,hit_data1_rec16,hit_data1_rec16,0,Healthy,session_x_speed_group_recording,data/raw_hit/gdrive_full/HIT-dataset/data1.npy,25000,4600.0,,healthy,,inter_shaft,hit_data1,hit_data1_lp4600_hp5520,,,,,,True,"full Drive release only; split seed 102; rpm column = LP speed, HP in experiment_id; all channels/series of this group inherit this split"
methodology_v2.part2.v1,2,HIT,train,hit_data1_rec17,hit_data1_rec17,0,Healthy,session_x_speed_group_recording,data/raw_hit/gdrive_full/HIT-dataset/data1.npy,25000,4700.0,,healthy,,inter_shaft,hit_data1,hit_data1_lp4700_hp5640,,,,,,True,"full Drive release only; split seed 102; rpm column = LP speed, HP in experiment_id; all channels/series of this group inherit this split"
methodology_v2.part2.v1,2,HIT,train,hit_data1_rec18,hit_data1_rec18,0,Healthy,session_x_speed_group_recording,data/raw_hit/gdrive_full/HIT-dataset/data1.npy,25000,4800.0,,healthy,,inter_shaft,hit_data1,hit_data1_lp4800_hp5760,,,,,,True,"full Drive release only; split seed 102; rpm column = LP speed, HP in experiment_id; all channels/series of this group inherit this split"
methodology_v2.part2.v1,2,HIT,train,hit_data1_rec19,hit_data1_rec19,0,Healthy,session_x_speed_group_recording,data/raw_hit/gdrive_full/HIT-dataset/data1.npy,25000,4900.0,,healthy,,inter_shaft,hit_data1,hit_data1_lp4900_hp5880,,,,,,True,"full Drive release only; split seed 102; rpm column = LP speed, HP in experiment_id; all channels/series of this group inherit this split"
methodology_v2.part2.v1,2,HIT,train,hit_data1_rec20,hit_data1_rec20,0,Healthy,session_x_speed_group_recording,data/raw_hit/gdrive_full/HIT-dataset/data1.npy,25000,5000.0,,healthy,,inter_shaft,hit_data1,hit_data1_lp5000_hp6000,,,,,,True,"full Drive release only; split seed 102; rpm column = LP speed, HP in experiment_id; all channels/series of this group inherit this split"
methodology_v2.part2.v1,2,HIT,train,hit_data1_rec21,hit_data1_rec21,0,Healthy,session_x_speed_group_recording,data/raw_hit/gdrive_full/HIT-dataset/data1.npy,25000,3000.0,,healthy,,inter_shaft,hit_data1,hit_data1_lp3000_hp3600,,,,,,True,"full Drive release only; split seed 102; rpm column = LP speed, HP in experiment_id; all channels/series of this group inherit this split"
methodology_v2.part2.v1,2,HIT,train,hit_data1_rec22,hit_data1_rec22,0,Healthy,session_x_speed_group_recording,data/raw_hit/gdrive_full/HIT-dataset/data1.npy,25000,3000.0,,healthy,,inter_shaft,hit_data1,hit_data1_lp3000_hp3900,,,,,,True,"full Drive release only; split seed 102; rpm column = LP speed, HP in experiment_id; all channels/series of this group inherit this split"
methodology_v2.part2.v1,2,HIT,validation,hit_data1_rec23,hit_data1_rec23,0,Healthy,session_x_speed_group_recording,data/raw_hit/gdrive_full/HIT-dataset/data1.npy,25000,3000.0,,healthy,,inter_shaft,hit_data1,hit_data1_lp3000_hp4200,,,,,,True,"full Drive release only; split seed 102; rpm column = LP speed, HP in experiment_id; all channels/series of this group inherit this split"
methodology_v2.part2.v1,2,HIT,test,hit_data1_rec24,hit_data1_rec24,0,Healthy,session_x_speed_group_recording,data/raw_hit/gdrive_full/HIT-dataset/data1.npy,25000,3000.0,,healthy,,inter_shaft,hit_data1,hit_data1_lp3000_hp4500,,,,,,True,"full Drive release only; split seed 102; rpm column = LP speed, HP in experiment_id; all channels/series of this group inherit this split"
methodology_v2.part2.v1,2,HIT,train,hit_data1_rec25,hit_data1_rec25,0,Healthy,session_x_speed_group_recording,data/raw_hit/gdrive_full/HIT-dataset/data1.npy,25000,3000.0,,healthy,,inter_shaft,hit_data1,hit_data1_lp3000_hp4800,,,,,,True,"full Drive release only; split seed 102; rpm column = LP speed, HP in experiment_id; all channels/series of this group inherit this split"
methodology_v2.part2.v1,2,HIT,train,hit_data1_rec26,hit_data1_rec26,0,Healthy,session_x_speed_group_recording,data/raw_hit/gdrive_full/HIT-dataset/data1.npy,25000,3000.0,,healthy,,inter_shaft,hit_data1,hit_data1_lp3000_hp5100,,,,,,True,"full Drive release only; split seed 102; rpm column = LP speed, HP in experiment_id; all channels/series of this group inherit this split"
methodology_v2.part2.v1,2,HIT,train,hit_data1_rec27,hit_data1_rec27,0,Healthy,session_x_speed_group_recording,data/raw_hit/gdrive_full/HIT-dataset/data1.npy,25000,3000.0,,healthy,,inter_shaft,hit_data1,hit_data1_lp3000_hp5400,,,,,,True,"full Drive release only; split seed 102; rpm column = LP speed, HP in experiment_id; all channels/series of this group inherit this split"
methodology_v2.part2.v1,2,HIT,train,hit_data2_rec00,hit_data2_rec00,0,Healthy,session_x_speed_group_recording,data/raw_hit/gdrive_full/HIT-dataset/data2.npy,25000,1000.0,,healthy,,inter_shaft,hit_data2,hit_data2_lp1000_hp1200,,,,,,True,"full Drive release only; split seed 102; rpm column = LP speed, HP in experiment_id; all channels/series of this group inherit this split"
methodology_v2.part2.v1,2,HIT,train,hit_data2_rec01,hit_data2_rec01,0,Healthy,session_x_speed_group_recording,data/raw_hit/gdrive_full/HIT-dataset/data2.npy,25000,1500.0,,healthy,,inter_shaft,hit_data2,hit_data2_lp1500_hp1800,,,,,,True,"full Drive release only; split seed 102; rpm column = LP speed, HP in experiment_id; all channels/series of this group inherit this split"
methodology_v2.part2.v1,2,HIT,train,hit_data2_rec02,hit_data2_rec02,0,Healthy,session_x_speed_group_recording,data/raw_hit/gdrive_full/HIT-dataset/data2.npy,25000,2000.0,,healthy,,inter_shaft,hit_data2,hit_data2_lp2000_hp2400,,,,,,True,"full Drive release only; split seed 102; rpm column = LP speed, HP in experiment_id; all channels/series of this group inherit this split"
methodology_v2.part2.v1,2,HIT,train,hit_data2_rec03,hit_data2_rec03,0,Healthy,session_x_speed_group_recording,data/raw_hit/gdrive_full/HIT-dataset/data2.npy,25000,2500.0,,healthy,,inter_shaft,hit_data2,hit_data2_lp2500_hp3000,,,,,,True,"full Drive release only; split seed 102; rpm column = LP speed, HP in experiment_id; all channels/series of this group inherit this split"
methodology_v2.part2.v1,2,HIT,train,hit_data2_rec04,hit_data2_rec04,0,Healthy,session_x_speed_group_recording,data/raw_hit/gdrive_full/HIT-dataset/data2.npy,25000,3000.0,,healthy,,inter_shaft,hit_data2,hit_data2_lp3000_hp3600,,,,,,True,"full Drive release only; split seed 102; rpm column = LP speed, HP in experiment_id; all channels/series of this group inherit this split"
methodology_v2.part2.v1,2,HIT,train,hit_data2_rec05,hit_data2_rec05,0,Healthy,session_x_speed_group_recording,data/raw_hit/gdrive_full/HIT-dataset/data2.npy,25000,3500.0,,healthy,,inter_shaft,hit_data2,hit_data2_lp3500_hp4200,,,,,,True,"full Drive release only; split seed 102; rpm column = LP speed, HP in experiment_id; all channels/series of this group inherit this split"
methodology_v2.part2.v1,2,HIT,train,hit_data2_rec06,hit_data2_rec06,0,Healthy,session_x_speed_group_recording,data/raw_hit/gdrive_full/HIT-dataset/data2.npy,25000,3600.0,,healthy,,inter_shaft,hit_data2,hit_data2_lp3600_hp4320,,,,,,True,"full Drive release only; split seed 102; rpm column = LP speed, HP in experiment_id; all channels/series of this group inherit this split"
methodology_v2.part2.v1,2,HIT,validation,hit_data2_rec07,hit_data2_rec07,0,Healthy,session_x_speed_group_recording,data/raw_hit/gdrive_full/HIT-dataset/data2.npy,25000,3700.0,,healthy,,inter_shaft,hit_data2,hit_data2_lp3700_hp4440,,,,,,True,"full Drive release only; split seed 102; rpm column = LP speed, HP in experiment_id; all channels/series of this group inherit this split"
methodology_v2.part2.v1,2,HIT,train,hit_data2_rec08,hit_data2_rec08,0,Healthy,session_x_speed_group_recording,data/raw_hit/gdrive_full/HIT-dataset/data2.npy,25000,3800.0,,healthy,,inter_shaft,hit_data2,hit_data2_lp3800_hp4560,,,,,,True,"full Drive release only; split seed 102; rpm column = LP speed, HP in experiment_id; all channels/series of this group inherit this split"
methodology_v2.part2.v1,2,HIT,test,hit_data2_rec09,hit_data2_rec09,0,Healthy,session_x_speed_group_recording,data/raw_hit/gdrive_full/HIT-dataset/data2.npy,25000,3900.0,,healthy,,inter_shaft,hit_data2,hit_data2_lp3900_hp4680,,,,,,True,"full Drive release only; split seed 102; rpm column = LP speed, HP in experiment_id; all channels/series of this group inherit this split"
methodology_v2.part2.v1,2,HIT,test,hit_data2_rec10,hit_data2_rec10,0,Healthy,session_x_speed_group_recording,data/raw_hit/gdrive_full/HIT-dataset/data2.npy,25000,4000.0,,healthy,,inter_shaft,hit_data2,hit_data2_lp4000_hp4800,,,,,,True,"full Drive release only; split seed 102; rpm column = LP speed, HP in experiment_id; all channels/series of this group inherit this split"
methodology_v2.part2.v1,2,HIT,train,hit_data2_rec11,hit_data2_rec11,0,Healthy,session_x_speed_group_recording,data/raw_hit/gdrive_full/HIT-dataset/data2.npy,25000,4100.0,,healthy,,inter_shaft,hit_data2,hit_data2_lp4100_hp4920,,,,,,True,"full Drive release only; split seed 102; rpm column = LP speed, HP in experiment_id; all channels/series of this group inherit this split"
methodology_v2.part2.v1,2,HIT,test,hit_data2_rec12,hit_data2_rec12,0,Healthy,session_x_speed_group_recording,data/raw_hit/gdrive_full/HIT-dataset/data2.npy,25000,4200.0,,healthy,,inter_shaft,hit_data2,hit_data2_lp4200_hp5040,,,,,,True,"full Drive release only; split seed 102; rpm column = LP speed, HP in experiment_id; all channels/series of this group inherit this split"
methodology_v2.part2.v1,2,HIT,validation,hit_data2_rec13,hit_data2_rec13,0,Healthy,session_x_speed_group_recording,data/raw_hit/gdrive_full/HIT-dataset/data2.npy,25000,4300.0,,healthy,,inter_shaft,hit_data2,hit_data2_lp4300_hp5160,,,,,,True,"full Drive release only; split seed 102; rpm column = LP speed, HP in experiment_id; all channels/series of this group inherit this split"
methodology_v2.part2.v1,2,HIT,validation,hit_data2_rec14,hit_data2_rec14,0,Healthy,session_x_speed_group_recording,data/raw_hit/gdrive_full/HIT-dataset/data2.npy,25000,4400.0,,healthy,,inter_shaft,hit_data2,hit_data2_lp4400_hp5280,,,,,,True,"full Drive release only; split seed 102; rpm column = LP speed, HP in experiment_id; all channels/series of this group inherit this split"
methodology_v2.part2.v1,2,HIT,train,hit_data2_rec15,hit_data2_rec15,0,Healthy,session_x_speed_group_recording,data/raw_hit/gdrive_full/HIT-dataset/data2.npy,25000,4500.0,,healthy,,inter_shaft,hit_data2,hit_data2_lp4500_hp5400,,,,,,True,"full Drive release only; split seed 102; rpm column = LP speed, HP in experiment_id; all channels/series of this group inherit this split"
methodology_v2.part2.v1,2,HIT,train,hit_data2_rec16,hit_data2_rec16,0,Healthy,session_x_speed_group_recording,data/raw_hit/gdrive_full/HIT-dataset/data2.npy,25000,4600.0,,healthy,,inter_shaft,hit_data2,hit_data2_lp4600_hp5520,,,,,,True,"full Drive release only; split seed 102; rpm column = LP speed, HP in experiment_id; all channels/series of this group inherit this split"
methodology_v2.part2.v1,2,HIT,validation,hit_data2_rec17,hit_data2_rec17,0,Healthy,session_x_speed_group_recording,data/raw_hit/gdrive_full/HIT-dataset/data2.npy,25000,4700.0,,healthy,,inter_shaft,hit_data2,hit_data2_lp4700_hp5640,,,,,,True,"full Drive release only; split seed 102; rpm column = LP speed, HP in experiment_id; all channels/series of this group inherit this split"
methodology_v2.part2.v1,2,HIT,train,hit_data2_rec18,hit_data2_rec18,0,Healthy,session_x_speed_group_recording,data/raw_hit/gdrive_full/HIT-dataset/data2.npy,25000,4800.0,,healthy,,inter_shaft,hit_data2,hit_data2_lp4800_hp5760,,,,,,True,"full Drive release only; split seed 102; rpm column = LP speed, HP in experiment_id; all channels/series of this group inherit this split"
methodology_v2.part2.v1,2,HIT,train,hit_data2_rec19,hit_data2_rec19,0,Healthy,session_x_speed_group_recording,data/raw_hit/gdrive_full/HIT-dataset/data2.npy,25000,4900.0,,healthy,,inter_shaft,hit_data2,hit_data2_lp4900_hp5880,,,,,,True,"full Drive release only; split seed 102; rpm column = LP speed, HP in experiment_id; all channels/series of this group inherit this split"
methodology_v2.part2.v1,2,HIT,train,hit_data2_rec20,hit_data2_rec20,0,Healthy,session_x_speed_group_recording,data/raw_hit/gdrive_full/HIT-dataset/data2.npy,25000,5000.0,,healthy,,inter_shaft,hit_data2,hit_data2_lp5000_hp6000,,,,,,True,"full Drive release only; split seed 102; rpm column = LP speed, HP in experiment_id; all channels/series of this group inherit this split"
methodology_v2.part2.v1,2,HIT,train,hit_data2_rec21,hit_data2_rec21,0,Healthy,session_x_speed_group_recording,data/raw_hit/gdrive_full/HIT-dataset/data2.npy,25000,3000.0,,healthy,,inter_shaft,hit_data2,hit_data2_lp3000_hp3900,,,,,,True,"full Drive release only; split seed 102; rpm column = LP speed, HP in experiment_id; all channels/series of this group inherit this split"
methodology_v2.part2.v1,2,HIT,train,hit_data2_rec22,hit_data2_rec22,0,Healthy,session_x_speed_group_recording,data/raw_hit/gdrive_full/HIT-dataset/data2.npy,25000,3000.0,,healthy,,inter_shaft,hit_data2,hit_data2_lp3000_hp4200,,,,,,True,"full Drive release only; split seed 102; rpm column = LP speed, HP in experiment_id; all channels/series of this group inherit this split"
methodology_v2.part2.v1,2,HIT,train,hit_data2_rec23,hit_data2_rec23,0,Healthy,session_x_speed_group_recording,data/raw_hit/gdrive_full/HIT-dataset/data2.npy,25000,3000.0,,healthy,,inter_shaft,hit_data2,hit_data2_lp3000_hp4500,,,,,,True,"full Drive release only; split seed 102; rpm column = LP speed, HP in experiment_id; all channels/series of this group inherit this split"
methodology_v2.part2.v1,2,HIT,test,hit_data2_rec24,hit_data2_rec24,0,Healthy,session_x_speed_group_recording,data/raw_hit/gdrive_full/HIT-dataset/data2.npy,25000,3000.0,,healthy,,inter_shaft,hit_data2,hit_data2_lp3000_hp4800,,,,,,True,"full Drive release only; split seed 102; rpm column = LP speed, HP in experiment_id; all channels/series of this group inherit this split"
methodology_v2.part2.v1,2,HIT,train,hit_data3_rec00,hit_data3_rec00,1,InnerRace,session_x_speed_group_recording,data/raw_hit/gdrive_full/HIT-dataset/data3.npy,25000,1000.0,,inner_race,"depth 0.5 mm, length 0.5 mm",inter_shaft,hit_data3,hit_data3_lp1000_hp1200,,,,,,True,"full Drive release only; split seed 102; rpm column = LP speed, HP in experiment_id; all channels/series of this group inherit this split"
methodology_v2.part2.v1,2,HIT,train,hit_data3_rec01,hit_data3_rec01,1,InnerRace,session_x_speed_group_recording,data/raw_hit/gdrive_full/HIT-dataset/data3.npy,25000,1500.0,,inner_race,"depth 0.5 mm, length 0.5 mm",inter_shaft,hit_data3,hit_data3_lp1500_hp1800,,,,,,True,"full Drive release only; split seed 102; rpm column = LP speed, HP in experiment_id; all channels/series of this group inherit this split"
methodology_v2.part2.v1,2,HIT,train,hit_data3_rec02,hit_data3_rec02,1,InnerRace,session_x_speed_group_recording,data/raw_hit/gdrive_full/HIT-dataset/data3.npy,25000,2000.0,,inner_race,"depth 0.5 mm, length 0.5 mm",inter_shaft,hit_data3,hit_data3_lp2000_hp2400,,,,,,True,"full Drive release only; split seed 102; rpm column = LP speed, HP in experiment_id; all channels/series of this group inherit this split"
methodology_v2.part2.v1,2,HIT,train,hit_data3_rec03,hit_data3_rec03,1,InnerRace,session_x_speed_group_recording,data/raw_hit/gdrive_full/HIT-dataset/data3.npy,25000,2500.0,,inner_race,"depth 0.5 mm, length 0.5 mm",inter_shaft,hit_data3,hit_data3_lp2500_hp3000,,,,,,True,"full Drive release only; split seed 102; rpm column = LP speed, HP in experiment_id; all channels/series of this group inherit this split"
methodology_v2.part2.v1,2,HIT,train,hit_data3_rec04,hit_data3_rec04,1,InnerRace,session_x_speed_group_recording,data/raw_hit/gdrive_full/HIT-dataset/data3.npy,25000,3000.0,,inner_race,"depth 0.5 mm, length 0.5 mm",inter_shaft,hit_data3,hit_data3_lp3000_hp3600,,,,,,True,"full Drive release only; split seed 102; rpm column = LP speed, HP in experiment_id; all channels/series of this group inherit this split"
methodology_v2.part2.v1,2,HIT,train,hit_data3_rec05,hit_data3_rec05,1,InnerRace,session_x_speed_group_recording,data/raw_hit/gdrive_full/HIT-dataset/data3.npy,25000,3500.0,,inner_race,"depth 0.5 mm, length 0.5 mm",inter_shaft,hit_data3,hit_data3_lp3500_hp4200,,,,,,True,"full Drive release only; split seed 102; rpm column = LP speed, HP in experiment_id; all channels/series of this group inherit this split"
methodology_v2.part2.v1,2,HIT,train,hit_data3_rec06,hit_data3_rec06,1,InnerRace,session_x_speed_group_recording,data/raw_hit/gdrive_full/HIT-dataset/data3.npy,25000,3600.0,,inner_race,"depth 0.5 mm, length 0.5 mm",inter_shaft,hit_data3,hit_data3_lp3600_hp4320,,,,,,True,"full Drive release only; split seed 102; rpm column = LP speed, HP in experiment_id; all channels/series of this group inherit this split"
methodology_v2.part2.v1,2,HIT,train,hit_data3_rec07,hit_data3_rec07,1,InnerRace,session_x_speed_group_recording,data/raw_hit/gdrive_full/HIT-dataset/data3.npy,25000,3700.0,,inner_race,"depth 0.5 mm, length 0.5 mm",inter_shaft,hit_data3,hit_data3_lp3700_hp4440,,,,,,True,"full Drive release only; split seed 102; rpm column = LP speed, HP in experiment_id; all channels/series of this group inherit this split"
methodology_v2.part2.v1,2,HIT,test,hit_data3_rec08,hit_data3_rec08,1,InnerRace,session_x_speed_group_recording,data/raw_hit/gdrive_full/HIT-dataset/data3.npy,25000,3800.0,,inner_race,"depth 0.5 mm, length 0.5 mm",inter_shaft,hit_data3,hit_data3_lp3800_hp4560,,,,,,True,"full Drive release only; split seed 102; rpm column = LP speed, HP in experiment_id; all channels/series of this group inherit this split"
methodology_v2.part2.v1,2,HIT,test,hit_data3_rec09,hit_data3_rec09,1,InnerRace,session_x_speed_group_recording,data/raw_hit/gdrive_full/HIT-dataset/data3.npy,25000,3900.0,,inner_race,"depth 0.5 mm, length 0.5 mm",inter_shaft,hit_data3,hit_data3_lp3900_hp4680,,,,,,True,"full Drive release only; split seed 102; rpm column = LP speed, HP in experiment_id; all channels/series of this group inherit this split"
methodology_v2.part2.v1,2,HIT,train,hit_data3_rec10,hit_data3_rec10,1,InnerRace,session_x_speed_group_recording,data/raw_hit/gdrive_full/HIT-dataset/data3.npy,25000,4000.0,,inner_race,"depth 0.5 mm, length 0.5 mm",inter_shaft,hit_data3,hit_data3_lp4000_hp4800,,,,,,True,"full Drive release only; split seed 102; rpm column = LP speed, HP in experiment_id; all channels/series of this group inherit this split"
methodology_v2.part2.v1,2,HIT,test,hit_data3_rec11,hit_data3_rec11,1,InnerRace,session_x_speed_group_recording,data/raw_hit/gdrive_full/HIT-dataset/data3.npy,25000,4100.0,,inner_race,"depth 0.5 mm, length 0.5 mm",inter_shaft,hit_data3,hit_data3_lp4100_hp4920,,,,,,True,"full Drive release only; split seed 102; rpm column = LP speed, HP in experiment_id; all channels/series of this group inherit this split"
methodology_v2.part2.v1,2,HIT,train,hit_data3_rec12,hit_data3_rec12,1,InnerRace,session_x_speed_group_recording,data/raw_hit/gdrive_full/HIT-dataset/data3.npy,25000,4200.0,,inner_race,"depth 0.5 mm, length 0.5 mm",inter_shaft,hit_data3,hit_data3_lp4200_hp5040,,,,,,True,"full Drive release only; split seed 102; rpm column = LP speed, HP in experiment_id; all channels/series of this group inherit this split"
methodology_v2.part2.v1,2,HIT,validation,hit_data3_rec13,hit_data3_rec13,1,InnerRace,session_x_speed_group_recording,data/raw_hit/gdrive_full/HIT-dataset/data3.npy,25000,4300.0,,inner_race,"depth 0.5 mm, length 0.5 mm",inter_shaft,hit_data3,hit_data3_lp4300_hp5160,,,,,,True,"full Drive release only; split seed 102; rpm column = LP speed, HP in experiment_id; all channels/series of this group inherit this split"
methodology_v2.part2.v1,2,HIT,validation,hit_data3_rec14,hit_data3_rec14,1,InnerRace,session_x_speed_group_recording,data/raw_hit/gdrive_full/HIT-dataset/data3.npy,25000,4400.0,,inner_race,"depth 0.5 mm, length 0.5 mm",inter_shaft,hit_data3,hit_data3_lp4400_hp5280,,,,,,True,"full Drive release only; split seed 102; rpm column = LP speed, HP in experiment_id; all channels/series of this group inherit this split"
methodology_v2.part2.v1,2,HIT,train,hit_data3_rec15,hit_data3_rec15,1,InnerRace,session_x_speed_group_recording,data/raw_hit/gdrive_full/HIT-dataset/data3.npy,25000,4500.0,,inner_race,"depth 0.5 mm, length 0.5 mm",inter_shaft,hit_data3,hit_data3_lp4500_hp5400,,,,,,True,"full Drive release only; split seed 102; rpm column = LP speed, HP in experiment_id; all channels/series of this group inherit this split"
methodology_v2.part2.v1,2,HIT,train,hit_data3_rec16,hit_data3_rec16,1,InnerRace,session_x_speed_group_recording,data/raw_hit/gdrive_full/HIT-dataset/data3.npy,25000,4600.0,,inner_race,"depth 0.5 mm, length 0.5 mm",inter_shaft,hit_data3,hit_data3_lp4600_hp5520,,,,,,True,"full Drive release only; split seed 102; rpm column = LP speed, HP in experiment_id; all channels/series of this group inherit this split"
methodology_v2.part2.v1,2,HIT,train,hit_data3_rec17,hit_data3_rec17,1,InnerRace,session_x_speed_group_recording,data/raw_hit/gdrive_full/HIT-dataset/data3.npy,25000,4700.0,,inner_race,"depth 0.5 mm, length 0.5 mm",inter_shaft,hit_data3,hit_data3_lp4700_hp5640,,,,,,True,"full Drive release only; split seed 102; rpm column = LP speed, HP in experiment_id; all channels/series of this group inherit this split"
methodology_v2.part2.v1,2,HIT,train,hit_data3_rec18,hit_data3_rec18,1,InnerRace,session_x_speed_group_recording,data/raw_hit/gdrive_full/HIT-dataset/data3.npy,25000,4800.0,,inner_race,"depth 0.5 mm, length 0.5 mm",inter_shaft,hit_data3,hit_data3_lp4800_hp5760,,,,,,True,"full Drive release only; split seed 102; rpm column = LP speed, HP in experiment_id; all channels/series of this group inherit this split"
methodology_v2.part2.v1,2,HIT,validation,hit_data3_rec19,hit_data3_rec19,1,InnerRace,session_x_speed_group_recording,data/raw_hit/gdrive_full/HIT-dataset/data3.npy,25000,4900.0,,inner_race,"depth 0.5 mm, length 0.5 mm",inter_shaft,hit_data3,hit_data3_lp4900_hp5880,,,,,,True,"full Drive release only; split seed 102; rpm column = LP speed, HP in experiment_id; all channels/series of this group inherit this split"
methodology_v2.part2.v1,2,HIT,train,hit_data3_rec20,hit_data3_rec20,1,InnerRace,session_x_speed_group_recording,data/raw_hit/gdrive_full/HIT-dataset/data3.npy,25000,5000.0,,inner_race,"depth 0.5 mm, length 0.5 mm",inter_shaft,hit_data3,hit_data3_lp5000_hp6000,,,,,,True,"full Drive release only; split seed 102; rpm column = LP speed, HP in experiment_id; all channels/series of this group inherit this split"
methodology_v2.part2.v1,2,HIT,train,hit_data3_rec21,hit_data3_rec21,1,InnerRace,session_x_speed_group_recording,data/raw_hit/gdrive_full/HIT-dataset/data3.npy,25000,3000.0,,inner_race,"depth 0.5 mm, length 0.5 mm",inter_shaft,hit_data3,hit_data3_lp3000_hp3600,,,,,,True,"full Drive release only; split seed 102; rpm column = LP speed, HP in experiment_id; all channels/series of this group inherit this split"
methodology_v2.part2.v1,2,HIT,train,hit_data3_rec22,hit_data3_rec22,1,InnerRace,session_x_speed_group_recording,data/raw_hit/gdrive_full/HIT-dataset/data3.npy,25000,3000.0,,inner_race,"depth 0.5 mm, length 0.5 mm",inter_shaft,hit_data3,hit_data3_lp3000_hp3900,,,,,,True,"full Drive release only; split seed 102; rpm column = LP speed, HP in experiment_id; all channels/series of this group inherit this split"
methodology_v2.part2.v1,2,HIT,validation,hit_data3_rec23,hit_data3_rec23,1,InnerRace,session_x_speed_group_recording,data/raw_hit/gdrive_full/HIT-dataset/data3.npy,25000,3000.0,,inner_race,"depth 0.5 mm, length 0.5 mm",inter_shaft,hit_data3,hit_data3_lp3000_hp4200,,,,,,True,"full Drive release only; split seed 102; rpm column = LP speed, HP in experiment_id; all channels/series of this group inherit this split"
methodology_v2.part2.v1,2,HIT,test,hit_data3_rec24,hit_data3_rec24,1,InnerRace,session_x_speed_group_recording,data/raw_hit/gdrive_full/HIT-dataset/data3.npy,25000,3000.0,,inner_race,"depth 0.5 mm, length 0.5 mm",inter_shaft,hit_data3,hit_data3_lp3000_hp4500,,,,,,True,"full Drive release only; split seed 102; rpm column = LP speed, HP in experiment_id; all channels/series of this group inherit this split"
methodology_v2.part2.v1,2,HIT,train,hit_data3_rec25,hit_data3_rec25,1,InnerRace,session_x_speed_group_recording,data/raw_hit/gdrive_full/HIT-dataset/data3.npy,25000,3000.0,,inner_race,"depth 0.5 mm, length 0.5 mm",inter_shaft,hit_data3,hit_data3_lp3000_hp4800,,,,,,True,"full Drive release only; split seed 102; rpm column = LP speed, HP in experiment_id; all channels/series of this group inherit this split"
methodology_v2.part2.v1,2,HIT,train,hit_data3_rec26,hit_data3_rec26,1,InnerRace,session_x_speed_group_recording,data/raw_hit/gdrive_full/HIT-dataset/data3.npy,25000,3000.0,,inner_race,"depth 0.5 mm, length 0.5 mm",inter_shaft,hit_data3,hit_data3_lp3000_hp5100,,,,,,True,"full Drive release only; split seed 102; rpm column = LP speed, HP in experiment_id; all channels/series of this group inherit this split"
methodology_v2.part2.v1,2,HIT,train,hit_data3_rec27,hit_data3_rec27,1,InnerRace,session_x_speed_group_recording,data/raw_hit/gdrive_full/HIT-dataset/data3.npy,25000,3000.0,,inner_race,"depth 0.5 mm, length 0.5 mm",inter_shaft,hit_data3,hit_data3_lp3000_hp5400,,,,,,True,"full Drive release only; split seed 102; rpm column = LP speed, HP in experiment_id; all channels/series of this group inherit this split"
methodology_v2.part2.v1,2,HIT,train,hit_data4_rec00,hit_data4_rec00,1,InnerRace,session_x_speed_group_recording,data/raw_hit/gdrive_full/HIT-dataset/data4.npy,25000,1000.0,,inner_race,"depth 0.5 mm, length 1.0 mm",inter_shaft,hit_data4,hit_data4_lp1000_hp1200,,,,,,True,"full Drive release only; split seed 102; rpm column = LP speed, HP in experiment_id; all channels/series of this group inherit this split"
methodology_v2.part2.v1,2,HIT,validation,hit_data4_rec01,hit_data4_rec01,1,InnerRace,session_x_speed_group_recording,data/raw_hit/gdrive_full/HIT-dataset/data4.npy,25000,1500.0,,inner_race,"depth 0.5 mm, length 1.0 mm",inter_shaft,hit_data4,hit_data4_lp1500_hp1800,,,,,,True,"full Drive release only; split seed 102; rpm column = LP speed, HP in experiment_id; all channels/series of this group inherit this split"
methodology_v2.part2.v1,2,HIT,train,hit_data4_rec02,hit_data4_rec02,1,InnerRace,session_x_speed_group_recording,data/raw_hit/gdrive_full/HIT-dataset/data4.npy,25000,2000.0,,inner_race,"depth 0.5 mm, length 1.0 mm",inter_shaft,hit_data4,hit_data4_lp2000_hp2400,,,,,,True,"full Drive release only; split seed 102; rpm column = LP speed, HP in experiment_id; all channels/series of this group inherit this split"
methodology_v2.part2.v1,2,HIT,train,hit_data4_rec03,hit_data4_rec03,1,InnerRace,session_x_speed_group_recording,data/raw_hit/gdrive_full/HIT-dataset/data4.npy,25000,2500.0,,inner_race,"depth 0.5 mm, length 1.0 mm",inter_shaft,hit_data4,hit_data4_lp2500_hp3000,,,,,,True,"full Drive release only; split seed 102; rpm column = LP speed, HP in experiment_id; all channels/series of this group inherit this split"
methodology_v2.part2.v1,2,HIT,train,hit_data4_rec04,hit_data4_rec04,1,InnerRace,session_x_speed_group_recording,data/raw_hit/gdrive_full/HIT-dataset/data4.npy,25000,3000.0,,inner_race,"depth 0.5 mm, length 1.0 mm",inter_shaft,hit_data4,hit_data4_lp3000_hp3600,,,,,,True,"full Drive release only; split seed 102; rpm column = LP speed, HP in experiment_id; all channels/series of this group inherit this split"
methodology_v2.part2.v1,2,HIT,train,hit_data4_rec05,hit_data4_rec05,1,InnerRace,session_x_speed_group_recording,data/raw_hit/gdrive_full/HIT-dataset/data4.npy,25000,3500.0,,inner_race,"depth 0.5 mm, length 1.0 mm",inter_shaft,hit_data4,hit_data4_lp3500_hp4200,,,,,,True,"full Drive release only; split seed 102; rpm column = LP speed, HP in experiment_id; all channels/series of this group inherit this split"
methodology_v2.part2.v1,2,HIT,train,hit_data4_rec06,hit_data4_rec06,1,InnerRace,session_x_speed_group_recording,data/raw_hit/gdrive_full/HIT-dataset/data4.npy,25000,3600.0,,inner_race,"depth 0.5 mm, length 1.0 mm",inter_shaft,hit_data4,hit_data4_lp3600_hp4320,,,,,,True,"full Drive release only; split seed 102; rpm column = LP speed, HP in experiment_id; all channels/series of this group inherit this split"
methodology_v2.part2.v1,2,HIT,train,hit_data4_rec07,hit_data4_rec07,1,InnerRace,session_x_speed_group_recording,data/raw_hit/gdrive_full/HIT-dataset/data4.npy,25000,3700.0,,inner_race,"depth 0.5 mm, length 1.0 mm",inter_shaft,hit_data4,hit_data4_lp3700_hp4440,,,,,,True,"full Drive release only; split seed 102; rpm column = LP speed, HP in experiment_id; all channels/series of this group inherit this split"
methodology_v2.part2.v1,2,HIT,train,hit_data4_rec08,hit_data4_rec08,1,InnerRace,session_x_speed_group_recording,data/raw_hit/gdrive_full/HIT-dataset/data4.npy,25000,3800.0,,inner_race,"depth 0.5 mm, length 1.0 mm",inter_shaft,hit_data4,hit_data4_lp3800_hp4560,,,,,,True,"full Drive release only; split seed 102; rpm column = LP speed, HP in experiment_id; all channels/series of this group inherit this split"
methodology_v2.part2.v1,2,HIT,train,hit_data4_rec09,hit_data4_rec09,1,InnerRace,session_x_speed_group_recording,data/raw_hit/gdrive_full/HIT-dataset/data4.npy,25000,3900.0,,inner_race,"depth 0.5 mm, length 1.0 mm",inter_shaft,hit_data4,hit_data4_lp3900_hp4680,,,,,,True,"full Drive release only; split seed 102; rpm column = LP speed, HP in experiment_id; all channels/series of this group inherit this split"
methodology_v2.part2.v1,2,HIT,validation,hit_data4_rec10,hit_data4_rec10,1,InnerRace,session_x_speed_group_recording,data/raw_hit/gdrive_full/HIT-dataset/data4.npy,25000,4000.0,,inner_race,"depth 0.5 mm, length 1.0 mm",inter_shaft,hit_data4,hit_data4_lp4000_hp4800,,,,,,True,"full Drive release only; split seed 102; rpm column = LP speed, HP in experiment_id; all channels/series of this group inherit this split"
methodology_v2.part2.v1,2,HIT,train,hit_data4_rec11,hit_data4_rec11,1,InnerRace,session_x_speed_group_recording,data/raw_hit/gdrive_full/HIT-dataset/data4.npy,25000,4100.0,,inner_race,"depth 0.5 mm, length 1.0 mm",inter_shaft,hit_data4,hit_data4_lp4100_hp4920,,,,,,True,"full Drive release only; split seed 102; rpm column = LP speed, HP in experiment_id; all channels/series of this group inherit this split"
methodology_v2.part2.v1,2,HIT,validation,hit_data4_rec12,hit_data4_rec12,1,InnerRace,session_x_speed_group_recording,data/raw_hit/gdrive_full/HIT-dataset/data4.npy,25000,4200.0,,inner_race,"depth 0.5 mm, length 1.0 mm",inter_shaft,hit_data4,hit_data4_lp4200_hp5040,,,,,,True,"full Drive release only; split seed 102; rpm column = LP speed, HP in experiment_id; all channels/series of this group inherit this split"
methodology_v2.part2.v1,2,HIT,train,hit_data4_rec13,hit_data4_rec13,1,InnerRace,session_x_speed_group_recording,data/raw_hit/gdrive_full/HIT-dataset/data4.npy,25000,4300.0,,inner_race,"depth 0.5 mm, length 1.0 mm",inter_shaft,hit_data4,hit_data4_lp4300_hp5160,,,,,,True,"full Drive release only; split seed 102; rpm column = LP speed, HP in experiment_id; all channels/series of this group inherit this split"
methodology_v2.part2.v1,2,HIT,train,hit_data4_rec14,hit_data4_rec14,1,InnerRace,session_x_speed_group_recording,data/raw_hit/gdrive_full/HIT-dataset/data4.npy,25000,4400.0,,inner_race,"depth 0.5 mm, length 1.0 mm",inter_shaft,hit_data4,hit_data4_lp4400_hp5280,,,,,,True,"full Drive release only; split seed 102; rpm column = LP speed, HP in experiment_id; all channels/series of this group inherit this split"
methodology_v2.part2.v1,2,HIT,train,hit_data4_rec15,hit_data4_rec15,1,InnerRace,session_x_speed_group_recording,data/raw_hit/gdrive_full/HIT-dataset/data4.npy,25000,4500.0,,inner_race,"depth 0.5 mm, length 1.0 mm",inter_shaft,hit_data4,hit_data4_lp4500_hp5400,,,,,,True,"full Drive release only; split seed 102; rpm column = LP speed, HP in experiment_id; all channels/series of this group inherit this split"
methodology_v2.part2.v1,2,HIT,train,hit_data4_rec16,hit_data4_rec16,1,InnerRace,session_x_speed_group_recording,data/raw_hit/gdrive_full/HIT-dataset/data4.npy,25000,4600.0,,inner_race,"depth 0.5 mm, length 1.0 mm",inter_shaft,hit_data4,hit_data4_lp4600_hp5520,,,,,,True,"full Drive release only; split seed 102; rpm column = LP speed, HP in experiment_id; all channels/series of this group inherit this split"
methodology_v2.part2.v1,2,HIT,test,hit_data4_rec17,hit_data4_rec17,1,InnerRace,session_x_speed_group_recording,data/raw_hit/gdrive_full/HIT-dataset/data4.npy,25000,4700.0,,inner_race,"depth 0.5 mm, length 1.0 mm",inter_shaft,hit_data4,hit_data4_lp4700_hp5640,,,,,,True,"full Drive release only; split seed 102; rpm column = LP speed, HP in experiment_id; all channels/series of this group inherit this split"
methodology_v2.part2.v1,2,HIT,train,hit_data4_rec18,hit_data4_rec18,1,InnerRace,session_x_speed_group_recording,data/raw_hit/gdrive_full/HIT-dataset/data4.npy,25000,4800.0,,inner_race,"depth 0.5 mm, length 1.0 mm",inter_shaft,hit_data4,hit_data4_lp4800_hp5760,,,,,,True,"full Drive release only; split seed 102; rpm column = LP speed, HP in experiment_id; all channels/series of this group inherit this split"
methodology_v2.part2.v1,2,HIT,train,hit_data4_rec19,hit_data4_rec19,1,InnerRace,session_x_speed_group_recording,data/raw_hit/gdrive_full/HIT-dataset/data4.npy,25000,4900.0,,inner_race,"depth 0.5 mm, length 1.0 mm",inter_shaft,hit_data4,hit_data4_lp4900_hp5880,,,,,,True,"full Drive release only; split seed 102; rpm column = LP speed, HP in experiment_id; all channels/series of this group inherit this split"
methodology_v2.part2.v1,2,HIT,train,hit_data4_rec20,hit_data4_rec20,1,InnerRace,session_x_speed_group_recording,data/raw_hit/gdrive_full/HIT-dataset/data4.npy,25000,5000.0,,inner_race,"depth 0.5 mm, length 1.0 mm",inter_shaft,hit_data4,hit_data4_lp5000_hp6000,,,,,,True,"full Drive release only; split seed 102; rpm column = LP speed, HP in experiment_id; all channels/series of this group inherit this split"
methodology_v2.part2.v1,2,HIT,train,hit_data4_rec21,hit_data4_rec21,1,InnerRace,session_x_speed_group_recording,data/raw_hit/gdrive_full/HIT-dataset/data4.npy,25000,3000.0,,inner_race,"depth 0.5 mm, length 1.0 mm",inter_shaft,hit_data4,hit_data4_lp3000_hp3600,,,,,,True,"full Drive release only; split seed 102; rpm column = LP speed, HP in experiment_id; all channels/series of this group inherit this split"
methodology_v2.part2.v1,2,HIT,test,hit_data4_rec22,hit_data4_rec22,1,InnerRace,session_x_speed_group_recording,data/raw_hit/gdrive_full/HIT-dataset/data4.npy,25000,3000.0,,inner_race,"depth 0.5 mm, length 1.0 mm",inter_shaft,hit_data4,hit_data4_lp3000_hp3900,,,,,,True,"full Drive release only; split seed 102; rpm column = LP speed, HP in experiment_id; all channels/series of this group inherit this split"
methodology_v2.part2.v1,2,HIT,test,hit_data4_rec23,hit_data4_rec23,1,InnerRace,session_x_speed_group_recording,data/raw_hit/gdrive_full/HIT-dataset/data4.npy,25000,3000.0,,inner_race,"depth 0.5 mm, length 1.0 mm",inter_shaft,hit_data4,hit_data4_lp3000_hp4200,,,,,,True,"full Drive release only; split seed 102; rpm column = LP speed, HP in experiment_id; all channels/series of this group inherit this split"
methodology_v2.part2.v1,2,HIT,train,hit_data4_rec24,hit_data4_rec24,1,InnerRace,session_x_speed_group_recording,data/raw_hit/gdrive_full/HIT-dataset/data4.npy,25000,3000.0,,inner_race,"depth 0.5 mm, length 1.0 mm",inter_shaft,hit_data4,hit_data4_lp3000_hp4500,,,,,,True,"full Drive release only; split seed 102; rpm column = LP speed, HP in experiment_id; all channels/series of this group inherit this split"
methodology_v2.part2.v1,2,HIT,validation,hit_data4_rec25,hit_data4_rec25,1,InnerRace,session_x_speed_group_recording,data/raw_hit/gdrive_full/HIT-dataset/data4.npy,25000,3000.0,,inner_race,"depth 0.5 mm, length 1.0 mm",inter_shaft,hit_data4,hit_data4_lp3000_hp4800,,,,,,True,"full Drive release only; split seed 102; rpm column = LP speed, HP in experiment_id; all channels/series of this group inherit this split"
methodology_v2.part2.v1,2,HIT,train,hit_data4_rec26,hit_data4_rec26,1,InnerRace,session_x_speed_group_recording,data/raw_hit/gdrive_full/HIT-dataset/data4.npy,25000,3000.0,,inner_race,"depth 0.5 mm, length 1.0 mm",inter_shaft,hit_data4,hit_data4_lp3000_hp5100,,,,,,True,"full Drive release only; split seed 102; rpm column = LP speed, HP in experiment_id; all channels/series of this group inherit this split"
methodology_v2.part2.v1,2,HIT,test,hit_data4_rec27,hit_data4_rec27,1,InnerRace,session_x_speed_group_recording,data/raw_hit/gdrive_full/HIT-dataset/data4.npy,25000,3000.0,,inner_race,"depth 0.5 mm, length 1.0 mm",inter_shaft,hit_data4,hit_data4_lp3000_hp5400,,,,,,True,"full Drive release only; split seed 102; rpm column = LP speed, HP in experiment_id; all channels/series of this group inherit this split"
methodology_v2.part2.v1,2,HIT,train,hit_data5_rec00,hit_data5_rec00,2,OuterRace,session_x_speed_group_recording,data/raw_hit/gdrive_full/HIT-dataset/data5.npy,25000,1000.0,,outer_race,"depth 0.5 mm, length 0.5 mm",inter_shaft,hit_data5,hit_data5_lp1000_hp1200,,,,,,True,"full Drive release only; split seed 102; rpm column = LP speed, HP in experiment_id; all channels/series of this group inherit this split"
methodology_v2.part2.v1,2,HIT,train,hit_data5_rec01,hit_data5_rec01,2,OuterRace,session_x_speed_group_recording,data/raw_hit/gdrive_full/HIT-dataset/data5.npy,25000,1500.0,,outer_race,"depth 0.5 mm, length 0.5 mm",inter_shaft,hit_data5,hit_data5_lp1500_hp1800,,,,,,True,"full Drive release only; split seed 102; rpm column = LP speed, HP in experiment_id; all channels/series of this group inherit this split"
methodology_v2.part2.v1,2,HIT,train,hit_data5_rec02,hit_data5_rec02,2,OuterRace,session_x_speed_group_recording,data/raw_hit/gdrive_full/HIT-dataset/data5.npy,25000,2000.0,,outer_race,"depth 0.5 mm, length 0.5 mm",inter_shaft,hit_data5,hit_data5_lp2000_hp2400,,,,,,True,"full Drive release only; split seed 102; rpm column = LP speed, HP in experiment_id; all channels/series of this group inherit this split"
methodology_v2.part2.v1,2,HIT,train,hit_data5_rec03,hit_data5_rec03,2,OuterRace,session_x_speed_group_recording,data/raw_hit/gdrive_full/HIT-dataset/data5.npy,25000,2500.0,,outer_race,"depth 0.5 mm, length 0.5 mm",inter_shaft,hit_data5,hit_data5_lp2500_hp3000,,,,,,True,"full Drive release only; split seed 102; rpm column = LP speed, HP in experiment_id; all channels/series of this group inherit this split"
methodology_v2.part2.v1,2,HIT,train,hit_data5_rec04,hit_data5_rec04,2,OuterRace,session_x_speed_group_recording,data/raw_hit/gdrive_full/HIT-dataset/data5.npy,25000,3000.0,,outer_race,"depth 0.5 mm, length 0.5 mm",inter_shaft,hit_data5,hit_data5_lp3000_hp3600,,,,,,True,"full Drive release only; split seed 102; rpm column = LP speed, HP in experiment_id; all channels/series of this group inherit this split"
methodology_v2.part2.v1,2,HIT,validation,hit_data5_rec05,hit_data5_rec05,2,OuterRace,session_x_speed_group_recording,data/raw_hit/gdrive_full/HIT-dataset/data5.npy,25000,3500.0,,outer_race,"depth 0.5 mm, length 0.5 mm",inter_shaft,hit_data5,hit_data5_lp3500_hp4200,,,,,,True,"full Drive release only; split seed 102; rpm column = LP speed, HP in experiment_id; all channels/series of this group inherit this split"
methodology_v2.part2.v1,2,HIT,test,hit_data5_rec06,hit_data5_rec06,2,OuterRace,session_x_speed_group_recording,data/raw_hit/gdrive_full/HIT-dataset/data5.npy,25000,3600.0,,outer_race,"depth 0.5 mm, length 0.5 mm",inter_shaft,hit_data5,hit_data5_lp3600_hp4320,,,,,,True,"full Drive release only; split seed 102; rpm column = LP speed, HP in experiment_id; all channels/series of this group inherit this split"
methodology_v2.part2.v1,2,HIT,test,hit_data5_rec07,hit_data5_rec07,2,OuterRace,session_x_speed_group_recording,data/raw_hit/gdrive_full/HIT-dataset/data5.npy,25000,3700.0,,outer_race,"depth 0.5 mm, length 0.5 mm",inter_shaft,hit_data5,hit_data5_lp3700_hp4440,,,,,,True,"full Drive release only; split seed 102; rpm column = LP speed, HP in experiment_id; all channels/series of this group inherit this split"
methodology_v2.part2.v1,2,HIT,train,hit_data5_rec08,hit_data5_rec08,2,OuterRace,session_x_speed_group_recording,data/raw_hit/gdrive_full/HIT-dataset/data5.npy,25000,3800.0,,outer_race,"depth 0.5 mm, length 0.5 mm",inter_shaft,hit_data5,hit_data5_lp3800_hp4560,,,,,,True,"full Drive release only; split seed 102; rpm column = LP speed, HP in experiment_id; all channels/series of this group inherit this split"
methodology_v2.part2.v1,2,HIT,train,hit_data5_rec09,hit_data5_rec09,2,OuterRace,session_x_speed_group_recording,data/raw_hit/gdrive_full/HIT-dataset/data5.npy,25000,3900.0,,outer_race,"depth 0.5 mm, length 0.5 mm",inter_shaft,hit_data5,hit_data5_lp3900_hp4680,,,,,,True,"full Drive release only; split seed 102; rpm column = LP speed, HP in experiment_id; all channels/series of this group inherit this split"
methodology_v2.part2.v1,2,HIT,validation,hit_data5_rec10,hit_data5_rec10,2,OuterRace,session_x_speed_group_recording,data/raw_hit/gdrive_full/HIT-dataset/data5.npy,25000,4000.0,,outer_race,"depth 0.5 mm, length 0.5 mm",inter_shaft,hit_data5,hit_data5_lp4000_hp4800,,,,,,True,"full Drive release only; split seed 102; rpm column = LP speed, HP in experiment_id; all channels/series of this group inherit this split"
methodology_v2.part2.v1,2,HIT,train,hit_data5_rec11,hit_data5_rec11,2,OuterRace,session_x_speed_group_recording,data/raw_hit/gdrive_full/HIT-dataset/data5.npy,25000,4100.0,,outer_race,"depth 0.5 mm, length 0.5 mm",inter_shaft,hit_data5,hit_data5_lp4100_hp4920,,,,,,True,"full Drive release only; split seed 102; rpm column = LP speed, HP in experiment_id; all channels/series of this group inherit this split"
methodology_v2.part2.v1,2,HIT,train,hit_data5_rec12,hit_data5_rec12,2,OuterRace,session_x_speed_group_recording,data/raw_hit/gdrive_full/HIT-dataset/data5.npy,25000,4200.0,,outer_race,"depth 0.5 mm, length 0.5 mm",inter_shaft,hit_data5,hit_data5_lp4200_hp5040,,,,,,True,"full Drive release only; split seed 102; rpm column = LP speed, HP in experiment_id; all channels/series of this group inherit this split"
methodology_v2.part2.v1,2,HIT,test,hit_data5_rec13,hit_data5_rec13,2,OuterRace,session_x_speed_group_recording,data/raw_hit/gdrive_full/HIT-dataset/data5.npy,25000,4300.0,,outer_race,"depth 0.5 mm, length 0.5 mm",inter_shaft,hit_data5,hit_data5_lp4300_hp5160,,,,,,True,"full Drive release only; split seed 102; rpm column = LP speed, HP in experiment_id; all channels/series of this group inherit this split"
methodology_v2.part2.v1,2,HIT,train,hit_data5_rec14,hit_data5_rec14,2,OuterRace,session_x_speed_group_recording,data/raw_hit/gdrive_full/HIT-dataset/data5.npy,25000,4400.0,,outer_race,"depth 0.5 mm, length 0.5 mm",inter_shaft,hit_data5,hit_data5_lp4400_hp5280,,,,,,True,"full Drive release only; split seed 102; rpm column = LP speed, HP in experiment_id; all channels/series of this group inherit this split"
methodology_v2.part2.v1,2,HIT,test,hit_data5_rec15,hit_data5_rec15,2,OuterRace,session_x_speed_group_recording,data/raw_hit/gdrive_full/HIT-dataset/data5.npy,25000,4500.0,,outer_race,"depth 0.5 mm, length 0.5 mm",inter_shaft,hit_data5,hit_data5_lp4500_hp5400,,,,,,True,"full Drive release only; split seed 102; rpm column = LP speed, HP in experiment_id; all channels/series of this group inherit this split"
methodology_v2.part2.v1,2,HIT,train,hit_data5_rec16,hit_data5_rec16,2,OuterRace,session_x_speed_group_recording,data/raw_hit/gdrive_full/HIT-dataset/data5.npy,25000,4600.0,,outer_race,"depth 0.5 mm, length 0.5 mm",inter_shaft,hit_data5,hit_data5_lp4600_hp5520,,,,,,True,"full Drive release only; split seed 102; rpm column = LP speed, HP in experiment_id; all channels/series of this group inherit this split"
methodology_v2.part2.v1,2,HIT,validation,hit_data5_rec17,hit_data5_rec17,2,OuterRace,session_x_speed_group_recording,data/raw_hit/gdrive_full/HIT-dataset/data5.npy,25000,5000.0,,outer_race,"depth 0.5 mm, length 0.5 mm",inter_shaft,hit_data5,hit_data5_lp5000_hp6000,,,,,,True,"full Drive release only; split seed 102; rpm column = LP speed, HP in experiment_id; all channels/series of this group inherit this split"
methodology_v2.part2.v1,2,HIT,train,hit_data5_rec18,hit_data5_rec18,2,OuterRace,session_x_speed_group_recording,data/raw_hit/gdrive_full/HIT-dataset/data5.npy,25000,3000.0,,outer_race,"depth 0.5 mm, length 0.5 mm",inter_shaft,hit_data5,hit_data5_lp3000_hp3600,,,,,,True,"full Drive release only; split seed 102; rpm column = LP speed, HP in experiment_id; all channels/series of this group inherit this split"
methodology_v2.part2.v1,2,HIT,train,hit_data5_rec19,hit_data5_rec19,2,OuterRace,session_x_speed_group_recording,data/raw_hit/gdrive_full/HIT-dataset/data5.npy,25000,3000.0,,outer_race,"depth 0.5 mm, length 0.5 mm",inter_shaft,hit_data5,hit_data5_lp3000_hp3900,,,,,,True,"full Drive release only; split seed 102; rpm column = LP speed, HP in experiment_id; all channels/series of this group inherit this split"
methodology_v2.part2.v1,2,HIT,train,hit_data5_rec20,hit_data5_rec20,2,OuterRace,session_x_speed_group_recording,data/raw_hit/gdrive_full/HIT-dataset/data5.npy,25000,3000.0,,outer_race,"depth 0.5 mm, length 0.5 mm",inter_shaft,hit_data5,hit_data5_lp3000_hp4200,,,,,,True,"full Drive release only; split seed 102; rpm column = LP speed, HP in experiment_id; all channels/series of this group inherit this split"
methodology_v2.part2.v1,2,HIT,train,hit_data5_rec21,hit_data5_rec21,2,OuterRace,session_x_speed_group_recording,data/raw_hit/gdrive_full/HIT-dataset/data5.npy,25000,3000.0,,outer_race,"depth 0.5 mm, length 0.5 mm",inter_shaft,hit_data5,hit_data5_lp3000_hp4500,,,,,,True,"full Drive release only; split seed 102; rpm column = LP speed, HP in experiment_id; all channels/series of this group inherit this split"
methodology_v2.part2.v1,2,HIT,train,hit_data5_rec22,hit_data5_rec22,2,OuterRace,session_x_speed_group_recording,data/raw_hit/gdrive_full/HIT-dataset/data5.npy,25000,3000.0,,outer_race,"depth 0.5 mm, length 0.5 mm",inter_shaft,hit_data5,hit_data5_lp3000_hp4800,,,,,,True,"full Drive release only; split seed 102; rpm column = LP speed, HP in experiment_id; all channels/series of this group inherit this split"
methodology_v2.part2.v1,2,HIT,train,hit_data5_rec23,hit_data5_rec23,2,OuterRace,session_x_speed_group_recording,data/raw_hit/gdrive_full/HIT-dataset/data5.npy,25000,3000.0,,outer_race,"depth 0.5 mm, length 0.5 mm",inter_shaft,hit_data5,hit_data5_lp3000_hp5100,,,,,,True,"full Drive release only; split seed 102; rpm column = LP speed, HP in experiment_id; all channels/series of this group inherit this split"
methodology_v2.part2.v1,2,HIT,validation,hit_data5_rec24,hit_data5_rec24,2,OuterRace,session_x_speed_group_recording,data/raw_hit/gdrive_full/HIT-dataset/data5.npy,25000,3000.0,,outer_race,"depth 0.5 mm, length 0.5 mm",inter_shaft,hit_data5,hit_data5_lp3000_hp5400,,,,,,True,"full Drive release only; split seed 102; rpm column = LP speed, HP in experiment_id; all channels/series of this group inherit this split"
methodology_v2.part2.v1,2,MAFAULDA,validation,mafaulda_horizontal-misalignment_0.5mm_12.288,mafaulda_horizontal-misalignment_0.5mm,horizontal-misalignment,Misalignment_NON_BEARING,fault_configuration,data/raw_mafaulda/full/horizontal-misalignment/0.5mm/12.288.csv,50000,737.28,,horizontal_misalignment,0.5mm,,,mafaulda_horizontal-misalignment_0.5mm,,,,,,True,split seed 202; operational folder taxonomy kept verbatim (naming caveat M2 not remapped)
methodology_v2.part2.v1,2,MAFAULDA,validation,mafaulda_horizontal-misalignment_0.5mm_13.5168,mafaulda_horizontal-misalignment_0.5mm,horizontal-misalignment,Misalignment_NON_BEARING,fault_configuration,data/raw_mafaulda/full/horizontal-misalignment/0.5mm/13.5168.csv,50000,811.008,,horizontal_misalignment,0.5mm,,,mafaulda_horizontal-misalignment_0.5mm,,,,,,True,split seed 202; operational folder taxonomy kept verbatim (naming caveat M2 not remapped)
methodology_v2.part2.v1,2,MAFAULDA,validation,mafaulda_horizontal-misalignment_0.5mm_14.5408,mafaulda_horizontal-misalignment_0.5mm,horizontal-misalignment,Misalignment_NON_BEARING,fault_configuration,data/raw_mafaulda/full/horizontal-misalignment/0.5mm/14.5408.csv,50000,872.4480000000001,,horizontal_misalignment,0.5mm,,,mafaulda_horizontal-misalignment_0.5mm,,,,,,True,split seed 202; operational folder taxonomy kept verbatim (naming caveat M2 not remapped)
methodology_v2.part2.v1,2,MAFAULDA,validation,mafaulda_horizontal-misalignment_0.5mm_15.36,mafaulda_horizontal-misalignment_0.5mm,horizontal-misalignment,Misalignment_NON_BEARING,fault_configuration,data/raw_mafaulda/full/horizontal-misalignment/0.5mm/15.36.csv,50000,921.6,,horizontal_misalignment,0.5mm,,,mafaulda_horizontal-misalignment_0.5mm,,,,,,True,split seed 202; operational folder taxonomy kept verbatim (naming caveat M2 not remapped)
methodology_v2.part2.v1,2,MAFAULDA,validation,mafaulda_horizontal-misalignment_0.5mm_16.384,mafaulda_horizontal-misalignment_0.5mm,horizontal-misalignment,Misalignment_NON_BEARING,fault_configuration,data/raw_mafaulda/full/horizontal-misalignment/0.5mm/16.384.csv,50000,983.04,,horizontal_misalignment,0.5mm,,,mafaulda_horizontal-misalignment_0.5mm,,,,,,True,split seed 202; operational folder taxonomy kept verbatim (naming caveat M2 not remapped)
methodology_v2.part2.v1,2,MAFAULDA,validation,mafaulda_horizontal-misalignment_0.5mm_17.408,mafaulda_horizontal-misalignment_0.5mm,horizontal-misalignment,Misalignment_NON_BEARING,fault_configuration,data/raw_mafaulda/full/horizontal-misalignment/0.5mm/17.408.csv,50000,1044.48,,horizontal_misalignment,0.5mm,,,mafaulda_horizontal-misalignment_0.5mm,,,,,,True,split seed 202; operational folder taxonomy kept verbatim (naming caveat M2 not remapped)
methodology_v2.part2.v1,2,MAFAULDA,validation,mafaulda_horizontal-misalignment_0.5mm_18.8416,mafaulda_horizontal-misalignment_0.5mm,horizontal-misalignment,Misalignment_NON_BEARING,fault_configuration,data/raw_mafaulda/full/horizontal-misalignment/0.5mm/18.8416.csv,50000,1130.496,,horizontal_misalignment,0.5mm,,,mafaulda_horizontal-misalignment_0.5mm,,,,,,True,split seed 202; operational folder taxonomy kept verbatim (naming caveat M2 not remapped)
methodology_v2.part2.v1,2,MAFAULDA,validation,mafaulda_horizontal-misalignment_0.5mm_19.6608,mafaulda_horizontal-misalignment_0.5mm,horizontal-misalignment,Misalignment_NON_BEARING,fault_configuration,data/raw_mafaulda/full/horizontal-misalignment/0.5mm/19.6608.csv,50000,1179.648,,horizontal_misalignment,0.5mm,,,mafaulda_horizontal-misalignment_0.5mm,,,,,,True,split seed 202; operational folder taxonomy kept verbatim (naming caveat M2 not remapped)
methodology_v2.part2.v1,2,MAFAULDA,validation,mafaulda_horizontal-misalignment_0.5mm_20.48,mafaulda_horizontal-misalignment_0.5mm,horizontal-misalignment,Misalignment_NON_BEARING,fault_configuration,data/raw_mafaulda/full/horizontal-misalignment/0.5mm/20.48.csv,50000,1228.8,,horizontal_misalignment,0.5mm,,,mafaulda_horizontal-misalignment_0.5mm,,,,,,True,split seed 202; operational folder taxonomy kept verbatim (naming caveat M2 not remapped)
methodology_v2.part2.v1,2,MAFAULDA,validation,mafaulda_horizontal-misalignment_0.5mm_21.504,mafaulda_horizontal-misalignment_0.5mm,horizontal-misalignment,Misalignment_NON_BEARING,fault_configuration,data/raw_mafaulda/full/horizontal-misalignment/0.5mm/21.504.csv,50000,1290.24,,horizontal_misalignment,0.5mm,,,mafaulda_horizontal-misalignment_0.5mm,,,,,,True,split seed 202; operational folder taxonomy kept verbatim (naming caveat M2 not remapped)
methodology_v2.part2.v1,2,MAFAULDA,validation,mafaulda_horizontal-misalignment_0.5mm_22.528,mafaulda_horizontal-misalignment_0.5mm,horizontal-misalignment,Misalignment_NON_BEARING,fault_configuration,data/raw_mafaulda/full/horizontal-misalignment/0.5mm/22.528.csv,50000,1351.6799999999998,,horizontal_misalignment,0.5mm,,,mafaulda_horizontal-misalignment_0.5mm,,,,,,True,split seed 202; operational folder taxonomy kept verbatim (naming caveat M2 not remapped)
methodology_v2.part2.v1,2,MAFAULDA,validation,mafaulda_horizontal-misalignment_0.5mm_23.552,mafaulda_horizontal-misalignment_0.5mm,horizontal-misalignment,Misalignment_NON_BEARING,fault_configuration,data/raw_mafaulda/full/horizontal-misalignment/0.5mm/23.552.csv,50000,1413.12,,horizontal_misalignment,0.5mm,,,mafaulda_horizontal-misalignment_0.5mm,,,,,,True,split seed 202; operational folder taxonomy kept verbatim (naming caveat M2 not remapped)
methodology_v2.part2.v1,2,MAFAULDA,validation,mafaulda_horizontal-misalignment_0.5mm_24.3712,mafaulda_horizontal-misalignment_0.5mm,horizontal-misalignment,Misalignment_NON_BEARING,fault_configuration,data/raw_mafaulda/full/horizontal-misalignment/0.5mm/24.3712.csv,50000,1462.2720000000002,,horizontal_misalignment,0.5mm,,,mafaulda_horizontal-misalignment_0.5mm,,,,,,True,split seed 202; operational folder taxonomy kept verbatim (naming caveat M2 not remapped)
methodology_v2.part2.v1,2,MAFAULDA,validation,mafaulda_horizontal-misalignment_0.5mm_24.7808,mafaulda_horizontal-misalignment_0.5mm,horizontal-misalignment,Misalignment_NON_BEARING,fault_configuration,data/raw_mafaulda/full/horizontal-misalignment/0.5mm/24.7808.csv,50000,1486.848,,horizontal_misalignment,0.5mm,,,mafaulda_horizontal-misalignment_0.5mm,,,,,,True,split seed 202; operational folder taxonomy kept verbatim (naming caveat M2 not remapped)
methodology_v2.part2.v1,2,MAFAULDA,validation,mafaulda_horizontal-misalignment_0.5mm_25.8048,mafaulda_horizontal-misalignment_0.5mm,horizontal-misalignment,Misalignment_NON_BEARING,fault_configuration,data/raw_mafaulda/full/horizontal-misalignment/0.5mm/25.8048.csv,50000,1548.288,,horizontal_misalignment,0.5mm,,,mafaulda_horizontal-misalignment_0.5mm,,,,,,True,split seed 202; operational folder taxonomy kept verbatim (naming caveat M2 not remapped)
methodology_v2.part2.v1,2,MAFAULDA,validation,mafaulda_horizontal-misalignment_0.5mm_26.8288,mafaulda_horizontal-misalignment_0.5mm,horizontal-misalignment,Misalignment_NON_BEARING,fault_configuration,data/raw_mafaulda/full/horizontal-misalignment/0.5mm/26.8288.csv,50000,1609.728,,horizontal_misalignment,0.5mm,,,mafaulda_horizontal-misalignment_0.5mm,,,,,,True,split seed 202; operational folder taxonomy kept verbatim (naming caveat M2 not remapped)
methodology_v2.part2.v1,2,MAFAULDA,validation,mafaulda_horizontal-misalignment_0.5mm_28.672,mafaulda_horizontal-misalignment_0.5mm,horizontal-misalignment,Misalignment_NON_BEARING,fault_configuration,data/raw_mafaulda/full/horizontal-misalignment/0.5mm/28.672.csv,50000,1720.32,,horizontal_misalignment,0.5mm,,,mafaulda_horizontal-misalignment_0.5mm,,,,,,True,split seed 202; operational folder taxonomy kept verbatim (naming caveat M2 not remapped)
methodology_v2.part2.v1,2,MAFAULDA,validation,mafaulda_horizontal-misalignment_0.5mm_29.2864,mafaulda_horizontal-misalignment_0.5mm,horizontal-misalignment,Misalignment_NON_BEARING,fault_configuration,data/raw_mafaulda/full/horizontal-misalignment/0.5mm/29.2864.csv,50000,1757.184,,horizontal_misalignment,0.5mm,,,mafaulda_horizontal-misalignment_0.5mm,,,,,,True,split seed 202; operational folder taxonomy kept verbatim (naming caveat M2 not remapped)
methodology_v2.part2.v1,2,MAFAULDA,validation,mafaulda_horizontal-misalignment_0.5mm_30.3104,mafaulda_horizontal-misalignment_0.5mm,horizontal-misalignment,Misalignment_NON_BEARING,fault_configuration,data/raw_mafaulda/full/horizontal-misalignment/0.5mm/30.3104.csv,50000,1818.624,,horizontal_misalignment,0.5mm,,,mafaulda_horizontal-misalignment_0.5mm,,,,,,True,split seed 202; operational folder taxonomy kept verbatim (naming caveat M2 not remapped)
methodology_v2.part2.v1,2,MAFAULDA,validation,mafaulda_horizontal-misalignment_0.5mm_31.5392,mafaulda_horizontal-misalignment_0.5mm,horizontal-misalignment,Misalignment_NON_BEARING,fault_configuration,data/raw_mafaulda/full/horizontal-misalignment/0.5mm/31.5392.csv,50000,1892.352,,horizontal_misalignment,0.5mm,,,mafaulda_horizontal-misalignment_0.5mm,,,,,,True,split seed 202; operational folder taxonomy kept verbatim (naming caveat M2 not remapped)
methodology_v2.part2.v1,2,MAFAULDA,validation,mafaulda_horizontal-misalignment_0.5mm_32.3584,mafaulda_horizontal-misalignment_0.5mm,horizontal-misalignment,Misalignment_NON_BEARING,fault_configuration,data/raw_mafaulda/full/horizontal-misalignment/0.5mm/32.3584.csv,50000,1941.504,,horizontal_misalignment,0.5mm,,,mafaulda_horizontal-misalignment_0.5mm,,,,,,True,split seed 202; operational folder taxonomy kept verbatim (naming caveat M2 not remapped)
methodology_v2.part2.v1,2,MAFAULDA,validation,mafaulda_horizontal-misalignment_0.5mm_33.1776,mafaulda_horizontal-misalignment_0.5mm,horizontal-misalignment,Misalignment_NON_BEARING,fault_configuration,data/raw_mafaulda/full/horizontal-misalignment/0.5mm/33.1776.csv,50000,1990.656,,horizontal_misalignment,0.5mm,,,mafaulda_horizontal-misalignment_0.5mm,,,,,,True,split seed 202; operational folder taxonomy kept verbatim (naming caveat M2 not remapped)
methodology_v2.part2.v1,2,MAFAULDA,validation,mafaulda_horizontal-misalignment_0.5mm_34.2016,mafaulda_horizontal-misalignment_0.5mm,horizontal-misalignment,Misalignment_NON_BEARING,fault_configuration,data/raw_mafaulda/full/horizontal-misalignment/0.5mm/34.2016.csv,50000,2052.096,,horizontal_misalignment,0.5mm,,,mafaulda_horizontal-misalignment_0.5mm,,,,,,True,split seed 202; operational folder taxonomy kept verbatim (naming caveat M2 not remapped)
methodology_v2.part2.v1,2,MAFAULDA,validation,mafaulda_horizontal-misalignment_0.5mm_35.2256,mafaulda_horizontal-misalignment_0.5mm,horizontal-misalignment,Misalignment_NON_BEARING,fault_configuration,data/raw_mafaulda/full/horizontal-misalignment/0.5mm/35.2256.csv,50000,2113.536,,horizontal_misalignment,0.5mm,,,mafaulda_horizontal-misalignment_0.5mm,,,,,,True,split seed 202; operational folder taxonomy kept verbatim (naming caveat M2 not remapped)
methodology_v2.part2.v1,2,MAFAULDA,validation,mafaulda_horizontal-misalignment_0.5mm_36.6592,mafaulda_horizontal-misalignment_0.5mm,horizontal-misalignment,Misalignment_NON_BEARING,fault_configuration,data/raw_mafaulda/full/horizontal-misalignment/0.5mm/36.6592.csv,50000,2199.552,,horizontal_misalignment,0.5mm,,,mafaulda_horizontal-misalignment_0.5mm,,,,,,True,split seed 202; operational folder taxonomy kept verbatim (naming caveat M2 not remapped)
methodology_v2.part2.v1,2,MAFAULDA,validation,mafaulda_horizontal-misalignment_0.5mm_37.888,mafaulda_horizontal-misalignment_0.5mm,horizontal-misalignment,Misalignment_NON_BEARING,fault_configuration,data/raw_mafaulda/full/horizontal-misalignment/0.5mm/37.888.csv,50000,2273.28,,horizontal_misalignment,0.5mm,,,mafaulda_horizontal-misalignment_0.5mm,,,,,,True,split seed 202; operational folder taxonomy kept verbatim (naming caveat M2 not remapped)
methodology_v2.part2.v1,2,MAFAULDA,validation,mafaulda_horizontal-misalignment_0.5mm_38.5024,mafaulda_horizontal-misalignment_0.5mm,horizontal-misalignment,Misalignment_NON_BEARING,fault_configuration,data/raw_mafaulda/full/horizontal-misalignment/0.5mm/38.5024.csv,50000,2310.144,,horizontal_misalignment,0.5mm,,,mafaulda_horizontal-misalignment_0.5mm,,,,,,True,split seed 202; operational folder taxonomy kept verbatim (naming caveat M2 not remapped)
methodology_v2.part2.v1,2,MAFAULDA,validation,mafaulda_horizontal-misalignment_0.5mm_39.1168,mafaulda_horizontal-misalignment_0.5mm,horizontal-misalignment,Misalignment_NON_BEARING,fault_configuration,data/raw_mafaulda/full/horizontal-misalignment/0.5mm/39.1168.csv,50000,2347.008,,horizontal_misalignment,0.5mm,,,mafaulda_horizontal-misalignment_0.5mm,,,,,,True,split seed 202; operational folder taxonomy kept verbatim (naming caveat M2 not remapped)
methodology_v2.part2.v1,2,MAFAULDA,validation,mafaulda_horizontal-misalignment_0.5mm_40.3456,mafaulda_horizontal-misalignment_0.5mm,horizontal-misalignment,Misalignment_NON_BEARING,fault_configuration,data/raw_mafaulda/full/horizontal-misalignment/0.5mm/40.3456.csv,50000,2420.736,,horizontal_misalignment,0.5mm,,,mafaulda_horizontal-misalignment_0.5mm,,,,,,True,split seed 202; operational folder taxonomy kept verbatim (naming caveat M2 not remapped)
methodology_v2.part2.v1,2,MAFAULDA,validation,mafaulda_horizontal-misalignment_0.5mm_41.984,mafaulda_horizontal-misalignment_0.5mm,horizontal-misalignment,Misalignment_NON_BEARING,fault_configuration,data/raw_mafaulda/full/horizontal-misalignment/0.5mm/41.984.csv,50000,2519.04,,horizontal_misalignment,0.5mm,,,mafaulda_horizontal-misalignment_0.5mm,,,,,,True,split seed 202; operational folder taxonomy kept verbatim (naming caveat M2 not remapped)
methodology_v2.part2.v1,2,MAFAULDA,validation,mafaulda_horizontal-misalignment_0.5mm_42.5984,mafaulda_horizontal-misalignment_0.5mm,horizontal-misalignment,Misalignment_NON_BEARING,fault_configuration,data/raw_mafaulda/full/horizontal-misalignment/0.5mm/42.5984.csv,50000,2555.904,,horizontal_misalignment,0.5mm,,,mafaulda_horizontal-misalignment_0.5mm,,,,,,True,split seed 202; operational folder taxonomy kept verbatim (naming caveat M2 not remapped)
methodology_v2.part2.v1,2,MAFAULDA,validation,mafaulda_horizontal-misalignment_0.5mm_43.008,mafaulda_horizontal-misalignment_0.5mm,horizontal-misalignment,Misalignment_NON_BEARING,fault_configuration,data/raw_mafaulda/full/horizontal-misalignment/0.5mm/43.008.csv,50000,2580.48,,horizontal_misalignment,0.5mm,,,mafaulda_horizontal-misalignment_0.5mm,,,,,,True,split seed 202; operational folder taxonomy kept verbatim (naming caveat M2 not remapped)
methodology_v2.part2.v1,2,MAFAULDA,validation,mafaulda_horizontal-misalignment_0.5mm_44.2368,mafaulda_horizontal-misalignment_0.5mm,horizontal-misalignment,Misalignment_NON_BEARING,fault_configuration,data/raw_mafaulda/full/horizontal-misalignment/0.5mm/44.2368.csv,50000,2654.208,,horizontal_misalignment,0.5mm,,,mafaulda_horizontal-misalignment_0.5mm,,,,,,True,split seed 202; operational folder taxonomy kept verbatim (naming caveat M2 not remapped)
methodology_v2.part2.v1,2,MAFAULDA,validation,mafaulda_horizontal-misalignment_0.5mm_44.8512,mafaulda_horizontal-misalignment_0.5mm,horizontal-misalignment,Misalignment_NON_BEARING,fault_configuration,data/raw_mafaulda/full/horizontal-misalignment/0.5mm/44.8512.csv,50000,2691.072,,horizontal_misalignment,0.5mm,,,mafaulda_horizontal-misalignment_0.5mm,,,,,,True,split seed 202; operational folder taxonomy kept verbatim (naming caveat M2 not remapped)
methodology_v2.part2.v1,2,MAFAULDA,validation,mafaulda_horizontal-misalignment_0.5mm_46.8992,mafaulda_horizontal-misalignment_0.5mm,horizontal-misalignment,Misalignment_NON_BEARING,fault_configuration,data/raw_mafaulda/full/horizontal-misalignment/0.5mm/46.8992.csv,50000,2813.952,,horizontal_misalignment,0.5mm,,,mafaulda_horizontal-misalignment_0.5mm,,,,,,True,split seed 202; operational folder taxonomy kept verbatim (naming caveat M2 not remapped)
methodology_v2.part2.v1,2,MAFAULDA,validation,mafaulda_horizontal-misalignment_0.5mm_47.7184,mafaulda_horizontal-misalignment_0.5mm,horizontal-misalignment,Misalignment_NON_BEARING,fault_configuration,data/raw_mafaulda/full/horizontal-misalignment/0.5mm/47.7184.csv,50000,2863.1040000000003,,horizontal_misalignment,0.5mm,,,mafaulda_horizontal-misalignment_0.5mm,,,,,,True,split seed 202; operational folder taxonomy kept verbatim (naming caveat M2 not remapped)
methodology_v2.part2.v1,2,MAFAULDA,validation,mafaulda_horizontal-misalignment_0.5mm_48.3328,mafaulda_horizontal-misalignment_0.5mm,horizontal-misalignment,Misalignment_NON_BEARING,fault_configuration,data/raw_mafaulda/full/horizontal-misalignment/0.5mm/48.3328.csv,50000,2899.968,,horizontal_misalignment,0.5mm,,,mafaulda_horizontal-misalignment_0.5mm,,,,,,True,split seed 202; operational folder taxonomy kept verbatim (naming caveat M2 not remapped)
methodology_v2.part2.v1,2,MAFAULDA,validation,mafaulda_horizontal-misalignment_0.5mm_49.5616,mafaulda_horizontal-misalignment_0.5mm,horizontal-misalignment,Misalignment_NON_BEARING,fault_configuration,data/raw_mafaulda/full/horizontal-misalignment/0.5mm/49.5616.csv,50000,2973.696,,horizontal_misalignment,0.5mm,,,mafaulda_horizontal-misalignment_0.5mm,,,,,,True,split seed 202; operational folder taxonomy kept verbatim (naming caveat M2 not remapped)
methodology_v2.part2.v1,2,MAFAULDA,validation,mafaulda_horizontal-misalignment_0.5mm_50.176,mafaulda_horizontal-misalignment_0.5mm,horizontal-misalignment,Misalignment_NON_BEARING,fault_configuration,data/raw_mafaulda/full/horizontal-misalignment/0.5mm/50.176.csv,50000,3010.56,,horizontal_misalignment,0.5mm,,,mafaulda_horizontal-misalignment_0.5mm,,,,,,True,split seed 202; operational folder taxonomy kept verbatim (naming caveat M2 not remapped)
methodology_v2.part2.v1,2,MAFAULDA,validation,mafaulda_horizontal-misalignment_0.5mm_51.4048,mafaulda_horizontal-misalignment_0.5mm,horizontal-misalignment,Misalignment_NON_BEARING,fault_configuration,data/raw_mafaulda/full/horizontal-misalignment/0.5mm/51.4048.csv,50000,3084.288,,horizontal_misalignment,0.5mm,,,mafaulda_horizontal-misalignment_0.5mm,,,,,,True,split seed 202; operational folder taxonomy kept verbatim (naming caveat M2 not remapped)
methodology_v2.part2.v1,2,MAFAULDA,validation,mafaulda_horizontal-misalignment_0.5mm_52.224,mafaulda_horizontal-misalignment_0.5mm,horizontal-misalignment,Misalignment_NON_BEARING,fault_configuration,data/raw_mafaulda/full/horizontal-misalignment/0.5mm/52.224.csv,50000,3133.44,,horizontal_misalignment,0.5mm,,,mafaulda_horizontal-misalignment_0.5mm,,,,,,True,split seed 202; operational folder taxonomy kept verbatim (naming caveat M2 not remapped)
methodology_v2.part2.v1,2,MAFAULDA,validation,mafaulda_horizontal-misalignment_0.5mm_53.248,mafaulda_horizontal-misalignment_0.5mm,horizontal-misalignment,Misalignment_NON_BEARING,fault_configuration,data/raw_mafaulda/full/horizontal-misalignment/0.5mm/53.248.csv,50000,3194.88,,horizontal_misalignment,0.5mm,,,mafaulda_horizontal-misalignment_0.5mm,,,,,,True,split seed 202; operational folder taxonomy kept verbatim (naming caveat M2 not remapped)
methodology_v2.part2.v1,2,MAFAULDA,validation,mafaulda_horizontal-misalignment_0.5mm_54.4768,mafaulda_horizontal-misalignment_0.5mm,horizontal-misalignment,Misalignment_NON_BEARING,fault_configuration,data/raw_mafaulda/full/horizontal-misalignment/0.5mm/54.4768.csv,50000,3268.608,,horizontal_misalignment,0.5mm,,,mafaulda_horizontal-misalignment_0.5mm,,,,,,True,split seed 202; operational folder taxonomy kept verbatim (naming caveat M2 not remapped)
methodology_v2.part2.v1,2,MAFAULDA,validation,mafaulda_horizontal-misalignment_0.5mm_55.0912,mafaulda_horizontal-misalignment_0.5mm,horizontal-misalignment,Misalignment_NON_BEARING,fault_configuration,data/raw_mafaulda/full/horizontal-misalignment/0.5mm/55.0912.csv,50000,3305.472,,horizontal_misalignment,0.5mm,,,mafaulda_horizontal-misalignment_0.5mm,,,,,,True,split seed 202; operational folder taxonomy kept verbatim (naming caveat M2 not remapped)
methodology_v2.part2.v1,2,MAFAULDA,validation,mafaulda_horizontal-misalignment_0.5mm_56.1152,mafaulda_horizontal-misalignment_0.5mm,horizontal-misalignment,Misalignment_NON_BEARING,fault_configuration,data/raw_mafaulda/full/horizontal-misalignment/0.5mm/56.1152.csv,50000,3366.9120000000003,,horizontal_misalignment,0.5mm,,,mafaulda_horizontal-misalignment_0.5mm,,,,,,True,split seed 202; operational folder taxonomy kept verbatim (naming caveat M2 not remapped)
methodology_v2.part2.v1,2,MAFAULDA,validation,mafaulda_horizontal-misalignment_0.5mm_57.344,mafaulda_horizontal-misalignment_0.5mm,horizontal-misalignment,Misalignment_NON_BEARING,fault_configuration,data/raw_mafaulda/full/horizontal-misalignment/0.5mm/57.344.csv,50000,3440.64,,horizontal_misalignment,0.5mm,,,mafaulda_horizontal-misalignment_0.5mm,,,,,,True,split seed 202; operational folder taxonomy kept verbatim (naming caveat M2 not remapped)
methodology_v2.part2.v1,2,MAFAULDA,validation,mafaulda_horizontal-misalignment_0.5mm_58.1632,mafaulda_horizontal-misalignment_0.5mm,horizontal-misalignment,Misalignment_NON_BEARING,fault_configuration,data/raw_mafaulda/full/horizontal-misalignment/0.5mm/58.1632.csv,50000,3489.7920000000004,,horizontal_misalignment,0.5mm,,,mafaulda_horizontal-misalignment_0.5mm,,,,,,True,split seed 202; operational folder taxonomy kept verbatim (naming caveat M2 not remapped)
methodology_v2.part2.v1,2,MAFAULDA,validation,mafaulda_horizontal-misalignment_0.5mm_59.8016,mafaulda_horizontal-misalignment_0.5mm,horizontal-misalignment,Misalignment_NON_BEARING,fault_configuration,data/raw_mafaulda/full/horizontal-misalignment/0.5mm/59.8016.csv,50000,3588.096,,horizontal_misalignment,0.5mm,,,mafaulda_horizontal-misalignment_0.5mm,,,,,,True,split seed 202; operational folder taxonomy kept verbatim (naming caveat M2 not remapped)
methodology_v2.part2.v1,2,MAFAULDA,validation,mafaulda_horizontal-misalignment_0.5mm_60.6208,mafaulda_horizontal-misalignment_0.5mm,horizontal-misalignment,Misalignment_NON_BEARING,fault_configuration,data/raw_mafaulda/full/horizontal-misalignment/0.5mm/60.6208.csv,50000,3637.248,,horizontal_misalignment,0.5mm,,,mafaulda_horizontal-misalignment_0.5mm,,,,,,True,split seed 202; operational folder taxonomy kept verbatim (naming caveat M2 not remapped)
methodology_v2.part2.v1,2,MAFAULDA,validation,mafaulda_horizontal-misalignment_0.5mm_62.0544,mafaulda_horizontal-misalignment_0.5mm,horizontal-misalignment,Misalignment_NON_BEARING,fault_configuration,data/raw_mafaulda/full/horizontal-misalignment/0.5mm/62.0544.csv,50000,3723.264,,horizontal_misalignment,0.5mm,,,mafaulda_horizontal-misalignment_0.5mm,,,,,,True,split seed 202; operational folder taxonomy kept verbatim (naming caveat M2 not remapped)
methodology_v2.part2.v1,2,MAFAULDA,test,mafaulda_horizontal-misalignment_1.0mm_12.288,mafaulda_horizontal-misalignment_1.0mm,horizontal-misalignment,Misalignment_NON_BEARING,fault_configuration,data/raw_mafaulda/full/horizontal-misalignment/1.0mm/12.288.csv,50000,737.28,,horizontal_misalignment,1.0mm,,,mafaulda_horizontal-misalignment_1.0mm,,,,,,True,split seed 202; operational folder taxonomy kept verbatim (naming caveat M2 not remapped)
methodology_v2.part2.v1,2,MAFAULDA,test,mafaulda_horizontal-misalignment_1.0mm_13.7216,mafaulda_horizontal-misalignment_1.0mm,horizontal-misalignment,Misalignment_NON_BEARING,fault_configuration,data/raw_mafaulda/full/horizontal-misalignment/1.0mm/13.7216.csv,50000,823.296,,horizontal_misalignment,1.0mm,,,mafaulda_horizontal-misalignment_1.0mm,,,,,,True,split seed 202; operational folder taxonomy kept verbatim (naming caveat M2 not remapped)
methodology_v2.part2.v1,2,MAFAULDA,test,mafaulda_horizontal-misalignment_1.0mm_14.336,mafaulda_horizontal-misalignment_1.0mm,horizontal-misalignment,Misalignment_NON_BEARING,fault_configuration,data/raw_mafaulda/full/horizontal-misalignment/1.0mm/14.336.csv,50000,860.16,,horizontal_misalignment,1.0mm,,,mafaulda_horizontal-misalignment_1.0mm,,,,,,True,split seed 202; operational folder taxonomy kept verbatim (naming caveat M2 not remapped)
methodology_v2.part2.v1,2,MAFAULDA,test,mafaulda_horizontal-misalignment_1.0mm_15.9744,mafaulda_horizontal-misalignment_1.0mm,horizontal-misalignment,Misalignment_NON_BEARING,fault_configuration,data/raw_mafaulda/full/horizontal-misalignment/1.0mm/15.9744.csv,50000,958.464,,horizontal_misalignment,1.0mm,,,mafaulda_horizontal-misalignment_1.0mm,,,,,,True,split seed 202; operational folder taxonomy kept verbatim (naming caveat M2 not remapped)
methodology_v2.part2.v1,2,MAFAULDA,test,mafaulda_horizontal-misalignment_1.0mm_16.5888,mafaulda_horizontal-misalignment_1.0mm,horizontal-misalignment,Misalignment_NON_BEARING,fault_configuration,data/raw_mafaulda/full/horizontal-misalignment/1.0mm/16.5888.csv,50000,995.328,,horizontal_misalignment,1.0mm,,,mafaulda_horizontal-misalignment_1.0mm,,,,,,True,split seed 202; operational folder taxonomy kept verbatim (naming caveat M2 not remapped)
methodology_v2.part2.v1,2,MAFAULDA,test,mafaulda_horizontal-misalignment_1.0mm_17.8176,mafaulda_horizontal-misalignment_1.0mm,horizontal-misalignment,Misalignment_NON_BEARING,fault_configuration,data/raw_mafaulda/full/horizontal-misalignment/1.0mm/17.8176.csv,50000,1069.056,,horizontal_misalignment,1.0mm,,,mafaulda_horizontal-misalignment_1.0mm,,,,,,True,split seed 202; operational folder taxonomy kept verbatim (naming caveat M2 not remapped)
methodology_v2.part2.v1,2,MAFAULDA,test,mafaulda_horizontal-misalignment_1.0mm_18.8416,mafaulda_horizontal-misalignment_1.0mm,horizontal-misalignment,Misalignment_NON_BEARING,fault_configuration,data/raw_mafaulda/full/horizontal-misalignment/1.0mm/18.8416.csv,50000,1130.496,,horizontal_misalignment,1.0mm,,,mafaulda_horizontal-misalignment_1.0mm,,,,,,True,split seed 202; operational folder taxonomy kept verbatim (naming caveat M2 not remapped)
methodology_v2.part2.v1,2,MAFAULDA,test,mafaulda_horizontal-misalignment_1.0mm_19.6608,mafaulda_horizontal-misalignment_1.0mm,horizontal-misalignment,Misalignment_NON_BEARING,fault_configuration,data/raw_mafaulda/full/horizontal-misalignment/1.0mm/19.6608.csv,50000,1179.648,,horizontal_misalignment,1.0mm,,,mafaulda_horizontal-misalignment_1.0mm,,,,,,True,split seed 202; operational folder taxonomy kept verbatim (naming caveat M2 not remapped)
methodology_v2.part2.v1,2,MAFAULDA,test,mafaulda_horizontal-misalignment_1.0mm_20.2752,mafaulda_horizontal-misalignment_1.0mm,horizontal-misalignment,Misalignment_NON_BEARING,fault_configuration,data/raw_mafaulda/full/horizontal-misalignment/1.0mm/20.2752.csv,50000,1216.5120000000002,,horizontal_misalignment,1.0mm,,,mafaulda_horizontal-misalignment_1.0mm,,,,,,True,split seed 202; operational folder taxonomy kept verbatim (naming caveat M2 not remapped)
methodology_v2.part2.v1,2,MAFAULDA,test,mafaulda_horizontal-misalignment_1.0mm_21.504,mafaulda_horizontal-misalignment_1.0mm,horizontal-misalignment,Misalignment_NON_BEARING,fault_configuration,data/raw_mafaulda/full/horizontal-misalignment/1.0mm/21.504.csv,50000,1290.24,,horizontal_misalignment,1.0mm,,,mafaulda_horizontal-misalignment_1.0mm,,,,,,True,split seed 202; operational folder taxonomy kept verbatim (naming caveat M2 not remapped)
methodology_v2.part2.v1,2,MAFAULDA,test,mafaulda_horizontal-misalignment_1.0mm_22.528,mafaulda_horizontal-misalignment_1.0mm,horizontal-misalignment,Misalignment_NON_BEARING,fault_configuration,data/raw_mafaulda/full/horizontal-misalignment/1.0mm/22.528.csv,50000,1351.6799999999998,,horizontal_misalignment,1.0mm,,,mafaulda_horizontal-misalignment_1.0mm,,,,,,True,split seed 202; operational folder taxonomy kept verbatim (naming caveat M2 not remapped)
methodology_v2.part2.v1,2,MAFAULDA,test,mafaulda_horizontal-misalignment_1.0mm_23.7568,mafaulda_horizontal-misalignment_1.0mm,horizontal-misalignment,Misalignment_NON_BEARING,fault_configuration,data/raw_mafaulda/full/horizontal-misalignment/1.0mm/23.7568.csv,50000,1425.408,,horizontal_misalignment,1.0mm,,,mafaulda_horizontal-misalignment_1.0mm,,,,,,True,split seed 202; operational folder taxonomy kept verbatim (naming caveat M2 not remapped)
methodology_v2.part2.v1,2,MAFAULDA,test,mafaulda_horizontal-misalignment_1.0mm_24.1664,mafaulda_horizontal-misalignment_1.0mm,horizontal-misalignment,Misalignment_NON_BEARING,fault_configuration,data/raw_mafaulda/full/horizontal-misalignment/1.0mm/24.1664.csv,50000,1449.984,,horizontal_misalignment,1.0mm,,,mafaulda_horizontal-misalignment_1.0mm,,,,,,True,split seed 202; operational folder taxonomy kept verbatim (naming caveat M2 not remapped)
methodology_v2.part2.v1,2,MAFAULDA,test,mafaulda_horizontal-misalignment_1.0mm_24.9856,mafaulda_horizontal-misalignment_1.0mm,horizontal-misalignment,Misalignment_NON_BEARING,fault_configuration,data/raw_mafaulda/full/horizontal-misalignment/1.0mm/24.9856.csv,50000,1499.1360000000002,,horizontal_misalignment,1.0mm,,,mafaulda_horizontal-misalignment_1.0mm,,,,,,True,split seed 202; operational folder taxonomy kept verbatim (naming caveat M2 not remapped)
methodology_v2.part2.v1,2,MAFAULDA,test,mafaulda_horizontal-misalignment_1.0mm_26.0096,mafaulda_horizontal-misalignment_1.0mm,horizontal-misalignment,Misalignment_NON_BEARING,fault_configuration,data/raw_mafaulda/full/horizontal-misalignment/1.0mm/26.0096.csv,50000,1560.576,,horizontal_misalignment,1.0mm,,,mafaulda_horizontal-misalignment_1.0mm,,,,,,True,split seed 202; operational folder taxonomy kept verbatim (naming caveat M2 not remapped)
methodology_v2.part2.v1,2,MAFAULDA,test,mafaulda_horizontal-misalignment_1.0mm_27.0336,mafaulda_horizontal-misalignment_1.0mm,horizontal-misalignment,Misalignment_NON_BEARING,fault_configuration,data/raw_mafaulda/full/horizontal-misalignment/1.0mm/27.0336.csv,50000,1622.016,,horizontal_misalignment,1.0mm,,,mafaulda_horizontal-misalignment_1.0mm,,,,,,True,split seed 202; operational folder taxonomy kept verbatim (naming caveat M2 not remapped)
methodology_v2.part2.v1,2,MAFAULDA,test,mafaulda_horizontal-misalignment_1.0mm_28.2624,mafaulda_horizontal-misalignment_1.0mm,horizontal-misalignment,Misalignment_NON_BEARING,fault_configuration,data/raw_mafaulda/full/horizontal-misalignment/1.0mm/28.2624.csv,50000,1695.744,,horizontal_misalignment,1.0mm,,,mafaulda_horizontal-misalignment_1.0mm,,,,,,True,split seed 202; operational folder taxonomy kept verbatim (naming caveat M2 not remapped)
methodology_v2.part2.v1,2,MAFAULDA,test,mafaulda_horizontal-misalignment_1.0mm_29.4912,mafaulda_horizontal-misalignment_1.0mm,horizontal-misalignment,Misalignment_NON_BEARING,fault_configuration,data/raw_mafaulda/full/horizontal-misalignment/1.0mm/29.4912.csv,50000,1769.472,,horizontal_misalignment,1.0mm,,,mafaulda_horizontal-misalignment_1.0mm,,,,,,True,split seed 202; operational folder taxonomy kept verbatim (naming caveat M2 not remapped)
methodology_v2.part2.v1,2,MAFAULDA,test,mafaulda_horizontal-misalignment_1.0mm_30.5152,mafaulda_horizontal-misalignment_1.0mm,horizontal-misalignment,Misalignment_NON_BEARING,fault_configuration,data/raw_mafaulda/full/horizontal-misalignment/1.0mm/30.5152.csv,50000,1830.912,,horizontal_misalignment,1.0mm,,,mafaulda_horizontal-misalignment_1.0mm,,,,,,True,split seed 202; operational folder taxonomy kept verbatim (naming caveat M2 not remapped)
methodology_v2.part2.v1,2,MAFAULDA,test,mafaulda_horizontal-misalignment_1.0mm_31.1296,mafaulda_horizontal-misalignment_1.0mm,horizontal-misalignment,Misalignment_NON_BEARING,fault_configuration,data/raw_mafaulda/full/horizontal-misalignment/1.0mm/31.1296.csv,50000,1867.776,,horizontal_misalignment,1.0mm,,,mafaulda_horizontal-misalignment_1.0mm,,,,,,True,split seed 202; operational folder taxonomy kept verbatim (naming caveat M2 not remapped)
methodology_v2.part2.v1,2,MAFAULDA,test,mafaulda_horizontal-misalignment_1.0mm_32.3584,mafaulda_horizontal-misalignment_1.0mm,horizontal-misalignment,Misalignment_NON_BEARING,fault_configuration,data/raw_mafaulda/full/horizontal-misalignment/1.0mm/32.3584.csv,50000,1941.504,,horizontal_misalignment,1.0mm,,,mafaulda_horizontal-misalignment_1.0mm,,,,,,True,split seed 202; operational folder taxonomy kept verbatim (naming caveat M2 not remapped)
methodology_v2.part2.v1,2,MAFAULDA,test,mafaulda_horizontal-misalignment_1.0mm_33.792,mafaulda_horizontal-misalignment_1.0mm,horizontal-misalignment,Misalignment_NON_BEARING,fault_configuration,data/raw_mafaulda/full/horizontal-misalignment/1.0mm/33.792.csv,50000,2027.52,,horizontal_misalignment,1.0mm,,,mafaulda_horizontal-misalignment_1.0mm,,,,,,True,split seed 202; operational folder taxonomy kept verbatim (naming caveat M2 not remapped)
methodology_v2.part2.v1,2,MAFAULDA,test,mafaulda_horizontal-misalignment_1.0mm_34.6112,mafaulda_horizontal-misalignment_1.0mm,horizontal-misalignment,Misalignment_NON_BEARING,fault_configuration,data/raw_mafaulda/full/horizontal-misalignment/1.0mm/34.6112.csv,50000,2076.672,,horizontal_misalignment,1.0mm,,,mafaulda_horizontal-misalignment_1.0mm,,,,,,True,split seed 202; operational folder taxonomy kept verbatim (naming caveat M2 not remapped)
methodology_v2.part2.v1,2,MAFAULDA,test,mafaulda_horizontal-misalignment_1.0mm_36.0448,mafaulda_horizontal-misalignment_1.0mm,horizontal-misalignment,Misalignment_NON_BEARING,fault_configuration,data/raw_mafaulda/full/horizontal-misalignment/1.0mm/36.0448.csv,50000,2162.688,,horizontal_misalignment,1.0mm,,,mafaulda_horizontal-misalignment_1.0mm,,,,,,True,split seed 202; operational folder taxonomy kept verbatim (naming caveat M2 not remapped)
methodology_v2.part2.v1,2,MAFAULDA,test,mafaulda_horizontal-misalignment_1.0mm_36.6592,mafaulda_horizontal-misalignment_1.0mm,horizontal-misalignment,Misalignment_NON_BEARING,fault_configuration,data/raw_mafaulda/full/horizontal-misalignment/1.0mm/36.6592.csv,50000,2199.552,,horizontal_misalignment,1.0mm,,,mafaulda_horizontal-misalignment_1.0mm,,,,,,True,split seed 202; operational folder taxonomy kept verbatim (naming caveat M2 not remapped)
methodology_v2.part2.v1,2,MAFAULDA,test,mafaulda_horizontal-misalignment_1.0mm_37.0688,mafaulda_horizontal-misalignment_1.0mm,horizontal-misalignment,Misalignment_NON_BEARING,fault_configuration,data/raw_mafaulda/full/horizontal-misalignment/1.0mm/37.0688.csv,50000,2224.128,,horizontal_misalignment,1.0mm,,,mafaulda_horizontal-misalignment_1.0mm,,,,,,True,split seed 202; operational folder taxonomy kept verbatim (naming caveat M2 not remapped)
methodology_v2.part2.v1,2,MAFAULDA,test,mafaulda_horizontal-misalignment_1.0mm_38.912,mafaulda_horizontal-misalignment_1.0mm,horizontal-misalignment,Misalignment_NON_BEARING,fault_configuration,data/raw_mafaulda/full/horizontal-misalignment/1.0mm/38.912.csv,50000,2334.72,,horizontal_misalignment,1.0mm,,,mafaulda_horizontal-misalignment_1.0mm,,,,,,True,split seed 202; operational folder taxonomy kept verbatim (naming caveat M2 not remapped)
methodology_v2.part2.v1,2,MAFAULDA,test,mafaulda_horizontal-misalignment_1.0mm_39.5264,mafaulda_horizontal-misalignment_1.0mm,horizontal-misalignment,Misalignment_NON_BEARING,fault_configuration,data/raw_mafaulda/full/horizontal-misalignment/1.0mm/39.5264.csv,50000,2371.5840000000003,,horizontal_misalignment,1.0mm,,,mafaulda_horizontal-misalignment_1.0mm,,,,,,True,split seed 202; operational folder taxonomy kept verbatim (naming caveat M2 not remapped)
methodology_v2.part2.v1,2,MAFAULDA,test,mafaulda_horizontal-misalignment_1.0mm_40.1408,mafaulda_horizontal-misalignment_1.0mm,horizontal-misalignment,Misalignment_NON_BEARING,fault_configuration,data/raw_mafaulda/full/horizontal-misalignment/1.0mm/40.1408.csv,50000,2408.448,,horizontal_misalignment,1.0mm,,,mafaulda_horizontal-misalignment_1.0mm,,,,,,True,split seed 202; operational folder taxonomy kept verbatim (naming caveat M2 not remapped)
methodology_v2.part2.v1,2,MAFAULDA,test,mafaulda_horizontal-misalignment_1.0mm_41.5744,mafaulda_horizontal-misalignment_1.0mm,horizontal-misalignment,Misalignment_NON_BEARING,fault_configuration,data/raw_mafaulda/full/horizontal-misalignment/1.0mm/41.5744.csv,50000,2494.464,,horizontal_misalignment,1.0mm,,,mafaulda_horizontal-misalignment_1.0mm,,,,,,True,split seed 202; operational folder taxonomy kept verbatim (naming caveat M2 not remapped)
methodology_v2.part2.v1,2,MAFAULDA,test,mafaulda_horizontal-misalignment_1.0mm_42.3936,mafaulda_horizontal-misalignment_1.0mm,horizontal-misalignment,Misalignment_NON_BEARING,fault_configuration,data/raw_mafaulda/full/horizontal-misalignment/1.0mm/42.3936.csv,50000,2543.616,,horizontal_misalignment,1.0mm,,,mafaulda_horizontal-misalignment_1.0mm,,,,,,True,split seed 202; operational folder taxonomy kept verbatim (naming caveat M2 not remapped)
methodology_v2.part2.v1,2,MAFAULDA,test,mafaulda_horizontal-misalignment_1.0mm_43.4176,mafaulda_horizontal-misalignment_1.0mm,horizontal-misalignment,Misalignment_NON_BEARING,fault_configuration,data/raw_mafaulda/full/horizontal-misalignment/1.0mm/43.4176.csv,50000,2605.056,,horizontal_misalignment,1.0mm,,,mafaulda_horizontal-misalignment_1.0mm,,,,,,True,split seed 202; operational folder taxonomy kept verbatim (naming caveat M2 not remapped)
methodology_v2.part2.v1,2,MAFAULDA,test,mafaulda_horizontal-misalignment_1.0mm_44.6464,mafaulda_horizontal-misalignment_1.0mm,horizontal-misalignment,Misalignment_NON_BEARING,fault_configuration,data/raw_mafaulda/full/horizontal-misalignment/1.0mm/44.6464.csv,50000,2678.784,,horizontal_misalignment,1.0mm,,,mafaulda_horizontal-misalignment_1.0mm,,,,,,True,split seed 202; operational folder taxonomy kept verbatim (naming caveat M2 not remapped)
methodology_v2.part2.v1,2,MAFAULDA,test,mafaulda_horizontal-misalignment_1.0mm_45.056,mafaulda_horizontal-misalignment_1.0mm,horizontal-misalignment,Misalignment_NON_BEARING,fault_configuration,data/raw_mafaulda/full/horizontal-misalignment/1.0mm/45.056.csv,50000,2703.36,,horizontal_misalignment,1.0mm,,,mafaulda_horizontal-misalignment_1.0mm,,,,,,True,split seed 202; operational folder taxonomy kept verbatim (naming caveat M2 not remapped)
methodology_v2.part2.v1,2,MAFAULDA,test,mafaulda_horizontal-misalignment_1.0mm_46.2848,mafaulda_horizontal-misalignment_1.0mm,horizontal-misalignment,Misalignment_NON_BEARING,fault_configuration,data/raw_mafaulda/full/horizontal-misalignment/1.0mm/46.2848.csv,50000,2777.088,,horizontal_misalignment,1.0mm,,,mafaulda_horizontal-misalignment_1.0mm,,,,,,True,split seed 202; operational folder taxonomy kept verbatim (naming caveat M2 not remapped)
methodology_v2.part2.v1,2,MAFAULDA,test,mafaulda_horizontal-misalignment_1.0mm_46.8992,mafaulda_horizontal-misalignment_1.0mm,horizontal-misalignment,Misalignment_NON_BEARING,fault_configuration,data/raw_mafaulda/full/horizontal-misalignment/1.0mm/46.8992.csv,50000,2813.952,,horizontal_misalignment,1.0mm,,,mafaulda_horizontal-misalignment_1.0mm,,,,,,True,split seed 202; operational folder taxonomy kept verbatim (naming caveat M2 not remapped)
methodology_v2.part2.v1,2,MAFAULDA,test,mafaulda_horizontal-misalignment_1.0mm_48.128,mafaulda_horizontal-misalignment_1.0mm,horizontal-misalignment,Misalignment_NON_BEARING,fault_configuration,data/raw_mafaulda/full/horizontal-misalignment/1.0mm/48.128.csv,50000,2887.68,,horizontal_misalignment,1.0mm,,,mafaulda_horizontal-misalignment_1.0mm,,,,,,True,split seed 202; operational folder taxonomy kept verbatim (naming caveat M2 not remapped)
methodology_v2.part2.v1,2,MAFAULDA,test,mafaulda_horizontal-misalignment_1.0mm_49.3568,mafaulda_horizontal-misalignment_1.0mm,horizontal-misalignment,Misalignment_NON_BEARING,fault_configuration,data/raw_mafaulda/full/horizontal-misalignment/1.0mm/49.3568.csv,50000,2961.408,,horizontal_misalignment,1.0mm,,,mafaulda_horizontal-misalignment_1.0mm,,,,,,True,split seed 202; operational folder taxonomy kept verbatim (naming caveat M2 not remapped)
methodology_v2.part2.v1,2,MAFAULDA,test,mafaulda_horizontal-misalignment_1.0mm_50.176,mafaulda_horizontal-misalignment_1.0mm,horizontal-misalignment,Misalignment_NON_BEARING,fault_configuration,data/raw_mafaulda/full/horizontal-misalignment/1.0mm/50.176.csv,50000,3010.56,,horizontal_misalignment,1.0mm,,,mafaulda_horizontal-misalignment_1.0mm,,,,,,True,split seed 202; operational folder taxonomy kept verbatim (naming caveat M2 not remapped)
methodology_v2.part2.v1,2,MAFAULDA,test,mafaulda_horizontal-misalignment_1.0mm_51.2,mafaulda_horizontal-misalignment_1.0mm,horizontal-misalignment,Misalignment_NON_BEARING,fault_configuration,data/raw_mafaulda/full/horizontal-misalignment/1.0mm/51.2.csv,50000,3072.0,,horizontal_misalignment,1.0mm,,,mafaulda_horizontal-misalignment_1.0mm,,,,,,True,split seed 202; operational folder taxonomy kept verbatim (naming caveat M2 not remapped)
methodology_v2.part2.v1,2,MAFAULDA,test,mafaulda_horizontal-misalignment_1.0mm_52.4288,mafaulda_horizontal-misalignment_1.0mm,horizontal-misalignment,Misalignment_NON_BEARING,fault_configuration,data/raw_mafaulda/full/horizontal-misalignment/1.0mm/52.4288.csv,50000,3145.728,,horizontal_misalignment,1.0mm,,,mafaulda_horizontal-misalignment_1.0mm,,,,,,True,split seed 202; operational folder taxonomy kept verbatim (naming caveat M2 not remapped)
methodology_v2.part2.v1,2,MAFAULDA,test,mafaulda_horizontal-misalignment_1.0mm_53.4528,mafaulda_horizontal-misalignment_1.0mm,horizontal-misalignment,Misalignment_NON_BEARING,fault_configuration,data/raw_mafaulda/full/horizontal-misalignment/1.0mm/53.4528.csv,50000,3207.168,,horizontal_misalignment,1.0mm,,,mafaulda_horizontal-misalignment_1.0mm,,,,,,True,split seed 202; operational folder taxonomy kept verbatim (naming caveat M2 not remapped)
methodology_v2.part2.v1,2,MAFAULDA,test,mafaulda_horizontal-misalignment_1.0mm_54.272,mafaulda_horizontal-misalignment_1.0mm,horizontal-misalignment,Misalignment_NON_BEARING,fault_configuration,data/raw_mafaulda/full/horizontal-misalignment/1.0mm/54.272.csv,50000,3256.32,,horizontal_misalignment,1.0mm,,,mafaulda_horizontal-misalignment_1.0mm,,,,,,True,split seed 202; operational folder taxonomy kept verbatim (naming caveat M2 not remapped)
methodology_v2.part2.v1,2,MAFAULDA,test,mafaulda_horizontal-misalignment_1.0mm_55.5008,mafaulda_horizontal-misalignment_1.0mm,horizontal-misalignment,Misalignment_NON_BEARING,fault_configuration,data/raw_mafaulda/full/horizontal-misalignment/1.0mm/55.5008.csv,50000,3330.048,,horizontal_misalignment,1.0mm,,,mafaulda_horizontal-misalignment_1.0mm,,,,,,True,split seed 202; operational folder taxonomy kept verbatim (naming caveat M2 not remapped)
methodology_v2.part2.v1,2,MAFAULDA,test,mafaulda_horizontal-misalignment_1.0mm_56.32,mafaulda_horizontal-misalignment_1.0mm,horizontal-misalignment,Misalignment_NON_BEARING,fault_configuration,data/raw_mafaulda/full/horizontal-misalignment/1.0mm/56.32.csv,50000,3379.2,,horizontal_misalignment,1.0mm,,,mafaulda_horizontal-misalignment_1.0mm,,,,,,True,split seed 202; operational folder taxonomy kept verbatim (naming caveat M2 not remapped)
methodology_v2.part2.v1,2,MAFAULDA,test,mafaulda_horizontal-misalignment_1.0mm_57.1392,mafaulda_horizontal-misalignment_1.0mm,horizontal-misalignment,Misalignment_NON_BEARING,fault_configuration,data/raw_mafaulda/full/horizontal-misalignment/1.0mm/57.1392.csv,50000,3428.3520000000003,,horizontal_misalignment,1.0mm,,,mafaulda_horizontal-misalignment_1.0mm,,,,,,True,split seed 202; operational folder taxonomy kept verbatim (naming caveat M2 not remapped)
methodology_v2.part2.v1,2,MAFAULDA,test,mafaulda_horizontal-misalignment_1.0mm_58.368,mafaulda_horizontal-misalignment_1.0mm,horizontal-misalignment,Misalignment_NON_BEARING,fault_configuration,data/raw_mafaulda/full/horizontal-misalignment/1.0mm/58.368.csv,50000,3502.08,,horizontal_misalignment,1.0mm,,,mafaulda_horizontal-misalignment_1.0mm,,,,,,True,split seed 202; operational folder taxonomy kept verbatim (naming caveat M2 not remapped)
methodology_v2.part2.v1,2,MAFAULDA,test,mafaulda_horizontal-misalignment_1.0mm_60.0064,mafaulda_horizontal-misalignment_1.0mm,horizontal-misalignment,Misalignment_NON_BEARING,fault_configuration,data/raw_mafaulda/full/horizontal-misalignment/1.0mm/60.0064.csv,50000,3600.384,,horizontal_misalignment,1.0mm,,,mafaulda_horizontal-misalignment_1.0mm,,,,,,True,split seed 202; operational folder taxonomy kept verbatim (naming caveat M2 not remapped)
methodology_v2.part2.v1,2,MAFAULDA,test,mafaulda_horizontal-misalignment_1.0mm_60.416,mafaulda_horizontal-misalignment_1.0mm,horizontal-misalignment,Misalignment_NON_BEARING,fault_configuration,data/raw_mafaulda/full/horizontal-misalignment/1.0mm/60.416.csv,50000,3624.96,,horizontal_misalignment,1.0mm,,,mafaulda_horizontal-misalignment_1.0mm,,,,,,True,split seed 202; operational folder taxonomy kept verbatim (naming caveat M2 not remapped)
methodology_v2.part2.v1,2,MAFAULDA,train,mafaulda_horizontal-misalignment_1.5mm_12.288,mafaulda_horizontal-misalignment_1.5mm,horizontal-misalignment,Misalignment_NON_BEARING,fault_configuration,data/raw_mafaulda/full/horizontal-misalignment/1.5mm/12.288.csv,50000,737.28,,horizontal_misalignment,1.5mm,,,mafaulda_horizontal-misalignment_1.5mm,,,,,,True,split seed 202; operational folder taxonomy kept verbatim (naming caveat M2 not remapped)
methodology_v2.part2.v1,2,MAFAULDA,train,mafaulda_horizontal-misalignment_1.5mm_13.9264,mafaulda_horizontal-misalignment_1.5mm,horizontal-misalignment,Misalignment_NON_BEARING,fault_configuration,data/raw_mafaulda/full/horizontal-misalignment/1.5mm/13.9264.csv,50000,835.584,,horizontal_misalignment,1.5mm,,,mafaulda_horizontal-misalignment_1.5mm,,,,,,True,split seed 202; operational folder taxonomy kept verbatim (naming caveat M2 not remapped)
methodology_v2.part2.v1,2,MAFAULDA,train,mafaulda_horizontal-misalignment_1.5mm_14.9504,mafaulda_horizontal-misalignment_1.5mm,horizontal-misalignment,Misalignment_NON_BEARING,fault_configuration,data/raw_mafaulda/full/horizontal-misalignment/1.5mm/14.9504.csv,50000,897.024,,horizontal_misalignment,1.5mm,,,mafaulda_horizontal-misalignment_1.5mm,,,,,,True,split seed 202; operational folder taxonomy kept verbatim (naming caveat M2 not remapped)
methodology_v2.part2.v1,2,MAFAULDA,train,mafaulda_horizontal-misalignment_1.5mm_15.7696,mafaulda_horizontal-misalignment_1.5mm,horizontal-misalignment,Misalignment_NON_BEARING,fault_configuration,data/raw_mafaulda/full/horizontal-misalignment/1.5mm/15.7696.csv,50000,946.176,,horizontal_misalignment,1.5mm,,,mafaulda_horizontal-misalignment_1.5mm,,,,,,True,split seed 202; operational folder taxonomy kept verbatim (naming caveat M2 not remapped)
methodology_v2.part2.v1,2,MAFAULDA,train,mafaulda_horizontal-misalignment_1.5mm_16.7936,mafaulda_horizontal-misalignment_1.5mm,horizontal-misalignment,Misalignment_NON_BEARING,fault_configuration,data/raw_mafaulda/full/horizontal-misalignment/1.5mm/16.7936.csv,50000,1007.616,,horizontal_misalignment,1.5mm,,,mafaulda_horizontal-misalignment_1.5mm,,,,,,True,split seed 202; operational folder taxonomy kept verbatim (naming caveat M2 not remapped)
methodology_v2.part2.v1,2,MAFAULDA,train,mafaulda_horizontal-misalignment_1.5mm_17.8176,mafaulda_horizontal-misalignment_1.5mm,horizontal-misalignment,Misalignment_NON_BEARING,fault_configuration,data/raw_mafaulda/full/horizontal-misalignment/1.5mm/17.8176.csv,50000,1069.056,,horizontal_misalignment,1.5mm,,,mafaulda_horizontal-misalignment_1.5mm,,,,,,True,split seed 202; operational folder taxonomy kept verbatim (naming caveat M2 not remapped)
methodology_v2.part2.v1,2,MAFAULDA,train,mafaulda_horizontal-misalignment_1.5mm_19.0464,mafaulda_horizontal-misalignment_1.5mm,horizontal-misalignment,Misalignment_NON_BEARING,fault_configuration,data/raw_mafaulda/full/horizontal-misalignment/1.5mm/19.0464.csv,50000,1142.784,,horizontal_misalignment,1.5mm,,,mafaulda_horizontal-misalignment_1.5mm,,,,,,True,split seed 202; operational folder taxonomy kept verbatim (naming caveat M2 not remapped)
methodology_v2.part2.v1,2,MAFAULDA,train,mafaulda_horizontal-misalignment_1.5mm_19.6608,mafaulda_horizontal-misalignment_1.5mm,horizontal-misalignment,Misalignment_NON_BEARING,fault_configuration,data/raw_mafaulda/full/horizontal-misalignment/1.5mm/19.6608.csv,50000,1179.648,,horizontal_misalignment,1.5mm,,,mafaulda_horizontal-misalignment_1.5mm,,,,,,True,split seed 202; operational folder taxonomy kept verbatim (naming caveat M2 not remapped)
methodology_v2.part2.v1,2,MAFAULDA,train,mafaulda_horizontal-misalignment_1.5mm_20.6848,mafaulda_horizontal-misalignment_1.5mm,horizontal-misalignment,Misalignment_NON_BEARING,fault_configuration,data/raw_mafaulda/full/horizontal-misalignment/1.5mm/20.6848.csv,50000,1241.088,,horizontal_misalignment,1.5mm,,,mafaulda_horizontal-misalignment_1.5mm,,,,,,True,split seed 202; operational folder taxonomy kept verbatim (naming caveat M2 not remapped)
methodology_v2.part2.v1,2,MAFAULDA,train,mafaulda_horizontal-misalignment_1.5mm_21.2992,mafaulda_horizontal-misalignment_1.5mm,horizontal-misalignment,Misalignment_NON_BEARING,fault_configuration,data/raw_mafaulda/full/horizontal-misalignment/1.5mm/21.2992.csv,50000,1277.952,,horizontal_misalignment,1.5mm,,,mafaulda_horizontal-misalignment_1.5mm,,,,,,True,split seed 202; operational folder taxonomy kept verbatim (naming caveat M2 not remapped)
methodology_v2.part2.v1,2,MAFAULDA,train,mafaulda_horizontal-misalignment_1.5mm_22.3232,mafaulda_horizontal-misalignment_1.5mm,horizontal-misalignment,Misalignment_NON_BEARING,fault_configuration,data/raw_mafaulda/full/horizontal-misalignment/1.5mm/22.3232.csv,50000,1339.392,,horizontal_misalignment,1.5mm,,,mafaulda_horizontal-misalignment_1.5mm,,,,,,True,split seed 202; operational folder taxonomy kept verbatim (naming caveat M2 not remapped)
methodology_v2.part2.v1,2,MAFAULDA,train,mafaulda_horizontal-misalignment_1.5mm_23.552,mafaulda_horizontal-misalignment_1.5mm,horizontal-misalignment,Misalignment_NON_BEARING,fault_configuration,data/raw_mafaulda/full/horizontal-misalignment/1.5mm/23.552.csv,50000,1413.12,,horizontal_misalignment,1.5mm,,,mafaulda_horizontal-misalignment_1.5mm,,,,,,True,split seed 202; operational folder taxonomy kept verbatim (naming caveat M2 not remapped)
methodology_v2.part2.v1,2,MAFAULDA,train,mafaulda_horizontal-misalignment_1.5mm_24.3712,mafaulda_horizontal-misalignment_1.5mm,horizontal-misalignment,Misalignment_NON_BEARING,fault_configuration,data/raw_mafaulda/full/horizontal-misalignment/1.5mm/24.3712.csv,50000,1462.2720000000002,,horizontal_misalignment,1.5mm,,,mafaulda_horizontal-misalignment_1.5mm,,,,,,True,split seed 202; operational folder taxonomy kept verbatim (naming caveat M2 not remapped)
methodology_v2.part2.v1,2,MAFAULDA,train,mafaulda_horizontal-misalignment_1.5mm_25.8048,mafaulda_horizontal-misalignment_1.5mm,horizontal-misalignment,Misalignment_NON_BEARING,fault_configuration,data/raw_mafaulda/full/horizontal-misalignment/1.5mm/25.8048.csv,50000,1548.288,,horizontal_misalignment,1.5mm,,,mafaulda_horizontal-misalignment_1.5mm,,,,,,True,split seed 202; operational folder taxonomy kept verbatim (naming caveat M2 not remapped)
methodology_v2.part2.v1,2,MAFAULDA,train,mafaulda_horizontal-misalignment_1.5mm_26.8288,mafaulda_horizontal-misalignment_1.5mm,horizontal-misalignment,Misalignment_NON_BEARING,fault_configuration,data/raw_mafaulda/full/horizontal-misalignment/1.5mm/26.8288.csv,50000,1609.728,,horizontal_misalignment,1.5mm,,,mafaulda_horizontal-misalignment_1.5mm,,,,,,True,split seed 202; operational folder taxonomy kept verbatim (naming caveat M2 not remapped)
methodology_v2.part2.v1,2,MAFAULDA,train,mafaulda_horizontal-misalignment_1.5mm_28.2624,mafaulda_horizontal-misalignment_1.5mm,horizontal-misalignment,Misalignment_NON_BEARING,fault_configuration,data/raw_mafaulda/full/horizontal-misalignment/1.5mm/28.2624.csv,50000,1695.744,,horizontal_misalignment,1.5mm,,,mafaulda_horizontal-misalignment_1.5mm,,,,,,True,split seed 202; operational folder taxonomy kept verbatim (naming caveat M2 not remapped)
methodology_v2.part2.v1,2,MAFAULDA,train,mafaulda_horizontal-misalignment_1.5mm_29.696,mafaulda_horizontal-misalignment_1.5mm,horizontal-misalignment,Misalignment_NON_BEARING,fault_configuration,data/raw_mafaulda/full/horizontal-misalignment/1.5mm/29.696.csv,50000,1781.76,,horizontal_misalignment,1.5mm,,,mafaulda_horizontal-misalignment_1.5mm,,,,,,True,split seed 202; operational folder taxonomy kept verbatim (naming caveat M2 not remapped)
methodology_v2.part2.v1,2,MAFAULDA,train,mafaulda_horizontal-misalignment_1.5mm_30.5152,mafaulda_horizontal-misalignment_1.5mm,horizontal-misalignment,Misalignment_NON_BEARING,fault_configuration,data/raw_mafaulda/full/horizontal-misalignment/1.5mm/30.5152.csv,50000,1830.912,,horizontal_misalignment,1.5mm,,,mafaulda_horizontal-misalignment_1.5mm,,,,,,True,split seed 202; operational folder taxonomy kept verbatim (naming caveat M2 not remapped)
methodology_v2.part2.v1,2,MAFAULDA,train,mafaulda_horizontal-misalignment_1.5mm_31.744,mafaulda_horizontal-misalignment_1.5mm,horizontal-misalignment,Misalignment_NON_BEARING,fault_configuration,data/raw_mafaulda/full/horizontal-misalignment/1.5mm/31.744.csv,50000,1904.64,,horizontal_misalignment,1.5mm,,,mafaulda_horizontal-misalignment_1.5mm,,,,,,True,split seed 202; operational folder taxonomy kept verbatim (naming caveat M2 not remapped)
methodology_v2.part2.v1,2,MAFAULDA,train,mafaulda_horizontal-misalignment_1.5mm_32.768,mafaulda_horizontal-misalignment_1.5mm,horizontal-misalignment,Misalignment_NON_BEARING,fault_configuration,data/raw_mafaulda/full/horizontal-misalignment/1.5mm/32.768.csv,50000,1966.08,,horizontal_misalignment,1.5mm,,,mafaulda_horizontal-misalignment_1.5mm,,,,,,True,split seed 202; operational folder taxonomy kept verbatim (naming caveat M2 not remapped)
methodology_v2.part2.v1,2,MAFAULDA,train,mafaulda_horizontal-misalignment_1.5mm_33.9968,mafaulda_horizontal-misalignment_1.5mm,horizontal-misalignment,Misalignment_NON_BEARING,fault_configuration,data/raw_mafaulda/full/horizontal-misalignment/1.5mm/33.9968.csv,50000,2039.808,,horizontal_misalignment,1.5mm,,,mafaulda_horizontal-misalignment_1.5mm,,,,,,True,split seed 202; operational folder taxonomy kept verbatim (naming caveat M2 not remapped)
methodology_v2.part2.v1,2,MAFAULDA,train,mafaulda_horizontal-misalignment_1.5mm_34.4064,mafaulda_horizontal-misalignment_1.5mm,horizontal-misalignment,Misalignment_NON_BEARING,fault_configuration,data/raw_mafaulda/full/horizontal-misalignment/1.5mm/34.4064.csv,50000,2064.384,,horizontal_misalignment,1.5mm,,,mafaulda_horizontal-misalignment_1.5mm,,,,,,True,split seed 202; operational folder taxonomy kept verbatim (naming caveat M2 not remapped)
methodology_v2.part2.v1,2,MAFAULDA,train,mafaulda_horizontal-misalignment_1.5mm_35.2256,mafaulda_horizontal-misalignment_1.5mm,horizontal-misalignment,Misalignment_NON_BEARING,fault_configuration,data/raw_mafaulda/full/horizontal-misalignment/1.5mm/35.2256.csv,50000,2113.536,,horizontal_misalignment,1.5mm,,,mafaulda_horizontal-misalignment_1.5mm,,,,,,True,split seed 202; operational folder taxonomy kept verbatim (naming caveat M2 not remapped)
methodology_v2.part2.v1,2,MAFAULDA,train,mafaulda_horizontal-misalignment_1.5mm_36.0448,mafaulda_horizontal-misalignment_1.5mm,horizontal-misalignment,Misalignment_NON_BEARING,fault_configuration,data/raw_mafaulda/full/horizontal-misalignment/1.5mm/36.0448.csv,50000,2162.688,,horizontal_misalignment,1.5mm,,,mafaulda_horizontal-misalignment_1.5mm,,,,,,True,split seed 202; operational folder taxonomy kept verbatim (naming caveat M2 not remapped)
methodology_v2.part2.v1,2,MAFAULDA,train,mafaulda_horizontal-misalignment_1.5mm_37.2736,mafaulda_horizontal-misalignment_1.5mm,horizontal-misalignment,Misalignment_NON_BEARING,fault_configuration,data/raw_mafaulda/full/horizontal-misalignment/1.5mm/37.2736.csv,50000,2236.416,,horizontal_misalignment,1.5mm,,,mafaulda_horizontal-misalignment_1.5mm,,,,,,True,split seed 202; operational folder taxonomy kept verbatim (naming caveat M2 not remapped)
methodology_v2.part2.v1,2,MAFAULDA,train,mafaulda_horizontal-misalignment_1.5mm_38.7072,mafaulda_horizontal-misalignment_1.5mm,horizontal-misalignment,Misalignment_NON_BEARING,fault_configuration,data/raw_mafaulda/full/horizontal-misalignment/1.5mm/38.7072.csv,50000,2322.432,,horizontal_misalignment,1.5mm,,,mafaulda_horizontal-misalignment_1.5mm,,,,,,True,split seed 202; operational folder taxonomy kept verbatim (naming caveat M2 not remapped)
methodology_v2.part2.v1,2,MAFAULDA,train,mafaulda_horizontal-misalignment_1.5mm_39.7312,mafaulda_horizontal-misalignment_1.5mm,horizontal-misalignment,Misalignment_NON_BEARING,fault_configuration,data/raw_mafaulda/full/horizontal-misalignment/1.5mm/39.7312.csv,50000,2383.8720000000003,,horizontal_misalignment,1.5mm,,,mafaulda_horizontal-misalignment_1.5mm,,,,,,True,split seed 202; operational folder taxonomy kept verbatim (naming caveat M2 not remapped)
methodology_v2.part2.v1,2,MAFAULDA,train,mafaulda_horizontal-misalignment_1.5mm_40.5504,mafaulda_horizontal-misalignment_1.5mm,horizontal-misalignment,Misalignment_NON_BEARING,fault_configuration,data/raw_mafaulda/full/horizontal-misalignment/1.5mm/40.5504.csv,50000,2433.0240000000003,,horizontal_misalignment,1.5mm,,,mafaulda_horizontal-misalignment_1.5mm,,,,,,True,split seed 202; operational folder taxonomy kept verbatim (naming caveat M2 not remapped)
methodology_v2.part2.v1,2,MAFAULDA,train,mafaulda_horizontal-misalignment_1.5mm_41.3696,mafaulda_horizontal-misalignment_1.5mm,horizontal-misalignment,Misalignment_NON_BEARING,fault_configuration,data/raw_mafaulda/full/horizontal-misalignment/1.5mm/41.3696.csv,50000,2482.176,,horizontal_misalignment,1.5mm,,,mafaulda_horizontal-misalignment_1.5mm,,,,,,True,split seed 202; operational folder taxonomy kept verbatim (naming caveat M2 not remapped)
methodology_v2.part2.v1,2,MAFAULDA,train,mafaulda_horizontal-misalignment_1.5mm_42.3936,mafaulda_horizontal-misalignment_1.5mm,horizontal-misalignment,Misalignment_NON_BEARING,fault_configuration,data/raw_mafaulda/full/horizontal-misalignment/1.5mm/42.3936.csv,50000,2543.616,,horizontal_misalignment,1.5mm,,,mafaulda_horizontal-misalignment_1.5mm,,,,,,True,split seed 202; operational folder taxonomy kept verbatim (naming caveat M2 not remapped)
methodology_v2.part2.v1,2,MAFAULDA,train,mafaulda_horizontal-misalignment_1.5mm_43.6224,mafaulda_horizontal-misalignment_1.5mm,horizontal-misalignment,Misalignment_NON_BEARING,fault_configuration,data/raw_mafaulda/full/horizontal-misalignment/1.5mm/43.6224.csv,50000,2617.344,,horizontal_misalignment,1.5mm,,,mafaulda_horizontal-misalignment_1.5mm,,,,,,True,split seed 202; operational folder taxonomy kept verbatim (naming caveat M2 not remapped)
methodology_v2.part2.v1,2,MAFAULDA,train,mafaulda_horizontal-misalignment_1.5mm_44.2368,mafaulda_horizontal-misalignment_1.5mm,horizontal-misalignment,Misalignment_NON_BEARING,fault_configuration,data/raw_mafaulda/full/horizontal-misalignment/1.5mm/44.2368.csv,50000,2654.208,,horizontal_misalignment,1.5mm,,,mafaulda_horizontal-misalignment_1.5mm,,,,,,True,split seed 202; operational folder taxonomy kept verbatim (naming caveat M2 not remapped)
methodology_v2.part2.v1,2,MAFAULDA,train,mafaulda_horizontal-misalignment_1.5mm_45.4656,mafaulda_horizontal-misalignment_1.5mm,horizontal-misalignment,Misalignment_NON_BEARING,fault_configuration,data/raw_mafaulda/full/horizontal-misalignment/1.5mm/45.4656.csv,50000,2727.936,,horizontal_misalignment,1.5mm,,,mafaulda_horizontal-misalignment_1.5mm,,,,,,True,split seed 202; operational folder taxonomy kept verbatim (naming caveat M2 not remapped)
methodology_v2.part2.v1,2,MAFAULDA,train,mafaulda_horizontal-misalignment_1.5mm_46.6944,mafaulda_horizontal-misalignment_1.5mm,horizontal-misalignment,Misalignment_NON_BEARING,fault_configuration,data/raw_mafaulda/full/horizontal-misalignment/1.5mm/46.6944.csv,50000,2801.664,,horizontal_misalignment,1.5mm,,,mafaulda_horizontal-misalignment_1.5mm,,,,,,True,split seed 202; operational folder taxonomy kept verbatim (naming caveat M2 not remapped)
methodology_v2.part2.v1,2,MAFAULDA,train,mafaulda_horizontal-misalignment_1.5mm_47.7184,mafaulda_horizontal-misalignment_1.5mm,horizontal-misalignment,Misalignment_NON_BEARING,fault_configuration,data/raw_mafaulda/full/horizontal-misalignment/1.5mm/47.7184.csv,50000,2863.1040000000003,,horizontal_misalignment,1.5mm,,,mafaulda_horizontal-misalignment_1.5mm,,,,,,True,split seed 202; operational folder taxonomy kept verbatim (naming caveat M2 not remapped)
methodology_v2.part2.v1,2,MAFAULDA,train,mafaulda_horizontal-misalignment_1.5mm_48.5376,mafaulda_horizontal-misalignment_1.5mm,horizontal-misalignment,Misalignment_NON_BEARING,fault_configuration,data/raw_mafaulda/full/horizontal-misalignment/1.5mm/48.5376.csv,50000,2912.256,,horizontal_misalignment,1.5mm,,,mafaulda_horizontal-misalignment_1.5mm,,,,,,True,split seed 202; operational folder taxonomy kept verbatim (naming caveat M2 not remapped)
methodology_v2.part2.v1,2,MAFAULDA,train,mafaulda_horizontal-misalignment_1.5mm_49.3568,mafaulda_horizontal-misalignment_1.5mm,horizontal-misalignment,Misalignment_NON_BEARING,fault_configuration,data/raw_mafaulda/full/horizontal-misalignment/1.5mm/49.3568.csv,50000,2961.408,,horizontal_misalignment,1.5mm,,,mafaulda_horizontal-misalignment_1.5mm,,,,,,True,split seed 202; operational folder taxonomy kept verbatim (naming caveat M2 not remapped)
methodology_v2.part2.v1,2,MAFAULDA,train,mafaulda_horizontal-misalignment_1.5mm_50.5856,mafaulda_horizontal-misalignment_1.5mm,horizontal-misalignment,Misalignment_NON_BEARING,fault_configuration,data/raw_mafaulda/full/horizontal-misalignment/1.5mm/50.5856.csv,50000,3035.136,,horizontal_misalignment,1.5mm,,,mafaulda_horizontal-misalignment_1.5mm,,,,,,True,split seed 202; operational folder taxonomy kept verbatim (naming caveat M2 not remapped)
methodology_v2.part2.v1,2,MAFAULDA,train,mafaulda_horizontal-misalignment_1.5mm_51.6096,mafaulda_horizontal-misalignment_1.5mm,horizontal-misalignment,Misalignment_NON_BEARING,fault_configuration,data/raw_mafaulda/full/horizontal-misalignment/1.5mm/51.6096.csv,50000,3096.576,,horizontal_misalignment,1.5mm,,,mafaulda_horizontal-misalignment_1.5mm,,,,,,True,split seed 202; operational folder taxonomy kept verbatim (naming caveat M2 not remapped)
methodology_v2.part2.v1,2,MAFAULDA,train,mafaulda_horizontal-misalignment_1.5mm_52.6336,mafaulda_horizontal-misalignment_1.5mm,horizontal-misalignment,Misalignment_NON_BEARING,fault_configuration,data/raw_mafaulda/full/horizontal-misalignment/1.5mm/52.6336.csv,50000,3158.016,,horizontal_misalignment,1.5mm,,,mafaulda_horizontal-misalignment_1.5mm,,,,,,True,split seed 202; operational folder taxonomy kept verbatim (naming caveat M2 not remapped)
methodology_v2.part2.v1,2,MAFAULDA,train,mafaulda_horizontal-misalignment_1.5mm_53.8624,mafaulda_horizontal-misalignment_1.5mm,horizontal-misalignment,Misalignment_NON_BEARING,fault_configuration,data/raw_mafaulda/full/horizontal-misalignment/1.5mm/53.8624.csv,50000,3231.744,,horizontal_misalignment,1.5mm,,,mafaulda_horizontal-misalignment_1.5mm,,,,,,True,split seed 202; operational folder taxonomy kept verbatim (naming caveat M2 not remapped)
methodology_v2.part2.v1,2,MAFAULDA,train,mafaulda_horizontal-misalignment_1.5mm_54.8864,mafaulda_horizontal-misalignment_1.5mm,horizontal-misalignment,Misalignment_NON_BEARING,fault_configuration,data/raw_mafaulda/full/horizontal-misalignment/1.5mm/54.8864.csv,50000,3293.184,,horizontal_misalignment,1.5mm,,,mafaulda_horizontal-misalignment_1.5mm,,,,,,True,split seed 202; operational folder taxonomy kept verbatim (naming caveat M2 not remapped)
methodology_v2.part2.v1,2,MAFAULDA,train,mafaulda_horizontal-misalignment_1.5mm_55.9104,mafaulda_horizontal-misalignment_1.5mm,horizontal-misalignment,Misalignment_NON_BEARING,fault_configuration,data/raw_mafaulda/full/horizontal-misalignment/1.5mm/55.9104.csv,50000,3354.6240000000003,,horizontal_misalignment,1.5mm,,,mafaulda_horizontal-misalignment_1.5mm,,,,,,True,split seed 202; operational folder taxonomy kept verbatim (naming caveat M2 not remapped)
methodology_v2.part2.v1,2,MAFAULDA,train,mafaulda_horizontal-misalignment_1.5mm_56.5248,mafaulda_horizontal-misalignment_1.5mm,horizontal-misalignment,Misalignment_NON_BEARING,fault_configuration,data/raw_mafaulda/full/horizontal-misalignment/1.5mm/56.5248.csv,50000,3391.488,,horizontal_misalignment,1.5mm,,,mafaulda_horizontal-misalignment_1.5mm,,,,,,True,split seed 202; operational folder taxonomy kept verbatim (naming caveat M2 not remapped)
methodology_v2.part2.v1,2,MAFAULDA,train,mafaulda_horizontal-misalignment_1.5mm_57.1392,mafaulda_horizontal-misalignment_1.5mm,horizontal-misalignment,Misalignment_NON_BEARING,fault_configuration,data/raw_mafaulda/full/horizontal-misalignment/1.5mm/57.1392.csv,50000,3428.3520000000003,,horizontal_misalignment,1.5mm,,,mafaulda_horizontal-misalignment_1.5mm,,,,,,True,split seed 202; operational folder taxonomy kept verbatim (naming caveat M2 not remapped)
methodology_v2.part2.v1,2,MAFAULDA,train,mafaulda_horizontal-misalignment_1.5mm_58.368,mafaulda_horizontal-misalignment_1.5mm,horizontal-misalignment,Misalignment_NON_BEARING,fault_configuration,data/raw_mafaulda/full/horizontal-misalignment/1.5mm/58.368.csv,50000,3502.08,,horizontal_misalignment,1.5mm,,,mafaulda_horizontal-misalignment_1.5mm,,,,,,True,split seed 202; operational folder taxonomy kept verbatim (naming caveat M2 not remapped)
methodology_v2.part2.v1,2,MAFAULDA,train,mafaulda_horizontal-misalignment_1.5mm_59.392,mafaulda_horizontal-misalignment_1.5mm,horizontal-misalignment,Misalignment_NON_BEARING,fault_configuration,data/raw_mafaulda/full/horizontal-misalignment/1.5mm/59.392.csv,50000,3563.52,,horizontal_misalignment,1.5mm,,,mafaulda_horizontal-misalignment_1.5mm,,,,,,True,split seed 202; operational folder taxonomy kept verbatim (naming caveat M2 not remapped)
methodology_v2.part2.v1,2,MAFAULDA,train,mafaulda_horizontal-misalignment_1.5mm_60.6208,mafaulda_horizontal-misalignment_1.5mm,horizontal-misalignment,Misalignment_NON_BEARING,fault_configuration,data/raw_mafaulda/full/horizontal-misalignment/1.5mm/60.6208.csv,50000,3637.248,,horizontal_misalignment,1.5mm,,,mafaulda_horizontal-misalignment_1.5mm,,,,,,True,split seed 202; operational folder taxonomy kept verbatim (naming caveat M2 not remapped)
methodology_v2.part2.v1,2,MAFAULDA,train,mafaulda_horizontal-misalignment_1.5mm_61.44,mafaulda_horizontal-misalignment_1.5mm,horizontal-misalignment,Misalignment_NON_BEARING,fault_configuration,data/raw_mafaulda/full/horizontal-misalignment/1.5mm/61.44.csv,50000,3686.4,,horizontal_misalignment,1.5mm,,,mafaulda_horizontal-misalignment_1.5mm,,,,,,True,split seed 202; operational folder taxonomy kept verbatim (naming caveat M2 not remapped)
methodology_v2.part2.v1,2,MAFAULDA,train,mafaulda_horizontal-misalignment_2.0mm_12.288,mafaulda_horizontal-misalignment_2.0mm,horizontal-misalignment,Misalignment_NON_BEARING,fault_configuration,data/raw_mafaulda/full/horizontal-misalignment/2.0mm/12.288.csv,50000,737.28,,horizontal_misalignment,2.0mm,,,mafaulda_horizontal-misalignment_2.0mm,,,,,,True,split seed 202; operational folder taxonomy kept verbatim (naming caveat M2 not remapped)
methodology_v2.part2.v1,2,MAFAULDA,train,mafaulda_horizontal-misalignment_2.0mm_13.5168,mafaulda_horizontal-misalignment_2.0mm,horizontal-misalignment,Misalignment_NON_BEARING,fault_configuration,data/raw_mafaulda/full/horizontal-misalignment/2.0mm/13.5168.csv,50000,811.008,,horizontal_misalignment,2.0mm,,,mafaulda_horizontal-misalignment_2.0mm,,,,,,True,split seed 202; operational folder taxonomy kept verbatim (naming caveat M2 not remapped)
methodology_v2.part2.v1,2,MAFAULDA,train,mafaulda_horizontal-misalignment_2.0mm_14.5408,mafaulda_horizontal-misalignment_2.0mm,horizontal-misalignment,Misalignment_NON_BEARING,fault_configuration,data/raw_mafaulda/full/horizontal-misalignment/2.0mm/14.5408.csv,50000,872.4480000000001,,horizontal_misalignment,2.0mm,,,mafaulda_horizontal-misalignment_2.0mm,,,,,,True,split seed 202; operational folder taxonomy kept verbatim (naming caveat M2 not remapped)
methodology_v2.part2.v1,2,MAFAULDA,train,mafaulda_horizontal-misalignment_2.0mm_15.36,mafaulda_horizontal-misalignment_2.0mm,horizontal-misalignment,Misalignment_NON_BEARING,fault_configuration,data/raw_mafaulda/full/horizontal-misalignment/2.0mm/15.36.csv,50000,921.6,,horizontal_misalignment,2.0mm,,,mafaulda_horizontal-misalignment_2.0mm,,,,,,True,split seed 202; operational folder taxonomy kept verbatim (naming caveat M2 not remapped)
methodology_v2.part2.v1,2,MAFAULDA,train,mafaulda_horizontal-misalignment_2.0mm_16.384,mafaulda_horizontal-misalignment_2.0mm,horizontal-misalignment,Misalignment_NON_BEARING,fault_configuration,data/raw_mafaulda/full/horizontal-misalignment/2.0mm/16.384.csv,50000,983.04,,horizontal_misalignment,2.0mm,,,mafaulda_horizontal-misalignment_2.0mm,,,,,,True,split seed 202; operational folder taxonomy kept verbatim (naming caveat M2 not remapped)
methodology_v2.part2.v1,2,MAFAULDA,train,mafaulda_horizontal-misalignment_2.0mm_17.408,mafaulda_horizontal-misalignment_2.0mm,horizontal-misalignment,Misalignment_NON_BEARING,fault_configuration,data/raw_mafaulda/full/horizontal-misalignment/2.0mm/17.408.csv,50000,1044.48,,horizontal_misalignment,2.0mm,,,mafaulda_horizontal-misalignment_2.0mm,,,,,,True,split seed 202; operational folder taxonomy kept verbatim (naming caveat M2 not remapped)
methodology_v2.part2.v1,2,MAFAULDA,train,mafaulda_horizontal-misalignment_2.0mm_18.6368,mafaulda_horizontal-misalignment_2.0mm,horizontal-misalignment,Misalignment_NON_BEARING,fault_configuration,data/raw_mafaulda/full/horizontal-misalignment/2.0mm/18.6368.csv,50000,1118.208,,horizontal_misalignment,2.0mm,,,mafaulda_horizontal-misalignment_2.0mm,,,,,,True,split seed 202; operational folder taxonomy kept verbatim (naming caveat M2 not remapped)
methodology_v2.part2.v1,2,MAFAULDA,train,mafaulda_horizontal-misalignment_2.0mm_19.456,mafaulda_horizontal-misalignment_2.0mm,horizontal-misalignment,Misalignment_NON_BEARING,fault_configuration,data/raw_mafaulda/full/horizontal-misalignment/2.0mm/19.456.csv,50000,1167.36,,horizontal_misalignment,2.0mm,,,mafaulda_horizontal-misalignment_2.0mm,,,,,,True,split seed 202; operational folder taxonomy kept verbatim (naming caveat M2 not remapped)
methodology_v2.part2.v1,2,MAFAULDA,train,mafaulda_horizontal-misalignment_2.0mm_20.2752,mafaulda_horizontal-misalignment_2.0mm,horizontal-misalignment,Misalignment_NON_BEARING,fault_configuration,data/raw_mafaulda/full/horizontal-misalignment/2.0mm/20.2752.csv,50000,1216.5120000000002,,horizontal_misalignment,2.0mm,,,mafaulda_horizontal-misalignment_2.0mm,,,,,,True,split seed 202; operational folder taxonomy kept verbatim (naming caveat M2 not remapped)
methodology_v2.part2.v1,2,MAFAULDA,train,mafaulda_horizontal-misalignment_2.0mm_21.7088,mafaulda_horizontal-misalignment_2.0mm,horizontal-misalignment,Misalignment_NON_BEARING,fault_configuration,data/raw_mafaulda/full/horizontal-misalignment/2.0mm/21.7088.csv,50000,1302.528,,horizontal_misalignment,2.0mm,,,mafaulda_horizontal-misalignment_2.0mm,,,,,,True,split seed 202; operational folder taxonomy kept verbatim (naming caveat M2 not remapped)
methodology_v2.part2.v1,2,MAFAULDA,train,mafaulda_horizontal-misalignment_2.0mm_22.7328,mafaulda_horizontal-misalignment_2.0mm,horizontal-misalignment,Misalignment_NON_BEARING,fault_configuration,data/raw_mafaulda/full/horizontal-misalignment/2.0mm/22.7328.csv,50000,1363.968,,horizontal_misalignment,2.0mm,,,mafaulda_horizontal-misalignment_2.0mm,,,,,,True,split seed 202; operational folder taxonomy kept verbatim (naming caveat M2 not remapped)
methodology_v2.part2.v1,2,MAFAULDA,train,mafaulda_horizontal-misalignment_2.0mm_23.1424,mafaulda_horizontal-misalignment_2.0mm,horizontal-misalignment,Misalignment_NON_BEARING,fault_configuration,data/raw_mafaulda/full/horizontal-misalignment/2.0mm/23.1424.csv,50000,1388.544,,horizontal_misalignment,2.0mm,,,mafaulda_horizontal-misalignment_2.0mm,,,,,,True,split seed 202; operational folder taxonomy kept verbatim (naming caveat M2 not remapped)
methodology_v2.part2.v1,2,MAFAULDA,train,mafaulda_horizontal-misalignment_2.0mm_24.1664,mafaulda_horizontal-misalignment_2.0mm,horizontal-misalignment,Misalignment_NON_BEARING,fault_configuration,data/raw_mafaulda/full/horizontal-misalignment/2.0mm/24.1664.csv,50000,1449.984,,horizontal_misalignment,2.0mm,,,mafaulda_horizontal-misalignment_2.0mm,,,,,,True,split seed 202; operational folder taxonomy kept verbatim (naming caveat M2 not remapped)
methodology_v2.part2.v1,2,MAFAULDA,train,mafaulda_horizontal-misalignment_2.0mm_25.6,mafaulda_horizontal-misalignment_2.0mm,horizontal-misalignment,Misalignment_NON_BEARING,fault_configuration,data/raw_mafaulda/full/horizontal-misalignment/2.0mm/25.6.csv,50000,1536.0,,horizontal_misalignment,2.0mm,,,mafaulda_horizontal-misalignment_2.0mm,,,,,,True,split seed 202; operational folder taxonomy kept verbatim (naming caveat M2 not remapped)
methodology_v2.part2.v1,2,MAFAULDA,train,mafaulda_horizontal-misalignment_2.0mm_26.4192,mafaulda_horizontal-misalignment_2.0mm,horizontal-misalignment,Misalignment_NON_BEARING,fault_configuration,data/raw_mafaulda/full/horizontal-misalignment/2.0mm/26.4192.csv,50000,1585.152,,horizontal_misalignment,2.0mm,,,mafaulda_horizontal-misalignment_2.0mm,,,,,,True,split seed 202; operational folder taxonomy kept verbatim (naming caveat M2 not remapped)
methodology_v2.part2.v1,2,MAFAULDA,train,mafaulda_horizontal-misalignment_2.0mm_27.2384,mafaulda_horizontal-misalignment_2.0mm,horizontal-misalignment,Misalignment_NON_BEARING,fault_configuration,data/raw_mafaulda/full/horizontal-misalignment/2.0mm/27.2384.csv,50000,1634.304,,horizontal_misalignment,2.0mm,,,mafaulda_horizontal-misalignment_2.0mm,,,,,,True,split seed 202; operational folder taxonomy kept verbatim (naming caveat M2 not remapped)
methodology_v2.part2.v1,2,MAFAULDA,train,mafaulda_horizontal-misalignment_2.0mm_28.0576,mafaulda_horizontal-misalignment_2.0mm,horizontal-misalignment,Misalignment_NON_BEARING,fault_configuration,data/raw_mafaulda/full/horizontal-misalignment/2.0mm/28.0576.csv,50000,1683.456,,horizontal_misalignment,2.0mm,,,mafaulda_horizontal-misalignment_2.0mm,,,,,,True,split seed 202; operational folder taxonomy kept verbatim (naming caveat M2 not remapped)
methodology_v2.part2.v1,2,MAFAULDA,train,mafaulda_horizontal-misalignment_2.0mm_29.0816,mafaulda_horizontal-misalignment_2.0mm,horizontal-misalignment,Misalignment_NON_BEARING,fault_configuration,data/raw_mafaulda/full/horizontal-misalignment/2.0mm/29.0816.csv,50000,1744.8960000000002,,horizontal_misalignment,2.0mm,,,mafaulda_horizontal-misalignment_2.0mm,,,,,,True,split seed 202; operational folder taxonomy kept verbatim (naming caveat M2 not remapped)
methodology_v2.part2.v1,2,MAFAULDA,train,mafaulda_horizontal-misalignment_2.0mm_30.9248,mafaulda_horizontal-misalignment_2.0mm,horizontal-misalignment,Misalignment_NON_BEARING,fault_configuration,data/raw_mafaulda/full/horizontal-misalignment/2.0mm/30.9248.csv,50000,1855.488,,horizontal_misalignment,2.0mm,,,mafaulda_horizontal-misalignment_2.0mm,,,,,,True,split seed 202; operational folder taxonomy kept verbatim (naming caveat M2 not remapped)
methodology_v2.part2.v1,2,MAFAULDA,train,mafaulda_horizontal-misalignment_2.0mm_31.5392,mafaulda_horizontal-misalignment_2.0mm,horizontal-misalignment,Misalignment_NON_BEARING,fault_configuration,data/raw_mafaulda/full/horizontal-misalignment/2.0mm/31.5392.csv,50000,1892.352,,horizontal_misalignment,2.0mm,,,mafaulda_horizontal-misalignment_2.0mm,,,,,,True,split seed 202; operational folder taxonomy kept verbatim (naming caveat M2 not remapped)
methodology_v2.part2.v1,2,MAFAULDA,train,mafaulda_horizontal-misalignment_2.0mm_32.1536,mafaulda_horizontal-misalignment_2.0mm,horizontal-misalignment,Misalignment_NON_BEARING,fault_configuration,data/raw_mafaulda/full/horizontal-misalignment/2.0mm/32.1536.csv,50000,1929.216,,horizontal_misalignment,2.0mm,,,mafaulda_horizontal-misalignment_2.0mm,,,,,,True,split seed 202; operational folder taxonomy kept verbatim (naming caveat M2 not remapped)
methodology_v2.part2.v1,2,MAFAULDA,train,mafaulda_horizontal-misalignment_2.0mm_33.5872,mafaulda_horizontal-misalignment_2.0mm,horizontal-misalignment,Misalignment_NON_BEARING,fault_configuration,data/raw_mafaulda/full/horizontal-misalignment/2.0mm/33.5872.csv,50000,2015.232,,horizontal_misalignment,2.0mm,,,mafaulda_horizontal-misalignment_2.0mm,,,,,,True,split seed 202; operational folder taxonomy kept verbatim (naming caveat M2 not remapped)
methodology_v2.part2.v1,2,MAFAULDA,train,mafaulda_horizontal-misalignment_2.0mm_34.2016,mafaulda_horizontal-misalignment_2.0mm,horizontal-misalignment,Misalignment_NON_BEARING,fault_configuration,data/raw_mafaulda/full/horizontal-misalignment/2.0mm/34.2016.csv,50000,2052.096,,horizontal_misalignment,2.0mm,,,mafaulda_horizontal-misalignment_2.0mm,,,,,,True,split seed 202; operational folder taxonomy kept verbatim (naming caveat M2 not remapped)
methodology_v2.part2.v1,2,MAFAULDA,train,mafaulda_horizontal-misalignment_2.0mm_35.84,mafaulda_horizontal-misalignment_2.0mm,horizontal-misalignment,Misalignment_NON_BEARING,fault_configuration,data/raw_mafaulda/full/horizontal-misalignment/2.0mm/35.84.csv,50000,2150.4,,horizontal_misalignment,2.0mm,,,mafaulda_horizontal-misalignment_2.0mm,,,,,,True,split seed 202; operational folder taxonomy kept verbatim (naming caveat M2 not remapped)
methodology_v2.part2.v1,2,MAFAULDA,train,mafaulda_horizontal-misalignment_2.0mm_36.2496,mafaulda_horizontal-misalignment_2.0mm,horizontal-misalignment,Misalignment_NON_BEARING,fault_configuration,data/raw_mafaulda/full/horizontal-misalignment/2.0mm/36.2496.csv,50000,2174.976,,horizontal_misalignment,2.0mm,,,mafaulda_horizontal-misalignment_2.0mm,,,,,,True,split seed 202; operational folder taxonomy kept verbatim (naming caveat M2 not remapped)
methodology_v2.part2.v1,2,MAFAULDA,train,mafaulda_horizontal-misalignment_2.0mm_37.6832,mafaulda_horizontal-misalignment_2.0mm,horizontal-misalignment,Misalignment_NON_BEARING,fault_configuration,data/raw_mafaulda/full/horizontal-misalignment/2.0mm/37.6832.csv,50000,2260.992,,horizontal_misalignment,2.0mm,,,mafaulda_horizontal-misalignment_2.0mm,,,,,,True,split seed 202; operational folder taxonomy kept verbatim (naming caveat M2 not remapped)
methodology_v2.part2.v1,2,MAFAULDA,train,mafaulda_horizontal-misalignment_2.0mm_39.1168,mafaulda_horizontal-misalignment_2.0mm,horizontal-misalignment,Misalignment_NON_BEARING,fault_configuration,data/raw_mafaulda/full/horizontal-misalignment/2.0mm/39.1168.csv,50000,2347.008,,horizontal_misalignment,2.0mm,,,mafaulda_horizontal-misalignment_2.0mm,,,,,,True,split seed 202; operational folder taxonomy kept verbatim (naming caveat M2 not remapped)
methodology_v2.part2.v1,2,MAFAULDA,train,mafaulda_horizontal-misalignment_2.0mm_39.936,mafaulda_horizontal-misalignment_2.0mm,horizontal-misalignment,Misalignment_NON_BEARING,fault_configuration,data/raw_mafaulda/full/horizontal-misalignment/2.0mm/39.936.csv,50000,2396.16,,horizontal_misalignment,2.0mm,,,mafaulda_horizontal-misalignment_2.0mm,,,,,,True,split seed 202; operational folder taxonomy kept verbatim (naming caveat M2 not remapped)
methodology_v2.part2.v1,2,MAFAULDA,train,mafaulda_horizontal-misalignment_2.0mm_40.7552,mafaulda_horizontal-misalignment_2.0mm,horizontal-misalignment,Misalignment_NON_BEARING,fault_configuration,data/raw_mafaulda/full/horizontal-misalignment/2.0mm/40.7552.csv,50000,2445.312,,horizontal_misalignment,2.0mm,,,mafaulda_horizontal-misalignment_2.0mm,,,,,,True,split seed 202; operational folder taxonomy kept verbatim (naming caveat M2 not remapped)
methodology_v2.part2.v1,2,MAFAULDA,train,mafaulda_horizontal-misalignment_2.0mm_41.5744,mafaulda_horizontal-misalignment_2.0mm,horizontal-misalignment,Misalignment_NON_BEARING,fault_configuration,data/raw_mafaulda/full/horizontal-misalignment/2.0mm/41.5744.csv,50000,2494.464,,horizontal_misalignment,2.0mm,,,mafaulda_horizontal-misalignment_2.0mm,,,,,,True,split seed 202; operational folder taxonomy kept verbatim (naming caveat M2 not remapped)
methodology_v2.part2.v1,2,MAFAULDA,train,mafaulda_horizontal-misalignment_2.0mm_42.5984,mafaulda_horizontal-misalignment_2.0mm,horizontal-misalignment,Misalignment_NON_BEARING,fault_configuration,data/raw_mafaulda/full/horizontal-misalignment/2.0mm/42.5984.csv,50000,2555.904,,horizontal_misalignment,2.0mm,,,mafaulda_horizontal-misalignment_2.0mm,,,,,,True,split seed 202; operational folder taxonomy kept verbatim (naming caveat M2 not remapped)
methodology_v2.part2.v1,2,MAFAULDA,train,mafaulda_horizontal-misalignment_2.0mm_43.008,mafaulda_horizontal-misalignment_2.0mm,horizontal-misalignment,Misalignment_NON_BEARING,fault_configuration,data/raw_mafaulda/full/horizontal-misalignment/2.0mm/43.008.csv,50000,2580.48,,horizontal_misalignment,2.0mm,,,mafaulda_horizontal-misalignment_2.0mm,,,,,,True,split seed 202; operational folder taxonomy kept verbatim (naming caveat M2 not remapped)
methodology_v2.part2.v1,2,MAFAULDA,train,mafaulda_horizontal-misalignment_2.0mm_44.032,mafaulda_horizontal-misalignment_2.0mm,horizontal-misalignment,Misalignment_NON_BEARING,fault_configuration,data/raw_mafaulda/full/horizontal-misalignment/2.0mm/44.032.csv,50000,2641.92,,horizontal_misalignment,2.0mm,,,mafaulda_horizontal-misalignment_2.0mm,,,,,,True,split seed 202; operational folder taxonomy kept verbatim (naming caveat M2 not remapped)
methodology_v2.part2.v1,2,MAFAULDA,train,mafaulda_horizontal-misalignment_2.0mm_45.056,mafaulda_horizontal-misalignment_2.0mm,horizontal-misalignment,Misalignment_NON_BEARING,fault_configuration,data/raw_mafaulda/full/horizontal-misalignment/2.0mm/45.056.csv,50000,2703.36,,horizontal_misalignment,2.0mm,,,mafaulda_horizontal-misalignment_2.0mm,,,,,,True,split seed 202; operational folder taxonomy kept verbatim (naming caveat M2 not remapped)
methodology_v2.part2.v1,2,MAFAULDA,train,mafaulda_horizontal-misalignment_2.0mm_46.4896,mafaulda_horizontal-misalignment_2.0mm,horizontal-misalignment,Misalignment_NON_BEARING,fault_configuration,data/raw_mafaulda/full/horizontal-misalignment/2.0mm/46.4896.csv,50000,2789.376,,horizontal_misalignment,2.0mm,,,mafaulda_horizontal-misalignment_2.0mm,,,,,,True,split seed 202; operational folder taxonomy kept verbatim (naming caveat M2 not remapped)
methodology_v2.part2.v1,2,MAFAULDA,train,mafaulda_horizontal-misalignment_2.0mm_47.5136,mafaulda_horizontal-misalignment_2.0mm,horizontal-misalignment,Misalignment_NON_BEARING,fault_configuration,data/raw_mafaulda/full/horizontal-misalignment/2.0mm/47.5136.csv,50000,2850.816,,horizontal_misalignment,2.0mm,,,mafaulda_horizontal-misalignment_2.0mm,,,,,,True,split seed 202; operational folder taxonomy kept verbatim (naming caveat M2 not remapped)
methodology_v2.part2.v1,2,MAFAULDA,train,mafaulda_horizontal-misalignment_2.0mm_48.128,mafaulda_horizontal-misalignment_2.0mm,horizontal-misalignment,Misalignment_NON_BEARING,fault_configuration,data/raw_mafaulda/full/horizontal-misalignment/2.0mm/48.128.csv,50000,2887.68,,horizontal_misalignment,2.0mm,,,mafaulda_horizontal-misalignment_2.0mm,,,,,,True,split seed 202; operational folder taxonomy kept verbatim (naming caveat M2 not remapped)
methodology_v2.part2.v1,2,MAFAULDA,train,mafaulda_horizontal-misalignment_2.0mm_49.5616,mafaulda_horizontal-misalignment_2.0mm,horizontal-misalignment,Misalignment_NON_BEARING,fault_configuration,data/raw_mafaulda/full/horizontal-misalignment/2.0mm/49.5616.csv,50000,2973.696,,horizontal_misalignment,2.0mm,,,mafaulda_horizontal-misalignment_2.0mm,,,,,,True,split seed 202; operational folder taxonomy kept verbatim (naming caveat M2 not remapped)
methodology_v2.part2.v1,2,MAFAULDA,train,mafaulda_horizontal-misalignment_2.0mm_50.3808,mafaulda_horizontal-misalignment_2.0mm,horizontal-misalignment,Misalignment_NON_BEARING,fault_configuration,data/raw_mafaulda/full/horizontal-misalignment/2.0mm/50.3808.csv,50000,3022.848,,horizontal_misalignment,2.0mm,,,mafaulda_horizontal-misalignment_2.0mm,,,,,,True,split seed 202; operational folder taxonomy kept verbatim (naming caveat M2 not remapped)
methodology_v2.part2.v1,2,MAFAULDA,train,mafaulda_horizontal-misalignment_2.0mm_51.8144,mafaulda_horizontal-misalignment_2.0mm,horizontal-misalignment,Misalignment_NON_BEARING,fault_configuration,data/raw_mafaulda/full/horizontal-misalignment/2.0mm/51.8144.csv,50000,3108.864,,horizontal_misalignment,2.0mm,,,mafaulda_horizontal-misalignment_2.0mm,,,,,,True,split seed 202; operational folder taxonomy kept verbatim (naming caveat M2 not remapped)
methodology_v2.part2.v1,2,MAFAULDA,train,mafaulda_horizontal-misalignment_2.0mm_52.6336,mafaulda_horizontal-misalignment_2.0mm,horizontal-misalignment,Misalignment_NON_BEARING,fault_configuration,data/raw_mafaulda/full/horizontal-misalignment/2.0mm/52.6336.csv,50000,3158.016,,horizontal_misalignment,2.0mm,,,mafaulda_horizontal-misalignment_2.0mm,,,,,,True,split seed 202; operational folder taxonomy kept verbatim (naming caveat M2 not remapped)
methodology_v2.part2.v1,2,MAFAULDA,train,mafaulda_horizontal-misalignment_2.0mm_53.6576,mafaulda_horizontal-misalignment_2.0mm,horizontal-misalignment,Misalignment_NON_BEARING,fault_configuration,data/raw_mafaulda/full/horizontal-misalignment/2.0mm/53.6576.csv,50000,3219.456,,horizontal_misalignment,2.0mm,,,mafaulda_horizontal-misalignment_2.0mm,,,,,,True,split seed 202; operational folder taxonomy kept verbatim (naming caveat M2 not remapped)
methodology_v2.part2.v1,2,MAFAULDA,train,mafaulda_horizontal-misalignment_2.0mm_54.4768,mafaulda_horizontal-misalignment_2.0mm,horizontal-misalignment,Misalignment_NON_BEARING,fault_configuration,data/raw_mafaulda/full/horizontal-misalignment/2.0mm/54.4768.csv,50000,3268.608,,horizontal_misalignment,2.0mm,,,mafaulda_horizontal-misalignment_2.0mm,,,,,,True,split seed 202; operational folder taxonomy kept verbatim (naming caveat M2 not remapped)
methodology_v2.part2.v1,2,MAFAULDA,train,mafaulda_horizontal-misalignment_2.0mm_55.9104,mafaulda_horizontal-misalignment_2.0mm,horizontal-misalignment,Misalignment_NON_BEARING,fault_configuration,data/raw_mafaulda/full/horizontal-misalignment/2.0mm/55.9104.csv,50000,3354.6240000000003,,horizontal_misalignment,2.0mm,,,mafaulda_horizontal-misalignment_2.0mm,,,,,,True,split seed 202; operational folder taxonomy kept verbatim (naming caveat M2 not remapped)
methodology_v2.part2.v1,2,MAFAULDA,train,mafaulda_horizontal-misalignment_2.0mm_56.32,mafaulda_horizontal-misalignment_2.0mm,horizontal-misalignment,Misalignment_NON_BEARING,fault_configuration,data/raw_mafaulda/full/horizontal-misalignment/2.0mm/56.32.csv,50000,3379.2,,horizontal_misalignment,2.0mm,,,mafaulda_horizontal-misalignment_2.0mm,,,,,,True,split seed 202; operational folder taxonomy kept verbatim (naming caveat M2 not remapped)
methodology_v2.part2.v1,2,MAFAULDA,train,mafaulda_horizontal-misalignment_2.0mm_57.344,mafaulda_horizontal-misalignment_2.0mm,horizontal-misalignment,Misalignment_NON_BEARING,fault_configuration,data/raw_mafaulda/full/horizontal-misalignment/2.0mm/57.344.csv,50000,3440.64,,horizontal_misalignment,2.0mm,,,mafaulda_horizontal-misalignment_2.0mm,,,,,,True,split seed 202; operational folder taxonomy kept verbatim (naming caveat M2 not remapped)
methodology_v2.part2.v1,2,MAFAULDA,train,mafaulda_horizontal-misalignment_2.0mm_58.368,mafaulda_horizontal-misalignment_2.0mm,horizontal-misalignment,Misalignment_NON_BEARING,fault_configuration,data/raw_mafaulda/full/horizontal-misalignment/2.0mm/58.368.csv,50000,3502.08,,horizontal_misalignment,2.0mm,,,mafaulda_horizontal-misalignment_2.0mm,,,,,,True,split seed 202; operational folder taxonomy kept verbatim (naming caveat M2 not remapped)
methodology_v2.part2.v1,2,MAFAULDA,train,mafaulda_horizontal-misalignment_2.0mm_60.0064,mafaulda_horizontal-misalignment_2.0mm,horizontal-misalignment,Misalignment_NON_BEARING,fault_configuration,data/raw_mafaulda/full/horizontal-misalignment/2.0mm/60.0064.csv,50000,3600.384,,horizontal_misalignment,2.0mm,,,mafaulda_horizontal-misalignment_2.0mm,,,,,,True,split seed 202; operational folder taxonomy kept verbatim (naming caveat M2 not remapped)
methodology_v2.part2.v1,2,MAFAULDA,train,mafaulda_horizontal-misalignment_2.0mm_60.8256,mafaulda_horizontal-misalignment_2.0mm,horizontal-misalignment,Misalignment_NON_BEARING,fault_configuration,data/raw_mafaulda/full/horizontal-misalignment/2.0mm/60.8256.csv,50000,3649.536,,horizontal_misalignment,2.0mm,,,mafaulda_horizontal-misalignment_2.0mm,,,,,,True,split seed 202; operational folder taxonomy kept verbatim (naming caveat M2 not remapped)
methodology_v2.part2.v1,2,MAFAULDA,train,mafaulda_imbalance_10g_13.9264,mafaulda_imbalance_10g,imbalance,Imbalance_NON_BEARING,fault_configuration,data/raw_mafaulda/full/imbalance/10g/13.9264.csv,50000,835.584,10g,imbalance,10g,,,mafaulda_imbalance_10g,,,,,,True,split seed 202; operational folder taxonomy kept verbatim (naming caveat M2 not remapped)
methodology_v2.part2.v1,2,MAFAULDA,train,mafaulda_imbalance_10g_14.5408,mafaulda_imbalance_10g,imbalance,Imbalance_NON_BEARING,fault_configuration,data/raw_mafaulda/full/imbalance/10g/14.5408.csv,50000,872.4480000000001,10g,imbalance,10g,,,mafaulda_imbalance_10g,,,,,,True,split seed 202; operational folder taxonomy kept verbatim (naming caveat M2 not remapped)
methodology_v2.part2.v1,2,MAFAULDA,train,mafaulda_imbalance_10g_15.7696,mafaulda_imbalance_10g,imbalance,Imbalance_NON_BEARING,fault_configuration,data/raw_mafaulda/full/imbalance/10g/15.7696.csv,50000,946.176,10g,imbalance,10g,,,mafaulda_imbalance_10g,,,,,,True,split seed 202; operational folder taxonomy kept verbatim (naming caveat M2 not remapped)
methodology_v2.part2.v1,2,MAFAULDA,train,mafaulda_imbalance_10g_16.5888,mafaulda_imbalance_10g,imbalance,Imbalance_NON_BEARING,fault_configuration,data/raw_mafaulda/full/imbalance/10g/16.5888.csv,50000,995.328,10g,imbalance,10g,,,mafaulda_imbalance_10g,,,,,,True,split seed 202; operational folder taxonomy kept verbatim (naming caveat M2 not remapped)
methodology_v2.part2.v1,2,MAFAULDA,train,mafaulda_imbalance_10g_17.2032,mafaulda_imbalance_10g,imbalance,Imbalance_NON_BEARING,fault_configuration,data/raw_mafaulda/full/imbalance/10g/17.2032.csv,50000,1032.192,10g,imbalance,10g,,,mafaulda_imbalance_10g,,,,,,True,split seed 202; operational folder taxonomy kept verbatim (naming caveat M2 not remapped)
methodology_v2.part2.v1,2,MAFAULDA,train,mafaulda_imbalance_10g_18.2272,mafaulda_imbalance_10g,imbalance,Imbalance_NON_BEARING,fault_configuration,data/raw_mafaulda/full/imbalance/10g/18.2272.csv,50000,1093.632,10g,imbalance,10g,,,mafaulda_imbalance_10g,,,,,,True,split seed 202; operational folder taxonomy kept verbatim (naming caveat M2 not remapped)
methodology_v2.part2.v1,2,MAFAULDA,train,mafaulda_imbalance_10g_19.2512,mafaulda_imbalance_10g,imbalance,Imbalance_NON_BEARING,fault_configuration,data/raw_mafaulda/full/imbalance/10g/19.2512.csv,50000,1155.072,10g,imbalance,10g,,,mafaulda_imbalance_10g,,,,,,True,split seed 202; operational folder taxonomy kept verbatim (naming caveat M2 not remapped)
methodology_v2.part2.v1,2,MAFAULDA,train,mafaulda_imbalance_10g_20.48,mafaulda_imbalance_10g,imbalance,Imbalance_NON_BEARING,fault_configuration,data/raw_mafaulda/full/imbalance/10g/20.48.csv,50000,1228.8,10g,imbalance,10g,,,mafaulda_imbalance_10g,,,,,,True,split seed 202; operational folder taxonomy kept verbatim (naming caveat M2 not remapped)
methodology_v2.part2.v1,2,MAFAULDA,train,mafaulda_imbalance_10g_21.7088,mafaulda_imbalance_10g,imbalance,Imbalance_NON_BEARING,fault_configuration,data/raw_mafaulda/full/imbalance/10g/21.7088.csv,50000,1302.528,10g,imbalance,10g,,,mafaulda_imbalance_10g,,,,,,True,split seed 202; operational folder taxonomy kept verbatim (naming caveat M2 not remapped)
methodology_v2.part2.v1,2,MAFAULDA,train,mafaulda_imbalance_10g_22.1184,mafaulda_imbalance_10g,imbalance,Imbalance_NON_BEARING,fault_configuration,data/raw_mafaulda/full/imbalance/10g/22.1184.csv,50000,1327.104,10g,imbalance,10g,,,mafaulda_imbalance_10g,,,,,,True,split seed 202; operational folder taxonomy kept verbatim (naming caveat M2 not remapped)
methodology_v2.part2.v1,2,MAFAULDA,train,mafaulda_imbalance_10g_22.9376,mafaulda_imbalance_10g,imbalance,Imbalance_NON_BEARING,fault_configuration,data/raw_mafaulda/full/imbalance/10g/22.9376.csv,50000,1376.256,10g,imbalance,10g,,,mafaulda_imbalance_10g,,,,,,True,split seed 202; operational folder taxonomy kept verbatim (naming caveat M2 not remapped)
methodology_v2.part2.v1,2,MAFAULDA,train,mafaulda_imbalance_10g_24.7808,mafaulda_imbalance_10g,imbalance,Imbalance_NON_BEARING,fault_configuration,data/raw_mafaulda/full/imbalance/10g/24.7808.csv,50000,1486.848,10g,imbalance,10g,,,mafaulda_imbalance_10g,,,,,,True,split seed 202; operational folder taxonomy kept verbatim (naming caveat M2 not remapped)
methodology_v2.part2.v1,2,MAFAULDA,train,mafaulda_imbalance_10g_25.6,mafaulda_imbalance_10g,imbalance,Imbalance_NON_BEARING,fault_configuration,data/raw_mafaulda/full/imbalance/10g/25.6.csv,50000,1536.0,10g,imbalance,10g,,,mafaulda_imbalance_10g,,,,,,True,split seed 202; operational folder taxonomy kept verbatim (naming caveat M2 not remapped)
methodology_v2.part2.v1,2,MAFAULDA,train,mafaulda_imbalance_10g_26.0096,mafaulda_imbalance_10g,imbalance,Imbalance_NON_BEARING,fault_configuration,data/raw_mafaulda/full/imbalance/10g/26.0096.csv,50000,1560.576,10g,imbalance,10g,,,mafaulda_imbalance_10g,,,,,,True,split seed 202; operational folder taxonomy kept verbatim (naming caveat M2 not remapped)
methodology_v2.part2.v1,2,MAFAULDA,train,mafaulda_imbalance_10g_27.648,mafaulda_imbalance_10g,imbalance,Imbalance_NON_BEARING,fault_configuration,data/raw_mafaulda/full/imbalance/10g/27.648.csv,50000,1658.88,10g,imbalance,10g,,,mafaulda_imbalance_10g,,,,,,True,split seed 202; operational folder taxonomy kept verbatim (naming caveat M2 not remapped)
methodology_v2.part2.v1,2,MAFAULDA,train,mafaulda_imbalance_10g_28.672,mafaulda_imbalance_10g,imbalance,Imbalance_NON_BEARING,fault_configuration,data/raw_mafaulda/full/imbalance/10g/28.672.csv,50000,1720.32,10g,imbalance,10g,,,mafaulda_imbalance_10g,,,,,,True,split seed 202; operational folder taxonomy kept verbatim (naming caveat M2 not remapped)
methodology_v2.part2.v1,2,MAFAULDA,train,mafaulda_imbalance_10g_29.4912,mafaulda_imbalance_10g,imbalance,Imbalance_NON_BEARING,fault_configuration,data/raw_mafaulda/full/imbalance/10g/29.4912.csv,50000,1769.472,10g,imbalance,10g,,,mafaulda_imbalance_10g,,,,,,True,split seed 202; operational folder taxonomy kept verbatim (naming caveat M2 not remapped)
methodology_v2.part2.v1,2,MAFAULDA,train,mafaulda_imbalance_10g_30.3104,mafaulda_imbalance_10g,imbalance,Imbalance_NON_BEARING,fault_configuration,data/raw_mafaulda/full/imbalance/10g/30.3104.csv,50000,1818.624,10g,imbalance,10g,,,mafaulda_imbalance_10g,,,,,,True,split seed 202; operational folder taxonomy kept verbatim (naming caveat M2 not remapped)
methodology_v2.part2.v1,2,MAFAULDA,train,mafaulda_imbalance_10g_31.744,mafaulda_imbalance_10g,imbalance,Imbalance_NON_BEARING,fault_configuration,data/raw_mafaulda/full/imbalance/10g/31.744.csv,50000,1904.64,10g,imbalance,10g,,,mafaulda_imbalance_10g,,,,,,True,split seed 202; operational folder taxonomy kept verbatim (naming caveat M2 not remapped)
methodology_v2.part2.v1,2,MAFAULDA,train,mafaulda_imbalance_10g_32.768,mafaulda_imbalance_10g,imbalance,Imbalance_NON_BEARING,fault_configuration,data/raw_mafaulda/full/imbalance/10g/32.768.csv,50000,1966.08,10g,imbalance,10g,,,mafaulda_imbalance_10g,,,,,,True,split seed 202; operational folder taxonomy kept verbatim (naming caveat M2 not remapped)
methodology_v2.part2.v1,2,MAFAULDA,train,mafaulda_imbalance_10g_33.5872,mafaulda_imbalance_10g,imbalance,Imbalance_NON_BEARING,fault_configuration,data/raw_mafaulda/full/imbalance/10g/33.5872.csv,50000,2015.232,10g,imbalance,10g,,,mafaulda_imbalance_10g,,,,,,True,split seed 202; operational folder taxonomy kept verbatim (naming caveat M2 not remapped)
methodology_v2.part2.v1,2,MAFAULDA,train,mafaulda_imbalance_10g_34.4064,mafaulda_imbalance_10g,imbalance,Imbalance_NON_BEARING,fault_configuration,data/raw_mafaulda/full/imbalance/10g/34.4064.csv,50000,2064.384,10g,imbalance,10g,,,mafaulda_imbalance_10g,,,,,,True,split seed 202; operational folder taxonomy kept verbatim (naming caveat M2 not remapped)
methodology_v2.part2.v1,2,MAFAULDA,train,mafaulda_imbalance_10g_36.0448,mafaulda_imbalance_10g,imbalance,Imbalance_NON_BEARING,fault_configuration,data/raw_mafaulda/full/imbalance/10g/36.0448.csv,50000,2162.688,10g,imbalance,10g,,,mafaulda_imbalance_10g,,,,,,True,split seed 202; operational folder taxonomy kept verbatim (naming caveat M2 not remapped)
methodology_v2.part2.v1,2,MAFAULDA,train,mafaulda_imbalance_10g_36.864,mafaulda_imbalance_10g,imbalance,Imbalance_NON_BEARING,fault_configuration,data/raw_mafaulda/full/imbalance/10g/36.864.csv,50000,2211.84,10g,imbalance,10g,,,mafaulda_imbalance_10g,,,,,,True,split seed 202; operational folder taxonomy kept verbatim (naming caveat M2 not remapped)
methodology_v2.part2.v1,2,MAFAULDA,train,mafaulda_imbalance_10g_38.5024,mafaulda_imbalance_10g,imbalance,Imbalance_NON_BEARING,fault_configuration,data/raw_mafaulda/full/imbalance/10g/38.5024.csv,50000,2310.144,10g,imbalance,10g,,,mafaulda_imbalance_10g,,,,,,True,split seed 202; operational folder taxonomy kept verbatim (naming caveat M2 not remapped)
methodology_v2.part2.v1,2,MAFAULDA,train,mafaulda_imbalance_10g_39.1168,mafaulda_imbalance_10g,imbalance,Imbalance_NON_BEARING,fault_configuration,data/raw_mafaulda/full/imbalance/10g/39.1168.csv,50000,2347.008,10g,imbalance,10g,,,mafaulda_imbalance_10g,,,,,,True,split seed 202; operational folder taxonomy kept verbatim (naming caveat M2 not remapped)
methodology_v2.part2.v1,2,MAFAULDA,train,mafaulda_imbalance_10g_40.5504,mafaulda_imbalance_10g,imbalance,Imbalance_NON_BEARING,fault_configuration,data/raw_mafaulda/full/imbalance/10g/40.5504.csv,50000,2433.0240000000003,10g,imbalance,10g,,,mafaulda_imbalance_10g,,,,,,True,split seed 202; operational folder taxonomy kept verbatim (naming caveat M2 not remapped)
methodology_v2.part2.v1,2,MAFAULDA,train,mafaulda_imbalance_10g_41.7792,mafaulda_imbalance_10g,imbalance,Imbalance_NON_BEARING,fault_configuration,data/raw_mafaulda/full/imbalance/10g/41.7792.csv,50000,2506.7520000000004,10g,imbalance,10g,,,mafaulda_imbalance_10g,,,,,,True,split seed 202; operational folder taxonomy kept verbatim (naming caveat M2 not remapped)
methodology_v2.part2.v1,2,MAFAULDA,train,mafaulda_imbalance_10g_42.1888,mafaulda_imbalance_10g,imbalance,Imbalance_NON_BEARING,fault_configuration,data/raw_mafaulda/full/imbalance/10g/42.1888.csv,50000,2531.328,10g,imbalance,10g,,,mafaulda_imbalance_10g,,,,,,True,split seed 202; operational folder taxonomy kept verbatim (naming caveat M2 not remapped)
methodology_v2.part2.v1,2,MAFAULDA,train,mafaulda_imbalance_10g_43.2128,mafaulda_imbalance_10g,imbalance,Imbalance_NON_BEARING,fault_configuration,data/raw_mafaulda/full/imbalance/10g/43.2128.csv,50000,2592.768,10g,imbalance,10g,,,mafaulda_imbalance_10g,,,,,,True,split seed 202; operational folder taxonomy kept verbatim (naming caveat M2 not remapped)
methodology_v2.part2.v1,2,MAFAULDA,train,mafaulda_imbalance_10g_44.6464,mafaulda_imbalance_10g,imbalance,Imbalance_NON_BEARING,fault_configuration,data/raw_mafaulda/full/imbalance/10g/44.6464.csv,50000,2678.784,10g,imbalance,10g,,,mafaulda_imbalance_10g,,,,,,True,split seed 202; operational folder taxonomy kept verbatim (naming caveat M2 not remapped)
methodology_v2.part2.v1,2,MAFAULDA,train,mafaulda_imbalance_10g_45.4656,mafaulda_imbalance_10g,imbalance,Imbalance_NON_BEARING,fault_configuration,data/raw_mafaulda/full/imbalance/10g/45.4656.csv,50000,2727.936,10g,imbalance,10g,,,mafaulda_imbalance_10g,,,,,,True,split seed 202; operational folder taxonomy kept verbatim (naming caveat M2 not remapped)
methodology_v2.part2.v1,2,MAFAULDA,train,mafaulda_imbalance_10g_46.08,mafaulda_imbalance_10g,imbalance,Imbalance_NON_BEARING,fault_configuration,data/raw_mafaulda/full/imbalance/10g/46.08.csv,50000,2764.8,10g,imbalance,10g,,,mafaulda_imbalance_10g,,,,,,True,split seed 202; operational folder taxonomy kept verbatim (naming caveat M2 not remapped)
methodology_v2.part2.v1,2,MAFAULDA,train,mafaulda_imbalance_10g_47.5136,mafaulda_imbalance_10g,imbalance,Imbalance_NON_BEARING,fault_configuration,data/raw_mafaulda/full/imbalance/10g/47.5136.csv,50000,2850.816,10g,imbalance,10g,,,mafaulda_imbalance_10g,,,,,,True,split seed 202; operational folder taxonomy kept verbatim (naming caveat M2 not remapped)
methodology_v2.part2.v1,2,MAFAULDA,train,mafaulda_imbalance_10g_48.5376,mafaulda_imbalance_10g,imbalance,Imbalance_NON_BEARING,fault_configuration,data/raw_mafaulda/full/imbalance/10g/48.5376.csv,50000,2912.256,10g,imbalance,10g,,,mafaulda_imbalance_10g,,,,,,True,split seed 202; operational folder taxonomy kept verbatim (naming caveat M2 not remapped)
methodology_v2.part2.v1,2,MAFAULDA,train,mafaulda_imbalance_10g_49.9712,mafaulda_imbalance_10g,imbalance,Imbalance_NON_BEARING,fault_configuration,data/raw_mafaulda/full/imbalance/10g/49.9712.csv,50000,2998.2720000000004,10g,imbalance,10g,,,mafaulda_imbalance_10g,,,,,,True,split seed 202; operational folder taxonomy kept verbatim (naming caveat M2 not remapped)
methodology_v2.part2.v1,2,MAFAULDA,train,mafaulda_imbalance_10g_50.5856,mafaulda_imbalance_10g,imbalance,Imbalance_NON_BEARING,fault_configuration,data/raw_mafaulda/full/imbalance/10g/50.5856.csv,50000,3035.136,10g,imbalance,10g,,,mafaulda_imbalance_10g,,,,,,True,split seed 202; operational folder taxonomy kept verbatim (naming caveat M2 not remapped)
methodology_v2.part2.v1,2,MAFAULDA,train,mafaulda_imbalance_10g_51.4048,mafaulda_imbalance_10g,imbalance,Imbalance_NON_BEARING,fault_configuration,data/raw_mafaulda/full/imbalance/10g/51.4048.csv,50000,3084.288,10g,imbalance,10g,,,mafaulda_imbalance_10g,,,,,,True,split seed 202; operational folder taxonomy kept verbatim (naming caveat M2 not remapped)
methodology_v2.part2.v1,2,MAFAULDA,train,mafaulda_imbalance_10g_52.6336,mafaulda_imbalance_10g,imbalance,Imbalance_NON_BEARING,fault_configuration,data/raw_mafaulda/full/imbalance/10g/52.6336.csv,50000,3158.016,10g,imbalance,10g,,,mafaulda_imbalance_10g,,,,,,True,split seed 202; operational folder taxonomy kept verbatim (naming caveat M2 not remapped)
methodology_v2.part2.v1,2,MAFAULDA,train,mafaulda_imbalance_10g_53.8624,mafaulda_imbalance_10g,imbalance,Imbalance_NON_BEARING,fault_configuration,data/raw_mafaulda/full/imbalance/10g/53.8624.csv,50000,3231.744,10g,imbalance,10g,,,mafaulda_imbalance_10g,,,,,,True,split seed 202; operational folder taxonomy kept verbatim (naming caveat M2 not remapped)
methodology_v2.part2.v1,2,MAFAULDA,train,mafaulda_imbalance_10g_55.0912,mafaulda_imbalance_10g,imbalance,Imbalance_NON_BEARING,fault_configuration,data/raw_mafaulda/full/imbalance/10g/55.0912.csv,50000,3305.472,10g,imbalance,10g,,,mafaulda_imbalance_10g,,,,,,True,split seed 202; operational folder taxonomy kept verbatim (naming caveat M2 not remapped)
methodology_v2.part2.v1,2,MAFAULDA,train,mafaulda_imbalance_10g_55.9104,mafaulda_imbalance_10g,imbalance,Imbalance_NON_BEARING,fault_configuration,data/raw_mafaulda/full/imbalance/10g/55.9104.csv,50000,3354.6240000000003,10g,imbalance,10g,,,mafaulda_imbalance_10g,,,,,,True,split seed 202; operational folder taxonomy kept verbatim (naming caveat M2 not remapped)
methodology_v2.part2.v1,2,MAFAULDA,train,mafaulda_imbalance_10g_56.9344,mafaulda_imbalance_10g,imbalance,Imbalance_NON_BEARING,fault_configuration,data/raw_mafaulda/full/imbalance/10g/56.9344.csv,50000,3416.064,10g,imbalance,10g,,,mafaulda_imbalance_10g,,,,,,True,split seed 202; operational folder taxonomy kept verbatim (naming caveat M2 not remapped)
methodology_v2.part2.v1,2,MAFAULDA,train,mafaulda_imbalance_10g_57.9584,mafaulda_imbalance_10g,imbalance,Imbalance_NON_BEARING,fault_configuration,data/raw_mafaulda/full/imbalance/10g/57.9584.csv,50000,3477.504,10g,imbalance,10g,,,mafaulda_imbalance_10g,,,,,,True,split seed 202; operational folder taxonomy kept verbatim (naming caveat M2 not remapped)
methodology_v2.part2.v1,2,MAFAULDA,train,mafaulda_imbalance_10g_59.1872,mafaulda_imbalance_10g,imbalance,Imbalance_NON_BEARING,fault_configuration,data/raw_mafaulda/full/imbalance/10g/59.1872.csv,50000,3551.232,10g,imbalance,10g,,,mafaulda_imbalance_10g,,,,,,True,split seed 202; operational folder taxonomy kept verbatim (naming caveat M2 not remapped)
methodology_v2.part2.v1,2,MAFAULDA,train,mafaulda_imbalance_10g_60.0064,mafaulda_imbalance_10g,imbalance,Imbalance_NON_BEARING,fault_configuration,data/raw_mafaulda/full/imbalance/10g/60.0064.csv,50000,3600.384,10g,imbalance,10g,,,mafaulda_imbalance_10g,,,,,,True,split seed 202; operational folder taxonomy kept verbatim (naming caveat M2 not remapped)
methodology_v2.part2.v1,2,MAFAULDA,train,mafaulda_imbalance_10g_61.0304,mafaulda_imbalance_10g,imbalance,Imbalance_NON_BEARING,fault_configuration,data/raw_mafaulda/full/imbalance/10g/61.0304.csv,50000,3661.824,10g,imbalance,10g,,,mafaulda_imbalance_10g,,,,,,True,split seed 202; operational folder taxonomy kept verbatim (naming caveat M2 not remapped)
methodology_v2.part2.v1,2,MAFAULDA,train,mafaulda_imbalance_10g_61.8496,mafaulda_imbalance_10g,imbalance,Imbalance_NON_BEARING,fault_configuration,data/raw_mafaulda/full/imbalance/10g/61.8496.csv,50000,3710.976,10g,imbalance,10g,,,mafaulda_imbalance_10g,,,,,,True,split seed 202; operational folder taxonomy kept verbatim (naming caveat M2 not remapped)
methodology_v2.part2.v1,2,MAFAULDA,validation,mafaulda_imbalance_15g_13.312,mafaulda_imbalance_15g,imbalance,Imbalance_NON_BEARING,fault_configuration,data/raw_mafaulda/full/imbalance/15g/13.312.csv,50000,798.7199999999999,15g,imbalance,15g,,,mafaulda_imbalance_15g,,,,,,True,split seed 202; operational folder taxonomy kept verbatim (naming caveat M2 not remapped)
methodology_v2.part2.v1,2,MAFAULDA,validation,mafaulda_imbalance_15g_14.5408,mafaulda_imbalance_15g,imbalance,Imbalance_NON_BEARING,fault_configuration,data/raw_mafaulda/full/imbalance/15g/14.5408.csv,50000,872.4480000000001,15g,imbalance,15g,,,mafaulda_imbalance_15g,,,,,,True,split seed 202; operational folder taxonomy kept verbatim (naming caveat M2 not remapped)
methodology_v2.part2.v1,2,MAFAULDA,validation,mafaulda_imbalance_15g_15.5648,mafaulda_imbalance_15g,imbalance,Imbalance_NON_BEARING,fault_configuration,data/raw_mafaulda/full/imbalance/15g/15.5648.csv,50000,933.888,15g,imbalance,15g,,,mafaulda_imbalance_15g,,,,,,True,split seed 202; operational folder taxonomy kept verbatim (naming caveat M2 not remapped)
methodology_v2.part2.v1,2,MAFAULDA,validation,mafaulda_imbalance_15g_16.9984,mafaulda_imbalance_15g,imbalance,Imbalance_NON_BEARING,fault_configuration,data/raw_mafaulda/full/imbalance/15g/16.9984.csv,50000,1019.904,15g,imbalance,15g,,,mafaulda_imbalance_15g,,,,,,True,split seed 202; operational folder taxonomy kept verbatim (naming caveat M2 not remapped)
methodology_v2.part2.v1,2,MAFAULDA,validation,mafaulda_imbalance_15g_17.8176,mafaulda_imbalance_15g,imbalance,Imbalance_NON_BEARING,fault_configuration,data/raw_mafaulda/full/imbalance/15g/17.8176.csv,50000,1069.056,15g,imbalance,15g,,,mafaulda_imbalance_15g,,,,,,True,split seed 202; operational folder taxonomy kept verbatim (naming caveat M2 not remapped)
methodology_v2.part2.v1,2,MAFAULDA,validation,mafaulda_imbalance_15g_18.6368,mafaulda_imbalance_15g,imbalance,Imbalance_NON_BEARING,fault_configuration,data/raw_mafaulda/full/imbalance/15g/18.6368.csv,50000,1118.208,15g,imbalance,15g,,,mafaulda_imbalance_15g,,,,,,True,split seed 202; operational folder taxonomy kept verbatim (naming caveat M2 not remapped)
methodology_v2.part2.v1,2,MAFAULDA,validation,mafaulda_imbalance_15g_19.6608,mafaulda_imbalance_15g,imbalance,Imbalance_NON_BEARING,fault_configuration,data/raw_mafaulda/full/imbalance/15g/19.6608.csv,50000,1179.648,15g,imbalance,15g,,,mafaulda_imbalance_15g,,,,,,True,split seed 202; operational folder taxonomy kept verbatim (naming caveat M2 not remapped)
methodology_v2.part2.v1,2,MAFAULDA,validation,mafaulda_imbalance_15g_20.8896,mafaulda_imbalance_15g,imbalance,Imbalance_NON_BEARING,fault_configuration,data/raw_mafaulda/full/imbalance/15g/20.8896.csv,50000,1253.3760000000002,15g,imbalance,15g,,,mafaulda_imbalance_15g,,,,,,True,split seed 202; operational folder taxonomy kept verbatim (naming caveat M2 not remapped)
methodology_v2.part2.v1,2,MAFAULDA,validation,mafaulda_imbalance_15g_21.0944,mafaulda_imbalance_15g,imbalance,Imbalance_NON_BEARING,fault_configuration,data/raw_mafaulda/full/imbalance/15g/21.0944.csv,50000,1265.664,15g,imbalance,15g,,,mafaulda_imbalance_15g,,,,,,True,split seed 202; operational folder taxonomy kept verbatim (naming caveat M2 not remapped)
methodology_v2.part2.v1,2,MAFAULDA,validation,mafaulda_imbalance_15g_22.3232,mafaulda_imbalance_15g,imbalance,Imbalance_NON_BEARING,fault_configuration,data/raw_mafaulda/full/imbalance/15g/22.3232.csv,50000,1339.392,15g,imbalance,15g,,,mafaulda_imbalance_15g,,,,,,True,split seed 202; operational folder taxonomy kept verbatim (naming caveat M2 not remapped)
methodology_v2.part2.v1,2,MAFAULDA,validation,mafaulda_imbalance_15g_23.3472,mafaulda_imbalance_15g,imbalance,Imbalance_NON_BEARING,fault_configuration,data/raw_mafaulda/full/imbalance/15g/23.3472.csv,50000,1400.832,15g,imbalance,15g,,,mafaulda_imbalance_15g,,,,,,True,split seed 202; operational folder taxonomy kept verbatim (naming caveat M2 not remapped)
methodology_v2.part2.v1,2,MAFAULDA,validation,mafaulda_imbalance_15g_24.576,mafaulda_imbalance_15g,imbalance,Imbalance_NON_BEARING,fault_configuration,data/raw_mafaulda/full/imbalance/15g/24.576.csv,50000,1474.56,15g,imbalance,15g,,,mafaulda_imbalance_15g,,,,,,True,split seed 202; operational folder taxonomy kept verbatim (naming caveat M2 not remapped)
methodology_v2.part2.v1,2,MAFAULDA,validation,mafaulda_imbalance_15g_25.8048,mafaulda_imbalance_15g,imbalance,Imbalance_NON_BEARING,fault_configuration,data/raw_mafaulda/full/imbalance/15g/25.8048.csv,50000,1548.288,15g,imbalance,15g,,,mafaulda_imbalance_15g,,,,,,True,split seed 202; operational folder taxonomy kept verbatim (naming caveat M2 not remapped)
methodology_v2.part2.v1,2,MAFAULDA,validation,mafaulda_imbalance_15g_26.624,mafaulda_imbalance_15g,imbalance,Imbalance_NON_BEARING,fault_configuration,data/raw_mafaulda/full/imbalance/15g/26.624.csv,50000,1597.4399999999998,15g,imbalance,15g,,,mafaulda_imbalance_15g,,,,,,True,split seed 202; operational folder taxonomy kept verbatim (naming caveat M2 not remapped)
methodology_v2.part2.v1,2,MAFAULDA,validation,mafaulda_imbalance_15g_27.8528,mafaulda_imbalance_15g,imbalance,Imbalance_NON_BEARING,fault_configuration,data/raw_mafaulda/full/imbalance/15g/27.8528.csv,50000,1671.168,15g,imbalance,15g,,,mafaulda_imbalance_15g,,,,,,True,split seed 202; operational folder taxonomy kept verbatim (naming caveat M2 not remapped)
methodology_v2.part2.v1,2,MAFAULDA,validation,mafaulda_imbalance_15g_28.672,mafaulda_imbalance_15g,imbalance,Imbalance_NON_BEARING,fault_configuration,data/raw_mafaulda/full/imbalance/15g/28.672.csv,50000,1720.32,15g,imbalance,15g,,,mafaulda_imbalance_15g,,,,,,True,split seed 202; operational folder taxonomy kept verbatim (naming caveat M2 not remapped)
methodology_v2.part2.v1,2,MAFAULDA,validation,mafaulda_imbalance_15g_29.696,mafaulda_imbalance_15g,imbalance,Imbalance_NON_BEARING,fault_configuration,data/raw_mafaulda/full/imbalance/15g/29.696.csv,50000,1781.76,15g,imbalance,15g,,,mafaulda_imbalance_15g,,,,,,True,split seed 202; operational folder taxonomy kept verbatim (naming caveat M2 not remapped)
methodology_v2.part2.v1,2,MAFAULDA,validation,mafaulda_imbalance_15g_30.9248,mafaulda_imbalance_15g,imbalance,Imbalance_NON_BEARING,fault_configuration,data/raw_mafaulda/full/imbalance/15g/30.9248.csv,50000,1855.488,15g,imbalance,15g,,,mafaulda_imbalance_15g,,,,,,True,split seed 202; operational folder taxonomy kept verbatim (naming caveat M2 not remapped)
methodology_v2.part2.v1,2,MAFAULDA,validation,mafaulda_imbalance_15g_31.744,mafaulda_imbalance_15g,imbalance,Imbalance_NON_BEARING,fault_configuration,data/raw_mafaulda/full/imbalance/15g/31.744.csv,50000,1904.64,15g,imbalance,15g,,,mafaulda_imbalance_15g,,,,,,True,split seed 202; operational folder taxonomy kept verbatim (naming caveat M2 not remapped)
methodology_v2.part2.v1,2,MAFAULDA,validation,mafaulda_imbalance_15g_33.5872,mafaulda_imbalance_15g,imbalance,Imbalance_NON_BEARING,fault_configuration,data/raw_mafaulda/full/imbalance/15g/33.5872.csv,50000,2015.232,15g,imbalance,15g,,,mafaulda_imbalance_15g,,,,,,True,split seed 202; operational folder taxonomy kept verbatim (naming caveat M2 not remapped)
methodology_v2.part2.v1,2,MAFAULDA,validation,mafaulda_imbalance_15g_34.816,mafaulda_imbalance_15g,imbalance,Imbalance_NON_BEARING,fault_configuration,data/raw_mafaulda/full/imbalance/15g/34.816.csv,50000,2088.96,15g,imbalance,15g,,,mafaulda_imbalance_15g,,,,,,True,split seed 202; operational folder taxonomy kept verbatim (naming caveat M2 not remapped)
methodology_v2.part2.v1,2,MAFAULDA,validation,mafaulda_imbalance_15g_36.0448,mafaulda_imbalance_15g,imbalance,Imbalance_NON_BEARING,fault_configuration,data/raw_mafaulda/full/imbalance/15g/36.0448.csv,50000,2162.688,15g,imbalance,15g,,,mafaulda_imbalance_15g,,,,,,True,split seed 202; operational folder taxonomy kept verbatim (naming caveat M2 not remapped)
methodology_v2.part2.v1,2,MAFAULDA,validation,mafaulda_imbalance_15g_37.0688,mafaulda_imbalance_15g,imbalance,Imbalance_NON_BEARING,fault_configuration,data/raw_mafaulda/full/imbalance/15g/37.0688.csv,50000,2224.128,15g,imbalance,15g,,,mafaulda_imbalance_15g,,,,,,True,split seed 202; operational folder taxonomy kept verbatim (naming caveat M2 not remapped)
methodology_v2.part2.v1,2,MAFAULDA,validation,mafaulda_imbalance_15g_37.4784,mafaulda_imbalance_15g,imbalance,Imbalance_NON_BEARING,fault_configuration,data/raw_mafaulda/full/imbalance/15g/37.4784.csv,50000,2248.704,15g,imbalance,15g,,,mafaulda_imbalance_15g,,,,,,True,split seed 202; operational folder taxonomy kept verbatim (naming caveat M2 not remapped)
methodology_v2.part2.v1,2,MAFAULDA,validation,mafaulda_imbalance_15g_38.5024,mafaulda_imbalance_15g,imbalance,Imbalance_NON_BEARING,fault_configuration,data/raw_mafaulda/full/imbalance/15g/38.5024.csv,50000,2310.144,15g,imbalance,15g,,,mafaulda_imbalance_15g,,,,,,True,split seed 202; operational folder taxonomy kept verbatim (naming caveat M2 not remapped)
methodology_v2.part2.v1,2,MAFAULDA,validation,mafaulda_imbalance_15g_39.3216,mafaulda_imbalance_15g,imbalance,Imbalance_NON_BEARING,fault_configuration,data/raw_mafaulda/full/imbalance/15g/39.3216.csv,50000,2359.296,15g,imbalance,15g,,,mafaulda_imbalance_15g,,,,,,True,split seed 202; operational folder taxonomy kept verbatim (naming caveat M2 not remapped)
methodology_v2.part2.v1,2,MAFAULDA,validation,mafaulda_imbalance_15g_40.1408,mafaulda_imbalance_15g,imbalance,Imbalance_NON_BEARING,fault_configuration,data/raw_mafaulda/full/imbalance/15g/40.1408.csv,50000,2408.448,15g,imbalance,15g,,,mafaulda_imbalance_15g,,,,,,True,split seed 202; operational folder taxonomy kept verbatim (naming caveat M2 not remapped)
methodology_v2.part2.v1,2,MAFAULDA,validation,mafaulda_imbalance_15g_41.7792,mafaulda_imbalance_15g,imbalance,Imbalance_NON_BEARING,fault_configuration,data/raw_mafaulda/full/imbalance/15g/41.7792.csv,50000,2506.7520000000004,15g,imbalance,15g,,,mafaulda_imbalance_15g,,,,,,True,split seed 202; operational folder taxonomy kept verbatim (naming caveat M2 not remapped)
methodology_v2.part2.v1,2,MAFAULDA,validation,mafaulda_imbalance_15g_42.3936,mafaulda_imbalance_15g,imbalance,Imbalance_NON_BEARING,fault_configuration,data/raw_mafaulda/full/imbalance/15g/42.3936.csv,50000,2543.616,15g,imbalance,15g,,,mafaulda_imbalance_15g,,,,,,True,split seed 202; operational folder taxonomy kept verbatim (naming caveat M2 not remapped)
methodology_v2.part2.v1,2,MAFAULDA,validation,mafaulda_imbalance_15g_43.6224,mafaulda_imbalance_15g,imbalance,Imbalance_NON_BEARING,fault_configuration,data/raw_mafaulda/full/imbalance/15g/43.6224.csv,50000,2617.344,15g,imbalance,15g,,,mafaulda_imbalance_15g,,,,,,True,split seed 202; operational folder taxonomy kept verbatim (naming caveat M2 not remapped)
methodology_v2.part2.v1,2,MAFAULDA,validation,mafaulda_imbalance_15g_44.4416,mafaulda_imbalance_15g,imbalance,Imbalance_NON_BEARING,fault_configuration,data/raw_mafaulda/full/imbalance/15g/44.4416.csv,50000,2666.496,15g,imbalance,15g,,,mafaulda_imbalance_15g,,,,,,True,split seed 202; operational folder taxonomy kept verbatim (naming caveat M2 not remapped)
methodology_v2.part2.v1,2,MAFAULDA,validation,mafaulda_imbalance_15g_45.8752,mafaulda_imbalance_15g,imbalance,Imbalance_NON_BEARING,fault_configuration,data/raw_mafaulda/full/imbalance/15g/45.8752.csv,50000,2752.512,15g,imbalance,15g,,,mafaulda_imbalance_15g,,,,,,True,split seed 202; operational folder taxonomy kept verbatim (naming caveat M2 not remapped)
methodology_v2.part2.v1,2,MAFAULDA,validation,mafaulda_imbalance_15g_46.4896,mafaulda_imbalance_15g,imbalance,Imbalance_NON_BEARING,fault_configuration,data/raw_mafaulda/full/imbalance/15g/46.4896.csv,50000,2789.376,15g,imbalance,15g,,,mafaulda_imbalance_15g,,,,,,True,split seed 202; operational folder taxonomy kept verbatim (naming caveat M2 not remapped)
methodology_v2.part2.v1,2,MAFAULDA,validation,mafaulda_imbalance_15g_47.5136,mafaulda_imbalance_15g,imbalance,Imbalance_NON_BEARING,fault_configuration,data/raw_mafaulda/full/imbalance/15g/47.5136.csv,50000,2850.816,15g,imbalance,15g,,,mafaulda_imbalance_15g,,,,,,True,split seed 202; operational folder taxonomy kept verbatim (naming caveat M2 not remapped)
methodology_v2.part2.v1,2,MAFAULDA,validation,mafaulda_imbalance_15g_48.5376,mafaulda_imbalance_15g,imbalance,Imbalance_NON_BEARING,fault_configuration,data/raw_mafaulda/full/imbalance/15g/48.5376.csv,50000,2912.256,15g,imbalance,15g,,,mafaulda_imbalance_15g,,,,,,True,split seed 202; operational folder taxonomy kept verbatim (naming caveat M2 not remapped)
methodology_v2.part2.v1,2,MAFAULDA,validation,mafaulda_imbalance_15g_49.5616,mafaulda_imbalance_15g,imbalance,Imbalance_NON_BEARING,fault_configuration,data/raw_mafaulda/full/imbalance/15g/49.5616.csv,50000,2973.696,15g,imbalance,15g,,,mafaulda_imbalance_15g,,,,,,True,split seed 202; operational folder taxonomy kept verbatim (naming caveat M2 not remapped)
methodology_v2.part2.v1,2,MAFAULDA,validation,mafaulda_imbalance_15g_50.7904,mafaulda_imbalance_15g,imbalance,Imbalance_NON_BEARING,fault_configuration,data/raw_mafaulda/full/imbalance/15g/50.7904.csv,50000,3047.424,15g,imbalance,15g,,,mafaulda_imbalance_15g,,,,,,True,split seed 202; operational folder taxonomy kept verbatim (naming caveat M2 not remapped)
methodology_v2.part2.v1,2,MAFAULDA,validation,mafaulda_imbalance_15g_51.4048,mafaulda_imbalance_15g,imbalance,Imbalance_NON_BEARING,fault_configuration,data/raw_mafaulda/full/imbalance/15g/51.4048.csv,50000,3084.288,15g,imbalance,15g,,,mafaulda_imbalance_15g,,,,,,True,split seed 202; operational folder taxonomy kept verbatim (naming caveat M2 not remapped)
methodology_v2.part2.v1,2,MAFAULDA,validation,mafaulda_imbalance_15g_52.6336,mafaulda_imbalance_15g,imbalance,Imbalance_NON_BEARING,fault_configuration,data/raw_mafaulda/full/imbalance/15g/52.6336.csv,50000,3158.016,15g,imbalance,15g,,,mafaulda_imbalance_15g,,,,,,True,split seed 202; operational folder taxonomy kept verbatim (naming caveat M2 not remapped)
methodology_v2.part2.v1,2,MAFAULDA,validation,mafaulda_imbalance_15g_53.8624,mafaulda_imbalance_15g,imbalance,Imbalance_NON_BEARING,fault_configuration,data/raw_mafaulda/full/imbalance/15g/53.8624.csv,50000,3231.744,15g,imbalance,15g,,,mafaulda_imbalance_15g,,,,,,True,split seed 202; operational folder taxonomy kept verbatim (naming caveat M2 not remapped)
methodology_v2.part2.v1,2,MAFAULDA,validation,mafaulda_imbalance_15g_54.6816,mafaulda_imbalance_15g,imbalance,Imbalance_NON_BEARING,fault_configuration,data/raw_mafaulda/full/imbalance/15g/54.6816.csv,50000,3280.896,15g,imbalance,15g,,,mafaulda_imbalance_15g,,,,,,True,split seed 202; operational folder taxonomy kept verbatim (naming caveat M2 not remapped)
methodology_v2.part2.v1,2,MAFAULDA,validation,mafaulda_imbalance_15g_55.7056,mafaulda_imbalance_15g,imbalance,Imbalance_NON_BEARING,fault_configuration,data/raw_mafaulda/full/imbalance/15g/55.7056.csv,50000,3342.336,15g,imbalance,15g,,,mafaulda_imbalance_15g,,,,,,True,split seed 202; operational folder taxonomy kept verbatim (naming caveat M2 not remapped)
methodology_v2.part2.v1,2,MAFAULDA,validation,mafaulda_imbalance_15g_56.9344,mafaulda_imbalance_15g,imbalance,Imbalance_NON_BEARING,fault_configuration,data/raw_mafaulda/full/imbalance/15g/56.9344.csv,50000,3416.064,15g,imbalance,15g,,,mafaulda_imbalance_15g,,,,,,True,split seed 202; operational folder taxonomy kept verbatim (naming caveat M2 not remapped)
methodology_v2.part2.v1,2,MAFAULDA,validation,mafaulda_imbalance_15g_58.1632,mafaulda_imbalance_15g,imbalance,Imbalance_NON_BEARING,fault_configuration,data/raw_mafaulda/full/imbalance/15g/58.1632.csv,50000,3489.7920000000004,15g,imbalance,15g,,,mafaulda_imbalance_15g,,,,,,True,split seed 202; operational folder taxonomy kept verbatim (naming caveat M2 not remapped)
methodology_v2.part2.v1,2,MAFAULDA,validation,mafaulda_imbalance_15g_58.5728,mafaulda_imbalance_15g,imbalance,Imbalance_NON_BEARING,fault_configuration,data/raw_mafaulda/full/imbalance/15g/58.5728.csv,50000,3514.368,15g,imbalance,15g,,,mafaulda_imbalance_15g,,,,,,True,split seed 202; operational folder taxonomy kept verbatim (naming caveat M2 not remapped)
methodology_v2.part2.v1,2,MAFAULDA,validation,mafaulda_imbalance_15g_59.392,mafaulda_imbalance_15g,imbalance,Imbalance_NON_BEARING,fault_configuration,data/raw_mafaulda/full/imbalance/15g/59.392.csv,50000,3563.52,15g,imbalance,15g,,,mafaulda_imbalance_15g,,,,,,True,split seed 202; operational folder taxonomy kept verbatim (naming caveat M2 not remapped)
methodology_v2.part2.v1,2,MAFAULDA,validation,mafaulda_imbalance_15g_60.2112,mafaulda_imbalance_15g,imbalance,Imbalance_NON_BEARING,fault_configuration,data/raw_mafaulda/full/imbalance/15g/60.2112.csv,50000,3612.672,15g,imbalance,15g,,,mafaulda_imbalance_15g,,,,,,True,split seed 202; operational folder taxonomy kept verbatim (naming caveat M2 not remapped)
methodology_v2.part2.v1,2,MAFAULDA,validation,mafaulda_imbalance_15g_61.44,mafaulda_imbalance_15g,imbalance,Imbalance_NON_BEARING,fault_configuration,data/raw_mafaulda/full/imbalance/15g/61.44.csv,50000,3686.4,15g,imbalance,15g,,,mafaulda_imbalance_15g,,,,,,True,split seed 202; operational folder taxonomy kept verbatim (naming caveat M2 not remapped)
methodology_v2.part2.v1,2,MAFAULDA,train,mafaulda_imbalance_20g_13.312,mafaulda_imbalance_20g,imbalance,Imbalance_NON_BEARING,fault_configuration,data/raw_mafaulda/full/imbalance/20g/13.312.csv,50000,798.7199999999999,20g,imbalance,20g,,,mafaulda_imbalance_20g,,,,,,True,split seed 202; operational folder taxonomy kept verbatim (naming caveat M2 not remapped)
methodology_v2.part2.v1,2,MAFAULDA,train,mafaulda_imbalance_20g_14.336,mafaulda_imbalance_20g,imbalance,Imbalance_NON_BEARING,fault_configuration,data/raw_mafaulda/full/imbalance/20g/14.336.csv,50000,860.16,20g,imbalance,20g,,,mafaulda_imbalance_20g,,,,,,True,split seed 202; operational folder taxonomy kept verbatim (naming caveat M2 not remapped)
methodology_v2.part2.v1,2,MAFAULDA,train,mafaulda_imbalance_20g_14.9504,mafaulda_imbalance_20g,imbalance,Imbalance_NON_BEARING,fault_configuration,data/raw_mafaulda/full/imbalance/20g/14.9504.csv,50000,897.024,20g,imbalance,20g,,,mafaulda_imbalance_20g,,,,,,True,split seed 202; operational folder taxonomy kept verbatim (naming caveat M2 not remapped)
methodology_v2.part2.v1,2,MAFAULDA,train,mafaulda_imbalance_20g_16.1792,mafaulda_imbalance_20g,imbalance,Imbalance_NON_BEARING,fault_configuration,data/raw_mafaulda/full/imbalance/20g/16.1792.csv,50000,970.752,20g,imbalance,20g,,,mafaulda_imbalance_20g,,,,,,True,split seed 202; operational folder taxonomy kept verbatim (naming caveat M2 not remapped)
methodology_v2.part2.v1,2,MAFAULDA,train,mafaulda_imbalance_20g_17.408,mafaulda_imbalance_20g,imbalance,Imbalance_NON_BEARING,fault_configuration,data/raw_mafaulda/full/imbalance/20g/17.408.csv,50000,1044.48,20g,imbalance,20g,,,mafaulda_imbalance_20g,,,,,,True,split seed 202; operational folder taxonomy kept verbatim (naming caveat M2 not remapped)
methodology_v2.part2.v1,2,MAFAULDA,train,mafaulda_imbalance_20g_18.2272,mafaulda_imbalance_20g,imbalance,Imbalance_NON_BEARING,fault_configuration,data/raw_mafaulda/full/imbalance/20g/18.2272.csv,50000,1093.632,20g,imbalance,20g,,,mafaulda_imbalance_20g,,,,,,True,split seed 202; operational folder taxonomy kept verbatim (naming caveat M2 not remapped)
methodology_v2.part2.v1,2,MAFAULDA,train,mafaulda_imbalance_20g_19.456,mafaulda_imbalance_20g,imbalance,Imbalance_NON_BEARING,fault_configuration,data/raw_mafaulda/full/imbalance/20g/19.456.csv,50000,1167.36,20g,imbalance,20g,,,mafaulda_imbalance_20g,,,,,,True,split seed 202; operational folder taxonomy kept verbatim (naming caveat M2 not remapped)
methodology_v2.part2.v1,2,MAFAULDA,train,mafaulda_imbalance_20g_20.6848,mafaulda_imbalance_20g,imbalance,Imbalance_NON_BEARING,fault_configuration,data/raw_mafaulda/full/imbalance/20g/20.6848.csv,50000,1241.088,20g,imbalance,20g,,,mafaulda_imbalance_20g,,,,,,True,split seed 202; operational folder taxonomy kept verbatim (naming caveat M2 not remapped)
methodology_v2.part2.v1,2,MAFAULDA,train,mafaulda_imbalance_20g_21.504,mafaulda_imbalance_20g,imbalance,Imbalance_NON_BEARING,fault_configuration,data/raw_mafaulda/full/imbalance/20g/21.504.csv,50000,1290.24,20g,imbalance,20g,,,mafaulda_imbalance_20g,,,,,,True,split seed 202; operational folder taxonomy kept verbatim (naming caveat M2 not remapped)
methodology_v2.part2.v1,2,MAFAULDA,train,mafaulda_imbalance_20g_22.7328,mafaulda_imbalance_20g,imbalance,Imbalance_NON_BEARING,fault_configuration,data/raw_mafaulda/full/imbalance/20g/22.7328.csv,50000,1363.968,20g,imbalance,20g,,,mafaulda_imbalance_20g,,,,,,True,split seed 202; operational folder taxonomy kept verbatim (naming caveat M2 not remapped)
methodology_v2.part2.v1,2,MAFAULDA,train,mafaulda_imbalance_20g_23.552,mafaulda_imbalance_20g,imbalance,Imbalance_NON_BEARING,fault_configuration,data/raw_mafaulda/full/imbalance/20g/23.552.csv,50000,1413.12,20g,imbalance,20g,,,mafaulda_imbalance_20g,,,,,,True,split seed 202; operational folder taxonomy kept verbatim (naming caveat M2 not remapped)
methodology_v2.part2.v1,2,MAFAULDA,train,mafaulda_imbalance_20g_24.7808,mafaulda_imbalance_20g,imbalance,Imbalance_NON_BEARING,fault_configuration,data/raw_mafaulda/full/imbalance/20g/24.7808.csv,50000,1486.848,20g,imbalance,20g,,,mafaulda_imbalance_20g,,,,,,True,split seed 202; operational folder taxonomy kept verbatim (naming caveat M2 not remapped)
methodology_v2.part2.v1,2,MAFAULDA,train,mafaulda_imbalance_20g_25.6,mafaulda_imbalance_20g,imbalance,Imbalance_NON_BEARING,fault_configuration,data/raw_mafaulda/full/imbalance/20g/25.6.csv,50000,1536.0,20g,imbalance,20g,,,mafaulda_imbalance_20g,,,,,,True,split seed 202; operational folder taxonomy kept verbatim (naming caveat M2 not remapped)
methodology_v2.part2.v1,2,MAFAULDA,train,mafaulda_imbalance_20g_26.4192,mafaulda_imbalance_20g,imbalance,Imbalance_NON_BEARING,fault_configuration,data/raw_mafaulda/full/imbalance/20g/26.4192.csv,50000,1585.152,20g,imbalance,20g,,,mafaulda_imbalance_20g,,,,,,True,split seed 202; operational folder taxonomy kept verbatim (naming caveat M2 not remapped)
methodology_v2.part2.v1,2,MAFAULDA,train,mafaulda_imbalance_20g_27.4432,mafaulda_imbalance_20g,imbalance,Imbalance_NON_BEARING,fault_configuration,data/raw_mafaulda/full/imbalance/20g/27.4432.csv,50000,1646.592,20g,imbalance,20g,,,mafaulda_imbalance_20g,,,,,,True,split seed 202; operational folder taxonomy kept verbatim (naming caveat M2 not remapped)
methodology_v2.part2.v1,2,MAFAULDA,train,mafaulda_imbalance_20g_28.4672,mafaulda_imbalance_20g,imbalance,Imbalance_NON_BEARING,fault_configuration,data/raw_mafaulda/full/imbalance/20g/28.4672.csv,50000,1708.032,20g,imbalance,20g,,,mafaulda_imbalance_20g,,,,,,True,split seed 202; operational folder taxonomy kept verbatim (naming caveat M2 not remapped)
methodology_v2.part2.v1,2,MAFAULDA,train,mafaulda_imbalance_20g_29.4912,mafaulda_imbalance_20g,imbalance,Imbalance_NON_BEARING,fault_configuration,data/raw_mafaulda/full/imbalance/20g/29.4912.csv,50000,1769.472,20g,imbalance,20g,,,mafaulda_imbalance_20g,,,,,,True,split seed 202; operational folder taxonomy kept verbatim (naming caveat M2 not remapped)
methodology_v2.part2.v1,2,MAFAULDA,train,mafaulda_imbalance_20g_30.5152,mafaulda_imbalance_20g,imbalance,Imbalance_NON_BEARING,fault_configuration,data/raw_mafaulda/full/imbalance/20g/30.5152.csv,50000,1830.912,20g,imbalance,20g,,,mafaulda_imbalance_20g,,,,,,True,split seed 202; operational folder taxonomy kept verbatim (naming caveat M2 not remapped)
methodology_v2.part2.v1,2,MAFAULDA,train,mafaulda_imbalance_20g_31.5392,mafaulda_imbalance_20g,imbalance,Imbalance_NON_BEARING,fault_configuration,data/raw_mafaulda/full/imbalance/20g/31.5392.csv,50000,1892.352,20g,imbalance,20g,,,mafaulda_imbalance_20g,,,,,,True,split seed 202; operational folder taxonomy kept verbatim (naming caveat M2 not remapped)
methodology_v2.part2.v1,2,MAFAULDA,train,mafaulda_imbalance_20g_32.5632,mafaulda_imbalance_20g,imbalance,Imbalance_NON_BEARING,fault_configuration,data/raw_mafaulda/full/imbalance/20g/32.5632.csv,50000,1953.792,20g,imbalance,20g,,,mafaulda_imbalance_20g,,,,,,True,split seed 202; operational folder taxonomy kept verbatim (naming caveat M2 not remapped)
methodology_v2.part2.v1,2,MAFAULDA,train,mafaulda_imbalance_20g_33.5872,mafaulda_imbalance_20g,imbalance,Imbalance_NON_BEARING,fault_configuration,data/raw_mafaulda/full/imbalance/20g/33.5872.csv,50000,2015.232,20g,imbalance,20g,,,mafaulda_imbalance_20g,,,,,,True,split seed 202; operational folder taxonomy kept verbatim (naming caveat M2 not remapped)
methodology_v2.part2.v1,2,MAFAULDA,train,mafaulda_imbalance_20g_34.6112,mafaulda_imbalance_20g,imbalance,Imbalance_NON_BEARING,fault_configuration,data/raw_mafaulda/full/imbalance/20g/34.6112.csv,50000,2076.672,20g,imbalance,20g,,,mafaulda_imbalance_20g,,,,,,True,split seed 202; operational folder taxonomy kept verbatim (naming caveat M2 not remapped)
methodology_v2.part2.v1,2,MAFAULDA,train,mafaulda_imbalance_20g_36.0448,mafaulda_imbalance_20g,imbalance,Imbalance_NON_BEARING,fault_configuration,data/raw_mafaulda/full/imbalance/20g/36.0448.csv,50000,2162.688,20g,imbalance,20g,,,mafaulda_imbalance_20g,,,,,,True,split seed 202; operational folder taxonomy kept verbatim (naming caveat M2 not remapped)
methodology_v2.part2.v1,2,MAFAULDA,train,mafaulda_imbalance_20g_36.4544,mafaulda_imbalance_20g,imbalance,Imbalance_NON_BEARING,fault_configuration,data/raw_mafaulda/full/imbalance/20g/36.4544.csv,50000,2187.264,20g,imbalance,20g,,,mafaulda_imbalance_20g,,,,,,True,split seed 202; operational folder taxonomy kept verbatim (naming caveat M2 not remapped)
methodology_v2.part2.v1,2,MAFAULDA,train,mafaulda_imbalance_20g_37.888,mafaulda_imbalance_20g,imbalance,Imbalance_NON_BEARING,fault_configuration,data/raw_mafaulda/full/imbalance/20g/37.888.csv,50000,2273.28,20g,imbalance,20g,,,mafaulda_imbalance_20g,,,,,,True,split seed 202; operational folder taxonomy kept verbatim (naming caveat M2 not remapped)
methodology_v2.part2.v1,2,MAFAULDA,train,mafaulda_imbalance_20g_38.7072,mafaulda_imbalance_20g,imbalance,Imbalance_NON_BEARING,fault_configuration,data/raw_mafaulda/full/imbalance/20g/38.7072.csv,50000,2322.432,20g,imbalance,20g,,,mafaulda_imbalance_20g,,,,,,True,split seed 202; operational folder taxonomy kept verbatim (naming caveat M2 not remapped)
methodology_v2.part2.v1,2,MAFAULDA,train,mafaulda_imbalance_20g_39.936,mafaulda_imbalance_20g,imbalance,Imbalance_NON_BEARING,fault_configuration,data/raw_mafaulda/full/imbalance/20g/39.936.csv,50000,2396.16,20g,imbalance,20g,,,mafaulda_imbalance_20g,,,,,,True,split seed 202; operational folder taxonomy kept verbatim (naming caveat M2 not remapped)
methodology_v2.part2.v1,2,MAFAULDA,train,mafaulda_imbalance_20g_40.7552,mafaulda_imbalance_20g,imbalance,Imbalance_NON_BEARING,fault_configuration,data/raw_mafaulda/full/imbalance/20g/40.7552.csv,50000,2445.312,20g,imbalance,20g,,,mafaulda_imbalance_20g,,,,,,True,split seed 202; operational folder taxonomy kept verbatim (naming caveat M2 not remapped)
methodology_v2.part2.v1,2,MAFAULDA,train,mafaulda_imbalance_20g_41.5744,mafaulda_imbalance_20g,imbalance,Imbalance_NON_BEARING,fault_configuration,data/raw_mafaulda/full/imbalance/20g/41.5744.csv,50000,2494.464,20g,imbalance,20g,,,mafaulda_imbalance_20g,,,,,,True,split seed 202; operational folder taxonomy kept verbatim (naming caveat M2 not remapped)
methodology_v2.part2.v1,2,MAFAULDA,train,mafaulda_imbalance_20g_42.3936,mafaulda_imbalance_20g,imbalance,Imbalance_NON_BEARING,fault_configuration,data/raw_mafaulda/full/imbalance/20g/42.3936.csv,50000,2543.616,20g,imbalance,20g,,,mafaulda_imbalance_20g,,,,,,True,split seed 202; operational folder taxonomy kept verbatim (naming caveat M2 not remapped)
methodology_v2.part2.v1,2,MAFAULDA,train,mafaulda_imbalance_20g_43.6224,mafaulda_imbalance_20g,imbalance,Imbalance_NON_BEARING,fault_configuration,data/raw_mafaulda/full/imbalance/20g/43.6224.csv,50000,2617.344,20g,imbalance,20g,,,mafaulda_imbalance_20g,,,,,,True,split seed 202; operational folder taxonomy kept verbatim (naming caveat M2 not remapped)
methodology_v2.part2.v1,2,MAFAULDA,train,mafaulda_imbalance_20g_44.4416,mafaulda_imbalance_20g,imbalance,Imbalance_NON_BEARING,fault_configuration,data/raw_mafaulda/full/imbalance/20g/44.4416.csv,50000,2666.496,20g,imbalance,20g,,,mafaulda_imbalance_20g,,,,,,True,split seed 202; operational folder taxonomy kept verbatim (naming caveat M2 not remapped)
methodology_v2.part2.v1,2,MAFAULDA,train,mafaulda_imbalance_20g_45.4656,mafaulda_imbalance_20g,imbalance,Imbalance_NON_BEARING,fault_configuration,data/raw_mafaulda/full/imbalance/20g/45.4656.csv,50000,2727.936,20g,imbalance,20g,,,mafaulda_imbalance_20g,,,,,,True,split seed 202; operational folder taxonomy kept verbatim (naming caveat M2 not remapped)
methodology_v2.part2.v1,2,MAFAULDA,train,mafaulda_imbalance_20g_46.4896,mafaulda_imbalance_20g,imbalance,Imbalance_NON_BEARING,fault_configuration,data/raw_mafaulda/full/imbalance/20g/46.4896.csv,50000,2789.376,20g,imbalance,20g,,,mafaulda_imbalance_20g,,,,,,True,split seed 202; operational folder taxonomy kept verbatim (naming caveat M2 not remapped)
methodology_v2.part2.v1,2,MAFAULDA,train,mafaulda_imbalance_20g_47.3088,mafaulda_imbalance_20g,imbalance,Imbalance_NON_BEARING,fault_configuration,data/raw_mafaulda/full/imbalance/20g/47.3088.csv,50000,2838.528,20g,imbalance,20g,,,mafaulda_imbalance_20g,,,,,,True,split seed 202; operational folder taxonomy kept verbatim (naming caveat M2 not remapped)
methodology_v2.part2.v1,2,MAFAULDA,train,mafaulda_imbalance_20g_48.3328,mafaulda_imbalance_20g,imbalance,Imbalance_NON_BEARING,fault_configuration,data/raw_mafaulda/full/imbalance/20g/48.3328.csv,50000,2899.968,20g,imbalance,20g,,,mafaulda_imbalance_20g,,,,,,True,split seed 202; operational folder taxonomy kept verbatim (naming caveat M2 not remapped)
methodology_v2.part2.v1,2,MAFAULDA,train,mafaulda_imbalance_20g_49.7664,mafaulda_imbalance_20g,imbalance,Imbalance_NON_BEARING,fault_configuration,data/raw_mafaulda/full/imbalance/20g/49.7664.csv,50000,2985.984,20g,imbalance,20g,,,mafaulda_imbalance_20g,,,,,,True,split seed 202; operational folder taxonomy kept verbatim (naming caveat M2 not remapped)
methodology_v2.part2.v1,2,MAFAULDA,train,mafaulda_imbalance_20g_50.7904,mafaulda_imbalance_20g,imbalance,Imbalance_NON_BEARING,fault_configuration,data/raw_mafaulda/full/imbalance/20g/50.7904.csv,50000,3047.424,20g,imbalance,20g,,,mafaulda_imbalance_20g,,,,,,True,split seed 202; operational folder taxonomy kept verbatim (naming caveat M2 not remapped)
methodology_v2.part2.v1,2,MAFAULDA,train,mafaulda_imbalance_20g_51.6096,mafaulda_imbalance_20g,imbalance,Imbalance_NON_BEARING,fault_configuration,data/raw_mafaulda/full/imbalance/20g/51.6096.csv,50000,3096.576,20g,imbalance,20g,,,mafaulda_imbalance_20g,,,,,,True,split seed 202; operational folder taxonomy kept verbatim (naming caveat M2 not remapped)
methodology_v2.part2.v1,2,MAFAULDA,train,mafaulda_imbalance_20g_52.224,mafaulda_imbalance_20g,imbalance,Imbalance_NON_BEARING,fault_configuration,data/raw_mafaulda/full/imbalance/20g/52.224.csv,50000,3133.44,20g,imbalance,20g,,,mafaulda_imbalance_20g,,,,,,True,split seed 202; operational folder taxonomy kept verbatim (naming caveat M2 not remapped)
methodology_v2.part2.v1,2,MAFAULDA,train,mafaulda_imbalance_20g_53.6576,mafaulda_imbalance_20g,imbalance,Imbalance_NON_BEARING,fault_configuration,data/raw_mafaulda/full/imbalance/20g/53.6576.csv,50000,3219.456,20g,imbalance,20g,,,mafaulda_imbalance_20g,,,,,,True,split seed 202; operational folder taxonomy kept verbatim (naming caveat M2 not remapped)
methodology_v2.part2.v1,2,MAFAULDA,train,mafaulda_imbalance_20g_54.8864,mafaulda_imbalance_20g,imbalance,Imbalance_NON_BEARING,fault_configuration,data/raw_mafaulda/full/imbalance/20g/54.8864.csv,50000,3293.184,20g,imbalance,20g,,,mafaulda_imbalance_20g,,,,,,True,split seed 202; operational folder taxonomy kept verbatim (naming caveat M2 not remapped)
methodology_v2.part2.v1,2,MAFAULDA,train,mafaulda_imbalance_20g_55.0912,mafaulda_imbalance_20g,imbalance,Imbalance_NON_BEARING,fault_configuration,data/raw_mafaulda/full/imbalance/20g/55.0912.csv,50000,3305.472,20g,imbalance,20g,,,mafaulda_imbalance_20g,,,,,,True,split seed 202; operational folder taxonomy kept verbatim (naming caveat M2 not remapped)
methodology_v2.part2.v1,2,MAFAULDA,train,mafaulda_imbalance_20g_56.7296,mafaulda_imbalance_20g,imbalance,Imbalance_NON_BEARING,fault_configuration,data/raw_mafaulda/full/imbalance/20g/56.7296.csv,50000,3403.776,20g,imbalance,20g,,,mafaulda_imbalance_20g,,,,,,True,split seed 202; operational folder taxonomy kept verbatim (naming caveat M2 not remapped)
methodology_v2.part2.v1,2,MAFAULDA,train,mafaulda_imbalance_20g_57.5488,mafaulda_imbalance_20g,imbalance,Imbalance_NON_BEARING,fault_configuration,data/raw_mafaulda/full/imbalance/20g/57.5488.csv,50000,3452.928,20g,imbalance,20g,,,mafaulda_imbalance_20g,,,,,,True,split seed 202; operational folder taxonomy kept verbatim (naming caveat M2 not remapped)
methodology_v2.part2.v1,2,MAFAULDA,train,mafaulda_imbalance_20g_58.5728,mafaulda_imbalance_20g,imbalance,Imbalance_NON_BEARING,fault_configuration,data/raw_mafaulda/full/imbalance/20g/58.5728.csv,50000,3514.368,20g,imbalance,20g,,,mafaulda_imbalance_20g,,,,,,True,split seed 202; operational folder taxonomy kept verbatim (naming caveat M2 not remapped)
methodology_v2.part2.v1,2,MAFAULDA,train,mafaulda_imbalance_20g_59.5968,mafaulda_imbalance_20g,imbalance,Imbalance_NON_BEARING,fault_configuration,data/raw_mafaulda/full/imbalance/20g/59.5968.csv,50000,3575.808,20g,imbalance,20g,,,mafaulda_imbalance_20g,,,,,,True,split seed 202; operational folder taxonomy kept verbatim (naming caveat M2 not remapped)
methodology_v2.part2.v1,2,MAFAULDA,train,mafaulda_imbalance_20g_61.0304,mafaulda_imbalance_20g,imbalance,Imbalance_NON_BEARING,fault_configuration,data/raw_mafaulda/full/imbalance/20g/61.0304.csv,50000,3661.824,20g,imbalance,20g,,,mafaulda_imbalance_20g,,,,,,True,split seed 202; operational folder taxonomy kept verbatim (naming caveat M2 not remapped)
methodology_v2.part2.v1,2,MAFAULDA,train,mafaulda_imbalance_20g_61.2352,mafaulda_imbalance_20g,imbalance,Imbalance_NON_BEARING,fault_configuration,data/raw_mafaulda/full/imbalance/20g/61.2352.csv,50000,3674.112,20g,imbalance,20g,,,mafaulda_imbalance_20g,,,,,,True,split seed 202; operational folder taxonomy kept verbatim (naming caveat M2 not remapped)
methodology_v2.part2.v1,2,MAFAULDA,train,mafaulda_imbalance_25g_12.288,mafaulda_imbalance_25g,imbalance,Imbalance_NON_BEARING,fault_configuration,data/raw_mafaulda/full/imbalance/25g/12.288.csv,50000,737.28,25g,imbalance,25g,,,mafaulda_imbalance_25g,,,,,,True,split seed 202; operational folder taxonomy kept verbatim (naming caveat M2 not remapped)
methodology_v2.part2.v1,2,MAFAULDA,train,mafaulda_imbalance_25g_13.7216,mafaulda_imbalance_25g,imbalance,Imbalance_NON_BEARING,fault_configuration,data/raw_mafaulda/full/imbalance/25g/13.7216.csv,50000,823.296,25g,imbalance,25g,,,mafaulda_imbalance_25g,,,,,,True,split seed 202; operational folder taxonomy kept verbatim (naming caveat M2 not remapped)
methodology_v2.part2.v1,2,MAFAULDA,train,mafaulda_imbalance_25g_15.1552,mafaulda_imbalance_25g,imbalance,Imbalance_NON_BEARING,fault_configuration,data/raw_mafaulda/full/imbalance/25g/15.1552.csv,50000,909.312,25g,imbalance,25g,,,mafaulda_imbalance_25g,,,,,,True,split seed 202; operational folder taxonomy kept verbatim (naming caveat M2 not remapped)
methodology_v2.part2.v1,2,MAFAULDA,train,mafaulda_imbalance_25g_15.7696,mafaulda_imbalance_25g,imbalance,Imbalance_NON_BEARING,fault_configuration,data/raw_mafaulda/full/imbalance/25g/15.7696.csv,50000,946.176,25g,imbalance,25g,,,mafaulda_imbalance_25g,,,,,,True,split seed 202; operational folder taxonomy kept verbatim (naming caveat M2 not remapped)
methodology_v2.part2.v1,2,MAFAULDA,train,mafaulda_imbalance_25g_16.9984,mafaulda_imbalance_25g,imbalance,Imbalance_NON_BEARING,fault_configuration,data/raw_mafaulda/full/imbalance/25g/16.9984.csv,50000,1019.904,25g,imbalance,25g,,,mafaulda_imbalance_25g,,,,,,True,split seed 202; operational folder taxonomy kept verbatim (naming caveat M2 not remapped)
methodology_v2.part2.v1,2,MAFAULDA,train,mafaulda_imbalance_25g_17.6128,mafaulda_imbalance_25g,imbalance,Imbalance_NON_BEARING,fault_configuration,data/raw_mafaulda/full/imbalance/25g/17.6128.csv,50000,1056.768,25g,imbalance,25g,,,mafaulda_imbalance_25g,,,,,,True,split seed 202; operational folder taxonomy kept verbatim (naming caveat M2 not remapped)
methodology_v2.part2.v1,2,MAFAULDA,train,mafaulda_imbalance_25g_18.432,mafaulda_imbalance_25g,imbalance,Imbalance_NON_BEARING,fault_configuration,data/raw_mafaulda/full/imbalance/25g/18.432.csv,50000,1105.9199999999998,25g,imbalance,25g,,,mafaulda_imbalance_25g,,,,,,True,split seed 202; operational folder taxonomy kept verbatim (naming caveat M2 not remapped)
methodology_v2.part2.v1,2,MAFAULDA,train,mafaulda_imbalance_25g_19.2512,mafaulda_imbalance_25g,imbalance,Imbalance_NON_BEARING,fault_configuration,data/raw_mafaulda/full/imbalance/25g/19.2512.csv,50000,1155.072,25g,imbalance,25g,,,mafaulda_imbalance_25g,,,,,,True,split seed 202; operational folder taxonomy kept verbatim (naming caveat M2 not remapped)
methodology_v2.part2.v1,2,MAFAULDA,train,mafaulda_imbalance_25g_20.6848,mafaulda_imbalance_25g,imbalance,Imbalance_NON_BEARING,fault_configuration,data/raw_mafaulda/full/imbalance/25g/20.6848.csv,50000,1241.088,25g,imbalance,25g,,,mafaulda_imbalance_25g,,,,,,True,split seed 202; operational folder taxonomy kept verbatim (naming caveat M2 not remapped)
methodology_v2.part2.v1,2,MAFAULDA,train,mafaulda_imbalance_25g_21.504,mafaulda_imbalance_25g,imbalance,Imbalance_NON_BEARING,fault_configuration,data/raw_mafaulda/full/imbalance/25g/21.504.csv,50000,1290.24,25g,imbalance,25g,,,mafaulda_imbalance_25g,,,,,,True,split seed 202; operational folder taxonomy kept verbatim (naming caveat M2 not remapped)
methodology_v2.part2.v1,2,MAFAULDA,train,mafaulda_imbalance_25g_22.1184,mafaulda_imbalance_25g,imbalance,Imbalance_NON_BEARING,fault_configuration,data/raw_mafaulda/full/imbalance/25g/22.1184.csv,50000,1327.104,25g,imbalance,25g,,,mafaulda_imbalance_25g,,,,,,True,split seed 202; operational folder taxonomy kept verbatim (naming caveat M2 not remapped)
methodology_v2.part2.v1,2,MAFAULDA,train,mafaulda_imbalance_25g_22.9376,mafaulda_imbalance_25g,imbalance,Imbalance_NON_BEARING,fault_configuration,data/raw_mafaulda/full/imbalance/25g/22.9376.csv,50000,1376.256,25g,imbalance,25g,,,mafaulda_imbalance_25g,,,,,,True,split seed 202; operational folder taxonomy kept verbatim (naming caveat M2 not remapped)
methodology_v2.part2.v1,2,MAFAULDA,train,mafaulda_imbalance_25g_23.9616,mafaulda_imbalance_25g,imbalance,Imbalance_NON_BEARING,fault_configuration,data/raw_mafaulda/full/imbalance/25g/23.9616.csv,50000,1437.696,25g,imbalance,25g,,,mafaulda_imbalance_25g,,,,,,True,split seed 202; operational folder taxonomy kept verbatim (naming caveat M2 not remapped)
methodology_v2.part2.v1,2,MAFAULDA,train,mafaulda_imbalance_25g_25.3952,mafaulda_imbalance_25g,imbalance,Imbalance_NON_BEARING,fault_configuration,data/raw_mafaulda/full/imbalance/25g/25.3952.csv,50000,1523.712,25g,imbalance,25g,,,mafaulda_imbalance_25g,,,,,,True,split seed 202; operational folder taxonomy kept verbatim (naming caveat M2 not remapped)
methodology_v2.part2.v1,2,MAFAULDA,train,mafaulda_imbalance_25g_26.0096,mafaulda_imbalance_25g,imbalance,Imbalance_NON_BEARING,fault_configuration,data/raw_mafaulda/full/imbalance/25g/26.0096.csv,50000,1560.576,25g,imbalance,25g,,,mafaulda_imbalance_25g,,,,,,True,split seed 202; operational folder taxonomy kept verbatim (naming caveat M2 not remapped)
methodology_v2.part2.v1,2,MAFAULDA,train,mafaulda_imbalance_25g_27.2384,mafaulda_imbalance_25g,imbalance,Imbalance_NON_BEARING,fault_configuration,data/raw_mafaulda/full/imbalance/25g/27.2384.csv,50000,1634.304,25g,imbalance,25g,,,mafaulda_imbalance_25g,,,,,,True,split seed 202; operational folder taxonomy kept verbatim (naming caveat M2 not remapped)
methodology_v2.part2.v1,2,MAFAULDA,train,mafaulda_imbalance_25g_28.672,mafaulda_imbalance_25g,imbalance,Imbalance_NON_BEARING,fault_configuration,data/raw_mafaulda/full/imbalance/25g/28.672.csv,50000,1720.32,25g,imbalance,25g,,,mafaulda_imbalance_25g,,,,,,True,split seed 202; operational folder taxonomy kept verbatim (naming caveat M2 not remapped)
methodology_v2.part2.v1,2,MAFAULDA,train,mafaulda_imbalance_25g_29.0816,mafaulda_imbalance_25g,imbalance,Imbalance_NON_BEARING,fault_configuration,data/raw_mafaulda/full/imbalance/25g/29.0816.csv,50000,1744.8960000000002,25g,imbalance,25g,,,mafaulda_imbalance_25g,,,,,,True,split seed 202; operational folder taxonomy kept verbatim (naming caveat M2 not remapped)
methodology_v2.part2.v1,2,MAFAULDA,train,mafaulda_imbalance_25g_30.1056,mafaulda_imbalance_25g,imbalance,Imbalance_NON_BEARING,fault_configuration,data/raw_mafaulda/full/imbalance/25g/30.1056.csv,50000,1806.336,25g,imbalance,25g,,,mafaulda_imbalance_25g,,,,,,True,split seed 202; operational folder taxonomy kept verbatim (naming caveat M2 not remapped)
methodology_v2.part2.v1,2,MAFAULDA,train,mafaulda_imbalance_25g_31.3344,mafaulda_imbalance_25g,imbalance,Imbalance_NON_BEARING,fault_configuration,data/raw_mafaulda/full/imbalance/25g/31.3344.csv,50000,1880.064,25g,imbalance,25g,,,mafaulda_imbalance_25g,,,,,,True,split seed 202; operational folder taxonomy kept verbatim (naming caveat M2 not remapped)
methodology_v2.part2.v1,2,MAFAULDA,train,mafaulda_imbalance_25g_32.3584,mafaulda_imbalance_25g,imbalance,Imbalance_NON_BEARING,fault_configuration,data/raw_mafaulda/full/imbalance/25g/32.3584.csv,50000,1941.504,25g,imbalance,25g,,,mafaulda_imbalance_25g,,,,,,True,split seed 202; operational folder taxonomy kept verbatim (naming caveat M2 not remapped)
methodology_v2.part2.v1,2,MAFAULDA,train,mafaulda_imbalance_25g_33.3824,mafaulda_imbalance_25g,imbalance,Imbalance_NON_BEARING,fault_configuration,data/raw_mafaulda/full/imbalance/25g/33.3824.csv,50000,2002.944,25g,imbalance,25g,,,mafaulda_imbalance_25g,,,,,,True,split seed 202; operational folder taxonomy kept verbatim (naming caveat M2 not remapped)
methodology_v2.part2.v1,2,MAFAULDA,train,mafaulda_imbalance_25g_34.6112,mafaulda_imbalance_25g,imbalance,Imbalance_NON_BEARING,fault_configuration,data/raw_mafaulda/full/imbalance/25g/34.6112.csv,50000,2076.672,25g,imbalance,25g,,,mafaulda_imbalance_25g,,,,,,True,split seed 202; operational folder taxonomy kept verbatim (naming caveat M2 not remapped)
methodology_v2.part2.v1,2,MAFAULDA,train,mafaulda_imbalance_25g_35.4304,mafaulda_imbalance_25g,imbalance,Imbalance_NON_BEARING,fault_configuration,data/raw_mafaulda/full/imbalance/25g/35.4304.csv,50000,2125.824,25g,imbalance,25g,,,mafaulda_imbalance_25g,,,,,,True,split seed 202; operational folder taxonomy kept verbatim (naming caveat M2 not remapped)
methodology_v2.part2.v1,2,MAFAULDA,train,mafaulda_imbalance_25g_36.2496,mafaulda_imbalance_25g,imbalance,Imbalance_NON_BEARING,fault_configuration,data/raw_mafaulda/full/imbalance/25g/36.2496.csv,50000,2174.976,25g,imbalance,25g,,,mafaulda_imbalance_25g,,,,,,True,split seed 202; operational folder taxonomy kept verbatim (naming caveat M2 not remapped)
methodology_v2.part2.v1,2,MAFAULDA,train,mafaulda_imbalance_25g_37.6832,mafaulda_imbalance_25g,imbalance,Imbalance_NON_BEARING,fault_configuration,data/raw_mafaulda/full/imbalance/25g/37.6832.csv,50000,2260.992,25g,imbalance,25g,,,mafaulda_imbalance_25g,,,,,,True,split seed 202; operational folder taxonomy kept verbatim (naming caveat M2 not remapped)
methodology_v2.part2.v1,2,MAFAULDA,train,mafaulda_imbalance_25g_38.7072,mafaulda_imbalance_25g,imbalance,Imbalance_NON_BEARING,fault_configuration,data/raw_mafaulda/full/imbalance/25g/38.7072.csv,50000,2322.432,25g,imbalance,25g,,,mafaulda_imbalance_25g,,,,,,True,split seed 202; operational folder taxonomy kept verbatim (naming caveat M2 not remapped)
methodology_v2.part2.v1,2,MAFAULDA,train,mafaulda_imbalance_25g_39.5264,mafaulda_imbalance_25g,imbalance,Imbalance_NON_BEARING,fault_configuration,data/raw_mafaulda/full/imbalance/25g/39.5264.csv,50000,2371.5840000000003,25g,imbalance,25g,,,mafaulda_imbalance_25g,,,,,,True,split seed 202; operational folder taxonomy kept verbatim (naming caveat M2 not remapped)
methodology_v2.part2.v1,2,MAFAULDA,train,mafaulda_imbalance_25g_40.3456,mafaulda_imbalance_25g,imbalance,Imbalance_NON_BEARING,fault_configuration,data/raw_mafaulda/full/imbalance/25g/40.3456.csv,50000,2420.736,25g,imbalance,25g,,,mafaulda_imbalance_25g,,,,,,True,split seed 202; operational folder taxonomy kept verbatim (naming caveat M2 not remapped)
methodology_v2.part2.v1,2,MAFAULDA,train,mafaulda_imbalance_25g_41.1648,mafaulda_imbalance_25g,imbalance,Imbalance_NON_BEARING,fault_configuration,data/raw_mafaulda/full/imbalance/25g/41.1648.csv,50000,2469.888,25g,imbalance,25g,,,mafaulda_imbalance_25g,,,,,,True,split seed 202; operational folder taxonomy kept verbatim (naming caveat M2 not remapped)
methodology_v2.part2.v1,2,MAFAULDA,train,mafaulda_imbalance_25g_42.5984,mafaulda_imbalance_25g,imbalance,Imbalance_NON_BEARING,fault_configuration,data/raw_mafaulda/full/imbalance/25g/42.5984.csv,50000,2555.904,25g,imbalance,25g,,,mafaulda_imbalance_25g,,,,,,True,split seed 202; operational folder taxonomy kept verbatim (naming caveat M2 not remapped)
methodology_v2.part2.v1,2,MAFAULDA,train,mafaulda_imbalance_25g_43.008,mafaulda_imbalance_25g,imbalance,Imbalance_NON_BEARING,fault_configuration,data/raw_mafaulda/full/imbalance/25g/43.008.csv,50000,2580.48,25g,imbalance,25g,,,mafaulda_imbalance_25g,,,,,,True,split seed 202; operational folder taxonomy kept verbatim (naming caveat M2 not remapped)
methodology_v2.part2.v1,2,MAFAULDA,train,mafaulda_imbalance_25g_43.8272,mafaulda_imbalance_25g,imbalance,Imbalance_NON_BEARING,fault_configuration,data/raw_mafaulda/full/imbalance/25g/43.8272.csv,50000,2629.632,25g,imbalance,25g,,,mafaulda_imbalance_25g,,,,,,True,split seed 202; operational folder taxonomy kept verbatim (naming caveat M2 not remapped)
methodology_v2.part2.v1,2,MAFAULDA,train,mafaulda_imbalance_25g_45.6704,mafaulda_imbalance_25g,imbalance,Imbalance_NON_BEARING,fault_configuration,data/raw_mafaulda/full/imbalance/25g/45.6704.csv,50000,2740.224,25g,imbalance,25g,,,mafaulda_imbalance_25g,,,,,,True,split seed 202; operational folder taxonomy kept verbatim (naming caveat M2 not remapped)
methodology_v2.part2.v1,2,MAFAULDA,train,mafaulda_imbalance_25g_45.8752,mafaulda_imbalance_25g,imbalance,Imbalance_NON_BEARING,fault_configuration,data/raw_mafaulda/full/imbalance/25g/45.8752.csv,50000,2752.512,25g,imbalance,25g,,,mafaulda_imbalance_25g,,,,,,True,split seed 202; operational folder taxonomy kept verbatim (naming caveat M2 not remapped)
methodology_v2.part2.v1,2,MAFAULDA,train,mafaulda_imbalance_25g_47.104,mafaulda_imbalance_25g,imbalance,Imbalance_NON_BEARING,fault_configuration,data/raw_mafaulda/full/imbalance/25g/47.104.csv,50000,2826.24,25g,imbalance,25g,,,mafaulda_imbalance_25g,,,,,,True,split seed 202; operational folder taxonomy kept verbatim (naming caveat M2 not remapped)
methodology_v2.part2.v1,2,MAFAULDA,train,mafaulda_imbalance_25g_48.3328,mafaulda_imbalance_25g,imbalance,Imbalance_NON_BEARING,fault_configuration,data/raw_mafaulda/full/imbalance/25g/48.3328.csv,50000,2899.968,25g,imbalance,25g,,,mafaulda_imbalance_25g,,,,,,True,split seed 202; operational folder taxonomy kept verbatim (naming caveat M2 not remapped)
methodology_v2.part2.v1,2,MAFAULDA,train,mafaulda_imbalance_25g_48.9472,mafaulda_imbalance_25g,imbalance,Imbalance_NON_BEARING,fault_configuration,data/raw_mafaulda/full/imbalance/25g/48.9472.csv,50000,2936.8320000000003,25g,imbalance,25g,,,mafaulda_imbalance_25g,,,,,,True,split seed 202; operational folder taxonomy kept verbatim (naming caveat M2 not remapped)
methodology_v2.part2.v1,2,MAFAULDA,train,mafaulda_imbalance_25g_50.3808,mafaulda_imbalance_25g,imbalance,Imbalance_NON_BEARING,fault_configuration,data/raw_mafaulda/full/imbalance/25g/50.3808.csv,50000,3022.848,25g,imbalance,25g,,,mafaulda_imbalance_25g,,,,,,True,split seed 202; operational folder taxonomy kept verbatim (naming caveat M2 not remapped)
methodology_v2.part2.v1,2,MAFAULDA,train,mafaulda_imbalance_25g_51.4048,mafaulda_imbalance_25g,imbalance,Imbalance_NON_BEARING,fault_configuration,data/raw_mafaulda/full/imbalance/25g/51.4048.csv,50000,3084.288,25g,imbalance,25g,,,mafaulda_imbalance_25g,,,,,,True,split seed 202; operational folder taxonomy kept verbatim (naming caveat M2 not remapped)
methodology_v2.part2.v1,2,MAFAULDA,train,mafaulda_imbalance_25g_52.4288,mafaulda_imbalance_25g,imbalance,Imbalance_NON_BEARING,fault_configuration,data/raw_mafaulda/full/imbalance/25g/52.4288.csv,50000,3145.728,25g,imbalance,25g,,,mafaulda_imbalance_25g,,,,,,True,split seed 202; operational folder taxonomy kept verbatim (naming caveat M2 not remapped)
methodology_v2.part2.v1,2,MAFAULDA,train,mafaulda_imbalance_25g_53.4528,mafaulda_imbalance_25g,imbalance,Imbalance_NON_BEARING,fault_configuration,data/raw_mafaulda/full/imbalance/25g/53.4528.csv,50000,3207.168,25g,imbalance,25g,,,mafaulda_imbalance_25g,,,,,,True,split seed 202; operational folder taxonomy kept verbatim (naming caveat M2 not remapped)
methodology_v2.part2.v1,2,MAFAULDA,train,mafaulda_imbalance_25g_54.4768,mafaulda_imbalance_25g,imbalance,Imbalance_NON_BEARING,fault_configuration,data/raw_mafaulda/full/imbalance/25g/54.4768.csv,50000,3268.608,25g,imbalance,25g,,,mafaulda_imbalance_25g,,,,,,True,split seed 202; operational folder taxonomy kept verbatim (naming caveat M2 not remapped)
methodology_v2.part2.v1,2,MAFAULDA,train,mafaulda_imbalance_25g_55.296,mafaulda_imbalance_25g,imbalance,Imbalance_NON_BEARING,fault_configuration,data/raw_mafaulda/full/imbalance/25g/55.296.csv,50000,3317.76,25g,imbalance,25g,,,mafaulda_imbalance_25g,,,,,,True,split seed 202; operational folder taxonomy kept verbatim (naming caveat M2 not remapped)
methodology_v2.part2.v1,2,MAFAULDA,train,mafaulda_imbalance_25g_56.32,mafaulda_imbalance_25g,imbalance,Imbalance_NON_BEARING,fault_configuration,data/raw_mafaulda/full/imbalance/25g/56.32.csv,50000,3379.2,25g,imbalance,25g,,,mafaulda_imbalance_25g,,,,,,True,split seed 202; operational folder taxonomy kept verbatim (naming caveat M2 not remapped)
methodology_v2.part2.v1,2,MAFAULDA,train,mafaulda_imbalance_25g_57.344,mafaulda_imbalance_25g,imbalance,Imbalance_NON_BEARING,fault_configuration,data/raw_mafaulda/full/imbalance/25g/57.344.csv,50000,3440.64,25g,imbalance,25g,,,mafaulda_imbalance_25g,,,,,,True,split seed 202; operational folder taxonomy kept verbatim (naming caveat M2 not remapped)
methodology_v2.part2.v1,2,MAFAULDA,train,mafaulda_imbalance_25g_59.1872,mafaulda_imbalance_25g,imbalance,Imbalance_NON_BEARING,fault_configuration,data/raw_mafaulda/full/imbalance/25g/59.1872.csv,50000,3551.232,25g,imbalance,25g,,,mafaulda_imbalance_25g,,,,,,True,split seed 202; operational folder taxonomy kept verbatim (naming caveat M2 not remapped)
methodology_v2.part2.v1,2,MAFAULDA,train,mafaulda_imbalance_30g_12.0832,mafaulda_imbalance_30g,imbalance,Imbalance_NON_BEARING,fault_configuration,data/raw_mafaulda/full/imbalance/30g/12.0832.csv,50000,724.992,30g,imbalance,30g,,,mafaulda_imbalance_30g,,,,,,True,split seed 202; operational folder taxonomy kept verbatim (naming caveat M2 not remapped)
methodology_v2.part2.v1,2,MAFAULDA,train,mafaulda_imbalance_30g_13.1072,mafaulda_imbalance_30g,imbalance,Imbalance_NON_BEARING,fault_configuration,data/raw_mafaulda/full/imbalance/30g/13.1072.csv,50000,786.432,30g,imbalance,30g,,,mafaulda_imbalance_30g,,,,,,True,split seed 202; operational folder taxonomy kept verbatim (naming caveat M2 not remapped)
methodology_v2.part2.v1,2,MAFAULDA,train,mafaulda_imbalance_30g_14.336,mafaulda_imbalance_30g,imbalance,Imbalance_NON_BEARING,fault_configuration,data/raw_mafaulda/full/imbalance/30g/14.336.csv,50000,860.16,30g,imbalance,30g,,,mafaulda_imbalance_30g,,,,,,True,split seed 202; operational folder taxonomy kept verbatim (naming caveat M2 not remapped)
methodology_v2.part2.v1,2,MAFAULDA,train,mafaulda_imbalance_30g_14.9504,mafaulda_imbalance_30g,imbalance,Imbalance_NON_BEARING,fault_configuration,data/raw_mafaulda/full/imbalance/30g/14.9504.csv,50000,897.024,30g,imbalance,30g,,,mafaulda_imbalance_30g,,,,,,True,split seed 202; operational folder taxonomy kept verbatim (naming caveat M2 not remapped)
methodology_v2.part2.v1,2,MAFAULDA,train,mafaulda_imbalance_30g_16.5888,mafaulda_imbalance_30g,imbalance,Imbalance_NON_BEARING,fault_configuration,data/raw_mafaulda/full/imbalance/30g/16.5888.csv,50000,995.328,30g,imbalance,30g,,,mafaulda_imbalance_30g,,,,,,True,split seed 202; operational folder taxonomy kept verbatim (naming caveat M2 not remapped)
methodology_v2.part2.v1,2,MAFAULDA,train,mafaulda_imbalance_30g_17.2032,mafaulda_imbalance_30g,imbalance,Imbalance_NON_BEARING,fault_configuration,data/raw_mafaulda/full/imbalance/30g/17.2032.csv,50000,1032.192,30g,imbalance,30g,,,mafaulda_imbalance_30g,,,,,,True,split seed 202; operational folder taxonomy kept verbatim (naming caveat M2 not remapped)
methodology_v2.part2.v1,2,MAFAULDA,train,mafaulda_imbalance_30g_18.2272,mafaulda_imbalance_30g,imbalance,Imbalance_NON_BEARING,fault_configuration,data/raw_mafaulda/full/imbalance/30g/18.2272.csv,50000,1093.632,30g,imbalance,30g,,,mafaulda_imbalance_30g,,,,,,True,split seed 202; operational folder taxonomy kept verbatim (naming caveat M2 not remapped)
methodology_v2.part2.v1,2,MAFAULDA,train,mafaulda_imbalance_30g_19.456,mafaulda_imbalance_30g,imbalance,Imbalance_NON_BEARING,fault_configuration,data/raw_mafaulda/full/imbalance/30g/19.456.csv,50000,1167.36,30g,imbalance,30g,,,mafaulda_imbalance_30g,,,,,,True,split seed 202; operational folder taxonomy kept verbatim (naming caveat M2 not remapped)
methodology_v2.part2.v1,2,MAFAULDA,train,mafaulda_imbalance_30g_21.0944,mafaulda_imbalance_30g,imbalance,Imbalance_NON_BEARING,fault_configuration,data/raw_mafaulda/full/imbalance/30g/21.0944.csv,50000,1265.664,30g,imbalance,30g,,,mafaulda_imbalance_30g,,,,,,True,split seed 202; operational folder taxonomy kept verbatim (naming caveat M2 not remapped)
methodology_v2.part2.v1,2,MAFAULDA,train,mafaulda_imbalance_30g_21.504,mafaulda_imbalance_30g,imbalance,Imbalance_NON_BEARING,fault_configuration,data/raw_mafaulda/full/imbalance/30g/21.504.csv,50000,1290.24,30g,imbalance,30g,,,mafaulda_imbalance_30g,,,,,,True,split seed 202; operational folder taxonomy kept verbatim (naming caveat M2 not remapped)
methodology_v2.part2.v1,2,MAFAULDA,train,mafaulda_imbalance_30g_22.7328,mafaulda_imbalance_30g,imbalance,Imbalance_NON_BEARING,fault_configuration,data/raw_mafaulda/full/imbalance/30g/22.7328.csv,50000,1363.968,30g,imbalance,30g,,,mafaulda_imbalance_30g,,,,,,True,split seed 202; operational folder taxonomy kept verbatim (naming caveat M2 not remapped)
methodology_v2.part2.v1,2,MAFAULDA,train,mafaulda_imbalance_30g_23.3472,mafaulda_imbalance_30g,imbalance,Imbalance_NON_BEARING,fault_configuration,data/raw_mafaulda/full/imbalance/30g/23.3472.csv,50000,1400.832,30g,imbalance,30g,,,mafaulda_imbalance_30g,,,,,,True,split seed 202; operational folder taxonomy kept verbatim (naming caveat M2 not remapped)
methodology_v2.part2.v1,2,MAFAULDA,train,mafaulda_imbalance_30g_23.7568,mafaulda_imbalance_30g,imbalance,Imbalance_NON_BEARING,fault_configuration,data/raw_mafaulda/full/imbalance/30g/23.7568.csv,50000,1425.408,30g,imbalance,30g,,,mafaulda_imbalance_30g,,,,,,True,split seed 202; operational folder taxonomy kept verbatim (naming caveat M2 not remapped)
methodology_v2.part2.v1,2,MAFAULDA,train,mafaulda_imbalance_30g_25.8048,mafaulda_imbalance_30g,imbalance,Imbalance_NON_BEARING,fault_configuration,data/raw_mafaulda/full/imbalance/30g/25.8048.csv,50000,1548.288,30g,imbalance,30g,,,mafaulda_imbalance_30g,,,,,,True,split seed 202; operational folder taxonomy kept verbatim (naming caveat M2 not remapped)
methodology_v2.part2.v1,2,MAFAULDA,train,mafaulda_imbalance_30g_26.2144,mafaulda_imbalance_30g,imbalance,Imbalance_NON_BEARING,fault_configuration,data/raw_mafaulda/full/imbalance/30g/26.2144.csv,50000,1572.864,30g,imbalance,30g,,,mafaulda_imbalance_30g,,,,,,True,split seed 202; operational folder taxonomy kept verbatim (naming caveat M2 not remapped)
methodology_v2.part2.v1,2,MAFAULDA,train,mafaulda_imbalance_30g_26.8288,mafaulda_imbalance_30g,imbalance,Imbalance_NON_BEARING,fault_configuration,data/raw_mafaulda/full/imbalance/30g/26.8288.csv,50000,1609.728,30g,imbalance,30g,,,mafaulda_imbalance_30g,,,,,,True,split seed 202; operational folder taxonomy kept verbatim (naming caveat M2 not remapped)
methodology_v2.part2.v1,2,MAFAULDA,train,mafaulda_imbalance_30g_28.672,mafaulda_imbalance_30g,imbalance,Imbalance_NON_BEARING,fault_configuration,data/raw_mafaulda/full/imbalance/30g/28.672.csv,50000,1720.32,30g,imbalance,30g,,,mafaulda_imbalance_30g,,,,,,True,split seed 202; operational folder taxonomy kept verbatim (naming caveat M2 not remapped)
methodology_v2.part2.v1,2,MAFAULDA,train,mafaulda_imbalance_30g_29.0816,mafaulda_imbalance_30g,imbalance,Imbalance_NON_BEARING,fault_configuration,data/raw_mafaulda/full/imbalance/30g/29.0816.csv,50000,1744.8960000000002,30g,imbalance,30g,,,mafaulda_imbalance_30g,,,,,,True,split seed 202; operational folder taxonomy kept verbatim (naming caveat M2 not remapped)
methodology_v2.part2.v1,2,MAFAULDA,train,mafaulda_imbalance_30g_30.1056,mafaulda_imbalance_30g,imbalance,Imbalance_NON_BEARING,fault_configuration,data/raw_mafaulda/full/imbalance/30g/30.1056.csv,50000,1806.336,30g,imbalance,30g,,,mafaulda_imbalance_30g,,,,,,True,split seed 202; operational folder taxonomy kept verbatim (naming caveat M2 not remapped)
methodology_v2.part2.v1,2,MAFAULDA,train,mafaulda_imbalance_30g_31.5392,mafaulda_imbalance_30g,imbalance,Imbalance_NON_BEARING,fault_configuration,data/raw_mafaulda/full/imbalance/30g/31.5392.csv,50000,1892.352,30g,imbalance,30g,,,mafaulda_imbalance_30g,,,,,,True,split seed 202; operational folder taxonomy kept verbatim (naming caveat M2 not remapped)
methodology_v2.part2.v1,2,MAFAULDA,train,mafaulda_imbalance_30g_32.768,mafaulda_imbalance_30g,imbalance,Imbalance_NON_BEARING,fault_configuration,data/raw_mafaulda/full/imbalance/30g/32.768.csv,50000,1966.08,30g,imbalance,30g,,,mafaulda_imbalance_30g,,,,,,True,split seed 202; operational folder taxonomy kept verbatim (naming caveat M2 not remapped)
methodology_v2.part2.v1,2,MAFAULDA,train,mafaulda_imbalance_30g_33.9968,mafaulda_imbalance_30g,imbalance,Imbalance_NON_BEARING,fault_configuration,data/raw_mafaulda/full/imbalance/30g/33.9968.csv,50000,2039.808,30g,imbalance,30g,,,mafaulda_imbalance_30g,,,,,,True,split seed 202; operational folder taxonomy kept verbatim (naming caveat M2 not remapped)
methodology_v2.part2.v1,2,MAFAULDA,train,mafaulda_imbalance_30g_34.816,mafaulda_imbalance_30g,imbalance,Imbalance_NON_BEARING,fault_configuration,data/raw_mafaulda/full/imbalance/30g/34.816.csv,50000,2088.96,30g,imbalance,30g,,,mafaulda_imbalance_30g,,,,,,True,split seed 202; operational folder taxonomy kept verbatim (naming caveat M2 not remapped)
methodology_v2.part2.v1,2,MAFAULDA,train,mafaulda_imbalance_30g_35.2256,mafaulda_imbalance_30g,imbalance,Imbalance_NON_BEARING,fault_configuration,data/raw_mafaulda/full/imbalance/30g/35.2256.csv,50000,2113.536,30g,imbalance,30g,,,mafaulda_imbalance_30g,,,,,,True,split seed 202; operational folder taxonomy kept verbatim (naming caveat M2 not remapped)
methodology_v2.part2.v1,2,MAFAULDA,train,mafaulda_imbalance_30g_36.864,mafaulda_imbalance_30g,imbalance,Imbalance_NON_BEARING,fault_configuration,data/raw_mafaulda/full/imbalance/30g/36.864.csv,50000,2211.84,30g,imbalance,30g,,,mafaulda_imbalance_30g,,,,,,True,split seed 202; operational folder taxonomy kept verbatim (naming caveat M2 not remapped)
methodology_v2.part2.v1,2,MAFAULDA,train,mafaulda_imbalance_30g_38.0928,mafaulda_imbalance_30g,imbalance,Imbalance_NON_BEARING,fault_configuration,data/raw_mafaulda/full/imbalance/30g/38.0928.csv,50000,2285.568,30g,imbalance,30g,,,mafaulda_imbalance_30g,,,,,,True,split seed 202; operational folder taxonomy kept verbatim (naming caveat M2 not remapped)
methodology_v2.part2.v1,2,MAFAULDA,train,mafaulda_imbalance_30g_38.7072,mafaulda_imbalance_30g,imbalance,Imbalance_NON_BEARING,fault_configuration,data/raw_mafaulda/full/imbalance/30g/38.7072.csv,50000,2322.432,30g,imbalance,30g,,,mafaulda_imbalance_30g,,,,,,True,split seed 202; operational folder taxonomy kept verbatim (naming caveat M2 not remapped)
methodology_v2.part2.v1,2,MAFAULDA,train,mafaulda_imbalance_30g_39.7312,mafaulda_imbalance_30g,imbalance,Imbalance_NON_BEARING,fault_configuration,data/raw_mafaulda/full/imbalance/30g/39.7312.csv,50000,2383.8720000000003,30g,imbalance,30g,,,mafaulda_imbalance_30g,,,,,,True,split seed 202; operational folder taxonomy kept verbatim (naming caveat M2 not remapped)
methodology_v2.part2.v1,2,MAFAULDA,train,mafaulda_imbalance_30g_40.7552,mafaulda_imbalance_30g,imbalance,Imbalance_NON_BEARING,fault_configuration,data/raw_mafaulda/full/imbalance/30g/40.7552.csv,50000,2445.312,30g,imbalance,30g,,,mafaulda_imbalance_30g,,,,,,True,split seed 202; operational folder taxonomy kept verbatim (naming caveat M2 not remapped)
methodology_v2.part2.v1,2,MAFAULDA,train,mafaulda_imbalance_30g_41.3696,mafaulda_imbalance_30g,imbalance,Imbalance_NON_BEARING,fault_configuration,data/raw_mafaulda/full/imbalance/30g/41.3696.csv,50000,2482.176,30g,imbalance,30g,,,mafaulda_imbalance_30g,,,,,,True,split seed 202; operational folder taxonomy kept verbatim (naming caveat M2 not remapped)
methodology_v2.part2.v1,2,MAFAULDA,train,mafaulda_imbalance_30g_42.5984,mafaulda_imbalance_30g,imbalance,Imbalance_NON_BEARING,fault_configuration,data/raw_mafaulda/full/imbalance/30g/42.5984.csv,50000,2555.904,30g,imbalance,30g,,,mafaulda_imbalance_30g,,,,,,True,split seed 202; operational folder taxonomy kept verbatim (naming caveat M2 not remapped)
methodology_v2.part2.v1,2,MAFAULDA,train,mafaulda_imbalance_30g_43.6224,mafaulda_imbalance_30g,imbalance,Imbalance_NON_BEARING,fault_configuration,data/raw_mafaulda/full/imbalance/30g/43.6224.csv,50000,2617.344,30g,imbalance,30g,,,mafaulda_imbalance_30g,,,,,,True,split seed 202; operational folder taxonomy kept verbatim (naming caveat M2 not remapped)
methodology_v2.part2.v1,2,MAFAULDA,train,mafaulda_imbalance_30g_44.6464,mafaulda_imbalance_30g,imbalance,Imbalance_NON_BEARING,fault_configuration,data/raw_mafaulda/full/imbalance/30g/44.6464.csv,50000,2678.784,30g,imbalance,30g,,,mafaulda_imbalance_30g,,,,,,True,split seed 202; operational folder taxonomy kept verbatim (naming caveat M2 not remapped)
methodology_v2.part2.v1,2,MAFAULDA,train,mafaulda_imbalance_30g_45.4656,mafaulda_imbalance_30g,imbalance,Imbalance_NON_BEARING,fault_configuration,data/raw_mafaulda/full/imbalance/30g/45.4656.csv,50000,2727.936,30g,imbalance,30g,,,mafaulda_imbalance_30g,,,,,,True,split seed 202; operational folder taxonomy kept verbatim (naming caveat M2 not remapped)
methodology_v2.part2.v1,2,MAFAULDA,train,mafaulda_imbalance_30g_46.4896,mafaulda_imbalance_30g,imbalance,Imbalance_NON_BEARING,fault_configuration,data/raw_mafaulda/full/imbalance/30g/46.4896.csv,50000,2789.376,30g,imbalance,30g,,,mafaulda_imbalance_30g,,,,,,True,split seed 202; operational folder taxonomy kept verbatim (naming caveat M2 not remapped)
methodology_v2.part2.v1,2,MAFAULDA,train,mafaulda_imbalance_30g_47.7184,mafaulda_imbalance_30g,imbalance,Imbalance_NON_BEARING,fault_configuration,data/raw_mafaulda/full/imbalance/30g/47.7184.csv,50000,2863.1040000000003,30g,imbalance,30g,,,mafaulda_imbalance_30g,,,,,,True,split seed 202; operational folder taxonomy kept verbatim (naming caveat M2 not remapped)
methodology_v2.part2.v1,2,MAFAULDA,train,mafaulda_imbalance_30g_48.5376,mafaulda_imbalance_30g,imbalance,Imbalance_NON_BEARING,fault_configuration,data/raw_mafaulda/full/imbalance/30g/48.5376.csv,50000,2912.256,30g,imbalance,30g,,,mafaulda_imbalance_30g,,,,,,True,split seed 202; operational folder taxonomy kept verbatim (naming caveat M2 not remapped)
methodology_v2.part2.v1,2,MAFAULDA,train,mafaulda_imbalance_30g_49.9712,mafaulda_imbalance_30g,imbalance,Imbalance_NON_BEARING,fault_configuration,data/raw_mafaulda/full/imbalance/30g/49.9712.csv,50000,2998.2720000000004,30g,imbalance,30g,,,mafaulda_imbalance_30g,,,,,,True,split seed 202; operational folder taxonomy kept verbatim (naming caveat M2 not remapped)
methodology_v2.part2.v1,2,MAFAULDA,train,mafaulda_imbalance_30g_50.5856,mafaulda_imbalance_30g,imbalance,Imbalance_NON_BEARING,fault_configuration,data/raw_mafaulda/full/imbalance/30g/50.5856.csv,50000,3035.136,30g,imbalance,30g,,,mafaulda_imbalance_30g,,,,,,True,split seed 202; operational folder taxonomy kept verbatim (naming caveat M2 not remapped)
methodology_v2.part2.v1,2,MAFAULDA,train,mafaulda_imbalance_30g_51.6096,mafaulda_imbalance_30g,imbalance,Imbalance_NON_BEARING,fault_configuration,data/raw_mafaulda/full/imbalance/30g/51.6096.csv,50000,3096.576,30g,imbalance,30g,,,mafaulda_imbalance_30g,,,,,,True,split seed 202; operational folder taxonomy kept verbatim (naming caveat M2 not remapped)
methodology_v2.part2.v1,2,MAFAULDA,train,mafaulda_imbalance_30g_52.6336,mafaulda_imbalance_30g,imbalance,Imbalance_NON_BEARING,fault_configuration,data/raw_mafaulda/full/imbalance/30g/52.6336.csv,50000,3158.016,30g,imbalance,30g,,,mafaulda_imbalance_30g,,,,,,True,split seed 202; operational folder taxonomy kept verbatim (naming caveat M2 not remapped)
methodology_v2.part2.v1,2,MAFAULDA,train,mafaulda_imbalance_30g_53.8624,mafaulda_imbalance_30g,imbalance,Imbalance_NON_BEARING,fault_configuration,data/raw_mafaulda/full/imbalance/30g/53.8624.csv,50000,3231.744,30g,imbalance,30g,,,mafaulda_imbalance_30g,,,,,,True,split seed 202; operational folder taxonomy kept verbatim (naming caveat M2 not remapped)
methodology_v2.part2.v1,2,MAFAULDA,train,mafaulda_imbalance_30g_54.0672,mafaulda_imbalance_30g,imbalance,Imbalance_NON_BEARING,fault_configuration,data/raw_mafaulda/full/imbalance/30g/54.0672.csv,50000,3244.032,30g,imbalance,30g,,,mafaulda_imbalance_30g,,,,,,True,split seed 202; operational folder taxonomy kept verbatim (naming caveat M2 not remapped)
methodology_v2.part2.v1,2,MAFAULDA,train,mafaulda_imbalance_30g_55.5008,mafaulda_imbalance_30g,imbalance,Imbalance_NON_BEARING,fault_configuration,data/raw_mafaulda/full/imbalance/30g/55.5008.csv,50000,3330.048,30g,imbalance,30g,,,mafaulda_imbalance_30g,,,,,,True,split seed 202; operational folder taxonomy kept verbatim (naming caveat M2 not remapped)
methodology_v2.part2.v1,2,MAFAULDA,train,mafaulda_imbalance_30g_57.5488,mafaulda_imbalance_30g,imbalance,Imbalance_NON_BEARING,fault_configuration,data/raw_mafaulda/full/imbalance/30g/57.5488.csv,50000,3452.928,30g,imbalance,30g,,,mafaulda_imbalance_30g,,,,,,True,split seed 202; operational folder taxonomy kept verbatim (naming caveat M2 not remapped)
methodology_v2.part2.v1,2,MAFAULDA,train,mafaulda_imbalance_30g_58.368,mafaulda_imbalance_30g,imbalance,Imbalance_NON_BEARING,fault_configuration,data/raw_mafaulda/full/imbalance/30g/58.368.csv,50000,3502.08,30g,imbalance,30g,,,mafaulda_imbalance_30g,,,,,,True,split seed 202; operational folder taxonomy kept verbatim (naming caveat M2 not remapped)
methodology_v2.part2.v1,2,MAFAULDA,train,mafaulda_imbalance_30g_59.392,mafaulda_imbalance_30g,imbalance,Imbalance_NON_BEARING,fault_configuration,data/raw_mafaulda/full/imbalance/30g/59.392.csv,50000,3563.52,30g,imbalance,30g,,,mafaulda_imbalance_30g,,,,,,True,split seed 202; operational folder taxonomy kept verbatim (naming caveat M2 not remapped)
methodology_v2.part2.v1,2,MAFAULDA,train,mafaulda_imbalance_35g_12.0832,mafaulda_imbalance_35g,imbalance,Imbalance_NON_BEARING,fault_configuration,data/raw_mafaulda/full/imbalance/35g/12.0832.csv,50000,724.992,35g,imbalance,35g,,,mafaulda_imbalance_35g,,,,,,True,split seed 202; operational folder taxonomy kept verbatim (naming caveat M2 not remapped)
methodology_v2.part2.v1,2,MAFAULDA,train,mafaulda_imbalance_35g_13.7216,mafaulda_imbalance_35g,imbalance,Imbalance_NON_BEARING,fault_configuration,data/raw_mafaulda/full/imbalance/35g/13.7216.csv,50000,823.296,35g,imbalance,35g,,,mafaulda_imbalance_35g,,,,,,True,split seed 202; operational folder taxonomy kept verbatim (naming caveat M2 not remapped)
methodology_v2.part2.v1,2,MAFAULDA,train,mafaulda_imbalance_35g_14.5408,mafaulda_imbalance_35g,imbalance,Imbalance_NON_BEARING,fault_configuration,data/raw_mafaulda/full/imbalance/35g/14.5408.csv,50000,872.4480000000001,35g,imbalance,35g,,,mafaulda_imbalance_35g,,,,,,True,split seed 202; operational folder taxonomy kept verbatim (naming caveat M2 not remapped)
methodology_v2.part2.v1,2,MAFAULDA,train,mafaulda_imbalance_35g_15.7696,mafaulda_imbalance_35g,imbalance,Imbalance_NON_BEARING,fault_configuration,data/raw_mafaulda/full/imbalance/35g/15.7696.csv,50000,946.176,35g,imbalance,35g,,,mafaulda_imbalance_35g,,,,,,True,split seed 202; operational folder taxonomy kept verbatim (naming caveat M2 not remapped)
methodology_v2.part2.v1,2,MAFAULDA,train,mafaulda_imbalance_35g_16.5888,mafaulda_imbalance_35g,imbalance,Imbalance_NON_BEARING,fault_configuration,data/raw_mafaulda/full/imbalance/35g/16.5888.csv,50000,995.328,35g,imbalance,35g,,,mafaulda_imbalance_35g,,,,,,True,split seed 202; operational folder taxonomy kept verbatim (naming caveat M2 not remapped)
methodology_v2.part2.v1,2,MAFAULDA,train,mafaulda_imbalance_35g_17.2032,mafaulda_imbalance_35g,imbalance,Imbalance_NON_BEARING,fault_configuration,data/raw_mafaulda/full/imbalance/35g/17.2032.csv,50000,1032.192,35g,imbalance,35g,,,mafaulda_imbalance_35g,,,,,,True,split seed 202; operational folder taxonomy kept verbatim (naming caveat M2 not remapped)
methodology_v2.part2.v1,2,MAFAULDA,train,mafaulda_imbalance_35g_18.432,mafaulda_imbalance_35g,imbalance,Imbalance_NON_BEARING,fault_configuration,data/raw_mafaulda/full/imbalance/35g/18.432.csv,50000,1105.9199999999998,35g,imbalance,35g,,,mafaulda_imbalance_35g,,,,,,True,split seed 202; operational folder taxonomy kept verbatim (naming caveat M2 not remapped)
methodology_v2.part2.v1,2,MAFAULDA,train,mafaulda_imbalance_35g_19.8656,mafaulda_imbalance_35g,imbalance,Imbalance_NON_BEARING,fault_configuration,data/raw_mafaulda/full/imbalance/35g/19.8656.csv,50000,1191.936,35g,imbalance,35g,,,mafaulda_imbalance_35g,,,,,,True,split seed 202; operational folder taxonomy kept verbatim (naming caveat M2 not remapped)
methodology_v2.part2.v1,2,MAFAULDA,train,mafaulda_imbalance_35g_20.8896,mafaulda_imbalance_35g,imbalance,Imbalance_NON_BEARING,fault_configuration,data/raw_mafaulda/full/imbalance/35g/20.8896.csv,50000,1253.3760000000002,35g,imbalance,35g,,,mafaulda_imbalance_35g,,,,,,True,split seed 202; operational folder taxonomy kept verbatim (naming caveat M2 not remapped)
methodology_v2.part2.v1,2,MAFAULDA,train,mafaulda_imbalance_35g_21.504,mafaulda_imbalance_35g,imbalance,Imbalance_NON_BEARING,fault_configuration,data/raw_mafaulda/full/imbalance/35g/21.504.csv,50000,1290.24,35g,imbalance,35g,,,mafaulda_imbalance_35g,,,,,,True,split seed 202; operational folder taxonomy kept verbatim (naming caveat M2 not remapped)
methodology_v2.part2.v1,2,MAFAULDA,train,mafaulda_imbalance_35g_22.1184,mafaulda_imbalance_35g,imbalance,Imbalance_NON_BEARING,fault_configuration,data/raw_mafaulda/full/imbalance/35g/22.1184.csv,50000,1327.104,35g,imbalance,35g,,,mafaulda_imbalance_35g,,,,,,True,split seed 202; operational folder taxonomy kept verbatim (naming caveat M2 not remapped)
methodology_v2.part2.v1,2,MAFAULDA,train,mafaulda_imbalance_35g_22.9376,mafaulda_imbalance_35g,imbalance,Imbalance_NON_BEARING,fault_configuration,data/raw_mafaulda/full/imbalance/35g/22.9376.csv,50000,1376.256,35g,imbalance,35g,,,mafaulda_imbalance_35g,,,,,,True,split seed 202; operational folder taxonomy kept verbatim (naming caveat M2 not remapped)
methodology_v2.part2.v1,2,MAFAULDA,train,mafaulda_imbalance_35g_24.1664,mafaulda_imbalance_35g,imbalance,Imbalance_NON_BEARING,fault_configuration,data/raw_mafaulda/full/imbalance/35g/24.1664.csv,50000,1449.984,35g,imbalance,35g,,,mafaulda_imbalance_35g,,,,,,True,split seed 202; operational folder taxonomy kept verbatim (naming caveat M2 not remapped)
methodology_v2.part2.v1,2,MAFAULDA,train,mafaulda_imbalance_35g_25.6,mafaulda_imbalance_35g,imbalance,Imbalance_NON_BEARING,fault_configuration,data/raw_mafaulda/full/imbalance/35g/25.6.csv,50000,1536.0,35g,imbalance,35g,,,mafaulda_imbalance_35g,,,,,,True,split seed 202; operational folder taxonomy kept verbatim (naming caveat M2 not remapped)
methodology_v2.part2.v1,2,MAFAULDA,train,mafaulda_imbalance_35g_26.0096,mafaulda_imbalance_35g,imbalance,Imbalance_NON_BEARING,fault_configuration,data/raw_mafaulda/full/imbalance/35g/26.0096.csv,50000,1560.576,35g,imbalance,35g,,,mafaulda_imbalance_35g,,,,,,True,split seed 202; operational folder taxonomy kept verbatim (naming caveat M2 not remapped)
methodology_v2.part2.v1,2,MAFAULDA,train,mafaulda_imbalance_35g_26.8288,mafaulda_imbalance_35g,imbalance,Imbalance_NON_BEARING,fault_configuration,data/raw_mafaulda/full/imbalance/35g/26.8288.csv,50000,1609.728,35g,imbalance,35g,,,mafaulda_imbalance_35g,,,,,,True,split seed 202; operational folder taxonomy kept verbatim (naming caveat M2 not remapped)
methodology_v2.part2.v1,2,MAFAULDA,train,mafaulda_imbalance_35g_28.4672,mafaulda_imbalance_35g,imbalance,Imbalance_NON_BEARING,fault_configuration,data/raw_mafaulda/full/imbalance/35g/28.4672.csv,50000,1708.032,35g,imbalance,35g,,,mafaulda_imbalance_35g,,,,,,True,split seed 202; operational folder taxonomy kept verbatim (naming caveat M2 not remapped)
methodology_v2.part2.v1,2,MAFAULDA,train,mafaulda_imbalance_35g_29.9008,mafaulda_imbalance_35g,imbalance,Imbalance_NON_BEARING,fault_configuration,data/raw_mafaulda/full/imbalance/35g/29.9008.csv,50000,1794.048,35g,imbalance,35g,,,mafaulda_imbalance_35g,,,,,,True,split seed 202; operational folder taxonomy kept verbatim (naming caveat M2 not remapped)
methodology_v2.part2.v1,2,MAFAULDA,train,mafaulda_imbalance_35g_30.5152,mafaulda_imbalance_35g,imbalance,Imbalance_NON_BEARING,fault_configuration,data/raw_mafaulda/full/imbalance/35g/30.5152.csv,50000,1830.912,35g,imbalance,35g,,,mafaulda_imbalance_35g,,,,,,True,split seed 202; operational folder taxonomy kept verbatim (naming caveat M2 not remapped)
methodology_v2.part2.v1,2,MAFAULDA,train,mafaulda_imbalance_35g_31.744,mafaulda_imbalance_35g,imbalance,Imbalance_NON_BEARING,fault_configuration,data/raw_mafaulda/full/imbalance/35g/31.744.csv,50000,1904.64,35g,imbalance,35g,,,mafaulda_imbalance_35g,,,,,,True,split seed 202; operational folder taxonomy kept verbatim (naming caveat M2 not remapped)
methodology_v2.part2.v1,2,MAFAULDA,train,mafaulda_imbalance_35g_32.9728,mafaulda_imbalance_35g,imbalance,Imbalance_NON_BEARING,fault_configuration,data/raw_mafaulda/full/imbalance/35g/32.9728.csv,50000,1978.368,35g,imbalance,35g,,,mafaulda_imbalance_35g,,,,,,True,split seed 202; operational folder taxonomy kept verbatim (naming caveat M2 not remapped)
methodology_v2.part2.v1,2,MAFAULDA,train,mafaulda_imbalance_35g_33.5872,mafaulda_imbalance_35g,imbalance,Imbalance_NON_BEARING,fault_configuration,data/raw_mafaulda/full/imbalance/35g/33.5872.csv,50000,2015.232,35g,imbalance,35g,,,mafaulda_imbalance_35g,,,,,,True,split seed 202; operational folder taxonomy kept verbatim (naming caveat M2 not remapped)
methodology_v2.part2.v1,2,MAFAULDA,train,mafaulda_imbalance_35g_34.4064,mafaulda_imbalance_35g,imbalance,Imbalance_NON_BEARING,fault_configuration,data/raw_mafaulda/full/imbalance/35g/34.4064.csv,50000,2064.384,35g,imbalance,35g,,,mafaulda_imbalance_35g,,,,,,True,split seed 202; operational folder taxonomy kept verbatim (naming caveat M2 not remapped)
methodology_v2.part2.v1,2,MAFAULDA,train,mafaulda_imbalance_35g_35.6352,mafaulda_imbalance_35g,imbalance,Imbalance_NON_BEARING,fault_configuration,data/raw_mafaulda/full/imbalance/35g/35.6352.csv,50000,2138.112,35g,imbalance,35g,,,mafaulda_imbalance_35g,,,,,,True,split seed 202; operational folder taxonomy kept verbatim (naming caveat M2 not remapped)
methodology_v2.part2.v1,2,MAFAULDA,train,mafaulda_imbalance_35g_36.6592,mafaulda_imbalance_35g,imbalance,Imbalance_NON_BEARING,fault_configuration,data/raw_mafaulda/full/imbalance/35g/36.6592.csv,50000,2199.552,35g,imbalance,35g,,,mafaulda_imbalance_35g,,,,,,True,split seed 202; operational folder taxonomy kept verbatim (naming caveat M2 not remapped)
methodology_v2.part2.v1,2,MAFAULDA,train,mafaulda_imbalance_35g_37.4784,mafaulda_imbalance_35g,imbalance,Imbalance_NON_BEARING,fault_configuration,data/raw_mafaulda/full/imbalance/35g/37.4784.csv,50000,2248.704,35g,imbalance,35g,,,mafaulda_imbalance_35g,,,,,,True,split seed 202; operational folder taxonomy kept verbatim (naming caveat M2 not remapped)
methodology_v2.part2.v1,2,MAFAULDA,train,mafaulda_imbalance_35g_38.5024,mafaulda_imbalance_35g,imbalance,Imbalance_NON_BEARING,fault_configuration,data/raw_mafaulda/full/imbalance/35g/38.5024.csv,50000,2310.144,35g,imbalance,35g,,,mafaulda_imbalance_35g,,,,,,True,split seed 202; operational folder taxonomy kept verbatim (naming caveat M2 not remapped)
methodology_v2.part2.v1,2,MAFAULDA,train,mafaulda_imbalance_35g_39.1168,mafaulda_imbalance_35g,imbalance,Imbalance_NON_BEARING,fault_configuration,data/raw_mafaulda/full/imbalance/35g/39.1168.csv,50000,2347.008,35g,imbalance,35g,,,mafaulda_imbalance_35g,,,,,,True,split seed 202; operational folder taxonomy kept verbatim (naming caveat M2 not remapped)
methodology_v2.part2.v1,2,MAFAULDA,train,mafaulda_imbalance_35g_40.3456,mafaulda_imbalance_35g,imbalance,Imbalance_NON_BEARING,fault_configuration,data/raw_mafaulda/full/imbalance/35g/40.3456.csv,50000,2420.736,35g,imbalance,35g,,,mafaulda_imbalance_35g,,,,,,True,split seed 202; operational folder taxonomy kept verbatim (naming caveat M2 not remapped)
methodology_v2.part2.v1,2,MAFAULDA,train,mafaulda_imbalance_35g_41.5744,mafaulda_imbalance_35g,imbalance,Imbalance_NON_BEARING,fault_configuration,data/raw_mafaulda/full/imbalance/35g/41.5744.csv,50000,2494.464,35g,imbalance,35g,,,mafaulda_imbalance_35g,,,,,,True,split seed 202; operational folder taxonomy kept verbatim (naming caveat M2 not remapped)
methodology_v2.part2.v1,2,MAFAULDA,train,mafaulda_imbalance_35g_42.5984,mafaulda_imbalance_35g,imbalance,Imbalance_NON_BEARING,fault_configuration,data/raw_mafaulda/full/imbalance/35g/42.5984.csv,50000,2555.904,35g,imbalance,35g,,,mafaulda_imbalance_35g,,,,,,True,split seed 202; operational folder taxonomy kept verbatim (naming caveat M2 not remapped)
methodology_v2.part2.v1,2,MAFAULDA,train,mafaulda_imbalance_35g_43.6224,mafaulda_imbalance_35g,imbalance,Imbalance_NON_BEARING,fault_configuration,data/raw_mafaulda/full/imbalance/35g/43.6224.csv,50000,2617.344,35g,imbalance,35g,,,mafaulda_imbalance_35g,,,,,,True,split seed 202; operational folder taxonomy kept verbatim (naming caveat M2 not remapped)
methodology_v2.part2.v1,2,MAFAULDA,train,mafaulda_imbalance_35g_44.8512,mafaulda_imbalance_35g,imbalance,Imbalance_NON_BEARING,fault_configuration,data/raw_mafaulda/full/imbalance/35g/44.8512.csv,50000,2691.072,35g,imbalance,35g,,,mafaulda_imbalance_35g,,,,,,True,split seed 202; operational folder taxonomy kept verbatim (naming caveat M2 not remapped)
methodology_v2.part2.v1,2,MAFAULDA,train,mafaulda_imbalance_35g_45.4656,mafaulda_imbalance_35g,imbalance,Imbalance_NON_BEARING,fault_configuration,data/raw_mafaulda/full/imbalance/35g/45.4656.csv,50000,2727.936,35g,imbalance,35g,,,mafaulda_imbalance_35g,,,,,,True,split seed 202; operational folder taxonomy kept verbatim (naming caveat M2 not remapped)
methodology_v2.part2.v1,2,MAFAULDA,train,mafaulda_imbalance_35g_46.6944,mafaulda_imbalance_35g,imbalance,Imbalance_NON_BEARING,fault_configuration,data/raw_mafaulda/full/imbalance/35g/46.6944.csv,50000,2801.664,35g,imbalance,35g,,,mafaulda_imbalance_35g,,,,,,True,split seed 202; operational folder taxonomy kept verbatim (naming caveat M2 not remapped)
methodology_v2.part2.v1,2,MAFAULDA,train,mafaulda_imbalance_35g_47.5136,mafaulda_imbalance_35g,imbalance,Imbalance_NON_BEARING,fault_configuration,data/raw_mafaulda/full/imbalance/35g/47.5136.csv,50000,2850.816,35g,imbalance,35g,,,mafaulda_imbalance_35g,,,,,,True,split seed 202; operational folder taxonomy kept verbatim (naming caveat M2 not remapped)
methodology_v2.part2.v1,2,MAFAULDA,train,mafaulda_imbalance_35g_48.7424,mafaulda_imbalance_35g,imbalance,Imbalance_NON_BEARING,fault_configuration,data/raw_mafaulda/full/imbalance/35g/48.7424.csv,50000,2924.5440000000003,35g,imbalance,35g,,,mafaulda_imbalance_35g,,,,,,True,split seed 202; operational folder taxonomy kept verbatim (naming caveat M2 not remapped)
methodology_v2.part2.v1,2,MAFAULDA,train,mafaulda_imbalance_35g_49.9712,mafaulda_imbalance_35g,imbalance,Imbalance_NON_BEARING,fault_configuration,data/raw_mafaulda/full/imbalance/35g/49.9712.csv,50000,2998.2720000000004,35g,imbalance,35g,,,mafaulda_imbalance_35g,,,,,,True,split seed 202; operational folder taxonomy kept verbatim (naming caveat M2 not remapped)
methodology_v2.part2.v1,2,MAFAULDA,train,mafaulda_imbalance_35g_50.9952,mafaulda_imbalance_35g,imbalance,Imbalance_NON_BEARING,fault_configuration,data/raw_mafaulda/full/imbalance/35g/50.9952.csv,50000,3059.712,35g,imbalance,35g,,,mafaulda_imbalance_35g,,,,,,True,split seed 202; operational folder taxonomy kept verbatim (naming caveat M2 not remapped)
methodology_v2.part2.v1,2,MAFAULDA,train,mafaulda_imbalance_35g_51.8144,mafaulda_imbalance_35g,imbalance,Imbalance_NON_BEARING,fault_configuration,data/raw_mafaulda/full/imbalance/35g/51.8144.csv,50000,3108.864,35g,imbalance,35g,,,mafaulda_imbalance_35g,,,,,,True,split seed 202; operational folder taxonomy kept verbatim (naming caveat M2 not remapped)
methodology_v2.part2.v1,2,MAFAULDA,train,mafaulda_imbalance_35g_52.4288,mafaulda_imbalance_35g,imbalance,Imbalance_NON_BEARING,fault_configuration,data/raw_mafaulda/full/imbalance/35g/52.4288.csv,50000,3145.728,35g,imbalance,35g,,,mafaulda_imbalance_35g,,,,,,True,split seed 202; operational folder taxonomy kept verbatim (naming caveat M2 not remapped)
methodology_v2.part2.v1,2,MAFAULDA,train,mafaulda_imbalance_35g_52.8384,mafaulda_imbalance_35g,imbalance,Imbalance_NON_BEARING,fault_configuration,data/raw_mafaulda/full/imbalance/35g/52.8384.csv,50000,3170.304,35g,imbalance,35g,,,mafaulda_imbalance_35g,,,,,,True,split seed 202; operational folder taxonomy kept verbatim (naming caveat M2 not remapped)
methodology_v2.part2.v1,2,MAFAULDA,train,mafaulda_imbalance_35g_54.4768,mafaulda_imbalance_35g,imbalance,Imbalance_NON_BEARING,fault_configuration,data/raw_mafaulda/full/imbalance/35g/54.4768.csv,50000,3268.608,35g,imbalance,35g,,,mafaulda_imbalance_35g,,,,,,True,split seed 202; operational folder taxonomy kept verbatim (naming caveat M2 not remapped)
methodology_v2.part2.v1,2,MAFAULDA,train,mafaulda_imbalance_35g_55.0912,mafaulda_imbalance_35g,imbalance,Imbalance_NON_BEARING,fault_configuration,data/raw_mafaulda/full/imbalance/35g/55.0912.csv,50000,3305.472,35g,imbalance,35g,,,mafaulda_imbalance_35g,,,,,,True,split seed 202; operational folder taxonomy kept verbatim (naming caveat M2 not remapped)
methodology_v2.part2.v1,2,MAFAULDA,train,mafaulda_imbalance_35g_56.7296,mafaulda_imbalance_35g,imbalance,Imbalance_NON_BEARING,fault_configuration,data/raw_mafaulda/full/imbalance/35g/56.7296.csv,50000,3403.776,35g,imbalance,35g,,,mafaulda_imbalance_35g,,,,,,True,split seed 202; operational folder taxonomy kept verbatim (naming caveat M2 not remapped)
methodology_v2.part2.v1,2,MAFAULDA,test,mafaulda_imbalance_6g_13.9264,mafaulda_imbalance_6g,imbalance,Imbalance_NON_BEARING,fault_configuration,data/raw_mafaulda/full/imbalance/6g/13.9264.csv,50000,835.584,6g,imbalance,6g,,,mafaulda_imbalance_6g,,,,,,True,split seed 202; operational folder taxonomy kept verbatim (naming caveat M2 not remapped)
methodology_v2.part2.v1,2,MAFAULDA,test,mafaulda_imbalance_6g_14.336,mafaulda_imbalance_6g,imbalance,Imbalance_NON_BEARING,fault_configuration,data/raw_mafaulda/full/imbalance/6g/14.336.csv,50000,860.16,6g,imbalance,6g,,,mafaulda_imbalance_6g,,,,,,True,split seed 202; operational folder taxonomy kept verbatim (naming caveat M2 not remapped)
methodology_v2.part2.v1,2,MAFAULDA,test,mafaulda_imbalance_6g_15.36,mafaulda_imbalance_6g,imbalance,Imbalance_NON_BEARING,fault_configuration,data/raw_mafaulda/full/imbalance/6g/15.36.csv,50000,921.6,6g,imbalance,6g,,,mafaulda_imbalance_6g,,,,,,True,split seed 202; operational folder taxonomy kept verbatim (naming caveat M2 not remapped)
methodology_v2.part2.v1,2,MAFAULDA,test,mafaulda_imbalance_6g_16.1792,mafaulda_imbalance_6g,imbalance,Imbalance_NON_BEARING,fault_configuration,data/raw_mafaulda/full/imbalance/6g/16.1792.csv,50000,970.752,6g,imbalance,6g,,,mafaulda_imbalance_6g,,,,,,True,split seed 202; operational folder taxonomy kept verbatim (naming caveat M2 not remapped)
methodology_v2.part2.v1,2,MAFAULDA,test,mafaulda_imbalance_6g_17.408,mafaulda_imbalance_6g,imbalance,Imbalance_NON_BEARING,fault_configuration,data/raw_mafaulda/full/imbalance/6g/17.408.csv,50000,1044.48,6g,imbalance,6g,,,mafaulda_imbalance_6g,,,,,,True,split seed 202; operational folder taxonomy kept verbatim (naming caveat M2 not remapped)
methodology_v2.part2.v1,2,MAFAULDA,test,mafaulda_imbalance_6g_18.432,mafaulda_imbalance_6g,imbalance,Imbalance_NON_BEARING,fault_configuration,data/raw_mafaulda/full/imbalance/6g/18.432.csv,50000,1105.9199999999998,6g,imbalance,6g,,,mafaulda_imbalance_6g,,,,,,True,split seed 202; operational folder taxonomy kept verbatim (naming caveat M2 not remapped)
methodology_v2.part2.v1,2,MAFAULDA,test,mafaulda_imbalance_6g_19.6608,mafaulda_imbalance_6g,imbalance,Imbalance_NON_BEARING,fault_configuration,data/raw_mafaulda/full/imbalance/6g/19.6608.csv,50000,1179.648,6g,imbalance,6g,,,mafaulda_imbalance_6g,,,,,,True,split seed 202; operational folder taxonomy kept verbatim (naming caveat M2 not remapped)
methodology_v2.part2.v1,2,MAFAULDA,test,mafaulda_imbalance_6g_20.2752,mafaulda_imbalance_6g,imbalance,Imbalance_NON_BEARING,fault_configuration,data/raw_mafaulda/full/imbalance/6g/20.2752.csv,50000,1216.5120000000002,6g,imbalance,6g,,,mafaulda_imbalance_6g,,,,,,True,split seed 202; operational folder taxonomy kept verbatim (naming caveat M2 not remapped)
methodology_v2.part2.v1,2,MAFAULDA,test,mafaulda_imbalance_6g_21.7088,mafaulda_imbalance_6g,imbalance,Imbalance_NON_BEARING,fault_configuration,data/raw_mafaulda/full/imbalance/6g/21.7088.csv,50000,1302.528,6g,imbalance,6g,,,mafaulda_imbalance_6g,,,,,,True,split seed 202; operational folder taxonomy kept verbatim (naming caveat M2 not remapped)
methodology_v2.part2.v1,2,MAFAULDA,test,mafaulda_imbalance_6g_22.7328,mafaulda_imbalance_6g,imbalance,Imbalance_NON_BEARING,fault_configuration,data/raw_mafaulda/full/imbalance/6g/22.7328.csv,50000,1363.968,6g,imbalance,6g,,,mafaulda_imbalance_6g,,,,,,True,split seed 202; operational folder taxonomy kept verbatim (naming caveat M2 not remapped)
methodology_v2.part2.v1,2,MAFAULDA,test,mafaulda_imbalance_6g_23.552,mafaulda_imbalance_6g,imbalance,Imbalance_NON_BEARING,fault_configuration,data/raw_mafaulda/full/imbalance/6g/23.552.csv,50000,1413.12,6g,imbalance,6g,,,mafaulda_imbalance_6g,,,,,,True,split seed 202; operational folder taxonomy kept verbatim (naming caveat M2 not remapped)
methodology_v2.part2.v1,2,MAFAULDA,test,mafaulda_imbalance_6g_24.576,mafaulda_imbalance_6g,imbalance,Imbalance_NON_BEARING,fault_configuration,data/raw_mafaulda/full/imbalance/6g/24.576.csv,50000,1474.56,6g,imbalance,6g,,,mafaulda_imbalance_6g,,,,,,True,split seed 202; operational folder taxonomy kept verbatim (naming caveat M2 not remapped)
methodology_v2.part2.v1,2,MAFAULDA,test,mafaulda_imbalance_6g_25.3952,mafaulda_imbalance_6g,imbalance,Imbalance_NON_BEARING,fault_configuration,data/raw_mafaulda/full/imbalance/6g/25.3952.csv,50000,1523.712,6g,imbalance,6g,,,mafaulda_imbalance_6g,,,,,,True,split seed 202; operational folder taxonomy kept verbatim (naming caveat M2 not remapped)
methodology_v2.part2.v1,2,MAFAULDA,test,mafaulda_imbalance_6g_26.8288,mafaulda_imbalance_6g,imbalance,Imbalance_NON_BEARING,fault_configuration,data/raw_mafaulda/full/imbalance/6g/26.8288.csv,50000,1609.728,6g,imbalance,6g,,,mafaulda_imbalance_6g,,,,,,True,split seed 202; operational folder taxonomy kept verbatim (naming caveat M2 not remapped)
methodology_v2.part2.v1,2,MAFAULDA,test,mafaulda_imbalance_6g_27.648,mafaulda_imbalance_6g,imbalance,Imbalance_NON_BEARING,fault_configuration,data/raw_mafaulda/full/imbalance/6g/27.648.csv,50000,1658.88,6g,imbalance,6g,,,mafaulda_imbalance_6g,,,,,,True,split seed 202; operational folder taxonomy kept verbatim (naming caveat M2 not remapped)
methodology_v2.part2.v1,2,MAFAULDA,test,mafaulda_imbalance_6g_28.8768,mafaulda_imbalance_6g,imbalance,Imbalance_NON_BEARING,fault_configuration,data/raw_mafaulda/full/imbalance/6g/28.8768.csv,50000,1732.608,6g,imbalance,6g,,,mafaulda_imbalance_6g,,,,,,True,split seed 202; operational folder taxonomy kept verbatim (naming caveat M2 not remapped)
methodology_v2.part2.v1,2,MAFAULDA,test,mafaulda_imbalance_6g_29.4912,mafaulda_imbalance_6g,imbalance,Imbalance_NON_BEARING,fault_configuration,data/raw_mafaulda/full/imbalance/6g/29.4912.csv,50000,1769.472,6g,imbalance,6g,,,mafaulda_imbalance_6g,,,,,,True,split seed 202; operational folder taxonomy kept verbatim (naming caveat M2 not remapped)
methodology_v2.part2.v1,2,MAFAULDA,test,mafaulda_imbalance_6g_30.5152,mafaulda_imbalance_6g,imbalance,Imbalance_NON_BEARING,fault_configuration,data/raw_mafaulda/full/imbalance/6g/30.5152.csv,50000,1830.912,6g,imbalance,6g,,,mafaulda_imbalance_6g,,,,,,True,split seed 202; operational folder taxonomy kept verbatim (naming caveat M2 not remapped)
methodology_v2.part2.v1,2,MAFAULDA,test,mafaulda_imbalance_6g_31.5392,mafaulda_imbalance_6g,imbalance,Imbalance_NON_BEARING,fault_configuration,data/raw_mafaulda/full/imbalance/6g/31.5392.csv,50000,1892.352,6g,imbalance,6g,,,mafaulda_imbalance_6g,,,,,,True,split seed 202; operational folder taxonomy kept verbatim (naming caveat M2 not remapped)
methodology_v2.part2.v1,2,MAFAULDA,test,mafaulda_imbalance_6g_32.9728,mafaulda_imbalance_6g,imbalance,Imbalance_NON_BEARING,fault_configuration,data/raw_mafaulda/full/imbalance/6g/32.9728.csv,50000,1978.368,6g,imbalance,6g,,,mafaulda_imbalance_6g,,,,,,True,split seed 202; operational folder taxonomy kept verbatim (naming caveat M2 not remapped)
methodology_v2.part2.v1,2,MAFAULDA,test,mafaulda_imbalance_6g_33.9968,mafaulda_imbalance_6g,imbalance,Imbalance_NON_BEARING,fault_configuration,data/raw_mafaulda/full/imbalance/6g/33.9968.csv,50000,2039.808,6g,imbalance,6g,,,mafaulda_imbalance_6g,,,,,,True,split seed 202; operational folder taxonomy kept verbatim (naming caveat M2 not remapped)
methodology_v2.part2.v1,2,MAFAULDA,test,mafaulda_imbalance_6g_34.816,mafaulda_imbalance_6g,imbalance,Imbalance_NON_BEARING,fault_configuration,data/raw_mafaulda/full/imbalance/6g/34.816.csv,50000,2088.96,6g,imbalance,6g,,,mafaulda_imbalance_6g,,,,,,True,split seed 202; operational folder taxonomy kept verbatim (naming caveat M2 not remapped)
methodology_v2.part2.v1,2,MAFAULDA,test,mafaulda_imbalance_6g_35.6352,mafaulda_imbalance_6g,imbalance,Imbalance_NON_BEARING,fault_configuration,data/raw_mafaulda/full/imbalance/6g/35.6352.csv,50000,2138.112,6g,imbalance,6g,,,mafaulda_imbalance_6g,,,,,,True,split seed 202; operational folder taxonomy kept verbatim (naming caveat M2 not remapped)
methodology_v2.part2.v1,2,MAFAULDA,test,mafaulda_imbalance_6g_36.4544,mafaulda_imbalance_6g,imbalance,Imbalance_NON_BEARING,fault_configuration,data/raw_mafaulda/full/imbalance/6g/36.4544.csv,50000,2187.264,6g,imbalance,6g,,,mafaulda_imbalance_6g,,,,,,True,split seed 202; operational folder taxonomy kept verbatim (naming caveat M2 not remapped)
methodology_v2.part2.v1,2,MAFAULDA,test,mafaulda_imbalance_6g_37.6832,mafaulda_imbalance_6g,imbalance,Imbalance_NON_BEARING,fault_configuration,data/raw_mafaulda/full/imbalance/6g/37.6832.csv,50000,2260.992,6g,imbalance,6g,,,mafaulda_imbalance_6g,,,,,,True,split seed 202; operational folder taxonomy kept verbatim (naming caveat M2 not remapped)
methodology_v2.part2.v1,2,MAFAULDA,test,mafaulda_imbalance_6g_38.5024,mafaulda_imbalance_6g,imbalance,Imbalance_NON_BEARING,fault_configuration,data/raw_mafaulda/full/imbalance/6g/38.5024.csv,50000,2310.144,6g,imbalance,6g,,,mafaulda_imbalance_6g,,,,,,True,split seed 202; operational folder taxonomy kept verbatim (naming caveat M2 not remapped)
methodology_v2.part2.v1,2,MAFAULDA,test,mafaulda_imbalance_6g_39.3216,mafaulda_imbalance_6g,imbalance,Imbalance_NON_BEARING,fault_configuration,data/raw_mafaulda/full/imbalance/6g/39.3216.csv,50000,2359.296,6g,imbalance,6g,,,mafaulda_imbalance_6g,,,,,,True,split seed 202; operational folder taxonomy kept verbatim (naming caveat M2 not remapped)
methodology_v2.part2.v1,2,MAFAULDA,test,mafaulda_imbalance_6g_40.7552,mafaulda_imbalance_6g,imbalance,Imbalance_NON_BEARING,fault_configuration,data/raw_mafaulda/full/imbalance/6g/40.7552.csv,50000,2445.312,6g,imbalance,6g,,,mafaulda_imbalance_6g,,,,,,True,split seed 202; operational folder taxonomy kept verbatim (naming caveat M2 not remapped)
methodology_v2.part2.v1,2,MAFAULDA,test,mafaulda_imbalance_6g_41.3696,mafaulda_imbalance_6g,imbalance,Imbalance_NON_BEARING,fault_configuration,data/raw_mafaulda/full/imbalance/6g/41.3696.csv,50000,2482.176,6g,imbalance,6g,,,mafaulda_imbalance_6g,,,,,,True,split seed 202; operational folder taxonomy kept verbatim (naming caveat M2 not remapped)
methodology_v2.part2.v1,2,MAFAULDA,test,mafaulda_imbalance_6g_42.5984,mafaulda_imbalance_6g,imbalance,Imbalance_NON_BEARING,fault_configuration,data/raw_mafaulda/full/imbalance/6g/42.5984.csv,50000,2555.904,6g,imbalance,6g,,,mafaulda_imbalance_6g,,,,,,True,split seed 202; operational folder taxonomy kept verbatim (naming caveat M2 not remapped)
methodology_v2.part2.v1,2,MAFAULDA,test,mafaulda_imbalance_6g_43.4176,mafaulda_imbalance_6g,imbalance,Imbalance_NON_BEARING,fault_configuration,data/raw_mafaulda/full/imbalance/6g/43.4176.csv,50000,2605.056,6g,imbalance,6g,,,mafaulda_imbalance_6g,,,,,,True,split seed 202; operational folder taxonomy kept verbatim (naming caveat M2 not remapped)
methodology_v2.part2.v1,2,MAFAULDA,test,mafaulda_imbalance_6g_44.4416,mafaulda_imbalance_6g,imbalance,Imbalance_NON_BEARING,fault_configuration,data/raw_mafaulda/full/imbalance/6g/44.4416.csv,50000,2666.496,6g,imbalance,6g,,,mafaulda_imbalance_6g,,,,,,True,split seed 202; operational folder taxonomy kept verbatim (naming caveat M2 not remapped)
methodology_v2.part2.v1,2,MAFAULDA,test,mafaulda_imbalance_6g_45.4656,mafaulda_imbalance_6g,imbalance,Imbalance_NON_BEARING,fault_configuration,data/raw_mafaulda/full/imbalance/6g/45.4656.csv,50000,2727.936,6g,imbalance,6g,,,mafaulda_imbalance_6g,,,,,,True,split seed 202; operational folder taxonomy kept verbatim (naming caveat M2 not remapped)
methodology_v2.part2.v1,2,MAFAULDA,test,mafaulda_imbalance_6g_46.6944,mafaulda_imbalance_6g,imbalance,Imbalance_NON_BEARING,fault_configuration,data/raw_mafaulda/full/imbalance/6g/46.6944.csv,50000,2801.664,6g,imbalance,6g,,,mafaulda_imbalance_6g,,,,,,True,split seed 202; operational folder taxonomy kept verbatim (naming caveat M2 not remapped)
methodology_v2.part2.v1,2,MAFAULDA,test,mafaulda_imbalance_6g_47.3088,mafaulda_imbalance_6g,imbalance,Imbalance_NON_BEARING,fault_configuration,data/raw_mafaulda/full/imbalance/6g/47.3088.csv,50000,2838.528,6g,imbalance,6g,,,mafaulda_imbalance_6g,,,,,,True,split seed 202; operational folder taxonomy kept verbatim (naming caveat M2 not remapped)
methodology_v2.part2.v1,2,MAFAULDA,test,mafaulda_imbalance_6g_48.128,mafaulda_imbalance_6g,imbalance,Imbalance_NON_BEARING,fault_configuration,data/raw_mafaulda/full/imbalance/6g/48.128.csv,50000,2887.68,6g,imbalance,6g,,,mafaulda_imbalance_6g,,,,,,True,split seed 202; operational folder taxonomy kept verbatim (naming caveat M2 not remapped)
methodology_v2.part2.v1,2,MAFAULDA,test,mafaulda_imbalance_6g_49.152,mafaulda_imbalance_6g,imbalance,Imbalance_NON_BEARING,fault_configuration,data/raw_mafaulda/full/imbalance/6g/49.152.csv,50000,2949.12,6g,imbalance,6g,,,mafaulda_imbalance_6g,,,,,,True,split seed 202; operational folder taxonomy kept verbatim (naming caveat M2 not remapped)
methodology_v2.part2.v1,2,MAFAULDA,test,mafaulda_imbalance_6g_50.5856,mafaulda_imbalance_6g,imbalance,Imbalance_NON_BEARING,fault_configuration,data/raw_mafaulda/full/imbalance/6g/50.5856.csv,50000,3035.136,6g,imbalance,6g,,,mafaulda_imbalance_6g,,,,,,True,split seed 202; operational folder taxonomy kept verbatim (naming caveat M2 not remapped)
methodology_v2.part2.v1,2,MAFAULDA,test,mafaulda_imbalance_6g_51.8144,mafaulda_imbalance_6g,imbalance,Imbalance_NON_BEARING,fault_configuration,data/raw_mafaulda/full/imbalance/6g/51.8144.csv,50000,3108.864,6g,imbalance,6g,,,mafaulda_imbalance_6g,,,,,,True,split seed 202; operational folder taxonomy kept verbatim (naming caveat M2 not remapped)
methodology_v2.part2.v1,2,MAFAULDA,test,mafaulda_imbalance_6g_52.224,mafaulda_imbalance_6g,imbalance,Imbalance_NON_BEARING,fault_configuration,data/raw_mafaulda/full/imbalance/6g/52.224.csv,50000,3133.44,6g,imbalance,6g,,,mafaulda_imbalance_6g,,,,,,True,split seed 202; operational folder taxonomy kept verbatim (naming caveat M2 not remapped)
methodology_v2.part2.v1,2,MAFAULDA,test,mafaulda_imbalance_6g_53.6576,mafaulda_imbalance_6g,imbalance,Imbalance_NON_BEARING,fault_configuration,data/raw_mafaulda/full/imbalance/6g/53.6576.csv,50000,3219.456,6g,imbalance,6g,,,mafaulda_imbalance_6g,,,,,,True,split seed 202; operational folder taxonomy kept verbatim (naming caveat M2 not remapped)
methodology_v2.part2.v1,2,MAFAULDA,test,mafaulda_imbalance_6g_54.4768,mafaulda_imbalance_6g,imbalance,Imbalance_NON_BEARING,fault_configuration,data/raw_mafaulda/full/imbalance/6g/54.4768.csv,50000,3268.608,6g,imbalance,6g,,,mafaulda_imbalance_6g,,,,,,True,split seed 202; operational folder taxonomy kept verbatim (naming caveat M2 not remapped)
methodology_v2.part2.v1,2,MAFAULDA,test,mafaulda_imbalance_6g_55.296,mafaulda_imbalance_6g,imbalance,Imbalance_NON_BEARING,fault_configuration,data/raw_mafaulda/full/imbalance/6g/55.296.csv,50000,3317.76,6g,imbalance,6g,,,mafaulda_imbalance_6g,,,,,,True,split seed 202; operational folder taxonomy kept verbatim (naming caveat M2 not remapped)
methodology_v2.part2.v1,2,MAFAULDA,test,mafaulda_imbalance_6g_56.1152,mafaulda_imbalance_6g,imbalance,Imbalance_NON_BEARING,fault_configuration,data/raw_mafaulda/full/imbalance/6g/56.1152.csv,50000,3366.9120000000003,6g,imbalance,6g,,,mafaulda_imbalance_6g,,,,,,True,split seed 202; operational folder taxonomy kept verbatim (naming caveat M2 not remapped)
methodology_v2.part2.v1,2,MAFAULDA,test,mafaulda_imbalance_6g_58.1632,mafaulda_imbalance_6g,imbalance,Imbalance_NON_BEARING,fault_configuration,data/raw_mafaulda/full/imbalance/6g/58.1632.csv,50000,3489.7920000000004,6g,imbalance,6g,,,mafaulda_imbalance_6g,,,,,,True,split seed 202; operational folder taxonomy kept verbatim (naming caveat M2 not remapped)
methodology_v2.part2.v1,2,MAFAULDA,test,mafaulda_imbalance_6g_58.7776,mafaulda_imbalance_6g,imbalance,Imbalance_NON_BEARING,fault_configuration,data/raw_mafaulda/full/imbalance/6g/58.7776.csv,50000,3526.656,6g,imbalance,6g,,,mafaulda_imbalance_6g,,,,,,True,split seed 202; operational folder taxonomy kept verbatim (naming caveat M2 not remapped)
methodology_v2.part2.v1,2,MAFAULDA,test,mafaulda_imbalance_6g_59.392,mafaulda_imbalance_6g,imbalance,Imbalance_NON_BEARING,fault_configuration,data/raw_mafaulda/full/imbalance/6g/59.392.csv,50000,3563.52,6g,imbalance,6g,,,mafaulda_imbalance_6g,,,,,,True,split seed 202; operational folder taxonomy kept verbatim (naming caveat M2 not remapped)
methodology_v2.part2.v1,2,MAFAULDA,test,mafaulda_imbalance_6g_60.2112,mafaulda_imbalance_6g,imbalance,Imbalance_NON_BEARING,fault_configuration,data/raw_mafaulda/full/imbalance/6g/60.2112.csv,50000,3612.672,6g,imbalance,6g,,,mafaulda_imbalance_6g,,,,,,True,split seed 202; operational folder taxonomy kept verbatim (naming caveat M2 not remapped)
methodology_v2.part2.v1,2,MAFAULDA,test,mafaulda_imbalance_6g_62.0544,mafaulda_imbalance_6g,imbalance,Imbalance_NON_BEARING,fault_configuration,data/raw_mafaulda/full/imbalance/6g/62.0544.csv,50000,3723.264,6g,imbalance,6g,,,mafaulda_imbalance_6g,,,,,,True,split seed 202; operational folder taxonomy kept verbatim (naming caveat M2 not remapped)
methodology_v2.part2.v1,2,MAFAULDA,train,mafaulda_normal_12.288,mafaulda_normal_12.288,normal,Healthy,recording_normal_exception,data/raw_mafaulda/full/normal/12.288.csv,50000,737.28,,healthy,,,,mafaulda_normal,,,,,,True,"split seed 202; operational folder taxonomy kept verbatim (naming caveat M2 not remapped); Normal grouped per recording — weaker unit, seen-setup limitation"
methodology_v2.part2.v1,2,MAFAULDA,train,mafaulda_normal_13.1072,mafaulda_normal_13.1072,normal,Healthy,recording_normal_exception,data/raw_mafaulda/full/normal/13.1072.csv,50000,786.432,,healthy,,,,mafaulda_normal,,,,,,True,"split seed 202; operational folder taxonomy kept verbatim (naming caveat M2 not remapped); Normal grouped per recording — weaker unit, seen-setup limitation"
methodology_v2.part2.v1,2,MAFAULDA,train,mafaulda_normal_14.336,mafaulda_normal_14.336,normal,Healthy,recording_normal_exception,data/raw_mafaulda/full/normal/14.336.csv,50000,860.16,,healthy,,,,mafaulda_normal,,,,,,True,"split seed 202; operational folder taxonomy kept verbatim (naming caveat M2 not remapped); Normal grouped per recording — weaker unit, seen-setup limitation"
methodology_v2.part2.v1,2,MAFAULDA,train,mafaulda_normal_15.1552,mafaulda_normal_15.1552,normal,Healthy,recording_normal_exception,data/raw_mafaulda/full/normal/15.1552.csv,50000,909.312,,healthy,,,,mafaulda_normal,,,,,,True,"split seed 202; operational folder taxonomy kept verbatim (naming caveat M2 not remapped); Normal grouped per recording — weaker unit, seen-setup limitation"
methodology_v2.part2.v1,2,MAFAULDA,train,mafaulda_normal_16.1792,mafaulda_normal_16.1792,normal,Healthy,recording_normal_exception,data/raw_mafaulda/full/normal/16.1792.csv,50000,970.752,,healthy,,,,mafaulda_normal,,,,,,True,"split seed 202; operational folder taxonomy kept verbatim (naming caveat M2 not remapped); Normal grouped per recording — weaker unit, seen-setup limitation"
methodology_v2.part2.v1,2,MAFAULDA,test,mafaulda_normal_17.2032,mafaulda_normal_17.2032,normal,Healthy,recording_normal_exception,data/raw_mafaulda/full/normal/17.2032.csv,50000,1032.192,,healthy,,,,mafaulda_normal,,,,,,True,"split seed 202; operational folder taxonomy kept verbatim (naming caveat M2 not remapped); Normal grouped per recording — weaker unit, seen-setup limitation"
methodology_v2.part2.v1,2,MAFAULDA,train,mafaulda_normal_18.432,mafaulda_normal_18.432,normal,Healthy,recording_normal_exception,data/raw_mafaulda/full/normal/18.432.csv,50000,1105.9199999999998,,healthy,,,,mafaulda_normal,,,,,,True,"split seed 202; operational folder taxonomy kept verbatim (naming caveat M2 not remapped); Normal grouped per recording — weaker unit, seen-setup limitation"
methodology_v2.part2.v1,2,MAFAULDA,validation,mafaulda_normal_19.6608,mafaulda_normal_19.6608,normal,Healthy,recording_normal_exception,data/raw_mafaulda/full/normal/19.6608.csv,50000,1179.648,,healthy,,,,mafaulda_normal,,,,,,True,"split seed 202; operational folder taxonomy kept verbatim (naming caveat M2 not remapped); Normal grouped per recording — weaker unit, seen-setup limitation"
methodology_v2.part2.v1,2,MAFAULDA,validation,mafaulda_normal_20.2752,mafaulda_normal_20.2752,normal,Healthy,recording_normal_exception,data/raw_mafaulda/full/normal/20.2752.csv,50000,1216.5120000000002,,healthy,,,,mafaulda_normal,,,,,,True,"split seed 202; operational folder taxonomy kept verbatim (naming caveat M2 not remapped); Normal grouped per recording — weaker unit, seen-setup limitation"
methodology_v2.part2.v1,2,MAFAULDA,train,mafaulda_normal_21.7088,mafaulda_normal_21.7088,normal,Healthy,recording_normal_exception,data/raw_mafaulda/full/normal/21.7088.csv,50000,1302.528,,healthy,,,,mafaulda_normal,,,,,,True,"split seed 202; operational folder taxonomy kept verbatim (naming caveat M2 not remapped); Normal grouped per recording — weaker unit, seen-setup limitation"
methodology_v2.part2.v1,2,MAFAULDA,train,mafaulda_normal_22.3232,mafaulda_normal_22.3232,normal,Healthy,recording_normal_exception,data/raw_mafaulda/full/normal/22.3232.csv,50000,1339.392,,healthy,,,,mafaulda_normal,,,,,,True,"split seed 202; operational folder taxonomy kept verbatim (naming caveat M2 not remapped); Normal grouped per recording — weaker unit, seen-setup limitation"
methodology_v2.part2.v1,2,MAFAULDA,test,mafaulda_normal_23.552,mafaulda_normal_23.552,normal,Healthy,recording_normal_exception,data/raw_mafaulda/full/normal/23.552.csv,50000,1413.12,,healthy,,,,mafaulda_normal,,,,,,True,"split seed 202; operational folder taxonomy kept verbatim (naming caveat M2 not remapped); Normal grouped per recording — weaker unit, seen-setup limitation"
methodology_v2.part2.v1,2,MAFAULDA,train,mafaulda_normal_24.576,mafaulda_normal_24.576,normal,Healthy,recording_normal_exception,data/raw_mafaulda/full/normal/24.576.csv,50000,1474.56,,healthy,,,,mafaulda_normal,,,,,,True,"split seed 202; operational folder taxonomy kept verbatim (naming caveat M2 not remapped); Normal grouped per recording — weaker unit, seen-setup limitation"
methodology_v2.part2.v1,2,MAFAULDA,train,mafaulda_normal_25.6,mafaulda_normal_25.6,normal,Healthy,recording_normal_exception,data/raw_mafaulda/full/normal/25.6.csv,50000,1536.0,,healthy,,,,mafaulda_normal,,,,,,True,"split seed 202; operational folder taxonomy kept verbatim (naming caveat M2 not remapped); Normal grouped per recording — weaker unit, seen-setup limitation"
methodology_v2.part2.v1,2,MAFAULDA,train,mafaulda_normal_26.624,mafaulda_normal_26.624,normal,Healthy,recording_normal_exception,data/raw_mafaulda/full/normal/26.624.csv,50000,1597.4399999999998,,healthy,,,,mafaulda_normal,,,,,,True,"split seed 202; operational folder taxonomy kept verbatim (naming caveat M2 not remapped); Normal grouped per recording — weaker unit, seen-setup limitation"
methodology_v2.part2.v1,2,MAFAULDA,train,mafaulda_normal_27.4432,mafaulda_normal_27.4432,normal,Healthy,recording_normal_exception,data/raw_mafaulda/full/normal/27.4432.csv,50000,1646.592,,healthy,,,,mafaulda_normal,,,,,,True,"split seed 202; operational folder taxonomy kept verbatim (naming caveat M2 not remapped); Normal grouped per recording — weaker unit, seen-setup limitation"
methodology_v2.part2.v1,2,MAFAULDA,train,mafaulda_normal_28.8768,mafaulda_normal_28.8768,normal,Healthy,recording_normal_exception,data/raw_mafaulda/full/normal/28.8768.csv,50000,1732.608,,healthy,,,,mafaulda_normal,,,,,,True,"split seed 202; operational folder taxonomy kept verbatim (naming caveat M2 not remapped); Normal grouped per recording — weaker unit, seen-setup limitation"
methodology_v2.part2.v1,2,MAFAULDA,train,mafaulda_normal_29.4912,mafaulda_normal_29.4912,normal,Healthy,recording_normal_exception,data/raw_mafaulda/full/normal/29.4912.csv,50000,1769.472,,healthy,,,,mafaulda_normal,,,,,,True,"split seed 202; operational folder taxonomy kept verbatim (naming caveat M2 not remapped); Normal grouped per recording — weaker unit, seen-setup limitation"
methodology_v2.part2.v1,2,MAFAULDA,train,mafaulda_normal_30.72,mafaulda_normal_30.72,normal,Healthy,recording_normal_exception,data/raw_mafaulda/full/normal/30.72.csv,50000,1843.2,,healthy,,,,mafaulda_normal,,,,,,True,"split seed 202; operational folder taxonomy kept verbatim (naming caveat M2 not remapped); Normal grouped per recording — weaker unit, seen-setup limitation"
methodology_v2.part2.v1,2,MAFAULDA,train,mafaulda_normal_31.744,mafaulda_normal_31.744,normal,Healthy,recording_normal_exception,data/raw_mafaulda/full/normal/31.744.csv,50000,1904.64,,healthy,,,,mafaulda_normal,,,,,,True,"split seed 202; operational folder taxonomy kept verbatim (naming caveat M2 not remapped); Normal grouped per recording — weaker unit, seen-setup limitation"
methodology_v2.part2.v1,2,MAFAULDA,train,mafaulda_normal_32.9728,mafaulda_normal_32.9728,normal,Healthy,recording_normal_exception,data/raw_mafaulda/full/normal/32.9728.csv,50000,1978.368,,healthy,,,,mafaulda_normal,,,,,,True,"split seed 202; operational folder taxonomy kept verbatim (naming caveat M2 not remapped); Normal grouped per recording — weaker unit, seen-setup limitation"
methodology_v2.part2.v1,2,MAFAULDA,train,mafaulda_normal_33.5872,mafaulda_normal_33.5872,normal,Healthy,recording_normal_exception,data/raw_mafaulda/full/normal/33.5872.csv,50000,2015.232,,healthy,,,,mafaulda_normal,,,,,,True,"split seed 202; operational folder taxonomy kept verbatim (naming caveat M2 not remapped); Normal grouped per recording — weaker unit, seen-setup limitation"
methodology_v2.part2.v1,2,MAFAULDA,train,mafaulda_normal_34.2016,mafaulda_normal_34.2016,normal,Healthy,recording_normal_exception,data/raw_mafaulda/full/normal/34.2016.csv,50000,2052.096,,healthy,,,,mafaulda_normal,,,,,,True,"split seed 202; operational folder taxonomy kept verbatim (naming caveat M2 not remapped); Normal grouped per recording — weaker unit, seen-setup limitation"
methodology_v2.part2.v1,2,MAFAULDA,train,mafaulda_normal_35.4304,mafaulda_normal_35.4304,normal,Healthy,recording_normal_exception,data/raw_mafaulda/full/normal/35.4304.csv,50000,2125.824,,healthy,,,,mafaulda_normal,,,,,,True,"split seed 202; operational folder taxonomy kept verbatim (naming caveat M2 not remapped); Normal grouped per recording — weaker unit, seen-setup limitation"
methodology_v2.part2.v1,2,MAFAULDA,train,mafaulda_normal_36.4544,mafaulda_normal_36.4544,normal,Healthy,recording_normal_exception,data/raw_mafaulda/full/normal/36.4544.csv,50000,2187.264,,healthy,,,,mafaulda_normal,,,,,,True,"split seed 202; operational folder taxonomy kept verbatim (naming caveat M2 not remapped); Normal grouped per recording — weaker unit, seen-setup limitation"
methodology_v2.part2.v1,2,MAFAULDA,test,mafaulda_normal_37.6832,mafaulda_normal_37.6832,normal,Healthy,recording_normal_exception,data/raw_mafaulda/full/normal/37.6832.csv,50000,2260.992,,healthy,,,,mafaulda_normal,,,,,,True,"split seed 202; operational folder taxonomy kept verbatim (naming caveat M2 not remapped); Normal grouped per recording — weaker unit, seen-setup limitation"
methodology_v2.part2.v1,2,MAFAULDA,train,mafaulda_normal_38.2976,mafaulda_normal_38.2976,normal,Healthy,recording_normal_exception,data/raw_mafaulda/full/normal/38.2976.csv,50000,2297.856,,healthy,,,,mafaulda_normal,,,,,,True,"split seed 202; operational folder taxonomy kept verbatim (naming caveat M2 not remapped); Normal grouped per recording — weaker unit, seen-setup limitation"
methodology_v2.part2.v1,2,MAFAULDA,validation,mafaulda_normal_39.3216,mafaulda_normal_39.3216,normal,Healthy,recording_normal_exception,data/raw_mafaulda/full/normal/39.3216.csv,50000,2359.296,,healthy,,,,mafaulda_normal,,,,,,True,"split seed 202; operational folder taxonomy kept verbatim (naming caveat M2 not remapped); Normal grouped per recording — weaker unit, seen-setup limitation"
methodology_v2.part2.v1,2,MAFAULDA,train,mafaulda_normal_40.3456,mafaulda_normal_40.3456,normal,Healthy,recording_normal_exception,data/raw_mafaulda/full/normal/40.3456.csv,50000,2420.736,,healthy,,,,mafaulda_normal,,,,,,True,"split seed 202; operational folder taxonomy kept verbatim (naming caveat M2 not remapped); Normal grouped per recording — weaker unit, seen-setup limitation"
methodology_v2.part2.v1,2,MAFAULDA,train,mafaulda_normal_41.7792,mafaulda_normal_41.7792,normal,Healthy,recording_normal_exception,data/raw_mafaulda/full/normal/41.7792.csv,50000,2506.7520000000004,,healthy,,,,mafaulda_normal,,,,,,True,"split seed 202; operational folder taxonomy kept verbatim (naming caveat M2 not remapped); Normal grouped per recording — weaker unit, seen-setup limitation"
methodology_v2.part2.v1,2,MAFAULDA,train,mafaulda_normal_42.3936,mafaulda_normal_42.3936,normal,Healthy,recording_normal_exception,data/raw_mafaulda/full/normal/42.3936.csv,50000,2543.616,,healthy,,,,mafaulda_normal,,,,,,True,"split seed 202; operational folder taxonomy kept verbatim (naming caveat M2 not remapped); Normal grouped per recording — weaker unit, seen-setup limitation"
methodology_v2.part2.v1,2,MAFAULDA,test,mafaulda_normal_43.6224,mafaulda_normal_43.6224,normal,Healthy,recording_normal_exception,data/raw_mafaulda/full/normal/43.6224.csv,50000,2617.344,,healthy,,,,mafaulda_normal,,,,,,True,"split seed 202; operational folder taxonomy kept verbatim (naming caveat M2 not remapped); Normal grouped per recording — weaker unit, seen-setup limitation"
methodology_v2.part2.v1,2,MAFAULDA,validation,mafaulda_normal_44.6464,mafaulda_normal_44.6464,normal,Healthy,recording_normal_exception,data/raw_mafaulda/full/normal/44.6464.csv,50000,2678.784,,healthy,,,,mafaulda_normal,,,,,,True,"split seed 202; operational folder taxonomy kept verbatim (naming caveat M2 not remapped); Normal grouped per recording — weaker unit, seen-setup limitation"
methodology_v2.part2.v1,2,MAFAULDA,train,mafaulda_normal_45.4656,mafaulda_normal_45.4656,normal,Healthy,recording_normal_exception,data/raw_mafaulda/full/normal/45.4656.csv,50000,2727.936,,healthy,,,,mafaulda_normal,,,,,,True,"split seed 202; operational folder taxonomy kept verbatim (naming caveat M2 not remapped); Normal grouped per recording — weaker unit, seen-setup limitation"
methodology_v2.part2.v1,2,MAFAULDA,train,mafaulda_normal_46.2848,mafaulda_normal_46.2848,normal,Healthy,recording_normal_exception,data/raw_mafaulda/full/normal/46.2848.csv,50000,2777.088,,healthy,,,,mafaulda_normal,,,,,,True,"split seed 202; operational folder taxonomy kept verbatim (naming caveat M2 not remapped); Normal grouped per recording — weaker unit, seen-setup limitation"
methodology_v2.part2.v1,2,MAFAULDA,train,mafaulda_normal_47.7184,mafaulda_normal_47.7184,normal,Healthy,recording_normal_exception,data/raw_mafaulda/full/normal/47.7184.csv,50000,2863.1040000000003,,healthy,,,,mafaulda_normal,,,,,,True,"split seed 202; operational folder taxonomy kept verbatim (naming caveat M2 not remapped); Normal grouped per recording — weaker unit, seen-setup limitation"
methodology_v2.part2.v1,2,MAFAULDA,test,mafaulda_normal_48.9472,mafaulda_normal_48.9472,normal,Healthy,recording_normal_exception,data/raw_mafaulda/full/normal/48.9472.csv,50000,2936.8320000000003,,healthy,,,,mafaulda_normal,,,,,,True,"split seed 202; operational folder taxonomy kept verbatim (naming caveat M2 not remapped); Normal grouped per recording — weaker unit, seen-setup limitation"
methodology_v2.part2.v1,2,MAFAULDA,test,mafaulda_normal_49.5616,mafaulda_normal_49.5616,normal,Healthy,recording_normal_exception,data/raw_mafaulda/full/normal/49.5616.csv,50000,2973.696,,healthy,,,,mafaulda_normal,,,,,,True,"split seed 202; operational folder taxonomy kept verbatim (naming caveat M2 not remapped); Normal grouped per recording — weaker unit, seen-setup limitation"
methodology_v2.part2.v1,2,MAFAULDA,train,mafaulda_normal_51.8144,mafaulda_normal_51.8144,normal,Healthy,recording_normal_exception,data/raw_mafaulda/full/normal/51.8144.csv,50000,3108.864,,healthy,,,,mafaulda_normal,,,,,,True,"split seed 202; operational folder taxonomy kept verbatim (naming caveat M2 not remapped); Normal grouped per recording — weaker unit, seen-setup limitation"
methodology_v2.part2.v1,2,MAFAULDA,train,mafaulda_normal_52.4288,mafaulda_normal_52.4288,normal,Healthy,recording_normal_exception,data/raw_mafaulda/full/normal/52.4288.csv,50000,3145.728,,healthy,,,,mafaulda_normal,,,,,,True,"split seed 202; operational folder taxonomy kept verbatim (naming caveat M2 not remapped); Normal grouped per recording — weaker unit, seen-setup limitation"
methodology_v2.part2.v1,2,MAFAULDA,train,mafaulda_normal_53.8624,mafaulda_normal_53.8624,normal,Healthy,recording_normal_exception,data/raw_mafaulda/full/normal/53.8624.csv,50000,3231.744,,healthy,,,,mafaulda_normal,,,,,,True,"split seed 202; operational folder taxonomy kept verbatim (naming caveat M2 not remapped); Normal grouped per recording — weaker unit, seen-setup limitation"
methodology_v2.part2.v1,2,MAFAULDA,train,mafaulda_normal_54.6816,mafaulda_normal_54.6816,normal,Healthy,recording_normal_exception,data/raw_mafaulda/full/normal/54.6816.csv,50000,3280.896,,healthy,,,,mafaulda_normal,,,,,,True,"split seed 202; operational folder taxonomy kept verbatim (naming caveat M2 not remapped); Normal grouped per recording — weaker unit, seen-setup limitation"
methodology_v2.part2.v1,2,MAFAULDA,validation,mafaulda_normal_55.7056,mafaulda_normal_55.7056,normal,Healthy,recording_normal_exception,data/raw_mafaulda/full/normal/55.7056.csv,50000,3342.336,,healthy,,,,mafaulda_normal,,,,,,True,"split seed 202; operational folder taxonomy kept verbatim (naming caveat M2 not remapped); Normal grouped per recording — weaker unit, seen-setup limitation"
methodology_v2.part2.v1,2,MAFAULDA,validation,mafaulda_normal_56.7296,mafaulda_normal_56.7296,normal,Healthy,recording_normal_exception,data/raw_mafaulda/full/normal/56.7296.csv,50000,3403.776,,healthy,,,,mafaulda_normal,,,,,,True,"split seed 202; operational folder taxonomy kept verbatim (naming caveat M2 not remapped); Normal grouped per recording — weaker unit, seen-setup limitation"
methodology_v2.part2.v1,2,MAFAULDA,test,mafaulda_normal_57.9584,mafaulda_normal_57.9584,normal,Healthy,recording_normal_exception,data/raw_mafaulda/full/normal/57.9584.csv,50000,3477.504,,healthy,,,,mafaulda_normal,,,,,,True,"split seed 202; operational folder taxonomy kept verbatim (naming caveat M2 not remapped); Normal grouped per recording — weaker unit, seen-setup limitation"
methodology_v2.part2.v1,2,MAFAULDA,train,mafaulda_normal_58.7776,mafaulda_normal_58.7776,normal,Healthy,recording_normal_exception,data/raw_mafaulda/full/normal/58.7776.csv,50000,3526.656,,healthy,,,,mafaulda_normal,,,,,,True,"split seed 202; operational folder taxonomy kept verbatim (naming caveat M2 not remapped); Normal grouped per recording — weaker unit, seen-setup limitation"
methodology_v2.part2.v1,2,MAFAULDA,train,mafaulda_normal_59.5968,mafaulda_normal_59.5968,normal,Healthy,recording_normal_exception,data/raw_mafaulda/full/normal/59.5968.csv,50000,3575.808,,healthy,,,,mafaulda_normal,,,,,,True,"split seed 202; operational folder taxonomy kept verbatim (naming caveat M2 not remapped); Normal grouped per recording — weaker unit, seen-setup limitation"
methodology_v2.part2.v1,2,MAFAULDA,train,mafaulda_normal_60.416,mafaulda_normal_60.416,normal,Healthy,recording_normal_exception,data/raw_mafaulda/full/normal/60.416.csv,50000,3624.96,,healthy,,,,mafaulda_normal,,,,,,True,"split seed 202; operational folder taxonomy kept verbatim (naming caveat M2 not remapped); Normal grouped per recording — weaker unit, seen-setup limitation"
methodology_v2.part2.v1,2,MAFAULDA,validation,mafaulda_normal_61.44,mafaulda_normal_61.44,normal,Healthy,recording_normal_exception,data/raw_mafaulda/full/normal/61.44.csv,50000,3686.4,,healthy,,,,mafaulda_normal,,,,,,True,"split seed 202; operational folder taxonomy kept verbatim (naming caveat M2 not remapped); Normal grouped per recording — weaker unit, seen-setup limitation"
methodology_v2.part2.v1,2,MAFAULDA,validation,mafaulda_overhang_ball_fault_0g_12.9024,mafaulda_overhang_ball_fault_0g,overhang/ball_fault,RollingElement,fault_configuration,data/raw_mafaulda/full/overhang/ball_fault/0g/12.9024.csv,50000,774.144,added_mass_0g,bearing_ball_fault,added_mass_0g,overhang,,mafaulda_overhang_ball_fault_0g,,,,,,True,split seed 202; operational folder taxonomy kept verbatim (naming caveat M2 not remapped)
methodology_v2.part2.v1,2,MAFAULDA,validation,mafaulda_overhang_ball_fault_0g_14.1312,mafaulda_overhang_ball_fault_0g,overhang/ball_fault,RollingElement,fault_configuration,data/raw_mafaulda/full/overhang/ball_fault/0g/14.1312.csv,50000,847.872,added_mass_0g,bearing_ball_fault,added_mass_0g,overhang,,mafaulda_overhang_ball_fault_0g,,,,,,True,split seed 202; operational folder taxonomy kept verbatim (naming caveat M2 not remapped)
methodology_v2.part2.v1,2,MAFAULDA,validation,mafaulda_overhang_ball_fault_0g_15.7696,mafaulda_overhang_ball_fault_0g,overhang/ball_fault,RollingElement,fault_configuration,data/raw_mafaulda/full/overhang/ball_fault/0g/15.7696.csv,50000,946.176,added_mass_0g,bearing_ball_fault,added_mass_0g,overhang,,mafaulda_overhang_ball_fault_0g,,,,,,True,split seed 202; operational folder taxonomy kept verbatim (naming caveat M2 not remapped)
methodology_v2.part2.v1,2,MAFAULDA,validation,mafaulda_overhang_ball_fault_0g_16.5888,mafaulda_overhang_ball_fault_0g,overhang/ball_fault,RollingElement,fault_configuration,data/raw_mafaulda/full/overhang/ball_fault/0g/16.5888.csv,50000,995.328,added_mass_0g,bearing_ball_fault,added_mass_0g,overhang,,mafaulda_overhang_ball_fault_0g,,,,,,True,split seed 202; operational folder taxonomy kept verbatim (naming caveat M2 not remapped)
methodology_v2.part2.v1,2,MAFAULDA,validation,mafaulda_overhang_ball_fault_0g_17.6128,mafaulda_overhang_ball_fault_0g,overhang/ball_fault,RollingElement,fault_configuration,data/raw_mafaulda/full/overhang/ball_fault/0g/17.6128.csv,50000,1056.768,added_mass_0g,bearing_ball_fault,added_mass_0g,overhang,,mafaulda_overhang_ball_fault_0g,,,,,,True,split seed 202; operational folder taxonomy kept verbatim (naming caveat M2 not remapped)
methodology_v2.part2.v1,2,MAFAULDA,validation,mafaulda_overhang_ball_fault_0g_18.6368,mafaulda_overhang_ball_fault_0g,overhang/ball_fault,RollingElement,fault_configuration,data/raw_mafaulda/full/overhang/ball_fault/0g/18.6368.csv,50000,1118.208,added_mass_0g,bearing_ball_fault,added_mass_0g,overhang,,mafaulda_overhang_ball_fault_0g,,,,,,True,split seed 202; operational folder taxonomy kept verbatim (naming caveat M2 not remapped)
methodology_v2.part2.v1,2,MAFAULDA,validation,mafaulda_overhang_ball_fault_0g_19.6608,mafaulda_overhang_ball_fault_0g,overhang/ball_fault,RollingElement,fault_configuration,data/raw_mafaulda/full/overhang/ball_fault/0g/19.6608.csv,50000,1179.648,added_mass_0g,bearing_ball_fault,added_mass_0g,overhang,,mafaulda_overhang_ball_fault_0g,,,,,,True,split seed 202; operational folder taxonomy kept verbatim (naming caveat M2 not remapped)
methodology_v2.part2.v1,2,MAFAULDA,validation,mafaulda_overhang_ball_fault_0g_20.6848,mafaulda_overhang_ball_fault_0g,overhang/ball_fault,RollingElement,fault_configuration,data/raw_mafaulda/full/overhang/ball_fault/0g/20.6848.csv,50000,1241.088,added_mass_0g,bearing_ball_fault,added_mass_0g,overhang,,mafaulda_overhang_ball_fault_0g,,,,,,True,split seed 202; operational folder taxonomy kept verbatim (naming caveat M2 not remapped)
methodology_v2.part2.v1,2,MAFAULDA,validation,mafaulda_overhang_ball_fault_0g_21.504,mafaulda_overhang_ball_fault_0g,overhang/ball_fault,RollingElement,fault_configuration,data/raw_mafaulda/full/overhang/ball_fault/0g/21.504.csv,50000,1290.24,added_mass_0g,bearing_ball_fault,added_mass_0g,overhang,,mafaulda_overhang_ball_fault_0g,,,,,,True,split seed 202; operational folder taxonomy kept verbatim (naming caveat M2 not remapped)
methodology_v2.part2.v1,2,MAFAULDA,validation,mafaulda_overhang_ball_fault_0g_22.3232,mafaulda_overhang_ball_fault_0g,overhang/ball_fault,RollingElement,fault_configuration,data/raw_mafaulda/full/overhang/ball_fault/0g/22.3232.csv,50000,1339.392,added_mass_0g,bearing_ball_fault,added_mass_0g,overhang,,mafaulda_overhang_ball_fault_0g,,,,,,True,split seed 202; operational folder taxonomy kept verbatim (naming caveat M2 not remapped)
methodology_v2.part2.v1,2,MAFAULDA,validation,mafaulda_overhang_ball_fault_0g_23.552,mafaulda_overhang_ball_fault_0g,overhang/ball_fault,RollingElement,fault_configuration,data/raw_mafaulda/full/overhang/ball_fault/0g/23.552.csv,50000,1413.12,added_mass_0g,bearing_ball_fault,added_mass_0g,overhang,,mafaulda_overhang_ball_fault_0g,,,,,,True,split seed 202; operational folder taxonomy kept verbatim (naming caveat M2 not remapped)
methodology_v2.part2.v1,2,MAFAULDA,validation,mafaulda_overhang_ball_fault_0g_24.3712,mafaulda_overhang_ball_fault_0g,overhang/ball_fault,RollingElement,fault_configuration,data/raw_mafaulda/full/overhang/ball_fault/0g/24.3712.csv,50000,1462.2720000000002,added_mass_0g,bearing_ball_fault,added_mass_0g,overhang,,mafaulda_overhang_ball_fault_0g,,,,,,True,split seed 202; operational folder taxonomy kept verbatim (naming caveat M2 not remapped)
methodology_v2.part2.v1,2,MAFAULDA,validation,mafaulda_overhang_ball_fault_0g_25.8048,mafaulda_overhang_ball_fault_0g,overhang/ball_fault,RollingElement,fault_configuration,data/raw_mafaulda/full/overhang/ball_fault/0g/25.8048.csv,50000,1548.288,added_mass_0g,bearing_ball_fault,added_mass_0g,overhang,,mafaulda_overhang_ball_fault_0g,,,,,,True,split seed 202; operational folder taxonomy kept verbatim (naming caveat M2 not remapped)
methodology_v2.part2.v1,2,MAFAULDA,validation,mafaulda_overhang_ball_fault_0g_26.4192,mafaulda_overhang_ball_fault_0g,overhang/ball_fault,RollingElement,fault_configuration,data/raw_mafaulda/full/overhang/ball_fault/0g/26.4192.csv,50000,1585.152,added_mass_0g,bearing_ball_fault,added_mass_0g,overhang,,mafaulda_overhang_ball_fault_0g,,,,,,True,split seed 202; operational folder taxonomy kept verbatim (naming caveat M2 not remapped)
methodology_v2.part2.v1,2,MAFAULDA,validation,mafaulda_overhang_ball_fault_0g_27.4432,mafaulda_overhang_ball_fault_0g,overhang/ball_fault,RollingElement,fault_configuration,data/raw_mafaulda/full/overhang/ball_fault/0g/27.4432.csv,50000,1646.592,added_mass_0g,bearing_ball_fault,added_mass_0g,overhang,,mafaulda_overhang_ball_fault_0g,,,,,,True,split seed 202; operational folder taxonomy kept verbatim (naming caveat M2 not remapped)
methodology_v2.part2.v1,2,MAFAULDA,validation,mafaulda_overhang_ball_fault_0g_28.8768,mafaulda_overhang_ball_fault_0g,overhang/ball_fault,RollingElement,fault_configuration,data/raw_mafaulda/full/overhang/ball_fault/0g/28.8768.csv,50000,1732.608,added_mass_0g,bearing_ball_fault,added_mass_0g,overhang,,mafaulda_overhang_ball_fault_0g,,,,,,True,split seed 202; operational folder taxonomy kept verbatim (naming caveat M2 not remapped)
methodology_v2.part2.v1,2,MAFAULDA,validation,mafaulda_overhang_ball_fault_0g_29.2864,mafaulda_overhang_ball_fault_0g,overhang/ball_fault,RollingElement,fault_configuration,data/raw_mafaulda/full/overhang/ball_fault/0g/29.2864.csv,50000,1757.184,added_mass_0g,bearing_ball_fault,added_mass_0g,overhang,,mafaulda_overhang_ball_fault_0g,,,,,,True,split seed 202; operational folder taxonomy kept verbatim (naming caveat M2 not remapped)
methodology_v2.part2.v1,2,MAFAULDA,validation,mafaulda_overhang_ball_fault_0g_30.1056,mafaulda_overhang_ball_fault_0g,overhang/ball_fault,RollingElement,fault_configuration,data/raw_mafaulda/full/overhang/ball_fault/0g/30.1056.csv,50000,1806.336,added_mass_0g,bearing_ball_fault,added_mass_0g,overhang,,mafaulda_overhang_ball_fault_0g,,,,,,True,split seed 202; operational folder taxonomy kept verbatim (naming caveat M2 not remapped)
methodology_v2.part2.v1,2,MAFAULDA,validation,mafaulda_overhang_ball_fault_0g_31.5392,mafaulda_overhang_ball_fault_0g,overhang/ball_fault,RollingElement,fault_configuration,data/raw_mafaulda/full/overhang/ball_fault/0g/31.5392.csv,50000,1892.352,added_mass_0g,bearing_ball_fault,added_mass_0g,overhang,,mafaulda_overhang_ball_fault_0g,,,,,,True,split seed 202; operational folder taxonomy kept verbatim (naming caveat M2 not remapped)
methodology_v2.part2.v1,2,MAFAULDA,validation,mafaulda_overhang_ball_fault_0g_32.768,mafaulda_overhang_ball_fault_0g,overhang/ball_fault,RollingElement,fault_configuration,data/raw_mafaulda/full/overhang/ball_fault/0g/32.768.csv,50000,1966.08,added_mass_0g,bearing_ball_fault,added_mass_0g,overhang,,mafaulda_overhang_ball_fault_0g,,,,,,True,split seed 202; operational folder taxonomy kept verbatim (naming caveat M2 not remapped)
methodology_v2.part2.v1,2,MAFAULDA,validation,mafaulda_overhang_ball_fault_0g_33.5872,mafaulda_overhang_ball_fault_0g,overhang/ball_fault,RollingElement,fault_configuration,data/raw_mafaulda/full/overhang/ball_fault/0g/33.5872.csv,50000,2015.232,added_mass_0g,bearing_ball_fault,added_mass_0g,overhang,,mafaulda_overhang_ball_fault_0g,,,,,,True,split seed 202; operational folder taxonomy kept verbatim (naming caveat M2 not remapped)
methodology_v2.part2.v1,2,MAFAULDA,validation,mafaulda_overhang_ball_fault_0g_34.4064,mafaulda_overhang_ball_fault_0g,overhang/ball_fault,RollingElement,fault_configuration,data/raw_mafaulda/full/overhang/ball_fault/0g/34.4064.csv,50000,2064.384,added_mass_0g,bearing_ball_fault,added_mass_0g,overhang,,mafaulda_overhang_ball_fault_0g,,,,,,True,split seed 202; operational folder taxonomy kept verbatim (naming caveat M2 not remapped)
methodology_v2.part2.v1,2,MAFAULDA,validation,mafaulda_overhang_ball_fault_0g_35.6352,mafaulda_overhang_ball_fault_0g,overhang/ball_fault,RollingElement,fault_configuration,data/raw_mafaulda/full/overhang/ball_fault/0g/35.6352.csv,50000,2138.112,added_mass_0g,bearing_ball_fault,added_mass_0g,overhang,,mafaulda_overhang_ball_fault_0g,,,,,,True,split seed 202; operational folder taxonomy kept verbatim (naming caveat M2 not remapped)
methodology_v2.part2.v1,2,MAFAULDA,validation,mafaulda_overhang_ball_fault_0g_36.4544,mafaulda_overhang_ball_fault_0g,overhang/ball_fault,RollingElement,fault_configuration,data/raw_mafaulda/full/overhang/ball_fault/0g/36.4544.csv,50000,2187.264,added_mass_0g,bearing_ball_fault,added_mass_0g,overhang,,mafaulda_overhang_ball_fault_0g,,,,,,True,split seed 202; operational folder taxonomy kept verbatim (naming caveat M2 not remapped)
methodology_v2.part2.v1,2,MAFAULDA,validation,mafaulda_overhang_ball_fault_0g_37.4784,mafaulda_overhang_ball_fault_0g,overhang/ball_fault,RollingElement,fault_configuration,data/raw_mafaulda/full/overhang/ball_fault/0g/37.4784.csv,50000,2248.704,added_mass_0g,bearing_ball_fault,added_mass_0g,overhang,,mafaulda_overhang_ball_fault_0g,,,,,,True,split seed 202; operational folder taxonomy kept verbatim (naming caveat M2 not remapped)
methodology_v2.part2.v1,2,MAFAULDA,validation,mafaulda_overhang_ball_fault_0g_38.2976,mafaulda_overhang_ball_fault_0g,overhang/ball_fault,RollingElement,fault_configuration,data/raw_mafaulda/full/overhang/ball_fault/0g/38.2976.csv,50000,2297.856,added_mass_0g,bearing_ball_fault,added_mass_0g,overhang,,mafaulda_overhang_ball_fault_0g,,,,,,True,split seed 202; operational folder taxonomy kept verbatim (naming caveat M2 not remapped)
methodology_v2.part2.v1,2,MAFAULDA,validation,mafaulda_overhang_ball_fault_0g_39.5264,mafaulda_overhang_ball_fault_0g,overhang/ball_fault,RollingElement,fault_configuration,data/raw_mafaulda/full/overhang/ball_fault/0g/39.5264.csv,50000,2371.5840000000003,added_mass_0g,bearing_ball_fault,added_mass_0g,overhang,,mafaulda_overhang_ball_fault_0g,,,,,,True,split seed 202; operational folder taxonomy kept verbatim (naming caveat M2 not remapped)
methodology_v2.part2.v1,2,MAFAULDA,validation,mafaulda_overhang_ball_fault_0g_40.3456,mafaulda_overhang_ball_fault_0g,overhang/ball_fault,RollingElement,fault_configuration,data/raw_mafaulda/full/overhang/ball_fault/0g/40.3456.csv,50000,2420.736,added_mass_0g,bearing_ball_fault,added_mass_0g,overhang,,mafaulda_overhang_ball_fault_0g,,,,,,True,split seed 202; operational folder taxonomy kept verbatim (naming caveat M2 not remapped)
methodology_v2.part2.v1,2,MAFAULDA,validation,mafaulda_overhang_ball_fault_0g_41.3696,mafaulda_overhang_ball_fault_0g,overhang/ball_fault,RollingElement,fault_configuration,data/raw_mafaulda/full/overhang/ball_fault/0g/41.3696.csv,50000,2482.176,added_mass_0g,bearing_ball_fault,added_mass_0g,overhang,,mafaulda_overhang_ball_fault_0g,,,,,,True,split seed 202; operational folder taxonomy kept verbatim (naming caveat M2 not remapped)
methodology_v2.part2.v1,2,MAFAULDA,validation,mafaulda_overhang_ball_fault_0g_42.3936,mafaulda_overhang_ball_fault_0g,overhang/ball_fault,RollingElement,fault_configuration,data/raw_mafaulda/full/overhang/ball_fault/0g/42.3936.csv,50000,2543.616,added_mass_0g,bearing_ball_fault,added_mass_0g,overhang,,mafaulda_overhang_ball_fault_0g,,,,,,True,split seed 202; operational folder taxonomy kept verbatim (naming caveat M2 not remapped)
methodology_v2.part2.v1,2,MAFAULDA,validation,mafaulda_overhang_ball_fault_0g_43.4176,mafaulda_overhang_ball_fault_0g,overhang/ball_fault,RollingElement,fault_configuration,data/raw_mafaulda/full/overhang/ball_fault/0g/43.4176.csv,50000,2605.056,added_mass_0g,bearing_ball_fault,added_mass_0g,overhang,,mafaulda_overhang_ball_fault_0g,,,,,,True,split seed 202; operational folder taxonomy kept verbatim (naming caveat M2 not remapped)
methodology_v2.part2.v1,2,MAFAULDA,validation,mafaulda_overhang_ball_fault_0g_44.032,mafaulda_overhang_ball_fault_0g,overhang/ball_fault,RollingElement,fault_configuration,data/raw_mafaulda/full/overhang/ball_fault/0g/44.032.csv,50000,2641.92,added_mass_0g,bearing_ball_fault,added_mass_0g,overhang,,mafaulda_overhang_ball_fault_0g,,,,,,True,split seed 202; operational folder taxonomy kept verbatim (naming caveat M2 not remapped)
methodology_v2.part2.v1,2,MAFAULDA,validation,mafaulda_overhang_ball_fault_0g_45.2608,mafaulda_overhang_ball_fault_0g,overhang/ball_fault,RollingElement,fault_configuration,data/raw_mafaulda/full/overhang/ball_fault/0g/45.2608.csv,50000,2715.648,added_mass_0g,bearing_ball_fault,added_mass_0g,overhang,,mafaulda_overhang_ball_fault_0g,,,,,,True,split seed 202; operational folder taxonomy kept verbatim (naming caveat M2 not remapped)
methodology_v2.part2.v1,2,MAFAULDA,validation,mafaulda_overhang_ball_fault_0g_46.4896,mafaulda_overhang_ball_fault_0g,overhang/ball_fault,RollingElement,fault_configuration,data/raw_mafaulda/full/overhang/ball_fault/0g/46.4896.csv,50000,2789.376,added_mass_0g,bearing_ball_fault,added_mass_0g,overhang,,mafaulda_overhang_ball_fault_0g,,,,,,True,split seed 202; operational folder taxonomy kept verbatim (naming caveat M2 not remapped)
methodology_v2.part2.v1,2,MAFAULDA,validation,mafaulda_overhang_ball_fault_0g_47.5136,mafaulda_overhang_ball_fault_0g,overhang/ball_fault,RollingElement,fault_configuration,data/raw_mafaulda/full/overhang/ball_fault/0g/47.5136.csv,50000,2850.816,added_mass_0g,bearing_ball_fault,added_mass_0g,overhang,,mafaulda_overhang_ball_fault_0g,,,,,,True,split seed 202; operational folder taxonomy kept verbatim (naming caveat M2 not remapped)
methodology_v2.part2.v1,2,MAFAULDA,validation,mafaulda_overhang_ball_fault_0g_48.5376,mafaulda_overhang_ball_fault_0g,overhang/ball_fault,RollingElement,fault_configuration,data/raw_mafaulda/full/overhang/ball_fault/0g/48.5376.csv,50000,2912.256,added_mass_0g,bearing_ball_fault,added_mass_0g,overhang,,mafaulda_overhang_ball_fault_0g,,,,,,True,split seed 202; operational folder taxonomy kept verbatim (naming caveat M2 not remapped)
methodology_v2.part2.v1,2,MAFAULDA,validation,mafaulda_overhang_ball_fault_0g_49.5616,mafaulda_overhang_ball_fault_0g,overhang/ball_fault,RollingElement,fault_configuration,data/raw_mafaulda/full/overhang/ball_fault/0g/49.5616.csv,50000,2973.696,added_mass_0g,bearing_ball_fault,added_mass_0g,overhang,,mafaulda_overhang_ball_fault_0g,,,,,,True,split seed 202; operational folder taxonomy kept verbatim (naming caveat M2 not remapped)
methodology_v2.part2.v1,2,MAFAULDA,validation,mafaulda_overhang_ball_fault_0g_50.9952,mafaulda_overhang_ball_fault_0g,overhang/ball_fault,RollingElement,fault_configuration,data/raw_mafaulda/full/overhang/ball_fault/0g/50.9952.csv,50000,3059.712,added_mass_0g,bearing_ball_fault,added_mass_0g,overhang,,mafaulda_overhang_ball_fault_0g,,,,,,True,split seed 202; operational folder taxonomy kept verbatim (naming caveat M2 not remapped)
methodology_v2.part2.v1,2,MAFAULDA,validation,mafaulda_overhang_ball_fault_0g_51.8144,mafaulda_overhang_ball_fault_0g,overhang/ball_fault,RollingElement,fault_configuration,data/raw_mafaulda/full/overhang/ball_fault/0g/51.8144.csv,50000,3108.864,added_mass_0g,bearing_ball_fault,added_mass_0g,overhang,,mafaulda_overhang_ball_fault_0g,,,,,,True,split seed 202; operational folder taxonomy kept verbatim (naming caveat M2 not remapped)
methodology_v2.part2.v1,2,MAFAULDA,validation,mafaulda_overhang_ball_fault_0g_52.4288,mafaulda_overhang_ball_fault_0g,overhang/ball_fault,RollingElement,fault_configuration,data/raw_mafaulda/full/overhang/ball_fault/0g/52.4288.csv,50000,3145.728,added_mass_0g,bearing_ball_fault,added_mass_0g,overhang,,mafaulda_overhang_ball_fault_0g,,,,,,True,split seed 202; operational folder taxonomy kept verbatim (naming caveat M2 not remapped)
methodology_v2.part2.v1,2,MAFAULDA,validation,mafaulda_overhang_ball_fault_0g_53.0432,mafaulda_overhang_ball_fault_0g,overhang/ball_fault,RollingElement,fault_configuration,data/raw_mafaulda/full/overhang/ball_fault/0g/53.0432.csv,50000,3182.592,added_mass_0g,bearing_ball_fault,added_mass_0g,overhang,,mafaulda_overhang_ball_fault_0g,,,,,,True,split seed 202; operational folder taxonomy kept verbatim (naming caveat M2 not remapped)
methodology_v2.part2.v1,2,MAFAULDA,validation,mafaulda_overhang_ball_fault_0g_54.6816,mafaulda_overhang_ball_fault_0g,overhang/ball_fault,RollingElement,fault_configuration,data/raw_mafaulda/full/overhang/ball_fault/0g/54.6816.csv,50000,3280.896,added_mass_0g,bearing_ball_fault,added_mass_0g,overhang,,mafaulda_overhang_ball_fault_0g,,,,,,True,split seed 202; operational folder taxonomy kept verbatim (naming caveat M2 not remapped)
methodology_v2.part2.v1,2,MAFAULDA,validation,mafaulda_overhang_ball_fault_0g_55.7056,mafaulda_overhang_ball_fault_0g,overhang/ball_fault,RollingElement,fault_configuration,data/raw_mafaulda/full/overhang/ball_fault/0g/55.7056.csv,50000,3342.336,added_mass_0g,bearing_ball_fault,added_mass_0g,overhang,,mafaulda_overhang_ball_fault_0g,,,,,,True,split seed 202; operational folder taxonomy kept verbatim (naming caveat M2 not remapped)
methodology_v2.part2.v1,2,MAFAULDA,validation,mafaulda_overhang_ball_fault_0g_56.32,mafaulda_overhang_ball_fault_0g,overhang/ball_fault,RollingElement,fault_configuration,data/raw_mafaulda/full/overhang/ball_fault/0g/56.32.csv,50000,3379.2,added_mass_0g,bearing_ball_fault,added_mass_0g,overhang,,mafaulda_overhang_ball_fault_0g,,,,,,True,split seed 202; operational folder taxonomy kept verbatim (naming caveat M2 not remapped)
methodology_v2.part2.v1,2,MAFAULDA,validation,mafaulda_overhang_ball_fault_0g_58.1632,mafaulda_overhang_ball_fault_0g,overhang/ball_fault,RollingElement,fault_configuration,data/raw_mafaulda/full/overhang/ball_fault/0g/58.1632.csv,50000,3489.7920000000004,added_mass_0g,bearing_ball_fault,added_mass_0g,overhang,,mafaulda_overhang_ball_fault_0g,,,,,,True,split seed 202; operational folder taxonomy kept verbatim (naming caveat M2 not remapped)
methodology_v2.part2.v1,2,MAFAULDA,validation,mafaulda_overhang_ball_fault_0g_58.7776,mafaulda_overhang_ball_fault_0g,overhang/ball_fault,RollingElement,fault_configuration,data/raw_mafaulda/full/overhang/ball_fault/0g/58.7776.csv,50000,3526.656,added_mass_0g,bearing_ball_fault,added_mass_0g,overhang,,mafaulda_overhang_ball_fault_0g,,,,,,True,split seed 202; operational folder taxonomy kept verbatim (naming caveat M2 not remapped)
methodology_v2.part2.v1,2,MAFAULDA,validation,mafaulda_overhang_ball_fault_0g_59.8016,mafaulda_overhang_ball_fault_0g,overhang/ball_fault,RollingElement,fault_configuration,data/raw_mafaulda/full/overhang/ball_fault/0g/59.8016.csv,50000,3588.096,added_mass_0g,bearing_ball_fault,added_mass_0g,overhang,,mafaulda_overhang_ball_fault_0g,,,,,,True,split seed 202; operational folder taxonomy kept verbatim (naming caveat M2 not remapped)
methodology_v2.part2.v1,2,MAFAULDA,validation,mafaulda_overhang_ball_fault_0g_60.416,mafaulda_overhang_ball_fault_0g,overhang/ball_fault,RollingElement,fault_configuration,data/raw_mafaulda/full/overhang/ball_fault/0g/60.416.csv,50000,3624.96,added_mass_0g,bearing_ball_fault,added_mass_0g,overhang,,mafaulda_overhang_ball_fault_0g,,,,,,True,split seed 202; operational folder taxonomy kept verbatim (naming caveat M2 not remapped)
methodology_v2.part2.v1,2,MAFAULDA,validation,mafaulda_overhang_ball_fault_0g_61.44,mafaulda_overhang_ball_fault_0g,overhang/ball_fault,RollingElement,fault_configuration,data/raw_mafaulda/full/overhang/ball_fault/0g/61.44.csv,50000,3686.4,added_mass_0g,bearing_ball_fault,added_mass_0g,overhang,,mafaulda_overhang_ball_fault_0g,,,,,,True,split seed 202; operational folder taxonomy kept verbatim (naming caveat M2 not remapped)
methodology_v2.part2.v1,2,MAFAULDA,train,mafaulda_overhang_ball_fault_20g_12.288,mafaulda_overhang_ball_fault_20g,overhang/ball_fault,RollingElement,fault_configuration,data/raw_mafaulda/full/overhang/ball_fault/20g/12.288.csv,50000,737.28,added_mass_20g,bearing_ball_fault,added_mass_20g,overhang,,mafaulda_overhang_ball_fault_20g,,,,,,True,split seed 202; operational folder taxonomy kept verbatim (naming caveat M2 not remapped)
methodology_v2.part2.v1,2,MAFAULDA,train,mafaulda_overhang_ball_fault_20g_13.5168,mafaulda_overhang_ball_fault_20g,overhang/ball_fault,RollingElement,fault_configuration,data/raw_mafaulda/full/overhang/ball_fault/20g/13.5168.csv,50000,811.008,added_mass_20g,bearing_ball_fault,added_mass_20g,overhang,,mafaulda_overhang_ball_fault_20g,,,,,,True,split seed 202; operational folder taxonomy kept verbatim (naming caveat M2 not remapped)
methodology_v2.part2.v1,2,MAFAULDA,train,mafaulda_overhang_ball_fault_20g_14.5408,mafaulda_overhang_ball_fault_20g,overhang/ball_fault,RollingElement,fault_configuration,data/raw_mafaulda/full/overhang/ball_fault/20g/14.5408.csv,50000,872.4480000000001,added_mass_20g,bearing_ball_fault,added_mass_20g,overhang,,mafaulda_overhang_ball_fault_20g,,,,,,True,split seed 202; operational folder taxonomy kept verbatim (naming caveat M2 not remapped)
methodology_v2.part2.v1,2,MAFAULDA,train,mafaulda_overhang_ball_fault_20g_15.5648,mafaulda_overhang_ball_fault_20g,overhang/ball_fault,RollingElement,fault_configuration,data/raw_mafaulda/full/overhang/ball_fault/20g/15.5648.csv,50000,933.888,added_mass_20g,bearing_ball_fault,added_mass_20g,overhang,,mafaulda_overhang_ball_fault_20g,,,,,,True,split seed 202; operational folder taxonomy kept verbatim (naming caveat M2 not remapped)
methodology_v2.part2.v1,2,MAFAULDA,train,mafaulda_overhang_ball_fault_20g_16.1792,mafaulda_overhang_ball_fault_20g,overhang/ball_fault,RollingElement,fault_configuration,data/raw_mafaulda/full/overhang/ball_fault/20g/16.1792.csv,50000,970.752,added_mass_20g,bearing_ball_fault,added_mass_20g,overhang,,mafaulda_overhang_ball_fault_20g,,,,,,True,split seed 202; operational folder taxonomy kept verbatim (naming caveat M2 not remapped)
methodology_v2.part2.v1,2,MAFAULDA,train,mafaulda_overhang_ball_fault_20g_16.9984,mafaulda_overhang_ball_fault_20g,overhang/ball_fault,RollingElement,fault_configuration,data/raw_mafaulda/full/overhang/ball_fault/20g/16.9984.csv,50000,1019.904,added_mass_20g,bearing_ball_fault,added_mass_20g,overhang,,mafaulda_overhang_ball_fault_20g,,,,,,True,split seed 202; operational folder taxonomy kept verbatim (naming caveat M2 not remapped)
methodology_v2.part2.v1,2,MAFAULDA,train,mafaulda_overhang_ball_fault_20g_17.8176,mafaulda_overhang_ball_fault_20g,overhang/ball_fault,RollingElement,fault_configuration,data/raw_mafaulda/full/overhang/ball_fault/20g/17.8176.csv,50000,1069.056,added_mass_20g,bearing_ball_fault,added_mass_20g,overhang,,mafaulda_overhang_ball_fault_20g,,,,,,True,split seed 202; operational folder taxonomy kept verbatim (naming caveat M2 not remapped)
methodology_v2.part2.v1,2,MAFAULDA,train,mafaulda_overhang_ball_fault_20g_19.6608,mafaulda_overhang_ball_fault_20g,overhang/ball_fault,RollingElement,fault_configuration,data/raw_mafaulda/full/overhang/ball_fault/20g/19.6608.csv,50000,1179.648,added_mass_20g,bearing_ball_fault,added_mass_20g,overhang,,mafaulda_overhang_ball_fault_20g,,,,,,True,split seed 202; operational folder taxonomy kept verbatim (naming caveat M2 not remapped)
methodology_v2.part2.v1,2,MAFAULDA,train,mafaulda_overhang_ball_fault_20g_20.2752,mafaulda_overhang_ball_fault_20g,overhang/ball_fault,RollingElement,fault_configuration,data/raw_mafaulda/full/overhang/ball_fault/20g/20.2752.csv,50000,1216.5120000000002,added_mass_20g,bearing_ball_fault,added_mass_20g,overhang,,mafaulda_overhang_ball_fault_20g,,,,,,True,split seed 202; operational folder taxonomy kept verbatim (naming caveat M2 not remapped)
methodology_v2.part2.v1,2,MAFAULDA,train,mafaulda_overhang_ball_fault_20g_21.2992,mafaulda_overhang_ball_fault_20g,overhang/ball_fault,RollingElement,fault_configuration,data/raw_mafaulda/full/overhang/ball_fault/20g/21.2992.csv,50000,1277.952,added_mass_20g,bearing_ball_fault,added_mass_20g,overhang,,mafaulda_overhang_ball_fault_20g,,,,,,True,split seed 202; operational folder taxonomy kept verbatim (naming caveat M2 not remapped)
methodology_v2.part2.v1,2,MAFAULDA,train,mafaulda_overhang_ball_fault_20g_22.1184,mafaulda_overhang_ball_fault_20g,overhang/ball_fault,RollingElement,fault_configuration,data/raw_mafaulda/full/overhang/ball_fault/20g/22.1184.csv,50000,1327.104,added_mass_20g,bearing_ball_fault,added_mass_20g,overhang,,mafaulda_overhang_ball_fault_20g,,,,,,True,split seed 202; operational folder taxonomy kept verbatim (naming caveat M2 not remapped)
methodology_v2.part2.v1,2,MAFAULDA,train,mafaulda_overhang_ball_fault_20g_23.7568,mafaulda_overhang_ball_fault_20g,overhang/ball_fault,RollingElement,fault_configuration,data/raw_mafaulda/full/overhang/ball_fault/20g/23.7568.csv,50000,1425.408,added_mass_20g,bearing_ball_fault,added_mass_20g,overhang,,mafaulda_overhang_ball_fault_20g,,,,,,True,split seed 202; operational folder taxonomy kept verbatim (naming caveat M2 not remapped)
methodology_v2.part2.v1,2,MAFAULDA,train,mafaulda_overhang_ball_fault_20g_24.3712,mafaulda_overhang_ball_fault_20g,overhang/ball_fault,RollingElement,fault_configuration,data/raw_mafaulda/full/overhang/ball_fault/20g/24.3712.csv,50000,1462.2720000000002,added_mass_20g,bearing_ball_fault,added_mass_20g,overhang,,mafaulda_overhang_ball_fault_20g,,,,,,True,split seed 202; operational folder taxonomy kept verbatim (naming caveat M2 not remapped)
methodology_v2.part2.v1,2,MAFAULDA,train,mafaulda_overhang_ball_fault_20g_25.8048,mafaulda_overhang_ball_fault_20g,overhang/ball_fault,RollingElement,fault_configuration,data/raw_mafaulda/full/overhang/ball_fault/20g/25.8048.csv,50000,1548.288,added_mass_20g,bearing_ball_fault,added_mass_20g,overhang,,mafaulda_overhang_ball_fault_20g,,,,,,True,split seed 202; operational folder taxonomy kept verbatim (naming caveat M2 not remapped)
methodology_v2.part2.v1,2,MAFAULDA,train,mafaulda_overhang_ball_fault_20g_26.4192,mafaulda_overhang_ball_fault_20g,overhang/ball_fault,RollingElement,fault_configuration,data/raw_mafaulda/full/overhang/ball_fault/20g/26.4192.csv,50000,1585.152,added_mass_20g,bearing_ball_fault,added_mass_20g,overhang,,mafaulda_overhang_ball_fault_20g,,,,,,True,split seed 202; operational folder taxonomy kept verbatim (naming caveat M2 not remapped)
methodology_v2.part2.v1,2,MAFAULDA,train,mafaulda_overhang_ball_fault_20g_27.648,mafaulda_overhang_ball_fault_20g,overhang/ball_fault,RollingElement,fault_configuration,data/raw_mafaulda/full/overhang/ball_fault/20g/27.648.csv,50000,1658.88,added_mass_20g,bearing_ball_fault,added_mass_20g,overhang,,mafaulda_overhang_ball_fault_20g,,,,,,True,split seed 202; operational folder taxonomy kept verbatim (naming caveat M2 not remapped)
methodology_v2.part2.v1,2,MAFAULDA,train,mafaulda_overhang_ball_fault_20g_28.4672,mafaulda_overhang_ball_fault_20g,overhang/ball_fault,RollingElement,fault_configuration,data/raw_mafaulda/full/overhang/ball_fault/20g/28.4672.csv,50000,1708.032,added_mass_20g,bearing_ball_fault,added_mass_20g,overhang,,mafaulda_overhang_ball_fault_20g,,,,,,True,split seed 202; operational folder taxonomy kept verbatim (naming caveat M2 not remapped)
methodology_v2.part2.v1,2,MAFAULDA,train,mafaulda_overhang_ball_fault_20g_29.2864,mafaulda_overhang_ball_fault_20g,overhang/ball_fault,RollingElement,fault_configuration,data/raw_mafaulda/full/overhang/ball_fault/20g/29.2864.csv,50000,1757.184,added_mass_20g,bearing_ball_fault,added_mass_20g,overhang,,mafaulda_overhang_ball_fault_20g,,,,,,True,split seed 202; operational folder taxonomy kept verbatim (naming caveat M2 not remapped)
methodology_v2.part2.v1,2,MAFAULDA,train,mafaulda_overhang_ball_fault_20g_30.3104,mafaulda_overhang_ball_fault_20g,overhang/ball_fault,RollingElement,fault_configuration,data/raw_mafaulda/full/overhang/ball_fault/20g/30.3104.csv,50000,1818.624,added_mass_20g,bearing_ball_fault,added_mass_20g,overhang,,mafaulda_overhang_ball_fault_20g,,,,,,True,split seed 202; operational folder taxonomy kept verbatim (naming caveat M2 not remapped)
methodology_v2.part2.v1,2,MAFAULDA,train,mafaulda_overhang_ball_fault_20g_31.744,mafaulda_overhang_ball_fault_20g,overhang/ball_fault,RollingElement,fault_configuration,data/raw_mafaulda/full/overhang/ball_fault/20g/31.744.csv,50000,1904.64,added_mass_20g,bearing_ball_fault,added_mass_20g,overhang,,mafaulda_overhang_ball_fault_20g,,,,,,True,split seed 202; operational folder taxonomy kept verbatim (naming caveat M2 not remapped)
methodology_v2.part2.v1,2,MAFAULDA,train,mafaulda_overhang_ball_fault_20g_32.1536,mafaulda_overhang_ball_fault_20g,overhang/ball_fault,RollingElement,fault_configuration,data/raw_mafaulda/full/overhang/ball_fault/20g/32.1536.csv,50000,1929.216,added_mass_20g,bearing_ball_fault,added_mass_20g,overhang,,mafaulda_overhang_ball_fault_20g,,,,,,True,split seed 202; operational folder taxonomy kept verbatim (naming caveat M2 not remapped)
methodology_v2.part2.v1,2,MAFAULDA,train,mafaulda_overhang_ball_fault_20g_33.3824,mafaulda_overhang_ball_fault_20g,overhang/ball_fault,RollingElement,fault_configuration,data/raw_mafaulda/full/overhang/ball_fault/20g/33.3824.csv,50000,2002.944,added_mass_20g,bearing_ball_fault,added_mass_20g,overhang,,mafaulda_overhang_ball_fault_20g,,,,,,True,split seed 202; operational folder taxonomy kept verbatim (naming caveat M2 not remapped)
methodology_v2.part2.v1,2,MAFAULDA,train,mafaulda_overhang_ball_fault_20g_34.4064,mafaulda_overhang_ball_fault_20g,overhang/ball_fault,RollingElement,fault_configuration,data/raw_mafaulda/full/overhang/ball_fault/20g/34.4064.csv,50000,2064.384,added_mass_20g,bearing_ball_fault,added_mass_20g,overhang,,mafaulda_overhang_ball_fault_20g,,,,,,True,split seed 202; operational folder taxonomy kept verbatim (naming caveat M2 not remapped)
methodology_v2.part2.v1,2,MAFAULDA,train,mafaulda_overhang_ball_fault_20g_35.2256,mafaulda_overhang_ball_fault_20g,overhang/ball_fault,RollingElement,fault_configuration,data/raw_mafaulda/full/overhang/ball_fault/20g/35.2256.csv,50000,2113.536,added_mass_20g,bearing_ball_fault,added_mass_20g,overhang,,mafaulda_overhang_ball_fault_20g,,,,,,True,split seed 202; operational folder taxonomy kept verbatim (naming caveat M2 not remapped)
methodology_v2.part2.v1,2,MAFAULDA,train,mafaulda_overhang_ball_fault_20g_36.0448,mafaulda_overhang_ball_fault_20g,overhang/ball_fault,RollingElement,fault_configuration,data/raw_mafaulda/full/overhang/ball_fault/20g/36.0448.csv,50000,2162.688,added_mass_20g,bearing_ball_fault,added_mass_20g,overhang,,mafaulda_overhang_ball_fault_20g,,,,,,True,split seed 202; operational folder taxonomy kept verbatim (naming caveat M2 not remapped)
methodology_v2.part2.v1,2,MAFAULDA,test,mafaulda_overhang_ball_fault_35g_12.288,mafaulda_overhang_ball_fault_35g,overhang/ball_fault,RollingElement,fault_configuration,data/raw_mafaulda/full/overhang/ball_fault/35g/12.288.csv,50000,737.28,added_mass_35g,bearing_ball_fault,added_mass_35g,overhang,,mafaulda_overhang_ball_fault_35g,,,,,,True,split seed 202; operational folder taxonomy kept verbatim (naming caveat M2 not remapped)
methodology_v2.part2.v1,2,MAFAULDA,test,mafaulda_overhang_ball_fault_35g_13.312,mafaulda_overhang_ball_fault_35g,overhang/ball_fault,RollingElement,fault_configuration,data/raw_mafaulda/full/overhang/ball_fault/35g/13.312.csv,50000,798.7199999999999,added_mass_35g,bearing_ball_fault,added_mass_35g,overhang,,mafaulda_overhang_ball_fault_35g,,,,,,True,split seed 202; operational folder taxonomy kept verbatim (naming caveat M2 not remapped)
methodology_v2.part2.v1,2,MAFAULDA,test,mafaulda_overhang_ball_fault_35g_14.7456,mafaulda_overhang_ball_fault_35g,overhang/ball_fault,RollingElement,fault_configuration,data/raw_mafaulda/full/overhang/ball_fault/35g/14.7456.csv,50000,884.736,added_mass_35g,bearing_ball_fault,added_mass_35g,overhang,,mafaulda_overhang_ball_fault_35g,,,,,,True,split seed 202; operational folder taxonomy kept verbatim (naming caveat M2 not remapped)
methodology_v2.part2.v1,2,MAFAULDA,test,mafaulda_overhang_ball_fault_35g_15.7696,mafaulda_overhang_ball_fault_35g,overhang/ball_fault,RollingElement,fault_configuration,data/raw_mafaulda/full/overhang/ball_fault/35g/15.7696.csv,50000,946.176,added_mass_35g,bearing_ball_fault,added_mass_35g,overhang,,mafaulda_overhang_ball_fault_35g,,,,,,True,split seed 202; operational folder taxonomy kept verbatim (naming caveat M2 not remapped)
methodology_v2.part2.v1,2,MAFAULDA,test,mafaulda_overhang_ball_fault_35g_17.6128,mafaulda_overhang_ball_fault_35g,overhang/ball_fault,RollingElement,fault_configuration,data/raw_mafaulda/full/overhang/ball_fault/35g/17.6128.csv,50000,1056.768,added_mass_35g,bearing_ball_fault,added_mass_35g,overhang,,mafaulda_overhang_ball_fault_35g,,,,,,True,split seed 202; operational folder taxonomy kept verbatim (naming caveat M2 not remapped)
methodology_v2.part2.v1,2,MAFAULDA,test,mafaulda_overhang_ball_fault_35g_17.8176,mafaulda_overhang_ball_fault_35g,overhang/ball_fault,RollingElement,fault_configuration,data/raw_mafaulda/full/overhang/ball_fault/35g/17.8176.csv,50000,1069.056,added_mass_35g,bearing_ball_fault,added_mass_35g,overhang,,mafaulda_overhang_ball_fault_35g,,,,,,True,split seed 202; operational folder taxonomy kept verbatim (naming caveat M2 not remapped)
methodology_v2.part2.v1,2,MAFAULDA,test,mafaulda_overhang_ball_fault_35g_19.456,mafaulda_overhang_ball_fault_35g,overhang/ball_fault,RollingElement,fault_configuration,data/raw_mafaulda/full/overhang/ball_fault/35g/19.456.csv,50000,1167.36,added_mass_35g,bearing_ball_fault,added_mass_35g,overhang,,mafaulda_overhang_ball_fault_35g,,,,,,True,split seed 202; operational folder taxonomy kept verbatim (naming caveat M2 not remapped)
methodology_v2.part2.v1,2,MAFAULDA,test,mafaulda_overhang_ball_fault_35g_20.48,mafaulda_overhang_ball_fault_35g,overhang/ball_fault,RollingElement,fault_configuration,data/raw_mafaulda/full/overhang/ball_fault/35g/20.48.csv,50000,1228.8,added_mass_35g,bearing_ball_fault,added_mass_35g,overhang,,mafaulda_overhang_ball_fault_35g,,,,,,True,split seed 202; operational folder taxonomy kept verbatim (naming caveat M2 not remapped)
methodology_v2.part2.v1,2,MAFAULDA,test,mafaulda_overhang_ball_fault_35g_21.0944,mafaulda_overhang_ball_fault_35g,overhang/ball_fault,RollingElement,fault_configuration,data/raw_mafaulda/full/overhang/ball_fault/35g/21.0944.csv,50000,1265.664,added_mass_35g,bearing_ball_fault,added_mass_35g,overhang,,mafaulda_overhang_ball_fault_35g,,,,,,True,split seed 202; operational folder taxonomy kept verbatim (naming caveat M2 not remapped)
methodology_v2.part2.v1,2,MAFAULDA,test,mafaulda_overhang_ball_fault_35g_21.9136,mafaulda_overhang_ball_fault_35g,overhang/ball_fault,RollingElement,fault_configuration,data/raw_mafaulda/full/overhang/ball_fault/35g/21.9136.csv,50000,1314.816,added_mass_35g,bearing_ball_fault,added_mass_35g,overhang,,mafaulda_overhang_ball_fault_35g,,,,,,True,split seed 202; operational folder taxonomy kept verbatim (naming caveat M2 not remapped)
methodology_v2.part2.v1,2,MAFAULDA,test,mafaulda_overhang_ball_fault_35g_23.3472,mafaulda_overhang_ball_fault_35g,overhang/ball_fault,RollingElement,fault_configuration,data/raw_mafaulda/full/overhang/ball_fault/35g/23.3472.csv,50000,1400.832,added_mass_35g,bearing_ball_fault,added_mass_35g,overhang,,mafaulda_overhang_ball_fault_35g,,,,,,True,split seed 202; operational folder taxonomy kept verbatim (naming caveat M2 not remapped)
methodology_v2.part2.v1,2,MAFAULDA,test,mafaulda_overhang_ball_fault_35g_24.3712,mafaulda_overhang_ball_fault_35g,overhang/ball_fault,RollingElement,fault_configuration,data/raw_mafaulda/full/overhang/ball_fault/35g/24.3712.csv,50000,1462.2720000000002,added_mass_35g,bearing_ball_fault,added_mass_35g,overhang,,mafaulda_overhang_ball_fault_35g,,,,,,True,split seed 202; operational folder taxonomy kept verbatim (naming caveat M2 not remapped)
methodology_v2.part2.v1,2,MAFAULDA,test,mafaulda_overhang_ball_fault_35g_25.6,mafaulda_overhang_ball_fault_35g,overhang/ball_fault,RollingElement,fault_configuration,data/raw_mafaulda/full/overhang/ball_fault/35g/25.6.csv,50000,1536.0,added_mass_35g,bearing_ball_fault,added_mass_35g,overhang,,mafaulda_overhang_ball_fault_35g,,,,,,True,split seed 202; operational folder taxonomy kept verbatim (naming caveat M2 not remapped)
methodology_v2.part2.v1,2,MAFAULDA,test,mafaulda_overhang_ball_fault_35g_26.4192,mafaulda_overhang_ball_fault_35g,overhang/ball_fault,RollingElement,fault_configuration,data/raw_mafaulda/full/overhang/ball_fault/35g/26.4192.csv,50000,1585.152,added_mass_35g,bearing_ball_fault,added_mass_35g,overhang,,mafaulda_overhang_ball_fault_35g,,,,,,True,split seed 202; operational folder taxonomy kept verbatim (naming caveat M2 not remapped)
methodology_v2.part2.v1,2,MAFAULDA,test,mafaulda_overhang_ball_fault_35g_27.8528,mafaulda_overhang_ball_fault_35g,overhang/ball_fault,RollingElement,fault_configuration,data/raw_mafaulda/full/overhang/ball_fault/35g/27.8528.csv,50000,1671.168,added_mass_35g,bearing_ball_fault,added_mass_35g,overhang,,mafaulda_overhang_ball_fault_35g,,,,,,True,split seed 202; operational folder taxonomy kept verbatim (naming caveat M2 not remapped)
methodology_v2.part2.v1,2,MAFAULDA,test,mafaulda_overhang_ball_fault_35g_28.672,mafaulda_overhang_ball_fault_35g,overhang/ball_fault,RollingElement,fault_configuration,data/raw_mafaulda/full/overhang/ball_fault/35g/28.672.csv,50000,1720.32,added_mass_35g,bearing_ball_fault,added_mass_35g,overhang,,mafaulda_overhang_ball_fault_35g,,,,,,True,split seed 202; operational folder taxonomy kept verbatim (naming caveat M2 not remapped)
methodology_v2.part2.v1,2,MAFAULDA,test,mafaulda_overhang_ball_fault_35g_29.4912,mafaulda_overhang_ball_fault_35g,overhang/ball_fault,RollingElement,fault_configuration,data/raw_mafaulda/full/overhang/ball_fault/35g/29.4912.csv,50000,1769.472,added_mass_35g,bearing_ball_fault,added_mass_35g,overhang,,mafaulda_overhang_ball_fault_35g,,,,,,True,split seed 202; operational folder taxonomy kept verbatim (naming caveat M2 not remapped)
methodology_v2.part2.v1,2,MAFAULDA,test,mafaulda_overhang_ball_fault_35g_30.3104,mafaulda_overhang_ball_fault_35g,overhang/ball_fault,RollingElement,fault_configuration,data/raw_mafaulda/full/overhang/ball_fault/35g/30.3104.csv,50000,1818.624,added_mass_35g,bearing_ball_fault,added_mass_35g,overhang,,mafaulda_overhang_ball_fault_35g,,,,,,True,split seed 202; operational folder taxonomy kept verbatim (naming caveat M2 not remapped)
methodology_v2.part2.v1,2,MAFAULDA,test,mafaulda_overhang_ball_fault_35g_31.1296,mafaulda_overhang_ball_fault_35g,overhang/ball_fault,RollingElement,fault_configuration,data/raw_mafaulda/full/overhang/ball_fault/35g/31.1296.csv,50000,1867.776,added_mass_35g,bearing_ball_fault,added_mass_35g,overhang,,mafaulda_overhang_ball_fault_35g,,,,,,True,split seed 202; operational folder taxonomy kept verbatim (naming caveat M2 not remapped)
methodology_v2.part2.v1,2,MAFAULDA,test,mafaulda_overhang_ball_fault_35g_32.1536,mafaulda_overhang_ball_fault_35g,overhang/ball_fault,RollingElement,fault_configuration,data/raw_mafaulda/full/overhang/ball_fault/35g/32.1536.csv,50000,1929.216,added_mass_35g,bearing_ball_fault,added_mass_35g,overhang,,mafaulda_overhang_ball_fault_35g,,,,,,True,split seed 202; operational folder taxonomy kept verbatim (naming caveat M2 not remapped)
methodology_v2.part2.v1,2,MAFAULDA,train,mafaulda_overhang_ball_fault_6g_12.6976,mafaulda_overhang_ball_fault_6g,overhang/ball_fault,RollingElement,fault_configuration,data/raw_mafaulda/full/overhang/ball_fault/6g/12.6976.csv,50000,761.856,added_mass_6g,bearing_ball_fault,added_mass_6g,overhang,,mafaulda_overhang_ball_fault_6g,,,,,,True,split seed 202; operational folder taxonomy kept verbatim (naming caveat M2 not remapped)
methodology_v2.part2.v1,2,MAFAULDA,train,mafaulda_overhang_ball_fault_6g_13.9264,mafaulda_overhang_ball_fault_6g,overhang/ball_fault,RollingElement,fault_configuration,data/raw_mafaulda/full/overhang/ball_fault/6g/13.9264.csv,50000,835.584,added_mass_6g,bearing_ball_fault,added_mass_6g,overhang,,mafaulda_overhang_ball_fault_6g,,,,,,True,split seed 202; operational folder taxonomy kept verbatim (naming caveat M2 not remapped)
methodology_v2.part2.v1,2,MAFAULDA,train,mafaulda_overhang_ball_fault_6g_15.36,mafaulda_overhang_ball_fault_6g,overhang/ball_fault,RollingElement,fault_configuration,data/raw_mafaulda/full/overhang/ball_fault/6g/15.36.csv,50000,921.6,added_mass_6g,bearing_ball_fault,added_mass_6g,overhang,,mafaulda_overhang_ball_fault_6g,,,,,,True,split seed 202; operational folder taxonomy kept verbatim (naming caveat M2 not remapped)
methodology_v2.part2.v1,2,MAFAULDA,train,mafaulda_overhang_ball_fault_6g_15.9744,mafaulda_overhang_ball_fault_6g,overhang/ball_fault,RollingElement,fault_configuration,data/raw_mafaulda/full/overhang/ball_fault/6g/15.9744.csv,50000,958.464,added_mass_6g,bearing_ball_fault,added_mass_6g,overhang,,mafaulda_overhang_ball_fault_6g,,,,,,True,split seed 202; operational folder taxonomy kept verbatim (naming caveat M2 not remapped)
methodology_v2.part2.v1,2,MAFAULDA,train,mafaulda_overhang_ball_fault_6g_16.9984,mafaulda_overhang_ball_fault_6g,overhang/ball_fault,RollingElement,fault_configuration,data/raw_mafaulda/full/overhang/ball_fault/6g/16.9984.csv,50000,1019.904,added_mass_6g,bearing_ball_fault,added_mass_6g,overhang,,mafaulda_overhang_ball_fault_6g,,,,,,True,split seed 202; operational folder taxonomy kept verbatim (naming caveat M2 not remapped)
methodology_v2.part2.v1,2,MAFAULDA,train,mafaulda_overhang_ball_fault_6g_18.432,mafaulda_overhang_ball_fault_6g,overhang/ball_fault,RollingElement,fault_configuration,data/raw_mafaulda/full/overhang/ball_fault/6g/18.432.csv,50000,1105.9199999999998,added_mass_6g,bearing_ball_fault,added_mass_6g,overhang,,mafaulda_overhang_ball_fault_6g,,,,,,True,split seed 202; operational folder taxonomy kept verbatim (naming caveat M2 not remapped)
methodology_v2.part2.v1,2,MAFAULDA,train,mafaulda_overhang_ball_fault_6g_19.2512,mafaulda_overhang_ball_fault_6g,overhang/ball_fault,RollingElement,fault_configuration,data/raw_mafaulda/full/overhang/ball_fault/6g/19.2512.csv,50000,1155.072,added_mass_6g,bearing_ball_fault,added_mass_6g,overhang,,mafaulda_overhang_ball_fault_6g,,,,,,True,split seed 202; operational folder taxonomy kept verbatim (naming caveat M2 not remapped)
methodology_v2.part2.v1,2,MAFAULDA,train,mafaulda_overhang_ball_fault_6g_20.0704,mafaulda_overhang_ball_fault_6g,overhang/ball_fault,RollingElement,fault_configuration,data/raw_mafaulda/full/overhang/ball_fault/6g/20.0704.csv,50000,1204.224,added_mass_6g,bearing_ball_fault,added_mass_6g,overhang,,mafaulda_overhang_ball_fault_6g,,,,,,True,split seed 202; operational folder taxonomy kept verbatim (naming caveat M2 not remapped)
methodology_v2.part2.v1,2,MAFAULDA,train,mafaulda_overhang_ball_fault_6g_21.7088,mafaulda_overhang_ball_fault_6g,overhang/ball_fault,RollingElement,fault_configuration,data/raw_mafaulda/full/overhang/ball_fault/6g/21.7088.csv,50000,1302.528,added_mass_6g,bearing_ball_fault,added_mass_6g,overhang,,mafaulda_overhang_ball_fault_6g,,,,,,True,split seed 202; operational folder taxonomy kept verbatim (naming caveat M2 not remapped)
methodology_v2.part2.v1,2,MAFAULDA,train,mafaulda_overhang_ball_fault_6g_22.528,mafaulda_overhang_ball_fault_6g,overhang/ball_fault,RollingElement,fault_configuration,data/raw_mafaulda/full/overhang/ball_fault/6g/22.528.csv,50000,1351.6799999999998,added_mass_6g,bearing_ball_fault,added_mass_6g,overhang,,mafaulda_overhang_ball_fault_6g,,,,,,True,split seed 202; operational folder taxonomy kept verbatim (naming caveat M2 not remapped)
methodology_v2.part2.v1,2,MAFAULDA,train,mafaulda_overhang_ball_fault_6g_23.3472,mafaulda_overhang_ball_fault_6g,overhang/ball_fault,RollingElement,fault_configuration,data/raw_mafaulda/full/overhang/ball_fault/6g/23.3472.csv,50000,1400.832,added_mass_6g,bearing_ball_fault,added_mass_6g,overhang,,mafaulda_overhang_ball_fault_6g,,,,,,True,split seed 202; operational folder taxonomy kept verbatim (naming caveat M2 not remapped)
methodology_v2.part2.v1,2,MAFAULDA,train,mafaulda_overhang_ball_fault_6g_24.7808,mafaulda_overhang_ball_fault_6g,overhang/ball_fault,RollingElement,fault_configuration,data/raw_mafaulda/full/overhang/ball_fault/6g/24.7808.csv,50000,1486.848,added_mass_6g,bearing_ball_fault,added_mass_6g,overhang,,mafaulda_overhang_ball_fault_6g,,,,,,True,split seed 202; operational folder taxonomy kept verbatim (naming caveat M2 not remapped)
methodology_v2.part2.v1,2,MAFAULDA,train,mafaulda_overhang_ball_fault_6g_25.6,mafaulda_overhang_ball_fault_6g,overhang/ball_fault,RollingElement,fault_configuration,data/raw_mafaulda/full/overhang/ball_fault/6g/25.6.csv,50000,1536.0,added_mass_6g,bearing_ball_fault,added_mass_6g,overhang,,mafaulda_overhang_ball_fault_6g,,,,,,True,split seed 202; operational folder taxonomy kept verbatim (naming caveat M2 not remapped)
methodology_v2.part2.v1,2,MAFAULDA,train,mafaulda_overhang_ball_fault_6g_26.4192,mafaulda_overhang_ball_fault_6g,overhang/ball_fault,RollingElement,fault_configuration,data/raw_mafaulda/full/overhang/ball_fault/6g/26.4192.csv,50000,1585.152,added_mass_6g,bearing_ball_fault,added_mass_6g,overhang,,mafaulda_overhang_ball_fault_6g,,,,,,True,split seed 202; operational folder taxonomy kept verbatim (naming caveat M2 not remapped)
methodology_v2.part2.v1,2,MAFAULDA,train,mafaulda_overhang_ball_fault_6g_27.4432,mafaulda_overhang_ball_fault_6g,overhang/ball_fault,RollingElement,fault_configuration,data/raw_mafaulda/full/overhang/ball_fault/6g/27.4432.csv,50000,1646.592,added_mass_6g,bearing_ball_fault,added_mass_6g,overhang,,mafaulda_overhang_ball_fault_6g,,,,,,True,split seed 202; operational folder taxonomy kept verbatim (naming caveat M2 not remapped)
methodology_v2.part2.v1,2,MAFAULDA,train,mafaulda_overhang_ball_fault_6g_28.2624,mafaulda_overhang_ball_fault_6g,overhang/ball_fault,RollingElement,fault_configuration,data/raw_mafaulda/full/overhang/ball_fault/6g/28.2624.csv,50000,1695.744,added_mass_6g,bearing_ball_fault,added_mass_6g,overhang,,mafaulda_overhang_ball_fault_6g,,,,,,True,split seed 202; operational folder taxonomy kept verbatim (naming caveat M2 not remapped)
methodology_v2.part2.v1,2,MAFAULDA,train,mafaulda_overhang_ball_fault_6g_29.2864,mafaulda_overhang_ball_fault_6g,overhang/ball_fault,RollingElement,fault_configuration,data/raw_mafaulda/full/overhang/ball_fault/6g/29.2864.csv,50000,1757.184,added_mass_6g,bearing_ball_fault,added_mass_6g,overhang,,mafaulda_overhang_ball_fault_6g,,,,,,True,split seed 202; operational folder taxonomy kept verbatim (naming caveat M2 not remapped)
methodology_v2.part2.v1,2,MAFAULDA,train,mafaulda_overhang_ball_fault_6g_29.9008,mafaulda_overhang_ball_fault_6g,overhang/ball_fault,RollingElement,fault_configuration,data/raw_mafaulda/full/overhang/ball_fault/6g/29.9008.csv,50000,1794.048,added_mass_6g,bearing_ball_fault,added_mass_6g,overhang,,mafaulda_overhang_ball_fault_6g,,,,,,True,split seed 202; operational folder taxonomy kept verbatim (naming caveat M2 not remapped)
methodology_v2.part2.v1,2,MAFAULDA,train,mafaulda_overhang_ball_fault_6g_31.1296,mafaulda_overhang_ball_fault_6g,overhang/ball_fault,RollingElement,fault_configuration,data/raw_mafaulda/full/overhang/ball_fault/6g/31.1296.csv,50000,1867.776,added_mass_6g,bearing_ball_fault,added_mass_6g,overhang,,mafaulda_overhang_ball_fault_6g,,,,,,True,split seed 202; operational folder taxonomy kept verbatim (naming caveat M2 not remapped)
methodology_v2.part2.v1,2,MAFAULDA,train,mafaulda_overhang_ball_fault_6g_32.1536,mafaulda_overhang_ball_fault_6g,overhang/ball_fault,RollingElement,fault_configuration,data/raw_mafaulda/full/overhang/ball_fault/6g/32.1536.csv,50000,1929.216,added_mass_6g,bearing_ball_fault,added_mass_6g,overhang,,mafaulda_overhang_ball_fault_6g,,,,,,True,split seed 202; operational folder taxonomy kept verbatim (naming caveat M2 not remapped)
methodology_v2.part2.v1,2,MAFAULDA,train,mafaulda_overhang_ball_fault_6g_33.792,mafaulda_overhang_ball_fault_6g,overhang/ball_fault,RollingElement,fault_configuration,data/raw_mafaulda/full/overhang/ball_fault/6g/33.792.csv,50000,2027.52,added_mass_6g,bearing_ball_fault,added_mass_6g,overhang,,mafaulda_overhang_ball_fault_6g,,,,,,True,split seed 202; operational folder taxonomy kept verbatim (naming caveat M2 not remapped)
methodology_v2.part2.v1,2,MAFAULDA,train,mafaulda_overhang_ball_fault_6g_33.9968,mafaulda_overhang_ball_fault_6g,overhang/ball_fault,RollingElement,fault_configuration,data/raw_mafaulda/full/overhang/ball_fault/6g/33.9968.csv,50000,2039.808,added_mass_6g,bearing_ball_fault,added_mass_6g,overhang,,mafaulda_overhang_ball_fault_6g,,,,,,True,split seed 202; operational folder taxonomy kept verbatim (naming caveat M2 not remapped)
methodology_v2.part2.v1,2,MAFAULDA,train,mafaulda_overhang_ball_fault_6g_35.6352,mafaulda_overhang_ball_fault_6g,overhang/ball_fault,RollingElement,fault_configuration,data/raw_mafaulda/full/overhang/ball_fault/6g/35.6352.csv,50000,2138.112,added_mass_6g,bearing_ball_fault,added_mass_6g,overhang,,mafaulda_overhang_ball_fault_6g,,,,,,True,split seed 202; operational folder taxonomy kept verbatim (naming caveat M2 not remapped)
methodology_v2.part2.v1,2,MAFAULDA,train,mafaulda_overhang_ball_fault_6g_36.6592,mafaulda_overhang_ball_fault_6g,overhang/ball_fault,RollingElement,fault_configuration,data/raw_mafaulda/full/overhang/ball_fault/6g/36.6592.csv,50000,2199.552,added_mass_6g,bearing_ball_fault,added_mass_6g,overhang,,mafaulda_overhang_ball_fault_6g,,,,,,True,split seed 202; operational folder taxonomy kept verbatim (naming caveat M2 not remapped)
methodology_v2.part2.v1,2,MAFAULDA,train,mafaulda_overhang_ball_fault_6g_37.4784,mafaulda_overhang_ball_fault_6g,overhang/ball_fault,RollingElement,fault_configuration,data/raw_mafaulda/full/overhang/ball_fault/6g/37.4784.csv,50000,2248.704,added_mass_6g,bearing_ball_fault,added_mass_6g,overhang,,mafaulda_overhang_ball_fault_6g,,,,,,True,split seed 202; operational folder taxonomy kept verbatim (naming caveat M2 not remapped)
methodology_v2.part2.v1,2,MAFAULDA,train,mafaulda_overhang_ball_fault_6g_38.7072,mafaulda_overhang_ball_fault_6g,overhang/ball_fault,RollingElement,fault_configuration,data/raw_mafaulda/full/overhang/ball_fault/6g/38.7072.csv,50000,2322.432,added_mass_6g,bearing_ball_fault,added_mass_6g,overhang,,mafaulda_overhang_ball_fault_6g,,,,,,True,split seed 202; operational folder taxonomy kept verbatim (naming caveat M2 not remapped)
methodology_v2.part2.v1,2,MAFAULDA,train,mafaulda_overhang_ball_fault_6g_39.7312,mafaulda_overhang_ball_fault_6g,overhang/ball_fault,RollingElement,fault_configuration,data/raw_mafaulda/full/overhang/ball_fault/6g/39.7312.csv,50000,2383.8720000000003,added_mass_6g,bearing_ball_fault,added_mass_6g,overhang,,mafaulda_overhang_ball_fault_6g,,,,,,True,split seed 202; operational folder taxonomy kept verbatim (naming caveat M2 not remapped)
methodology_v2.part2.v1,2,MAFAULDA,train,mafaulda_overhang_ball_fault_6g_40.5504,mafaulda_overhang_ball_fault_6g,overhang/ball_fault,RollingElement,fault_configuration,data/raw_mafaulda/full/overhang/ball_fault/6g/40.5504.csv,50000,2433.0240000000003,added_mass_6g,bearing_ball_fault,added_mass_6g,overhang,,mafaulda_overhang_ball_fault_6g,,,,,,True,split seed 202; operational folder taxonomy kept verbatim (naming caveat M2 not remapped)
methodology_v2.part2.v1,2,MAFAULDA,train,mafaulda_overhang_ball_fault_6g_41.5744,mafaulda_overhang_ball_fault_6g,overhang/ball_fault,RollingElement,fault_configuration,data/raw_mafaulda/full/overhang/ball_fault/6g/41.5744.csv,50000,2494.464,added_mass_6g,bearing_ball_fault,added_mass_6g,overhang,,mafaulda_overhang_ball_fault_6g,,,,,,True,split seed 202; operational folder taxonomy kept verbatim (naming caveat M2 not remapped)
methodology_v2.part2.v1,2,MAFAULDA,train,mafaulda_overhang_ball_fault_6g_42.3936,mafaulda_overhang_ball_fault_6g,overhang/ball_fault,RollingElement,fault_configuration,data/raw_mafaulda/full/overhang/ball_fault/6g/42.3936.csv,50000,2543.616,added_mass_6g,bearing_ball_fault,added_mass_6g,overhang,,mafaulda_overhang_ball_fault_6g,,,,,,True,split seed 202; operational folder taxonomy kept verbatim (naming caveat M2 not remapped)
methodology_v2.part2.v1,2,MAFAULDA,train,mafaulda_overhang_ball_fault_6g_43.4176,mafaulda_overhang_ball_fault_6g,overhang/ball_fault,RollingElement,fault_configuration,data/raw_mafaulda/full/overhang/ball_fault/6g/43.4176.csv,50000,2605.056,added_mass_6g,bearing_ball_fault,added_mass_6g,overhang,,mafaulda_overhang_ball_fault_6g,,,,,,True,split seed 202; operational folder taxonomy kept verbatim (naming caveat M2 not remapped)
methodology_v2.part2.v1,2,MAFAULDA,train,mafaulda_overhang_ball_fault_6g_44.4416,mafaulda_overhang_ball_fault_6g,overhang/ball_fault,RollingElement,fault_configuration,data/raw_mafaulda/full/overhang/ball_fault/6g/44.4416.csv,50000,2666.496,added_mass_6g,bearing_ball_fault,added_mass_6g,overhang,,mafaulda_overhang_ball_fault_6g,,,,,,True,split seed 202; operational folder taxonomy kept verbatim (naming caveat M2 not remapped)
methodology_v2.part2.v1,2,MAFAULDA,train,mafaulda_overhang_ball_fault_6g_45.4656,mafaulda_overhang_ball_fault_6g,overhang/ball_fault,RollingElement,fault_configuration,data/raw_mafaulda/full/overhang/ball_fault/6g/45.4656.csv,50000,2727.936,added_mass_6g,bearing_ball_fault,added_mass_6g,overhang,,mafaulda_overhang_ball_fault_6g,,,,,,True,split seed 202; operational folder taxonomy kept verbatim (naming caveat M2 not remapped)
methodology_v2.part2.v1,2,MAFAULDA,train,mafaulda_overhang_ball_fault_6g_46.08,mafaulda_overhang_ball_fault_6g,overhang/ball_fault,RollingElement,fault_configuration,data/raw_mafaulda/full/overhang/ball_fault/6g/46.08.csv,50000,2764.8,added_mass_6g,bearing_ball_fault,added_mass_6g,overhang,,mafaulda_overhang_ball_fault_6g,,,,,,True,split seed 202; operational folder taxonomy kept verbatim (naming caveat M2 not remapped)
methodology_v2.part2.v1,2,MAFAULDA,train,mafaulda_overhang_ball_fault_6g_47.104,mafaulda_overhang_ball_fault_6g,overhang/ball_fault,RollingElement,fault_configuration,data/raw_mafaulda/full/overhang/ball_fault/6g/47.104.csv,50000,2826.24,added_mass_6g,bearing_ball_fault,added_mass_6g,overhang,,mafaulda_overhang_ball_fault_6g,,,,,,True,split seed 202; operational folder taxonomy kept verbatim (naming caveat M2 not remapped)
methodology_v2.part2.v1,2,MAFAULDA,train,mafaulda_overhang_ball_fault_6g_48.5376,mafaulda_overhang_ball_fault_6g,overhang/ball_fault,RollingElement,fault_configuration,data/raw_mafaulda/full/overhang/ball_fault/6g/48.5376.csv,50000,2912.256,added_mass_6g,bearing_ball_fault,added_mass_6g,overhang,,mafaulda_overhang_ball_fault_6g,,,,,,True,split seed 202; operational folder taxonomy kept verbatim (naming caveat M2 not remapped)
methodology_v2.part2.v1,2,MAFAULDA,train,mafaulda_overhang_ball_fault_6g_49.5616,mafaulda_overhang_ball_fault_6g,overhang/ball_fault,RollingElement,fault_configuration,data/raw_mafaulda/full/overhang/ball_fault/6g/49.5616.csv,50000,2973.696,added_mass_6g,bearing_ball_fault,added_mass_6g,overhang,,mafaulda_overhang_ball_fault_6g,,,,,,True,split seed 202; operational folder taxonomy kept verbatim (naming caveat M2 not remapped)
methodology_v2.part2.v1,2,MAFAULDA,train,mafaulda_overhang_ball_fault_6g_50.7904,mafaulda_overhang_ball_fault_6g,overhang/ball_fault,RollingElement,fault_configuration,data/raw_mafaulda/full/overhang/ball_fault/6g/50.7904.csv,50000,3047.424,added_mass_6g,bearing_ball_fault,added_mass_6g,overhang,,mafaulda_overhang_ball_fault_6g,,,,,,True,split seed 202; operational folder taxonomy kept verbatim (naming caveat M2 not remapped)
methodology_v2.part2.v1,2,MAFAULDA,train,mafaulda_overhang_ball_fault_6g_50.9952,mafaulda_overhang_ball_fault_6g,overhang/ball_fault,RollingElement,fault_configuration,data/raw_mafaulda/full/overhang/ball_fault/6g/50.9952.csv,50000,3059.712,added_mass_6g,bearing_ball_fault,added_mass_6g,overhang,,mafaulda_overhang_ball_fault_6g,,,,,,True,split seed 202; operational folder taxonomy kept verbatim (naming caveat M2 not remapped)
methodology_v2.part2.v1,2,MAFAULDA,train,mafaulda_overhang_ball_fault_6g_52.6336,mafaulda_overhang_ball_fault_6g,overhang/ball_fault,RollingElement,fault_configuration,data/raw_mafaulda/full/overhang/ball_fault/6g/52.6336.csv,50000,3158.016,added_mass_6g,bearing_ball_fault,added_mass_6g,overhang,,mafaulda_overhang_ball_fault_6g,,,,,,True,split seed 202; operational folder taxonomy kept verbatim (naming caveat M2 not remapped)
methodology_v2.part2.v1,2,MAFAULDA,train,mafaulda_overhang_ball_fault_6g_53.248,mafaulda_overhang_ball_fault_6g,overhang/ball_fault,RollingElement,fault_configuration,data/raw_mafaulda/full/overhang/ball_fault/6g/53.248.csv,50000,3194.88,added_mass_6g,bearing_ball_fault,added_mass_6g,overhang,,mafaulda_overhang_ball_fault_6g,,,,,,True,split seed 202; operational folder taxonomy kept verbatim (naming caveat M2 not remapped)
methodology_v2.part2.v1,2,MAFAULDA,train,mafaulda_overhang_ball_fault_6g_54.0672,mafaulda_overhang_ball_fault_6g,overhang/ball_fault,RollingElement,fault_configuration,data/raw_mafaulda/full/overhang/ball_fault/6g/54.0672.csv,50000,3244.032,added_mass_6g,bearing_ball_fault,added_mass_6g,overhang,,mafaulda_overhang_ball_fault_6g,,,,,,True,split seed 202; operational folder taxonomy kept verbatim (naming caveat M2 not remapped)
methodology_v2.part2.v1,2,MAFAULDA,train,mafaulda_overhang_ball_fault_6g_55.296,mafaulda_overhang_ball_fault_6g,overhang/ball_fault,RollingElement,fault_configuration,data/raw_mafaulda/full/overhang/ball_fault/6g/55.296.csv,50000,3317.76,added_mass_6g,bearing_ball_fault,added_mass_6g,overhang,,mafaulda_overhang_ball_fault_6g,,,,,,True,split seed 202; operational folder taxonomy kept verbatim (naming caveat M2 not remapped)
methodology_v2.part2.v1,2,MAFAULDA,train,mafaulda_overhang_cage_fault_0g_13.1072,mafaulda_overhang_cage_fault_0g,overhang/cage_fault,Cage_NO_CROSS_DATASET_MATCH,fault_configuration,data/raw_mafaulda/full/overhang/cage_fault/0g/13.1072.csv,50000,786.432,added_mass_0g,bearing_cage_fault,added_mass_0g,overhang,,mafaulda_overhang_cage_fault_0g,,,,,,True,split seed 202; operational folder taxonomy kept verbatim (naming caveat M2 not remapped)
methodology_v2.part2.v1,2,MAFAULDA,train,mafaulda_overhang_cage_fault_0g_14.1312,mafaulda_overhang_cage_fault_0g,overhang/cage_fault,Cage_NO_CROSS_DATASET_MATCH,fault_configuration,data/raw_mafaulda/full/overhang/cage_fault/0g/14.1312.csv,50000,847.872,added_mass_0g,bearing_cage_fault,added_mass_0g,overhang,,mafaulda_overhang_cage_fault_0g,,,,,,True,split seed 202; operational folder taxonomy kept verbatim (naming caveat M2 not remapped)
methodology_v2.part2.v1,2,MAFAULDA,train,mafaulda_overhang_cage_fault_0g_14.9504,mafaulda_overhang_cage_fault_0g,overhang/cage_fault,Cage_NO_CROSS_DATASET_MATCH,fault_configuration,data/raw_mafaulda/full/overhang/cage_fault/0g/14.9504.csv,50000,897.024,added_mass_0g,bearing_cage_fault,added_mass_0g,overhang,,mafaulda_overhang_cage_fault_0g,,,,,,True,split seed 202; operational folder taxonomy kept verbatim (naming caveat M2 not remapped)
methodology_v2.part2.v1,2,MAFAULDA,train,mafaulda_overhang_cage_fault_0g_16.1792,mafaulda_overhang_cage_fault_0g,overhang/cage_fault,Cage_NO_CROSS_DATASET_MATCH,fault_configuration,data/raw_mafaulda/full/overhang/cage_fault/0g/16.1792.csv,50000,970.752,added_mass_0g,bearing_cage_fault,added_mass_0g,overhang,,mafaulda_overhang_cage_fault_0g,,,,,,True,split seed 202; operational folder taxonomy kept verbatim (naming caveat M2 not remapped)
methodology_v2.part2.v1,2,MAFAULDA,train,mafaulda_overhang_cage_fault_0g_17.408,mafaulda_overhang_cage_fault_0g,overhang/cage_fault,Cage_NO_CROSS_DATASET_MATCH,fault_configuration,data/raw_mafaulda/full/overhang/cage_fault/0g/17.408.csv,50000,1044.48,added_mass_0g,bearing_cage_fault,added_mass_0g,overhang,,mafaulda_overhang_cage_fault_0g,,,,,,True,split seed 202; operational folder taxonomy kept verbatim (naming caveat M2 not remapped)
methodology_v2.part2.v1,2,MAFAULDA,train,mafaulda_overhang_cage_fault_0g_18.6368,mafaulda_overhang_cage_fault_0g,overhang/cage_fault,Cage_NO_CROSS_DATASET_MATCH,fault_configuration,data/raw_mafaulda/full/overhang/cage_fault/0g/18.6368.csv,50000,1118.208,added_mass_0g,bearing_cage_fault,added_mass_0g,overhang,,mafaulda_overhang_cage_fault_0g,,,,,,True,split seed 202; operational folder taxonomy kept verbatim (naming caveat M2 not remapped)
methodology_v2.part2.v1,2,MAFAULDA,train,mafaulda_overhang_cage_fault_0g_19.456,mafaulda_overhang_cage_fault_0g,overhang/cage_fault,Cage_NO_CROSS_DATASET_MATCH,fault_configuration,data/raw_mafaulda/full/overhang/cage_fault/0g/19.456.csv,50000,1167.36,added_mass_0g,bearing_cage_fault,added_mass_0g,overhang,,mafaulda_overhang_cage_fault_0g,,,,,,True,split seed 202; operational folder taxonomy kept verbatim (naming caveat M2 not remapped)
methodology_v2.part2.v1,2,MAFAULDA,train,mafaulda_overhang_cage_fault_0g_19.8656,mafaulda_overhang_cage_fault_0g,overhang/cage_fault,Cage_NO_CROSS_DATASET_MATCH,fault_configuration,data/raw_mafaulda/full/overhang/cage_fault/0g/19.8656.csv,50000,1191.936,added_mass_0g,bearing_cage_fault,added_mass_0g,overhang,,mafaulda_overhang_cage_fault_0g,,,,,,True,split seed 202; operational folder taxonomy kept verbatim (naming caveat M2 not remapped)
methodology_v2.part2.v1,2,MAFAULDA,train,mafaulda_overhang_cage_fault_0g_21.0944,mafaulda_overhang_cage_fault_0g,overhang/cage_fault,Cage_NO_CROSS_DATASET_MATCH,fault_configuration,data/raw_mafaulda/full/overhang/cage_fault/0g/21.0944.csv,50000,1265.664,added_mass_0g,bearing_cage_fault,added_mass_0g,overhang,,mafaulda_overhang_cage_fault_0g,,,,,,True,split seed 202; operational folder taxonomy kept verbatim (naming caveat M2 not remapped)
methodology_v2.part2.v1,2,MAFAULDA,train,mafaulda_overhang_cage_fault_0g_22.3232,mafaulda_overhang_cage_fault_0g,overhang/cage_fault,Cage_NO_CROSS_DATASET_MATCH,fault_configuration,data/raw_mafaulda/full/overhang/cage_fault/0g/22.3232.csv,50000,1339.392,added_mass_0g,bearing_cage_fault,added_mass_0g,overhang,,mafaulda_overhang_cage_fault_0g,,,,,,True,split seed 202; operational folder taxonomy kept verbatim (naming caveat M2 not remapped)
methodology_v2.part2.v1,2,MAFAULDA,train,mafaulda_overhang_cage_fault_0g_23.1424,mafaulda_overhang_cage_fault_0g,overhang/cage_fault,Cage_NO_CROSS_DATASET_MATCH,fault_configuration,data/raw_mafaulda/full/overhang/cage_fault/0g/23.1424.csv,50000,1388.544,added_mass_0g,bearing_cage_fault,added_mass_0g,overhang,,mafaulda_overhang_cage_fault_0g,,,,,,True,split seed 202; operational folder taxonomy kept verbatim (naming caveat M2 not remapped)
methodology_v2.part2.v1,2,MAFAULDA,train,mafaulda_overhang_cage_fault_0g_24.1664,mafaulda_overhang_cage_fault_0g,overhang/cage_fault,Cage_NO_CROSS_DATASET_MATCH,fault_configuration,data/raw_mafaulda/full/overhang/cage_fault/0g/24.1664.csv,50000,1449.984,added_mass_0g,bearing_cage_fault,added_mass_0g,overhang,,mafaulda_overhang_cage_fault_0g,,,,,,True,split seed 202; operational folder taxonomy kept verbatim (naming caveat M2 not remapped)
methodology_v2.part2.v1,2,MAFAULDA,train,mafaulda_overhang_cage_fault_0g_24.9856,mafaulda_overhang_cage_fault_0g,overhang/cage_fault,Cage_NO_CROSS_DATASET_MATCH,fault_configuration,data/raw_mafaulda/full/overhang/cage_fault/0g/24.9856.csv,50000,1499.1360000000002,added_mass_0g,bearing_cage_fault,added_mass_0g,overhang,,mafaulda_overhang_cage_fault_0g,,,,,,True,split seed 202; operational folder taxonomy kept verbatim (naming caveat M2 not remapped)
methodology_v2.part2.v1,2,MAFAULDA,train,mafaulda_overhang_cage_fault_0g_26.8288,mafaulda_overhang_cage_fault_0g,overhang/cage_fault,Cage_NO_CROSS_DATASET_MATCH,fault_configuration,data/raw_mafaulda/full/overhang/cage_fault/0g/26.8288.csv,50000,1609.728,added_mass_0g,bearing_cage_fault,added_mass_0g,overhang,,mafaulda_overhang_cage_fault_0g,,,,,,True,split seed 202; operational folder taxonomy kept verbatim (naming caveat M2 not remapped)
methodology_v2.part2.v1,2,MAFAULDA,train,mafaulda_overhang_cage_fault_0g_27.0336,mafaulda_overhang_cage_fault_0g,overhang/cage_fault,Cage_NO_CROSS_DATASET_MATCH,fault_configuration,data/raw_mafaulda/full/overhang/cage_fault/0g/27.0336.csv,50000,1622.016,added_mass_0g,bearing_cage_fault,added_mass_0g,overhang,,mafaulda_overhang_cage_fault_0g,,,,,,True,split seed 202; operational folder taxonomy kept verbatim (naming caveat M2 not remapped)
methodology_v2.part2.v1,2,MAFAULDA,train,mafaulda_overhang_cage_fault_0g_28.0576,mafaulda_overhang_cage_fault_0g,overhang/cage_fault,Cage_NO_CROSS_DATASET_MATCH,fault_configuration,data/raw_mafaulda/full/overhang/cage_fault/0g/28.0576.csv,50000,1683.456,added_mass_0g,bearing_cage_fault,added_mass_0g,overhang,,mafaulda_overhang_cage_fault_0g,,,,,,True,split seed 202; operational folder taxonomy kept verbatim (naming caveat M2 not remapped)
methodology_v2.part2.v1,2,MAFAULDA,train,mafaulda_overhang_cage_fault_0g_29.4912,mafaulda_overhang_cage_fault_0g,overhang/cage_fault,Cage_NO_CROSS_DATASET_MATCH,fault_configuration,data/raw_mafaulda/full/overhang/cage_fault/0g/29.4912.csv,50000,1769.472,added_mass_0g,bearing_cage_fault,added_mass_0g,overhang,,mafaulda_overhang_cage_fault_0g,,,,,,True,split seed 202; operational folder taxonomy kept verbatim (naming caveat M2 not remapped)
methodology_v2.part2.v1,2,MAFAULDA,train,mafaulda_overhang_cage_fault_0g_30.72,mafaulda_overhang_cage_fault_0g,overhang/cage_fault,Cage_NO_CROSS_DATASET_MATCH,fault_configuration,data/raw_mafaulda/full/overhang/cage_fault/0g/30.72.csv,50000,1843.2,added_mass_0g,bearing_cage_fault,added_mass_0g,overhang,,mafaulda_overhang_cage_fault_0g,,,,,,True,split seed 202; operational folder taxonomy kept verbatim (naming caveat M2 not remapped)
methodology_v2.part2.v1,2,MAFAULDA,train,mafaulda_overhang_cage_fault_0g_31.1296,mafaulda_overhang_cage_fault_0g,overhang/cage_fault,Cage_NO_CROSS_DATASET_MATCH,fault_configuration,data/raw_mafaulda/full/overhang/cage_fault/0g/31.1296.csv,50000,1867.776,added_mass_0g,bearing_cage_fault,added_mass_0g,overhang,,mafaulda_overhang_cage_fault_0g,,,,,,True,split seed 202; operational folder taxonomy kept verbatim (naming caveat M2 not remapped)
methodology_v2.part2.v1,2,MAFAULDA,train,mafaulda_overhang_cage_fault_0g_31.9488,mafaulda_overhang_cage_fault_0g,overhang/cage_fault,Cage_NO_CROSS_DATASET_MATCH,fault_configuration,data/raw_mafaulda/full/overhang/cage_fault/0g/31.9488.csv,50000,1916.928,added_mass_0g,bearing_cage_fault,added_mass_0g,overhang,,mafaulda_overhang_cage_fault_0g,,,,,,True,split seed 202; operational folder taxonomy kept verbatim (naming caveat M2 not remapped)
methodology_v2.part2.v1,2,MAFAULDA,train,mafaulda_overhang_cage_fault_0g_33.5872,mafaulda_overhang_cage_fault_0g,overhang/cage_fault,Cage_NO_CROSS_DATASET_MATCH,fault_configuration,data/raw_mafaulda/full/overhang/cage_fault/0g/33.5872.csv,50000,2015.232,added_mass_0g,bearing_cage_fault,added_mass_0g,overhang,,mafaulda_overhang_cage_fault_0g,,,,,,True,split seed 202; operational folder taxonomy kept verbatim (naming caveat M2 not remapped)
methodology_v2.part2.v1,2,MAFAULDA,train,mafaulda_overhang_cage_fault_0g_34.2016,mafaulda_overhang_cage_fault_0g,overhang/cage_fault,Cage_NO_CROSS_DATASET_MATCH,fault_configuration,data/raw_mafaulda/full/overhang/cage_fault/0g/34.2016.csv,50000,2052.096,added_mass_0g,bearing_cage_fault,added_mass_0g,overhang,,mafaulda_overhang_cage_fault_0g,,,,,,True,split seed 202; operational folder taxonomy kept verbatim (naming caveat M2 not remapped)
methodology_v2.part2.v1,2,MAFAULDA,train,mafaulda_overhang_cage_fault_0g_35.2256,mafaulda_overhang_cage_fault_0g,overhang/cage_fault,Cage_NO_CROSS_DATASET_MATCH,fault_configuration,data/raw_mafaulda/full/overhang/cage_fault/0g/35.2256.csv,50000,2113.536,added_mass_0g,bearing_cage_fault,added_mass_0g,overhang,,mafaulda_overhang_cage_fault_0g,,,,,,True,split seed 202; operational folder taxonomy kept verbatim (naming caveat M2 not remapped)
methodology_v2.part2.v1,2,MAFAULDA,train,mafaulda_overhang_cage_fault_0g_36.4544,mafaulda_overhang_cage_fault_0g,overhang/cage_fault,Cage_NO_CROSS_DATASET_MATCH,fault_configuration,data/raw_mafaulda/full/overhang/cage_fault/0g/36.4544.csv,50000,2187.264,added_mass_0g,bearing_cage_fault,added_mass_0g,overhang,,mafaulda_overhang_cage_fault_0g,,,,,,True,split seed 202; operational folder taxonomy kept verbatim (naming caveat M2 not remapped)
methodology_v2.part2.v1,2,MAFAULDA,train,mafaulda_overhang_cage_fault_0g_37.2736,mafaulda_overhang_cage_fault_0g,overhang/cage_fault,Cage_NO_CROSS_DATASET_MATCH,fault_configuration,data/raw_mafaulda/full/overhang/cage_fault/0g/37.2736.csv,50000,2236.416,added_mass_0g,bearing_cage_fault,added_mass_0g,overhang,,mafaulda_overhang_cage_fault_0g,,,,,,True,split seed 202; operational folder taxonomy kept verbatim (naming caveat M2 not remapped)
methodology_v2.part2.v1,2,MAFAULDA,train,mafaulda_overhang_cage_fault_0g_38.5024,mafaulda_overhang_cage_fault_0g,overhang/cage_fault,Cage_NO_CROSS_DATASET_MATCH,fault_configuration,data/raw_mafaulda/full/overhang/cage_fault/0g/38.5024.csv,50000,2310.144,added_mass_0g,bearing_cage_fault,added_mass_0g,overhang,,mafaulda_overhang_cage_fault_0g,,,,,,True,split seed 202; operational folder taxonomy kept verbatim (naming caveat M2 not remapped)
methodology_v2.part2.v1,2,MAFAULDA,train,mafaulda_overhang_cage_fault_0g_39.3216,mafaulda_overhang_cage_fault_0g,overhang/cage_fault,Cage_NO_CROSS_DATASET_MATCH,fault_configuration,data/raw_mafaulda/full/overhang/cage_fault/0g/39.3216.csv,50000,2359.296,added_mass_0g,bearing_cage_fault,added_mass_0g,overhang,,mafaulda_overhang_cage_fault_0g,,,,,,True,split seed 202; operational folder taxonomy kept verbatim (naming caveat M2 not remapped)
methodology_v2.part2.v1,2,MAFAULDA,train,mafaulda_overhang_cage_fault_0g_40.1408,mafaulda_overhang_cage_fault_0g,overhang/cage_fault,Cage_NO_CROSS_DATASET_MATCH,fault_configuration,data/raw_mafaulda/full/overhang/cage_fault/0g/40.1408.csv,50000,2408.448,added_mass_0g,bearing_cage_fault,added_mass_0g,overhang,,mafaulda_overhang_cage_fault_0g,,,,,,True,split seed 202; operational folder taxonomy kept verbatim (naming caveat M2 not remapped)
methodology_v2.part2.v1,2,MAFAULDA,train,mafaulda_overhang_cage_fault_0g_41.3696,mafaulda_overhang_cage_fault_0g,overhang/cage_fault,Cage_NO_CROSS_DATASET_MATCH,fault_configuration,data/raw_mafaulda/full/overhang/cage_fault/0g/41.3696.csv,50000,2482.176,added_mass_0g,bearing_cage_fault,added_mass_0g,overhang,,mafaulda_overhang_cage_fault_0g,,,,,,True,split seed 202; operational folder taxonomy kept verbatim (naming caveat M2 not remapped)
methodology_v2.part2.v1,2,MAFAULDA,train,mafaulda_overhang_cage_fault_0g_42.5984,mafaulda_overhang_cage_fault_0g,overhang/cage_fault,Cage_NO_CROSS_DATASET_MATCH,fault_configuration,data/raw_mafaulda/full/overhang/cage_fault/0g/42.5984.csv,50000,2555.904,added_mass_0g,bearing_cage_fault,added_mass_0g,overhang,,mafaulda_overhang_cage_fault_0g,,,,,,True,split seed 202; operational folder taxonomy kept verbatim (naming caveat M2 not remapped)
methodology_v2.part2.v1,2,MAFAULDA,train,mafaulda_overhang_cage_fault_0g_43.4176,mafaulda_overhang_cage_fault_0g,overhang/cage_fault,Cage_NO_CROSS_DATASET_MATCH,fault_configuration,data/raw_mafaulda/full/overhang/cage_fault/0g/43.4176.csv,50000,2605.056,added_mass_0g,bearing_cage_fault,added_mass_0g,overhang,,mafaulda_overhang_cage_fault_0g,,,,,,True,split seed 202; operational folder taxonomy kept verbatim (naming caveat M2 not remapped)
methodology_v2.part2.v1,2,MAFAULDA,train,mafaulda_overhang_cage_fault_0g_44.2368,mafaulda_overhang_cage_fault_0g,overhang/cage_fault,Cage_NO_CROSS_DATASET_MATCH,fault_configuration,data/raw_mafaulda/full/overhang/cage_fault/0g/44.2368.csv,50000,2654.208,added_mass_0g,bearing_cage_fault,added_mass_0g,overhang,,mafaulda_overhang_cage_fault_0g,,,,,,True,split seed 202; operational folder taxonomy kept verbatim (naming caveat M2 not remapped)
methodology_v2.part2.v1,2,MAFAULDA,train,mafaulda_overhang_cage_fault_0g_45.2608,mafaulda_overhang_cage_fault_0g,overhang/cage_fault,Cage_NO_CROSS_DATASET_MATCH,fault_configuration,data/raw_mafaulda/full/overhang/cage_fault/0g/45.2608.csv,50000,2715.648,added_mass_0g,bearing_cage_fault,added_mass_0g,overhang,,mafaulda_overhang_cage_fault_0g,,,,,,True,split seed 202; operational folder taxonomy kept verbatim (naming caveat M2 not remapped)
methodology_v2.part2.v1,2,MAFAULDA,train,mafaulda_overhang_cage_fault_0g_46.4896,mafaulda_overhang_cage_fault_0g,overhang/cage_fault,Cage_NO_CROSS_DATASET_MATCH,fault_configuration,data/raw_mafaulda/full/overhang/cage_fault/0g/46.4896.csv,50000,2789.376,added_mass_0g,bearing_cage_fault,added_mass_0g,overhang,,mafaulda_overhang_cage_fault_0g,,,,,,True,split seed 202; operational folder taxonomy kept verbatim (naming caveat M2 not remapped)
methodology_v2.part2.v1,2,MAFAULDA,train,mafaulda_overhang_cage_fault_0g_47.3088,mafaulda_overhang_cage_fault_0g,overhang/cage_fault,Cage_NO_CROSS_DATASET_MATCH,fault_configuration,data/raw_mafaulda/full/overhang/cage_fault/0g/47.3088.csv,50000,2838.528,added_mass_0g,bearing_cage_fault,added_mass_0g,overhang,,mafaulda_overhang_cage_fault_0g,,,,,,True,split seed 202; operational folder taxonomy kept verbatim (naming caveat M2 not remapped)
methodology_v2.part2.v1,2,MAFAULDA,train,mafaulda_overhang_cage_fault_0g_48.128,mafaulda_overhang_cage_fault_0g,overhang/cage_fault,Cage_NO_CROSS_DATASET_MATCH,fault_configuration,data/raw_mafaulda/full/overhang/cage_fault/0g/48.128.csv,50000,2887.68,added_mass_0g,bearing_cage_fault,added_mass_0g,overhang,,mafaulda_overhang_cage_fault_0g,,,,,,True,split seed 202; operational folder taxonomy kept verbatim (naming caveat M2 not remapped)
methodology_v2.part2.v1,2,MAFAULDA,train,mafaulda_overhang_cage_fault_0g_49.152,mafaulda_overhang_cage_fault_0g,overhang/cage_fault,Cage_NO_CROSS_DATASET_MATCH,fault_configuration,data/raw_mafaulda/full/overhang/cage_fault/0g/49.152.csv,50000,2949.12,added_mass_0g,bearing_cage_fault,added_mass_0g,overhang,,mafaulda_overhang_cage_fault_0g,,,,,,True,split seed 202; operational folder taxonomy kept verbatim (naming caveat M2 not remapped)
methodology_v2.part2.v1,2,MAFAULDA,train,mafaulda_overhang_cage_fault_0g_50.5856,mafaulda_overhang_cage_fault_0g,overhang/cage_fault,Cage_NO_CROSS_DATASET_MATCH,fault_configuration,data/raw_mafaulda/full/overhang/cage_fault/0g/50.5856.csv,50000,3035.136,added_mass_0g,bearing_cage_fault,added_mass_0g,overhang,,mafaulda_overhang_cage_fault_0g,,,,,,True,split seed 202; operational folder taxonomy kept verbatim (naming caveat M2 not remapped)
methodology_v2.part2.v1,2,MAFAULDA,train,mafaulda_overhang_cage_fault_0g_51.4048,mafaulda_overhang_cage_fault_0g,overhang/cage_fault,Cage_NO_CROSS_DATASET_MATCH,fault_configuration,data/raw_mafaulda/full/overhang/cage_fault/0g/51.4048.csv,50000,3084.288,added_mass_0g,bearing_cage_fault,added_mass_0g,overhang,,mafaulda_overhang_cage_fault_0g,,,,,,True,split seed 202; operational folder taxonomy kept verbatim (naming caveat M2 not remapped)
methodology_v2.part2.v1,2,MAFAULDA,train,mafaulda_overhang_cage_fault_0g_52.6336,mafaulda_overhang_cage_fault_0g,overhang/cage_fault,Cage_NO_CROSS_DATASET_MATCH,fault_configuration,data/raw_mafaulda/full/overhang/cage_fault/0g/52.6336.csv,50000,3158.016,added_mass_0g,bearing_cage_fault,added_mass_0g,overhang,,mafaulda_overhang_cage_fault_0g,,,,,,True,split seed 202; operational folder taxonomy kept verbatim (naming caveat M2 not remapped)
methodology_v2.part2.v1,2,MAFAULDA,train,mafaulda_overhang_cage_fault_0g_53.8624,mafaulda_overhang_cage_fault_0g,overhang/cage_fault,Cage_NO_CROSS_DATASET_MATCH,fault_configuration,data/raw_mafaulda/full/overhang/cage_fault/0g/53.8624.csv,50000,3231.744,added_mass_0g,bearing_cage_fault,added_mass_0g,overhang,,mafaulda_overhang_cage_fault_0g,,,,,,True,split seed 202; operational folder taxonomy kept verbatim (naming caveat M2 not remapped)
methodology_v2.part2.v1,2,MAFAULDA,train,mafaulda_overhang_cage_fault_0g_54.8864,mafaulda_overhang_cage_fault_0g,overhang/cage_fault,Cage_NO_CROSS_DATASET_MATCH,fault_configuration,data/raw_mafaulda/full/overhang/cage_fault/0g/54.8864.csv,50000,3293.184,added_mass_0g,bearing_cage_fault,added_mass_0g,overhang,,mafaulda_overhang_cage_fault_0g,,,,,,True,split seed 202; operational folder taxonomy kept verbatim (naming caveat M2 not remapped)
methodology_v2.part2.v1,2,MAFAULDA,train,mafaulda_overhang_cage_fault_0g_55.9104,mafaulda_overhang_cage_fault_0g,overhang/cage_fault,Cage_NO_CROSS_DATASET_MATCH,fault_configuration,data/raw_mafaulda/full/overhang/cage_fault/0g/55.9104.csv,50000,3354.6240000000003,added_mass_0g,bearing_cage_fault,added_mass_0g,overhang,,mafaulda_overhang_cage_fault_0g,,,,,,True,split seed 202; operational folder taxonomy kept verbatim (naming caveat M2 not remapped)
methodology_v2.part2.v1,2,MAFAULDA,train,mafaulda_overhang_cage_fault_0g_56.9344,mafaulda_overhang_cage_fault_0g,overhang/cage_fault,Cage_NO_CROSS_DATASET_MATCH,fault_configuration,data/raw_mafaulda/full/overhang/cage_fault/0g/56.9344.csv,50000,3416.064,added_mass_0g,bearing_cage_fault,added_mass_0g,overhang,,mafaulda_overhang_cage_fault_0g,,,,,,True,split seed 202; operational folder taxonomy kept verbatim (naming caveat M2 not remapped)
methodology_v2.part2.v1,2,MAFAULDA,train,mafaulda_overhang_cage_fault_0g_57.1392,mafaulda_overhang_cage_fault_0g,overhang/cage_fault,Cage_NO_CROSS_DATASET_MATCH,fault_configuration,data/raw_mafaulda/full/overhang/cage_fault/0g/57.1392.csv,50000,3428.3520000000003,added_mass_0g,bearing_cage_fault,added_mass_0g,overhang,,mafaulda_overhang_cage_fault_0g,,,,,,True,split seed 202; operational folder taxonomy kept verbatim (naming caveat M2 not remapped)
methodology_v2.part2.v1,2,MAFAULDA,train,mafaulda_overhang_cage_fault_0g_58.7776,mafaulda_overhang_cage_fault_0g,overhang/cage_fault,Cage_NO_CROSS_DATASET_MATCH,fault_configuration,data/raw_mafaulda/full/overhang/cage_fault/0g/58.7776.csv,50000,3526.656,added_mass_0g,bearing_cage_fault,added_mass_0g,overhang,,mafaulda_overhang_cage_fault_0g,,,,,,True,split seed 202; operational folder taxonomy kept verbatim (naming caveat M2 not remapped)
methodology_v2.part2.v1,2,MAFAULDA,train,mafaulda_overhang_cage_fault_0g_59.392,mafaulda_overhang_cage_fault_0g,overhang/cage_fault,Cage_NO_CROSS_DATASET_MATCH,fault_configuration,data/raw_mafaulda/full/overhang/cage_fault/0g/59.392.csv,50000,3563.52,added_mass_0g,bearing_cage_fault,added_mass_0g,overhang,,mafaulda_overhang_cage_fault_0g,,,,,,True,split seed 202; operational folder taxonomy kept verbatim (naming caveat M2 not remapped)
methodology_v2.part2.v1,2,MAFAULDA,train,mafaulda_overhang_cage_fault_0g_60.0064,mafaulda_overhang_cage_fault_0g,overhang/cage_fault,Cage_NO_CROSS_DATASET_MATCH,fault_configuration,data/raw_mafaulda/full/overhang/cage_fault/0g/60.0064.csv,50000,3600.384,added_mass_0g,bearing_cage_fault,added_mass_0g,overhang,,mafaulda_overhang_cage_fault_0g,,,,,,True,split seed 202; operational folder taxonomy kept verbatim (naming caveat M2 not remapped)
methodology_v2.part2.v1,2,MAFAULDA,train,mafaulda_overhang_cage_fault_0g_61.44,mafaulda_overhang_cage_fault_0g,overhang/cage_fault,Cage_NO_CROSS_DATASET_MATCH,fault_configuration,data/raw_mafaulda/full/overhang/cage_fault/0g/61.44.csv,50000,3686.4,added_mass_0g,bearing_cage_fault,added_mass_0g,overhang,,mafaulda_overhang_cage_fault_0g,,,,,,True,split seed 202; operational folder taxonomy kept verbatim (naming caveat M2 not remapped)
methodology_v2.part2.v1,2,MAFAULDA,test,mafaulda_overhang_cage_fault_20g_13.7216,mafaulda_overhang_cage_fault_20g,overhang/cage_fault,Cage_NO_CROSS_DATASET_MATCH,fault_configuration,data/raw_mafaulda/full/overhang/cage_fault/20g/13.7216.csv,50000,823.296,added_mass_20g,bearing_cage_fault,added_mass_20g,overhang,,mafaulda_overhang_cage_fault_20g,,,,,,True,split seed 202; operational folder taxonomy kept verbatim (naming caveat M2 not remapped)
methodology_v2.part2.v1,2,MAFAULDA,test,mafaulda_overhang_cage_fault_20g_14.5408,mafaulda_overhang_cage_fault_20g,overhang/cage_fault,Cage_NO_CROSS_DATASET_MATCH,fault_configuration,data/raw_mafaulda/full/overhang/cage_fault/20g/14.5408.csv,50000,872.4480000000001,added_mass_20g,bearing_cage_fault,added_mass_20g,overhang,,mafaulda_overhang_cage_fault_20g,,,,,,True,split seed 202; operational folder taxonomy kept verbatim (naming caveat M2 not remapped)
methodology_v2.part2.v1,2,MAFAULDA,test,mafaulda_overhang_cage_fault_20g_15.36,mafaulda_overhang_cage_fault_20g,overhang/cage_fault,Cage_NO_CROSS_DATASET_MATCH,fault_configuration,data/raw_mafaulda/full/overhang/cage_fault/20g/15.36.csv,50000,921.6,added_mass_20g,bearing_cage_fault,added_mass_20g,overhang,,mafaulda_overhang_cage_fault_20g,,,,,,True,split seed 202; operational folder taxonomy kept verbatim (naming caveat M2 not remapped)
methodology_v2.part2.v1,2,MAFAULDA,test,mafaulda_overhang_cage_fault_20g_16.384,mafaulda_overhang_cage_fault_20g,overhang/cage_fault,Cage_NO_CROSS_DATASET_MATCH,fault_configuration,data/raw_mafaulda/full/overhang/cage_fault/20g/16.384.csv,50000,983.04,added_mass_20g,bearing_cage_fault,added_mass_20g,overhang,,mafaulda_overhang_cage_fault_20g,,,,,,True,split seed 202; operational folder taxonomy kept verbatim (naming caveat M2 not remapped)
methodology_v2.part2.v1,2,MAFAULDA,test,mafaulda_overhang_cage_fault_20g_17.408,mafaulda_overhang_cage_fault_20g,overhang/cage_fault,Cage_NO_CROSS_DATASET_MATCH,fault_configuration,data/raw_mafaulda/full/overhang/cage_fault/20g/17.408.csv,50000,1044.48,added_mass_20g,bearing_cage_fault,added_mass_20g,overhang,,mafaulda_overhang_cage_fault_20g,,,,,,True,split seed 202; operational folder taxonomy kept verbatim (naming caveat M2 not remapped)
methodology_v2.part2.v1,2,MAFAULDA,test,mafaulda_overhang_cage_fault_20g_18.432,mafaulda_overhang_cage_fault_20g,overhang/cage_fault,Cage_NO_CROSS_DATASET_MATCH,fault_configuration,data/raw_mafaulda/full/overhang/cage_fault/20g/18.432.csv,50000,1105.9199999999998,added_mass_20g,bearing_cage_fault,added_mass_20g,overhang,,mafaulda_overhang_cage_fault_20g,,,,,,True,split seed 202; operational folder taxonomy kept verbatim (naming caveat M2 not remapped)
methodology_v2.part2.v1,2,MAFAULDA,test,mafaulda_overhang_cage_fault_20g_19.456,mafaulda_overhang_cage_fault_20g,overhang/cage_fault,Cage_NO_CROSS_DATASET_MATCH,fault_configuration,data/raw_mafaulda/full/overhang/cage_fault/20g/19.456.csv,50000,1167.36,added_mass_20g,bearing_cage_fault,added_mass_20g,overhang,,mafaulda_overhang_cage_fault_20g,,,,,,True,split seed 202; operational folder taxonomy kept verbatim (naming caveat M2 not remapped)
methodology_v2.part2.v1,2,MAFAULDA,test,mafaulda_overhang_cage_fault_20g_20.6848,mafaulda_overhang_cage_fault_20g,overhang/cage_fault,Cage_NO_CROSS_DATASET_MATCH,fault_configuration,data/raw_mafaulda/full/overhang/cage_fault/20g/20.6848.csv,50000,1241.088,added_mass_20g,bearing_cage_fault,added_mass_20g,overhang,,mafaulda_overhang_cage_fault_20g,,,,,,True,split seed 202; operational folder taxonomy kept verbatim (naming caveat M2 not remapped)
methodology_v2.part2.v1,2,MAFAULDA,test,mafaulda_overhang_cage_fault_20g_21.2992,mafaulda_overhang_cage_fault_20g,overhang/cage_fault,Cage_NO_CROSS_DATASET_MATCH,fault_configuration,data/raw_mafaulda/full/overhang/cage_fault/20g/21.2992.csv,50000,1277.952,added_mass_20g,bearing_cage_fault,added_mass_20g,overhang,,mafaulda_overhang_cage_fault_20g,,,,,,True,split seed 202; operational folder taxonomy kept verbatim (naming caveat M2 not remapped)
methodology_v2.part2.v1,2,MAFAULDA,test,mafaulda_overhang_cage_fault_20g_22.3232,mafaulda_overhang_cage_fault_20g,overhang/cage_fault,Cage_NO_CROSS_DATASET_MATCH,fault_configuration,data/raw_mafaulda/full/overhang/cage_fault/20g/22.3232.csv,50000,1339.392,added_mass_20g,bearing_cage_fault,added_mass_20g,overhang,,mafaulda_overhang_cage_fault_20g,,,,,,True,split seed 202; operational folder taxonomy kept verbatim (naming caveat M2 not remapped)
methodology_v2.part2.v1,2,MAFAULDA,test,mafaulda_overhang_cage_fault_20g_23.552,mafaulda_overhang_cage_fault_20g,overhang/cage_fault,Cage_NO_CROSS_DATASET_MATCH,fault_configuration,data/raw_mafaulda/full/overhang/cage_fault/20g/23.552.csv,50000,1413.12,added_mass_20g,bearing_cage_fault,added_mass_20g,overhang,,mafaulda_overhang_cage_fault_20g,,,,,,True,split seed 202; operational folder taxonomy kept verbatim (naming caveat M2 not remapped)
methodology_v2.part2.v1,2,MAFAULDA,test,mafaulda_overhang_cage_fault_20g_24.7808,mafaulda_overhang_cage_fault_20g,overhang/cage_fault,Cage_NO_CROSS_DATASET_MATCH,fault_configuration,data/raw_mafaulda/full/overhang/cage_fault/20g/24.7808.csv,50000,1486.848,added_mass_20g,bearing_cage_fault,added_mass_20g,overhang,,mafaulda_overhang_cage_fault_20g,,,,,,True,split seed 202; operational folder taxonomy kept verbatim (naming caveat M2 not remapped)
methodology_v2.part2.v1,2,MAFAULDA,test,mafaulda_overhang_cage_fault_20g_25.3952,mafaulda_overhang_cage_fault_20g,overhang/cage_fault,Cage_NO_CROSS_DATASET_MATCH,fault_configuration,data/raw_mafaulda/full/overhang/cage_fault/20g/25.3952.csv,50000,1523.712,added_mass_20g,bearing_cage_fault,added_mass_20g,overhang,,mafaulda_overhang_cage_fault_20g,,,,,,True,split seed 202; operational folder taxonomy kept verbatim (naming caveat M2 not remapped)
methodology_v2.part2.v1,2,MAFAULDA,test,mafaulda_overhang_cage_fault_20g_26.2144,mafaulda_overhang_cage_fault_20g,overhang/cage_fault,Cage_NO_CROSS_DATASET_MATCH,fault_configuration,data/raw_mafaulda/full/overhang/cage_fault/20g/26.2144.csv,50000,1572.864,added_mass_20g,bearing_cage_fault,added_mass_20g,overhang,,mafaulda_overhang_cage_fault_20g,,,,,,True,split seed 202; operational folder taxonomy kept verbatim (naming caveat M2 not remapped)
methodology_v2.part2.v1,2,MAFAULDA,test,mafaulda_overhang_cage_fault_20g_27.4432,mafaulda_overhang_cage_fault_20g,overhang/cage_fault,Cage_NO_CROSS_DATASET_MATCH,fault_configuration,data/raw_mafaulda/full/overhang/cage_fault/20g/27.4432.csv,50000,1646.592,added_mass_20g,bearing_cage_fault,added_mass_20g,overhang,,mafaulda_overhang_cage_fault_20g,,,,,,True,split seed 202; operational folder taxonomy kept verbatim (naming caveat M2 not remapped)
methodology_v2.part2.v1,2,MAFAULDA,test,mafaulda_overhang_cage_fault_20g_28.2624,mafaulda_overhang_cage_fault_20g,overhang/cage_fault,Cage_NO_CROSS_DATASET_MATCH,fault_configuration,data/raw_mafaulda/full/overhang/cage_fault/20g/28.2624.csv,50000,1695.744,added_mass_20g,bearing_cage_fault,added_mass_20g,overhang,,mafaulda_overhang_cage_fault_20g,,,,,,True,split seed 202; operational folder taxonomy kept verbatim (naming caveat M2 not remapped)
methodology_v2.part2.v1,2,MAFAULDA,test,mafaulda_overhang_cage_fault_20g_29.696,mafaulda_overhang_cage_fault_20g,overhang/cage_fault,Cage_NO_CROSS_DATASET_MATCH,fault_configuration,data/raw_mafaulda/full/overhang/cage_fault/20g/29.696.csv,50000,1781.76,added_mass_20g,bearing_cage_fault,added_mass_20g,overhang,,mafaulda_overhang_cage_fault_20g,,,,,,True,split seed 202; operational folder taxonomy kept verbatim (naming caveat M2 not remapped)
methodology_v2.part2.v1,2,MAFAULDA,test,mafaulda_overhang_cage_fault_20g_30.3104,mafaulda_overhang_cage_fault_20g,overhang/cage_fault,Cage_NO_CROSS_DATASET_MATCH,fault_configuration,data/raw_mafaulda/full/overhang/cage_fault/20g/30.3104.csv,50000,1818.624,added_mass_20g,bearing_cage_fault,added_mass_20g,overhang,,mafaulda_overhang_cage_fault_20g,,,,,,True,split seed 202; operational folder taxonomy kept verbatim (naming caveat M2 not remapped)
methodology_v2.part2.v1,2,MAFAULDA,test,mafaulda_overhang_cage_fault_20g_31.5392,mafaulda_overhang_cage_fault_20g,overhang/cage_fault,Cage_NO_CROSS_DATASET_MATCH,fault_configuration,data/raw_mafaulda/full/overhang/cage_fault/20g/31.5392.csv,50000,1892.352,added_mass_20g,bearing_cage_fault,added_mass_20g,overhang,,mafaulda_overhang_cage_fault_20g,,,,,,True,split seed 202; operational folder taxonomy kept verbatim (naming caveat M2 not remapped)
methodology_v2.part2.v1,2,MAFAULDA,test,mafaulda_overhang_cage_fault_20g_32.1536,mafaulda_overhang_cage_fault_20g,overhang/cage_fault,Cage_NO_CROSS_DATASET_MATCH,fault_configuration,data/raw_mafaulda/full/overhang/cage_fault/20g/32.1536.csv,50000,1929.216,added_mass_20g,bearing_cage_fault,added_mass_20g,overhang,,mafaulda_overhang_cage_fault_20g,,,,,,True,split seed 202; operational folder taxonomy kept verbatim (naming caveat M2 not remapped)
methodology_v2.part2.v1,2,MAFAULDA,test,mafaulda_overhang_cage_fault_20g_33.792,mafaulda_overhang_cage_fault_20g,overhang/cage_fault,Cage_NO_CROSS_DATASET_MATCH,fault_configuration,data/raw_mafaulda/full/overhang/cage_fault/20g/33.792.csv,50000,2027.52,added_mass_20g,bearing_cage_fault,added_mass_20g,overhang,,mafaulda_overhang_cage_fault_20g,,,,,,True,split seed 202; operational folder taxonomy kept verbatim (naming caveat M2 not remapped)
methodology_v2.part2.v1,2,MAFAULDA,test,mafaulda_overhang_cage_fault_20g_34.4064,mafaulda_overhang_cage_fault_20g,overhang/cage_fault,Cage_NO_CROSS_DATASET_MATCH,fault_configuration,data/raw_mafaulda/full/overhang/cage_fault/20g/34.4064.csv,50000,2064.384,added_mass_20g,bearing_cage_fault,added_mass_20g,overhang,,mafaulda_overhang_cage_fault_20g,,,,,,True,split seed 202; operational folder taxonomy kept verbatim (naming caveat M2 not remapped)
methodology_v2.part2.v1,2,MAFAULDA,test,mafaulda_overhang_cage_fault_20g_35.4304,mafaulda_overhang_cage_fault_20g,overhang/cage_fault,Cage_NO_CROSS_DATASET_MATCH,fault_configuration,data/raw_mafaulda/full/overhang/cage_fault/20g/35.4304.csv,50000,2125.824,added_mass_20g,bearing_cage_fault,added_mass_20g,overhang,,mafaulda_overhang_cage_fault_20g,,,,,,True,split seed 202; operational folder taxonomy kept verbatim (naming caveat M2 not remapped)
methodology_v2.part2.v1,2,MAFAULDA,test,mafaulda_overhang_cage_fault_20g_36.2496,mafaulda_overhang_cage_fault_20g,overhang/cage_fault,Cage_NO_CROSS_DATASET_MATCH,fault_configuration,data/raw_mafaulda/full/overhang/cage_fault/20g/36.2496.csv,50000,2174.976,added_mass_20g,bearing_cage_fault,added_mass_20g,overhang,,mafaulda_overhang_cage_fault_20g,,,,,,True,split seed 202; operational folder taxonomy kept verbatim (naming caveat M2 not remapped)
methodology_v2.part2.v1,2,MAFAULDA,test,mafaulda_overhang_cage_fault_20g_37.0688,mafaulda_overhang_cage_fault_20g,overhang/cage_fault,Cage_NO_CROSS_DATASET_MATCH,fault_configuration,data/raw_mafaulda/full/overhang/cage_fault/20g/37.0688.csv,50000,2224.128,added_mass_20g,bearing_cage_fault,added_mass_20g,overhang,,mafaulda_overhang_cage_fault_20g,,,,,,True,split seed 202; operational folder taxonomy kept verbatim (naming caveat M2 not remapped)
methodology_v2.part2.v1,2,MAFAULDA,test,mafaulda_overhang_cage_fault_20g_38.5024,mafaulda_overhang_cage_fault_20g,overhang/cage_fault,Cage_NO_CROSS_DATASET_MATCH,fault_configuration,data/raw_mafaulda/full/overhang/cage_fault/20g/38.5024.csv,50000,2310.144,added_mass_20g,bearing_cage_fault,added_mass_20g,overhang,,mafaulda_overhang_cage_fault_20g,,,,,,True,split seed 202; operational folder taxonomy kept verbatim (naming caveat M2 not remapped)
methodology_v2.part2.v1,2,MAFAULDA,test,mafaulda_overhang_cage_fault_20g_39.5264,mafaulda_overhang_cage_fault_20g,overhang/cage_fault,Cage_NO_CROSS_DATASET_MATCH,fault_configuration,data/raw_mafaulda/full/overhang/cage_fault/20g/39.5264.csv,50000,2371.5840000000003,added_mass_20g,bearing_cage_fault,added_mass_20g,overhang,,mafaulda_overhang_cage_fault_20g,,,,,,True,split seed 202; operational folder taxonomy kept verbatim (naming caveat M2 not remapped)
methodology_v2.part2.v1,2,MAFAULDA,test,mafaulda_overhang_cage_fault_20g_40.5504,mafaulda_overhang_cage_fault_20g,overhang/cage_fault,Cage_NO_CROSS_DATASET_MATCH,fault_configuration,data/raw_mafaulda/full/overhang/cage_fault/20g/40.5504.csv,50000,2433.0240000000003,added_mass_20g,bearing_cage_fault,added_mass_20g,overhang,,mafaulda_overhang_cage_fault_20g,,,,,,True,split seed 202; operational folder taxonomy kept verbatim (naming caveat M2 not remapped)
methodology_v2.part2.v1,2,MAFAULDA,test,mafaulda_overhang_cage_fault_20g_41.7792,mafaulda_overhang_cage_fault_20g,overhang/cage_fault,Cage_NO_CROSS_DATASET_MATCH,fault_configuration,data/raw_mafaulda/full/overhang/cage_fault/20g/41.7792.csv,50000,2506.7520000000004,added_mass_20g,bearing_cage_fault,added_mass_20g,overhang,,mafaulda_overhang_cage_fault_20g,,,,,,True,split seed 202; operational folder taxonomy kept verbatim (naming caveat M2 not remapped)
methodology_v2.part2.v1,2,MAFAULDA,test,mafaulda_overhang_cage_fault_20g_42.3936,mafaulda_overhang_cage_fault_20g,overhang/cage_fault,Cage_NO_CROSS_DATASET_MATCH,fault_configuration,data/raw_mafaulda/full/overhang/cage_fault/20g/42.3936.csv,50000,2543.616,added_mass_20g,bearing_cage_fault,added_mass_20g,overhang,,mafaulda_overhang_cage_fault_20g,,,,,,True,split seed 202; operational folder taxonomy kept verbatim (naming caveat M2 not remapped)
methodology_v2.part2.v1,2,MAFAULDA,test,mafaulda_overhang_cage_fault_20g_43.6224,mafaulda_overhang_cage_fault_20g,overhang/cage_fault,Cage_NO_CROSS_DATASET_MATCH,fault_configuration,data/raw_mafaulda/full/overhang/cage_fault/20g/43.6224.csv,50000,2617.344,added_mass_20g,bearing_cage_fault,added_mass_20g,overhang,,mafaulda_overhang_cage_fault_20g,,,,,,True,split seed 202; operational folder taxonomy kept verbatim (naming caveat M2 not remapped)
methodology_v2.part2.v1,2,MAFAULDA,test,mafaulda_overhang_cage_fault_20g_44.4416,mafaulda_overhang_cage_fault_20g,overhang/cage_fault,Cage_NO_CROSS_DATASET_MATCH,fault_configuration,data/raw_mafaulda/full/overhang/cage_fault/20g/44.4416.csv,50000,2666.496,added_mass_20g,bearing_cage_fault,added_mass_20g,overhang,,mafaulda_overhang_cage_fault_20g,,,,,,True,split seed 202; operational folder taxonomy kept verbatim (naming caveat M2 not remapped)
methodology_v2.part2.v1,2,MAFAULDA,test,mafaulda_overhang_cage_fault_20g_45.2608,mafaulda_overhang_cage_fault_20g,overhang/cage_fault,Cage_NO_CROSS_DATASET_MATCH,fault_configuration,data/raw_mafaulda/full/overhang/cage_fault/20g/45.2608.csv,50000,2715.648,added_mass_20g,bearing_cage_fault,added_mass_20g,overhang,,mafaulda_overhang_cage_fault_20g,,,,,,True,split seed 202; operational folder taxonomy kept verbatim (naming caveat M2 not remapped)
methodology_v2.part2.v1,2,MAFAULDA,test,mafaulda_overhang_cage_fault_20g_46.2848,mafaulda_overhang_cage_fault_20g,overhang/cage_fault,Cage_NO_CROSS_DATASET_MATCH,fault_configuration,data/raw_mafaulda/full/overhang/cage_fault/20g/46.2848.csv,50000,2777.088,added_mass_20g,bearing_cage_fault,added_mass_20g,overhang,,mafaulda_overhang_cage_fault_20g,,,,,,True,split seed 202; operational folder taxonomy kept verbatim (naming caveat M2 not remapped)
methodology_v2.part2.v1,2,MAFAULDA,test,mafaulda_overhang_cage_fault_20g_47.7184,mafaulda_overhang_cage_fault_20g,overhang/cage_fault,Cage_NO_CROSS_DATASET_MATCH,fault_configuration,data/raw_mafaulda/full/overhang/cage_fault/20g/47.7184.csv,50000,2863.1040000000003,added_mass_20g,bearing_cage_fault,added_mass_20g,overhang,,mafaulda_overhang_cage_fault_20g,,,,,,True,split seed 202; operational folder taxonomy kept verbatim (naming caveat M2 not remapped)
methodology_v2.part2.v1,2,MAFAULDA,test,mafaulda_overhang_cage_fault_20g_48.7424,mafaulda_overhang_cage_fault_20g,overhang/cage_fault,Cage_NO_CROSS_DATASET_MATCH,fault_configuration,data/raw_mafaulda/full/overhang/cage_fault/20g/48.7424.csv,50000,2924.5440000000003,added_mass_20g,bearing_cage_fault,added_mass_20g,overhang,,mafaulda_overhang_cage_fault_20g,,,,,,True,split seed 202; operational folder taxonomy kept verbatim (naming caveat M2 not remapped)
methodology_v2.part2.v1,2,MAFAULDA,test,mafaulda_overhang_cage_fault_20g_49.7664,mafaulda_overhang_cage_fault_20g,overhang/cage_fault,Cage_NO_CROSS_DATASET_MATCH,fault_configuration,data/raw_mafaulda/full/overhang/cage_fault/20g/49.7664.csv,50000,2985.984,added_mass_20g,bearing_cage_fault,added_mass_20g,overhang,,mafaulda_overhang_cage_fault_20g,,,,,,True,split seed 202; operational folder taxonomy kept verbatim (naming caveat M2 not remapped)
methodology_v2.part2.v1,2,MAFAULDA,test,mafaulda_overhang_cage_fault_20g_50.9952,mafaulda_overhang_cage_fault_20g,overhang/cage_fault,Cage_NO_CROSS_DATASET_MATCH,fault_configuration,data/raw_mafaulda/full/overhang/cage_fault/20g/50.9952.csv,50000,3059.712,added_mass_20g,bearing_cage_fault,added_mass_20g,overhang,,mafaulda_overhang_cage_fault_20g,,,,,,True,split seed 202; operational folder taxonomy kept verbatim (naming caveat M2 not remapped)
methodology_v2.part2.v1,2,MAFAULDA,test,mafaulda_overhang_cage_fault_20g_51.8144,mafaulda_overhang_cage_fault_20g,overhang/cage_fault,Cage_NO_CROSS_DATASET_MATCH,fault_configuration,data/raw_mafaulda/full/overhang/cage_fault/20g/51.8144.csv,50000,3108.864,added_mass_20g,bearing_cage_fault,added_mass_20g,overhang,,mafaulda_overhang_cage_fault_20g,,,,,,True,split seed 202; operational folder taxonomy kept verbatim (naming caveat M2 not remapped)
methodology_v2.part2.v1,2,MAFAULDA,test,mafaulda_overhang_cage_fault_20g_52.224,mafaulda_overhang_cage_fault_20g,overhang/cage_fault,Cage_NO_CROSS_DATASET_MATCH,fault_configuration,data/raw_mafaulda/full/overhang/cage_fault/20g/52.224.csv,50000,3133.44,added_mass_20g,bearing_cage_fault,added_mass_20g,overhang,,mafaulda_overhang_cage_fault_20g,,,,,,True,split seed 202; operational folder taxonomy kept verbatim (naming caveat M2 not remapped)
methodology_v2.part2.v1,2,MAFAULDA,test,mafaulda_overhang_cage_fault_20g_53.248,mafaulda_overhang_cage_fault_20g,overhang/cage_fault,Cage_NO_CROSS_DATASET_MATCH,fault_configuration,data/raw_mafaulda/full/overhang/cage_fault/20g/53.248.csv,50000,3194.88,added_mass_20g,bearing_cage_fault,added_mass_20g,overhang,,mafaulda_overhang_cage_fault_20g,,,,,,True,split seed 202; operational folder taxonomy kept verbatim (naming caveat M2 not remapped)
methodology_v2.part2.v1,2,MAFAULDA,test,mafaulda_overhang_cage_fault_20g_54.0672,mafaulda_overhang_cage_fault_20g,overhang/cage_fault,Cage_NO_CROSS_DATASET_MATCH,fault_configuration,data/raw_mafaulda/full/overhang/cage_fault/20g/54.0672.csv,50000,3244.032,added_mass_20g,bearing_cage_fault,added_mass_20g,overhang,,mafaulda_overhang_cage_fault_20g,,,,,,True,split seed 202; operational folder taxonomy kept verbatim (naming caveat M2 not remapped)
methodology_v2.part2.v1,2,MAFAULDA,test,mafaulda_overhang_cage_fault_20g_55.296,mafaulda_overhang_cage_fault_20g,overhang/cage_fault,Cage_NO_CROSS_DATASET_MATCH,fault_configuration,data/raw_mafaulda/full/overhang/cage_fault/20g/55.296.csv,50000,3317.76,added_mass_20g,bearing_cage_fault,added_mass_20g,overhang,,mafaulda_overhang_cage_fault_20g,,,,,,True,split seed 202; operational folder taxonomy kept verbatim (naming caveat M2 not remapped)
methodology_v2.part2.v1,2,MAFAULDA,test,mafaulda_overhang_cage_fault_20g_56.1152,mafaulda_overhang_cage_fault_20g,overhang/cage_fault,Cage_NO_CROSS_DATASET_MATCH,fault_configuration,data/raw_mafaulda/full/overhang/cage_fault/20g/56.1152.csv,50000,3366.9120000000003,added_mass_20g,bearing_cage_fault,added_mass_20g,overhang,,mafaulda_overhang_cage_fault_20g,,,,,,True,split seed 202; operational folder taxonomy kept verbatim (naming caveat M2 not remapped)
methodology_v2.part2.v1,2,MAFAULDA,test,mafaulda_overhang_cage_fault_20g_57.5488,mafaulda_overhang_cage_fault_20g,overhang/cage_fault,Cage_NO_CROSS_DATASET_MATCH,fault_configuration,data/raw_mafaulda/full/overhang/cage_fault/20g/57.5488.csv,50000,3452.928,added_mass_20g,bearing_cage_fault,added_mass_20g,overhang,,mafaulda_overhang_cage_fault_20g,,,,,,True,split seed 202; operational folder taxonomy kept verbatim (naming caveat M2 not remapped)
methodology_v2.part2.v1,2,MAFAULDA,test,mafaulda_overhang_cage_fault_20g_58.368,mafaulda_overhang_cage_fault_20g,overhang/cage_fault,Cage_NO_CROSS_DATASET_MATCH,fault_configuration,data/raw_mafaulda/full/overhang/cage_fault/20g/58.368.csv,50000,3502.08,added_mass_20g,bearing_cage_fault,added_mass_20g,overhang,,mafaulda_overhang_cage_fault_20g,,,,,,True,split seed 202; operational folder taxonomy kept verbatim (naming caveat M2 not remapped)
methodology_v2.part2.v1,2,MAFAULDA,test,mafaulda_overhang_cage_fault_20g_59.1872,mafaulda_overhang_cage_fault_20g,overhang/cage_fault,Cage_NO_CROSS_DATASET_MATCH,fault_configuration,data/raw_mafaulda/full/overhang/cage_fault/20g/59.1872.csv,50000,3551.232,added_mass_20g,bearing_cage_fault,added_mass_20g,overhang,,mafaulda_overhang_cage_fault_20g,,,,,,True,split seed 202; operational folder taxonomy kept verbatim (naming caveat M2 not remapped)
methodology_v2.part2.v1,2,MAFAULDA,test,mafaulda_overhang_cage_fault_20g_60.416,mafaulda_overhang_cage_fault_20g,overhang/cage_fault,Cage_NO_CROSS_DATASET_MATCH,fault_configuration,data/raw_mafaulda/full/overhang/cage_fault/20g/60.416.csv,50000,3624.96,added_mass_20g,bearing_cage_fault,added_mass_20g,overhang,,mafaulda_overhang_cage_fault_20g,,,,,,True,split seed 202; operational folder taxonomy kept verbatim (naming caveat M2 not remapped)
methodology_v2.part2.v1,2,MAFAULDA,test,mafaulda_overhang_cage_fault_20g_61.2352,mafaulda_overhang_cage_fault_20g,overhang/cage_fault,Cage_NO_CROSS_DATASET_MATCH,fault_configuration,data/raw_mafaulda/full/overhang/cage_fault/20g/61.2352.csv,50000,3674.112,added_mass_20g,bearing_cage_fault,added_mass_20g,overhang,,mafaulda_overhang_cage_fault_20g,,,,,,True,split seed 202; operational folder taxonomy kept verbatim (naming caveat M2 not remapped)
methodology_v2.part2.v1,2,MAFAULDA,validation,mafaulda_overhang_cage_fault_35g_13.5168,mafaulda_overhang_cage_fault_35g,overhang/cage_fault,Cage_NO_CROSS_DATASET_MATCH,fault_configuration,data/raw_mafaulda/full/overhang/cage_fault/35g/13.5168.csv,50000,811.008,added_mass_35g,bearing_cage_fault,added_mass_35g,overhang,,mafaulda_overhang_cage_fault_35g,,,,,,True,split seed 202; operational folder taxonomy kept verbatim (naming caveat M2 not remapped)
methodology_v2.part2.v1,2,MAFAULDA,validation,mafaulda_overhang_cage_fault_35g_14.336,mafaulda_overhang_cage_fault_35g,overhang/cage_fault,Cage_NO_CROSS_DATASET_MATCH,fault_configuration,data/raw_mafaulda/full/overhang/cage_fault/35g/14.336.csv,50000,860.16,added_mass_35g,bearing_cage_fault,added_mass_35g,overhang,,mafaulda_overhang_cage_fault_35g,,,,,,True,split seed 202; operational folder taxonomy kept verbatim (naming caveat M2 not remapped)
methodology_v2.part2.v1,2,MAFAULDA,validation,mafaulda_overhang_cage_fault_35g_15.5648,mafaulda_overhang_cage_fault_35g,overhang/cage_fault,Cage_NO_CROSS_DATASET_MATCH,fault_configuration,data/raw_mafaulda/full/overhang/cage_fault/35g/15.5648.csv,50000,933.888,added_mass_35g,bearing_cage_fault,added_mass_35g,overhang,,mafaulda_overhang_cage_fault_35g,,,,,,True,split seed 202; operational folder taxonomy kept verbatim (naming caveat M2 not remapped)
methodology_v2.part2.v1,2,MAFAULDA,validation,mafaulda_overhang_cage_fault_35g_16.384,mafaulda_overhang_cage_fault_35g,overhang/cage_fault,Cage_NO_CROSS_DATASET_MATCH,fault_configuration,data/raw_mafaulda/full/overhang/cage_fault/35g/16.384.csv,50000,983.04,added_mass_35g,bearing_cage_fault,added_mass_35g,overhang,,mafaulda_overhang_cage_fault_35g,,,,,,True,split seed 202; operational folder taxonomy kept verbatim (naming caveat M2 not remapped)
methodology_v2.part2.v1,2,MAFAULDA,validation,mafaulda_overhang_cage_fault_35g_17.6128,mafaulda_overhang_cage_fault_35g,overhang/cage_fault,Cage_NO_CROSS_DATASET_MATCH,fault_configuration,data/raw_mafaulda/full/overhang/cage_fault/35g/17.6128.csv,50000,1056.768,added_mass_35g,bearing_cage_fault,added_mass_35g,overhang,,mafaulda_overhang_cage_fault_35g,,,,,,True,split seed 202; operational folder taxonomy kept verbatim (naming caveat M2 not remapped)
methodology_v2.part2.v1,2,MAFAULDA,validation,mafaulda_overhang_cage_fault_35g_18.2272,mafaulda_overhang_cage_fault_35g,overhang/cage_fault,Cage_NO_CROSS_DATASET_MATCH,fault_configuration,data/raw_mafaulda/full/overhang/cage_fault/35g/18.2272.csv,50000,1093.632,added_mass_35g,bearing_cage_fault,added_mass_35g,overhang,,mafaulda_overhang_cage_fault_35g,,,,,,True,split seed 202; operational folder taxonomy kept verbatim (naming caveat M2 not remapped)
methodology_v2.part2.v1,2,MAFAULDA,validation,mafaulda_overhang_cage_fault_35g_19.8656,mafaulda_overhang_cage_fault_35g,overhang/cage_fault,Cage_NO_CROSS_DATASET_MATCH,fault_configuration,data/raw_mafaulda/full/overhang/cage_fault/35g/19.8656.csv,50000,1191.936,added_mass_35g,bearing_cage_fault,added_mass_35g,overhang,,mafaulda_overhang_cage_fault_35g,,,,,,True,split seed 202; operational folder taxonomy kept verbatim (naming caveat M2 not remapped)
methodology_v2.part2.v1,2,MAFAULDA,validation,mafaulda_overhang_cage_fault_35g_20.8896,mafaulda_overhang_cage_fault_35g,overhang/cage_fault,Cage_NO_CROSS_DATASET_MATCH,fault_configuration,data/raw_mafaulda/full/overhang/cage_fault/35g/20.8896.csv,50000,1253.3760000000002,added_mass_35g,bearing_cage_fault,added_mass_35g,overhang,,mafaulda_overhang_cage_fault_35g,,,,,,True,split seed 202; operational folder taxonomy kept verbatim (naming caveat M2 not remapped)
methodology_v2.part2.v1,2,MAFAULDA,validation,mafaulda_overhang_cage_fault_35g_21.2992,mafaulda_overhang_cage_fault_35g,overhang/cage_fault,Cage_NO_CROSS_DATASET_MATCH,fault_configuration,data/raw_mafaulda/full/overhang/cage_fault/35g/21.2992.csv,50000,1277.952,added_mass_35g,bearing_cage_fault,added_mass_35g,overhang,,mafaulda_overhang_cage_fault_35g,,,,,,True,split seed 202; operational folder taxonomy kept verbatim (naming caveat M2 not remapped)
methodology_v2.part2.v1,2,MAFAULDA,validation,mafaulda_overhang_cage_fault_35g_22.1184,mafaulda_overhang_cage_fault_35g,overhang/cage_fault,Cage_NO_CROSS_DATASET_MATCH,fault_configuration,data/raw_mafaulda/full/overhang/cage_fault/35g/22.1184.csv,50000,1327.104,added_mass_35g,bearing_cage_fault,added_mass_35g,overhang,,mafaulda_overhang_cage_fault_35g,,,,,,True,split seed 202; operational folder taxonomy kept verbatim (naming caveat M2 not remapped)
methodology_v2.part2.v1,2,MAFAULDA,validation,mafaulda_overhang_cage_fault_35g_23.1424,mafaulda_overhang_cage_fault_35g,overhang/cage_fault,Cage_NO_CROSS_DATASET_MATCH,fault_configuration,data/raw_mafaulda/full/overhang/cage_fault/35g/23.1424.csv,50000,1388.544,added_mass_35g,bearing_cage_fault,added_mass_35g,overhang,,mafaulda_overhang_cage_fault_35g,,,,,,True,split seed 202; operational folder taxonomy kept verbatim (naming caveat M2 not remapped)
methodology_v2.part2.v1,2,MAFAULDA,validation,mafaulda_overhang_cage_fault_35g_24.7808,mafaulda_overhang_cage_fault_35g,overhang/cage_fault,Cage_NO_CROSS_DATASET_MATCH,fault_configuration,data/raw_mafaulda/full/overhang/cage_fault/35g/24.7808.csv,50000,1486.848,added_mass_35g,bearing_cage_fault,added_mass_35g,overhang,,mafaulda_overhang_cage_fault_35g,,,,,,True,split seed 202; operational folder taxonomy kept verbatim (naming caveat M2 not remapped)
methodology_v2.part2.v1,2,MAFAULDA,validation,mafaulda_overhang_cage_fault_35g_25.3952,mafaulda_overhang_cage_fault_35g,overhang/cage_fault,Cage_NO_CROSS_DATASET_MATCH,fault_configuration,data/raw_mafaulda/full/overhang/cage_fault/35g/25.3952.csv,50000,1523.712,added_mass_35g,bearing_cage_fault,added_mass_35g,overhang,,mafaulda_overhang_cage_fault_35g,,,,,,True,split seed 202; operational folder taxonomy kept verbatim (naming caveat M2 not remapped)
methodology_v2.part2.v1,2,MAFAULDA,validation,mafaulda_overhang_cage_fault_35g_26.0096,mafaulda_overhang_cage_fault_35g,overhang/cage_fault,Cage_NO_CROSS_DATASET_MATCH,fault_configuration,data/raw_mafaulda/full/overhang/cage_fault/35g/26.0096.csv,50000,1560.576,added_mass_35g,bearing_cage_fault,added_mass_35g,overhang,,mafaulda_overhang_cage_fault_35g,,,,,,True,split seed 202; operational folder taxonomy kept verbatim (naming caveat M2 not remapped)
methodology_v2.part2.v1,2,MAFAULDA,validation,mafaulda_overhang_cage_fault_35g_27.8528,mafaulda_overhang_cage_fault_35g,overhang/cage_fault,Cage_NO_CROSS_DATASET_MATCH,fault_configuration,data/raw_mafaulda/full/overhang/cage_fault/35g/27.8528.csv,50000,1671.168,added_mass_35g,bearing_cage_fault,added_mass_35g,overhang,,mafaulda_overhang_cage_fault_35g,,,,,,True,split seed 202; operational folder taxonomy kept verbatim (naming caveat M2 not remapped)
methodology_v2.part2.v1,2,MAFAULDA,validation,mafaulda_overhang_cage_fault_35g_28.0576,mafaulda_overhang_cage_fault_35g,overhang/cage_fault,Cage_NO_CROSS_DATASET_MATCH,fault_configuration,data/raw_mafaulda/full/overhang/cage_fault/35g/28.0576.csv,50000,1683.456,added_mass_35g,bearing_cage_fault,added_mass_35g,overhang,,mafaulda_overhang_cage_fault_35g,,,,,,True,split seed 202; operational folder taxonomy kept verbatim (naming caveat M2 not remapped)
methodology_v2.part2.v1,2,MAFAULDA,validation,mafaulda_overhang_cage_fault_35g_29.4912,mafaulda_overhang_cage_fault_35g,overhang/cage_fault,Cage_NO_CROSS_DATASET_MATCH,fault_configuration,data/raw_mafaulda/full/overhang/cage_fault/35g/29.4912.csv,50000,1769.472,added_mass_35g,bearing_cage_fault,added_mass_35g,overhang,,mafaulda_overhang_cage_fault_35g,,,,,,True,split seed 202; operational folder taxonomy kept verbatim (naming caveat M2 not remapped)
methodology_v2.part2.v1,2,MAFAULDA,validation,mafaulda_overhang_cage_fault_35g_30.3104,mafaulda_overhang_cage_fault_35g,overhang/cage_fault,Cage_NO_CROSS_DATASET_MATCH,fault_configuration,data/raw_mafaulda/full/overhang/cage_fault/35g/30.3104.csv,50000,1818.624,added_mass_35g,bearing_cage_fault,added_mass_35g,overhang,,mafaulda_overhang_cage_fault_35g,,,,,,True,split seed 202; operational folder taxonomy kept verbatim (naming caveat M2 not remapped)
methodology_v2.part2.v1,2,MAFAULDA,validation,mafaulda_overhang_cage_fault_35g_31.3344,mafaulda_overhang_cage_fault_35g,overhang/cage_fault,Cage_NO_CROSS_DATASET_MATCH,fault_configuration,data/raw_mafaulda/full/overhang/cage_fault/35g/31.3344.csv,50000,1880.064,added_mass_35g,bearing_cage_fault,added_mass_35g,overhang,,mafaulda_overhang_cage_fault_35g,,,,,,True,split seed 202; operational folder taxonomy kept verbatim (naming caveat M2 not remapped)
methodology_v2.part2.v1,2,MAFAULDA,validation,mafaulda_overhang_cage_fault_35g_32.3584,mafaulda_overhang_cage_fault_35g,overhang/cage_fault,Cage_NO_CROSS_DATASET_MATCH,fault_configuration,data/raw_mafaulda/full/overhang/cage_fault/35g/32.3584.csv,50000,1941.504,added_mass_35g,bearing_cage_fault,added_mass_35g,overhang,,mafaulda_overhang_cage_fault_35g,,,,,,True,split seed 202; operational folder taxonomy kept verbatim (naming caveat M2 not remapped)
methodology_v2.part2.v1,2,MAFAULDA,validation,mafaulda_overhang_cage_fault_35g_33.5872,mafaulda_overhang_cage_fault_35g,overhang/cage_fault,Cage_NO_CROSS_DATASET_MATCH,fault_configuration,data/raw_mafaulda/full/overhang/cage_fault/35g/33.5872.csv,50000,2015.232,added_mass_35g,bearing_cage_fault,added_mass_35g,overhang,,mafaulda_overhang_cage_fault_35g,,,,,,True,split seed 202; operational folder taxonomy kept verbatim (naming caveat M2 not remapped)
methodology_v2.part2.v1,2,MAFAULDA,validation,mafaulda_overhang_cage_fault_35g_34.2016,mafaulda_overhang_cage_fault_35g,overhang/cage_fault,Cage_NO_CROSS_DATASET_MATCH,fault_configuration,data/raw_mafaulda/full/overhang/cage_fault/35g/34.2016.csv,50000,2052.096,added_mass_35g,bearing_cage_fault,added_mass_35g,overhang,,mafaulda_overhang_cage_fault_35g,,,,,,True,split seed 202; operational folder taxonomy kept verbatim (naming caveat M2 not remapped)
methodology_v2.part2.v1,2,MAFAULDA,validation,mafaulda_overhang_cage_fault_35g_35.84,mafaulda_overhang_cage_fault_35g,overhang/cage_fault,Cage_NO_CROSS_DATASET_MATCH,fault_configuration,data/raw_mafaulda/full/overhang/cage_fault/35g/35.84.csv,50000,2150.4,added_mass_35g,bearing_cage_fault,added_mass_35g,overhang,,mafaulda_overhang_cage_fault_35g,,,,,,True,split seed 202; operational folder taxonomy kept verbatim (naming caveat M2 not remapped)
methodology_v2.part2.v1,2,MAFAULDA,validation,mafaulda_overhang_cage_fault_35g_36.4544,mafaulda_overhang_cage_fault_35g,overhang/cage_fault,Cage_NO_CROSS_DATASET_MATCH,fault_configuration,data/raw_mafaulda/full/overhang/cage_fault/35g/36.4544.csv,50000,2187.264,added_mass_35g,bearing_cage_fault,added_mass_35g,overhang,,mafaulda_overhang_cage_fault_35g,,,,,,True,split seed 202; operational folder taxonomy kept verbatim (naming caveat M2 not remapped)
methodology_v2.part2.v1,2,MAFAULDA,validation,mafaulda_overhang_cage_fault_35g_37.4784,mafaulda_overhang_cage_fault_35g,overhang/cage_fault,Cage_NO_CROSS_DATASET_MATCH,fault_configuration,data/raw_mafaulda/full/overhang/cage_fault/35g/37.4784.csv,50000,2248.704,added_mass_35g,bearing_cage_fault,added_mass_35g,overhang,,mafaulda_overhang_cage_fault_35g,,,,,,True,split seed 202; operational folder taxonomy kept verbatim (naming caveat M2 not remapped)
methodology_v2.part2.v1,2,MAFAULDA,validation,mafaulda_overhang_cage_fault_35g_38.2976,mafaulda_overhang_cage_fault_35g,overhang/cage_fault,Cage_NO_CROSS_DATASET_MATCH,fault_configuration,data/raw_mafaulda/full/overhang/cage_fault/35g/38.2976.csv,50000,2297.856,added_mass_35g,bearing_cage_fault,added_mass_35g,overhang,,mafaulda_overhang_cage_fault_35g,,,,,,True,split seed 202; operational folder taxonomy kept verbatim (naming caveat M2 not remapped)
methodology_v2.part2.v1,2,MAFAULDA,validation,mafaulda_overhang_cage_fault_35g_39.3216,mafaulda_overhang_cage_fault_35g,overhang/cage_fault,Cage_NO_CROSS_DATASET_MATCH,fault_configuration,data/raw_mafaulda/full/overhang/cage_fault/35g/39.3216.csv,50000,2359.296,added_mass_35g,bearing_cage_fault,added_mass_35g,overhang,,mafaulda_overhang_cage_fault_35g,,,,,,True,split seed 202; operational folder taxonomy kept verbatim (naming caveat M2 not remapped)
methodology_v2.part2.v1,2,MAFAULDA,validation,mafaulda_overhang_cage_fault_35g_40.96,mafaulda_overhang_cage_fault_35g,overhang/cage_fault,Cage_NO_CROSS_DATASET_MATCH,fault_configuration,data/raw_mafaulda/full/overhang/cage_fault/35g/40.96.csv,50000,2457.6,added_mass_35g,bearing_cage_fault,added_mass_35g,overhang,,mafaulda_overhang_cage_fault_35g,,,,,,True,split seed 202; operational folder taxonomy kept verbatim (naming caveat M2 not remapped)
methodology_v2.part2.v1,2,MAFAULDA,validation,mafaulda_overhang_cage_fault_35g_41.3696,mafaulda_overhang_cage_fault_35g,overhang/cage_fault,Cage_NO_CROSS_DATASET_MATCH,fault_configuration,data/raw_mafaulda/full/overhang/cage_fault/35g/41.3696.csv,50000,2482.176,added_mass_35g,bearing_cage_fault,added_mass_35g,overhang,,mafaulda_overhang_cage_fault_35g,,,,,,True,split seed 202; operational folder taxonomy kept verbatim (naming caveat M2 not remapped)
methodology_v2.part2.v1,2,MAFAULDA,validation,mafaulda_overhang_cage_fault_35g_42.5984,mafaulda_overhang_cage_fault_35g,overhang/cage_fault,Cage_NO_CROSS_DATASET_MATCH,fault_configuration,data/raw_mafaulda/full/overhang/cage_fault/35g/42.5984.csv,50000,2555.904,added_mass_35g,bearing_cage_fault,added_mass_35g,overhang,,mafaulda_overhang_cage_fault_35g,,,,,,True,split seed 202; operational folder taxonomy kept verbatim (naming caveat M2 not remapped)
methodology_v2.part2.v1,2,MAFAULDA,validation,mafaulda_overhang_cage_fault_35g_43.008,mafaulda_overhang_cage_fault_35g,overhang/cage_fault,Cage_NO_CROSS_DATASET_MATCH,fault_configuration,data/raw_mafaulda/full/overhang/cage_fault/35g/43.008.csv,50000,2580.48,added_mass_35g,bearing_cage_fault,added_mass_35g,overhang,,mafaulda_overhang_cage_fault_35g,,,,,,True,split seed 202; operational folder taxonomy kept verbatim (naming caveat M2 not remapped)
methodology_v2.part2.v1,2,MAFAULDA,validation,mafaulda_overhang_cage_fault_35g_44.4416,mafaulda_overhang_cage_fault_35g,overhang/cage_fault,Cage_NO_CROSS_DATASET_MATCH,fault_configuration,data/raw_mafaulda/full/overhang/cage_fault/35g/44.4416.csv,50000,2666.496,added_mass_35g,bearing_cage_fault,added_mass_35g,overhang,,mafaulda_overhang_cage_fault_35g,,,,,,True,split seed 202; operational folder taxonomy kept verbatim (naming caveat M2 not remapped)
methodology_v2.part2.v1,2,MAFAULDA,validation,mafaulda_overhang_cage_fault_35g_45.6704,mafaulda_overhang_cage_fault_35g,overhang/cage_fault,Cage_NO_CROSS_DATASET_MATCH,fault_configuration,data/raw_mafaulda/full/overhang/cage_fault/35g/45.6704.csv,50000,2740.224,added_mass_35g,bearing_cage_fault,added_mass_35g,overhang,,mafaulda_overhang_cage_fault_35g,,,,,,True,split seed 202; operational folder taxonomy kept verbatim (naming caveat M2 not remapped)
methodology_v2.part2.v1,2,MAFAULDA,validation,mafaulda_overhang_cage_fault_35g_46.4896,mafaulda_overhang_cage_fault_35g,overhang/cage_fault,Cage_NO_CROSS_DATASET_MATCH,fault_configuration,data/raw_mafaulda/full/overhang/cage_fault/35g/46.4896.csv,50000,2789.376,added_mass_35g,bearing_cage_fault,added_mass_35g,overhang,,mafaulda_overhang_cage_fault_35g,,,,,,True,split seed 202; operational folder taxonomy kept verbatim (naming caveat M2 not remapped)
methodology_v2.part2.v1,2,MAFAULDA,validation,mafaulda_overhang_cage_fault_35g_47.104,mafaulda_overhang_cage_fault_35g,overhang/cage_fault,Cage_NO_CROSS_DATASET_MATCH,fault_configuration,data/raw_mafaulda/full/overhang/cage_fault/35g/47.104.csv,50000,2826.24,added_mass_35g,bearing_cage_fault,added_mass_35g,overhang,,mafaulda_overhang_cage_fault_35g,,,,,,True,split seed 202; operational folder taxonomy kept verbatim (naming caveat M2 not remapped)
methodology_v2.part2.v1,2,MAFAULDA,validation,mafaulda_overhang_cage_fault_35g_48.7424,mafaulda_overhang_cage_fault_35g,overhang/cage_fault,Cage_NO_CROSS_DATASET_MATCH,fault_configuration,data/raw_mafaulda/full/overhang/cage_fault/35g/48.7424.csv,50000,2924.5440000000003,added_mass_35g,bearing_cage_fault,added_mass_35g,overhang,,mafaulda_overhang_cage_fault_35g,,,,,,True,split seed 202; operational folder taxonomy kept verbatim (naming caveat M2 not remapped)
methodology_v2.part2.v1,2,MAFAULDA,validation,mafaulda_overhang_cage_fault_35g_49.7664,mafaulda_overhang_cage_fault_35g,overhang/cage_fault,Cage_NO_CROSS_DATASET_MATCH,fault_configuration,data/raw_mafaulda/full/overhang/cage_fault/35g/49.7664.csv,50000,2985.984,added_mass_35g,bearing_cage_fault,added_mass_35g,overhang,,mafaulda_overhang_cage_fault_35g,,,,,,True,split seed 202; operational folder taxonomy kept verbatim (naming caveat M2 not remapped)
methodology_v2.part2.v1,2,MAFAULDA,validation,mafaulda_overhang_cage_fault_35g_50.3808,mafaulda_overhang_cage_fault_35g,overhang/cage_fault,Cage_NO_CROSS_DATASET_MATCH,fault_configuration,data/raw_mafaulda/full/overhang/cage_fault/35g/50.3808.csv,50000,3022.848,added_mass_35g,bearing_cage_fault,added_mass_35g,overhang,,mafaulda_overhang_cage_fault_35g,,,,,,True,split seed 202; operational folder taxonomy kept verbatim (naming caveat M2 not remapped)
methodology_v2.part2.v1,2,MAFAULDA,validation,mafaulda_overhang_cage_fault_35g_51.2,mafaulda_overhang_cage_fault_35g,overhang/cage_fault,Cage_NO_CROSS_DATASET_MATCH,fault_configuration,data/raw_mafaulda/full/overhang/cage_fault/35g/51.2.csv,50000,3072.0,added_mass_35g,bearing_cage_fault,added_mass_35g,overhang,,mafaulda_overhang_cage_fault_35g,,,,,,True,split seed 202; operational folder taxonomy kept verbatim (naming caveat M2 not remapped)
methodology_v2.part2.v1,2,MAFAULDA,validation,mafaulda_overhang_cage_fault_35g_52.8384,mafaulda_overhang_cage_fault_35g,overhang/cage_fault,Cage_NO_CROSS_DATASET_MATCH,fault_configuration,data/raw_mafaulda/full/overhang/cage_fault/35g/52.8384.csv,50000,3170.304,added_mass_35g,bearing_cage_fault,added_mass_35g,overhang,,mafaulda_overhang_cage_fault_35g,,,,,,True,split seed 202; operational folder taxonomy kept verbatim (naming caveat M2 not remapped)
methodology_v2.part2.v1,2,MAFAULDA,validation,mafaulda_overhang_cage_fault_35g_54.0672,mafaulda_overhang_cage_fault_35g,overhang/cage_fault,Cage_NO_CROSS_DATASET_MATCH,fault_configuration,data/raw_mafaulda/full/overhang/cage_fault/35g/54.0672.csv,50000,3244.032,added_mass_35g,bearing_cage_fault,added_mass_35g,overhang,,mafaulda_overhang_cage_fault_35g,,,,,,True,split seed 202; operational folder taxonomy kept verbatim (naming caveat M2 not remapped)
methodology_v2.part2.v1,2,MAFAULDA,train,mafaulda_overhang_cage_fault_6g_13.1072,mafaulda_overhang_cage_fault_6g,overhang/cage_fault,Cage_NO_CROSS_DATASET_MATCH,fault_configuration,data/raw_mafaulda/full/overhang/cage_fault/6g/13.1072.csv,50000,786.432,added_mass_6g,bearing_cage_fault,added_mass_6g,overhang,,mafaulda_overhang_cage_fault_6g,,,,,,True,split seed 202; operational folder taxonomy kept verbatim (naming caveat M2 not remapped)
methodology_v2.part2.v1,2,MAFAULDA,train,mafaulda_overhang_cage_fault_6g_14.5408,mafaulda_overhang_cage_fault_6g,overhang/cage_fault,Cage_NO_CROSS_DATASET_MATCH,fault_configuration,data/raw_mafaulda/full/overhang/cage_fault/6g/14.5408.csv,50000,872.4480000000001,added_mass_6g,bearing_cage_fault,added_mass_6g,overhang,,mafaulda_overhang_cage_fault_6g,,,,,,True,split seed 202; operational folder taxonomy kept verbatim (naming caveat M2 not remapped)
methodology_v2.part2.v1,2,MAFAULDA,train,mafaulda_overhang_cage_fault_6g_14.9504,mafaulda_overhang_cage_fault_6g,overhang/cage_fault,Cage_NO_CROSS_DATASET_MATCH,fault_configuration,data/raw_mafaulda/full/overhang/cage_fault/6g/14.9504.csv,50000,897.024,added_mass_6g,bearing_cage_fault,added_mass_6g,overhang,,mafaulda_overhang_cage_fault_6g,,,,,,True,split seed 202; operational folder taxonomy kept verbatim (naming caveat M2 not remapped)
methodology_v2.part2.v1,2,MAFAULDA,train,mafaulda_overhang_cage_fault_6g_16.1792,mafaulda_overhang_cage_fault_6g,overhang/cage_fault,Cage_NO_CROSS_DATASET_MATCH,fault_configuration,data/raw_mafaulda/full/overhang/cage_fault/6g/16.1792.csv,50000,970.752,added_mass_6g,bearing_cage_fault,added_mass_6g,overhang,,mafaulda_overhang_cage_fault_6g,,,,,,True,split seed 202; operational folder taxonomy kept verbatim (naming caveat M2 not remapped)
methodology_v2.part2.v1,2,MAFAULDA,train,mafaulda_overhang_cage_fault_6g_17.408,mafaulda_overhang_cage_fault_6g,overhang/cage_fault,Cage_NO_CROSS_DATASET_MATCH,fault_configuration,data/raw_mafaulda/full/overhang/cage_fault/6g/17.408.csv,50000,1044.48,added_mass_6g,bearing_cage_fault,added_mass_6g,overhang,,mafaulda_overhang_cage_fault_6g,,,,,,True,split seed 202; operational folder taxonomy kept verbatim (naming caveat M2 not remapped)
methodology_v2.part2.v1,2,MAFAULDA,train,mafaulda_overhang_cage_fault_6g_18.6368,mafaulda_overhang_cage_fault_6g,overhang/cage_fault,Cage_NO_CROSS_DATASET_MATCH,fault_configuration,data/raw_mafaulda/full/overhang/cage_fault/6g/18.6368.csv,50000,1118.208,added_mass_6g,bearing_cage_fault,added_mass_6g,overhang,,mafaulda_overhang_cage_fault_6g,,,,,,True,split seed 202; operational folder taxonomy kept verbatim (naming caveat M2 not remapped)
methodology_v2.part2.v1,2,MAFAULDA,train,mafaulda_overhang_cage_fault_6g_19.0464,mafaulda_overhang_cage_fault_6g,overhang/cage_fault,Cage_NO_CROSS_DATASET_MATCH,fault_configuration,data/raw_mafaulda/full/overhang/cage_fault/6g/19.0464.csv,50000,1142.784,added_mass_6g,bearing_cage_fault,added_mass_6g,overhang,,mafaulda_overhang_cage_fault_6g,,,,,,True,split seed 202; operational folder taxonomy kept verbatim (naming caveat M2 not remapped)
methodology_v2.part2.v1,2,MAFAULDA,train,mafaulda_overhang_cage_fault_6g_20.48,mafaulda_overhang_cage_fault_6g,overhang/cage_fault,Cage_NO_CROSS_DATASET_MATCH,fault_configuration,data/raw_mafaulda/full/overhang/cage_fault/6g/20.48.csv,50000,1228.8,added_mass_6g,bearing_cage_fault,added_mass_6g,overhang,,mafaulda_overhang_cage_fault_6g,,,,,,True,split seed 202; operational folder taxonomy kept verbatim (naming caveat M2 not remapped)
methodology_v2.part2.v1,2,MAFAULDA,train,mafaulda_overhang_cage_fault_6g_21.504,mafaulda_overhang_cage_fault_6g,overhang/cage_fault,Cage_NO_CROSS_DATASET_MATCH,fault_configuration,data/raw_mafaulda/full/overhang/cage_fault/6g/21.504.csv,50000,1290.24,added_mass_6g,bearing_cage_fault,added_mass_6g,overhang,,mafaulda_overhang_cage_fault_6g,,,,,,True,split seed 202; operational folder taxonomy kept verbatim (naming caveat M2 not remapped)
methodology_v2.part2.v1,2,MAFAULDA,train,mafaulda_overhang_cage_fault_6g_22.3232,mafaulda_overhang_cage_fault_6g,overhang/cage_fault,Cage_NO_CROSS_DATASET_MATCH,fault_configuration,data/raw_mafaulda/full/overhang/cage_fault/6g/22.3232.csv,50000,1339.392,added_mass_6g,bearing_cage_fault,added_mass_6g,overhang,,mafaulda_overhang_cage_fault_6g,,,,,,True,split seed 202; operational folder taxonomy kept verbatim (naming caveat M2 not remapped)
methodology_v2.part2.v1,2,MAFAULDA,train,mafaulda_overhang_cage_fault_6g_23.3472,mafaulda_overhang_cage_fault_6g,overhang/cage_fault,Cage_NO_CROSS_DATASET_MATCH,fault_configuration,data/raw_mafaulda/full/overhang/cage_fault/6g/23.3472.csv,50000,1400.832,added_mass_6g,bearing_cage_fault,added_mass_6g,overhang,,mafaulda_overhang_cage_fault_6g,,,,,,True,split seed 202; operational folder taxonomy kept verbatim (naming caveat M2 not remapped)
methodology_v2.part2.v1,2,MAFAULDA,train,mafaulda_overhang_cage_fault_6g_24.576,mafaulda_overhang_cage_fault_6g,overhang/cage_fault,Cage_NO_CROSS_DATASET_MATCH,fault_configuration,data/raw_mafaulda/full/overhang/cage_fault/6g/24.576.csv,50000,1474.56,added_mass_6g,bearing_cage_fault,added_mass_6g,overhang,,mafaulda_overhang_cage_fault_6g,,,,,,True,split seed 202; operational folder taxonomy kept verbatim (naming caveat M2 not remapped)
methodology_v2.part2.v1,2,MAFAULDA,train,mafaulda_overhang_cage_fault_6g_26.2144,mafaulda_overhang_cage_fault_6g,overhang/cage_fault,Cage_NO_CROSS_DATASET_MATCH,fault_configuration,data/raw_mafaulda/full/overhang/cage_fault/6g/26.2144.csv,50000,1572.864,added_mass_6g,bearing_cage_fault,added_mass_6g,overhang,,mafaulda_overhang_cage_fault_6g,,,,,,True,split seed 202; operational folder taxonomy kept verbatim (naming caveat M2 not remapped)
methodology_v2.part2.v1,2,MAFAULDA,train,mafaulda_overhang_cage_fault_6g_26.624,mafaulda_overhang_cage_fault_6g,overhang/cage_fault,Cage_NO_CROSS_DATASET_MATCH,fault_configuration,data/raw_mafaulda/full/overhang/cage_fault/6g/26.624.csv,50000,1597.4399999999998,added_mass_6g,bearing_cage_fault,added_mass_6g,overhang,,mafaulda_overhang_cage_fault_6g,,,,,,True,split seed 202; operational folder taxonomy kept verbatim (naming caveat M2 not remapped)
methodology_v2.part2.v1,2,MAFAULDA,train,mafaulda_overhang_cage_fault_6g_27.2384,mafaulda_overhang_cage_fault_6g,overhang/cage_fault,Cage_NO_CROSS_DATASET_MATCH,fault_configuration,data/raw_mafaulda/full/overhang/cage_fault/6g/27.2384.csv,50000,1634.304,added_mass_6g,bearing_cage_fault,added_mass_6g,overhang,,mafaulda_overhang_cage_fault_6g,,,,,,True,split seed 202; operational folder taxonomy kept verbatim (naming caveat M2 not remapped)
methodology_v2.part2.v1,2,MAFAULDA,train,mafaulda_overhang_cage_fault_6g_28.4672,mafaulda_overhang_cage_fault_6g,overhang/cage_fault,Cage_NO_CROSS_DATASET_MATCH,fault_configuration,data/raw_mafaulda/full/overhang/cage_fault/6g/28.4672.csv,50000,1708.032,added_mass_6g,bearing_cage_fault,added_mass_6g,overhang,,mafaulda_overhang_cage_fault_6g,,,,,,True,split seed 202; operational folder taxonomy kept verbatim (naming caveat M2 not remapped)
methodology_v2.part2.v1,2,MAFAULDA,train,mafaulda_overhang_cage_fault_6g_29.2864,mafaulda_overhang_cage_fault_6g,overhang/cage_fault,Cage_NO_CROSS_DATASET_MATCH,fault_configuration,data/raw_mafaulda/full/overhang/cage_fault/6g/29.2864.csv,50000,1757.184,added_mass_6g,bearing_cage_fault,added_mass_6g,overhang,,mafaulda_overhang_cage_fault_6g,,,,,,True,split seed 202; operational folder taxonomy kept verbatim (naming caveat M2 not remapped)
methodology_v2.part2.v1,2,MAFAULDA,train,mafaulda_overhang_cage_fault_6g_30.5152,mafaulda_overhang_cage_fault_6g,overhang/cage_fault,Cage_NO_CROSS_DATASET_MATCH,fault_configuration,data/raw_mafaulda/full/overhang/cage_fault/6g/30.5152.csv,50000,1830.912,added_mass_6g,bearing_cage_fault,added_mass_6g,overhang,,mafaulda_overhang_cage_fault_6g,,,,,,True,split seed 202; operational folder taxonomy kept verbatim (naming caveat M2 not remapped)
methodology_v2.part2.v1,2,MAFAULDA,train,mafaulda_overhang_cage_fault_6g_30.9248,mafaulda_overhang_cage_fault_6g,overhang/cage_fault,Cage_NO_CROSS_DATASET_MATCH,fault_configuration,data/raw_mafaulda/full/overhang/cage_fault/6g/30.9248.csv,50000,1855.488,added_mass_6g,bearing_cage_fault,added_mass_6g,overhang,,mafaulda_overhang_cage_fault_6g,,,,,,True,split seed 202; operational folder taxonomy kept verbatim (naming caveat M2 not remapped)
methodology_v2.part2.v1,2,MAFAULDA,train,mafaulda_overhang_cage_fault_6g_32.3584,mafaulda_overhang_cage_fault_6g,overhang/cage_fault,Cage_NO_CROSS_DATASET_MATCH,fault_configuration,data/raw_mafaulda/full/overhang/cage_fault/6g/32.3584.csv,50000,1941.504,added_mass_6g,bearing_cage_fault,added_mass_6g,overhang,,mafaulda_overhang_cage_fault_6g,,,,,,True,split seed 202; operational folder taxonomy kept verbatim (naming caveat M2 not remapped)
methodology_v2.part2.v1,2,MAFAULDA,train,mafaulda_overhang_cage_fault_6g_33.3824,mafaulda_overhang_cage_fault_6g,overhang/cage_fault,Cage_NO_CROSS_DATASET_MATCH,fault_configuration,data/raw_mafaulda/full/overhang/cage_fault/6g/33.3824.csv,50000,2002.944,added_mass_6g,bearing_cage_fault,added_mass_6g,overhang,,mafaulda_overhang_cage_fault_6g,,,,,,True,split seed 202; operational folder taxonomy kept verbatim (naming caveat M2 not remapped)
methodology_v2.part2.v1,2,MAFAULDA,train,mafaulda_overhang_cage_fault_6g_33.9968,mafaulda_overhang_cage_fault_6g,overhang/cage_fault,Cage_NO_CROSS_DATASET_MATCH,fault_configuration,data/raw_mafaulda/full/overhang/cage_fault/6g/33.9968.csv,50000,2039.808,added_mass_6g,bearing_cage_fault,added_mass_6g,overhang,,mafaulda_overhang_cage_fault_6g,,,,,,True,split seed 202; operational folder taxonomy kept verbatim (naming caveat M2 not remapped)
methodology_v2.part2.v1,2,MAFAULDA,train,mafaulda_overhang_cage_fault_6g_35.4304,mafaulda_overhang_cage_fault_6g,overhang/cage_fault,Cage_NO_CROSS_DATASET_MATCH,fault_configuration,data/raw_mafaulda/full/overhang/cage_fault/6g/35.4304.csv,50000,2125.824,added_mass_6g,bearing_cage_fault,added_mass_6g,overhang,,mafaulda_overhang_cage_fault_6g,,,,,,True,split seed 202; operational folder taxonomy kept verbatim (naming caveat M2 not remapped)
methodology_v2.part2.v1,2,MAFAULDA,train,mafaulda_overhang_cage_fault_6g_36.6592,mafaulda_overhang_cage_fault_6g,overhang/cage_fault,Cage_NO_CROSS_DATASET_MATCH,fault_configuration,data/raw_mafaulda/full/overhang/cage_fault/6g/36.6592.csv,50000,2199.552,added_mass_6g,bearing_cage_fault,added_mass_6g,overhang,,mafaulda_overhang_cage_fault_6g,,,,,,True,split seed 202; operational folder taxonomy kept verbatim (naming caveat M2 not remapped)
methodology_v2.part2.v1,2,MAFAULDA,train,mafaulda_overhang_cage_fault_6g_37.4784,mafaulda_overhang_cage_fault_6g,overhang/cage_fault,Cage_NO_CROSS_DATASET_MATCH,fault_configuration,data/raw_mafaulda/full/overhang/cage_fault/6g/37.4784.csv,50000,2248.704,added_mass_6g,bearing_cage_fault,added_mass_6g,overhang,,mafaulda_overhang_cage_fault_6g,,,,,,True,split seed 202; operational folder taxonomy kept verbatim (naming caveat M2 not remapped)
methodology_v2.part2.v1,2,MAFAULDA,train,mafaulda_overhang_cage_fault_6g_38.7072,mafaulda_overhang_cage_fault_6g,overhang/cage_fault,Cage_NO_CROSS_DATASET_MATCH,fault_configuration,data/raw_mafaulda/full/overhang/cage_fault/6g/38.7072.csv,50000,2322.432,added_mass_6g,bearing_cage_fault,added_mass_6g,overhang,,mafaulda_overhang_cage_fault_6g,,,,,,True,split seed 202; operational folder taxonomy kept verbatim (naming caveat M2 not remapped)
methodology_v2.part2.v1,2,MAFAULDA,train,mafaulda_overhang_cage_fault_6g_39.7312,mafaulda_overhang_cage_fault_6g,overhang/cage_fault,Cage_NO_CROSS_DATASET_MATCH,fault_configuration,data/raw_mafaulda/full/overhang/cage_fault/6g/39.7312.csv,50000,2383.8720000000003,added_mass_6g,bearing_cage_fault,added_mass_6g,overhang,,mafaulda_overhang_cage_fault_6g,,,,,,True,split seed 202; operational folder taxonomy kept verbatim (naming caveat M2 not remapped)
methodology_v2.part2.v1,2,MAFAULDA,train,mafaulda_overhang_cage_fault_6g_40.5504,mafaulda_overhang_cage_fault_6g,overhang/cage_fault,Cage_NO_CROSS_DATASET_MATCH,fault_configuration,data/raw_mafaulda/full/overhang/cage_fault/6g/40.5504.csv,50000,2433.0240000000003,added_mass_6g,bearing_cage_fault,added_mass_6g,overhang,,mafaulda_overhang_cage_fault_6g,,,,,,True,split seed 202; operational folder taxonomy kept verbatim (naming caveat M2 not remapped)
methodology_v2.part2.v1,2,MAFAULDA,train,mafaulda_overhang_cage_fault_6g_41.7792,mafaulda_overhang_cage_fault_6g,overhang/cage_fault,Cage_NO_CROSS_DATASET_MATCH,fault_configuration,data/raw_mafaulda/full/overhang/cage_fault/6g/41.7792.csv,50000,2506.7520000000004,added_mass_6g,bearing_cage_fault,added_mass_6g,overhang,,mafaulda_overhang_cage_fault_6g,,,,,,True,split seed 202; operational folder taxonomy kept verbatim (naming caveat M2 not remapped)
methodology_v2.part2.v1,2,MAFAULDA,train,mafaulda_overhang_cage_fault_6g_42.1888,mafaulda_overhang_cage_fault_6g,overhang/cage_fault,Cage_NO_CROSS_DATASET_MATCH,fault_configuration,data/raw_mafaulda/full/overhang/cage_fault/6g/42.1888.csv,50000,2531.328,added_mass_6g,bearing_cage_fault,added_mass_6g,overhang,,mafaulda_overhang_cage_fault_6g,,,,,,True,split seed 202; operational folder taxonomy kept verbatim (naming caveat M2 not remapped)
methodology_v2.part2.v1,2,MAFAULDA,train,mafaulda_overhang_cage_fault_6g_43.6224,mafaulda_overhang_cage_fault_6g,overhang/cage_fault,Cage_NO_CROSS_DATASET_MATCH,fault_configuration,data/raw_mafaulda/full/overhang/cage_fault/6g/43.6224.csv,50000,2617.344,added_mass_6g,bearing_cage_fault,added_mass_6g,overhang,,mafaulda_overhang_cage_fault_6g,,,,,,True,split seed 202; operational folder taxonomy kept verbatim (naming caveat M2 not remapped)
methodology_v2.part2.v1,2,MAFAULDA,train,mafaulda_overhang_cage_fault_6g_44.6464,mafaulda_overhang_cage_fault_6g,overhang/cage_fault,Cage_NO_CROSS_DATASET_MATCH,fault_configuration,data/raw_mafaulda/full/overhang/cage_fault/6g/44.6464.csv,50000,2678.784,added_mass_6g,bearing_cage_fault,added_mass_6g,overhang,,mafaulda_overhang_cage_fault_6g,,,,,,True,split seed 202; operational folder taxonomy kept verbatim (naming caveat M2 not remapped)
methodology_v2.part2.v1,2,MAFAULDA,train,mafaulda_overhang_cage_fault_6g_45.2608,mafaulda_overhang_cage_fault_6g,overhang/cage_fault,Cage_NO_CROSS_DATASET_MATCH,fault_configuration,data/raw_mafaulda/full/overhang/cage_fault/6g/45.2608.csv,50000,2715.648,added_mass_6g,bearing_cage_fault,added_mass_6g,overhang,,mafaulda_overhang_cage_fault_6g,,,,,,True,split seed 202; operational folder taxonomy kept verbatim (naming caveat M2 not remapped)
methodology_v2.part2.v1,2,MAFAULDA,train,mafaulda_overhang_cage_fault_6g_45.8752,mafaulda_overhang_cage_fault_6g,overhang/cage_fault,Cage_NO_CROSS_DATASET_MATCH,fault_configuration,data/raw_mafaulda/full/overhang/cage_fault/6g/45.8752.csv,50000,2752.512,added_mass_6g,bearing_cage_fault,added_mass_6g,overhang,,mafaulda_overhang_cage_fault_6g,,,,,,True,split seed 202; operational folder taxonomy kept verbatim (naming caveat M2 not remapped)
methodology_v2.part2.v1,2,MAFAULDA,train,mafaulda_overhang_cage_fault_6g_47.104,mafaulda_overhang_cage_fault_6g,overhang/cage_fault,Cage_NO_CROSS_DATASET_MATCH,fault_configuration,data/raw_mafaulda/full/overhang/cage_fault/6g/47.104.csv,50000,2826.24,added_mass_6g,bearing_cage_fault,added_mass_6g,overhang,,mafaulda_overhang_cage_fault_6g,,,,,,True,split seed 202; operational folder taxonomy kept verbatim (naming caveat M2 not remapped)
methodology_v2.part2.v1,2,MAFAULDA,train,mafaulda_overhang_cage_fault_6g_48.3328,mafaulda_overhang_cage_fault_6g,overhang/cage_fault,Cage_NO_CROSS_DATASET_MATCH,fault_configuration,data/raw_mafaulda/full/overhang/cage_fault/6g/48.3328.csv,50000,2899.968,added_mass_6g,bearing_cage_fault,added_mass_6g,overhang,,mafaulda_overhang_cage_fault_6g,,,,,,True,split seed 202; operational folder taxonomy kept verbatim (naming caveat M2 not remapped)
methodology_v2.part2.v1,2,MAFAULDA,train,mafaulda_overhang_cage_fault_6g_49.5616,mafaulda_overhang_cage_fault_6g,overhang/cage_fault,Cage_NO_CROSS_DATASET_MATCH,fault_configuration,data/raw_mafaulda/full/overhang/cage_fault/6g/49.5616.csv,50000,2973.696,added_mass_6g,bearing_cage_fault,added_mass_6g,overhang,,mafaulda_overhang_cage_fault_6g,,,,,,True,split seed 202; operational folder taxonomy kept verbatim (naming caveat M2 not remapped)
methodology_v2.part2.v1,2,MAFAULDA,train,mafaulda_overhang_cage_fault_6g_50.176,mafaulda_overhang_cage_fault_6g,overhang/cage_fault,Cage_NO_CROSS_DATASET_MATCH,fault_configuration,data/raw_mafaulda/full/overhang/cage_fault/6g/50.176.csv,50000,3010.56,added_mass_6g,bearing_cage_fault,added_mass_6g,overhang,,mafaulda_overhang_cage_fault_6g,,,,,,True,split seed 202; operational folder taxonomy kept verbatim (naming caveat M2 not remapped)
methodology_v2.part2.v1,2,MAFAULDA,train,mafaulda_overhang_cage_fault_6g_50.9952,mafaulda_overhang_cage_fault_6g,overhang/cage_fault,Cage_NO_CROSS_DATASET_MATCH,fault_configuration,data/raw_mafaulda/full/overhang/cage_fault/6g/50.9952.csv,50000,3059.712,added_mass_6g,bearing_cage_fault,added_mass_6g,overhang,,mafaulda_overhang_cage_fault_6g,,,,,,True,split seed 202; operational folder taxonomy kept verbatim (naming caveat M2 not remapped)
methodology_v2.part2.v1,2,MAFAULDA,train,mafaulda_overhang_cage_fault_6g_52.4288,mafaulda_overhang_cage_fault_6g,overhang/cage_fault,Cage_NO_CROSS_DATASET_MATCH,fault_configuration,data/raw_mafaulda/full/overhang/cage_fault/6g/52.4288.csv,50000,3145.728,added_mass_6g,bearing_cage_fault,added_mass_6g,overhang,,mafaulda_overhang_cage_fault_6g,,,,,,True,split seed 202; operational folder taxonomy kept verbatim (naming caveat M2 not remapped)
methodology_v2.part2.v1,2,MAFAULDA,train,mafaulda_overhang_cage_fault_6g_53.0432,mafaulda_overhang_cage_fault_6g,overhang/cage_fault,Cage_NO_CROSS_DATASET_MATCH,fault_configuration,data/raw_mafaulda/full/overhang/cage_fault/6g/53.0432.csv,50000,3182.592,added_mass_6g,bearing_cage_fault,added_mass_6g,overhang,,mafaulda_overhang_cage_fault_6g,,,,,,True,split seed 202; operational folder taxonomy kept verbatim (naming caveat M2 not remapped)
methodology_v2.part2.v1,2,MAFAULDA,train,mafaulda_overhang_cage_fault_6g_54.4768,mafaulda_overhang_cage_fault_6g,overhang/cage_fault,Cage_NO_CROSS_DATASET_MATCH,fault_configuration,data/raw_mafaulda/full/overhang/cage_fault/6g/54.4768.csv,50000,3268.608,added_mass_6g,bearing_cage_fault,added_mass_6g,overhang,,mafaulda_overhang_cage_fault_6g,,,,,,True,split seed 202; operational folder taxonomy kept verbatim (naming caveat M2 not remapped)
methodology_v2.part2.v1,2,MAFAULDA,train,mafaulda_overhang_cage_fault_6g_55.296,mafaulda_overhang_cage_fault_6g,overhang/cage_fault,Cage_NO_CROSS_DATASET_MATCH,fault_configuration,data/raw_mafaulda/full/overhang/cage_fault/6g/55.296.csv,50000,3317.76,added_mass_6g,bearing_cage_fault,added_mass_6g,overhang,,mafaulda_overhang_cage_fault_6g,,,,,,True,split seed 202; operational folder taxonomy kept verbatim (naming caveat M2 not remapped)
methodology_v2.part2.v1,2,MAFAULDA,train,mafaulda_overhang_cage_fault_6g_56.5248,mafaulda_overhang_cage_fault_6g,overhang/cage_fault,Cage_NO_CROSS_DATASET_MATCH,fault_configuration,data/raw_mafaulda/full/overhang/cage_fault/6g/56.5248.csv,50000,3391.488,added_mass_6g,bearing_cage_fault,added_mass_6g,overhang,,mafaulda_overhang_cage_fault_6g,,,,,,True,split seed 202; operational folder taxonomy kept verbatim (naming caveat M2 not remapped)
methodology_v2.part2.v1,2,MAFAULDA,train,mafaulda_overhang_cage_fault_6g_57.5488,mafaulda_overhang_cage_fault_6g,overhang/cage_fault,Cage_NO_CROSS_DATASET_MATCH,fault_configuration,data/raw_mafaulda/full/overhang/cage_fault/6g/57.5488.csv,50000,3452.928,added_mass_6g,bearing_cage_fault,added_mass_6g,overhang,,mafaulda_overhang_cage_fault_6g,,,,,,True,split seed 202; operational folder taxonomy kept verbatim (naming caveat M2 not remapped)
methodology_v2.part2.v1,2,MAFAULDA,train,mafaulda_overhang_cage_fault_6g_58.1632,mafaulda_overhang_cage_fault_6g,overhang/cage_fault,Cage_NO_CROSS_DATASET_MATCH,fault_configuration,data/raw_mafaulda/full/overhang/cage_fault/6g/58.1632.csv,50000,3489.7920000000004,added_mass_6g,bearing_cage_fault,added_mass_6g,overhang,,mafaulda_overhang_cage_fault_6g,,,,,,True,split seed 202; operational folder taxonomy kept verbatim (naming caveat M2 not remapped)
methodology_v2.part2.v1,2,MAFAULDA,train,mafaulda_overhang_cage_fault_6g_59.392,mafaulda_overhang_cage_fault_6g,overhang/cage_fault,Cage_NO_CROSS_DATASET_MATCH,fault_configuration,data/raw_mafaulda/full/overhang/cage_fault/6g/59.392.csv,50000,3563.52,added_mass_6g,bearing_cage_fault,added_mass_6g,overhang,,mafaulda_overhang_cage_fault_6g,,,,,,True,split seed 202; operational folder taxonomy kept verbatim (naming caveat M2 not remapped)
methodology_v2.part2.v1,2,MAFAULDA,train,mafaulda_overhang_cage_fault_6g_60.6208,mafaulda_overhang_cage_fault_6g,overhang/cage_fault,Cage_NO_CROSS_DATASET_MATCH,fault_configuration,data/raw_mafaulda/full/overhang/cage_fault/6g/60.6208.csv,50000,3637.248,added_mass_6g,bearing_cage_fault,added_mass_6g,overhang,,mafaulda_overhang_cage_fault_6g,,,,,,True,split seed 202; operational folder taxonomy kept verbatim (naming caveat M2 not remapped)
methodology_v2.part2.v1,2,MAFAULDA,train,mafaulda_overhang_cage_fault_6g_61.44,mafaulda_overhang_cage_fault_6g,overhang/cage_fault,Cage_NO_CROSS_DATASET_MATCH,fault_configuration,data/raw_mafaulda/full/overhang/cage_fault/6g/61.44.csv,50000,3686.4,added_mass_6g,bearing_cage_fault,added_mass_6g,overhang,,mafaulda_overhang_cage_fault_6g,,,,,,True,split seed 202; operational folder taxonomy kept verbatim (naming caveat M2 not remapped)
methodology_v2.part2.v1,2,MAFAULDA,validation,mafaulda_overhang_outer_race_0g_13.1072,mafaulda_overhang_outer_race_0g,overhang/outer_race,OuterRace,fault_configuration,data/raw_mafaulda/full/overhang/outer_race/0g/13.1072.csv,50000,786.432,added_mass_0g,bearing_outer_race,added_mass_0g,overhang,,mafaulda_overhang_outer_race_0g,,,,,,True,split seed 202; operational folder taxonomy kept verbatim (naming caveat M2 not remapped)
methodology_v2.part2.v1,2,MAFAULDA,validation,mafaulda_overhang_outer_race_0g_14.336,mafaulda_overhang_outer_race_0g,overhang/outer_race,OuterRace,fault_configuration,data/raw_mafaulda/full/overhang/outer_race/0g/14.336.csv,50000,860.16,added_mass_0g,bearing_outer_race,added_mass_0g,overhang,,mafaulda_overhang_outer_race_0g,,,,,,True,split seed 202; operational folder taxonomy kept verbatim (naming caveat M2 not remapped)
methodology_v2.part2.v1,2,MAFAULDA,validation,mafaulda_overhang_outer_race_0g_15.36,mafaulda_overhang_outer_race_0g,overhang/outer_race,OuterRace,fault_configuration,data/raw_mafaulda/full/overhang/outer_race/0g/15.36.csv,50000,921.6,added_mass_0g,bearing_outer_race,added_mass_0g,overhang,,mafaulda_overhang_outer_race_0g,,,,,,True,split seed 202; operational folder taxonomy kept verbatim (naming caveat M2 not remapped)
methodology_v2.part2.v1,2,MAFAULDA,validation,mafaulda_overhang_outer_race_0g_16.7936,mafaulda_overhang_outer_race_0g,overhang/outer_race,OuterRace,fault_configuration,data/raw_mafaulda/full/overhang/outer_race/0g/16.7936.csv,50000,1007.616,added_mass_0g,bearing_outer_race,added_mass_0g,overhang,,mafaulda_overhang_outer_race_0g,,,,,,True,split seed 202; operational folder taxonomy kept verbatim (naming caveat M2 not remapped)
methodology_v2.part2.v1,2,MAFAULDA,validation,mafaulda_overhang_outer_race_0g_17.8176,mafaulda_overhang_outer_race_0g,overhang/outer_race,OuterRace,fault_configuration,data/raw_mafaulda/full/overhang/outer_race/0g/17.8176.csv,50000,1069.056,added_mass_0g,bearing_outer_race,added_mass_0g,overhang,,mafaulda_overhang_outer_race_0g,,,,,,True,split seed 202; operational folder taxonomy kept verbatim (naming caveat M2 not remapped)
methodology_v2.part2.v1,2,MAFAULDA,validation,mafaulda_overhang_outer_race_0g_18.6368,mafaulda_overhang_outer_race_0g,overhang/outer_race,OuterRace,fault_configuration,data/raw_mafaulda/full/overhang/outer_race/0g/18.6368.csv,50000,1118.208,added_mass_0g,bearing_outer_race,added_mass_0g,overhang,,mafaulda_overhang_outer_race_0g,,,,,,True,split seed 202; operational folder taxonomy kept verbatim (naming caveat M2 not remapped)
methodology_v2.part2.v1,2,MAFAULDA,validation,mafaulda_overhang_outer_race_0g_19.6608,mafaulda_overhang_outer_race_0g,overhang/outer_race,OuterRace,fault_configuration,data/raw_mafaulda/full/overhang/outer_race/0g/19.6608.csv,50000,1179.648,added_mass_0g,bearing_outer_race,added_mass_0g,overhang,,mafaulda_overhang_outer_race_0g,,,,,,True,split seed 202; operational folder taxonomy kept verbatim (naming caveat M2 not remapped)
methodology_v2.part2.v1,2,MAFAULDA,validation,mafaulda_overhang_outer_race_0g_20.48,mafaulda_overhang_outer_race_0g,overhang/outer_race,OuterRace,fault_configuration,data/raw_mafaulda/full/overhang/outer_race/0g/20.48.csv,50000,1228.8,added_mass_0g,bearing_outer_race,added_mass_0g,overhang,,mafaulda_overhang_outer_race_0g,,,,,,True,split seed 202; operational folder taxonomy kept verbatim (naming caveat M2 not remapped)
methodology_v2.part2.v1,2,MAFAULDA,validation,mafaulda_overhang_outer_race_0g_21.504,mafaulda_overhang_outer_race_0g,overhang/outer_race,OuterRace,fault_configuration,data/raw_mafaulda/full/overhang/outer_race/0g/21.504.csv,50000,1290.24,added_mass_0g,bearing_outer_race,added_mass_0g,overhang,,mafaulda_overhang_outer_race_0g,,,,,,True,split seed 202; operational folder taxonomy kept verbatim (naming caveat M2 not remapped)
methodology_v2.part2.v1,2,MAFAULDA,validation,mafaulda_overhang_outer_race_0g_22.1184,mafaulda_overhang_outer_race_0g,overhang/outer_race,OuterRace,fault_configuration,data/raw_mafaulda/full/overhang/outer_race/0g/22.1184.csv,50000,1327.104,added_mass_0g,bearing_outer_race,added_mass_0g,overhang,,mafaulda_overhang_outer_race_0g,,,,,,True,split seed 202; operational folder taxonomy kept verbatim (naming caveat M2 not remapped)
methodology_v2.part2.v1,2,MAFAULDA,validation,mafaulda_overhang_outer_race_0g_23.552,mafaulda_overhang_outer_race_0g,overhang/outer_race,OuterRace,fault_configuration,data/raw_mafaulda/full/overhang/outer_race/0g/23.552.csv,50000,1413.12,added_mass_0g,bearing_outer_race,added_mass_0g,overhang,,mafaulda_overhang_outer_race_0g,,,,,,True,split seed 202; operational folder taxonomy kept verbatim (naming caveat M2 not remapped)
methodology_v2.part2.v1,2,MAFAULDA,validation,mafaulda_overhang_outer_race_0g_24.7808,mafaulda_overhang_outer_race_0g,overhang/outer_race,OuterRace,fault_configuration,data/raw_mafaulda/full/overhang/outer_race/0g/24.7808.csv,50000,1486.848,added_mass_0g,bearing_outer_race,added_mass_0g,overhang,,mafaulda_overhang_outer_race_0g,,,,,,True,split seed 202; operational folder taxonomy kept verbatim (naming caveat M2 not remapped)
methodology_v2.part2.v1,2,MAFAULDA,validation,mafaulda_overhang_outer_race_0g_25.6,mafaulda_overhang_outer_race_0g,overhang/outer_race,OuterRace,fault_configuration,data/raw_mafaulda/full/overhang/outer_race/0g/25.6.csv,50000,1536.0,added_mass_0g,bearing_outer_race,added_mass_0g,overhang,,mafaulda_overhang_outer_race_0g,,,,,,True,split seed 202; operational folder taxonomy kept verbatim (naming caveat M2 not remapped)
methodology_v2.part2.v1,2,MAFAULDA,validation,mafaulda_overhang_outer_race_0g_26.624,mafaulda_overhang_outer_race_0g,overhang/outer_race,OuterRace,fault_configuration,data/raw_mafaulda/full/overhang/outer_race/0g/26.624.csv,50000,1597.4399999999998,added_mass_0g,bearing_outer_race,added_mass_0g,overhang,,mafaulda_overhang_outer_race_0g,,,,,,True,split seed 202; operational folder taxonomy kept verbatim (naming caveat M2 not remapped)
methodology_v2.part2.v1,2,MAFAULDA,validation,mafaulda_overhang_outer_race_0g_27.648,mafaulda_overhang_outer_race_0g,overhang/outer_race,OuterRace,fault_configuration,data/raw_mafaulda/full/overhang/outer_race/0g/27.648.csv,50000,1658.88,added_mass_0g,bearing_outer_race,added_mass_0g,overhang,,mafaulda_overhang_outer_race_0g,,,,,,True,split seed 202; operational folder taxonomy kept verbatim (naming caveat M2 not remapped)
methodology_v2.part2.v1,2,MAFAULDA,validation,mafaulda_overhang_outer_race_0g_28.4672,mafaulda_overhang_outer_race_0g,overhang/outer_race,OuterRace,fault_configuration,data/raw_mafaulda/full/overhang/outer_race/0g/28.4672.csv,50000,1708.032,added_mass_0g,bearing_outer_race,added_mass_0g,overhang,,mafaulda_overhang_outer_race_0g,,,,,,True,split seed 202; operational folder taxonomy kept verbatim (naming caveat M2 not remapped)
methodology_v2.part2.v1,2,MAFAULDA,validation,mafaulda_overhang_outer_race_0g_29.696,mafaulda_overhang_outer_race_0g,overhang/outer_race,OuterRace,fault_configuration,data/raw_mafaulda/full/overhang/outer_race/0g/29.696.csv,50000,1781.76,added_mass_0g,bearing_outer_race,added_mass_0g,overhang,,mafaulda_overhang_outer_race_0g,,,,,,True,split seed 202; operational folder taxonomy kept verbatim (naming caveat M2 not remapped)
methodology_v2.part2.v1,2,MAFAULDA,validation,mafaulda_overhang_outer_race_0g_30.1056,mafaulda_overhang_outer_race_0g,overhang/outer_race,OuterRace,fault_configuration,data/raw_mafaulda/full/overhang/outer_race/0g/30.1056.csv,50000,1806.336,added_mass_0g,bearing_outer_race,added_mass_0g,overhang,,mafaulda_overhang_outer_race_0g,,,,,,True,split seed 202; operational folder taxonomy kept verbatim (naming caveat M2 not remapped)
methodology_v2.part2.v1,2,MAFAULDA,validation,mafaulda_overhang_outer_race_0g_31.744,mafaulda_overhang_outer_race_0g,overhang/outer_race,OuterRace,fault_configuration,data/raw_mafaulda/full/overhang/outer_race/0g/31.744.csv,50000,1904.64,added_mass_0g,bearing_outer_race,added_mass_0g,overhang,,mafaulda_overhang_outer_race_0g,,,,,,True,split seed 202; operational folder taxonomy kept verbatim (naming caveat M2 not remapped)
methodology_v2.part2.v1,2,MAFAULDA,validation,mafaulda_overhang_outer_race_0g_32.3584,mafaulda_overhang_outer_race_0g,overhang/outer_race,OuterRace,fault_configuration,data/raw_mafaulda/full/overhang/outer_race/0g/32.3584.csv,50000,1941.504,added_mass_0g,bearing_outer_race,added_mass_0g,overhang,,mafaulda_overhang_outer_race_0g,,,,,,True,split seed 202; operational folder taxonomy kept verbatim (naming caveat M2 not remapped)
methodology_v2.part2.v1,2,MAFAULDA,validation,mafaulda_overhang_outer_race_0g_33.1776,mafaulda_overhang_outer_race_0g,overhang/outer_race,OuterRace,fault_configuration,data/raw_mafaulda/full/overhang/outer_race/0g/33.1776.csv,50000,1990.656,added_mass_0g,bearing_outer_race,added_mass_0g,overhang,,mafaulda_overhang_outer_race_0g,,,,,,True,split seed 202; operational folder taxonomy kept verbatim (naming caveat M2 not remapped)
methodology_v2.part2.v1,2,MAFAULDA,validation,mafaulda_overhang_outer_race_0g_34.4064,mafaulda_overhang_outer_race_0g,overhang/outer_race,OuterRace,fault_configuration,data/raw_mafaulda/full/overhang/outer_race/0g/34.4064.csv,50000,2064.384,added_mass_0g,bearing_outer_race,added_mass_0g,overhang,,mafaulda_overhang_outer_race_0g,,,,,,True,split seed 202; operational folder taxonomy kept verbatim (naming caveat M2 not remapped)
methodology_v2.part2.v1,2,MAFAULDA,validation,mafaulda_overhang_outer_race_0g_35.4304,mafaulda_overhang_outer_race_0g,overhang/outer_race,OuterRace,fault_configuration,data/raw_mafaulda/full/overhang/outer_race/0g/35.4304.csv,50000,2125.824,added_mass_0g,bearing_outer_race,added_mass_0g,overhang,,mafaulda_overhang_outer_race_0g,,,,,,True,split seed 202; operational folder taxonomy kept verbatim (naming caveat M2 not remapped)
methodology_v2.part2.v1,2,MAFAULDA,validation,mafaulda_overhang_outer_race_0g_36.0448,mafaulda_overhang_outer_race_0g,overhang/outer_race,OuterRace,fault_configuration,data/raw_mafaulda/full/overhang/outer_race/0g/36.0448.csv,50000,2162.688,added_mass_0g,bearing_outer_race,added_mass_0g,overhang,,mafaulda_overhang_outer_race_0g,,,,,,True,split seed 202; operational folder taxonomy kept verbatim (naming caveat M2 not remapped)
methodology_v2.part2.v1,2,MAFAULDA,validation,mafaulda_overhang_outer_race_0g_37.2736,mafaulda_overhang_outer_race_0g,overhang/outer_race,OuterRace,fault_configuration,data/raw_mafaulda/full/overhang/outer_race/0g/37.2736.csv,50000,2236.416,added_mass_0g,bearing_outer_race,added_mass_0g,overhang,,mafaulda_overhang_outer_race_0g,,,,,,True,split seed 202; operational folder taxonomy kept verbatim (naming caveat M2 not remapped)
methodology_v2.part2.v1,2,MAFAULDA,validation,mafaulda_overhang_outer_race_0g_38.0928,mafaulda_overhang_outer_race_0g,overhang/outer_race,OuterRace,fault_configuration,data/raw_mafaulda/full/overhang/outer_race/0g/38.0928.csv,50000,2285.568,added_mass_0g,bearing_outer_race,added_mass_0g,overhang,,mafaulda_overhang_outer_race_0g,,,,,,True,split seed 202; operational folder taxonomy kept verbatim (naming caveat M2 not remapped)
methodology_v2.part2.v1,2,MAFAULDA,validation,mafaulda_overhang_outer_race_0g_39.1168,mafaulda_overhang_outer_race_0g,overhang/outer_race,OuterRace,fault_configuration,data/raw_mafaulda/full/overhang/outer_race/0g/39.1168.csv,50000,2347.008,added_mass_0g,bearing_outer_race,added_mass_0g,overhang,,mafaulda_overhang_outer_race_0g,,,,,,True,split seed 202; operational folder taxonomy kept verbatim (naming caveat M2 not remapped)
methodology_v2.part2.v1,2,MAFAULDA,validation,mafaulda_overhang_outer_race_0g_40.5504,mafaulda_overhang_outer_race_0g,overhang/outer_race,OuterRace,fault_configuration,data/raw_mafaulda/full/overhang/outer_race/0g/40.5504.csv,50000,2433.0240000000003,added_mass_0g,bearing_outer_race,added_mass_0g,overhang,,mafaulda_overhang_outer_race_0g,,,,,,True,split seed 202; operational folder taxonomy kept verbatim (naming caveat M2 not remapped)
methodology_v2.part2.v1,2,MAFAULDA,validation,mafaulda_overhang_outer_race_0g_41.3696,mafaulda_overhang_outer_race_0g,overhang/outer_race,OuterRace,fault_configuration,data/raw_mafaulda/full/overhang/outer_race/0g/41.3696.csv,50000,2482.176,added_mass_0g,bearing_outer_race,added_mass_0g,overhang,,mafaulda_overhang_outer_race_0g,,,,,,True,split seed 202; operational folder taxonomy kept verbatim (naming caveat M2 not remapped)
methodology_v2.part2.v1,2,MAFAULDA,validation,mafaulda_overhang_outer_race_0g_42.1888,mafaulda_overhang_outer_race_0g,overhang/outer_race,OuterRace,fault_configuration,data/raw_mafaulda/full/overhang/outer_race/0g/42.1888.csv,50000,2531.328,added_mass_0g,bearing_outer_race,added_mass_0g,overhang,,mafaulda_overhang_outer_race_0g,,,,,,True,split seed 202; operational folder taxonomy kept verbatim (naming caveat M2 not remapped)
methodology_v2.part2.v1,2,MAFAULDA,validation,mafaulda_overhang_outer_race_0g_43.008,mafaulda_overhang_outer_race_0g,overhang/outer_race,OuterRace,fault_configuration,data/raw_mafaulda/full/overhang/outer_race/0g/43.008.csv,50000,2580.48,added_mass_0g,bearing_outer_race,added_mass_0g,overhang,,mafaulda_overhang_outer_race_0g,,,,,,True,split seed 202; operational folder taxonomy kept verbatim (naming caveat M2 not remapped)
methodology_v2.part2.v1,2,MAFAULDA,validation,mafaulda_overhang_outer_race_0g_44.2368,mafaulda_overhang_outer_race_0g,overhang/outer_race,OuterRace,fault_configuration,data/raw_mafaulda/full/overhang/outer_race/0g/44.2368.csv,50000,2654.208,added_mass_0g,bearing_outer_race,added_mass_0g,overhang,,mafaulda_overhang_outer_race_0g,,,,,,True,split seed 202; operational folder taxonomy kept verbatim (naming caveat M2 not remapped)
methodology_v2.part2.v1,2,MAFAULDA,validation,mafaulda_overhang_outer_race_0g_45.4656,mafaulda_overhang_outer_race_0g,overhang/outer_race,OuterRace,fault_configuration,data/raw_mafaulda/full/overhang/outer_race/0g/45.4656.csv,50000,2727.936,added_mass_0g,bearing_outer_race,added_mass_0g,overhang,,mafaulda_overhang_outer_race_0g,,,,,,True,split seed 202; operational folder taxonomy kept verbatim (naming caveat M2 not remapped)
methodology_v2.part2.v1,2,MAFAULDA,validation,mafaulda_overhang_outer_race_0g_46.2848,mafaulda_overhang_outer_race_0g,overhang/outer_race,OuterRace,fault_configuration,data/raw_mafaulda/full/overhang/outer_race/0g/46.2848.csv,50000,2777.088,added_mass_0g,bearing_outer_race,added_mass_0g,overhang,,mafaulda_overhang_outer_race_0g,,,,,,True,split seed 202; operational folder taxonomy kept verbatim (naming caveat M2 not remapped)
methodology_v2.part2.v1,2,MAFAULDA,validation,mafaulda_overhang_outer_race_0g_47.104,mafaulda_overhang_outer_race_0g,overhang/outer_race,OuterRace,fault_configuration,data/raw_mafaulda/full/overhang/outer_race/0g/47.104.csv,50000,2826.24,added_mass_0g,bearing_outer_race,added_mass_0g,overhang,,mafaulda_overhang_outer_race_0g,,,,,,True,split seed 202; operational folder taxonomy kept verbatim (naming caveat M2 not remapped)
methodology_v2.part2.v1,2,MAFAULDA,validation,mafaulda_overhang_outer_race_0g_48.5376,mafaulda_overhang_outer_race_0g,overhang/outer_race,OuterRace,fault_configuration,data/raw_mafaulda/full/overhang/outer_race/0g/48.5376.csv,50000,2912.256,added_mass_0g,bearing_outer_race,added_mass_0g,overhang,,mafaulda_overhang_outer_race_0g,,,,,,True,split seed 202; operational folder taxonomy kept verbatim (naming caveat M2 not remapped)
methodology_v2.part2.v1,2,MAFAULDA,validation,mafaulda_overhang_outer_race_0g_49.3568,mafaulda_overhang_outer_race_0g,overhang/outer_race,OuterRace,fault_configuration,data/raw_mafaulda/full/overhang/outer_race/0g/49.3568.csv,50000,2961.408,added_mass_0g,bearing_outer_race,added_mass_0g,overhang,,mafaulda_overhang_outer_race_0g,,,,,,True,split seed 202; operational folder taxonomy kept verbatim (naming caveat M2 not remapped)
methodology_v2.part2.v1,2,MAFAULDA,validation,mafaulda_overhang_outer_race_0g_50.176,mafaulda_overhang_outer_race_0g,overhang/outer_race,OuterRace,fault_configuration,data/raw_mafaulda/full/overhang/outer_race/0g/50.176.csv,50000,3010.56,added_mass_0g,bearing_outer_race,added_mass_0g,overhang,,mafaulda_overhang_outer_race_0g,,,,,,True,split seed 202; operational folder taxonomy kept verbatim (naming caveat M2 not remapped)
methodology_v2.part2.v1,2,MAFAULDA,validation,mafaulda_overhang_outer_race_0g_51.6096,mafaulda_overhang_outer_race_0g,overhang/outer_race,OuterRace,fault_configuration,data/raw_mafaulda/full/overhang/outer_race/0g/51.6096.csv,50000,3096.576,added_mass_0g,bearing_outer_race,added_mass_0g,overhang,,mafaulda_overhang_outer_race_0g,,,,,,True,split seed 202; operational folder taxonomy kept verbatim (naming caveat M2 not remapped)
methodology_v2.part2.v1,2,MAFAULDA,validation,mafaulda_overhang_outer_race_0g_52.4288,mafaulda_overhang_outer_race_0g,overhang/outer_race,OuterRace,fault_configuration,data/raw_mafaulda/full/overhang/outer_race/0g/52.4288.csv,50000,3145.728,added_mass_0g,bearing_outer_race,added_mass_0g,overhang,,mafaulda_overhang_outer_race_0g,,,,,,True,split seed 202; operational folder taxonomy kept verbatim (naming caveat M2 not remapped)
methodology_v2.part2.v1,2,MAFAULDA,validation,mafaulda_overhang_outer_race_0g_53.248,mafaulda_overhang_outer_race_0g,overhang/outer_race,OuterRace,fault_configuration,data/raw_mafaulda/full/overhang/outer_race/0g/53.248.csv,50000,3194.88,added_mass_0g,bearing_outer_race,added_mass_0g,overhang,,mafaulda_overhang_outer_race_0g,,,,,,True,split seed 202; operational folder taxonomy kept verbatim (naming caveat M2 not remapped)
methodology_v2.part2.v1,2,MAFAULDA,validation,mafaulda_overhang_outer_race_0g_54.6816,mafaulda_overhang_outer_race_0g,overhang/outer_race,OuterRace,fault_configuration,data/raw_mafaulda/full/overhang/outer_race/0g/54.6816.csv,50000,3280.896,added_mass_0g,bearing_outer_race,added_mass_0g,overhang,,mafaulda_overhang_outer_race_0g,,,,,,True,split seed 202; operational folder taxonomy kept verbatim (naming caveat M2 not remapped)
methodology_v2.part2.v1,2,MAFAULDA,validation,mafaulda_overhang_outer_race_0g_55.5008,mafaulda_overhang_outer_race_0g,overhang/outer_race,OuterRace,fault_configuration,data/raw_mafaulda/full/overhang/outer_race/0g/55.5008.csv,50000,3330.048,added_mass_0g,bearing_outer_race,added_mass_0g,overhang,,mafaulda_overhang_outer_race_0g,,,,,,True,split seed 202; operational folder taxonomy kept verbatim (naming caveat M2 not remapped)
methodology_v2.part2.v1,2,MAFAULDA,validation,mafaulda_overhang_outer_race_0g_56.5248,mafaulda_overhang_outer_race_0g,overhang/outer_race,OuterRace,fault_configuration,data/raw_mafaulda/full/overhang/outer_race/0g/56.5248.csv,50000,3391.488,added_mass_0g,bearing_outer_race,added_mass_0g,overhang,,mafaulda_overhang_outer_race_0g,,,,,,True,split seed 202; operational folder taxonomy kept verbatim (naming caveat M2 not remapped)
methodology_v2.part2.v1,2,MAFAULDA,validation,mafaulda_overhang_outer_race_0g_57.7536,mafaulda_overhang_outer_race_0g,overhang/outer_race,OuterRace,fault_configuration,data/raw_mafaulda/full/overhang/outer_race/0g/57.7536.csv,50000,3465.216,added_mass_0g,bearing_outer_race,added_mass_0g,overhang,,mafaulda_overhang_outer_race_0g,,,,,,True,split seed 202; operational folder taxonomy kept verbatim (naming caveat M2 not remapped)
methodology_v2.part2.v1,2,MAFAULDA,validation,mafaulda_overhang_outer_race_0g_58.7776,mafaulda_overhang_outer_race_0g,overhang/outer_race,OuterRace,fault_configuration,data/raw_mafaulda/full/overhang/outer_race/0g/58.7776.csv,50000,3526.656,added_mass_0g,bearing_outer_race,added_mass_0g,overhang,,mafaulda_overhang_outer_race_0g,,,,,,True,split seed 202; operational folder taxonomy kept verbatim (naming caveat M2 not remapped)
methodology_v2.part2.v1,2,MAFAULDA,validation,mafaulda_overhang_outer_race_0g_59.5968,mafaulda_overhang_outer_race_0g,overhang/outer_race,OuterRace,fault_configuration,data/raw_mafaulda/full/overhang/outer_race/0g/59.5968.csv,50000,3575.808,added_mass_0g,bearing_outer_race,added_mass_0g,overhang,,mafaulda_overhang_outer_race_0g,,,,,,True,split seed 202; operational folder taxonomy kept verbatim (naming caveat M2 not remapped)
methodology_v2.part2.v1,2,MAFAULDA,validation,mafaulda_overhang_outer_race_0g_60.6208,mafaulda_overhang_outer_race_0g,overhang/outer_race,OuterRace,fault_configuration,data/raw_mafaulda/full/overhang/outer_race/0g/60.6208.csv,50000,3637.248,added_mass_0g,bearing_outer_race,added_mass_0g,overhang,,mafaulda_overhang_outer_race_0g,,,,,,True,split seed 202; operational folder taxonomy kept verbatim (naming caveat M2 not remapped)
methodology_v2.part2.v1,2,MAFAULDA,validation,mafaulda_overhang_outer_race_0g_61.6448,mafaulda_overhang_outer_race_0g,overhang/outer_race,OuterRace,fault_configuration,data/raw_mafaulda/full/overhang/outer_race/0g/61.6448.csv,50000,3698.688,added_mass_0g,bearing_outer_race,added_mass_0g,overhang,,mafaulda_overhang_outer_race_0g,,,,,,True,split seed 202; operational folder taxonomy kept verbatim (naming caveat M2 not remapped)
methodology_v2.part2.v1,2,MAFAULDA,test,mafaulda_overhang_outer_race_20g_13.5168,mafaulda_overhang_outer_race_20g,overhang/outer_race,OuterRace,fault_configuration,data/raw_mafaulda/full/overhang/outer_race/20g/13.5168.csv,50000,811.008,added_mass_20g,bearing_outer_race,added_mass_20g,overhang,,mafaulda_overhang_outer_race_20g,,,,,,True,split seed 202; operational folder taxonomy kept verbatim (naming caveat M2 not remapped)
methodology_v2.part2.v1,2,MAFAULDA,test,mafaulda_overhang_outer_race_20g_14.1312,mafaulda_overhang_outer_race_20g,overhang/outer_race,OuterRace,fault_configuration,data/raw_mafaulda/full/overhang/outer_race/20g/14.1312.csv,50000,847.872,added_mass_20g,bearing_outer_race,added_mass_20g,overhang,,mafaulda_overhang_outer_race_20g,,,,,,True,split seed 202; operational folder taxonomy kept verbatim (naming caveat M2 not remapped)
methodology_v2.part2.v1,2,MAFAULDA,test,mafaulda_overhang_outer_race_20g_15.7696,mafaulda_overhang_outer_race_20g,overhang/outer_race,OuterRace,fault_configuration,data/raw_mafaulda/full/overhang/outer_race/20g/15.7696.csv,50000,946.176,added_mass_20g,bearing_outer_race,added_mass_20g,overhang,,mafaulda_overhang_outer_race_20g,,,,,,True,split seed 202; operational folder taxonomy kept verbatim (naming caveat M2 not remapped)
methodology_v2.part2.v1,2,MAFAULDA,test,mafaulda_overhang_outer_race_20g_16.7936,mafaulda_overhang_outer_race_20g,overhang/outer_race,OuterRace,fault_configuration,data/raw_mafaulda/full/overhang/outer_race/20g/16.7936.csv,50000,1007.616,added_mass_20g,bearing_outer_race,added_mass_20g,overhang,,mafaulda_overhang_outer_race_20g,,,,,,True,split seed 202; operational folder taxonomy kept verbatim (naming caveat M2 not remapped)
methodology_v2.part2.v1,2,MAFAULDA,test,mafaulda_overhang_outer_race_20g_17.2032,mafaulda_overhang_outer_race_20g,overhang/outer_race,OuterRace,fault_configuration,data/raw_mafaulda/full/overhang/outer_race/20g/17.2032.csv,50000,1032.192,added_mass_20g,bearing_outer_race,added_mass_20g,overhang,,mafaulda_overhang_outer_race_20g,,,,,,True,split seed 202; operational folder taxonomy kept verbatim (naming caveat M2 not remapped)
methodology_v2.part2.v1,2,MAFAULDA,test,mafaulda_overhang_outer_race_20g_18.2272,mafaulda_overhang_outer_race_20g,overhang/outer_race,OuterRace,fault_configuration,data/raw_mafaulda/full/overhang/outer_race/20g/18.2272.csv,50000,1093.632,added_mass_20g,bearing_outer_race,added_mass_20g,overhang,,mafaulda_overhang_outer_race_20g,,,,,,True,split seed 202; operational folder taxonomy kept verbatim (naming caveat M2 not remapped)
methodology_v2.part2.v1,2,MAFAULDA,test,mafaulda_overhang_outer_race_20g_19.456,mafaulda_overhang_outer_race_20g,overhang/outer_race,OuterRace,fault_configuration,data/raw_mafaulda/full/overhang/outer_race/20g/19.456.csv,50000,1167.36,added_mass_20g,bearing_outer_race,added_mass_20g,overhang,,mafaulda_overhang_outer_race_20g,,,,,,True,split seed 202; operational folder taxonomy kept verbatim (naming caveat M2 not remapped)
methodology_v2.part2.v1,2,MAFAULDA,test,mafaulda_overhang_outer_race_20g_20.2752,mafaulda_overhang_outer_race_20g,overhang/outer_race,OuterRace,fault_configuration,data/raw_mafaulda/full/overhang/outer_race/20g/20.2752.csv,50000,1216.5120000000002,added_mass_20g,bearing_outer_race,added_mass_20g,overhang,,mafaulda_overhang_outer_race_20g,,,,,,True,split seed 202; operational folder taxonomy kept verbatim (naming caveat M2 not remapped)
methodology_v2.part2.v1,2,MAFAULDA,test,mafaulda_overhang_outer_race_20g_21.2992,mafaulda_overhang_outer_race_20g,overhang/outer_race,OuterRace,fault_configuration,data/raw_mafaulda/full/overhang/outer_race/20g/21.2992.csv,50000,1277.952,added_mass_20g,bearing_outer_race,added_mass_20g,overhang,,mafaulda_overhang_outer_race_20g,,,,,,True,split seed 202; operational folder taxonomy kept verbatim (naming caveat M2 not remapped)
methodology_v2.part2.v1,2,MAFAULDA,test,mafaulda_overhang_outer_race_20g_22.9376,mafaulda_overhang_outer_race_20g,overhang/outer_race,OuterRace,fault_configuration,data/raw_mafaulda/full/overhang/outer_race/20g/22.9376.csv,50000,1376.256,added_mass_20g,bearing_outer_race,added_mass_20g,overhang,,mafaulda_overhang_outer_race_20g,,,,,,True,split seed 202; operational folder taxonomy kept verbatim (naming caveat M2 not remapped)
methodology_v2.part2.v1,2,MAFAULDA,test,mafaulda_overhang_outer_race_20g_23.552,mafaulda_overhang_outer_race_20g,overhang/outer_race,OuterRace,fault_configuration,data/raw_mafaulda/full/overhang/outer_race/20g/23.552.csv,50000,1413.12,added_mass_20g,bearing_outer_race,added_mass_20g,overhang,,mafaulda_overhang_outer_race_20g,,,,,,True,split seed 202; operational folder taxonomy kept verbatim (naming caveat M2 not remapped)
methodology_v2.part2.v1,2,MAFAULDA,test,mafaulda_overhang_outer_race_20g_24.576,mafaulda_overhang_outer_race_20g,overhang/outer_race,OuterRace,fault_configuration,data/raw_mafaulda/full/overhang/outer_race/20g/24.576.csv,50000,1474.56,added_mass_20g,bearing_outer_race,added_mass_20g,overhang,,mafaulda_overhang_outer_race_20g,,,,,,True,split seed 202; operational folder taxonomy kept verbatim (naming caveat M2 not remapped)
methodology_v2.part2.v1,2,MAFAULDA,test,mafaulda_overhang_outer_race_20g_25.3952,mafaulda_overhang_outer_race_20g,overhang/outer_race,OuterRace,fault_configuration,data/raw_mafaulda/full/overhang/outer_race/20g/25.3952.csv,50000,1523.712,added_mass_20g,bearing_outer_race,added_mass_20g,overhang,,mafaulda_overhang_outer_race_20g,,,,,,True,split seed 202; operational folder taxonomy kept verbatim (naming caveat M2 not remapped)
methodology_v2.part2.v1,2,MAFAULDA,test,mafaulda_overhang_outer_race_20g_26.624,mafaulda_overhang_outer_race_20g,overhang/outer_race,OuterRace,fault_configuration,data/raw_mafaulda/full/overhang/outer_race/20g/26.624.csv,50000,1597.4399999999998,added_mass_20g,bearing_outer_race,added_mass_20g,overhang,,mafaulda_overhang_outer_race_20g,,,,,,True,split seed 202; operational folder taxonomy kept verbatim (naming caveat M2 not remapped)
methodology_v2.part2.v1,2,MAFAULDA,test,mafaulda_overhang_outer_race_20g_27.648,mafaulda_overhang_outer_race_20g,overhang/outer_race,OuterRace,fault_configuration,data/raw_mafaulda/full/overhang/outer_race/20g/27.648.csv,50000,1658.88,added_mass_20g,bearing_outer_race,added_mass_20g,overhang,,mafaulda_overhang_outer_race_20g,,,,,,True,split seed 202; operational folder taxonomy kept verbatim (naming caveat M2 not remapped)
methodology_v2.part2.v1,2,MAFAULDA,test,mafaulda_overhang_outer_race_20g_27.8528,mafaulda_overhang_outer_race_20g,overhang/outer_race,OuterRace,fault_configuration,data/raw_mafaulda/full/overhang/outer_race/20g/27.8528.csv,50000,1671.168,added_mass_20g,bearing_outer_race,added_mass_20g,overhang,,mafaulda_overhang_outer_race_20g,,,,,,True,split seed 202; operational folder taxonomy kept verbatim (naming caveat M2 not remapped)
methodology_v2.part2.v1,2,MAFAULDA,test,mafaulda_overhang_outer_race_20g_29.4912,mafaulda_overhang_outer_race_20g,overhang/outer_race,OuterRace,fault_configuration,data/raw_mafaulda/full/overhang/outer_race/20g/29.4912.csv,50000,1769.472,added_mass_20g,bearing_outer_race,added_mass_20g,overhang,,mafaulda_overhang_outer_race_20g,,,,,,True,split seed 202; operational folder taxonomy kept verbatim (naming caveat M2 not remapped)
methodology_v2.part2.v1,2,MAFAULDA,test,mafaulda_overhang_outer_race_20g_30.5152,mafaulda_overhang_outer_race_20g,overhang/outer_race,OuterRace,fault_configuration,data/raw_mafaulda/full/overhang/outer_race/20g/30.5152.csv,50000,1830.912,added_mass_20g,bearing_outer_race,added_mass_20g,overhang,,mafaulda_overhang_outer_race_20g,,,,,,True,split seed 202; operational folder taxonomy kept verbatim (naming caveat M2 not remapped)
methodology_v2.part2.v1,2,MAFAULDA,test,mafaulda_overhang_outer_race_20g_31.1296,mafaulda_overhang_outer_race_20g,overhang/outer_race,OuterRace,fault_configuration,data/raw_mafaulda/full/overhang/outer_race/20g/31.1296.csv,50000,1867.776,added_mass_20g,bearing_outer_race,added_mass_20g,overhang,,mafaulda_overhang_outer_race_20g,,,,,,True,split seed 202; operational folder taxonomy kept verbatim (naming caveat M2 not remapped)
methodology_v2.part2.v1,2,MAFAULDA,test,mafaulda_overhang_outer_race_20g_31.9488,mafaulda_overhang_outer_race_20g,overhang/outer_race,OuterRace,fault_configuration,data/raw_mafaulda/full/overhang/outer_race/20g/31.9488.csv,50000,1916.928,added_mass_20g,bearing_outer_race,added_mass_20g,overhang,,mafaulda_overhang_outer_race_20g,,,,,,True,split seed 202; operational folder taxonomy kept verbatim (naming caveat M2 not remapped)
methodology_v2.part2.v1,2,MAFAULDA,test,mafaulda_overhang_outer_race_20g_32.9728,mafaulda_overhang_outer_race_20g,overhang/outer_race,OuterRace,fault_configuration,data/raw_mafaulda/full/overhang/outer_race/20g/32.9728.csv,50000,1978.368,added_mass_20g,bearing_outer_race,added_mass_20g,overhang,,mafaulda_overhang_outer_race_20g,,,,,,True,split seed 202; operational folder taxonomy kept verbatim (naming caveat M2 not remapped)
methodology_v2.part2.v1,2,MAFAULDA,test,mafaulda_overhang_outer_race_20g_34.4064,mafaulda_overhang_outer_race_20g,overhang/outer_race,OuterRace,fault_configuration,data/raw_mafaulda/full/overhang/outer_race/20g/34.4064.csv,50000,2064.384,added_mass_20g,bearing_outer_race,added_mass_20g,overhang,,mafaulda_overhang_outer_race_20g,,,,,,True,split seed 202; operational folder taxonomy kept verbatim (naming caveat M2 not remapped)
methodology_v2.part2.v1,2,MAFAULDA,test,mafaulda_overhang_outer_race_20g_35.2256,mafaulda_overhang_outer_race_20g,overhang/outer_race,OuterRace,fault_configuration,data/raw_mafaulda/full/overhang/outer_race/20g/35.2256.csv,50000,2113.536,added_mass_20g,bearing_outer_race,added_mass_20g,overhang,,mafaulda_overhang_outer_race_20g,,,,,,True,split seed 202; operational folder taxonomy kept verbatim (naming caveat M2 not remapped)
methodology_v2.part2.v1,2,MAFAULDA,test,mafaulda_overhang_outer_race_20g_36.864,mafaulda_overhang_outer_race_20g,overhang/outer_race,OuterRace,fault_configuration,data/raw_mafaulda/full/overhang/outer_race/20g/36.864.csv,50000,2211.84,added_mass_20g,bearing_outer_race,added_mass_20g,overhang,,mafaulda_overhang_outer_race_20g,,,,,,True,split seed 202; operational folder taxonomy kept verbatim (naming caveat M2 not remapped)
methodology_v2.part2.v1,2,MAFAULDA,test,mafaulda_overhang_outer_race_20g_37.4784,mafaulda_overhang_outer_race_20g,overhang/outer_race,OuterRace,fault_configuration,data/raw_mafaulda/full/overhang/outer_race/20g/37.4784.csv,50000,2248.704,added_mass_20g,bearing_outer_race,added_mass_20g,overhang,,mafaulda_overhang_outer_race_20g,,,,,,True,split seed 202; operational folder taxonomy kept verbatim (naming caveat M2 not remapped)
methodology_v2.part2.v1,2,MAFAULDA,test,mafaulda_overhang_outer_race_20g_38.2976,mafaulda_overhang_outer_race_20g,overhang/outer_race,OuterRace,fault_configuration,data/raw_mafaulda/full/overhang/outer_race/20g/38.2976.csv,50000,2297.856,added_mass_20g,bearing_outer_race,added_mass_20g,overhang,,mafaulda_overhang_outer_race_20g,,,,,,True,split seed 202; operational folder taxonomy kept verbatim (naming caveat M2 not remapped)
methodology_v2.part2.v1,2,MAFAULDA,test,mafaulda_overhang_outer_race_20g_39.7312,mafaulda_overhang_outer_race_20g,overhang/outer_race,OuterRace,fault_configuration,data/raw_mafaulda/full/overhang/outer_race/20g/39.7312.csv,50000,2383.8720000000003,added_mass_20g,bearing_outer_race,added_mass_20g,overhang,,mafaulda_overhang_outer_race_20g,,,,,,True,split seed 202; operational folder taxonomy kept verbatim (naming caveat M2 not remapped)
methodology_v2.part2.v1,2,MAFAULDA,test,mafaulda_overhang_outer_race_20g_40.5504,mafaulda_overhang_outer_race_20g,overhang/outer_race,OuterRace,fault_configuration,data/raw_mafaulda/full/overhang/outer_race/20g/40.5504.csv,50000,2433.0240000000003,added_mass_20g,bearing_outer_race,added_mass_20g,overhang,,mafaulda_overhang_outer_race_20g,,,,,,True,split seed 202; operational folder taxonomy kept verbatim (naming caveat M2 not remapped)
methodology_v2.part2.v1,2,MAFAULDA,test,mafaulda_overhang_outer_race_20g_41.984,mafaulda_overhang_outer_race_20g,overhang/outer_race,OuterRace,fault_configuration,data/raw_mafaulda/full/overhang/outer_race/20g/41.984.csv,50000,2519.04,added_mass_20g,bearing_outer_race,added_mass_20g,overhang,,mafaulda_overhang_outer_race_20g,,,,,,True,split seed 202; operational folder taxonomy kept verbatim (naming caveat M2 not remapped)
methodology_v2.part2.v1,2,MAFAULDA,test,mafaulda_overhang_outer_race_20g_42.3936,mafaulda_overhang_outer_race_20g,overhang/outer_race,OuterRace,fault_configuration,data/raw_mafaulda/full/overhang/outer_race/20g/42.3936.csv,50000,2543.616,added_mass_20g,bearing_outer_race,added_mass_20g,overhang,,mafaulda_overhang_outer_race_20g,,,,,,True,split seed 202; operational folder taxonomy kept verbatim (naming caveat M2 not remapped)
methodology_v2.part2.v1,2,MAFAULDA,test,mafaulda_overhang_outer_race_20g_43.6224,mafaulda_overhang_outer_race_20g,overhang/outer_race,OuterRace,fault_configuration,data/raw_mafaulda/full/overhang/outer_race/20g/43.6224.csv,50000,2617.344,added_mass_20g,bearing_outer_race,added_mass_20g,overhang,,mafaulda_overhang_outer_race_20g,,,,,,True,split seed 202; operational folder taxonomy kept verbatim (naming caveat M2 not remapped)
methodology_v2.part2.v1,2,MAFAULDA,test,mafaulda_overhang_outer_race_20g_44.6464,mafaulda_overhang_outer_race_20g,overhang/outer_race,OuterRace,fault_configuration,data/raw_mafaulda/full/overhang/outer_race/20g/44.6464.csv,50000,2678.784,added_mass_20g,bearing_outer_race,added_mass_20g,overhang,,mafaulda_overhang_outer_race_20g,,,,,,True,split seed 202; operational folder taxonomy kept verbatim (naming caveat M2 not remapped)
methodology_v2.part2.v1,2,MAFAULDA,test,mafaulda_overhang_outer_race_20g_45.4656,mafaulda_overhang_outer_race_20g,overhang/outer_race,OuterRace,fault_configuration,data/raw_mafaulda/full/overhang/outer_race/20g/45.4656.csv,50000,2727.936,added_mass_20g,bearing_outer_race,added_mass_20g,overhang,,mafaulda_overhang_outer_race_20g,,,,,,True,split seed 202; operational folder taxonomy kept verbatim (naming caveat M2 not remapped)
methodology_v2.part2.v1,2,MAFAULDA,test,mafaulda_overhang_outer_race_20g_46.2848,mafaulda_overhang_outer_race_20g,overhang/outer_race,OuterRace,fault_configuration,data/raw_mafaulda/full/overhang/outer_race/20g/46.2848.csv,50000,2777.088,added_mass_20g,bearing_outer_race,added_mass_20g,overhang,,mafaulda_overhang_outer_race_20g,,,,,,True,split seed 202; operational folder taxonomy kept verbatim (naming caveat M2 not remapped)
methodology_v2.part2.v1,2,MAFAULDA,test,mafaulda_overhang_outer_race_20g_47.7184,mafaulda_overhang_outer_race_20g,overhang/outer_race,OuterRace,fault_configuration,data/raw_mafaulda/full/overhang/outer_race/20g/47.7184.csv,50000,2863.1040000000003,added_mass_20g,bearing_outer_race,added_mass_20g,overhang,,mafaulda_overhang_outer_race_20g,,,,,,True,split seed 202; operational folder taxonomy kept verbatim (naming caveat M2 not remapped)
methodology_v2.part2.v1,2,MAFAULDA,test,mafaulda_overhang_outer_race_20g_48.128,mafaulda_overhang_outer_race_20g,overhang/outer_race,OuterRace,fault_configuration,data/raw_mafaulda/full/overhang/outer_race/20g/48.128.csv,50000,2887.68,added_mass_20g,bearing_outer_race,added_mass_20g,overhang,,mafaulda_overhang_outer_race_20g,,,,,,True,split seed 202; operational folder taxonomy kept verbatim (naming caveat M2 not remapped)
methodology_v2.part2.v1,2,MAFAULDA,test,mafaulda_overhang_outer_race_20g_49.3568,mafaulda_overhang_outer_race_20g,overhang/outer_race,OuterRace,fault_configuration,data/raw_mafaulda/full/overhang/outer_race/20g/49.3568.csv,50000,2961.408,added_mass_20g,bearing_outer_race,added_mass_20g,overhang,,mafaulda_overhang_outer_race_20g,,,,,,True,split seed 202; operational folder taxonomy kept verbatim (naming caveat M2 not remapped)
methodology_v2.part2.v1,2,MAFAULDA,test,mafaulda_overhang_outer_race_20g_50.3808,mafaulda_overhang_outer_race_20g,overhang/outer_race,OuterRace,fault_configuration,data/raw_mafaulda/full/overhang/outer_race/20g/50.3808.csv,50000,3022.848,added_mass_20g,bearing_outer_race,added_mass_20g,overhang,,mafaulda_overhang_outer_race_20g,,,,,,True,split seed 202; operational folder taxonomy kept verbatim (naming caveat M2 not remapped)
methodology_v2.part2.v1,2,MAFAULDA,test,mafaulda_overhang_outer_race_20g_51.2,mafaulda_overhang_outer_race_20g,overhang/outer_race,OuterRace,fault_configuration,data/raw_mafaulda/full/overhang/outer_race/20g/51.2.csv,50000,3072.0,added_mass_20g,bearing_outer_race,added_mass_20g,overhang,,mafaulda_overhang_outer_race_20g,,,,,,True,split seed 202; operational folder taxonomy kept verbatim (naming caveat M2 not remapped)
methodology_v2.part2.v1,2,MAFAULDA,test,mafaulda_overhang_outer_race_20g_52.4288,mafaulda_overhang_outer_race_20g,overhang/outer_race,OuterRace,fault_configuration,data/raw_mafaulda/full/overhang/outer_race/20g/52.4288.csv,50000,3145.728,added_mass_20g,bearing_outer_race,added_mass_20g,overhang,,mafaulda_overhang_outer_race_20g,,,,,,True,split seed 202; operational folder taxonomy kept verbatim (naming caveat M2 not remapped)
methodology_v2.part2.v1,2,MAFAULDA,test,mafaulda_overhang_outer_race_20g_53.4528,mafaulda_overhang_outer_race_20g,overhang/outer_race,OuterRace,fault_configuration,data/raw_mafaulda/full/overhang/outer_race/20g/53.4528.csv,50000,3207.168,added_mass_20g,bearing_outer_race,added_mass_20g,overhang,,mafaulda_overhang_outer_race_20g,,,,,,True,split seed 202; operational folder taxonomy kept verbatim (naming caveat M2 not remapped)
methodology_v2.part2.v1,2,MAFAULDA,test,mafaulda_overhang_outer_race_20g_54.6816,mafaulda_overhang_outer_race_20g,overhang/outer_race,OuterRace,fault_configuration,data/raw_mafaulda/full/overhang/outer_race/20g/54.6816.csv,50000,3280.896,added_mass_20g,bearing_outer_race,added_mass_20g,overhang,,mafaulda_overhang_outer_race_20g,,,,,,True,split seed 202; operational folder taxonomy kept verbatim (naming caveat M2 not remapped)
methodology_v2.part2.v1,2,MAFAULDA,test,mafaulda_overhang_outer_race_20g_55.296,mafaulda_overhang_outer_race_20g,overhang/outer_race,OuterRace,fault_configuration,data/raw_mafaulda/full/overhang/outer_race/20g/55.296.csv,50000,3317.76,added_mass_20g,bearing_outer_race,added_mass_20g,overhang,,mafaulda_overhang_outer_race_20g,,,,,,True,split seed 202; operational folder taxonomy kept verbatim (naming caveat M2 not remapped)
methodology_v2.part2.v1,2,MAFAULDA,test,mafaulda_overhang_outer_race_20g_56.7296,mafaulda_overhang_outer_race_20g,overhang/outer_race,OuterRace,fault_configuration,data/raw_mafaulda/full/overhang/outer_race/20g/56.7296.csv,50000,3403.776,added_mass_20g,bearing_outer_race,added_mass_20g,overhang,,mafaulda_overhang_outer_race_20g,,,,,,True,split seed 202; operational folder taxonomy kept verbatim (naming caveat M2 not remapped)
methodology_v2.part2.v1,2,MAFAULDA,test,mafaulda_overhang_outer_race_20g_57.344,mafaulda_overhang_outer_race_20g,overhang/outer_race,OuterRace,fault_configuration,data/raw_mafaulda/full/overhang/outer_race/20g/57.344.csv,50000,3440.64,added_mass_20g,bearing_outer_race,added_mass_20g,overhang,,mafaulda_overhang_outer_race_20g,,,,,,True,split seed 202; operational folder taxonomy kept verbatim (naming caveat M2 not remapped)
methodology_v2.part2.v1,2,MAFAULDA,test,mafaulda_overhang_outer_race_20g_58.1632,mafaulda_overhang_outer_race_20g,overhang/outer_race,OuterRace,fault_configuration,data/raw_mafaulda/full/overhang/outer_race/20g/58.1632.csv,50000,3489.7920000000004,added_mass_20g,bearing_outer_race,added_mass_20g,overhang,,mafaulda_overhang_outer_race_20g,,,,,,True,split seed 202; operational folder taxonomy kept verbatim (naming caveat M2 not remapped)
methodology_v2.part2.v1,2,MAFAULDA,test,mafaulda_overhang_outer_race_20g_59.1872,mafaulda_overhang_outer_race_20g,overhang/outer_race,OuterRace,fault_configuration,data/raw_mafaulda/full/overhang/outer_race/20g/59.1872.csv,50000,3551.232,added_mass_20g,bearing_outer_race,added_mass_20g,overhang,,mafaulda_overhang_outer_race_20g,,,,,,True,split seed 202; operational folder taxonomy kept verbatim (naming caveat M2 not remapped)
methodology_v2.part2.v1,2,MAFAULDA,test,mafaulda_overhang_outer_race_20g_60.416,mafaulda_overhang_outer_race_20g,overhang/outer_race,OuterRace,fault_configuration,data/raw_mafaulda/full/overhang/outer_race/20g/60.416.csv,50000,3624.96,added_mass_20g,bearing_outer_race,added_mass_20g,overhang,,mafaulda_overhang_outer_race_20g,,,,,,True,split seed 202; operational folder taxonomy kept verbatim (naming caveat M2 not remapped)
methodology_v2.part2.v1,2,MAFAULDA,test,mafaulda_overhang_outer_race_20g_61.44,mafaulda_overhang_outer_race_20g,overhang/outer_race,OuterRace,fault_configuration,data/raw_mafaulda/full/overhang/outer_race/20g/61.44.csv,50000,3686.4,added_mass_20g,bearing_outer_race,added_mass_20g,overhang,,mafaulda_overhang_outer_race_20g,,,,,,True,split seed 202; operational folder taxonomy kept verbatim (naming caveat M2 not remapped)
methodology_v2.part2.v1,2,MAFAULDA,train,mafaulda_overhang_outer_race_35g_13.7216,mafaulda_overhang_outer_race_35g,overhang/outer_race,OuterRace,fault_configuration,data/raw_mafaulda/full/overhang/outer_race/35g/13.7216.csv,50000,823.296,added_mass_35g,bearing_outer_race,added_mass_35g,overhang,,mafaulda_overhang_outer_race_35g,,,,,,True,split seed 202; operational folder taxonomy kept verbatim (naming caveat M2 not remapped)
methodology_v2.part2.v1,2,MAFAULDA,train,mafaulda_overhang_outer_race_35g_14.7456,mafaulda_overhang_outer_race_35g,overhang/outer_race,OuterRace,fault_configuration,data/raw_mafaulda/full/overhang/outer_race/35g/14.7456.csv,50000,884.736,added_mass_35g,bearing_outer_race,added_mass_35g,overhang,,mafaulda_overhang_outer_race_35g,,,,,,True,split seed 202; operational folder taxonomy kept verbatim (naming caveat M2 not remapped)
methodology_v2.part2.v1,2,MAFAULDA,train,mafaulda_overhang_outer_race_35g_15.7696,mafaulda_overhang_outer_race_35g,overhang/outer_race,OuterRace,fault_configuration,data/raw_mafaulda/full/overhang/outer_race/35g/15.7696.csv,50000,946.176,added_mass_35g,bearing_outer_race,added_mass_35g,overhang,,mafaulda_overhang_outer_race_35g,,,,,,True,split seed 202; operational folder taxonomy kept verbatim (naming caveat M2 not remapped)
methodology_v2.part2.v1,2,MAFAULDA,train,mafaulda_overhang_outer_race_35g_16.7936,mafaulda_overhang_outer_race_35g,overhang/outer_race,OuterRace,fault_configuration,data/raw_mafaulda/full/overhang/outer_race/35g/16.7936.csv,50000,1007.616,added_mass_35g,bearing_outer_race,added_mass_35g,overhang,,mafaulda_overhang_outer_race_35g,,,,,,True,split seed 202; operational folder taxonomy kept verbatim (naming caveat M2 not remapped)
methodology_v2.part2.v1,2,MAFAULDA,train,mafaulda_overhang_outer_race_35g_17.408,mafaulda_overhang_outer_race_35g,overhang/outer_race,OuterRace,fault_configuration,data/raw_mafaulda/full/overhang/outer_race/35g/17.408.csv,50000,1044.48,added_mass_35g,bearing_outer_race,added_mass_35g,overhang,,mafaulda_overhang_outer_race_35g,,,,,,True,split seed 202; operational folder taxonomy kept verbatim (naming caveat M2 not remapped)
methodology_v2.part2.v1,2,MAFAULDA,train,mafaulda_overhang_outer_race_35g_18.432,mafaulda_overhang_outer_race_35g,overhang/outer_race,OuterRace,fault_configuration,data/raw_mafaulda/full/overhang/outer_race/35g/18.432.csv,50000,1105.9199999999998,added_mass_35g,bearing_outer_race,added_mass_35g,overhang,,mafaulda_overhang_outer_race_35g,,,,,,True,split seed 202; operational folder taxonomy kept verbatim (naming caveat M2 not remapped)
methodology_v2.part2.v1,2,MAFAULDA,train,mafaulda_overhang_outer_race_35g_19.2512,mafaulda_overhang_outer_race_35g,overhang/outer_race,OuterRace,fault_configuration,data/raw_mafaulda/full/overhang/outer_race/35g/19.2512.csv,50000,1155.072,added_mass_35g,bearing_outer_race,added_mass_35g,overhang,,mafaulda_overhang_outer_race_35g,,,,,,True,split seed 202; operational folder taxonomy kept verbatim (naming caveat M2 not remapped)
methodology_v2.part2.v1,2,MAFAULDA,train,mafaulda_overhang_outer_race_35g_20.2752,mafaulda_overhang_outer_race_35g,overhang/outer_race,OuterRace,fault_configuration,data/raw_mafaulda/full/overhang/outer_race/35g/20.2752.csv,50000,1216.5120000000002,added_mass_35g,bearing_outer_race,added_mass_35g,overhang,,mafaulda_overhang_outer_race_35g,,,,,,True,split seed 202; operational folder taxonomy kept verbatim (naming caveat M2 not remapped)
methodology_v2.part2.v1,2,MAFAULDA,train,mafaulda_overhang_outer_race_35g_21.504,mafaulda_overhang_outer_race_35g,overhang/outer_race,OuterRace,fault_configuration,data/raw_mafaulda/full/overhang/outer_race/35g/21.504.csv,50000,1290.24,added_mass_35g,bearing_outer_race,added_mass_35g,overhang,,mafaulda_overhang_outer_race_35g,,,,,,True,split seed 202; operational folder taxonomy kept verbatim (naming caveat M2 not remapped)
methodology_v2.part2.v1,2,MAFAULDA,train,mafaulda_overhang_outer_race_35g_22.528,mafaulda_overhang_outer_race_35g,overhang/outer_race,OuterRace,fault_configuration,data/raw_mafaulda/full/overhang/outer_race/35g/22.528.csv,50000,1351.6799999999998,added_mass_35g,bearing_outer_race,added_mass_35g,overhang,,mafaulda_overhang_outer_race_35g,,,,,,True,split seed 202; operational folder taxonomy kept verbatim (naming caveat M2 not remapped)
methodology_v2.part2.v1,2,MAFAULDA,train,mafaulda_overhang_outer_race_35g_23.7568,mafaulda_overhang_outer_race_35g,overhang/outer_race,OuterRace,fault_configuration,data/raw_mafaulda/full/overhang/outer_race/35g/23.7568.csv,50000,1425.408,added_mass_35g,bearing_outer_race,added_mass_35g,overhang,,mafaulda_overhang_outer_race_35g,,,,,,True,split seed 202; operational folder taxonomy kept verbatim (naming caveat M2 not remapped)
methodology_v2.part2.v1,2,MAFAULDA,train,mafaulda_overhang_outer_race_35g_24.1664,mafaulda_overhang_outer_race_35g,overhang/outer_race,OuterRace,fault_configuration,data/raw_mafaulda/full/overhang/outer_race/35g/24.1664.csv,50000,1449.984,added_mass_35g,bearing_outer_race,added_mass_35g,overhang,,mafaulda_overhang_outer_race_35g,,,,,,True,split seed 202; operational folder taxonomy kept verbatim (naming caveat M2 not remapped)
methodology_v2.part2.v1,2,MAFAULDA,train,mafaulda_overhang_outer_race_35g_24.9856,mafaulda_overhang_outer_race_35g,overhang/outer_race,OuterRace,fault_configuration,data/raw_mafaulda/full/overhang/outer_race/35g/24.9856.csv,50000,1499.1360000000002,added_mass_35g,bearing_outer_race,added_mass_35g,overhang,,mafaulda_overhang_outer_race_35g,,,,,,True,split seed 202; operational folder taxonomy kept verbatim (naming caveat M2 not remapped)
methodology_v2.part2.v1,2,MAFAULDA,train,mafaulda_overhang_outer_race_35g_26.8288,mafaulda_overhang_outer_race_35g,overhang/outer_race,OuterRace,fault_configuration,data/raw_mafaulda/full/overhang/outer_race/35g/26.8288.csv,50000,1609.728,added_mass_35g,bearing_outer_race,added_mass_35g,overhang,,mafaulda_overhang_outer_race_35g,,,,,,True,split seed 202; operational folder taxonomy kept verbatim (naming caveat M2 not remapped)
methodology_v2.part2.v1,2,MAFAULDA,train,mafaulda_overhang_outer_race_35g_27.8528,mafaulda_overhang_outer_race_35g,overhang/outer_race,OuterRace,fault_configuration,data/raw_mafaulda/full/overhang/outer_race/35g/27.8528.csv,50000,1671.168,added_mass_35g,bearing_outer_race,added_mass_35g,overhang,,mafaulda_overhang_outer_race_35g,,,,,,True,split seed 202; operational folder taxonomy kept verbatim (naming caveat M2 not remapped)
methodology_v2.part2.v1,2,MAFAULDA,train,mafaulda_overhang_outer_race_35g_28.672,mafaulda_overhang_outer_race_35g,overhang/outer_race,OuterRace,fault_configuration,data/raw_mafaulda/full/overhang/outer_race/35g/28.672.csv,50000,1720.32,added_mass_35g,bearing_outer_race,added_mass_35g,overhang,,mafaulda_overhang_outer_race_35g,,,,,,True,split seed 202; operational folder taxonomy kept verbatim (naming caveat M2 not remapped)
methodology_v2.part2.v1,2,MAFAULDA,train,mafaulda_overhang_outer_race_35g_29.4912,mafaulda_overhang_outer_race_35g,overhang/outer_race,OuterRace,fault_configuration,data/raw_mafaulda/full/overhang/outer_race/35g/29.4912.csv,50000,1769.472,added_mass_35g,bearing_outer_race,added_mass_35g,overhang,,mafaulda_overhang_outer_race_35g,,,,,,True,split seed 202; operational folder taxonomy kept verbatim (naming caveat M2 not remapped)
methodology_v2.part2.v1,2,MAFAULDA,train,mafaulda_overhang_outer_race_35g_29.9008,mafaulda_overhang_outer_race_35g,overhang/outer_race,OuterRace,fault_configuration,data/raw_mafaulda/full/overhang/outer_race/35g/29.9008.csv,50000,1794.048,added_mass_35g,bearing_outer_race,added_mass_35g,overhang,,mafaulda_overhang_outer_race_35g,,,,,,True,split seed 202; operational folder taxonomy kept verbatim (naming caveat M2 not remapped)
methodology_v2.part2.v1,2,MAFAULDA,train,mafaulda_overhang_outer_race_35g_31.1296,mafaulda_overhang_outer_race_35g,overhang/outer_race,OuterRace,fault_configuration,data/raw_mafaulda/full/overhang/outer_race/35g/31.1296.csv,50000,1867.776,added_mass_35g,bearing_outer_race,added_mass_35g,overhang,,mafaulda_overhang_outer_race_35g,,,,,,True,split seed 202; operational folder taxonomy kept verbatim (naming caveat M2 not remapped)
methodology_v2.part2.v1,2,MAFAULDA,train,mafaulda_overhang_outer_race_35g_32.3584,mafaulda_overhang_outer_race_35g,overhang/outer_race,OuterRace,fault_configuration,data/raw_mafaulda/full/overhang/outer_race/35g/32.3584.csv,50000,1941.504,added_mass_35g,bearing_outer_race,added_mass_35g,overhang,,mafaulda_overhang_outer_race_35g,,,,,,True,split seed 202; operational folder taxonomy kept verbatim (naming caveat M2 not remapped)
methodology_v2.part2.v1,2,MAFAULDA,train,mafaulda_overhang_outer_race_35g_32.9728,mafaulda_overhang_outer_race_35g,overhang/outer_race,OuterRace,fault_configuration,data/raw_mafaulda/full/overhang/outer_race/35g/32.9728.csv,50000,1978.368,added_mass_35g,bearing_outer_race,added_mass_35g,overhang,,mafaulda_overhang_outer_race_35g,,,,,,True,split seed 202; operational folder taxonomy kept verbatim (naming caveat M2 not remapped)
methodology_v2.part2.v1,2,MAFAULDA,train,mafaulda_overhang_outer_race_35g_34.4064,mafaulda_overhang_outer_race_35g,overhang/outer_race,OuterRace,fault_configuration,data/raw_mafaulda/full/overhang/outer_race/35g/34.4064.csv,50000,2064.384,added_mass_35g,bearing_outer_race,added_mass_35g,overhang,,mafaulda_overhang_outer_race_35g,,,,,,True,split seed 202; operational folder taxonomy kept verbatim (naming caveat M2 not remapped)
methodology_v2.part2.v1,2,MAFAULDA,train,mafaulda_overhang_outer_race_35g_35.2256,mafaulda_overhang_outer_race_35g,overhang/outer_race,OuterRace,fault_configuration,data/raw_mafaulda/full/overhang/outer_race/35g/35.2256.csv,50000,2113.536,added_mass_35g,bearing_outer_race,added_mass_35g,overhang,,mafaulda_overhang_outer_race_35g,,,,,,True,split seed 202; operational folder taxonomy kept verbatim (naming caveat M2 not remapped)
methodology_v2.part2.v1,2,MAFAULDA,train,mafaulda_overhang_outer_race_35g_36.2496,mafaulda_overhang_outer_race_35g,overhang/outer_race,OuterRace,fault_configuration,data/raw_mafaulda/full/overhang/outer_race/35g/36.2496.csv,50000,2174.976,added_mass_35g,bearing_outer_race,added_mass_35g,overhang,,mafaulda_overhang_outer_race_35g,,,,,,True,split seed 202; operational folder taxonomy kept verbatim (naming caveat M2 not remapped)
methodology_v2.part2.v1,2,MAFAULDA,train,mafaulda_overhang_outer_race_35g_37.6832,mafaulda_overhang_outer_race_35g,overhang/outer_race,OuterRace,fault_configuration,data/raw_mafaulda/full/overhang/outer_race/35g/37.6832.csv,50000,2260.992,added_mass_35g,bearing_outer_race,added_mass_35g,overhang,,mafaulda_overhang_outer_race_35g,,,,,,True,split seed 202; operational folder taxonomy kept verbatim (naming caveat M2 not remapped)
methodology_v2.part2.v1,2,MAFAULDA,train,mafaulda_overhang_outer_race_35g_38.7072,mafaulda_overhang_outer_race_35g,overhang/outer_race,OuterRace,fault_configuration,data/raw_mafaulda/full/overhang/outer_race/35g/38.7072.csv,50000,2322.432,added_mass_35g,bearing_outer_race,added_mass_35g,overhang,,mafaulda_overhang_outer_race_35g,,,,,,True,split seed 202; operational folder taxonomy kept verbatim (naming caveat M2 not remapped)
methodology_v2.part2.v1,2,MAFAULDA,train,mafaulda_overhang_outer_race_35g_39.3216,mafaulda_overhang_outer_race_35g,overhang/outer_race,OuterRace,fault_configuration,data/raw_mafaulda/full/overhang/outer_race/35g/39.3216.csv,50000,2359.296,added_mass_35g,bearing_outer_race,added_mass_35g,overhang,,mafaulda_overhang_outer_race_35g,,,,,,True,split seed 202; operational folder taxonomy kept verbatim (naming caveat M2 not remapped)
methodology_v2.part2.v1,2,MAFAULDA,train,mafaulda_overhang_outer_race_35g_40.1408,mafaulda_overhang_outer_race_35g,overhang/outer_race,OuterRace,fault_configuration,data/raw_mafaulda/full/overhang/outer_race/35g/40.1408.csv,50000,2408.448,added_mass_35g,bearing_outer_race,added_mass_35g,overhang,,mafaulda_overhang_outer_race_35g,,,,,,True,split seed 202; operational folder taxonomy kept verbatim (naming caveat M2 not remapped)
methodology_v2.part2.v1,2,MAFAULDA,train,mafaulda_overhang_outer_race_35g_41.3696,mafaulda_overhang_outer_race_35g,overhang/outer_race,OuterRace,fault_configuration,data/raw_mafaulda/full/overhang/outer_race/35g/41.3696.csv,50000,2482.176,added_mass_35g,bearing_outer_race,added_mass_35g,overhang,,mafaulda_overhang_outer_race_35g,,,,,,True,split seed 202; operational folder taxonomy kept verbatim (naming caveat M2 not remapped)
methodology_v2.part2.v1,2,MAFAULDA,train,mafaulda_overhang_outer_race_35g_42.5984,mafaulda_overhang_outer_race_35g,overhang/outer_race,OuterRace,fault_configuration,data/raw_mafaulda/full/overhang/outer_race/35g/42.5984.csv,50000,2555.904,added_mass_35g,bearing_outer_race,added_mass_35g,overhang,,mafaulda_overhang_outer_race_35g,,,,,,True,split seed 202; operational folder taxonomy kept verbatim (naming caveat M2 not remapped)
methodology_v2.part2.v1,2,MAFAULDA,train,mafaulda_overhang_outer_race_35g_43.2128,mafaulda_overhang_outer_race_35g,overhang/outer_race,OuterRace,fault_configuration,data/raw_mafaulda/full/overhang/outer_race/35g/43.2128.csv,50000,2592.768,added_mass_35g,bearing_outer_race,added_mass_35g,overhang,,mafaulda_overhang_outer_race_35g,,,,,,True,split seed 202; operational folder taxonomy kept verbatim (naming caveat M2 not remapped)
methodology_v2.part2.v1,2,MAFAULDA,train,mafaulda_overhang_outer_race_35g_44.6464,mafaulda_overhang_outer_race_35g,overhang/outer_race,OuterRace,fault_configuration,data/raw_mafaulda/full/overhang/outer_race/35g/44.6464.csv,50000,2678.784,added_mass_35g,bearing_outer_race,added_mass_35g,overhang,,mafaulda_overhang_outer_race_35g,,,,,,True,split seed 202; operational folder taxonomy kept verbatim (naming caveat M2 not remapped)
methodology_v2.part2.v1,2,MAFAULDA,train,mafaulda_overhang_outer_race_35g_45.4656,mafaulda_overhang_outer_race_35g,overhang/outer_race,OuterRace,fault_configuration,data/raw_mafaulda/full/overhang/outer_race/35g/45.4656.csv,50000,2727.936,added_mass_35g,bearing_outer_race,added_mass_35g,overhang,,mafaulda_overhang_outer_race_35g,,,,,,True,split seed 202; operational folder taxonomy kept verbatim (naming caveat M2 not remapped)
methodology_v2.part2.v1,2,MAFAULDA,train,mafaulda_overhang_outer_race_35g_46.08,mafaulda_overhang_outer_race_35g,overhang/outer_race,OuterRace,fault_configuration,data/raw_mafaulda/full/overhang/outer_race/35g/46.08.csv,50000,2764.8,added_mass_35g,bearing_outer_race,added_mass_35g,overhang,,mafaulda_overhang_outer_race_35g,,,,,,True,split seed 202; operational folder taxonomy kept verbatim (naming caveat M2 not remapped)
methodology_v2.part2.v1,2,MAFAULDA,train,mafaulda_overhang_outer_race_35g_47.104,mafaulda_overhang_outer_race_35g,overhang/outer_race,OuterRace,fault_configuration,data/raw_mafaulda/full/overhang/outer_race/35g/47.104.csv,50000,2826.24,added_mass_35g,bearing_outer_race,added_mass_35g,overhang,,mafaulda_overhang_outer_race_35g,,,,,,True,split seed 202; operational folder taxonomy kept verbatim (naming caveat M2 not remapped)
methodology_v2.part2.v1,2,MAFAULDA,train,mafaulda_overhang_outer_race_35g_48.9472,mafaulda_overhang_outer_race_35g,overhang/outer_race,OuterRace,fault_configuration,data/raw_mafaulda/full/overhang/outer_race/35g/48.9472.csv,50000,2936.8320000000003,added_mass_35g,bearing_outer_race,added_mass_35g,overhang,,mafaulda_overhang_outer_race_35g,,,,,,True,split seed 202; operational folder taxonomy kept verbatim (naming caveat M2 not remapped)
methodology_v2.part2.v1,2,MAFAULDA,train,mafaulda_overhang_outer_race_35g_49.5616,mafaulda_overhang_outer_race_35g,overhang/outer_race,OuterRace,fault_configuration,data/raw_mafaulda/full/overhang/outer_race/35g/49.5616.csv,50000,2973.696,added_mass_35g,bearing_outer_race,added_mass_35g,overhang,,mafaulda_overhang_outer_race_35g,,,,,,True,split seed 202; operational folder taxonomy kept verbatim (naming caveat M2 not remapped)
methodology_v2.part2.v1,2,MAFAULDA,train,mafaulda_overhang_outer_race_35g_50.5856,mafaulda_overhang_outer_race_35g,overhang/outer_race,OuterRace,fault_configuration,data/raw_mafaulda/full/overhang/outer_race/35g/50.5856.csv,50000,3035.136,added_mass_35g,bearing_outer_race,added_mass_35g,overhang,,mafaulda_overhang_outer_race_35g,,,,,,True,split seed 202; operational folder taxonomy kept verbatim (naming caveat M2 not remapped)
methodology_v2.part2.v1,2,MAFAULDA,train,mafaulda_overhang_outer_race_35g_51.4048,mafaulda_overhang_outer_race_35g,overhang/outer_race,OuterRace,fault_configuration,data/raw_mafaulda/full/overhang/outer_race/35g/51.4048.csv,50000,3084.288,added_mass_35g,bearing_outer_race,added_mass_35g,overhang,,mafaulda_overhang_outer_race_35g,,,,,,True,split seed 202; operational folder taxonomy kept verbatim (naming caveat M2 not remapped)
methodology_v2.part2.v1,2,MAFAULDA,train,mafaulda_overhang_outer_race_35g_52.4288,mafaulda_overhang_outer_race_35g,overhang/outer_race,OuterRace,fault_configuration,data/raw_mafaulda/full/overhang/outer_race/35g/52.4288.csv,50000,3145.728,added_mass_35g,bearing_outer_race,added_mass_35g,overhang,,mafaulda_overhang_outer_race_35g,,,,,,True,split seed 202; operational folder taxonomy kept verbatim (naming caveat M2 not remapped)
methodology_v2.part2.v1,2,MAFAULDA,train,mafaulda_overhang_outer_race_35g_53.4528,mafaulda_overhang_outer_race_35g,overhang/outer_race,OuterRace,fault_configuration,data/raw_mafaulda/full/overhang/outer_race/35g/53.4528.csv,50000,3207.168,added_mass_35g,bearing_outer_race,added_mass_35g,overhang,,mafaulda_overhang_outer_race_35g,,,,,,True,split seed 202; operational folder taxonomy kept verbatim (naming caveat M2 not remapped)
methodology_v2.part2.v1,2,MAFAULDA,train,mafaulda_overhang_outer_race_6g_12.9024,mafaulda_overhang_outer_race_6g,overhang/outer_race,OuterRace,fault_configuration,data/raw_mafaulda/full/overhang/outer_race/6g/12.9024.csv,50000,774.144,added_mass_6g,bearing_outer_race,added_mass_6g,overhang,,mafaulda_overhang_outer_race_6g,,,,,,True,split seed 202; operational folder taxonomy kept verbatim (naming caveat M2 not remapped)
methodology_v2.part2.v1,2,MAFAULDA,train,mafaulda_overhang_outer_race_6g_13.9264,mafaulda_overhang_outer_race_6g,overhang/outer_race,OuterRace,fault_configuration,data/raw_mafaulda/full/overhang/outer_race/6g/13.9264.csv,50000,835.584,added_mass_6g,bearing_outer_race,added_mass_6g,overhang,,mafaulda_overhang_outer_race_6g,,,,,,True,split seed 202; operational folder taxonomy kept verbatim (naming caveat M2 not remapped)
methodology_v2.part2.v1,2,MAFAULDA,train,mafaulda_overhang_outer_race_6g_15.5648,mafaulda_overhang_outer_race_6g,overhang/outer_race,OuterRace,fault_configuration,data/raw_mafaulda/full/overhang/outer_race/6g/15.5648.csv,50000,933.888,added_mass_6g,bearing_outer_race,added_mass_6g,overhang,,mafaulda_overhang_outer_race_6g,,,,,,True,split seed 202; operational folder taxonomy kept verbatim (naming caveat M2 not remapped)
methodology_v2.part2.v1,2,MAFAULDA,train,mafaulda_overhang_outer_race_6g_16.5888,mafaulda_overhang_outer_race_6g,overhang/outer_race,OuterRace,fault_configuration,data/raw_mafaulda/full/overhang/outer_race/6g/16.5888.csv,50000,995.328,added_mass_6g,bearing_outer_race,added_mass_6g,overhang,,mafaulda_overhang_outer_race_6g,,,,,,True,split seed 202; operational folder taxonomy kept verbatim (naming caveat M2 not remapped)
methodology_v2.part2.v1,2,MAFAULDA,train,mafaulda_overhang_outer_race_6g_17.6128,mafaulda_overhang_outer_race_6g,overhang/outer_race,OuterRace,fault_configuration,data/raw_mafaulda/full/overhang/outer_race/6g/17.6128.csv,50000,1056.768,added_mass_6g,bearing_outer_race,added_mass_6g,overhang,,mafaulda_overhang_outer_race_6g,,,,,,True,split seed 202; operational folder taxonomy kept verbatim (naming caveat M2 not remapped)
methodology_v2.part2.v1,2,MAFAULDA,train,mafaulda_overhang_outer_race_6g_18.2272,mafaulda_overhang_outer_race_6g,overhang/outer_race,OuterRace,fault_configuration,data/raw_mafaulda/full/overhang/outer_race/6g/18.2272.csv,50000,1093.632,added_mass_6g,bearing_outer_race,added_mass_6g,overhang,,mafaulda_overhang_outer_race_6g,,,,,,True,split seed 202; operational folder taxonomy kept verbatim (naming caveat M2 not remapped)
methodology_v2.part2.v1,2,MAFAULDA,train,mafaulda_overhang_outer_race_6g_19.2512,mafaulda_overhang_outer_race_6g,overhang/outer_race,OuterRace,fault_configuration,data/raw_mafaulda/full/overhang/outer_race/6g/19.2512.csv,50000,1155.072,added_mass_6g,bearing_outer_race,added_mass_6g,overhang,,mafaulda_overhang_outer_race_6g,,,,,,True,split seed 202; operational folder taxonomy kept verbatim (naming caveat M2 not remapped)
methodology_v2.part2.v1,2,MAFAULDA,train,mafaulda_overhang_outer_race_6g_20.2752,mafaulda_overhang_outer_race_6g,overhang/outer_race,OuterRace,fault_configuration,data/raw_mafaulda/full/overhang/outer_race/6g/20.2752.csv,50000,1216.5120000000002,added_mass_6g,bearing_outer_race,added_mass_6g,overhang,,mafaulda_overhang_outer_race_6g,,,,,,True,split seed 202; operational folder taxonomy kept verbatim (naming caveat M2 not remapped)
methodology_v2.part2.v1,2,MAFAULDA,train,mafaulda_overhang_outer_race_6g_21.2992,mafaulda_overhang_outer_race_6g,overhang/outer_race,OuterRace,fault_configuration,data/raw_mafaulda/full/overhang/outer_race/6g/21.2992.csv,50000,1277.952,added_mass_6g,bearing_outer_race,added_mass_6g,overhang,,mafaulda_overhang_outer_race_6g,,,,,,True,split seed 202; operational folder taxonomy kept verbatim (naming caveat M2 not remapped)
methodology_v2.part2.v1,2,MAFAULDA,train,mafaulda_overhang_outer_race_6g_22.528,mafaulda_overhang_outer_race_6g,overhang/outer_race,OuterRace,fault_configuration,data/raw_mafaulda/full/overhang/outer_race/6g/22.528.csv,50000,1351.6799999999998,added_mass_6g,bearing_outer_race,added_mass_6g,overhang,,mafaulda_overhang_outer_race_6g,,,,,,True,split seed 202; operational folder taxonomy kept verbatim (naming caveat M2 not remapped)
methodology_v2.part2.v1,2,MAFAULDA,train,mafaulda_overhang_outer_race_6g_23.7568,mafaulda_overhang_outer_race_6g,overhang/outer_race,OuterRace,fault_configuration,data/raw_mafaulda/full/overhang/outer_race/6g/23.7568.csv,50000,1425.408,added_mass_6g,bearing_outer_race,added_mass_6g,overhang,,mafaulda_overhang_outer_race_6g,,,,,,True,split seed 202; operational folder taxonomy kept verbatim (naming caveat M2 not remapped)
methodology_v2.part2.v1,2,MAFAULDA,train,mafaulda_overhang_outer_race_6g_24.1664,mafaulda_overhang_outer_race_6g,overhang/outer_race,OuterRace,fault_configuration,data/raw_mafaulda/full/overhang/outer_race/6g/24.1664.csv,50000,1449.984,added_mass_6g,bearing_outer_race,added_mass_6g,overhang,,mafaulda_overhang_outer_race_6g,,,,,,True,split seed 202; operational folder taxonomy kept verbatim (naming caveat M2 not remapped)
methodology_v2.part2.v1,2,MAFAULDA,train,mafaulda_overhang_outer_race_6g_25.8048,mafaulda_overhang_outer_race_6g,overhang/outer_race,OuterRace,fault_configuration,data/raw_mafaulda/full/overhang/outer_race/6g/25.8048.csv,50000,1548.288,added_mass_6g,bearing_outer_race,added_mass_6g,overhang,,mafaulda_overhang_outer_race_6g,,,,,,True,split seed 202; operational folder taxonomy kept verbatim (naming caveat M2 not remapped)
methodology_v2.part2.v1,2,MAFAULDA,train,mafaulda_overhang_outer_race_6g_26.624,mafaulda_overhang_outer_race_6g,overhang/outer_race,OuterRace,fault_configuration,data/raw_mafaulda/full/overhang/outer_race/6g/26.624.csv,50000,1597.4399999999998,added_mass_6g,bearing_outer_race,added_mass_6g,overhang,,mafaulda_overhang_outer_race_6g,,,,,,True,split seed 202; operational folder taxonomy kept verbatim (naming caveat M2 not remapped)
methodology_v2.part2.v1,2,MAFAULDA,train,mafaulda_overhang_outer_race_6g_27.4432,mafaulda_overhang_outer_race_6g,overhang/outer_race,OuterRace,fault_configuration,data/raw_mafaulda/full/overhang/outer_race/6g/27.4432.csv,50000,1646.592,added_mass_6g,bearing_outer_race,added_mass_6g,overhang,,mafaulda_overhang_outer_race_6g,,,,,,True,split seed 202; operational folder taxonomy kept verbatim (naming caveat M2 not remapped)
methodology_v2.part2.v1,2,MAFAULDA,train,mafaulda_overhang_outer_race_6g_28.2624,mafaulda_overhang_outer_race_6g,overhang/outer_race,OuterRace,fault_configuration,data/raw_mafaulda/full/overhang/outer_race/6g/28.2624.csv,50000,1695.744,added_mass_6g,bearing_outer_race,added_mass_6g,overhang,,mafaulda_overhang_outer_race_6g,,,,,,True,split seed 202; operational folder taxonomy kept verbatim (naming caveat M2 not remapped)
methodology_v2.part2.v1,2,MAFAULDA,train,mafaulda_overhang_outer_race_6g_29.4912,mafaulda_overhang_outer_race_6g,overhang/outer_race,OuterRace,fault_configuration,data/raw_mafaulda/full/overhang/outer_race/6g/29.4912.csv,50000,1769.472,added_mass_6g,bearing_outer_race,added_mass_6g,overhang,,mafaulda_overhang_outer_race_6g,,,,,,True,split seed 202; operational folder taxonomy kept verbatim (naming caveat M2 not remapped)
methodology_v2.part2.v1,2,MAFAULDA,train,mafaulda_overhang_outer_race_6g_30.72,mafaulda_overhang_outer_race_6g,overhang/outer_race,OuterRace,fault_configuration,data/raw_mafaulda/full/overhang/outer_race/6g/30.72.csv,50000,1843.2,added_mass_6g,bearing_outer_race,added_mass_6g,overhang,,mafaulda_overhang_outer_race_6g,,,,,,True,split seed 202; operational folder taxonomy kept verbatim (naming caveat M2 not remapped)
methodology_v2.part2.v1,2,MAFAULDA,train,mafaulda_overhang_outer_race_6g_31.744,mafaulda_overhang_outer_race_6g,overhang/outer_race,OuterRace,fault_configuration,data/raw_mafaulda/full/overhang/outer_race/6g/31.744.csv,50000,1904.64,added_mass_6g,bearing_outer_race,added_mass_6g,overhang,,mafaulda_overhang_outer_race_6g,,,,,,True,split seed 202; operational folder taxonomy kept verbatim (naming caveat M2 not remapped)
methodology_v2.part2.v1,2,MAFAULDA,train,mafaulda_overhang_outer_race_6g_32.3584,mafaulda_overhang_outer_race_6g,overhang/outer_race,OuterRace,fault_configuration,data/raw_mafaulda/full/overhang/outer_race/6g/32.3584.csv,50000,1941.504,added_mass_6g,bearing_outer_race,added_mass_6g,overhang,,mafaulda_overhang_outer_race_6g,,,,,,True,split seed 202; operational folder taxonomy kept verbatim (naming caveat M2 not remapped)
methodology_v2.part2.v1,2,MAFAULDA,train,mafaulda_overhang_outer_race_6g_33.3824,mafaulda_overhang_outer_race_6g,overhang/outer_race,OuterRace,fault_configuration,data/raw_mafaulda/full/overhang/outer_race/6g/33.3824.csv,50000,2002.944,added_mass_6g,bearing_outer_race,added_mass_6g,overhang,,mafaulda_overhang_outer_race_6g,,,,,,True,split seed 202; operational folder taxonomy kept verbatim (naming caveat M2 not remapped)
methodology_v2.part2.v1,2,MAFAULDA,train,mafaulda_overhang_outer_race_6g_33.9968,mafaulda_overhang_outer_race_6g,overhang/outer_race,OuterRace,fault_configuration,data/raw_mafaulda/full/overhang/outer_race/6g/33.9968.csv,50000,2039.808,added_mass_6g,bearing_outer_race,added_mass_6g,overhang,,mafaulda_overhang_outer_race_6g,,,,,,True,split seed 202; operational folder taxonomy kept verbatim (naming caveat M2 not remapped)
methodology_v2.part2.v1,2,MAFAULDA,train,mafaulda_overhang_outer_race_6g_34.816,mafaulda_overhang_outer_race_6g,overhang/outer_race,OuterRace,fault_configuration,data/raw_mafaulda/full/overhang/outer_race/6g/34.816.csv,50000,2088.96,added_mass_6g,bearing_outer_race,added_mass_6g,overhang,,mafaulda_overhang_outer_race_6g,,,,,,True,split seed 202; operational folder taxonomy kept verbatim (naming caveat M2 not remapped)
methodology_v2.part2.v1,2,MAFAULDA,train,mafaulda_overhang_outer_race_6g_36.4544,mafaulda_overhang_outer_race_6g,overhang/outer_race,OuterRace,fault_configuration,data/raw_mafaulda/full/overhang/outer_race/6g/36.4544.csv,50000,2187.264,added_mass_6g,bearing_outer_race,added_mass_6g,overhang,,mafaulda_overhang_outer_race_6g,,,,,,True,split seed 202; operational folder taxonomy kept verbatim (naming caveat M2 not remapped)
methodology_v2.part2.v1,2,MAFAULDA,train,mafaulda_overhang_outer_race_6g_37.6832,mafaulda_overhang_outer_race_6g,overhang/outer_race,OuterRace,fault_configuration,data/raw_mafaulda/full/overhang/outer_race/6g/37.6832.csv,50000,2260.992,added_mass_6g,bearing_outer_race,added_mass_6g,overhang,,mafaulda_overhang_outer_race_6g,,,,,,True,split seed 202; operational folder taxonomy kept verbatim (naming caveat M2 not remapped)
methodology_v2.part2.v1,2,MAFAULDA,train,mafaulda_overhang_outer_race_6g_38.2976,mafaulda_overhang_outer_race_6g,overhang/outer_race,OuterRace,fault_configuration,data/raw_mafaulda/full/overhang/outer_race/6g/38.2976.csv,50000,2297.856,added_mass_6g,bearing_outer_race,added_mass_6g,overhang,,mafaulda_overhang_outer_race_6g,,,,,,True,split seed 202; operational folder taxonomy kept verbatim (naming caveat M2 not remapped)
methodology_v2.part2.v1,2,MAFAULDA,train,mafaulda_overhang_outer_race_6g_39.5264,mafaulda_overhang_outer_race_6g,overhang/outer_race,OuterRace,fault_configuration,data/raw_mafaulda/full/overhang/outer_race/6g/39.5264.csv,50000,2371.5840000000003,added_mass_6g,bearing_outer_race,added_mass_6g,overhang,,mafaulda_overhang_outer_race_6g,,,,,,True,split seed 202; operational folder taxonomy kept verbatim (naming caveat M2 not remapped)
methodology_v2.part2.v1,2,MAFAULDA,train,mafaulda_overhang_outer_race_6g_40.5504,mafaulda_overhang_outer_race_6g,overhang/outer_race,OuterRace,fault_configuration,data/raw_mafaulda/full/overhang/outer_race/6g/40.5504.csv,50000,2433.0240000000003,added_mass_6g,bearing_outer_race,added_mass_6g,overhang,,mafaulda_overhang_outer_race_6g,,,,,,True,split seed 202; operational folder taxonomy kept verbatim (naming caveat M2 not remapped)
methodology_v2.part2.v1,2,MAFAULDA,train,mafaulda_overhang_outer_race_6g_41.1648,mafaulda_overhang_outer_race_6g,overhang/outer_race,OuterRace,fault_configuration,data/raw_mafaulda/full/overhang/outer_race/6g/41.1648.csv,50000,2469.888,added_mass_6g,bearing_outer_race,added_mass_6g,overhang,,mafaulda_overhang_outer_race_6g,,,,,,True,split seed 202; operational folder taxonomy kept verbatim (naming caveat M2 not remapped)
methodology_v2.part2.v1,2,MAFAULDA,train,mafaulda_overhang_outer_race_6g_42.3936,mafaulda_overhang_outer_race_6g,overhang/outer_race,OuterRace,fault_configuration,data/raw_mafaulda/full/overhang/outer_race/6g/42.3936.csv,50000,2543.616,added_mass_6g,bearing_outer_race,added_mass_6g,overhang,,mafaulda_overhang_outer_race_6g,,,,,,True,split seed 202; operational folder taxonomy kept verbatim (naming caveat M2 not remapped)
methodology_v2.part2.v1,2,MAFAULDA,train,mafaulda_overhang_outer_race_6g_43.6224,mafaulda_overhang_outer_race_6g,overhang/outer_race,OuterRace,fault_configuration,data/raw_mafaulda/full/overhang/outer_race/6g/43.6224.csv,50000,2617.344,added_mass_6g,bearing_outer_race,added_mass_6g,overhang,,mafaulda_overhang_outer_race_6g,,,,,,True,split seed 202; operational folder taxonomy kept verbatim (naming caveat M2 not remapped)
methodology_v2.part2.v1,2,MAFAULDA,train,mafaulda_overhang_outer_race_6g_44.032,mafaulda_overhang_outer_race_6g,overhang/outer_race,OuterRace,fault_configuration,data/raw_mafaulda/full/overhang/outer_race/6g/44.032.csv,50000,2641.92,added_mass_6g,bearing_outer_race,added_mass_6g,overhang,,mafaulda_overhang_outer_race_6g,,,,,,True,split seed 202; operational folder taxonomy kept verbatim (naming caveat M2 not remapped)
methodology_v2.part2.v1,2,MAFAULDA,train,mafaulda_overhang_outer_race_6g_45.2608,mafaulda_overhang_outer_race_6g,overhang/outer_race,OuterRace,fault_configuration,data/raw_mafaulda/full/overhang/outer_race/6g/45.2608.csv,50000,2715.648,added_mass_6g,bearing_outer_race,added_mass_6g,overhang,,mafaulda_overhang_outer_race_6g,,,,,,True,split seed 202; operational folder taxonomy kept verbatim (naming caveat M2 not remapped)
methodology_v2.part2.v1,2,MAFAULDA,train,mafaulda_overhang_outer_race_6g_46.6944,mafaulda_overhang_outer_race_6g,overhang/outer_race,OuterRace,fault_configuration,data/raw_mafaulda/full/overhang/outer_race/6g/46.6944.csv,50000,2801.664,added_mass_6g,bearing_outer_race,added_mass_6g,overhang,,mafaulda_overhang_outer_race_6g,,,,,,True,split seed 202; operational folder taxonomy kept verbatim (naming caveat M2 not remapped)
methodology_v2.part2.v1,2,MAFAULDA,train,mafaulda_overhang_outer_race_6g_47.7184,mafaulda_overhang_outer_race_6g,overhang/outer_race,OuterRace,fault_configuration,data/raw_mafaulda/full/overhang/outer_race/6g/47.7184.csv,50000,2863.1040000000003,added_mass_6g,bearing_outer_race,added_mass_6g,overhang,,mafaulda_overhang_outer_race_6g,,,,,,True,split seed 202; operational folder taxonomy kept verbatim (naming caveat M2 not remapped)
methodology_v2.part2.v1,2,MAFAULDA,train,mafaulda_overhang_outer_race_6g_48.7424,mafaulda_overhang_outer_race_6g,overhang/outer_race,OuterRace,fault_configuration,data/raw_mafaulda/full/overhang/outer_race/6g/48.7424.csv,50000,2924.5440000000003,added_mass_6g,bearing_outer_race,added_mass_6g,overhang,,mafaulda_overhang_outer_race_6g,,,,,,True,split seed 202; operational folder taxonomy kept verbatim (naming caveat M2 not remapped)
methodology_v2.part2.v1,2,MAFAULDA,train,mafaulda_overhang_outer_race_6g_49.5616,mafaulda_overhang_outer_race_6g,overhang/outer_race,OuterRace,fault_configuration,data/raw_mafaulda/full/overhang/outer_race/6g/49.5616.csv,50000,2973.696,added_mass_6g,bearing_outer_race,added_mass_6g,overhang,,mafaulda_overhang_outer_race_6g,,,,,,True,split seed 202; operational folder taxonomy kept verbatim (naming caveat M2 not remapped)
methodology_v2.part2.v1,2,MAFAULDA,train,mafaulda_overhang_outer_race_6g_50.9952,mafaulda_overhang_outer_race_6g,overhang/outer_race,OuterRace,fault_configuration,data/raw_mafaulda/full/overhang/outer_race/6g/50.9952.csv,50000,3059.712,added_mass_6g,bearing_outer_race,added_mass_6g,overhang,,mafaulda_overhang_outer_race_6g,,,,,,True,split seed 202; operational folder taxonomy kept verbatim (naming caveat M2 not remapped)
methodology_v2.part2.v1,2,MAFAULDA,train,mafaulda_overhang_outer_race_6g_51.2,mafaulda_overhang_outer_race_6g,overhang/outer_race,OuterRace,fault_configuration,data/raw_mafaulda/full/overhang/outer_race/6g/51.2.csv,50000,3072.0,added_mass_6g,bearing_outer_race,added_mass_6g,overhang,,mafaulda_overhang_outer_race_6g,,,,,,True,split seed 202; operational folder taxonomy kept verbatim (naming caveat M2 not remapped)
methodology_v2.part2.v1,2,MAFAULDA,train,mafaulda_overhang_outer_race_6g_52.6336,mafaulda_overhang_outer_race_6g,overhang/outer_race,OuterRace,fault_configuration,data/raw_mafaulda/full/overhang/outer_race/6g/52.6336.csv,50000,3158.016,added_mass_6g,bearing_outer_race,added_mass_6g,overhang,,mafaulda_overhang_outer_race_6g,,,,,,True,split seed 202; operational folder taxonomy kept verbatim (naming caveat M2 not remapped)
methodology_v2.part2.v1,2,MAFAULDA,train,mafaulda_overhang_outer_race_6g_53.4528,mafaulda_overhang_outer_race_6g,overhang/outer_race,OuterRace,fault_configuration,data/raw_mafaulda/full/overhang/outer_race/6g/53.4528.csv,50000,3207.168,added_mass_6g,bearing_outer_race,added_mass_6g,overhang,,mafaulda_overhang_outer_race_6g,,,,,,True,split seed 202; operational folder taxonomy kept verbatim (naming caveat M2 not remapped)
methodology_v2.part2.v1,2,MAFAULDA,train,mafaulda_overhang_outer_race_6g_54.272,mafaulda_overhang_outer_race_6g,overhang/outer_race,OuterRace,fault_configuration,data/raw_mafaulda/full/overhang/outer_race/6g/54.272.csv,50000,3256.32,added_mass_6g,bearing_outer_race,added_mass_6g,overhang,,mafaulda_overhang_outer_race_6g,,,,,,True,split seed 202; operational folder taxonomy kept verbatim (naming caveat M2 not remapped)
methodology_v2.part2.v1,2,MAFAULDA,train,mafaulda_overhang_outer_race_6g_55.0912,mafaulda_overhang_outer_race_6g,overhang/outer_race,OuterRace,fault_configuration,data/raw_mafaulda/full/overhang/outer_race/6g/55.0912.csv,50000,3305.472,added_mass_6g,bearing_outer_race,added_mass_6g,overhang,,mafaulda_overhang_outer_race_6g,,,,,,True,split seed 202; operational folder taxonomy kept verbatim (naming caveat M2 not remapped)
methodology_v2.part2.v1,2,MAFAULDA,train,mafaulda_overhang_outer_race_6g_56.5248,mafaulda_overhang_outer_race_6g,overhang/outer_race,OuterRace,fault_configuration,data/raw_mafaulda/full/overhang/outer_race/6g/56.5248.csv,50000,3391.488,added_mass_6g,bearing_outer_race,added_mass_6g,overhang,,mafaulda_overhang_outer_race_6g,,,,,,True,split seed 202; operational folder taxonomy kept verbatim (naming caveat M2 not remapped)
methodology_v2.part2.v1,2,MAFAULDA,train,mafaulda_overhang_outer_race_6g_57.5488,mafaulda_overhang_outer_race_6g,overhang/outer_race,OuterRace,fault_configuration,data/raw_mafaulda/full/overhang/outer_race/6g/57.5488.csv,50000,3452.928,added_mass_6g,bearing_outer_race,added_mass_6g,overhang,,mafaulda_overhang_outer_race_6g,,,,,,True,split seed 202; operational folder taxonomy kept verbatim (naming caveat M2 not remapped)
methodology_v2.part2.v1,2,MAFAULDA,train,mafaulda_overhang_outer_race_6g_58.1632,mafaulda_overhang_outer_race_6g,overhang/outer_race,OuterRace,fault_configuration,data/raw_mafaulda/full/overhang/outer_race/6g/58.1632.csv,50000,3489.7920000000004,added_mass_6g,bearing_outer_race,added_mass_6g,overhang,,mafaulda_overhang_outer_race_6g,,,,,,True,split seed 202; operational folder taxonomy kept verbatim (naming caveat M2 not remapped)
methodology_v2.part2.v1,2,MAFAULDA,train,mafaulda_overhang_outer_race_6g_59.1872,mafaulda_overhang_outer_race_6g,overhang/outer_race,OuterRace,fault_configuration,data/raw_mafaulda/full/overhang/outer_race/6g/59.1872.csv,50000,3551.232,added_mass_6g,bearing_outer_race,added_mass_6g,overhang,,mafaulda_overhang_outer_race_6g,,,,,,True,split seed 202; operational folder taxonomy kept verbatim (naming caveat M2 not remapped)
methodology_v2.part2.v1,2,MAFAULDA,train,mafaulda_overhang_outer_race_6g_60.8256,mafaulda_overhang_outer_race_6g,overhang/outer_race,OuterRace,fault_configuration,data/raw_mafaulda/full/overhang/outer_race/6g/60.8256.csv,50000,3649.536,added_mass_6g,bearing_outer_race,added_mass_6g,overhang,,mafaulda_overhang_outer_race_6g,,,,,,True,split seed 202; operational folder taxonomy kept verbatim (naming caveat M2 not remapped)
methodology_v2.part2.v1,2,MAFAULDA,train,mafaulda_overhang_outer_race_6g_61.8496,mafaulda_overhang_outer_race_6g,overhang/outer_race,OuterRace,fault_configuration,data/raw_mafaulda/full/overhang/outer_race/6g/61.8496.csv,50000,3710.976,added_mass_6g,bearing_outer_race,added_mass_6g,overhang,,mafaulda_overhang_outer_race_6g,,,,,,True,split seed 202; operational folder taxonomy kept verbatim (naming caveat M2 not remapped)
methodology_v2.part2.v1,2,MAFAULDA,train,mafaulda_underhang_ball_fault_0g_13.1072,mafaulda_underhang_ball_fault_0g,underhang/ball_fault,RollingElement,fault_configuration,data/raw_mafaulda/full/underhang/ball_fault/0g/13.1072.csv,50000,786.432,added_mass_0g,bearing_ball_fault,added_mass_0g,underhang,,mafaulda_underhang_ball_fault_0g,,,,,,True,split seed 202; operational folder taxonomy kept verbatim (naming caveat M2 not remapped)
methodology_v2.part2.v1,2,MAFAULDA,train,mafaulda_underhang_ball_fault_0g_13.9264,mafaulda_underhang_ball_fault_0g,underhang/ball_fault,RollingElement,fault_configuration,data/raw_mafaulda/full/underhang/ball_fault/0g/13.9264.csv,50000,835.584,added_mass_0g,bearing_ball_fault,added_mass_0g,underhang,,mafaulda_underhang_ball_fault_0g,,,,,,True,split seed 202; operational folder taxonomy kept verbatim (naming caveat M2 not remapped)
methodology_v2.part2.v1,2,MAFAULDA,train,mafaulda_underhang_ball_fault_0g_15.1552,mafaulda_underhang_ball_fault_0g,underhang/ball_fault,RollingElement,fault_configuration,data/raw_mafaulda/full/underhang/ball_fault/0g/15.1552.csv,50000,909.312,added_mass_0g,bearing_ball_fault,added_mass_0g,underhang,,mafaulda_underhang_ball_fault_0g,,,,,,True,split seed 202; operational folder taxonomy kept verbatim (naming caveat M2 not remapped)
methodology_v2.part2.v1,2,MAFAULDA,train,mafaulda_underhang_ball_fault_0g_16.1792,mafaulda_underhang_ball_fault_0g,underhang/ball_fault,RollingElement,fault_configuration,data/raw_mafaulda/full/underhang/ball_fault/0g/16.1792.csv,50000,970.752,added_mass_0g,bearing_ball_fault,added_mass_0g,underhang,,mafaulda_underhang_ball_fault_0g,,,,,,True,split seed 202; operational folder taxonomy kept verbatim (naming caveat M2 not remapped)
methodology_v2.part2.v1,2,MAFAULDA,train,mafaulda_underhang_ball_fault_0g_16.9984,mafaulda_underhang_ball_fault_0g,underhang/ball_fault,RollingElement,fault_configuration,data/raw_mafaulda/full/underhang/ball_fault/0g/16.9984.csv,50000,1019.904,added_mass_0g,bearing_ball_fault,added_mass_0g,underhang,,mafaulda_underhang_ball_fault_0g,,,,,,True,split seed 202; operational folder taxonomy kept verbatim (naming caveat M2 not remapped)
methodology_v2.part2.v1,2,MAFAULDA,train,mafaulda_underhang_ball_fault_0g_18.6368,mafaulda_underhang_ball_fault_0g,underhang/ball_fault,RollingElement,fault_configuration,data/raw_mafaulda/full/underhang/ball_fault/0g/18.6368.csv,50000,1118.208,added_mass_0g,bearing_ball_fault,added_mass_0g,underhang,,mafaulda_underhang_ball_fault_0g,,,,,,True,split seed 202; operational folder taxonomy kept verbatim (naming caveat M2 not remapped)
methodology_v2.part2.v1,2,MAFAULDA,train,mafaulda_underhang_ball_fault_0g_19.456,mafaulda_underhang_ball_fault_0g,underhang/ball_fault,RollingElement,fault_configuration,data/raw_mafaulda/full/underhang/ball_fault/0g/19.456.csv,50000,1167.36,added_mass_0g,bearing_ball_fault,added_mass_0g,underhang,,mafaulda_underhang_ball_fault_0g,,,,,,True,split seed 202; operational folder taxonomy kept verbatim (naming caveat M2 not remapped)
methodology_v2.part2.v1,2,MAFAULDA,train,mafaulda_underhang_ball_fault_0g_20.0704,mafaulda_underhang_ball_fault_0g,underhang/ball_fault,RollingElement,fault_configuration,data/raw_mafaulda/full/underhang/ball_fault/0g/20.0704.csv,50000,1204.224,added_mass_0g,bearing_ball_fault,added_mass_0g,underhang,,mafaulda_underhang_ball_fault_0g,,,,,,True,split seed 202; operational folder taxonomy kept verbatim (naming caveat M2 not remapped)
methodology_v2.part2.v1,2,MAFAULDA,train,mafaulda_underhang_ball_fault_0g_20.8896,mafaulda_underhang_ball_fault_0g,underhang/ball_fault,RollingElement,fault_configuration,data/raw_mafaulda/full/underhang/ball_fault/0g/20.8896.csv,50000,1253.3760000000002,added_mass_0g,bearing_ball_fault,added_mass_0g,underhang,,mafaulda_underhang_ball_fault_0g,,,,,,True,split seed 202; operational folder taxonomy kept verbatim (naming caveat M2 not remapped)
methodology_v2.part2.v1,2,MAFAULDA,train,mafaulda_underhang_ball_fault_0g_22.7328,mafaulda_underhang_ball_fault_0g,underhang/ball_fault,RollingElement,fault_configuration,data/raw_mafaulda/full/underhang/ball_fault/0g/22.7328.csv,50000,1363.968,added_mass_0g,bearing_ball_fault,added_mass_0g,underhang,,mafaulda_underhang_ball_fault_0g,,,,,,True,split seed 202; operational folder taxonomy kept verbatim (naming caveat M2 not remapped)
methodology_v2.part2.v1,2,MAFAULDA,train,mafaulda_underhang_ball_fault_0g_23.552,mafaulda_underhang_ball_fault_0g,underhang/ball_fault,RollingElement,fault_configuration,data/raw_mafaulda/full/underhang/ball_fault/0g/23.552.csv,50000,1413.12,added_mass_0g,bearing_ball_fault,added_mass_0g,underhang,,mafaulda_underhang_ball_fault_0g,,,,,,True,split seed 202; operational folder taxonomy kept verbatim (naming caveat M2 not remapped)
methodology_v2.part2.v1,2,MAFAULDA,train,mafaulda_underhang_ball_fault_0g_23.9616,mafaulda_underhang_ball_fault_0g,underhang/ball_fault,RollingElement,fault_configuration,data/raw_mafaulda/full/underhang/ball_fault/0g/23.9616.csv,50000,1437.696,added_mass_0g,bearing_ball_fault,added_mass_0g,underhang,,mafaulda_underhang_ball_fault_0g,,,,,,True,split seed 202; operational folder taxonomy kept verbatim (naming caveat M2 not remapped)
methodology_v2.part2.v1,2,MAFAULDA,train,mafaulda_underhang_ball_fault_0g_24.1664,mafaulda_underhang_ball_fault_0g,underhang/ball_fault,RollingElement,fault_configuration,data/raw_mafaulda/full/underhang/ball_fault/0g/24.1664.csv,50000,1449.984,added_mass_0g,bearing_ball_fault,added_mass_0g,underhang,,mafaulda_underhang_ball_fault_0g,,,,,,True,split seed 202; operational folder taxonomy kept verbatim (naming caveat M2 not remapped)
methodology_v2.part2.v1,2,MAFAULDA,train,mafaulda_underhang_ball_fault_0g_25.1904,mafaulda_underhang_ball_fault_0g,underhang/ball_fault,RollingElement,fault_configuration,data/raw_mafaulda/full/underhang/ball_fault/0g/25.1904.csv,50000,1511.424,added_mass_0g,bearing_ball_fault,added_mass_0g,underhang,,mafaulda_underhang_ball_fault_0g,,,,,,True,split seed 202; operational folder taxonomy kept verbatim (naming caveat M2 not remapped)
methodology_v2.part2.v1,2,MAFAULDA,train,mafaulda_underhang_ball_fault_0g_26.624,mafaulda_underhang_ball_fault_0g,underhang/ball_fault,RollingElement,fault_configuration,data/raw_mafaulda/full/underhang/ball_fault/0g/26.624.csv,50000,1597.4399999999998,added_mass_0g,bearing_ball_fault,added_mass_0g,underhang,,mafaulda_underhang_ball_fault_0g,,,,,,True,split seed 202; operational folder taxonomy kept verbatim (naming caveat M2 not remapped)
methodology_v2.part2.v1,2,MAFAULDA,train,mafaulda_underhang_ball_fault_0g_27.0336,mafaulda_underhang_ball_fault_0g,underhang/ball_fault,RollingElement,fault_configuration,data/raw_mafaulda/full/underhang/ball_fault/0g/27.0336.csv,50000,1622.016,added_mass_0g,bearing_ball_fault,added_mass_0g,underhang,,mafaulda_underhang_ball_fault_0g,,,,,,True,split seed 202; operational folder taxonomy kept verbatim (naming caveat M2 not remapped)
methodology_v2.part2.v1,2,MAFAULDA,train,mafaulda_underhang_ball_fault_0g_28.2624,mafaulda_underhang_ball_fault_0g,underhang/ball_fault,RollingElement,fault_configuration,data/raw_mafaulda/full/underhang/ball_fault/0g/28.2624.csv,50000,1695.744,added_mass_0g,bearing_ball_fault,added_mass_0g,underhang,,mafaulda_underhang_ball_fault_0g,,,,,,True,split seed 202; operational folder taxonomy kept verbatim (naming caveat M2 not remapped)
methodology_v2.part2.v1,2,MAFAULDA,train,mafaulda_underhang_ball_fault_0g_29.4912,mafaulda_underhang_ball_fault_0g,underhang/ball_fault,RollingElement,fault_configuration,data/raw_mafaulda/full/underhang/ball_fault/0g/29.4912.csv,50000,1769.472,added_mass_0g,bearing_ball_fault,added_mass_0g,underhang,,mafaulda_underhang_ball_fault_0g,,,,,,True,split seed 202; operational folder taxonomy kept verbatim (naming caveat M2 not remapped)
methodology_v2.part2.v1,2,MAFAULDA,train,mafaulda_underhang_ball_fault_0g_29.9008,mafaulda_underhang_ball_fault_0g,underhang/ball_fault,RollingElement,fault_configuration,data/raw_mafaulda/full/underhang/ball_fault/0g/29.9008.csv,50000,1794.048,added_mass_0g,bearing_ball_fault,added_mass_0g,underhang,,mafaulda_underhang_ball_fault_0g,,,,,,True,split seed 202; operational folder taxonomy kept verbatim (naming caveat M2 not remapped)
methodology_v2.part2.v1,2,MAFAULDA,train,mafaulda_underhang_ball_fault_0g_31.1296,mafaulda_underhang_ball_fault_0g,underhang/ball_fault,RollingElement,fault_configuration,data/raw_mafaulda/full/underhang/ball_fault/0g/31.1296.csv,50000,1867.776,added_mass_0g,bearing_ball_fault,added_mass_0g,underhang,,mafaulda_underhang_ball_fault_0g,,,,,,True,split seed 202; operational folder taxonomy kept verbatim (naming caveat M2 not remapped)
methodology_v2.part2.v1,2,MAFAULDA,train,mafaulda_underhang_ball_fault_0g_32.3584,mafaulda_underhang_ball_fault_0g,underhang/ball_fault,RollingElement,fault_configuration,data/raw_mafaulda/full/underhang/ball_fault/0g/32.3584.csv,50000,1941.504,added_mass_0g,bearing_ball_fault,added_mass_0g,underhang,,mafaulda_underhang_ball_fault_0g,,,,,,True,split seed 202; operational folder taxonomy kept verbatim (naming caveat M2 not remapped)
methodology_v2.part2.v1,2,MAFAULDA,train,mafaulda_underhang_ball_fault_0g_33.5872,mafaulda_underhang_ball_fault_0g,underhang/ball_fault,RollingElement,fault_configuration,data/raw_mafaulda/full/underhang/ball_fault/0g/33.5872.csv,50000,2015.232,added_mass_0g,bearing_ball_fault,added_mass_0g,underhang,,mafaulda_underhang_ball_fault_0g,,,,,,True,split seed 202; operational folder taxonomy kept verbatim (naming caveat M2 not remapped)
methodology_v2.part2.v1,2,MAFAULDA,train,mafaulda_underhang_ball_fault_0g_34.816,mafaulda_underhang_ball_fault_0g,underhang/ball_fault,RollingElement,fault_configuration,data/raw_mafaulda/full/underhang/ball_fault/0g/34.816.csv,50000,2088.96,added_mass_0g,bearing_ball_fault,added_mass_0g,underhang,,mafaulda_underhang_ball_fault_0g,,,,,,True,split seed 202; operational folder taxonomy kept verbatim (naming caveat M2 not remapped)
methodology_v2.part2.v1,2,MAFAULDA,train,mafaulda_underhang_ball_fault_0g_35.84,mafaulda_underhang_ball_fault_0g,underhang/ball_fault,RollingElement,fault_configuration,data/raw_mafaulda/full/underhang/ball_fault/0g/35.84.csv,50000,2150.4,added_mass_0g,bearing_ball_fault,added_mass_0g,underhang,,mafaulda_underhang_ball_fault_0g,,,,,,True,split seed 202; operational folder taxonomy kept verbatim (naming caveat M2 not remapped)
methodology_v2.part2.v1,2,MAFAULDA,train,mafaulda_underhang_ball_fault_0g_36.6592,mafaulda_underhang_ball_fault_0g,underhang/ball_fault,RollingElement,fault_configuration,data/raw_mafaulda/full/underhang/ball_fault/0g/36.6592.csv,50000,2199.552,added_mass_0g,bearing_ball_fault,added_mass_0g,underhang,,mafaulda_underhang_ball_fault_0g,,,,,,True,split seed 202; operational folder taxonomy kept verbatim (naming caveat M2 not remapped)
methodology_v2.part2.v1,2,MAFAULDA,train,mafaulda_underhang_ball_fault_0g_37.6832,mafaulda_underhang_ball_fault_0g,underhang/ball_fault,RollingElement,fault_configuration,data/raw_mafaulda/full/underhang/ball_fault/0g/37.6832.csv,50000,2260.992,added_mass_0g,bearing_ball_fault,added_mass_0g,underhang,,mafaulda_underhang_ball_fault_0g,,,,,,True,split seed 202; operational folder taxonomy kept verbatim (naming caveat M2 not remapped)
methodology_v2.part2.v1,2,MAFAULDA,train,mafaulda_underhang_ball_fault_0g_38.5024,mafaulda_underhang_ball_fault_0g,underhang/ball_fault,RollingElement,fault_configuration,data/raw_mafaulda/full/underhang/ball_fault/0g/38.5024.csv,50000,2310.144,added_mass_0g,bearing_ball_fault,added_mass_0g,underhang,,mafaulda_underhang_ball_fault_0g,,,,,,True,split seed 202; operational folder taxonomy kept verbatim (naming caveat M2 not remapped)
methodology_v2.part2.v1,2,MAFAULDA,train,mafaulda_underhang_ball_fault_0g_39.3216,mafaulda_underhang_ball_fault_0g,underhang/ball_fault,RollingElement,fault_configuration,data/raw_mafaulda/full/underhang/ball_fault/0g/39.3216.csv,50000,2359.296,added_mass_0g,bearing_ball_fault,added_mass_0g,underhang,,mafaulda_underhang_ball_fault_0g,,,,,,True,split seed 202; operational folder taxonomy kept verbatim (naming caveat M2 not remapped)
methodology_v2.part2.v1,2,MAFAULDA,train,mafaulda_underhang_ball_fault_0g_40.3456,mafaulda_underhang_ball_fault_0g,underhang/ball_fault,RollingElement,fault_configuration,data/raw_mafaulda/full/underhang/ball_fault/0g/40.3456.csv,50000,2420.736,added_mass_0g,bearing_ball_fault,added_mass_0g,underhang,,mafaulda_underhang_ball_fault_0g,,,,,,True,split seed 202; operational folder taxonomy kept verbatim (naming caveat M2 not remapped)
methodology_v2.part2.v1,2,MAFAULDA,train,mafaulda_underhang_ball_fault_0g_41.3696,mafaulda_underhang_ball_fault_0g,underhang/ball_fault,RollingElement,fault_configuration,data/raw_mafaulda/full/underhang/ball_fault/0g/41.3696.csv,50000,2482.176,added_mass_0g,bearing_ball_fault,added_mass_0g,underhang,,mafaulda_underhang_ball_fault_0g,,,,,,True,split seed 202; operational folder taxonomy kept verbatim (naming caveat M2 not remapped)
methodology_v2.part2.v1,2,MAFAULDA,train,mafaulda_underhang_ball_fault_0g_42.1888,mafaulda_underhang_ball_fault_0g,underhang/ball_fault,RollingElement,fault_configuration,data/raw_mafaulda/full/underhang/ball_fault/0g/42.1888.csv,50000,2531.328,added_mass_0g,bearing_ball_fault,added_mass_0g,underhang,,mafaulda_underhang_ball_fault_0g,,,,,,True,split seed 202; operational folder taxonomy kept verbatim (naming caveat M2 not remapped)
methodology_v2.part2.v1,2,MAFAULDA,train,mafaulda_underhang_ball_fault_0g_43.2128,mafaulda_underhang_ball_fault_0g,underhang/ball_fault,RollingElement,fault_configuration,data/raw_mafaulda/full/underhang/ball_fault/0g/43.2128.csv,50000,2592.768,added_mass_0g,bearing_ball_fault,added_mass_0g,underhang,,mafaulda_underhang_ball_fault_0g,,,,,,True,split seed 202; operational folder taxonomy kept verbatim (naming caveat M2 not remapped)
methodology_v2.part2.v1,2,MAFAULDA,train,mafaulda_underhang_ball_fault_0g_44.032,mafaulda_underhang_ball_fault_0g,underhang/ball_fault,RollingElement,fault_configuration,data/raw_mafaulda/full/underhang/ball_fault/0g/44.032.csv,50000,2641.92,added_mass_0g,bearing_ball_fault,added_mass_0g,underhang,,mafaulda_underhang_ball_fault_0g,,,,,,True,split seed 202; operational folder taxonomy kept verbatim (naming caveat M2 not remapped)
methodology_v2.part2.v1,2,MAFAULDA,train,mafaulda_underhang_ball_fault_0g_45.6704,mafaulda_underhang_ball_fault_0g,underhang/ball_fault,RollingElement,fault_configuration,data/raw_mafaulda/full/underhang/ball_fault/0g/45.6704.csv,50000,2740.224,added_mass_0g,bearing_ball_fault,added_mass_0g,underhang,,mafaulda_underhang_ball_fault_0g,,,,,,True,split seed 202; operational folder taxonomy kept verbatim (naming caveat M2 not remapped)
methodology_v2.part2.v1,2,MAFAULDA,train,mafaulda_underhang_ball_fault_0g_46.08,mafaulda_underhang_ball_fault_0g,underhang/ball_fault,RollingElement,fault_configuration,data/raw_mafaulda/full/underhang/ball_fault/0g/46.08.csv,50000,2764.8,added_mass_0g,bearing_ball_fault,added_mass_0g,underhang,,mafaulda_underhang_ball_fault_0g,,,,,,True,split seed 202; operational folder taxonomy kept verbatim (naming caveat M2 not remapped)
methodology_v2.part2.v1,2,MAFAULDA,train,mafaulda_underhang_ball_fault_0g_47.3088,mafaulda_underhang_ball_fault_0g,underhang/ball_fault,RollingElement,fault_configuration,data/raw_mafaulda/full/underhang/ball_fault/0g/47.3088.csv,50000,2838.528,added_mass_0g,bearing_ball_fault,added_mass_0g,underhang,,mafaulda_underhang_ball_fault_0g,,,,,,True,split seed 202; operational folder taxonomy kept verbatim (naming caveat M2 not remapped)
methodology_v2.part2.v1,2,MAFAULDA,train,mafaulda_underhang_ball_fault_0g_48.128,mafaulda_underhang_ball_fault_0g,underhang/ball_fault,RollingElement,fault_configuration,data/raw_mafaulda/full/underhang/ball_fault/0g/48.128.csv,50000,2887.68,added_mass_0g,bearing_ball_fault,added_mass_0g,underhang,,mafaulda_underhang_ball_fault_0g,,,,,,True,split seed 202; operational folder taxonomy kept verbatim (naming caveat M2 not remapped)
methodology_v2.part2.v1,2,MAFAULDA,train,mafaulda_underhang_ball_fault_0g_49.5616,mafaulda_underhang_ball_fault_0g,underhang/ball_fault,RollingElement,fault_configuration,data/raw_mafaulda/full/underhang/ball_fault/0g/49.5616.csv,50000,2973.696,added_mass_0g,bearing_ball_fault,added_mass_0g,underhang,,mafaulda_underhang_ball_fault_0g,,,,,,True,split seed 202; operational folder taxonomy kept verbatim (naming caveat M2 not remapped)
methodology_v2.part2.v1,2,MAFAULDA,train,mafaulda_underhang_ball_fault_0g_50.5856,mafaulda_underhang_ball_fault_0g,underhang/ball_fault,RollingElement,fault_configuration,data/raw_mafaulda/full/underhang/ball_fault/0g/50.5856.csv,50000,3035.136,added_mass_0g,bearing_ball_fault,added_mass_0g,underhang,,mafaulda_underhang_ball_fault_0g,,,,,,True,split seed 202; operational folder taxonomy kept verbatim (naming caveat M2 not remapped)
methodology_v2.part2.v1,2,MAFAULDA,train,mafaulda_underhang_ball_fault_0g_51.2,mafaulda_underhang_ball_fault_0g,underhang/ball_fault,RollingElement,fault_configuration,data/raw_mafaulda/full/underhang/ball_fault/0g/51.2.csv,50000,3072.0,added_mass_0g,bearing_ball_fault,added_mass_0g,underhang,,mafaulda_underhang_ball_fault_0g,,,,,,True,split seed 202; operational folder taxonomy kept verbatim (naming caveat M2 not remapped)
methodology_v2.part2.v1,2,MAFAULDA,train,mafaulda_underhang_ball_fault_0g_52.8384,mafaulda_underhang_ball_fault_0g,underhang/ball_fault,RollingElement,fault_configuration,data/raw_mafaulda/full/underhang/ball_fault/0g/52.8384.csv,50000,3170.304,added_mass_0g,bearing_ball_fault,added_mass_0g,underhang,,mafaulda_underhang_ball_fault_0g,,,,,,True,split seed 202; operational folder taxonomy kept verbatim (naming caveat M2 not remapped)
methodology_v2.part2.v1,2,MAFAULDA,train,mafaulda_underhang_ball_fault_0g_53.0432,mafaulda_underhang_ball_fault_0g,underhang/ball_fault,RollingElement,fault_configuration,data/raw_mafaulda/full/underhang/ball_fault/0g/53.0432.csv,50000,3182.592,added_mass_0g,bearing_ball_fault,added_mass_0g,underhang,,mafaulda_underhang_ball_fault_0g,,,,,,True,split seed 202; operational folder taxonomy kept verbatim (naming caveat M2 not remapped)
methodology_v2.part2.v1,2,MAFAULDA,train,mafaulda_underhang_ball_fault_0g_54.0672,mafaulda_underhang_ball_fault_0g,underhang/ball_fault,RollingElement,fault_configuration,data/raw_mafaulda/full/underhang/ball_fault/0g/54.0672.csv,50000,3244.032,added_mass_0g,bearing_ball_fault,added_mass_0g,underhang,,mafaulda_underhang_ball_fault_0g,,,,,,True,split seed 202; operational folder taxonomy kept verbatim (naming caveat M2 not remapped)
methodology_v2.part2.v1,2,MAFAULDA,train,mafaulda_underhang_ball_fault_0g_55.0912,mafaulda_underhang_ball_fault_0g,underhang/ball_fault,RollingElement,fault_configuration,data/raw_mafaulda/full/underhang/ball_fault/0g/55.0912.csv,50000,3305.472,added_mass_0g,bearing_ball_fault,added_mass_0g,underhang,,mafaulda_underhang_ball_fault_0g,,,,,,True,split seed 202; operational folder taxonomy kept verbatim (naming caveat M2 not remapped)
methodology_v2.part2.v1,2,MAFAULDA,train,mafaulda_underhang_ball_fault_0g_56.5248,mafaulda_underhang_ball_fault_0g,underhang/ball_fault,RollingElement,fault_configuration,data/raw_mafaulda/full/underhang/ball_fault/0g/56.5248.csv,50000,3391.488,added_mass_0g,bearing_ball_fault,added_mass_0g,underhang,,mafaulda_underhang_ball_fault_0g,,,,,,True,split seed 202; operational folder taxonomy kept verbatim (naming caveat M2 not remapped)
methodology_v2.part2.v1,2,MAFAULDA,train,mafaulda_underhang_ball_fault_0g_57.344,mafaulda_underhang_ball_fault_0g,underhang/ball_fault,RollingElement,fault_configuration,data/raw_mafaulda/full/underhang/ball_fault/0g/57.344.csv,50000,3440.64,added_mass_0g,bearing_ball_fault,added_mass_0g,underhang,,mafaulda_underhang_ball_fault_0g,,,,,,True,split seed 202; operational folder taxonomy kept verbatim (naming caveat M2 not remapped)
methodology_v2.part2.v1,2,MAFAULDA,train,mafaulda_underhang_ball_fault_0g_58.9824,mafaulda_underhang_ball_fault_0g,underhang/ball_fault,RollingElement,fault_configuration,data/raw_mafaulda/full/underhang/ball_fault/0g/58.9824.csv,50000,3538.944,added_mass_0g,bearing_ball_fault,added_mass_0g,underhang,,mafaulda_underhang_ball_fault_0g,,,,,,True,split seed 202; operational folder taxonomy kept verbatim (naming caveat M2 not remapped)
methodology_v2.part2.v1,2,MAFAULDA,train,mafaulda_underhang_ball_fault_0g_59.8016,mafaulda_underhang_ball_fault_0g,underhang/ball_fault,RollingElement,fault_configuration,data/raw_mafaulda/full/underhang/ball_fault/0g/59.8016.csv,50000,3588.096,added_mass_0g,bearing_ball_fault,added_mass_0g,underhang,,mafaulda_underhang_ball_fault_0g,,,,,,True,split seed 202; operational folder taxonomy kept verbatim (naming caveat M2 not remapped)
methodology_v2.part2.v1,2,MAFAULDA,train,mafaulda_underhang_ball_fault_0g_60.2112,mafaulda_underhang_ball_fault_0g,underhang/ball_fault,RollingElement,fault_configuration,data/raw_mafaulda/full/underhang/ball_fault/0g/60.2112.csv,50000,3612.672,added_mass_0g,bearing_ball_fault,added_mass_0g,underhang,,mafaulda_underhang_ball_fault_0g,,,,,,True,split seed 202; operational folder taxonomy kept verbatim (naming caveat M2 not remapped)
methodology_v2.part2.v1,2,MAFAULDA,train,mafaulda_underhang_ball_fault_0g_61.2352,mafaulda_underhang_ball_fault_0g,underhang/ball_fault,RollingElement,fault_configuration,data/raw_mafaulda/full/underhang/ball_fault/0g/61.2352.csv,50000,3674.112,added_mass_0g,bearing_ball_fault,added_mass_0g,underhang,,mafaulda_underhang_ball_fault_0g,,,,,,True,split seed 202; operational folder taxonomy kept verbatim (naming caveat M2 not remapped)
methodology_v2.part2.v1,2,MAFAULDA,validation,mafaulda_underhang_ball_fault_20g_13.1072,mafaulda_underhang_ball_fault_20g,underhang/ball_fault,RollingElement,fault_configuration,data/raw_mafaulda/full/underhang/ball_fault/20g/13.1072.csv,50000,786.432,added_mass_20g,bearing_ball_fault,added_mass_20g,underhang,,mafaulda_underhang_ball_fault_20g,,,,,,True,split seed 202; operational folder taxonomy kept verbatim (naming caveat M2 not remapped)
methodology_v2.part2.v1,2,MAFAULDA,validation,mafaulda_underhang_ball_fault_20g_14.1312,mafaulda_underhang_ball_fault_20g,underhang/ball_fault,RollingElement,fault_configuration,data/raw_mafaulda/full/underhang/ball_fault/20g/14.1312.csv,50000,847.872,added_mass_20g,bearing_ball_fault,added_mass_20g,underhang,,mafaulda_underhang_ball_fault_20g,,,,,,True,split seed 202; operational folder taxonomy kept verbatim (naming caveat M2 not remapped)
methodology_v2.part2.v1,2,MAFAULDA,validation,mafaulda_underhang_ball_fault_20g_15.36,mafaulda_underhang_ball_fault_20g,underhang/ball_fault,RollingElement,fault_configuration,data/raw_mafaulda/full/underhang/ball_fault/20g/15.36.csv,50000,921.6,added_mass_20g,bearing_ball_fault,added_mass_20g,underhang,,mafaulda_underhang_ball_fault_20g,,,,,,True,split seed 202; operational folder taxonomy kept verbatim (naming caveat M2 not remapped)
methodology_v2.part2.v1,2,MAFAULDA,validation,mafaulda_underhang_ball_fault_20g_16.1792,mafaulda_underhang_ball_fault_20g,underhang/ball_fault,RollingElement,fault_configuration,data/raw_mafaulda/full/underhang/ball_fault/20g/16.1792.csv,50000,970.752,added_mass_20g,bearing_ball_fault,added_mass_20g,underhang,,mafaulda_underhang_ball_fault_20g,,,,,,True,split seed 202; operational folder taxonomy kept verbatim (naming caveat M2 not remapped)
methodology_v2.part2.v1,2,MAFAULDA,validation,mafaulda_underhang_ball_fault_20g_17.2032,mafaulda_underhang_ball_fault_20g,underhang/ball_fault,RollingElement,fault_configuration,data/raw_mafaulda/full/underhang/ball_fault/20g/17.2032.csv,50000,1032.192,added_mass_20g,bearing_ball_fault,added_mass_20g,underhang,,mafaulda_underhang_ball_fault_20g,,,,,,True,split seed 202; operational folder taxonomy kept verbatim (naming caveat M2 not remapped)
methodology_v2.part2.v1,2,MAFAULDA,validation,mafaulda_underhang_ball_fault_20g_18.432,mafaulda_underhang_ball_fault_20g,underhang/ball_fault,RollingElement,fault_configuration,data/raw_mafaulda/full/underhang/ball_fault/20g/18.432.csv,50000,1105.9199999999998,added_mass_20g,bearing_ball_fault,added_mass_20g,underhang,,mafaulda_underhang_ball_fault_20g,,,,,,True,split seed 202; operational folder taxonomy kept verbatim (naming caveat M2 not remapped)
methodology_v2.part2.v1,2,MAFAULDA,validation,mafaulda_underhang_ball_fault_20g_19.6608,mafaulda_underhang_ball_fault_20g,underhang/ball_fault,RollingElement,fault_configuration,data/raw_mafaulda/full/underhang/ball_fault/20g/19.6608.csv,50000,1179.648,added_mass_20g,bearing_ball_fault,added_mass_20g,underhang,,mafaulda_underhang_ball_fault_20g,,,,,,True,split seed 202; operational folder taxonomy kept verbatim (naming caveat M2 not remapped)
methodology_v2.part2.v1,2,MAFAULDA,validation,mafaulda_underhang_ball_fault_20g_20.8896,mafaulda_underhang_ball_fault_20g,underhang/ball_fault,RollingElement,fault_configuration,data/raw_mafaulda/full/underhang/ball_fault/20g/20.8896.csv,50000,1253.3760000000002,added_mass_20g,bearing_ball_fault,added_mass_20g,underhang,,mafaulda_underhang_ball_fault_20g,,,,,,True,split seed 202; operational folder taxonomy kept verbatim (naming caveat M2 not remapped)
methodology_v2.part2.v1,2,MAFAULDA,validation,mafaulda_underhang_ball_fault_20g_21.7088,mafaulda_underhang_ball_fault_20g,underhang/ball_fault,RollingElement,fault_configuration,data/raw_mafaulda/full/underhang/ball_fault/20g/21.7088.csv,50000,1302.528,added_mass_20g,bearing_ball_fault,added_mass_20g,underhang,,mafaulda_underhang_ball_fault_20g,,,,,,True,split seed 202; operational folder taxonomy kept verbatim (naming caveat M2 not remapped)
methodology_v2.part2.v1,2,MAFAULDA,validation,mafaulda_underhang_ball_fault_20g_22.7328,mafaulda_underhang_ball_fault_20g,underhang/ball_fault,RollingElement,fault_configuration,data/raw_mafaulda/full/underhang/ball_fault/20g/22.7328.csv,50000,1363.968,added_mass_20g,bearing_ball_fault,added_mass_20g,underhang,,mafaulda_underhang_ball_fault_20g,,,,,,True,split seed 202; operational folder taxonomy kept verbatim (naming caveat M2 not remapped)
methodology_v2.part2.v1,2,MAFAULDA,validation,mafaulda_underhang_ball_fault_20g_23.1424,mafaulda_underhang_ball_fault_20g,underhang/ball_fault,RollingElement,fault_configuration,data/raw_mafaulda/full/underhang/ball_fault/20g/23.1424.csv,50000,1388.544,added_mass_20g,bearing_ball_fault,added_mass_20g,underhang,,mafaulda_underhang_ball_fault_20g,,,,,,True,split seed 202; operational folder taxonomy kept verbatim (naming caveat M2 not remapped)
methodology_v2.part2.v1,2,MAFAULDA,validation,mafaulda_underhang_ball_fault_20g_23.9616,mafaulda_underhang_ball_fault_20g,underhang/ball_fault,RollingElement,fault_configuration,data/raw_mafaulda/full/underhang/ball_fault/20g/23.9616.csv,50000,1437.696,added_mass_20g,bearing_ball_fault,added_mass_20g,underhang,,mafaulda_underhang_ball_fault_20g,,,,,,True,split seed 202; operational folder taxonomy kept verbatim (naming caveat M2 not remapped)
methodology_v2.part2.v1,2,MAFAULDA,validation,mafaulda_underhang_ball_fault_20g_25.1904,mafaulda_underhang_ball_fault_20g,underhang/ball_fault,RollingElement,fault_configuration,data/raw_mafaulda/full/underhang/ball_fault/20g/25.1904.csv,50000,1511.424,added_mass_20g,bearing_ball_fault,added_mass_20g,underhang,,mafaulda_underhang_ball_fault_20g,,,,,,True,split seed 202; operational folder taxonomy kept verbatim (naming caveat M2 not remapped)
methodology_v2.part2.v1,2,MAFAULDA,validation,mafaulda_underhang_ball_fault_20g_27.2384,mafaulda_underhang_ball_fault_20g,underhang/ball_fault,RollingElement,fault_configuration,data/raw_mafaulda/full/underhang/ball_fault/20g/27.2384.csv,50000,1634.304,added_mass_20g,bearing_ball_fault,added_mass_20g,underhang,,mafaulda_underhang_ball_fault_20g,,,,,,True,split seed 202; operational folder taxonomy kept verbatim (naming caveat M2 not remapped)
methodology_v2.part2.v1,2,MAFAULDA,validation,mafaulda_underhang_ball_fault_20g_28.2624,mafaulda_underhang_ball_fault_20g,underhang/ball_fault,RollingElement,fault_configuration,data/raw_mafaulda/full/underhang/ball_fault/20g/28.2624.csv,50000,1695.744,added_mass_20g,bearing_ball_fault,added_mass_20g,underhang,,mafaulda_underhang_ball_fault_20g,,,,,,True,split seed 202; operational folder taxonomy kept verbatim (naming caveat M2 not remapped)
methodology_v2.part2.v1,2,MAFAULDA,validation,mafaulda_underhang_ball_fault_20g_28.4672,mafaulda_underhang_ball_fault_20g,underhang/ball_fault,RollingElement,fault_configuration,data/raw_mafaulda/full/underhang/ball_fault/20g/28.4672.csv,50000,1708.032,added_mass_20g,bearing_ball_fault,added_mass_20g,underhang,,mafaulda_underhang_ball_fault_20g,,,,,,True,split seed 202; operational folder taxonomy kept verbatim (naming caveat M2 not remapped)
methodology_v2.part2.v1,2,MAFAULDA,validation,mafaulda_underhang_ball_fault_20g_29.2864,mafaulda_underhang_ball_fault_20g,underhang/ball_fault,RollingElement,fault_configuration,data/raw_mafaulda/full/underhang/ball_fault/20g/29.2864.csv,50000,1757.184,added_mass_20g,bearing_ball_fault,added_mass_20g,underhang,,mafaulda_underhang_ball_fault_20g,,,,,,True,split seed 202; operational folder taxonomy kept verbatim (naming caveat M2 not remapped)
methodology_v2.part2.v1,2,MAFAULDA,validation,mafaulda_underhang_ball_fault_20g_29.9008,mafaulda_underhang_ball_fault_20g,underhang/ball_fault,RollingElement,fault_configuration,data/raw_mafaulda/full/underhang/ball_fault/20g/29.9008.csv,50000,1794.048,added_mass_20g,bearing_ball_fault,added_mass_20g,underhang,,mafaulda_underhang_ball_fault_20g,,,,,,True,split seed 202; operational folder taxonomy kept verbatim (naming caveat M2 not remapped)
methodology_v2.part2.v1,2,MAFAULDA,validation,mafaulda_underhang_ball_fault_20g_31.5392,mafaulda_underhang_ball_fault_20g,underhang/ball_fault,RollingElement,fault_configuration,data/raw_mafaulda/full/underhang/ball_fault/20g/31.5392.csv,50000,1892.352,added_mass_20g,bearing_ball_fault,added_mass_20g,underhang,,mafaulda_underhang_ball_fault_20g,,,,,,True,split seed 202; operational folder taxonomy kept verbatim (naming caveat M2 not remapped)
methodology_v2.part2.v1,2,MAFAULDA,validation,mafaulda_underhang_ball_fault_20g_32.1536,mafaulda_underhang_ball_fault_20g,underhang/ball_fault,RollingElement,fault_configuration,data/raw_mafaulda/full/underhang/ball_fault/20g/32.1536.csv,50000,1929.216,added_mass_20g,bearing_ball_fault,added_mass_20g,underhang,,mafaulda_underhang_ball_fault_20g,,,,,,True,split seed 202; operational folder taxonomy kept verbatim (naming caveat M2 not remapped)
methodology_v2.part2.v1,2,MAFAULDA,validation,mafaulda_underhang_ball_fault_20g_33.5872,mafaulda_underhang_ball_fault_20g,underhang/ball_fault,RollingElement,fault_configuration,data/raw_mafaulda/full/underhang/ball_fault/20g/33.5872.csv,50000,2015.232,added_mass_20g,bearing_ball_fault,added_mass_20g,underhang,,mafaulda_underhang_ball_fault_20g,,,,,,True,split seed 202; operational folder taxonomy kept verbatim (naming caveat M2 not remapped)
methodology_v2.part2.v1,2,MAFAULDA,validation,mafaulda_underhang_ball_fault_20g_34.4064,mafaulda_underhang_ball_fault_20g,underhang/ball_fault,RollingElement,fault_configuration,data/raw_mafaulda/full/underhang/ball_fault/20g/34.4064.csv,50000,2064.384,added_mass_20g,bearing_ball_fault,added_mass_20g,underhang,,mafaulda_underhang_ball_fault_20g,,,,,,True,split seed 202; operational folder taxonomy kept verbatim (naming caveat M2 not remapped)
methodology_v2.part2.v1,2,MAFAULDA,validation,mafaulda_underhang_ball_fault_20g_35.0208,mafaulda_underhang_ball_fault_20g,underhang/ball_fault,RollingElement,fault_configuration,data/raw_mafaulda/full/underhang/ball_fault/20g/35.0208.csv,50000,2101.248,added_mass_20g,bearing_ball_fault,added_mass_20g,underhang,,mafaulda_underhang_ball_fault_20g,,,,,,True,split seed 202; operational folder taxonomy kept verbatim (naming caveat M2 not remapped)
methodology_v2.part2.v1,2,MAFAULDA,validation,mafaulda_underhang_ball_fault_20g_36.4544,mafaulda_underhang_ball_fault_20g,underhang/ball_fault,RollingElement,fault_configuration,data/raw_mafaulda/full/underhang/ball_fault/20g/36.4544.csv,50000,2187.264,added_mass_20g,bearing_ball_fault,added_mass_20g,underhang,,mafaulda_underhang_ball_fault_20g,,,,,,True,split seed 202; operational folder taxonomy kept verbatim (naming caveat M2 not remapped)
methodology_v2.part2.v1,2,MAFAULDA,validation,mafaulda_underhang_ball_fault_20g_37.6832,mafaulda_underhang_ball_fault_20g,underhang/ball_fault,RollingElement,fault_configuration,data/raw_mafaulda/full/underhang/ball_fault/20g/37.6832.csv,50000,2260.992,added_mass_20g,bearing_ball_fault,added_mass_20g,underhang,,mafaulda_underhang_ball_fault_20g,,,,,,True,split seed 202; operational folder taxonomy kept verbatim (naming caveat M2 not remapped)
methodology_v2.part2.v1,2,MAFAULDA,validation,mafaulda_underhang_ball_fault_20g_38.5024,mafaulda_underhang_ball_fault_20g,underhang/ball_fault,RollingElement,fault_configuration,data/raw_mafaulda/full/underhang/ball_fault/20g/38.5024.csv,50000,2310.144,added_mass_20g,bearing_ball_fault,added_mass_20g,underhang,,mafaulda_underhang_ball_fault_20g,,,,,,True,split seed 202; operational folder taxonomy kept verbatim (naming caveat M2 not remapped)
methodology_v2.part2.v1,2,MAFAULDA,validation,mafaulda_underhang_ball_fault_20g_39.5264,mafaulda_underhang_ball_fault_20g,underhang/ball_fault,RollingElement,fault_configuration,data/raw_mafaulda/full/underhang/ball_fault/20g/39.5264.csv,50000,2371.5840000000003,added_mass_20g,bearing_ball_fault,added_mass_20g,underhang,,mafaulda_underhang_ball_fault_20g,,,,,,True,split seed 202; operational folder taxonomy kept verbatim (naming caveat M2 not remapped)
methodology_v2.part2.v1,2,MAFAULDA,validation,mafaulda_underhang_ball_fault_20g_40.1408,mafaulda_underhang_ball_fault_20g,underhang/ball_fault,RollingElement,fault_configuration,data/raw_mafaulda/full/underhang/ball_fault/20g/40.1408.csv,50000,2408.448,added_mass_20g,bearing_ball_fault,added_mass_20g,underhang,,mafaulda_underhang_ball_fault_20g,,,,,,True,split seed 202; operational folder taxonomy kept verbatim (naming caveat M2 not remapped)
methodology_v2.part2.v1,2,MAFAULDA,validation,mafaulda_underhang_ball_fault_20g_41.1648,mafaulda_underhang_ball_fault_20g,underhang/ball_fault,RollingElement,fault_configuration,data/raw_mafaulda/full/underhang/ball_fault/20g/41.1648.csv,50000,2469.888,added_mass_20g,bearing_ball_fault,added_mass_20g,underhang,,mafaulda_underhang_ball_fault_20g,,,,,,True,split seed 202; operational folder taxonomy kept verbatim (naming caveat M2 not remapped)
methodology_v2.part2.v1,2,MAFAULDA,validation,mafaulda_underhang_ball_fault_20g_42.5984,mafaulda_underhang_ball_fault_20g,underhang/ball_fault,RollingElement,fault_configuration,data/raw_mafaulda/full/underhang/ball_fault/20g/42.5984.csv,50000,2555.904,added_mass_20g,bearing_ball_fault,added_mass_20g,underhang,,mafaulda_underhang_ball_fault_20g,,,,,,True,split seed 202; operational folder taxonomy kept verbatim (naming caveat M2 not remapped)
methodology_v2.part2.v1,2,MAFAULDA,validation,mafaulda_underhang_ball_fault_20g_43.6224,mafaulda_underhang_ball_fault_20g,underhang/ball_fault,RollingElement,fault_configuration,data/raw_mafaulda/full/underhang/ball_fault/20g/43.6224.csv,50000,2617.344,added_mass_20g,bearing_ball_fault,added_mass_20g,underhang,,mafaulda_underhang_ball_fault_20g,,,,,,True,split seed 202; operational folder taxonomy kept verbatim (naming caveat M2 not remapped)
methodology_v2.part2.v1,2,MAFAULDA,validation,mafaulda_underhang_ball_fault_20g_44.4416,mafaulda_underhang_ball_fault_20g,underhang/ball_fault,RollingElement,fault_configuration,data/raw_mafaulda/full/underhang/ball_fault/20g/44.4416.csv,50000,2666.496,added_mass_20g,bearing_ball_fault,added_mass_20g,underhang,,mafaulda_underhang_ball_fault_20g,,,,,,True,split seed 202; operational folder taxonomy kept verbatim (naming caveat M2 not remapped)
methodology_v2.part2.v1,2,MAFAULDA,validation,mafaulda_underhang_ball_fault_20g_45.4656,mafaulda_underhang_ball_fault_20g,underhang/ball_fault,RollingElement,fault_configuration,data/raw_mafaulda/full/underhang/ball_fault/20g/45.4656.csv,50000,2727.936,added_mass_20g,bearing_ball_fault,added_mass_20g,underhang,,mafaulda_underhang_ball_fault_20g,,,,,,True,split seed 202; operational folder taxonomy kept verbatim (naming caveat M2 not remapped)
methodology_v2.part2.v1,2,MAFAULDA,validation,mafaulda_underhang_ball_fault_20g_46.6944,mafaulda_underhang_ball_fault_20g,underhang/ball_fault,RollingElement,fault_configuration,data/raw_mafaulda/full/underhang/ball_fault/20g/46.6944.csv,50000,2801.664,added_mass_20g,bearing_ball_fault,added_mass_20g,underhang,,mafaulda_underhang_ball_fault_20g,,,,,,True,split seed 202; operational folder taxonomy kept verbatim (naming caveat M2 not remapped)
methodology_v2.part2.v1,2,MAFAULDA,validation,mafaulda_underhang_ball_fault_20g_47.7184,mafaulda_underhang_ball_fault_20g,underhang/ball_fault,RollingElement,fault_configuration,data/raw_mafaulda/full/underhang/ball_fault/20g/47.7184.csv,50000,2863.1040000000003,added_mass_20g,bearing_ball_fault,added_mass_20g,underhang,,mafaulda_underhang_ball_fault_20g,,,,,,True,split seed 202; operational folder taxonomy kept verbatim (naming caveat M2 not remapped)
methodology_v2.part2.v1,2,MAFAULDA,validation,mafaulda_underhang_ball_fault_20g_48.3328,mafaulda_underhang_ball_fault_20g,underhang/ball_fault,RollingElement,fault_configuration,data/raw_mafaulda/full/underhang/ball_fault/20g/48.3328.csv,50000,2899.968,added_mass_20g,bearing_ball_fault,added_mass_20g,underhang,,mafaulda_underhang_ball_fault_20g,,,,,,True,split seed 202; operational folder taxonomy kept verbatim (naming caveat M2 not remapped)
methodology_v2.part2.v1,2,MAFAULDA,validation,mafaulda_underhang_ball_fault_20g_49.3568,mafaulda_underhang_ball_fault_20g,underhang/ball_fault,RollingElement,fault_configuration,data/raw_mafaulda/full/underhang/ball_fault/20g/49.3568.csv,50000,2961.408,added_mass_20g,bearing_ball_fault,added_mass_20g,underhang,,mafaulda_underhang_ball_fault_20g,,,,,,True,split seed 202; operational folder taxonomy kept verbatim (naming caveat M2 not remapped)
methodology_v2.part2.v1,2,MAFAULDA,validation,mafaulda_underhang_ball_fault_20g_50.5856,mafaulda_underhang_ball_fault_20g,underhang/ball_fault,RollingElement,fault_configuration,data/raw_mafaulda/full/underhang/ball_fault/20g/50.5856.csv,50000,3035.136,added_mass_20g,bearing_ball_fault,added_mass_20g,underhang,,mafaulda_underhang_ball_fault_20g,,,,,,True,split seed 202; operational folder taxonomy kept verbatim (naming caveat M2 not remapped)
methodology_v2.part2.v1,2,MAFAULDA,validation,mafaulda_underhang_ball_fault_20g_52.0192,mafaulda_underhang_ball_fault_20g,underhang/ball_fault,RollingElement,fault_configuration,data/raw_mafaulda/full/underhang/ball_fault/20g/52.0192.csv,50000,3121.152,added_mass_20g,bearing_ball_fault,added_mass_20g,underhang,,mafaulda_underhang_ball_fault_20g,,,,,,True,split seed 202; operational folder taxonomy kept verbatim (naming caveat M2 not remapped)
methodology_v2.part2.v1,2,MAFAULDA,validation,mafaulda_underhang_ball_fault_20g_52.6336,mafaulda_underhang_ball_fault_20g,underhang/ball_fault,RollingElement,fault_configuration,data/raw_mafaulda/full/underhang/ball_fault/20g/52.6336.csv,50000,3158.016,added_mass_20g,bearing_ball_fault,added_mass_20g,underhang,,mafaulda_underhang_ball_fault_20g,,,,,,True,split seed 202; operational folder taxonomy kept verbatim (naming caveat M2 not remapped)
methodology_v2.part2.v1,2,MAFAULDA,validation,mafaulda_underhang_ball_fault_20g_53.0432,mafaulda_underhang_ball_fault_20g,underhang/ball_fault,RollingElement,fault_configuration,data/raw_mafaulda/full/underhang/ball_fault/20g/53.0432.csv,50000,3182.592,added_mass_20g,bearing_ball_fault,added_mass_20g,underhang,,mafaulda_underhang_ball_fault_20g,,,,,,True,split seed 202; operational folder taxonomy kept verbatim (naming caveat M2 not remapped)
methodology_v2.part2.v1,2,MAFAULDA,validation,mafaulda_underhang_ball_fault_20g_54.4768,mafaulda_underhang_ball_fault_20g,underhang/ball_fault,RollingElement,fault_configuration,data/raw_mafaulda/full/underhang/ball_fault/20g/54.4768.csv,50000,3268.608,added_mass_20g,bearing_ball_fault,added_mass_20g,underhang,,mafaulda_underhang_ball_fault_20g,,,,,,True,split seed 202; operational folder taxonomy kept verbatim (naming caveat M2 not remapped)
methodology_v2.part2.v1,2,MAFAULDA,validation,mafaulda_underhang_ball_fault_20g_55.0912,mafaulda_underhang_ball_fault_20g,underhang/ball_fault,RollingElement,fault_configuration,data/raw_mafaulda/full/underhang/ball_fault/20g/55.0912.csv,50000,3305.472,added_mass_20g,bearing_ball_fault,added_mass_20g,underhang,,mafaulda_underhang_ball_fault_20g,,,,,,True,split seed 202; operational folder taxonomy kept verbatim (naming caveat M2 not remapped)
methodology_v2.part2.v1,2,MAFAULDA,validation,mafaulda_underhang_ball_fault_20g_56.1152,mafaulda_underhang_ball_fault_20g,underhang/ball_fault,RollingElement,fault_configuration,data/raw_mafaulda/full/underhang/ball_fault/20g/56.1152.csv,50000,3366.9120000000003,added_mass_20g,bearing_ball_fault,added_mass_20g,underhang,,mafaulda_underhang_ball_fault_20g,,,,,,True,split seed 202; operational folder taxonomy kept verbatim (naming caveat M2 not remapped)
methodology_v2.part2.v1,2,MAFAULDA,validation,mafaulda_underhang_ball_fault_20g_57.344,mafaulda_underhang_ball_fault_20g,underhang/ball_fault,RollingElement,fault_configuration,data/raw_mafaulda/full/underhang/ball_fault/20g/57.344.csv,50000,3440.64,added_mass_20g,bearing_ball_fault,added_mass_20g,underhang,,mafaulda_underhang_ball_fault_20g,,,,,,True,split seed 202; operational folder taxonomy kept verbatim (naming caveat M2 not remapped)
methodology_v2.part2.v1,2,MAFAULDA,validation,mafaulda_underhang_ball_fault_20g_58.7776,mafaulda_underhang_ball_fault_20g,underhang/ball_fault,RollingElement,fault_configuration,data/raw_mafaulda/full/underhang/ball_fault/20g/58.7776.csv,50000,3526.656,added_mass_20g,bearing_ball_fault,added_mass_20g,underhang,,mafaulda_underhang_ball_fault_20g,,,,,,True,split seed 202; operational folder taxonomy kept verbatim (naming caveat M2 not remapped)
methodology_v2.part2.v1,2,MAFAULDA,validation,mafaulda_underhang_ball_fault_20g_59.8016,mafaulda_underhang_ball_fault_20g,underhang/ball_fault,RollingElement,fault_configuration,data/raw_mafaulda/full/underhang/ball_fault/20g/59.8016.csv,50000,3588.096,added_mass_20g,bearing_ball_fault,added_mass_20g,underhang,,mafaulda_underhang_ball_fault_20g,,,,,,True,split seed 202; operational folder taxonomy kept verbatim (naming caveat M2 not remapped)
methodology_v2.part2.v1,2,MAFAULDA,validation,mafaulda_underhang_ball_fault_20g_60.8256,mafaulda_underhang_ball_fault_20g,underhang/ball_fault,RollingElement,fault_configuration,data/raw_mafaulda/full/underhang/ball_fault/20g/60.8256.csv,50000,3649.536,added_mass_20g,bearing_ball_fault,added_mass_20g,underhang,,mafaulda_underhang_ball_fault_20g,,,,,,True,split seed 202; operational folder taxonomy kept verbatim (naming caveat M2 not remapped)
methodology_v2.part2.v1,2,MAFAULDA,validation,mafaulda_underhang_ball_fault_20g_61.8496,mafaulda_underhang_ball_fault_20g,underhang/ball_fault,RollingElement,fault_configuration,data/raw_mafaulda/full/underhang/ball_fault/20g/61.8496.csv,50000,3710.976,added_mass_20g,bearing_ball_fault,added_mass_20g,underhang,,mafaulda_underhang_ball_fault_20g,,,,,,True,split seed 202; operational folder taxonomy kept verbatim (naming caveat M2 not remapped)
methodology_v2.part2.v1,2,MAFAULDA,test,mafaulda_underhang_ball_fault_35g_13.7216,mafaulda_underhang_ball_fault_35g,underhang/ball_fault,RollingElement,fault_configuration,data/raw_mafaulda/full/underhang/ball_fault/35g/13.7216.csv,50000,823.296,added_mass_35g,bearing_ball_fault,added_mass_35g,underhang,,mafaulda_underhang_ball_fault_35g,,,,,,True,split seed 202; operational folder taxonomy kept verbatim (naming caveat M2 not remapped)
methodology_v2.part2.v1,2,MAFAULDA,test,mafaulda_underhang_ball_fault_35g_14.7456,mafaulda_underhang_ball_fault_35g,underhang/ball_fault,RollingElement,fault_configuration,data/raw_mafaulda/full/underhang/ball_fault/35g/14.7456.csv,50000,884.736,added_mass_35g,bearing_ball_fault,added_mass_35g,underhang,,mafaulda_underhang_ball_fault_35g,,,,,,True,split seed 202; operational folder taxonomy kept verbatim (naming caveat M2 not remapped)
methodology_v2.part2.v1,2,MAFAULDA,test,mafaulda_underhang_ball_fault_35g_15.36,mafaulda_underhang_ball_fault_35g,underhang/ball_fault,RollingElement,fault_configuration,data/raw_mafaulda/full/underhang/ball_fault/35g/15.36.csv,50000,921.6,added_mass_35g,bearing_ball_fault,added_mass_35g,underhang,,mafaulda_underhang_ball_fault_35g,,,,,,True,split seed 202; operational folder taxonomy kept verbatim (naming caveat M2 not remapped)
methodology_v2.part2.v1,2,MAFAULDA,test,mafaulda_underhang_ball_fault_35g_16.1792,mafaulda_underhang_ball_fault_35g,underhang/ball_fault,RollingElement,fault_configuration,data/raw_mafaulda/full/underhang/ball_fault/35g/16.1792.csv,50000,970.752,added_mass_35g,bearing_ball_fault,added_mass_35g,underhang,,mafaulda_underhang_ball_fault_35g,,,,,,True,split seed 202; operational folder taxonomy kept verbatim (naming caveat M2 not remapped)
methodology_v2.part2.v1,2,MAFAULDA,test,mafaulda_underhang_ball_fault_35g_17.408,mafaulda_underhang_ball_fault_35g,underhang/ball_fault,RollingElement,fault_configuration,data/raw_mafaulda/full/underhang/ball_fault/35g/17.408.csv,50000,1044.48,added_mass_35g,bearing_ball_fault,added_mass_35g,underhang,,mafaulda_underhang_ball_fault_35g,,,,,,True,split seed 202; operational folder taxonomy kept verbatim (naming caveat M2 not remapped)
methodology_v2.part2.v1,2,MAFAULDA,test,mafaulda_underhang_ball_fault_35g_18.6368,mafaulda_underhang_ball_fault_35g,underhang/ball_fault,RollingElement,fault_configuration,data/raw_mafaulda/full/underhang/ball_fault/35g/18.6368.csv,50000,1118.208,added_mass_35g,bearing_ball_fault,added_mass_35g,underhang,,mafaulda_underhang_ball_fault_35g,,,,,,True,split seed 202; operational folder taxonomy kept verbatim (naming caveat M2 not remapped)
methodology_v2.part2.v1,2,MAFAULDA,test,mafaulda_underhang_ball_fault_35g_19.456,mafaulda_underhang_ball_fault_35g,underhang/ball_fault,RollingElement,fault_configuration,data/raw_mafaulda/full/underhang/ball_fault/35g/19.456.csv,50000,1167.36,added_mass_35g,bearing_ball_fault,added_mass_35g,underhang,,mafaulda_underhang_ball_fault_35g,,,,,,True,split seed 202; operational folder taxonomy kept verbatim (naming caveat M2 not remapped)
methodology_v2.part2.v1,2,MAFAULDA,test,mafaulda_underhang_ball_fault_35g_20.48,mafaulda_underhang_ball_fault_35g,underhang/ball_fault,RollingElement,fault_configuration,data/raw_mafaulda/full/underhang/ball_fault/35g/20.48.csv,50000,1228.8,added_mass_35g,bearing_ball_fault,added_mass_35g,underhang,,mafaulda_underhang_ball_fault_35g,,,,,,True,split seed 202; operational folder taxonomy kept verbatim (naming caveat M2 not remapped)
methodology_v2.part2.v1,2,MAFAULDA,test,mafaulda_underhang_ball_fault_35g_21.7088,mafaulda_underhang_ball_fault_35g,underhang/ball_fault,RollingElement,fault_configuration,data/raw_mafaulda/full/underhang/ball_fault/35g/21.7088.csv,50000,1302.528,added_mass_35g,bearing_ball_fault,added_mass_35g,underhang,,mafaulda_underhang_ball_fault_35g,,,,,,True,split seed 202; operational folder taxonomy kept verbatim (naming caveat M2 not remapped)
methodology_v2.part2.v1,2,MAFAULDA,test,mafaulda_underhang_ball_fault_35g_22.3232,mafaulda_underhang_ball_fault_35g,underhang/ball_fault,RollingElement,fault_configuration,data/raw_mafaulda/full/underhang/ball_fault/35g/22.3232.csv,50000,1339.392,added_mass_35g,bearing_ball_fault,added_mass_35g,underhang,,mafaulda_underhang_ball_fault_35g,,,,,,True,split seed 202; operational folder taxonomy kept verbatim (naming caveat M2 not remapped)
methodology_v2.part2.v1,2,MAFAULDA,test,mafaulda_underhang_ball_fault_35g_23.7568,mafaulda_underhang_ball_fault_35g,underhang/ball_fault,RollingElement,fault_configuration,data/raw_mafaulda/full/underhang/ball_fault/35g/23.7568.csv,50000,1425.408,added_mass_35g,bearing_ball_fault,added_mass_35g,underhang,,mafaulda_underhang_ball_fault_35g,,,,,,True,split seed 202; operational folder taxonomy kept verbatim (naming caveat M2 not remapped)
methodology_v2.part2.v1,2,MAFAULDA,test,mafaulda_underhang_ball_fault_35g_24.1664,mafaulda_underhang_ball_fault_35g,underhang/ball_fault,RollingElement,fault_configuration,data/raw_mafaulda/full/underhang/ball_fault/35g/24.1664.csv,50000,1449.984,added_mass_35g,bearing_ball_fault,added_mass_35g,underhang,,mafaulda_underhang_ball_fault_35g,,,,,,True,split seed 202; operational folder taxonomy kept verbatim (naming caveat M2 not remapped)
methodology_v2.part2.v1,2,MAFAULDA,test,mafaulda_underhang_ball_fault_35g_25.1904,mafaulda_underhang_ball_fault_35g,underhang/ball_fault,RollingElement,fault_configuration,data/raw_mafaulda/full/underhang/ball_fault/35g/25.1904.csv,50000,1511.424,added_mass_35g,bearing_ball_fault,added_mass_35g,underhang,,mafaulda_underhang_ball_fault_35g,,,,,,True,split seed 202; operational folder taxonomy kept verbatim (naming caveat M2 not remapped)
methodology_v2.part2.v1,2,MAFAULDA,test,mafaulda_underhang_ball_fault_35g_26.2144,mafaulda_underhang_ball_fault_35g,underhang/ball_fault,RollingElement,fault_configuration,data/raw_mafaulda/full/underhang/ball_fault/35g/26.2144.csv,50000,1572.864,added_mass_35g,bearing_ball_fault,added_mass_35g,underhang,,mafaulda_underhang_ball_fault_35g,,,,,,True,split seed 202; operational folder taxonomy kept verbatim (naming caveat M2 not remapped)
methodology_v2.part2.v1,2,MAFAULDA,test,mafaulda_underhang_ball_fault_35g_27.2384,mafaulda_underhang_ball_fault_35g,underhang/ball_fault,RollingElement,fault_configuration,data/raw_mafaulda/full/underhang/ball_fault/35g/27.2384.csv,50000,1634.304,added_mass_35g,bearing_ball_fault,added_mass_35g,underhang,,mafaulda_underhang_ball_fault_35g,,,,,,True,split seed 202; operational folder taxonomy kept verbatim (naming caveat M2 not remapped)
methodology_v2.part2.v1,2,MAFAULDA,test,mafaulda_underhang_ball_fault_35g_28.4672,mafaulda_underhang_ball_fault_35g,underhang/ball_fault,RollingElement,fault_configuration,data/raw_mafaulda/full/underhang/ball_fault/35g/28.4672.csv,50000,1708.032,added_mass_35g,bearing_ball_fault,added_mass_35g,underhang,,mafaulda_underhang_ball_fault_35g,,,,,,True,split seed 202; operational folder taxonomy kept verbatim (naming caveat M2 not remapped)
methodology_v2.part2.v1,2,MAFAULDA,test,mafaulda_underhang_ball_fault_35g_29.696,mafaulda_underhang_ball_fault_35g,underhang/ball_fault,RollingElement,fault_configuration,data/raw_mafaulda/full/underhang/ball_fault/35g/29.696.csv,50000,1781.76,added_mass_35g,bearing_ball_fault,added_mass_35g,underhang,,mafaulda_underhang_ball_fault_35g,,,,,,True,split seed 202; operational folder taxonomy kept verbatim (naming caveat M2 not remapped)
methodology_v2.part2.v1,2,MAFAULDA,test,mafaulda_underhang_ball_fault_35g_30.5152,mafaulda_underhang_ball_fault_35g,underhang/ball_fault,RollingElement,fault_configuration,data/raw_mafaulda/full/underhang/ball_fault/35g/30.5152.csv,50000,1830.912,added_mass_35g,bearing_ball_fault,added_mass_35g,underhang,,mafaulda_underhang_ball_fault_35g,,,,,,True,split seed 202; operational folder taxonomy kept verbatim (naming caveat M2 not remapped)
methodology_v2.part2.v1,2,MAFAULDA,test,mafaulda_underhang_ball_fault_35g_30.9248,mafaulda_underhang_ball_fault_35g,underhang/ball_fault,RollingElement,fault_configuration,data/raw_mafaulda/full/underhang/ball_fault/35g/30.9248.csv,50000,1855.488,added_mass_35g,bearing_ball_fault,added_mass_35g,underhang,,mafaulda_underhang_ball_fault_35g,,,,,,True,split seed 202; operational folder taxonomy kept verbatim (naming caveat M2 not remapped)
methodology_v2.part2.v1,2,MAFAULDA,test,mafaulda_underhang_ball_fault_35g_31.9488,mafaulda_underhang_ball_fault_35g,underhang/ball_fault,RollingElement,fault_configuration,data/raw_mafaulda/full/underhang/ball_fault/35g/31.9488.csv,50000,1916.928,added_mass_35g,bearing_ball_fault,added_mass_35g,underhang,,mafaulda_underhang_ball_fault_35g,,,,,,True,split seed 202; operational folder taxonomy kept verbatim (naming caveat M2 not remapped)
methodology_v2.part2.v1,2,MAFAULDA,test,mafaulda_underhang_ball_fault_35g_32.9728,mafaulda_underhang_ball_fault_35g,underhang/ball_fault,RollingElement,fault_configuration,data/raw_mafaulda/full/underhang/ball_fault/35g/32.9728.csv,50000,1978.368,added_mass_35g,bearing_ball_fault,added_mass_35g,underhang,,mafaulda_underhang_ball_fault_35g,,,,,,True,split seed 202; operational folder taxonomy kept verbatim (naming caveat M2 not remapped)
methodology_v2.part2.v1,2,MAFAULDA,test,mafaulda_underhang_ball_fault_35g_34.4064,mafaulda_underhang_ball_fault_35g,underhang/ball_fault,RollingElement,fault_configuration,data/raw_mafaulda/full/underhang/ball_fault/35g/34.4064.csv,50000,2064.384,added_mass_35g,bearing_ball_fault,added_mass_35g,underhang,,mafaulda_underhang_ball_fault_35g,,,,,,True,split seed 202; operational folder taxonomy kept verbatim (naming caveat M2 not remapped)
methodology_v2.part2.v1,2,MAFAULDA,test,mafaulda_underhang_ball_fault_35g_35.4304,mafaulda_underhang_ball_fault_35g,underhang/ball_fault,RollingElement,fault_configuration,data/raw_mafaulda/full/underhang/ball_fault/35g/35.4304.csv,50000,2125.824,added_mass_35g,bearing_ball_fault,added_mass_35g,underhang,,mafaulda_underhang_ball_fault_35g,,,,,,True,split seed 202; operational folder taxonomy kept verbatim (naming caveat M2 not remapped)
methodology_v2.part2.v1,2,MAFAULDA,test,mafaulda_underhang_ball_fault_35g_36.6592,mafaulda_underhang_ball_fault_35g,underhang/ball_fault,RollingElement,fault_configuration,data/raw_mafaulda/full/underhang/ball_fault/35g/36.6592.csv,50000,2199.552,added_mass_35g,bearing_ball_fault,added_mass_35g,underhang,,mafaulda_underhang_ball_fault_35g,,,,,,True,split seed 202; operational folder taxonomy kept verbatim (naming caveat M2 not remapped)
methodology_v2.part2.v1,2,MAFAULDA,test,mafaulda_underhang_ball_fault_35g_37.888,mafaulda_underhang_ball_fault_35g,underhang/ball_fault,RollingElement,fault_configuration,data/raw_mafaulda/full/underhang/ball_fault/35g/37.888.csv,50000,2273.28,added_mass_35g,bearing_ball_fault,added_mass_35g,underhang,,mafaulda_underhang_ball_fault_35g,,,,,,True,split seed 202; operational folder taxonomy kept verbatim (naming caveat M2 not remapped)
methodology_v2.part2.v1,2,MAFAULDA,test,mafaulda_underhang_ball_fault_35g_38.5024,mafaulda_underhang_ball_fault_35g,underhang/ball_fault,RollingElement,fault_configuration,data/raw_mafaulda/full/underhang/ball_fault/35g/38.5024.csv,50000,2310.144,added_mass_35g,bearing_ball_fault,added_mass_35g,underhang,,mafaulda_underhang_ball_fault_35g,,,,,,True,split seed 202; operational folder taxonomy kept verbatim (naming caveat M2 not remapped)
methodology_v2.part2.v1,2,MAFAULDA,test,mafaulda_underhang_ball_fault_35g_39.3216,mafaulda_underhang_ball_fault_35g,underhang/ball_fault,RollingElement,fault_configuration,data/raw_mafaulda/full/underhang/ball_fault/35g/39.3216.csv,50000,2359.296,added_mass_35g,bearing_ball_fault,added_mass_35g,underhang,,mafaulda_underhang_ball_fault_35g,,,,,,True,split seed 202; operational folder taxonomy kept verbatim (naming caveat M2 not remapped)
methodology_v2.part2.v1,2,MAFAULDA,test,mafaulda_underhang_ball_fault_35g_40.5504,mafaulda_underhang_ball_fault_35g,underhang/ball_fault,RollingElement,fault_configuration,data/raw_mafaulda/full/underhang/ball_fault/35g/40.5504.csv,50000,2433.0240000000003,added_mass_35g,bearing_ball_fault,added_mass_35g,underhang,,mafaulda_underhang_ball_fault_35g,,,,,,True,split seed 202; operational folder taxonomy kept verbatim (naming caveat M2 not remapped)
methodology_v2.part2.v1,2,MAFAULDA,test,mafaulda_underhang_ball_fault_35g_41.1648,mafaulda_underhang_ball_fault_35g,underhang/ball_fault,RollingElement,fault_configuration,data/raw_mafaulda/full/underhang/ball_fault/35g/41.1648.csv,50000,2469.888,added_mass_35g,bearing_ball_fault,added_mass_35g,underhang,,mafaulda_underhang_ball_fault_35g,,,,,,True,split seed 202; operational folder taxonomy kept verbatim (naming caveat M2 not remapped)
methodology_v2.part2.v1,2,MAFAULDA,test,mafaulda_underhang_ball_fault_35g_42.1888,mafaulda_underhang_ball_fault_35g,underhang/ball_fault,RollingElement,fault_configuration,data/raw_mafaulda/full/underhang/ball_fault/35g/42.1888.csv,50000,2531.328,added_mass_35g,bearing_ball_fault,added_mass_35g,underhang,,mafaulda_underhang_ball_fault_35g,,,,,,True,split seed 202; operational folder taxonomy kept verbatim (naming caveat M2 not remapped)
methodology_v2.part2.v1,2,MAFAULDA,test,mafaulda_underhang_ball_fault_35g_43.8272,mafaulda_underhang_ball_fault_35g,underhang/ball_fault,RollingElement,fault_configuration,data/raw_mafaulda/full/underhang/ball_fault/35g/43.8272.csv,50000,2629.632,added_mass_35g,bearing_ball_fault,added_mass_35g,underhang,,mafaulda_underhang_ball_fault_35g,,,,,,True,split seed 202; operational folder taxonomy kept verbatim (naming caveat M2 not remapped)
methodology_v2.part2.v1,2,MAFAULDA,test,mafaulda_underhang_ball_fault_35g_44.8512,mafaulda_underhang_ball_fault_35g,underhang/ball_fault,RollingElement,fault_configuration,data/raw_mafaulda/full/underhang/ball_fault/35g/44.8512.csv,50000,2691.072,added_mass_35g,bearing_ball_fault,added_mass_35g,underhang,,mafaulda_underhang_ball_fault_35g,,,,,,True,split seed 202; operational folder taxonomy kept verbatim (naming caveat M2 not remapped)
methodology_v2.part2.v1,2,MAFAULDA,test,mafaulda_underhang_ball_fault_35g_45.8752,mafaulda_underhang_ball_fault_35g,underhang/ball_fault,RollingElement,fault_configuration,data/raw_mafaulda/full/underhang/ball_fault/35g/45.8752.csv,50000,2752.512,added_mass_35g,bearing_ball_fault,added_mass_35g,underhang,,mafaulda_underhang_ball_fault_35g,,,,,,True,split seed 202; operational folder taxonomy kept verbatim (naming caveat M2 not remapped)
methodology_v2.part2.v1,2,MAFAULDA,test,mafaulda_underhang_ball_fault_35g_46.4896,mafaulda_underhang_ball_fault_35g,underhang/ball_fault,RollingElement,fault_configuration,data/raw_mafaulda/full/underhang/ball_fault/35g/46.4896.csv,50000,2789.376,added_mass_35g,bearing_ball_fault,added_mass_35g,underhang,,mafaulda_underhang_ball_fault_35g,,,,,,True,split seed 202; operational folder taxonomy kept verbatim (naming caveat M2 not remapped)
methodology_v2.part2.v1,2,MAFAULDA,test,mafaulda_underhang_ball_fault_35g_47.5136,mafaulda_underhang_ball_fault_35g,underhang/ball_fault,RollingElement,fault_configuration,data/raw_mafaulda/full/underhang/ball_fault/35g/47.5136.csv,50000,2850.816,added_mass_35g,bearing_ball_fault,added_mass_35g,underhang,,mafaulda_underhang_ball_fault_35g,,,,,,True,split seed 202; operational folder taxonomy kept verbatim (naming caveat M2 not remapped)
methodology_v2.part2.v1,2,MAFAULDA,test,mafaulda_underhang_ball_fault_35g_48.5376,mafaulda_underhang_ball_fault_35g,underhang/ball_fault,RollingElement,fault_configuration,data/raw_mafaulda/full/underhang/ball_fault/35g/48.5376.csv,50000,2912.256,added_mass_35g,bearing_ball_fault,added_mass_35g,underhang,,mafaulda_underhang_ball_fault_35g,,,,,,True,split seed 202; operational folder taxonomy kept verbatim (naming caveat M2 not remapped)
methodology_v2.part2.v1,2,MAFAULDA,test,mafaulda_underhang_ball_fault_35g_49.7664,mafaulda_underhang_ball_fault_35g,underhang/ball_fault,RollingElement,fault_configuration,data/raw_mafaulda/full/underhang/ball_fault/35g/49.7664.csv,50000,2985.984,added_mass_35g,bearing_ball_fault,added_mass_35g,underhang,,mafaulda_underhang_ball_fault_35g,,,,,,True,split seed 202; operational folder taxonomy kept verbatim (naming caveat M2 not remapped)
methodology_v2.part2.v1,2,MAFAULDA,test,mafaulda_underhang_ball_fault_35g_50.7904,mafaulda_underhang_ball_fault_35g,underhang/ball_fault,RollingElement,fault_configuration,data/raw_mafaulda/full/underhang/ball_fault/35g/50.7904.csv,50000,3047.424,added_mass_35g,bearing_ball_fault,added_mass_35g,underhang,,mafaulda_underhang_ball_fault_35g,,,,,,True,split seed 202; operational folder taxonomy kept verbatim (naming caveat M2 not remapped)
methodology_v2.part2.v1,2,MAFAULDA,train,mafaulda_underhang_ball_fault_6g_13.1072,mafaulda_underhang_ball_fault_6g,underhang/ball_fault,RollingElement,fault_configuration,data/raw_mafaulda/full/underhang/ball_fault/6g/13.1072.csv,50000,786.432,added_mass_6g,bearing_ball_fault,added_mass_6g,underhang,,mafaulda_underhang_ball_fault_6g,,,,,,True,split seed 202; operational folder taxonomy kept verbatim (naming caveat M2 not remapped)
methodology_v2.part2.v1,2,MAFAULDA,train,mafaulda_underhang_ball_fault_6g_14.336,mafaulda_underhang_ball_fault_6g,underhang/ball_fault,RollingElement,fault_configuration,data/raw_mafaulda/full/underhang/ball_fault/6g/14.336.csv,50000,860.16,added_mass_6g,bearing_ball_fault,added_mass_6g,underhang,,mafaulda_underhang_ball_fault_6g,,,,,,True,split seed 202; operational folder taxonomy kept verbatim (naming caveat M2 not remapped)
methodology_v2.part2.v1,2,MAFAULDA,train,mafaulda_underhang_ball_fault_6g_15.1552,mafaulda_underhang_ball_fault_6g,underhang/ball_fault,RollingElement,fault_configuration,data/raw_mafaulda/full/underhang/ball_fault/6g/15.1552.csv,50000,909.312,added_mass_6g,bearing_ball_fault,added_mass_6g,underhang,,mafaulda_underhang_ball_fault_6g,,,,,,True,split seed 202; operational folder taxonomy kept verbatim (naming caveat M2 not remapped)
methodology_v2.part2.v1,2,MAFAULDA,train,mafaulda_underhang_ball_fault_6g_15.9744,mafaulda_underhang_ball_fault_6g,underhang/ball_fault,RollingElement,fault_configuration,data/raw_mafaulda/full/underhang/ball_fault/6g/15.9744.csv,50000,958.464,added_mass_6g,bearing_ball_fault,added_mass_6g,underhang,,mafaulda_underhang_ball_fault_6g,,,,,,True,split seed 202; operational folder taxonomy kept verbatim (naming caveat M2 not remapped)
methodology_v2.part2.v1,2,MAFAULDA,train,mafaulda_underhang_ball_fault_6g_17.2032,mafaulda_underhang_ball_fault_6g,underhang/ball_fault,RollingElement,fault_configuration,data/raw_mafaulda/full/underhang/ball_fault/6g/17.2032.csv,50000,1032.192,added_mass_6g,bearing_ball_fault,added_mass_6g,underhang,,mafaulda_underhang_ball_fault_6g,,,,,,True,split seed 202; operational folder taxonomy kept verbatim (naming caveat M2 not remapped)
methodology_v2.part2.v1,2,MAFAULDA,train,mafaulda_underhang_ball_fault_6g_18.432,mafaulda_underhang_ball_fault_6g,underhang/ball_fault,RollingElement,fault_configuration,data/raw_mafaulda/full/underhang/ball_fault/6g/18.432.csv,50000,1105.9199999999998,added_mass_6g,bearing_ball_fault,added_mass_6g,underhang,,mafaulda_underhang_ball_fault_6g,,,,,,True,split seed 202; operational folder taxonomy kept verbatim (naming caveat M2 not remapped)
methodology_v2.part2.v1,2,MAFAULDA,train,mafaulda_underhang_ball_fault_6g_19.6608,mafaulda_underhang_ball_fault_6g,underhang/ball_fault,RollingElement,fault_configuration,data/raw_mafaulda/full/underhang/ball_fault/6g/19.6608.csv,50000,1179.648,added_mass_6g,bearing_ball_fault,added_mass_6g,underhang,,mafaulda_underhang_ball_fault_6g,,,,,,True,split seed 202; operational folder taxonomy kept verbatim (naming caveat M2 not remapped)
methodology_v2.part2.v1,2,MAFAULDA,train,mafaulda_underhang_ball_fault_6g_20.2752,mafaulda_underhang_ball_fault_6g,underhang/ball_fault,RollingElement,fault_configuration,data/raw_mafaulda/full/underhang/ball_fault/6g/20.2752.csv,50000,1216.5120000000002,added_mass_6g,bearing_ball_fault,added_mass_6g,underhang,,mafaulda_underhang_ball_fault_6g,,,,,,True,split seed 202; operational folder taxonomy kept verbatim (naming caveat M2 not remapped)
methodology_v2.part2.v1,2,MAFAULDA,train,mafaulda_underhang_ball_fault_6g_21.0944,mafaulda_underhang_ball_fault_6g,underhang/ball_fault,RollingElement,fault_configuration,data/raw_mafaulda/full/underhang/ball_fault/6g/21.0944.csv,50000,1265.664,added_mass_6g,bearing_ball_fault,added_mass_6g,underhang,,mafaulda_underhang_ball_fault_6g,,,,,,True,split seed 202; operational folder taxonomy kept verbatim (naming caveat M2 not remapped)
methodology_v2.part2.v1,2,MAFAULDA,train,mafaulda_underhang_ball_fault_6g_22.7328,mafaulda_underhang_ball_fault_6g,underhang/ball_fault,RollingElement,fault_configuration,data/raw_mafaulda/full/underhang/ball_fault/6g/22.7328.csv,50000,1363.968,added_mass_6g,bearing_ball_fault,added_mass_6g,underhang,,mafaulda_underhang_ball_fault_6g,,,,,,True,split seed 202; operational folder taxonomy kept verbatim (naming caveat M2 not remapped)
methodology_v2.part2.v1,2,MAFAULDA,train,mafaulda_underhang_ball_fault_6g_23.552,mafaulda_underhang_ball_fault_6g,underhang/ball_fault,RollingElement,fault_configuration,data/raw_mafaulda/full/underhang/ball_fault/6g/23.552.csv,50000,1413.12,added_mass_6g,bearing_ball_fault,added_mass_6g,underhang,,mafaulda_underhang_ball_fault_6g,,,,,,True,split seed 202; operational folder taxonomy kept verbatim (naming caveat M2 not remapped)
methodology_v2.part2.v1,2,MAFAULDA,train,mafaulda_underhang_ball_fault_6g_24.3712,mafaulda_underhang_ball_fault_6g,underhang/ball_fault,RollingElement,fault_configuration,data/raw_mafaulda/full/underhang/ball_fault/6g/24.3712.csv,50000,1462.2720000000002,added_mass_6g,bearing_ball_fault,added_mass_6g,underhang,,mafaulda_underhang_ball_fault_6g,,,,,,True,split seed 202; operational folder taxonomy kept verbatim (naming caveat M2 not remapped)
methodology_v2.part2.v1,2,MAFAULDA,train,mafaulda_underhang_ball_fault_6g_25.3952,mafaulda_underhang_ball_fault_6g,underhang/ball_fault,RollingElement,fault_configuration,data/raw_mafaulda/full/underhang/ball_fault/6g/25.3952.csv,50000,1523.712,added_mass_6g,bearing_ball_fault,added_mass_6g,underhang,,mafaulda_underhang_ball_fault_6g,,,,,,True,split seed 202; operational folder taxonomy kept verbatim (naming caveat M2 not remapped)
methodology_v2.part2.v1,2,MAFAULDA,train,mafaulda_underhang_ball_fault_6g_26.8288,mafaulda_underhang_ball_fault_6g,underhang/ball_fault,RollingElement,fault_configuration,data/raw_mafaulda/full/underhang/ball_fault/6g/26.8288.csv,50000,1609.728,added_mass_6g,bearing_ball_fault,added_mass_6g,underhang,,mafaulda_underhang_ball_fault_6g,,,,,,True,split seed 202; operational folder taxonomy kept verbatim (naming caveat M2 not remapped)
methodology_v2.part2.v1,2,MAFAULDA,train,mafaulda_underhang_ball_fault_6g_27.2384,mafaulda_underhang_ball_fault_6g,underhang/ball_fault,RollingElement,fault_configuration,data/raw_mafaulda/full/underhang/ball_fault/6g/27.2384.csv,50000,1634.304,added_mass_6g,bearing_ball_fault,added_mass_6g,underhang,,mafaulda_underhang_ball_fault_6g,,,,,,True,split seed 202; operational folder taxonomy kept verbatim (naming caveat M2 not remapped)
methodology_v2.part2.v1,2,MAFAULDA,train,mafaulda_underhang_ball_fault_6g_28.2624,mafaulda_underhang_ball_fault_6g,underhang/ball_fault,RollingElement,fault_configuration,data/raw_mafaulda/full/underhang/ball_fault/6g/28.2624.csv,50000,1695.744,added_mass_6g,bearing_ball_fault,added_mass_6g,underhang,,mafaulda_underhang_ball_fault_6g,,,,,,True,split seed 202; operational folder taxonomy kept verbatim (naming caveat M2 not remapped)
methodology_v2.part2.v1,2,MAFAULDA,train,mafaulda_underhang_ball_fault_6g_29.4912,mafaulda_underhang_ball_fault_6g,underhang/ball_fault,RollingElement,fault_configuration,data/raw_mafaulda/full/underhang/ball_fault/6g/29.4912.csv,50000,1769.472,added_mass_6g,bearing_ball_fault,added_mass_6g,underhang,,mafaulda_underhang_ball_fault_6g,,,,,,True,split seed 202; operational folder taxonomy kept verbatim (naming caveat M2 not remapped)
methodology_v2.part2.v1,2,MAFAULDA,train,mafaulda_underhang_ball_fault_6g_30.3104,mafaulda_underhang_ball_fault_6g,underhang/ball_fault,RollingElement,fault_configuration,data/raw_mafaulda/full/underhang/ball_fault/6g/30.3104.csv,50000,1818.624,added_mass_6g,bearing_ball_fault,added_mass_6g,underhang,,mafaulda_underhang_ball_fault_6g,,,,,,True,split seed 202; operational folder taxonomy kept verbatim (naming caveat M2 not remapped)
methodology_v2.part2.v1,2,MAFAULDA,train,mafaulda_underhang_ball_fault_6g_31.1296,mafaulda_underhang_ball_fault_6g,underhang/ball_fault,RollingElement,fault_configuration,data/raw_mafaulda/full/underhang/ball_fault/6g/31.1296.csv,50000,1867.776,added_mass_6g,bearing_ball_fault,added_mass_6g,underhang,,mafaulda_underhang_ball_fault_6g,,,,,,True,split seed 202; operational folder taxonomy kept verbatim (naming caveat M2 not remapped)
methodology_v2.part2.v1,2,MAFAULDA,train,mafaulda_underhang_ball_fault_6g_32.5632,mafaulda_underhang_ball_fault_6g,underhang/ball_fault,RollingElement,fault_configuration,data/raw_mafaulda/full/underhang/ball_fault/6g/32.5632.csv,50000,1953.792,added_mass_6g,bearing_ball_fault,added_mass_6g,underhang,,mafaulda_underhang_ball_fault_6g,,,,,,True,split seed 202; operational folder taxonomy kept verbatim (naming caveat M2 not remapped)
methodology_v2.part2.v1,2,MAFAULDA,train,mafaulda_underhang_ball_fault_6g_33.3824,mafaulda_underhang_ball_fault_6g,underhang/ball_fault,RollingElement,fault_configuration,data/raw_mafaulda/full/underhang/ball_fault/6g/33.3824.csv,50000,2002.944,added_mass_6g,bearing_ball_fault,added_mass_6g,underhang,,mafaulda_underhang_ball_fault_6g,,,,,,True,split seed 202; operational folder taxonomy kept verbatim (naming caveat M2 not remapped)
methodology_v2.part2.v1,2,MAFAULDA,train,mafaulda_underhang_ball_fault_6g_34.6112,mafaulda_underhang_ball_fault_6g,underhang/ball_fault,RollingElement,fault_configuration,data/raw_mafaulda/full/underhang/ball_fault/6g/34.6112.csv,50000,2076.672,added_mass_6g,bearing_ball_fault,added_mass_6g,underhang,,mafaulda_underhang_ball_fault_6g,,,,,,True,split seed 202; operational folder taxonomy kept verbatim (naming caveat M2 not remapped)
methodology_v2.part2.v1,2,MAFAULDA,train,mafaulda_underhang_ball_fault_6g_35.0208,mafaulda_underhang_ball_fault_6g,underhang/ball_fault,RollingElement,fault_configuration,data/raw_mafaulda/full/underhang/ball_fault/6g/35.0208.csv,50000,2101.248,added_mass_6g,bearing_ball_fault,added_mass_6g,underhang,,mafaulda_underhang_ball_fault_6g,,,,,,True,split seed 202; operational folder taxonomy kept verbatim (naming caveat M2 not remapped)
methodology_v2.part2.v1,2,MAFAULDA,train,mafaulda_underhang_ball_fault_6g_36.0448,mafaulda_underhang_ball_fault_6g,underhang/ball_fault,RollingElement,fault_configuration,data/raw_mafaulda/full/underhang/ball_fault/6g/36.0448.csv,50000,2162.688,added_mass_6g,bearing_ball_fault,added_mass_6g,underhang,,mafaulda_underhang_ball_fault_6g,,,,,,True,split seed 202; operational folder taxonomy kept verbatim (naming caveat M2 not remapped)
methodology_v2.part2.v1,2,MAFAULDA,train,mafaulda_underhang_ball_fault_6g_37.2736,mafaulda_underhang_ball_fault_6g,underhang/ball_fault,RollingElement,fault_configuration,data/raw_mafaulda/full/underhang/ball_fault/6g/37.2736.csv,50000,2236.416,added_mass_6g,bearing_ball_fault,added_mass_6g,underhang,,mafaulda_underhang_ball_fault_6g,,,,,,True,split seed 202; operational folder taxonomy kept verbatim (naming caveat M2 not remapped)
methodology_v2.part2.v1,2,MAFAULDA,train,mafaulda_underhang_ball_fault_6g_38.7072,mafaulda_underhang_ball_fault_6g,underhang/ball_fault,RollingElement,fault_configuration,data/raw_mafaulda/full/underhang/ball_fault/6g/38.7072.csv,50000,2322.432,added_mass_6g,bearing_ball_fault,added_mass_6g,underhang,,mafaulda_underhang_ball_fault_6g,,,,,,True,split seed 202; operational folder taxonomy kept verbatim (naming caveat M2 not remapped)
methodology_v2.part2.v1,2,MAFAULDA,train,mafaulda_underhang_ball_fault_6g_39.7312,mafaulda_underhang_ball_fault_6g,underhang/ball_fault,RollingElement,fault_configuration,data/raw_mafaulda/full/underhang/ball_fault/6g/39.7312.csv,50000,2383.8720000000003,added_mass_6g,bearing_ball_fault,added_mass_6g,underhang,,mafaulda_underhang_ball_fault_6g,,,,,,True,split seed 202; operational folder taxonomy kept verbatim (naming caveat M2 not remapped)
methodology_v2.part2.v1,2,MAFAULDA,train,mafaulda_underhang_ball_fault_6g_40.3456,mafaulda_underhang_ball_fault_6g,underhang/ball_fault,RollingElement,fault_configuration,data/raw_mafaulda/full/underhang/ball_fault/6g/40.3456.csv,50000,2420.736,added_mass_6g,bearing_ball_fault,added_mass_6g,underhang,,mafaulda_underhang_ball_fault_6g,,,,,,True,split seed 202; operational folder taxonomy kept verbatim (naming caveat M2 not remapped)
methodology_v2.part2.v1,2,MAFAULDA,train,mafaulda_underhang_ball_fault_6g_41.3696,mafaulda_underhang_ball_fault_6g,underhang/ball_fault,RollingElement,fault_configuration,data/raw_mafaulda/full/underhang/ball_fault/6g/41.3696.csv,50000,2482.176,added_mass_6g,bearing_ball_fault,added_mass_6g,underhang,,mafaulda_underhang_ball_fault_6g,,,,,,True,split seed 202; operational folder taxonomy kept verbatim (naming caveat M2 not remapped)
methodology_v2.part2.v1,2,MAFAULDA,train,mafaulda_underhang_ball_fault_6g_41.984,mafaulda_underhang_ball_fault_6g,underhang/ball_fault,RollingElement,fault_configuration,data/raw_mafaulda/full/underhang/ball_fault/6g/41.984.csv,50000,2519.04,added_mass_6g,bearing_ball_fault,added_mass_6g,underhang,,mafaulda_underhang_ball_fault_6g,,,,,,True,split seed 202; operational folder taxonomy kept verbatim (naming caveat M2 not remapped)
methodology_v2.part2.v1,2,MAFAULDA,train,mafaulda_underhang_ball_fault_6g_43.2128,mafaulda_underhang_ball_fault_6g,underhang/ball_fault,RollingElement,fault_configuration,data/raw_mafaulda/full/underhang/ball_fault/6g/43.2128.csv,50000,2592.768,added_mass_6g,bearing_ball_fault,added_mass_6g,underhang,,mafaulda_underhang_ball_fault_6g,,,,,,True,split seed 202; operational folder taxonomy kept verbatim (naming caveat M2 not remapped)
methodology_v2.part2.v1,2,MAFAULDA,train,mafaulda_underhang_ball_fault_6g_44.6464,mafaulda_underhang_ball_fault_6g,underhang/ball_fault,RollingElement,fault_configuration,data/raw_mafaulda/full/underhang/ball_fault/6g/44.6464.csv,50000,2678.784,added_mass_6g,bearing_ball_fault,added_mass_6g,underhang,,mafaulda_underhang_ball_fault_6g,,,,,,True,split seed 202; operational folder taxonomy kept verbatim (naming caveat M2 not remapped)
methodology_v2.part2.v1,2,MAFAULDA,train,mafaulda_underhang_ball_fault_6g_45.4656,mafaulda_underhang_ball_fault_6g,underhang/ball_fault,RollingElement,fault_configuration,data/raw_mafaulda/full/underhang/ball_fault/6g/45.4656.csv,50000,2727.936,added_mass_6g,bearing_ball_fault,added_mass_6g,underhang,,mafaulda_underhang_ball_fault_6g,,,,,,True,split seed 202; operational folder taxonomy kept verbatim (naming caveat M2 not remapped)
methodology_v2.part2.v1,2,MAFAULDA,train,mafaulda_underhang_ball_fault_6g_46.4896,mafaulda_underhang_ball_fault_6g,underhang/ball_fault,RollingElement,fault_configuration,data/raw_mafaulda/full/underhang/ball_fault/6g/46.4896.csv,50000,2789.376,added_mass_6g,bearing_ball_fault,added_mass_6g,underhang,,mafaulda_underhang_ball_fault_6g,,,,,,True,split seed 202; operational folder taxonomy kept verbatim (naming caveat M2 not remapped)
methodology_v2.part2.v1,2,MAFAULDA,train,mafaulda_underhang_ball_fault_6g_47.5136,mafaulda_underhang_ball_fault_6g,underhang/ball_fault,RollingElement,fault_configuration,data/raw_mafaulda/full/underhang/ball_fault/6g/47.5136.csv,50000,2850.816,added_mass_6g,bearing_ball_fault,added_mass_6g,underhang,,mafaulda_underhang_ball_fault_6g,,,,,,True,split seed 202; operational folder taxonomy kept verbatim (naming caveat M2 not remapped)
methodology_v2.part2.v1,2,MAFAULDA,train,mafaulda_underhang_ball_fault_6g_47.9232,mafaulda_underhang_ball_fault_6g,underhang/ball_fault,RollingElement,fault_configuration,data/raw_mafaulda/full/underhang/ball_fault/6g/47.9232.csv,50000,2875.3920000000003,added_mass_6g,bearing_ball_fault,added_mass_6g,underhang,,mafaulda_underhang_ball_fault_6g,,,,,,True,split seed 202; operational folder taxonomy kept verbatim (naming caveat M2 not remapped)
methodology_v2.part2.v1,2,MAFAULDA,train,mafaulda_underhang_ball_fault_6g_49.152,mafaulda_underhang_ball_fault_6g,underhang/ball_fault,RollingElement,fault_configuration,data/raw_mafaulda/full/underhang/ball_fault/6g/49.152.csv,50000,2949.12,added_mass_6g,bearing_ball_fault,added_mass_6g,underhang,,mafaulda_underhang_ball_fault_6g,,,,,,True,split seed 202; operational folder taxonomy kept verbatim (naming caveat M2 not remapped)
methodology_v2.part2.v1,2,MAFAULDA,train,mafaulda_underhang_ball_fault_6g_50.176,mafaulda_underhang_ball_fault_6g,underhang/ball_fault,RollingElement,fault_configuration,data/raw_mafaulda/full/underhang/ball_fault/6g/50.176.csv,50000,3010.56,added_mass_6g,bearing_ball_fault,added_mass_6g,underhang,,mafaulda_underhang_ball_fault_6g,,,,,,True,split seed 202; operational folder taxonomy kept verbatim (naming caveat M2 not remapped)
methodology_v2.part2.v1,2,MAFAULDA,train,mafaulda_underhang_ball_fault_6g_51.4048,mafaulda_underhang_ball_fault_6g,underhang/ball_fault,RollingElement,fault_configuration,data/raw_mafaulda/full/underhang/ball_fault/6g/51.4048.csv,50000,3084.288,added_mass_6g,bearing_ball_fault,added_mass_6g,underhang,,mafaulda_underhang_ball_fault_6g,,,,,,True,split seed 202; operational folder taxonomy kept verbatim (naming caveat M2 not remapped)
methodology_v2.part2.v1,2,MAFAULDA,train,mafaulda_underhang_ball_fault_6g_52.4288,mafaulda_underhang_ball_fault_6g,underhang/ball_fault,RollingElement,fault_configuration,data/raw_mafaulda/full/underhang/ball_fault/6g/52.4288.csv,50000,3145.728,added_mass_6g,bearing_ball_fault,added_mass_6g,underhang,,mafaulda_underhang_ball_fault_6g,,,,,,True,split seed 202; operational folder taxonomy kept verbatim (naming caveat M2 not remapped)
methodology_v2.part2.v1,2,MAFAULDA,train,mafaulda_underhang_ball_fault_6g_53.0432,mafaulda_underhang_ball_fault_6g,underhang/ball_fault,RollingElement,fault_configuration,data/raw_mafaulda/full/underhang/ball_fault/6g/53.0432.csv,50000,3182.592,added_mass_6g,bearing_ball_fault,added_mass_6g,underhang,,mafaulda_underhang_ball_fault_6g,,,,,,True,split seed 202; operational folder taxonomy kept verbatim (naming caveat M2 not remapped)
methodology_v2.part2.v1,2,MAFAULDA,train,mafaulda_underhang_ball_fault_6g_54.8864,mafaulda_underhang_ball_fault_6g,underhang/ball_fault,RollingElement,fault_configuration,data/raw_mafaulda/full/underhang/ball_fault/6g/54.8864.csv,50000,3293.184,added_mass_6g,bearing_ball_fault,added_mass_6g,underhang,,mafaulda_underhang_ball_fault_6g,,,,,,True,split seed 202; operational folder taxonomy kept verbatim (naming caveat M2 not remapped)
methodology_v2.part2.v1,2,MAFAULDA,train,mafaulda_underhang_ball_fault_6g_55.5008,mafaulda_underhang_ball_fault_6g,underhang/ball_fault,RollingElement,fault_configuration,data/raw_mafaulda/full/underhang/ball_fault/6g/55.5008.csv,50000,3330.048,added_mass_6g,bearing_ball_fault,added_mass_6g,underhang,,mafaulda_underhang_ball_fault_6g,,,,,,True,split seed 202; operational folder taxonomy kept verbatim (naming caveat M2 not remapped)
methodology_v2.part2.v1,2,MAFAULDA,train,mafaulda_underhang_ball_fault_6g_56.5248,mafaulda_underhang_ball_fault_6g,underhang/ball_fault,RollingElement,fault_configuration,data/raw_mafaulda/full/underhang/ball_fault/6g/56.5248.csv,50000,3391.488,added_mass_6g,bearing_ball_fault,added_mass_6g,underhang,,mafaulda_underhang_ball_fault_6g,,,,,,True,split seed 202; operational folder taxonomy kept verbatim (naming caveat M2 not remapped)
methodology_v2.part2.v1,2,MAFAULDA,train,mafaulda_underhang_ball_fault_6g_57.5488,mafaulda_underhang_ball_fault_6g,underhang/ball_fault,RollingElement,fault_configuration,data/raw_mafaulda/full/underhang/ball_fault/6g/57.5488.csv,50000,3452.928,added_mass_6g,bearing_ball_fault,added_mass_6g,underhang,,mafaulda_underhang_ball_fault_6g,,,,,,True,split seed 202; operational folder taxonomy kept verbatim (naming caveat M2 not remapped)
methodology_v2.part2.v1,2,MAFAULDA,train,mafaulda_underhang_ball_fault_6g_58.368,mafaulda_underhang_ball_fault_6g,underhang/ball_fault,RollingElement,fault_configuration,data/raw_mafaulda/full/underhang/ball_fault/6g/58.368.csv,50000,3502.08,added_mass_6g,bearing_ball_fault,added_mass_6g,underhang,,mafaulda_underhang_ball_fault_6g,,,,,,True,split seed 202; operational folder taxonomy kept verbatim (naming caveat M2 not remapped)
methodology_v2.part2.v1,2,MAFAULDA,train,mafaulda_underhang_ball_fault_6g_59.5968,mafaulda_underhang_ball_fault_6g,underhang/ball_fault,RollingElement,fault_configuration,data/raw_mafaulda/full/underhang/ball_fault/6g/59.5968.csv,50000,3575.808,added_mass_6g,bearing_ball_fault,added_mass_6g,underhang,,mafaulda_underhang_ball_fault_6g,,,,,,True,split seed 202; operational folder taxonomy kept verbatim (naming caveat M2 not remapped)
methodology_v2.part2.v1,2,MAFAULDA,train,mafaulda_underhang_ball_fault_6g_60.2112,mafaulda_underhang_ball_fault_6g,underhang/ball_fault,RollingElement,fault_configuration,data/raw_mafaulda/full/underhang/ball_fault/6g/60.2112.csv,50000,3612.672,added_mass_6g,bearing_ball_fault,added_mass_6g,underhang,,mafaulda_underhang_ball_fault_6g,,,,,,True,split seed 202; operational folder taxonomy kept verbatim (naming caveat M2 not remapped)
methodology_v2.part2.v1,2,MAFAULDA,train,mafaulda_underhang_ball_fault_6g_62.0544,mafaulda_underhang_ball_fault_6g,underhang/ball_fault,RollingElement,fault_configuration,data/raw_mafaulda/full/underhang/ball_fault/6g/62.0544.csv,50000,3723.264,added_mass_6g,bearing_ball_fault,added_mass_6g,underhang,,mafaulda_underhang_ball_fault_6g,,,,,,True,split seed 202; operational folder taxonomy kept verbatim (naming caveat M2 not remapped)
methodology_v2.part2.v1,2,MAFAULDA,validation,mafaulda_underhang_cage_fault_0g_13.312,mafaulda_underhang_cage_fault_0g,underhang/cage_fault,Cage_NO_CROSS_DATASET_MATCH,fault_configuration,data/raw_mafaulda/full/underhang/cage_fault/0g/13.312.csv,50000,798.7199999999999,added_mass_0g,bearing_cage_fault,added_mass_0g,underhang,,mafaulda_underhang_cage_fault_0g,,,,,,True,split seed 202; operational folder taxonomy kept verbatim (naming caveat M2 not remapped)
methodology_v2.part2.v1,2,MAFAULDA,validation,mafaulda_underhang_cage_fault_0g_14.5408,mafaulda_underhang_cage_fault_0g,underhang/cage_fault,Cage_NO_CROSS_DATASET_MATCH,fault_configuration,data/raw_mafaulda/full/underhang/cage_fault/0g/14.5408.csv,50000,872.4480000000001,added_mass_0g,bearing_cage_fault,added_mass_0g,underhang,,mafaulda_underhang_cage_fault_0g,,,,,,True,split seed 202; operational folder taxonomy kept verbatim (naming caveat M2 not remapped)
methodology_v2.part2.v1,2,MAFAULDA,validation,mafaulda_underhang_cage_fault_0g_15.5648,mafaulda_underhang_cage_fault_0g,underhang/cage_fault,Cage_NO_CROSS_DATASET_MATCH,fault_configuration,data/raw_mafaulda/full/underhang/cage_fault/0g/15.5648.csv,50000,933.888,added_mass_0g,bearing_cage_fault,added_mass_0g,underhang,,mafaulda_underhang_cage_fault_0g,,,,,,True,split seed 202; operational folder taxonomy kept verbatim (naming caveat M2 not remapped)
methodology_v2.part2.v1,2,MAFAULDA,validation,mafaulda_underhang_cage_fault_0g_16.5888,mafaulda_underhang_cage_fault_0g,underhang/cage_fault,Cage_NO_CROSS_DATASET_MATCH,fault_configuration,data/raw_mafaulda/full/underhang/cage_fault/0g/16.5888.csv,50000,995.328,added_mass_0g,bearing_cage_fault,added_mass_0g,underhang,,mafaulda_underhang_cage_fault_0g,,,,,,True,split seed 202; operational folder taxonomy kept verbatim (naming caveat M2 not remapped)
methodology_v2.part2.v1,2,MAFAULDA,validation,mafaulda_underhang_cage_fault_0g_17.408,mafaulda_underhang_cage_fault_0g,underhang/cage_fault,Cage_NO_CROSS_DATASET_MATCH,fault_configuration,data/raw_mafaulda/full/underhang/cage_fault/0g/17.408.csv,50000,1044.48,added_mass_0g,bearing_cage_fault,added_mass_0g,underhang,,mafaulda_underhang_cage_fault_0g,,,,,,True,split seed 202; operational folder taxonomy kept verbatim (naming caveat M2 not remapped)
methodology_v2.part2.v1,2,MAFAULDA,validation,mafaulda_underhang_cage_fault_0g_18.2272,mafaulda_underhang_cage_fault_0g,underhang/cage_fault,Cage_NO_CROSS_DATASET_MATCH,fault_configuration,data/raw_mafaulda/full/underhang/cage_fault/0g/18.2272.csv,50000,1093.632,added_mass_0g,bearing_cage_fault,added_mass_0g,underhang,,mafaulda_underhang_cage_fault_0g,,,,,,True,split seed 202; operational folder taxonomy kept verbatim (naming caveat M2 not remapped)
methodology_v2.part2.v1,2,MAFAULDA,validation,mafaulda_underhang_cage_fault_0g_19.456,mafaulda_underhang_cage_fault_0g,underhang/cage_fault,Cage_NO_CROSS_DATASET_MATCH,fault_configuration,data/raw_mafaulda/full/underhang/cage_fault/0g/19.456.csv,50000,1167.36,added_mass_0g,bearing_cage_fault,added_mass_0g,underhang,,mafaulda_underhang_cage_fault_0g,,,,,,True,split seed 202; operational folder taxonomy kept verbatim (naming caveat M2 not remapped)
methodology_v2.part2.v1,2,MAFAULDA,validation,mafaulda_underhang_cage_fault_0g_20.6848,mafaulda_underhang_cage_fault_0g,underhang/cage_fault,Cage_NO_CROSS_DATASET_MATCH,fault_configuration,data/raw_mafaulda/full/underhang/cage_fault/0g/20.6848.csv,50000,1241.088,added_mass_0g,bearing_cage_fault,added_mass_0g,underhang,,mafaulda_underhang_cage_fault_0g,,,,,,True,split seed 202; operational folder taxonomy kept verbatim (naming caveat M2 not remapped)
methodology_v2.part2.v1,2,MAFAULDA,validation,mafaulda_underhang_cage_fault_0g_21.2992,mafaulda_underhang_cage_fault_0g,underhang/cage_fault,Cage_NO_CROSS_DATASET_MATCH,fault_configuration,data/raw_mafaulda/full/underhang/cage_fault/0g/21.2992.csv,50000,1277.952,added_mass_0g,bearing_cage_fault,added_mass_0g,underhang,,mafaulda_underhang_cage_fault_0g,,,,,,True,split seed 202; operational folder taxonomy kept verbatim (naming caveat M2 not remapped)
methodology_v2.part2.v1,2,MAFAULDA,validation,mafaulda_underhang_cage_fault_0g_22.7328,mafaulda_underhang_cage_fault_0g,underhang/cage_fault,Cage_NO_CROSS_DATASET_MATCH,fault_configuration,data/raw_mafaulda/full/underhang/cage_fault/0g/22.7328.csv,50000,1363.968,added_mass_0g,bearing_cage_fault,added_mass_0g,underhang,,mafaulda_underhang_cage_fault_0g,,,,,,True,split seed 202; operational folder taxonomy kept verbatim (naming caveat M2 not remapped)
methodology_v2.part2.v1,2,MAFAULDA,validation,mafaulda_underhang_cage_fault_0g_23.9616,mafaulda_underhang_cage_fault_0g,underhang/cage_fault,Cage_NO_CROSS_DATASET_MATCH,fault_configuration,data/raw_mafaulda/full/underhang/cage_fault/0g/23.9616.csv,50000,1437.696,added_mass_0g,bearing_cage_fault,added_mass_0g,underhang,,mafaulda_underhang_cage_fault_0g,,,,,,True,split seed 202; operational folder taxonomy kept verbatim (naming caveat M2 not remapped)
methodology_v2.part2.v1,2,MAFAULDA,validation,mafaulda_underhang_cage_fault_0g_24.3712,mafaulda_underhang_cage_fault_0g,underhang/cage_fault,Cage_NO_CROSS_DATASET_MATCH,fault_configuration,data/raw_mafaulda/full/underhang/cage_fault/0g/24.3712.csv,50000,1462.2720000000002,added_mass_0g,bearing_cage_fault,added_mass_0g,underhang,,mafaulda_underhang_cage_fault_0g,,,,,,True,split seed 202; operational folder taxonomy kept verbatim (naming caveat M2 not remapped)
methodology_v2.part2.v1,2,MAFAULDA,validation,mafaulda_underhang_cage_fault_0g_25.6,mafaulda_underhang_cage_fault_0g,underhang/cage_fault,Cage_NO_CROSS_DATASET_MATCH,fault_configuration,data/raw_mafaulda/full/underhang/cage_fault/0g/25.6.csv,50000,1536.0,added_mass_0g,bearing_cage_fault,added_mass_0g,underhang,,mafaulda_underhang_cage_fault_0g,,,,,,True,split seed 202; operational folder taxonomy kept verbatim (naming caveat M2 not remapped)
methodology_v2.part2.v1,2,MAFAULDA,validation,mafaulda_underhang_cage_fault_0g_26.8288,mafaulda_underhang_cage_fault_0g,underhang/cage_fault,Cage_NO_CROSS_DATASET_MATCH,fault_configuration,data/raw_mafaulda/full/underhang/cage_fault/0g/26.8288.csv,50000,1609.728,added_mass_0g,bearing_cage_fault,added_mass_0g,underhang,,mafaulda_underhang_cage_fault_0g,,,,,,True,split seed 202; operational folder taxonomy kept verbatim (naming caveat M2 not remapped)
methodology_v2.part2.v1,2,MAFAULDA,validation,mafaulda_underhang_cage_fault_0g_27.4432,mafaulda_underhang_cage_fault_0g,underhang/cage_fault,Cage_NO_CROSS_DATASET_MATCH,fault_configuration,data/raw_mafaulda/full/underhang/cage_fault/0g/27.4432.csv,50000,1646.592,added_mass_0g,bearing_cage_fault,added_mass_0g,underhang,,mafaulda_underhang_cage_fault_0g,,,,,,True,split seed 202; operational folder taxonomy kept verbatim (naming caveat M2 not remapped)
methodology_v2.part2.v1,2,MAFAULDA,validation,mafaulda_underhang_cage_fault_0g_28.672,mafaulda_underhang_cage_fault_0g,underhang/cage_fault,Cage_NO_CROSS_DATASET_MATCH,fault_configuration,data/raw_mafaulda/full/underhang/cage_fault/0g/28.672.csv,50000,1720.32,added_mass_0g,bearing_cage_fault,added_mass_0g,underhang,,mafaulda_underhang_cage_fault_0g,,,,,,True,split seed 202; operational folder taxonomy kept verbatim (naming caveat M2 not remapped)
methodology_v2.part2.v1,2,MAFAULDA,validation,mafaulda_underhang_cage_fault_0g_29.4912,mafaulda_underhang_cage_fault_0g,underhang/cage_fault,Cage_NO_CROSS_DATASET_MATCH,fault_configuration,data/raw_mafaulda/full/underhang/cage_fault/0g/29.4912.csv,50000,1769.472,added_mass_0g,bearing_cage_fault,added_mass_0g,underhang,,mafaulda_underhang_cage_fault_0g,,,,,,True,split seed 202; operational folder taxonomy kept verbatim (naming caveat M2 not remapped)
methodology_v2.part2.v1,2,MAFAULDA,validation,mafaulda_underhang_cage_fault_0g_30.9248,mafaulda_underhang_cage_fault_0g,underhang/cage_fault,Cage_NO_CROSS_DATASET_MATCH,fault_configuration,data/raw_mafaulda/full/underhang/cage_fault/0g/30.9248.csv,50000,1855.488,added_mass_0g,bearing_cage_fault,added_mass_0g,underhang,,mafaulda_underhang_cage_fault_0g,,,,,,True,split seed 202; operational folder taxonomy kept verbatim (naming caveat M2 not remapped)
methodology_v2.part2.v1,2,MAFAULDA,validation,mafaulda_underhang_cage_fault_0g_31.9488,mafaulda_underhang_cage_fault_0g,underhang/cage_fault,Cage_NO_CROSS_DATASET_MATCH,fault_configuration,data/raw_mafaulda/full/underhang/cage_fault/0g/31.9488.csv,50000,1916.928,added_mass_0g,bearing_cage_fault,added_mass_0g,underhang,,mafaulda_underhang_cage_fault_0g,,,,,,True,split seed 202; operational folder taxonomy kept verbatim (naming caveat M2 not remapped)
methodology_v2.part2.v1,2,MAFAULDA,validation,mafaulda_underhang_cage_fault_0g_32.768,mafaulda_underhang_cage_fault_0g,underhang/cage_fault,Cage_NO_CROSS_DATASET_MATCH,fault_configuration,data/raw_mafaulda/full/underhang/cage_fault/0g/32.768.csv,50000,1966.08,added_mass_0g,bearing_cage_fault,added_mass_0g,underhang,,mafaulda_underhang_cage_fault_0g,,,,,,True,split seed 202; operational folder taxonomy kept verbatim (naming caveat M2 not remapped)
methodology_v2.part2.v1,2,MAFAULDA,validation,mafaulda_underhang_cage_fault_0g_33.9968,mafaulda_underhang_cage_fault_0g,underhang/cage_fault,Cage_NO_CROSS_DATASET_MATCH,fault_configuration,data/raw_mafaulda/full/underhang/cage_fault/0g/33.9968.csv,50000,2039.808,added_mass_0g,bearing_cage_fault,added_mass_0g,underhang,,mafaulda_underhang_cage_fault_0g,,,,,,True,split seed 202; operational folder taxonomy kept verbatim (naming caveat M2 not remapped)
methodology_v2.part2.v1,2,MAFAULDA,validation,mafaulda_underhang_cage_fault_0g_34.816,mafaulda_underhang_cage_fault_0g,underhang/cage_fault,Cage_NO_CROSS_DATASET_MATCH,fault_configuration,data/raw_mafaulda/full/underhang/cage_fault/0g/34.816.csv,50000,2088.96,added_mass_0g,bearing_cage_fault,added_mass_0g,underhang,,mafaulda_underhang_cage_fault_0g,,,,,,True,split seed 202; operational folder taxonomy kept verbatim (naming caveat M2 not remapped)
methodology_v2.part2.v1,2,MAFAULDA,validation,mafaulda_underhang_cage_fault_0g_35.2256,mafaulda_underhang_cage_fault_0g,underhang/cage_fault,Cage_NO_CROSS_DATASET_MATCH,fault_configuration,data/raw_mafaulda/full/underhang/cage_fault/0g/35.2256.csv,50000,2113.536,added_mass_0g,bearing_cage_fault,added_mass_0g,underhang,,mafaulda_underhang_cage_fault_0g,,,,,,True,split seed 202; operational folder taxonomy kept verbatim (naming caveat M2 not remapped)
methodology_v2.part2.v1,2,MAFAULDA,validation,mafaulda_underhang_cage_fault_0g_36.2496,mafaulda_underhang_cage_fault_0g,underhang/cage_fault,Cage_NO_CROSS_DATASET_MATCH,fault_configuration,data/raw_mafaulda/full/underhang/cage_fault/0g/36.2496.csv,50000,2174.976,added_mass_0g,bearing_cage_fault,added_mass_0g,underhang,,mafaulda_underhang_cage_fault_0g,,,,,,True,split seed 202; operational folder taxonomy kept verbatim (naming caveat M2 not remapped)
methodology_v2.part2.v1,2,MAFAULDA,validation,mafaulda_underhang_cage_fault_0g_37.4784,mafaulda_underhang_cage_fault_0g,underhang/cage_fault,Cage_NO_CROSS_DATASET_MATCH,fault_configuration,data/raw_mafaulda/full/underhang/cage_fault/0g/37.4784.csv,50000,2248.704,added_mass_0g,bearing_cage_fault,added_mass_0g,underhang,,mafaulda_underhang_cage_fault_0g,,,,,,True,split seed 202; operational folder taxonomy kept verbatim (naming caveat M2 not remapped)
methodology_v2.part2.v1,2,MAFAULDA,validation,mafaulda_underhang_cage_fault_0g_38.2976,mafaulda_underhang_cage_fault_0g,underhang/cage_fault,Cage_NO_CROSS_DATASET_MATCH,fault_configuration,data/raw_mafaulda/full/underhang/cage_fault/0g/38.2976.csv,50000,2297.856,added_mass_0g,bearing_cage_fault,added_mass_0g,underhang,,mafaulda_underhang_cage_fault_0g,,,,,,True,split seed 202; operational folder taxonomy kept verbatim (naming caveat M2 not remapped)
methodology_v2.part2.v1,2,MAFAULDA,validation,mafaulda_underhang_cage_fault_0g_39.5264,mafaulda_underhang_cage_fault_0g,underhang/cage_fault,Cage_NO_CROSS_DATASET_MATCH,fault_configuration,data/raw_mafaulda/full/underhang/cage_fault/0g/39.5264.csv,50000,2371.5840000000003,added_mass_0g,bearing_cage_fault,added_mass_0g,underhang,,mafaulda_underhang_cage_fault_0g,,,,,,True,split seed 202; operational folder taxonomy kept verbatim (naming caveat M2 not remapped)
methodology_v2.part2.v1,2,MAFAULDA,validation,mafaulda_underhang_cage_fault_0g_40.5504,mafaulda_underhang_cage_fault_0g,underhang/cage_fault,Cage_NO_CROSS_DATASET_MATCH,fault_configuration,data/raw_mafaulda/full/underhang/cage_fault/0g/40.5504.csv,50000,2433.0240000000003,added_mass_0g,bearing_cage_fault,added_mass_0g,underhang,,mafaulda_underhang_cage_fault_0g,,,,,,True,split seed 202; operational folder taxonomy kept verbatim (naming caveat M2 not remapped)
methodology_v2.part2.v1,2,MAFAULDA,validation,mafaulda_underhang_cage_fault_0g_41.7792,mafaulda_underhang_cage_fault_0g,underhang/cage_fault,Cage_NO_CROSS_DATASET_MATCH,fault_configuration,data/raw_mafaulda/full/underhang/cage_fault/0g/41.7792.csv,50000,2506.7520000000004,added_mass_0g,bearing_cage_fault,added_mass_0g,underhang,,mafaulda_underhang_cage_fault_0g,,,,,,True,split seed 202; operational folder taxonomy kept verbatim (naming caveat M2 not remapped)
methodology_v2.part2.v1,2,MAFAULDA,validation,mafaulda_underhang_cage_fault_0g_42.3936,mafaulda_underhang_cage_fault_0g,underhang/cage_fault,Cage_NO_CROSS_DATASET_MATCH,fault_configuration,data/raw_mafaulda/full/underhang/cage_fault/0g/42.3936.csv,50000,2543.616,added_mass_0g,bearing_cage_fault,added_mass_0g,underhang,,mafaulda_underhang_cage_fault_0g,,,,,,True,split seed 202; operational folder taxonomy kept verbatim (naming caveat M2 not remapped)
methodology_v2.part2.v1,2,MAFAULDA,validation,mafaulda_underhang_cage_fault_0g_43.4176,mafaulda_underhang_cage_fault_0g,underhang/cage_fault,Cage_NO_CROSS_DATASET_MATCH,fault_configuration,data/raw_mafaulda/full/underhang/cage_fault/0g/43.4176.csv,50000,2605.056,added_mass_0g,bearing_cage_fault,added_mass_0g,underhang,,mafaulda_underhang_cage_fault_0g,,,,,,True,split seed 202; operational folder taxonomy kept verbatim (naming caveat M2 not remapped)
methodology_v2.part2.v1,2,MAFAULDA,validation,mafaulda_underhang_cage_fault_0g_44.4416,mafaulda_underhang_cage_fault_0g,underhang/cage_fault,Cage_NO_CROSS_DATASET_MATCH,fault_configuration,data/raw_mafaulda/full/underhang/cage_fault/0g/44.4416.csv,50000,2666.496,added_mass_0g,bearing_cage_fault,added_mass_0g,underhang,,mafaulda_underhang_cage_fault_0g,,,,,,True,split seed 202; operational folder taxonomy kept verbatim (naming caveat M2 not remapped)
methodology_v2.part2.v1,2,MAFAULDA,validation,mafaulda_underhang_cage_fault_0g_45.4656,mafaulda_underhang_cage_fault_0g,underhang/cage_fault,Cage_NO_CROSS_DATASET_MATCH,fault_configuration,data/raw_mafaulda/full/underhang/cage_fault/0g/45.4656.csv,50000,2727.936,added_mass_0g,bearing_cage_fault,added_mass_0g,underhang,,mafaulda_underhang_cage_fault_0g,,,,,,True,split seed 202; operational folder taxonomy kept verbatim (naming caveat M2 not remapped)
methodology_v2.part2.v1,2,MAFAULDA,validation,mafaulda_underhang_cage_fault_0g_46.4896,mafaulda_underhang_cage_fault_0g,underhang/cage_fault,Cage_NO_CROSS_DATASET_MATCH,fault_configuration,data/raw_mafaulda/full/underhang/cage_fault/0g/46.4896.csv,50000,2789.376,added_mass_0g,bearing_cage_fault,added_mass_0g,underhang,,mafaulda_underhang_cage_fault_0g,,,,,,True,split seed 202; operational folder taxonomy kept verbatim (naming caveat M2 not remapped)
methodology_v2.part2.v1,2,MAFAULDA,validation,mafaulda_underhang_cage_fault_0g_47.5136,mafaulda_underhang_cage_fault_0g,underhang/cage_fault,Cage_NO_CROSS_DATASET_MATCH,fault_configuration,data/raw_mafaulda/full/underhang/cage_fault/0g/47.5136.csv,50000,2850.816,added_mass_0g,bearing_cage_fault,added_mass_0g,underhang,,mafaulda_underhang_cage_fault_0g,,,,,,True,split seed 202; operational folder taxonomy kept verbatim (naming caveat M2 not remapped)
methodology_v2.part2.v1,2,MAFAULDA,validation,mafaulda_underhang_cage_fault_0g_48.5376,mafaulda_underhang_cage_fault_0g,underhang/cage_fault,Cage_NO_CROSS_DATASET_MATCH,fault_configuration,data/raw_mafaulda/full/underhang/cage_fault/0g/48.5376.csv,50000,2912.256,added_mass_0g,bearing_cage_fault,added_mass_0g,underhang,,mafaulda_underhang_cage_fault_0g,,,,,,True,split seed 202; operational folder taxonomy kept verbatim (naming caveat M2 not remapped)
methodology_v2.part2.v1,2,MAFAULDA,validation,mafaulda_underhang_cage_fault_0g_49.7664,mafaulda_underhang_cage_fault_0g,underhang/cage_fault,Cage_NO_CROSS_DATASET_MATCH,fault_configuration,data/raw_mafaulda/full/underhang/cage_fault/0g/49.7664.csv,50000,2985.984,added_mass_0g,bearing_cage_fault,added_mass_0g,underhang,,mafaulda_underhang_cage_fault_0g,,,,,,True,split seed 202; operational folder taxonomy kept verbatim (naming caveat M2 not remapped)
methodology_v2.part2.v1,2,MAFAULDA,validation,mafaulda_underhang_cage_fault_0g_50.5856,mafaulda_underhang_cage_fault_0g,underhang/cage_fault,Cage_NO_CROSS_DATASET_MATCH,fault_configuration,data/raw_mafaulda/full/underhang/cage_fault/0g/50.5856.csv,50000,3035.136,added_mass_0g,bearing_cage_fault,added_mass_0g,underhang,,mafaulda_underhang_cage_fault_0g,,,,,,True,split seed 202; operational folder taxonomy kept verbatim (naming caveat M2 not remapped)
methodology_v2.part2.v1,2,MAFAULDA,validation,mafaulda_underhang_cage_fault_0g_51.6096,mafaulda_underhang_cage_fault_0g,underhang/cage_fault,Cage_NO_CROSS_DATASET_MATCH,fault_configuration,data/raw_mafaulda/full/underhang/cage_fault/0g/51.6096.csv,50000,3096.576,added_mass_0g,bearing_cage_fault,added_mass_0g,underhang,,mafaulda_underhang_cage_fault_0g,,,,,,True,split seed 202; operational folder taxonomy kept verbatim (naming caveat M2 not remapped)
methodology_v2.part2.v1,2,MAFAULDA,validation,mafaulda_underhang_cage_fault_0g_52.8384,mafaulda_underhang_cage_fault_0g,underhang/cage_fault,Cage_NO_CROSS_DATASET_MATCH,fault_configuration,data/raw_mafaulda/full/underhang/cage_fault/0g/52.8384.csv,50000,3170.304,added_mass_0g,bearing_cage_fault,added_mass_0g,underhang,,mafaulda_underhang_cage_fault_0g,,,,,,True,split seed 202; operational folder taxonomy kept verbatim (naming caveat M2 not remapped)
methodology_v2.part2.v1,2,MAFAULDA,validation,mafaulda_underhang_cage_fault_0g_53.6576,mafaulda_underhang_cage_fault_0g,underhang/cage_fault,Cage_NO_CROSS_DATASET_MATCH,fault_configuration,data/raw_mafaulda/full/underhang/cage_fault/0g/53.6576.csv,50000,3219.456,added_mass_0g,bearing_cage_fault,added_mass_0g,underhang,,mafaulda_underhang_cage_fault_0g,,,,,,True,split seed 202; operational folder taxonomy kept verbatim (naming caveat M2 not remapped)
methodology_v2.part2.v1,2,MAFAULDA,validation,mafaulda_underhang_cage_fault_0g_55.0912,mafaulda_underhang_cage_fault_0g,underhang/cage_fault,Cage_NO_CROSS_DATASET_MATCH,fault_configuration,data/raw_mafaulda/full/underhang/cage_fault/0g/55.0912.csv,50000,3305.472,added_mass_0g,bearing_cage_fault,added_mass_0g,underhang,,mafaulda_underhang_cage_fault_0g,,,,,,True,split seed 202; operational folder taxonomy kept verbatim (naming caveat M2 not remapped)
methodology_v2.part2.v1,2,MAFAULDA,validation,mafaulda_underhang_cage_fault_0g_55.9104,mafaulda_underhang_cage_fault_0g,underhang/cage_fault,Cage_NO_CROSS_DATASET_MATCH,fault_configuration,data/raw_mafaulda/full/underhang/cage_fault/0g/55.9104.csv,50000,3354.6240000000003,added_mass_0g,bearing_cage_fault,added_mass_0g,underhang,,mafaulda_underhang_cage_fault_0g,,,,,,True,split seed 202; operational folder taxonomy kept verbatim (naming caveat M2 not remapped)
methodology_v2.part2.v1,2,MAFAULDA,validation,mafaulda_underhang_cage_fault_0g_56.5248,mafaulda_underhang_cage_fault_0g,underhang/cage_fault,Cage_NO_CROSS_DATASET_MATCH,fault_configuration,data/raw_mafaulda/full/underhang/cage_fault/0g/56.5248.csv,50000,3391.488,added_mass_0g,bearing_cage_fault,added_mass_0g,underhang,,mafaulda_underhang_cage_fault_0g,,,,,,True,split seed 202; operational folder taxonomy kept verbatim (naming caveat M2 not remapped)
methodology_v2.part2.v1,2,MAFAULDA,validation,mafaulda_underhang_cage_fault_0g_57.7536,mafaulda_underhang_cage_fault_0g,underhang/cage_fault,Cage_NO_CROSS_DATASET_MATCH,fault_configuration,data/raw_mafaulda/full/underhang/cage_fault/0g/57.7536.csv,50000,3465.216,added_mass_0g,bearing_cage_fault,added_mass_0g,underhang,,mafaulda_underhang_cage_fault_0g,,,,,,True,split seed 202; operational folder taxonomy kept verbatim (naming caveat M2 not remapped)
methodology_v2.part2.v1,2,MAFAULDA,validation,mafaulda_underhang_cage_fault_0g_58.5728,mafaulda_underhang_cage_fault_0g,underhang/cage_fault,Cage_NO_CROSS_DATASET_MATCH,fault_configuration,data/raw_mafaulda/full/underhang/cage_fault/0g/58.5728.csv,50000,3514.368,added_mass_0g,bearing_cage_fault,added_mass_0g,underhang,,mafaulda_underhang_cage_fault_0g,,,,,,True,split seed 202; operational folder taxonomy kept verbatim (naming caveat M2 not remapped)
methodology_v2.part2.v1,2,MAFAULDA,validation,mafaulda_underhang_cage_fault_0g_58.9824,mafaulda_underhang_cage_fault_0g,underhang/cage_fault,Cage_NO_CROSS_DATASET_MATCH,fault_configuration,data/raw_mafaulda/full/underhang/cage_fault/0g/58.9824.csv,50000,3538.944,added_mass_0g,bearing_cage_fault,added_mass_0g,underhang,,mafaulda_underhang_cage_fault_0g,,,,,,True,split seed 202; operational folder taxonomy kept verbatim (naming caveat M2 not remapped)
methodology_v2.part2.v1,2,MAFAULDA,validation,mafaulda_underhang_cage_fault_0g_60.2112,mafaulda_underhang_cage_fault_0g,underhang/cage_fault,Cage_NO_CROSS_DATASET_MATCH,fault_configuration,data/raw_mafaulda/full/underhang/cage_fault/0g/60.2112.csv,50000,3612.672,added_mass_0g,bearing_cage_fault,added_mass_0g,underhang,,mafaulda_underhang_cage_fault_0g,,,,,,True,split seed 202; operational folder taxonomy kept verbatim (naming caveat M2 not remapped)
methodology_v2.part2.v1,2,MAFAULDA,validation,mafaulda_underhang_cage_fault_0g_61.2352,mafaulda_underhang_cage_fault_0g,underhang/cage_fault,Cage_NO_CROSS_DATASET_MATCH,fault_configuration,data/raw_mafaulda/full/underhang/cage_fault/0g/61.2352.csv,50000,3674.112,added_mass_0g,bearing_cage_fault,added_mass_0g,underhang,,mafaulda_underhang_cage_fault_0g,,,,,,True,split seed 202; operational folder taxonomy kept verbatim (naming caveat M2 not remapped)
methodology_v2.part2.v1,2,MAFAULDA,train,mafaulda_underhang_cage_fault_20g_13.312,mafaulda_underhang_cage_fault_20g,underhang/cage_fault,Cage_NO_CROSS_DATASET_MATCH,fault_configuration,data/raw_mafaulda/full/underhang/cage_fault/20g/13.312.csv,50000,798.7199999999999,added_mass_20g,bearing_cage_fault,added_mass_20g,underhang,,mafaulda_underhang_cage_fault_20g,,,,,,True,split seed 202; operational folder taxonomy kept verbatim (naming caveat M2 not remapped)
methodology_v2.part2.v1,2,MAFAULDA,train,mafaulda_underhang_cage_fault_20g_14.1312,mafaulda_underhang_cage_fault_20g,underhang/cage_fault,Cage_NO_CROSS_DATASET_MATCH,fault_configuration,data/raw_mafaulda/full/underhang/cage_fault/20g/14.1312.csv,50000,847.872,added_mass_20g,bearing_cage_fault,added_mass_20g,underhang,,mafaulda_underhang_cage_fault_20g,,,,,,True,split seed 202; operational folder taxonomy kept verbatim (naming caveat M2 not remapped)
methodology_v2.part2.v1,2,MAFAULDA,train,mafaulda_underhang_cage_fault_20g_15.5648,mafaulda_underhang_cage_fault_20g,underhang/cage_fault,Cage_NO_CROSS_DATASET_MATCH,fault_configuration,data/raw_mafaulda/full/underhang/cage_fault/20g/15.5648.csv,50000,933.888,added_mass_20g,bearing_cage_fault,added_mass_20g,underhang,,mafaulda_underhang_cage_fault_20g,,,,,,True,split seed 202; operational folder taxonomy kept verbatim (naming caveat M2 not remapped)
methodology_v2.part2.v1,2,MAFAULDA,train,mafaulda_underhang_cage_fault_20g_16.384,mafaulda_underhang_cage_fault_20g,underhang/cage_fault,Cage_NO_CROSS_DATASET_MATCH,fault_configuration,data/raw_mafaulda/full/underhang/cage_fault/20g/16.384.csv,50000,983.04,added_mass_20g,bearing_cage_fault,added_mass_20g,underhang,,mafaulda_underhang_cage_fault_20g,,,,,,True,split seed 202; operational folder taxonomy kept verbatim (naming caveat M2 not remapped)
methodology_v2.part2.v1,2,MAFAULDA,train,mafaulda_underhang_cage_fault_20g_17.408,mafaulda_underhang_cage_fault_20g,underhang/cage_fault,Cage_NO_CROSS_DATASET_MATCH,fault_configuration,data/raw_mafaulda/full/underhang/cage_fault/20g/17.408.csv,50000,1044.48,added_mass_20g,bearing_cage_fault,added_mass_20g,underhang,,mafaulda_underhang_cage_fault_20g,,,,,,True,split seed 202; operational folder taxonomy kept verbatim (naming caveat M2 not remapped)
methodology_v2.part2.v1,2,MAFAULDA,train,mafaulda_underhang_cage_fault_20g_18.6368,mafaulda_underhang_cage_fault_20g,underhang/cage_fault,Cage_NO_CROSS_DATASET_MATCH,fault_configuration,data/raw_mafaulda/full/underhang/cage_fault/20g/18.6368.csv,50000,1118.208,added_mass_20g,bearing_cage_fault,added_mass_20g,underhang,,mafaulda_underhang_cage_fault_20g,,,,,,True,split seed 202; operational folder taxonomy kept verbatim (naming caveat M2 not remapped)
methodology_v2.part2.v1,2,MAFAULDA,train,mafaulda_underhang_cage_fault_20g_19.456,mafaulda_underhang_cage_fault_20g,underhang/cage_fault,Cage_NO_CROSS_DATASET_MATCH,fault_configuration,data/raw_mafaulda/full/underhang/cage_fault/20g/19.456.csv,50000,1167.36,added_mass_20g,bearing_cage_fault,added_mass_20g,underhang,,mafaulda_underhang_cage_fault_20g,,,,,,True,split seed 202; operational folder taxonomy kept verbatim (naming caveat M2 not remapped)
methodology_v2.part2.v1,2,MAFAULDA,train,mafaulda_underhang_cage_fault_20g_20.2752,mafaulda_underhang_cage_fault_20g,underhang/cage_fault,Cage_NO_CROSS_DATASET_MATCH,fault_configuration,data/raw_mafaulda/full/underhang/cage_fault/20g/20.2752.csv,50000,1216.5120000000002,added_mass_20g,bearing_cage_fault,added_mass_20g,underhang,,mafaulda_underhang_cage_fault_20g,,,,,,True,split seed 202; operational folder taxonomy kept verbatim (naming caveat M2 not remapped)
methodology_v2.part2.v1,2,MAFAULDA,train,mafaulda_underhang_cage_fault_20g_21.2992,mafaulda_underhang_cage_fault_20g,underhang/cage_fault,Cage_NO_CROSS_DATASET_MATCH,fault_configuration,data/raw_mafaulda/full/underhang/cage_fault/20g/21.2992.csv,50000,1277.952,added_mass_20g,bearing_cage_fault,added_mass_20g,underhang,,mafaulda_underhang_cage_fault_20g,,,,,,True,split seed 202; operational folder taxonomy kept verbatim (naming caveat M2 not remapped)
methodology_v2.part2.v1,2,MAFAULDA,train,mafaulda_underhang_cage_fault_20g_22.3232,mafaulda_underhang_cage_fault_20g,underhang/cage_fault,Cage_NO_CROSS_DATASET_MATCH,fault_configuration,data/raw_mafaulda/full/underhang/cage_fault/20g/22.3232.csv,50000,1339.392,added_mass_20g,bearing_cage_fault,added_mass_20g,underhang,,mafaulda_underhang_cage_fault_20g,,,,,,True,split seed 202; operational folder taxonomy kept verbatim (naming caveat M2 not remapped)
methodology_v2.part2.v1,2,MAFAULDA,train,mafaulda_underhang_cage_fault_20g_23.7568,mafaulda_underhang_cage_fault_20g,underhang/cage_fault,Cage_NO_CROSS_DATASET_MATCH,fault_configuration,data/raw_mafaulda/full/underhang/cage_fault/20g/23.7568.csv,50000,1425.408,added_mass_20g,bearing_cage_fault,added_mass_20g,underhang,,mafaulda_underhang_cage_fault_20g,,,,,,True,split seed 202; operational folder taxonomy kept verbatim (naming caveat M2 not remapped)
methodology_v2.part2.v1,2,MAFAULDA,train,mafaulda_underhang_cage_fault_20g_24.576,mafaulda_underhang_cage_fault_20g,underhang/cage_fault,Cage_NO_CROSS_DATASET_MATCH,fault_configuration,data/raw_mafaulda/full/underhang/cage_fault/20g/24.576.csv,50000,1474.56,added_mass_20g,bearing_cage_fault,added_mass_20g,underhang,,mafaulda_underhang_cage_fault_20g,,,,,,True,split seed 202; operational folder taxonomy kept verbatim (naming caveat M2 not remapped)
methodology_v2.part2.v1,2,MAFAULDA,train,mafaulda_underhang_cage_fault_20g_25.3952,mafaulda_underhang_cage_fault_20g,underhang/cage_fault,Cage_NO_CROSS_DATASET_MATCH,fault_configuration,data/raw_mafaulda/full/underhang/cage_fault/20g/25.3952.csv,50000,1523.712,added_mass_20g,bearing_cage_fault,added_mass_20g,underhang,,mafaulda_underhang_cage_fault_20g,,,,,,True,split seed 202; operational folder taxonomy kept verbatim (naming caveat M2 not remapped)
methodology_v2.part2.v1,2,MAFAULDA,train,mafaulda_underhang_cage_fault_20g_26.8288,mafaulda_underhang_cage_fault_20g,underhang/cage_fault,Cage_NO_CROSS_DATASET_MATCH,fault_configuration,data/raw_mafaulda/full/underhang/cage_fault/20g/26.8288.csv,50000,1609.728,added_mass_20g,bearing_cage_fault,added_mass_20g,underhang,,mafaulda_underhang_cage_fault_20g,,,,,,True,split seed 202; operational folder taxonomy kept verbatim (naming caveat M2 not remapped)
methodology_v2.part2.v1,2,MAFAULDA,train,mafaulda_underhang_cage_fault_20g_27.648,mafaulda_underhang_cage_fault_20g,underhang/cage_fault,Cage_NO_CROSS_DATASET_MATCH,fault_configuration,data/raw_mafaulda/full/underhang/cage_fault/20g/27.648.csv,50000,1658.88,added_mass_20g,bearing_cage_fault,added_mass_20g,underhang,,mafaulda_underhang_cage_fault_20g,,,,,,True,split seed 202; operational folder taxonomy kept verbatim (naming caveat M2 not remapped)
methodology_v2.part2.v1,2,MAFAULDA,train,mafaulda_underhang_cage_fault_20g_28.4672,mafaulda_underhang_cage_fault_20g,underhang/cage_fault,Cage_NO_CROSS_DATASET_MATCH,fault_configuration,data/raw_mafaulda/full/underhang/cage_fault/20g/28.4672.csv,50000,1708.032,added_mass_20g,bearing_cage_fault,added_mass_20g,underhang,,mafaulda_underhang_cage_fault_20g,,,,,,True,split seed 202; operational folder taxonomy kept verbatim (naming caveat M2 not remapped)
methodology_v2.part2.v1,2,MAFAULDA,train,mafaulda_underhang_cage_fault_20g_29.9008,mafaulda_underhang_cage_fault_20g,underhang/cage_fault,Cage_NO_CROSS_DATASET_MATCH,fault_configuration,data/raw_mafaulda/full/underhang/cage_fault/20g/29.9008.csv,50000,1794.048,added_mass_20g,bearing_cage_fault,added_mass_20g,underhang,,mafaulda_underhang_cage_fault_20g,,,,,,True,split seed 202; operational folder taxonomy kept verbatim (naming caveat M2 not remapped)
methodology_v2.part2.v1,2,MAFAULDA,train,mafaulda_underhang_cage_fault_20g_30.5152,mafaulda_underhang_cage_fault_20g,underhang/cage_fault,Cage_NO_CROSS_DATASET_MATCH,fault_configuration,data/raw_mafaulda/full/underhang/cage_fault/20g/30.5152.csv,50000,1830.912,added_mass_20g,bearing_cage_fault,added_mass_20g,underhang,,mafaulda_underhang_cage_fault_20g,,,,,,True,split seed 202; operational folder taxonomy kept verbatim (naming caveat M2 not remapped)
methodology_v2.part2.v1,2,MAFAULDA,train,mafaulda_underhang_cage_fault_20g_31.9488,mafaulda_underhang_cage_fault_20g,underhang/cage_fault,Cage_NO_CROSS_DATASET_MATCH,fault_configuration,data/raw_mafaulda/full/underhang/cage_fault/20g/31.9488.csv,50000,1916.928,added_mass_20g,bearing_cage_fault,added_mass_20g,underhang,,mafaulda_underhang_cage_fault_20g,,,,,,True,split seed 202; operational folder taxonomy kept verbatim (naming caveat M2 not remapped)
methodology_v2.part2.v1,2,MAFAULDA,train,mafaulda_underhang_cage_fault_20g_32.5632,mafaulda_underhang_cage_fault_20g,underhang/cage_fault,Cage_NO_CROSS_DATASET_MATCH,fault_configuration,data/raw_mafaulda/full/underhang/cage_fault/20g/32.5632.csv,50000,1953.792,added_mass_20g,bearing_cage_fault,added_mass_20g,underhang,,mafaulda_underhang_cage_fault_20g,,,,,,True,split seed 202; operational folder taxonomy kept verbatim (naming caveat M2 not remapped)
methodology_v2.part2.v1,2,MAFAULDA,train,mafaulda_underhang_cage_fault_20g_33.9968,mafaulda_underhang_cage_fault_20g,underhang/cage_fault,Cage_NO_CROSS_DATASET_MATCH,fault_configuration,data/raw_mafaulda/full/underhang/cage_fault/20g/33.9968.csv,50000,2039.808,added_mass_20g,bearing_cage_fault,added_mass_20g,underhang,,mafaulda_underhang_cage_fault_20g,,,,,,True,split seed 202; operational folder taxonomy kept verbatim (naming caveat M2 not remapped)
methodology_v2.part2.v1,2,MAFAULDA,train,mafaulda_underhang_cage_fault_20g_34.6112,mafaulda_underhang_cage_fault_20g,underhang/cage_fault,Cage_NO_CROSS_DATASET_MATCH,fault_configuration,data/raw_mafaulda/full/underhang/cage_fault/20g/34.6112.csv,50000,2076.672,added_mass_20g,bearing_cage_fault,added_mass_20g,underhang,,mafaulda_underhang_cage_fault_20g,,,,,,True,split seed 202; operational folder taxonomy kept verbatim (naming caveat M2 not remapped)
methodology_v2.part2.v1,2,MAFAULDA,train,mafaulda_underhang_cage_fault_20g_35.4304,mafaulda_underhang_cage_fault_20g,underhang/cage_fault,Cage_NO_CROSS_DATASET_MATCH,fault_configuration,data/raw_mafaulda/full/underhang/cage_fault/20g/35.4304.csv,50000,2125.824,added_mass_20g,bearing_cage_fault,added_mass_20g,underhang,,mafaulda_underhang_cage_fault_20g,,,,,,True,split seed 202; operational folder taxonomy kept verbatim (naming caveat M2 not remapped)
methodology_v2.part2.v1,2,MAFAULDA,train,mafaulda_underhang_cage_fault_20g_36.4544,mafaulda_underhang_cage_fault_20g,underhang/cage_fault,Cage_NO_CROSS_DATASET_MATCH,fault_configuration,data/raw_mafaulda/full/underhang/cage_fault/20g/36.4544.csv,50000,2187.264,added_mass_20g,bearing_cage_fault,added_mass_20g,underhang,,mafaulda_underhang_cage_fault_20g,,,,,,True,split seed 202; operational folder taxonomy kept verbatim (naming caveat M2 not remapped)
methodology_v2.part2.v1,2,MAFAULDA,train,mafaulda_underhang_cage_fault_20g_37.0688,mafaulda_underhang_cage_fault_20g,underhang/cage_fault,Cage_NO_CROSS_DATASET_MATCH,fault_configuration,data/raw_mafaulda/full/underhang/cage_fault/20g/37.0688.csv,50000,2224.128,added_mass_20g,bearing_cage_fault,added_mass_20g,underhang,,mafaulda_underhang_cage_fault_20g,,,,,,True,split seed 202; operational folder taxonomy kept verbatim (naming caveat M2 not remapped)
methodology_v2.part2.v1,2,MAFAULDA,train,mafaulda_underhang_cage_fault_20g_38.2976,mafaulda_underhang_cage_fault_20g,underhang/cage_fault,Cage_NO_CROSS_DATASET_MATCH,fault_configuration,data/raw_mafaulda/full/underhang/cage_fault/20g/38.2976.csv,50000,2297.856,added_mass_20g,bearing_cage_fault,added_mass_20g,underhang,,mafaulda_underhang_cage_fault_20g,,,,,,True,split seed 202; operational folder taxonomy kept verbatim (naming caveat M2 not remapped)
methodology_v2.part2.v1,2,MAFAULDA,train,mafaulda_underhang_cage_fault_20g_39.7312,mafaulda_underhang_cage_fault_20g,underhang/cage_fault,Cage_NO_CROSS_DATASET_MATCH,fault_configuration,data/raw_mafaulda/full/underhang/cage_fault/20g/39.7312.csv,50000,2383.8720000000003,added_mass_20g,bearing_cage_fault,added_mass_20g,underhang,,mafaulda_underhang_cage_fault_20g,,,,,,True,split seed 202; operational folder taxonomy kept verbatim (naming caveat M2 not remapped)
methodology_v2.part2.v1,2,MAFAULDA,train,mafaulda_underhang_cage_fault_20g_40.3456,mafaulda_underhang_cage_fault_20g,underhang/cage_fault,Cage_NO_CROSS_DATASET_MATCH,fault_configuration,data/raw_mafaulda/full/underhang/cage_fault/20g/40.3456.csv,50000,2420.736,added_mass_20g,bearing_cage_fault,added_mass_20g,underhang,,mafaulda_underhang_cage_fault_20g,,,,,,True,split seed 202; operational folder taxonomy kept verbatim (naming caveat M2 not remapped)
methodology_v2.part2.v1,2,MAFAULDA,train,mafaulda_underhang_cage_fault_20g_41.3696,mafaulda_underhang_cage_fault_20g,underhang/cage_fault,Cage_NO_CROSS_DATASET_MATCH,fault_configuration,data/raw_mafaulda/full/underhang/cage_fault/20g/41.3696.csv,50000,2482.176,added_mass_20g,bearing_cage_fault,added_mass_20g,underhang,,mafaulda_underhang_cage_fault_20g,,,,,,True,split seed 202; operational folder taxonomy kept verbatim (naming caveat M2 not remapped)
methodology_v2.part2.v1,2,MAFAULDA,train,mafaulda_underhang_cage_fault_20g_42.3936,mafaulda_underhang_cage_fault_20g,underhang/cage_fault,Cage_NO_CROSS_DATASET_MATCH,fault_configuration,data/raw_mafaulda/full/underhang/cage_fault/20g/42.3936.csv,50000,2543.616,added_mass_20g,bearing_cage_fault,added_mass_20g,underhang,,mafaulda_underhang_cage_fault_20g,,,,,,True,split seed 202; operational folder taxonomy kept verbatim (naming caveat M2 not remapped)
methodology_v2.part2.v1,2,MAFAULDA,train,mafaulda_underhang_cage_fault_20g_43.4176,mafaulda_underhang_cage_fault_20g,underhang/cage_fault,Cage_NO_CROSS_DATASET_MATCH,fault_configuration,data/raw_mafaulda/full/underhang/cage_fault/20g/43.4176.csv,50000,2605.056,added_mass_20g,bearing_cage_fault,added_mass_20g,underhang,,mafaulda_underhang_cage_fault_20g,,,,,,True,split seed 202; operational folder taxonomy kept verbatim (naming caveat M2 not remapped)
methodology_v2.part2.v1,2,MAFAULDA,train,mafaulda_underhang_cage_fault_20g_44.4416,mafaulda_underhang_cage_fault_20g,underhang/cage_fault,Cage_NO_CROSS_DATASET_MATCH,fault_configuration,data/raw_mafaulda/full/underhang/cage_fault/20g/44.4416.csv,50000,2666.496,added_mass_20g,bearing_cage_fault,added_mass_20g,underhang,,mafaulda_underhang_cage_fault_20g,,,,,,True,split seed 202; operational folder taxonomy kept verbatim (naming caveat M2 not remapped)
methodology_v2.part2.v1,2,MAFAULDA,train,mafaulda_underhang_cage_fault_20g_45.4656,mafaulda_underhang_cage_fault_20g,underhang/cage_fault,Cage_NO_CROSS_DATASET_MATCH,fault_configuration,data/raw_mafaulda/full/underhang/cage_fault/20g/45.4656.csv,50000,2727.936,added_mass_20g,bearing_cage_fault,added_mass_20g,underhang,,mafaulda_underhang_cage_fault_20g,,,,,,True,split seed 202; operational folder taxonomy kept verbatim (naming caveat M2 not remapped)
methodology_v2.part2.v1,2,MAFAULDA,train,mafaulda_underhang_cage_fault_20g_46.6944,mafaulda_underhang_cage_fault_20g,underhang/cage_fault,Cage_NO_CROSS_DATASET_MATCH,fault_configuration,data/raw_mafaulda/full/underhang/cage_fault/20g/46.6944.csv,50000,2801.664,added_mass_20g,bearing_cage_fault,added_mass_20g,underhang,,mafaulda_underhang_cage_fault_20g,,,,,,True,split seed 202; operational folder taxonomy kept verbatim (naming caveat M2 not remapped)
methodology_v2.part2.v1,2,MAFAULDA,train,mafaulda_underhang_cage_fault_20g_47.7184,mafaulda_underhang_cage_fault_20g,underhang/cage_fault,Cage_NO_CROSS_DATASET_MATCH,fault_configuration,data/raw_mafaulda/full/underhang/cage_fault/20g/47.7184.csv,50000,2863.1040000000003,added_mass_20g,bearing_cage_fault,added_mass_20g,underhang,,mafaulda_underhang_cage_fault_20g,,,,,,True,split seed 202; operational folder taxonomy kept verbatim (naming caveat M2 not remapped)
methodology_v2.part2.v1,2,MAFAULDA,train,mafaulda_underhang_cage_fault_20g_48.7424,mafaulda_underhang_cage_fault_20g,underhang/cage_fault,Cage_NO_CROSS_DATASET_MATCH,fault_configuration,data/raw_mafaulda/full/underhang/cage_fault/20g/48.7424.csv,50000,2924.5440000000003,added_mass_20g,bearing_cage_fault,added_mass_20g,underhang,,mafaulda_underhang_cage_fault_20g,,,,,,True,split seed 202; operational folder taxonomy kept verbatim (naming caveat M2 not remapped)
methodology_v2.part2.v1,2,MAFAULDA,train,mafaulda_underhang_cage_fault_20g_49.7664,mafaulda_underhang_cage_fault_20g,underhang/cage_fault,Cage_NO_CROSS_DATASET_MATCH,fault_configuration,data/raw_mafaulda/full/underhang/cage_fault/20g/49.7664.csv,50000,2985.984,added_mass_20g,bearing_cage_fault,added_mass_20g,underhang,,mafaulda_underhang_cage_fault_20g,,,,,,True,split seed 202; operational folder taxonomy kept verbatim (naming caveat M2 not remapped)
methodology_v2.part2.v1,2,MAFAULDA,train,mafaulda_underhang_cage_fault_20g_50.7904,mafaulda_underhang_cage_fault_20g,underhang/cage_fault,Cage_NO_CROSS_DATASET_MATCH,fault_configuration,data/raw_mafaulda/full/underhang/cage_fault/20g/50.7904.csv,50000,3047.424,added_mass_20g,bearing_cage_fault,added_mass_20g,underhang,,mafaulda_underhang_cage_fault_20g,,,,,,True,split seed 202; operational folder taxonomy kept verbatim (naming caveat M2 not remapped)
methodology_v2.part2.v1,2,MAFAULDA,train,mafaulda_underhang_cage_fault_20g_51.6096,mafaulda_underhang_cage_fault_20g,underhang/cage_fault,Cage_NO_CROSS_DATASET_MATCH,fault_configuration,data/raw_mafaulda/full/underhang/cage_fault/20g/51.6096.csv,50000,3096.576,added_mass_20g,bearing_cage_fault,added_mass_20g,underhang,,mafaulda_underhang_cage_fault_20g,,,,,,True,split seed 202; operational folder taxonomy kept verbatim (naming caveat M2 not remapped)
methodology_v2.part2.v1,2,MAFAULDA,train,mafaulda_underhang_cage_fault_20g_52.6336,mafaulda_underhang_cage_fault_20g,underhang/cage_fault,Cage_NO_CROSS_DATASET_MATCH,fault_configuration,data/raw_mafaulda/full/underhang/cage_fault/20g/52.6336.csv,50000,3158.016,added_mass_20g,bearing_cage_fault,added_mass_20g,underhang,,mafaulda_underhang_cage_fault_20g,,,,,,True,split seed 202; operational folder taxonomy kept verbatim (naming caveat M2 not remapped)
methodology_v2.part2.v1,2,MAFAULDA,train,mafaulda_underhang_cage_fault_20g_53.8624,mafaulda_underhang_cage_fault_20g,underhang/cage_fault,Cage_NO_CROSS_DATASET_MATCH,fault_configuration,data/raw_mafaulda/full/underhang/cage_fault/20g/53.8624.csv,50000,3231.744,added_mass_20g,bearing_cage_fault,added_mass_20g,underhang,,mafaulda_underhang_cage_fault_20g,,,,,,True,split seed 202; operational folder taxonomy kept verbatim (naming caveat M2 not remapped)
methodology_v2.part2.v1,2,MAFAULDA,train,mafaulda_underhang_cage_fault_20g_54.6816,mafaulda_underhang_cage_fault_20g,underhang/cage_fault,Cage_NO_CROSS_DATASET_MATCH,fault_configuration,data/raw_mafaulda/full/underhang/cage_fault/20g/54.6816.csv,50000,3280.896,added_mass_20g,bearing_cage_fault,added_mass_20g,underhang,,mafaulda_underhang_cage_fault_20g,,,,,,True,split seed 202; operational folder taxonomy kept verbatim (naming caveat M2 not remapped)
methodology_v2.part2.v1,2,MAFAULDA,train,mafaulda_underhang_cage_fault_20g_55.7056,mafaulda_underhang_cage_fault_20g,underhang/cage_fault,Cage_NO_CROSS_DATASET_MATCH,fault_configuration,data/raw_mafaulda/full/underhang/cage_fault/20g/55.7056.csv,50000,3342.336,added_mass_20g,bearing_cage_fault,added_mass_20g,underhang,,mafaulda_underhang_cage_fault_20g,,,,,,True,split seed 202; operational folder taxonomy kept verbatim (naming caveat M2 not remapped)
methodology_v2.part2.v1,2,MAFAULDA,train,mafaulda_underhang_cage_fault_20g_56.7296,mafaulda_underhang_cage_fault_20g,underhang/cage_fault,Cage_NO_CROSS_DATASET_MATCH,fault_configuration,data/raw_mafaulda/full/underhang/cage_fault/20g/56.7296.csv,50000,3403.776,added_mass_20g,bearing_cage_fault,added_mass_20g,underhang,,mafaulda_underhang_cage_fault_20g,,,,,,True,split seed 202; operational folder taxonomy kept verbatim (naming caveat M2 not remapped)
methodology_v2.part2.v1,2,MAFAULDA,train,mafaulda_underhang_cage_fault_20g_57.9584,mafaulda_underhang_cage_fault_20g,underhang/cage_fault,Cage_NO_CROSS_DATASET_MATCH,fault_configuration,data/raw_mafaulda/full/underhang/cage_fault/20g/57.9584.csv,50000,3477.504,added_mass_20g,bearing_cage_fault,added_mass_20g,underhang,,mafaulda_underhang_cage_fault_20g,,,,,,True,split seed 202; operational folder taxonomy kept verbatim (naming caveat M2 not remapped)
methodology_v2.part2.v1,2,MAFAULDA,train,mafaulda_underhang_cage_fault_20g_58.7776,mafaulda_underhang_cage_fault_20g,underhang/cage_fault,Cage_NO_CROSS_DATASET_MATCH,fault_configuration,data/raw_mafaulda/full/underhang/cage_fault/20g/58.7776.csv,50000,3526.656,added_mass_20g,bearing_cage_fault,added_mass_20g,underhang,,mafaulda_underhang_cage_fault_20g,,,,,,True,split seed 202; operational folder taxonomy kept verbatim (naming caveat M2 not remapped)
methodology_v2.part2.v1,2,MAFAULDA,train,mafaulda_underhang_cage_fault_20g_59.392,mafaulda_underhang_cage_fault_20g,underhang/cage_fault,Cage_NO_CROSS_DATASET_MATCH,fault_configuration,data/raw_mafaulda/full/underhang/cage_fault/20g/59.392.csv,50000,3563.52,added_mass_20g,bearing_cage_fault,added_mass_20g,underhang,,mafaulda_underhang_cage_fault_20g,,,,,,True,split seed 202; operational folder taxonomy kept verbatim (naming caveat M2 not remapped)
methodology_v2.part2.v1,2,MAFAULDA,train,mafaulda_underhang_cage_fault_20g_60.6208,mafaulda_underhang_cage_fault_20g,underhang/cage_fault,Cage_NO_CROSS_DATASET_MATCH,fault_configuration,data/raw_mafaulda/full/underhang/cage_fault/20g/60.6208.csv,50000,3637.248,added_mass_20g,bearing_cage_fault,added_mass_20g,underhang,,mafaulda_underhang_cage_fault_20g,,,,,,True,split seed 202; operational folder taxonomy kept verbatim (naming caveat M2 not remapped)
methodology_v2.part2.v1,2,MAFAULDA,train,mafaulda_underhang_cage_fault_20g_61.2352,mafaulda_underhang_cage_fault_20g,underhang/cage_fault,Cage_NO_CROSS_DATASET_MATCH,fault_configuration,data/raw_mafaulda/full/underhang/cage_fault/20g/61.2352.csv,50000,3674.112,added_mass_20g,bearing_cage_fault,added_mass_20g,underhang,,mafaulda_underhang_cage_fault_20g,,,,,,True,split seed 202; operational folder taxonomy kept verbatim (naming caveat M2 not remapped)
methodology_v2.part2.v1,2,MAFAULDA,train,mafaulda_underhang_cage_fault_35g_13.312,mafaulda_underhang_cage_fault_35g,underhang/cage_fault,Cage_NO_CROSS_DATASET_MATCH,fault_configuration,data/raw_mafaulda/full/underhang/cage_fault/35g/13.312.csv,50000,798.7199999999999,added_mass_35g,bearing_cage_fault,added_mass_35g,underhang,,mafaulda_underhang_cage_fault_35g,,,,,,True,split seed 202; operational folder taxonomy kept verbatim (naming caveat M2 not remapped)
methodology_v2.part2.v1,2,MAFAULDA,train,mafaulda_underhang_cage_fault_35g_13.9264,mafaulda_underhang_cage_fault_35g,underhang/cage_fault,Cage_NO_CROSS_DATASET_MATCH,fault_configuration,data/raw_mafaulda/full/underhang/cage_fault/35g/13.9264.csv,50000,835.584,added_mass_35g,bearing_cage_fault,added_mass_35g,underhang,,mafaulda_underhang_cage_fault_35g,,,,,,True,split seed 202; operational folder taxonomy kept verbatim (naming caveat M2 not remapped)
methodology_v2.part2.v1,2,MAFAULDA,train,mafaulda_underhang_cage_fault_35g_15.36,mafaulda_underhang_cage_fault_35g,underhang/cage_fault,Cage_NO_CROSS_DATASET_MATCH,fault_configuration,data/raw_mafaulda/full/underhang/cage_fault/35g/15.36.csv,50000,921.6,added_mass_35g,bearing_cage_fault,added_mass_35g,underhang,,mafaulda_underhang_cage_fault_35g,,,,,,True,split seed 202; operational folder taxonomy kept verbatim (naming caveat M2 not remapped)
methodology_v2.part2.v1,2,MAFAULDA,train,mafaulda_underhang_cage_fault_35g_16.384,mafaulda_underhang_cage_fault_35g,underhang/cage_fault,Cage_NO_CROSS_DATASET_MATCH,fault_configuration,data/raw_mafaulda/full/underhang/cage_fault/35g/16.384.csv,50000,983.04,added_mass_35g,bearing_cage_fault,added_mass_35g,underhang,,mafaulda_underhang_cage_fault_35g,,,,,,True,split seed 202; operational folder taxonomy kept verbatim (naming caveat M2 not remapped)
methodology_v2.part2.v1,2,MAFAULDA,train,mafaulda_underhang_cage_fault_35g_17.408,mafaulda_underhang_cage_fault_35g,underhang/cage_fault,Cage_NO_CROSS_DATASET_MATCH,fault_configuration,data/raw_mafaulda/full/underhang/cage_fault/35g/17.408.csv,50000,1044.48,added_mass_35g,bearing_cage_fault,added_mass_35g,underhang,,mafaulda_underhang_cage_fault_35g,,,,,,True,split seed 202; operational folder taxonomy kept verbatim (naming caveat M2 not remapped)
methodology_v2.part2.v1,2,MAFAULDA,train,mafaulda_underhang_cage_fault_35g_18.432,mafaulda_underhang_cage_fault_35g,underhang/cage_fault,Cage_NO_CROSS_DATASET_MATCH,fault_configuration,data/raw_mafaulda/full/underhang/cage_fault/35g/18.432.csv,50000,1105.9199999999998,added_mass_35g,bearing_cage_fault,added_mass_35g,underhang,,mafaulda_underhang_cage_fault_35g,,,,,,True,split seed 202; operational folder taxonomy kept verbatim (naming caveat M2 not remapped)
methodology_v2.part2.v1,2,MAFAULDA,train,mafaulda_underhang_cage_fault_35g_19.6608,mafaulda_underhang_cage_fault_35g,underhang/cage_fault,Cage_NO_CROSS_DATASET_MATCH,fault_configuration,data/raw_mafaulda/full/underhang/cage_fault/35g/19.6608.csv,50000,1179.648,added_mass_35g,bearing_cage_fault,added_mass_35g,underhang,,mafaulda_underhang_cage_fault_35g,,,,,,True,split seed 202; operational folder taxonomy kept verbatim (naming caveat M2 not remapped)
methodology_v2.part2.v1,2,MAFAULDA,train,mafaulda_underhang_cage_fault_35g_20.2752,mafaulda_underhang_cage_fault_35g,underhang/cage_fault,Cage_NO_CROSS_DATASET_MATCH,fault_configuration,data/raw_mafaulda/full/underhang/cage_fault/35g/20.2752.csv,50000,1216.5120000000002,added_mass_35g,bearing_cage_fault,added_mass_35g,underhang,,mafaulda_underhang_cage_fault_35g,,,,,,True,split seed 202; operational folder taxonomy kept verbatim (naming caveat M2 not remapped)
methodology_v2.part2.v1,2,MAFAULDA,train,mafaulda_underhang_cage_fault_35g_21.2992,mafaulda_underhang_cage_fault_35g,underhang/cage_fault,Cage_NO_CROSS_DATASET_MATCH,fault_configuration,data/raw_mafaulda/full/underhang/cage_fault/35g/21.2992.csv,50000,1277.952,added_mass_35g,bearing_cage_fault,added_mass_35g,underhang,,mafaulda_underhang_cage_fault_35g,,,,,,True,split seed 202; operational folder taxonomy kept verbatim (naming caveat M2 not remapped)
methodology_v2.part2.v1,2,MAFAULDA,train,mafaulda_underhang_cage_fault_35g_22.3232,mafaulda_underhang_cage_fault_35g,underhang/cage_fault,Cage_NO_CROSS_DATASET_MATCH,fault_configuration,data/raw_mafaulda/full/underhang/cage_fault/35g/22.3232.csv,50000,1339.392,added_mass_35g,bearing_cage_fault,added_mass_35g,underhang,,mafaulda_underhang_cage_fault_35g,,,,,,True,split seed 202; operational folder taxonomy kept verbatim (naming caveat M2 not remapped)
methodology_v2.part2.v1,2,MAFAULDA,train,mafaulda_underhang_cage_fault_35g_23.7568,mafaulda_underhang_cage_fault_35g,underhang/cage_fault,Cage_NO_CROSS_DATASET_MATCH,fault_configuration,data/raw_mafaulda/full/underhang/cage_fault/35g/23.7568.csv,50000,1425.408,added_mass_35g,bearing_cage_fault,added_mass_35g,underhang,,mafaulda_underhang_cage_fault_35g,,,,,,True,split seed 202; operational folder taxonomy kept verbatim (naming caveat M2 not remapped)
methodology_v2.part2.v1,2,MAFAULDA,train,mafaulda_underhang_cage_fault_35g_24.7808,mafaulda_underhang_cage_fault_35g,underhang/cage_fault,Cage_NO_CROSS_DATASET_MATCH,fault_configuration,data/raw_mafaulda/full/underhang/cage_fault/35g/24.7808.csv,50000,1486.848,added_mass_35g,bearing_cage_fault,added_mass_35g,underhang,,mafaulda_underhang_cage_fault_35g,,,,,,True,split seed 202; operational folder taxonomy kept verbatim (naming caveat M2 not remapped)
methodology_v2.part2.v1,2,MAFAULDA,train,mafaulda_underhang_cage_fault_35g_25.6,mafaulda_underhang_cage_fault_35g,underhang/cage_fault,Cage_NO_CROSS_DATASET_MATCH,fault_configuration,data/raw_mafaulda/full/underhang/cage_fault/35g/25.6.csv,50000,1536.0,added_mass_35g,bearing_cage_fault,added_mass_35g,underhang,,mafaulda_underhang_cage_fault_35g,,,,,,True,split seed 202; operational folder taxonomy kept verbatim (naming caveat M2 not remapped)
methodology_v2.part2.v1,2,MAFAULDA,train,mafaulda_underhang_cage_fault_35g_27.2384,mafaulda_underhang_cage_fault_35g,underhang/cage_fault,Cage_NO_CROSS_DATASET_MATCH,fault_configuration,data/raw_mafaulda/full/underhang/cage_fault/35g/27.2384.csv,50000,1634.304,added_mass_35g,bearing_cage_fault,added_mass_35g,underhang,,mafaulda_underhang_cage_fault_35g,,,,,,True,split seed 202; operational folder taxonomy kept verbatim (naming caveat M2 not remapped)
methodology_v2.part2.v1,2,MAFAULDA,train,mafaulda_underhang_cage_fault_35g_28.672,mafaulda_underhang_cage_fault_35g,underhang/cage_fault,Cage_NO_CROSS_DATASET_MATCH,fault_configuration,data/raw_mafaulda/full/underhang/cage_fault/35g/28.672.csv,50000,1720.32,added_mass_35g,bearing_cage_fault,added_mass_35g,underhang,,mafaulda_underhang_cage_fault_35g,,,,,,True,split seed 202; operational folder taxonomy kept verbatim (naming caveat M2 not remapped)
methodology_v2.part2.v1,2,MAFAULDA,train,mafaulda_underhang_cage_fault_35g_29.4912,mafaulda_underhang_cage_fault_35g,underhang/cage_fault,Cage_NO_CROSS_DATASET_MATCH,fault_configuration,data/raw_mafaulda/full/underhang/cage_fault/35g/29.4912.csv,50000,1769.472,added_mass_35g,bearing_cage_fault,added_mass_35g,underhang,,mafaulda_underhang_cage_fault_35g,,,,,,True,split seed 202; operational folder taxonomy kept verbatim (naming caveat M2 not remapped)
methodology_v2.part2.v1,2,MAFAULDA,train,mafaulda_underhang_cage_fault_35g_30.72,mafaulda_underhang_cage_fault_35g,underhang/cage_fault,Cage_NO_CROSS_DATASET_MATCH,fault_configuration,data/raw_mafaulda/full/underhang/cage_fault/35g/30.72.csv,50000,1843.2,added_mass_35g,bearing_cage_fault,added_mass_35g,underhang,,mafaulda_underhang_cage_fault_35g,,,,,,True,split seed 202; operational folder taxonomy kept verbatim (naming caveat M2 not remapped)
methodology_v2.part2.v1,2,MAFAULDA,train,mafaulda_underhang_cage_fault_35g_31.5392,mafaulda_underhang_cage_fault_35g,underhang/cage_fault,Cage_NO_CROSS_DATASET_MATCH,fault_configuration,data/raw_mafaulda/full/underhang/cage_fault/35g/31.5392.csv,50000,1892.352,added_mass_35g,bearing_cage_fault,added_mass_35g,underhang,,mafaulda_underhang_cage_fault_35g,,,,,,True,split seed 202; operational folder taxonomy kept verbatim (naming caveat M2 not remapped)
methodology_v2.part2.v1,2,MAFAULDA,train,mafaulda_underhang_cage_fault_35g_32.5632,mafaulda_underhang_cage_fault_35g,underhang/cage_fault,Cage_NO_CROSS_DATASET_MATCH,fault_configuration,data/raw_mafaulda/full/underhang/cage_fault/35g/32.5632.csv,50000,1953.792,added_mass_35g,bearing_cage_fault,added_mass_35g,underhang,,mafaulda_underhang_cage_fault_35g,,,,,,True,split seed 202; operational folder taxonomy kept verbatim (naming caveat M2 not remapped)
methodology_v2.part2.v1,2,MAFAULDA,train,mafaulda_underhang_cage_fault_35g_33.5872,mafaulda_underhang_cage_fault_35g,underhang/cage_fault,Cage_NO_CROSS_DATASET_MATCH,fault_configuration,data/raw_mafaulda/full/underhang/cage_fault/35g/33.5872.csv,50000,2015.232,added_mass_35g,bearing_cage_fault,added_mass_35g,underhang,,mafaulda_underhang_cage_fault_35g,,,,,,True,split seed 202; operational folder taxonomy kept verbatim (naming caveat M2 not remapped)
methodology_v2.part2.v1,2,MAFAULDA,train,mafaulda_underhang_cage_fault_35g_34.2016,mafaulda_underhang_cage_fault_35g,underhang/cage_fault,Cage_NO_CROSS_DATASET_MATCH,fault_configuration,data/raw_mafaulda/full/underhang/cage_fault/35g/34.2016.csv,50000,2052.096,added_mass_35g,bearing_cage_fault,added_mass_35g,underhang,,mafaulda_underhang_cage_fault_35g,,,,,,True,split seed 202; operational folder taxonomy kept verbatim (naming caveat M2 not remapped)
methodology_v2.part2.v1,2,MAFAULDA,train,mafaulda_underhang_cage_fault_35g_35.2256,mafaulda_underhang_cage_fault_35g,underhang/cage_fault,Cage_NO_CROSS_DATASET_MATCH,fault_configuration,data/raw_mafaulda/full/underhang/cage_fault/35g/35.2256.csv,50000,2113.536,added_mass_35g,bearing_cage_fault,added_mass_35g,underhang,,mafaulda_underhang_cage_fault_35g,,,,,,True,split seed 202; operational folder taxonomy kept verbatim (naming caveat M2 not remapped)
methodology_v2.part2.v1,2,MAFAULDA,train,mafaulda_underhang_cage_fault_35g_36.2496,mafaulda_underhang_cage_fault_35g,underhang/cage_fault,Cage_NO_CROSS_DATASET_MATCH,fault_configuration,data/raw_mafaulda/full/underhang/cage_fault/35g/36.2496.csv,50000,2174.976,added_mass_35g,bearing_cage_fault,added_mass_35g,underhang,,mafaulda_underhang_cage_fault_35g,,,,,,True,split seed 202; operational folder taxonomy kept verbatim (naming caveat M2 not remapped)
methodology_v2.part2.v1,2,MAFAULDA,train,mafaulda_underhang_cage_fault_35g_37.4784,mafaulda_underhang_cage_fault_35g,underhang/cage_fault,Cage_NO_CROSS_DATASET_MATCH,fault_configuration,data/raw_mafaulda/full/underhang/cage_fault/35g/37.4784.csv,50000,2248.704,added_mass_35g,bearing_cage_fault,added_mass_35g,underhang,,mafaulda_underhang_cage_fault_35g,,,,,,True,split seed 202; operational folder taxonomy kept verbatim (naming caveat M2 not remapped)
methodology_v2.part2.v1,2,MAFAULDA,train,mafaulda_underhang_cage_fault_35g_38.5024,mafaulda_underhang_cage_fault_35g,underhang/cage_fault,Cage_NO_CROSS_DATASET_MATCH,fault_configuration,data/raw_mafaulda/full/underhang/cage_fault/35g/38.5024.csv,50000,2310.144,added_mass_35g,bearing_cage_fault,added_mass_35g,underhang,,mafaulda_underhang_cage_fault_35g,,,,,,True,split seed 202; operational folder taxonomy kept verbatim (naming caveat M2 not remapped)
methodology_v2.part2.v1,2,MAFAULDA,train,mafaulda_underhang_cage_fault_35g_39.5264,mafaulda_underhang_cage_fault_35g,underhang/cage_fault,Cage_NO_CROSS_DATASET_MATCH,fault_configuration,data/raw_mafaulda/full/underhang/cage_fault/35g/39.5264.csv,50000,2371.5840000000003,added_mass_35g,bearing_cage_fault,added_mass_35g,underhang,,mafaulda_underhang_cage_fault_35g,,,,,,True,split seed 202; operational folder taxonomy kept verbatim (naming caveat M2 not remapped)
methodology_v2.part2.v1,2,MAFAULDA,train,mafaulda_underhang_cage_fault_35g_40.5504,mafaulda_underhang_cage_fault_35g,underhang/cage_fault,Cage_NO_CROSS_DATASET_MATCH,fault_configuration,data/raw_mafaulda/full/underhang/cage_fault/35g/40.5504.csv,50000,2433.0240000000003,added_mass_35g,bearing_cage_fault,added_mass_35g,underhang,,mafaulda_underhang_cage_fault_35g,,,,,,True,split seed 202; operational folder taxonomy kept verbatim (naming caveat M2 not remapped)
methodology_v2.part2.v1,2,MAFAULDA,train,mafaulda_underhang_cage_fault_35g_41.3696,mafaulda_underhang_cage_fault_35g,underhang/cage_fault,Cage_NO_CROSS_DATASET_MATCH,fault_configuration,data/raw_mafaulda/full/underhang/cage_fault/35g/41.3696.csv,50000,2482.176,added_mass_35g,bearing_cage_fault,added_mass_35g,underhang,,mafaulda_underhang_cage_fault_35g,,,,,,True,split seed 202; operational folder taxonomy kept verbatim (naming caveat M2 not remapped)
methodology_v2.part2.v1,2,MAFAULDA,train,mafaulda_underhang_cage_fault_35g_42.3936,mafaulda_underhang_cage_fault_35g,underhang/cage_fault,Cage_NO_CROSS_DATASET_MATCH,fault_configuration,data/raw_mafaulda/full/underhang/cage_fault/35g/42.3936.csv,50000,2543.616,added_mass_35g,bearing_cage_fault,added_mass_35g,underhang,,mafaulda_underhang_cage_fault_35g,,,,,,True,split seed 202; operational folder taxonomy kept verbatim (naming caveat M2 not remapped)
methodology_v2.part2.v1,2,MAFAULDA,train,mafaulda_underhang_cage_fault_35g_43.4176,mafaulda_underhang_cage_fault_35g,underhang/cage_fault,Cage_NO_CROSS_DATASET_MATCH,fault_configuration,data/raw_mafaulda/full/underhang/cage_fault/35g/43.4176.csv,50000,2605.056,added_mass_35g,bearing_cage_fault,added_mass_35g,underhang,,mafaulda_underhang_cage_fault_35g,,,,,,True,split seed 202; operational folder taxonomy kept verbatim (naming caveat M2 not remapped)
methodology_v2.part2.v1,2,MAFAULDA,train,mafaulda_underhang_cage_fault_35g_44.6464,mafaulda_underhang_cage_fault_35g,underhang/cage_fault,Cage_NO_CROSS_DATASET_MATCH,fault_configuration,data/raw_mafaulda/full/underhang/cage_fault/35g/44.6464.csv,50000,2678.784,added_mass_35g,bearing_cage_fault,added_mass_35g,underhang,,mafaulda_underhang_cage_fault_35g,,,,,,True,split seed 202; operational folder taxonomy kept verbatim (naming caveat M2 not remapped)
methodology_v2.part2.v1,2,MAFAULDA,train,mafaulda_underhang_cage_fault_35g_45.4656,mafaulda_underhang_cage_fault_35g,underhang/cage_fault,Cage_NO_CROSS_DATASET_MATCH,fault_configuration,data/raw_mafaulda/full/underhang/cage_fault/35g/45.4656.csv,50000,2727.936,added_mass_35g,bearing_cage_fault,added_mass_35g,underhang,,mafaulda_underhang_cage_fault_35g,,,,,,True,split seed 202; operational folder taxonomy kept verbatim (naming caveat M2 not remapped)
methodology_v2.part2.v1,2,MAFAULDA,train,mafaulda_underhang_cage_fault_35g_46.4896,mafaulda_underhang_cage_fault_35g,underhang/cage_fault,Cage_NO_CROSS_DATASET_MATCH,fault_configuration,data/raw_mafaulda/full/underhang/cage_fault/35g/46.4896.csv,50000,2789.376,added_mass_35g,bearing_cage_fault,added_mass_35g,underhang,,mafaulda_underhang_cage_fault_35g,,,,,,True,split seed 202; operational folder taxonomy kept verbatim (naming caveat M2 not remapped)
methodology_v2.part2.v1,2,MAFAULDA,train,mafaulda_underhang_cage_fault_35g_47.5136,mafaulda_underhang_cage_fault_35g,underhang/cage_fault,Cage_NO_CROSS_DATASET_MATCH,fault_configuration,data/raw_mafaulda/full/underhang/cage_fault/35g/47.5136.csv,50000,2850.816,added_mass_35g,bearing_cage_fault,added_mass_35g,underhang,,mafaulda_underhang_cage_fault_35g,,,,,,True,split seed 202; operational folder taxonomy kept verbatim (naming caveat M2 not remapped)
methodology_v2.part2.v1,2,MAFAULDA,train,mafaulda_underhang_cage_fault_35g_48.7424,mafaulda_underhang_cage_fault_35g,underhang/cage_fault,Cage_NO_CROSS_DATASET_MATCH,fault_configuration,data/raw_mafaulda/full/underhang/cage_fault/35g/48.7424.csv,50000,2924.5440000000003,added_mass_35g,bearing_cage_fault,added_mass_35g,underhang,,mafaulda_underhang_cage_fault_35g,,,,,,True,split seed 202; operational folder taxonomy kept verbatim (naming caveat M2 not remapped)
methodology_v2.part2.v1,2,MAFAULDA,train,mafaulda_underhang_cage_fault_35g_49.7664,mafaulda_underhang_cage_fault_35g,underhang/cage_fault,Cage_NO_CROSS_DATASET_MATCH,fault_configuration,data/raw_mafaulda/full/underhang/cage_fault/35g/49.7664.csv,50000,2985.984,added_mass_35g,bearing_cage_fault,added_mass_35g,underhang,,mafaulda_underhang_cage_fault_35g,,,,,,True,split seed 202; operational folder taxonomy kept verbatim (naming caveat M2 not remapped)
methodology_v2.part2.v1,2,MAFAULDA,train,mafaulda_underhang_cage_fault_35g_50.5856,mafaulda_underhang_cage_fault_35g,underhang/cage_fault,Cage_NO_CROSS_DATASET_MATCH,fault_configuration,data/raw_mafaulda/full/underhang/cage_fault/35g/50.5856.csv,50000,3035.136,added_mass_35g,bearing_cage_fault,added_mass_35g,underhang,,mafaulda_underhang_cage_fault_35g,,,,,,True,split seed 202; operational folder taxonomy kept verbatim (naming caveat M2 not remapped)
methodology_v2.part2.v1,2,MAFAULDA,train,mafaulda_underhang_cage_fault_35g_51.8144,mafaulda_underhang_cage_fault_35g,underhang/cage_fault,Cage_NO_CROSS_DATASET_MATCH,fault_configuration,data/raw_mafaulda/full/underhang/cage_fault/35g/51.8144.csv,50000,3108.864,added_mass_35g,bearing_cage_fault,added_mass_35g,underhang,,mafaulda_underhang_cage_fault_35g,,,,,,True,split seed 202; operational folder taxonomy kept verbatim (naming caveat M2 not remapped)
methodology_v2.part2.v1,2,MAFAULDA,train,mafaulda_underhang_cage_fault_35g_53.6576,mafaulda_underhang_cage_fault_35g,underhang/cage_fault,Cage_NO_CROSS_DATASET_MATCH,fault_configuration,data/raw_mafaulda/full/underhang/cage_fault/35g/53.6576.csv,50000,3219.456,added_mass_35g,bearing_cage_fault,added_mass_35g,underhang,,mafaulda_underhang_cage_fault_35g,,,,,,True,split seed 202; operational folder taxonomy kept verbatim (naming caveat M2 not remapped)
methodology_v2.part2.v1,2,MAFAULDA,train,mafaulda_underhang_cage_fault_35g_54.6816,mafaulda_underhang_cage_fault_35g,underhang/cage_fault,Cage_NO_CROSS_DATASET_MATCH,fault_configuration,data/raw_mafaulda/full/underhang/cage_fault/35g/54.6816.csv,50000,3280.896,added_mass_35g,bearing_cage_fault,added_mass_35g,underhang,,mafaulda_underhang_cage_fault_35g,,,,,,True,split seed 202; operational folder taxonomy kept verbatim (naming caveat M2 not remapped)
methodology_v2.part2.v1,2,MAFAULDA,train,mafaulda_underhang_cage_fault_35g_56.1152,mafaulda_underhang_cage_fault_35g,underhang/cage_fault,Cage_NO_CROSS_DATASET_MATCH,fault_configuration,data/raw_mafaulda/full/underhang/cage_fault/35g/56.1152.csv,50000,3366.9120000000003,added_mass_35g,bearing_cage_fault,added_mass_35g,underhang,,mafaulda_underhang_cage_fault_35g,,,,,,True,split seed 202; operational folder taxonomy kept verbatim (naming caveat M2 not remapped)
methodology_v2.part2.v1,2,MAFAULDA,train,mafaulda_underhang_cage_fault_35g_56.5248,mafaulda_underhang_cage_fault_35g,underhang/cage_fault,Cage_NO_CROSS_DATASET_MATCH,fault_configuration,data/raw_mafaulda/full/underhang/cage_fault/35g/56.5248.csv,50000,3391.488,added_mass_35g,bearing_cage_fault,added_mass_35g,underhang,,mafaulda_underhang_cage_fault_35g,,,,,,True,split seed 202; operational folder taxonomy kept verbatim (naming caveat M2 not remapped)
methodology_v2.part2.v1,2,MAFAULDA,test,mafaulda_underhang_cage_fault_6g_12.9024,mafaulda_underhang_cage_fault_6g,underhang/cage_fault,Cage_NO_CROSS_DATASET_MATCH,fault_configuration,data/raw_mafaulda/full/underhang/cage_fault/6g/12.9024.csv,50000,774.144,added_mass_6g,bearing_cage_fault,added_mass_6g,underhang,,mafaulda_underhang_cage_fault_6g,,,,,,True,split seed 202; operational folder taxonomy kept verbatim (naming caveat M2 not remapped)
methodology_v2.part2.v1,2,MAFAULDA,test,mafaulda_underhang_cage_fault_6g_14.336,mafaulda_underhang_cage_fault_6g,underhang/cage_fault,Cage_NO_CROSS_DATASET_MATCH,fault_configuration,data/raw_mafaulda/full/underhang/cage_fault/6g/14.336.csv,50000,860.16,added_mass_6g,bearing_cage_fault,added_mass_6g,underhang,,mafaulda_underhang_cage_fault_6g,,,,,,True,split seed 202; operational folder taxonomy kept verbatim (naming caveat M2 not remapped)
methodology_v2.part2.v1,2,MAFAULDA,test,mafaulda_underhang_cage_fault_6g_15.5648,mafaulda_underhang_cage_fault_6g,underhang/cage_fault,Cage_NO_CROSS_DATASET_MATCH,fault_configuration,data/raw_mafaulda/full/underhang/cage_fault/6g/15.5648.csv,50000,933.888,added_mass_6g,bearing_cage_fault,added_mass_6g,underhang,,mafaulda_underhang_cage_fault_6g,,,,,,True,split seed 202; operational folder taxonomy kept verbatim (naming caveat M2 not remapped)
methodology_v2.part2.v1,2,MAFAULDA,test,mafaulda_underhang_cage_fault_6g_16.1792,mafaulda_underhang_cage_fault_6g,underhang/cage_fault,Cage_NO_CROSS_DATASET_MATCH,fault_configuration,data/raw_mafaulda/full/underhang/cage_fault/6g/16.1792.csv,50000,970.752,added_mass_6g,bearing_cage_fault,added_mass_6g,underhang,,mafaulda_underhang_cage_fault_6g,,,,,,True,split seed 202; operational folder taxonomy kept verbatim (naming caveat M2 not remapped)
methodology_v2.part2.v1,2,MAFAULDA,test,mafaulda_underhang_cage_fault_6g_17.408,mafaulda_underhang_cage_fault_6g,underhang/cage_fault,Cage_NO_CROSS_DATASET_MATCH,fault_configuration,data/raw_mafaulda/full/underhang/cage_fault/6g/17.408.csv,50000,1044.48,added_mass_6g,bearing_cage_fault,added_mass_6g,underhang,,mafaulda_underhang_cage_fault_6g,,,,,,True,split seed 202; operational folder taxonomy kept verbatim (naming caveat M2 not remapped)
methodology_v2.part2.v1,2,MAFAULDA,test,mafaulda_underhang_cage_fault_6g_18.6368,mafaulda_underhang_cage_fault_6g,underhang/cage_fault,Cage_NO_CROSS_DATASET_MATCH,fault_configuration,data/raw_mafaulda/full/underhang/cage_fault/6g/18.6368.csv,50000,1118.208,added_mass_6g,bearing_cage_fault,added_mass_6g,underhang,,mafaulda_underhang_cage_fault_6g,,,,,,True,split seed 202; operational folder taxonomy kept verbatim (naming caveat M2 not remapped)
methodology_v2.part2.v1,2,MAFAULDA,test,mafaulda_underhang_cage_fault_6g_19.456,mafaulda_underhang_cage_fault_6g,underhang/cage_fault,Cage_NO_CROSS_DATASET_MATCH,fault_configuration,data/raw_mafaulda/full/underhang/cage_fault/6g/19.456.csv,50000,1167.36,added_mass_6g,bearing_cage_fault,added_mass_6g,underhang,,mafaulda_underhang_cage_fault_6g,,,,,,True,split seed 202; operational folder taxonomy kept verbatim (naming caveat M2 not remapped)
methodology_v2.part2.v1,2,MAFAULDA,test,mafaulda_underhang_cage_fault_6g_20.2752,mafaulda_underhang_cage_fault_6g,underhang/cage_fault,Cage_NO_CROSS_DATASET_MATCH,fault_configuration,data/raw_mafaulda/full/underhang/cage_fault/6g/20.2752.csv,50000,1216.5120000000002,added_mass_6g,bearing_cage_fault,added_mass_6g,underhang,,mafaulda_underhang_cage_fault_6g,,,,,,True,split seed 202; operational folder taxonomy kept verbatim (naming caveat M2 not remapped)
methodology_v2.part2.v1,2,MAFAULDA,test,mafaulda_underhang_cage_fault_6g_21.7088,mafaulda_underhang_cage_fault_6g,underhang/cage_fault,Cage_NO_CROSS_DATASET_MATCH,fault_configuration,data/raw_mafaulda/full/underhang/cage_fault/6g/21.7088.csv,50000,1302.528,added_mass_6g,bearing_cage_fault,added_mass_6g,underhang,,mafaulda_underhang_cage_fault_6g,,,,,,True,split seed 202; operational folder taxonomy kept verbatim (naming caveat M2 not remapped)
methodology_v2.part2.v1,2,MAFAULDA,test,mafaulda_underhang_cage_fault_6g_22.528,mafaulda_underhang_cage_fault_6g,underhang/cage_fault,Cage_NO_CROSS_DATASET_MATCH,fault_configuration,data/raw_mafaulda/full/underhang/cage_fault/6g/22.528.csv,50000,1351.6799999999998,added_mass_6g,bearing_cage_fault,added_mass_6g,underhang,,mafaulda_underhang_cage_fault_6g,,,,,,True,split seed 202; operational folder taxonomy kept verbatim (naming caveat M2 not remapped)
methodology_v2.part2.v1,2,MAFAULDA,test,mafaulda_underhang_cage_fault_6g_23.7568,mafaulda_underhang_cage_fault_6g,underhang/cage_fault,Cage_NO_CROSS_DATASET_MATCH,fault_configuration,data/raw_mafaulda/full/underhang/cage_fault/6g/23.7568.csv,50000,1425.408,added_mass_6g,bearing_cage_fault,added_mass_6g,underhang,,mafaulda_underhang_cage_fault_6g,,,,,,True,split seed 202; operational folder taxonomy kept verbatim (naming caveat M2 not remapped)
methodology_v2.part2.v1,2,MAFAULDA,test,mafaulda_underhang_cage_fault_6g_24.3712,mafaulda_underhang_cage_fault_6g,underhang/cage_fault,Cage_NO_CROSS_DATASET_MATCH,fault_configuration,data/raw_mafaulda/full/underhang/cage_fault/6g/24.3712.csv,50000,1462.2720000000002,added_mass_6g,bearing_cage_fault,added_mass_6g,underhang,,mafaulda_underhang_cage_fault_6g,,,,,,True,split seed 202; operational folder taxonomy kept verbatim (naming caveat M2 not remapped)
methodology_v2.part2.v1,2,MAFAULDA,test,mafaulda_underhang_cage_fault_6g_25.8048,mafaulda_underhang_cage_fault_6g,underhang/cage_fault,Cage_NO_CROSS_DATASET_MATCH,fault_configuration,data/raw_mafaulda/full/underhang/cage_fault/6g/25.8048.csv,50000,1548.288,added_mass_6g,bearing_cage_fault,added_mass_6g,underhang,,mafaulda_underhang_cage_fault_6g,,,,,,True,split seed 202; operational folder taxonomy kept verbatim (naming caveat M2 not remapped)
methodology_v2.part2.v1,2,MAFAULDA,test,mafaulda_underhang_cage_fault_6g_26.624,mafaulda_underhang_cage_fault_6g,underhang/cage_fault,Cage_NO_CROSS_DATASET_MATCH,fault_configuration,data/raw_mafaulda/full/underhang/cage_fault/6g/26.624.csv,50000,1597.4399999999998,added_mass_6g,bearing_cage_fault,added_mass_6g,underhang,,mafaulda_underhang_cage_fault_6g,,,,,,True,split seed 202; operational folder taxonomy kept verbatim (naming caveat M2 not remapped)
methodology_v2.part2.v1,2,MAFAULDA,test,mafaulda_underhang_cage_fault_6g_27.4432,mafaulda_underhang_cage_fault_6g,underhang/cage_fault,Cage_NO_CROSS_DATASET_MATCH,fault_configuration,data/raw_mafaulda/full/underhang/cage_fault/6g/27.4432.csv,50000,1646.592,added_mass_6g,bearing_cage_fault,added_mass_6g,underhang,,mafaulda_underhang_cage_fault_6g,,,,,,True,split seed 202; operational folder taxonomy kept verbatim (naming caveat M2 not remapped)
methodology_v2.part2.v1,2,MAFAULDA,test,mafaulda_underhang_cage_fault_6g_28.4672,mafaulda_underhang_cage_fault_6g,underhang/cage_fault,Cage_NO_CROSS_DATASET_MATCH,fault_configuration,data/raw_mafaulda/full/underhang/cage_fault/6g/28.4672.csv,50000,1708.032,added_mass_6g,bearing_cage_fault,added_mass_6g,underhang,,mafaulda_underhang_cage_fault_6g,,,,,,True,split seed 202; operational folder taxonomy kept verbatim (naming caveat M2 not remapped)
methodology_v2.part2.v1,2,MAFAULDA,test,mafaulda_underhang_cage_fault_6g_29.696,mafaulda_underhang_cage_fault_6g,underhang/cage_fault,Cage_NO_CROSS_DATASET_MATCH,fault_configuration,data/raw_mafaulda/full/underhang/cage_fault/6g/29.696.csv,50000,1781.76,added_mass_6g,bearing_cage_fault,added_mass_6g,underhang,,mafaulda_underhang_cage_fault_6g,,,,,,True,split seed 202; operational folder taxonomy kept verbatim (naming caveat M2 not remapped)
methodology_v2.part2.v1,2,MAFAULDA,test,mafaulda_underhang_cage_fault_6g_30.72,mafaulda_underhang_cage_fault_6g,underhang/cage_fault,Cage_NO_CROSS_DATASET_MATCH,fault_configuration,data/raw_mafaulda/full/underhang/cage_fault/6g/30.72.csv,50000,1843.2,added_mass_6g,bearing_cage_fault,added_mass_6g,underhang,,mafaulda_underhang_cage_fault_6g,,,,,,True,split seed 202; operational folder taxonomy kept verbatim (naming caveat M2 not remapped)
methodology_v2.part2.v1,2,MAFAULDA,test,mafaulda_underhang_cage_fault_6g_31.5392,mafaulda_underhang_cage_fault_6g,underhang/cage_fault,Cage_NO_CROSS_DATASET_MATCH,fault_configuration,data/raw_mafaulda/full/underhang/cage_fault/6g/31.5392.csv,50000,1892.352,added_mass_6g,bearing_cage_fault,added_mass_6g,underhang,,mafaulda_underhang_cage_fault_6g,,,,,,True,split seed 202; operational folder taxonomy kept verbatim (naming caveat M2 not remapped)
methodology_v2.part2.v1,2,MAFAULDA,test,mafaulda_underhang_cage_fault_6g_32.768,mafaulda_underhang_cage_fault_6g,underhang/cage_fault,Cage_NO_CROSS_DATASET_MATCH,fault_configuration,data/raw_mafaulda/full/underhang/cage_fault/6g/32.768.csv,50000,1966.08,added_mass_6g,bearing_cage_fault,added_mass_6g,underhang,,mafaulda_underhang_cage_fault_6g,,,,,,True,split seed 202; operational folder taxonomy kept verbatim (naming caveat M2 not remapped)
methodology_v2.part2.v1,2,MAFAULDA,test,mafaulda_underhang_cage_fault_6g_33.5872,mafaulda_underhang_cage_fault_6g,underhang/cage_fault,Cage_NO_CROSS_DATASET_MATCH,fault_configuration,data/raw_mafaulda/full/underhang/cage_fault/6g/33.5872.csv,50000,2015.232,added_mass_6g,bearing_cage_fault,added_mass_6g,underhang,,mafaulda_underhang_cage_fault_6g,,,,,,True,split seed 202; operational folder taxonomy kept verbatim (naming caveat M2 not remapped)
methodology_v2.part2.v1,2,MAFAULDA,test,mafaulda_underhang_cage_fault_6g_35.0208,mafaulda_underhang_cage_fault_6g,underhang/cage_fault,Cage_NO_CROSS_DATASET_MATCH,fault_configuration,data/raw_mafaulda/full/underhang/cage_fault/6g/35.0208.csv,50000,2101.248,added_mass_6g,bearing_cage_fault,added_mass_6g,underhang,,mafaulda_underhang_cage_fault_6g,,,,,,True,split seed 202; operational folder taxonomy kept verbatim (naming caveat M2 not remapped)
methodology_v2.part2.v1,2,MAFAULDA,test,mafaulda_underhang_cage_fault_6g_36.0448,mafaulda_underhang_cage_fault_6g,underhang/cage_fault,Cage_NO_CROSS_DATASET_MATCH,fault_configuration,data/raw_mafaulda/full/underhang/cage_fault/6g/36.0448.csv,50000,2162.688,added_mass_6g,bearing_cage_fault,added_mass_6g,underhang,,mafaulda_underhang_cage_fault_6g,,,,,,True,split seed 202; operational folder taxonomy kept verbatim (naming caveat M2 not remapped)
methodology_v2.part2.v1,2,MAFAULDA,test,mafaulda_underhang_cage_fault_6g_36.864,mafaulda_underhang_cage_fault_6g,underhang/cage_fault,Cage_NO_CROSS_DATASET_MATCH,fault_configuration,data/raw_mafaulda/full/underhang/cage_fault/6g/36.864.csv,50000,2211.84,added_mass_6g,bearing_cage_fault,added_mass_6g,underhang,,mafaulda_underhang_cage_fault_6g,,,,,,True,split seed 202; operational folder taxonomy kept verbatim (naming caveat M2 not remapped)
methodology_v2.part2.v1,2,MAFAULDA,test,mafaulda_underhang_cage_fault_6g_37.4784,mafaulda_underhang_cage_fault_6g,underhang/cage_fault,Cage_NO_CROSS_DATASET_MATCH,fault_configuration,data/raw_mafaulda/full/underhang/cage_fault/6g/37.4784.csv,50000,2248.704,added_mass_6g,bearing_cage_fault,added_mass_6g,underhang,,mafaulda_underhang_cage_fault_6g,,,,,,True,split seed 202; operational folder taxonomy kept verbatim (naming caveat M2 not remapped)
methodology_v2.part2.v1,2,MAFAULDA,test,mafaulda_underhang_cage_fault_6g_38.5024,mafaulda_underhang_cage_fault_6g,underhang/cage_fault,Cage_NO_CROSS_DATASET_MATCH,fault_configuration,data/raw_mafaulda/full/underhang/cage_fault/6g/38.5024.csv,50000,2310.144,added_mass_6g,bearing_cage_fault,added_mass_6g,underhang,,mafaulda_underhang_cage_fault_6g,,,,,,True,split seed 202; operational folder taxonomy kept verbatim (naming caveat M2 not remapped)
methodology_v2.part2.v1,2,MAFAULDA,test,mafaulda_underhang_cage_fault_6g_40.3456,mafaulda_underhang_cage_fault_6g,underhang/cage_fault,Cage_NO_CROSS_DATASET_MATCH,fault_configuration,data/raw_mafaulda/full/underhang/cage_fault/6g/40.3456.csv,50000,2420.736,added_mass_6g,bearing_cage_fault,added_mass_6g,underhang,,mafaulda_underhang_cage_fault_6g,,,,,,True,split seed 202; operational folder taxonomy kept verbatim (naming caveat M2 not remapped)
methodology_v2.part2.v1,2,MAFAULDA,test,mafaulda_underhang_cage_fault_6g_41.3696,mafaulda_underhang_cage_fault_6g,underhang/cage_fault,Cage_NO_CROSS_DATASET_MATCH,fault_configuration,data/raw_mafaulda/full/underhang/cage_fault/6g/41.3696.csv,50000,2482.176,added_mass_6g,bearing_cage_fault,added_mass_6g,underhang,,mafaulda_underhang_cage_fault_6g,,,,,,True,split seed 202; operational folder taxonomy kept verbatim (naming caveat M2 not remapped)
methodology_v2.part2.v1,2,MAFAULDA,test,mafaulda_underhang_cage_fault_6g_42.3936,mafaulda_underhang_cage_fault_6g,underhang/cage_fault,Cage_NO_CROSS_DATASET_MATCH,fault_configuration,data/raw_mafaulda/full/underhang/cage_fault/6g/42.3936.csv,50000,2543.616,added_mass_6g,bearing_cage_fault,added_mass_6g,underhang,,mafaulda_underhang_cage_fault_6g,,,,,,True,split seed 202; operational folder taxonomy kept verbatim (naming caveat M2 not remapped)
methodology_v2.part2.v1,2,MAFAULDA,test,mafaulda_underhang_cage_fault_6g_43.4176,mafaulda_underhang_cage_fault_6g,underhang/cage_fault,Cage_NO_CROSS_DATASET_MATCH,fault_configuration,data/raw_mafaulda/full/underhang/cage_fault/6g/43.4176.csv,50000,2605.056,added_mass_6g,bearing_cage_fault,added_mass_6g,underhang,,mafaulda_underhang_cage_fault_6g,,,,,,True,split seed 202; operational folder taxonomy kept verbatim (naming caveat M2 not remapped)
methodology_v2.part2.v1,2,MAFAULDA,test,mafaulda_underhang_cage_fault_6g_44.4416,mafaulda_underhang_cage_fault_6g,underhang/cage_fault,Cage_NO_CROSS_DATASET_MATCH,fault_configuration,data/raw_mafaulda/full/underhang/cage_fault/6g/44.4416.csv,50000,2666.496,added_mass_6g,bearing_cage_fault,added_mass_6g,underhang,,mafaulda_underhang_cage_fault_6g,,,,,,True,split seed 202; operational folder taxonomy kept verbatim (naming caveat M2 not remapped)
methodology_v2.part2.v1,2,MAFAULDA,test,mafaulda_underhang_cage_fault_6g_45.4656,mafaulda_underhang_cage_fault_6g,underhang/cage_fault,Cage_NO_CROSS_DATASET_MATCH,fault_configuration,data/raw_mafaulda/full/underhang/cage_fault/6g/45.4656.csv,50000,2727.936,added_mass_6g,bearing_cage_fault,added_mass_6g,underhang,,mafaulda_underhang_cage_fault_6g,,,,,,True,split seed 202; operational folder taxonomy kept verbatim (naming caveat M2 not remapped)
methodology_v2.part2.v1,2,MAFAULDA,test,mafaulda_underhang_cage_fault_6g_46.4896,mafaulda_underhang_cage_fault_6g,underhang/cage_fault,Cage_NO_CROSS_DATASET_MATCH,fault_configuration,data/raw_mafaulda/full/underhang/cage_fault/6g/46.4896.csv,50000,2789.376,added_mass_6g,bearing_cage_fault,added_mass_6g,underhang,,mafaulda_underhang_cage_fault_6g,,,,,,True,split seed 202; operational folder taxonomy kept verbatim (naming caveat M2 not remapped)
methodology_v2.part2.v1,2,MAFAULDA,test,mafaulda_underhang_cage_fault_6g_47.5136,mafaulda_underhang_cage_fault_6g,underhang/cage_fault,Cage_NO_CROSS_DATASET_MATCH,fault_configuration,data/raw_mafaulda/full/underhang/cage_fault/6g/47.5136.csv,50000,2850.816,added_mass_6g,bearing_cage_fault,added_mass_6g,underhang,,mafaulda_underhang_cage_fault_6g,,,,,,True,split seed 202; operational folder taxonomy kept verbatim (naming caveat M2 not remapped)
methodology_v2.part2.v1,2,MAFAULDA,test,mafaulda_underhang_cage_fault_6g_48.5376,mafaulda_underhang_cage_fault_6g,underhang/cage_fault,Cage_NO_CROSS_DATASET_MATCH,fault_configuration,data/raw_mafaulda/full/underhang/cage_fault/6g/48.5376.csv,50000,2912.256,added_mass_6g,bearing_cage_fault,added_mass_6g,underhang,,mafaulda_underhang_cage_fault_6g,,,,,,True,split seed 202; operational folder taxonomy kept verbatim (naming caveat M2 not remapped)
methodology_v2.part2.v1,2,MAFAULDA,test,mafaulda_underhang_cage_fault_6g_49.7664,mafaulda_underhang_cage_fault_6g,underhang/cage_fault,Cage_NO_CROSS_DATASET_MATCH,fault_configuration,data/raw_mafaulda/full/underhang/cage_fault/6g/49.7664.csv,50000,2985.984,added_mass_6g,bearing_cage_fault,added_mass_6g,underhang,,mafaulda_underhang_cage_fault_6g,,,,,,True,split seed 202; operational folder taxonomy kept verbatim (naming caveat M2 not remapped)
methodology_v2.part2.v1,2,MAFAULDA,test,mafaulda_underhang_cage_fault_6g_50.7904,mafaulda_underhang_cage_fault_6g,underhang/cage_fault,Cage_NO_CROSS_DATASET_MATCH,fault_configuration,data/raw_mafaulda/full/underhang/cage_fault/6g/50.7904.csv,50000,3047.424,added_mass_6g,bearing_cage_fault,added_mass_6g,underhang,,mafaulda_underhang_cage_fault_6g,,,,,,True,split seed 202; operational folder taxonomy kept verbatim (naming caveat M2 not remapped)
methodology_v2.part2.v1,2,MAFAULDA,test,mafaulda_underhang_cage_fault_6g_51.6096,mafaulda_underhang_cage_fault_6g,underhang/cage_fault,Cage_NO_CROSS_DATASET_MATCH,fault_configuration,data/raw_mafaulda/full/underhang/cage_fault/6g/51.6096.csv,50000,3096.576,added_mass_6g,bearing_cage_fault,added_mass_6g,underhang,,mafaulda_underhang_cage_fault_6g,,,,,,True,split seed 202; operational folder taxonomy kept verbatim (naming caveat M2 not remapped)
methodology_v2.part2.v1,2,MAFAULDA,test,mafaulda_underhang_cage_fault_6g_52.8384,mafaulda_underhang_cage_fault_6g,underhang/cage_fault,Cage_NO_CROSS_DATASET_MATCH,fault_configuration,data/raw_mafaulda/full/underhang/cage_fault/6g/52.8384.csv,50000,3170.304,added_mass_6g,bearing_cage_fault,added_mass_6g,underhang,,mafaulda_underhang_cage_fault_6g,,,,,,True,split seed 202; operational folder taxonomy kept verbatim (naming caveat M2 not remapped)
methodology_v2.part2.v1,2,MAFAULDA,test,mafaulda_underhang_cage_fault_6g_53.6576,mafaulda_underhang_cage_fault_6g,underhang/cage_fault,Cage_NO_CROSS_DATASET_MATCH,fault_configuration,data/raw_mafaulda/full/underhang/cage_fault/6g/53.6576.csv,50000,3219.456,added_mass_6g,bearing_cage_fault,added_mass_6g,underhang,,mafaulda_underhang_cage_fault_6g,,,,,,True,split seed 202; operational folder taxonomy kept verbatim (naming caveat M2 not remapped)
methodology_v2.part2.v1,2,MAFAULDA,test,mafaulda_underhang_cage_fault_6g_54.6816,mafaulda_underhang_cage_fault_6g,underhang/cage_fault,Cage_NO_CROSS_DATASET_MATCH,fault_configuration,data/raw_mafaulda/full/underhang/cage_fault/6g/54.6816.csv,50000,3280.896,added_mass_6g,bearing_cage_fault,added_mass_6g,underhang,,mafaulda_underhang_cage_fault_6g,,,,,,True,split seed 202; operational folder taxonomy kept verbatim (naming caveat M2 not remapped)
methodology_v2.part2.v1,2,MAFAULDA,test,mafaulda_underhang_cage_fault_6g_56.1152,mafaulda_underhang_cage_fault_6g,underhang/cage_fault,Cage_NO_CROSS_DATASET_MATCH,fault_configuration,data/raw_mafaulda/full/underhang/cage_fault/6g/56.1152.csv,50000,3366.9120000000003,added_mass_6g,bearing_cage_fault,added_mass_6g,underhang,,mafaulda_underhang_cage_fault_6g,,,,,,True,split seed 202; operational folder taxonomy kept verbatim (naming caveat M2 not remapped)
methodology_v2.part2.v1,2,MAFAULDA,test,mafaulda_underhang_cage_fault_6g_57.1392,mafaulda_underhang_cage_fault_6g,underhang/cage_fault,Cage_NO_CROSS_DATASET_MATCH,fault_configuration,data/raw_mafaulda/full/underhang/cage_fault/6g/57.1392.csv,50000,3428.3520000000003,added_mass_6g,bearing_cage_fault,added_mass_6g,underhang,,mafaulda_underhang_cage_fault_6g,,,,,,True,split seed 202; operational folder taxonomy kept verbatim (naming caveat M2 not remapped)
methodology_v2.part2.v1,2,MAFAULDA,test,mafaulda_underhang_cage_fault_6g_57.7536,mafaulda_underhang_cage_fault_6g,underhang/cage_fault,Cage_NO_CROSS_DATASET_MATCH,fault_configuration,data/raw_mafaulda/full/underhang/cage_fault/6g/57.7536.csv,50000,3465.216,added_mass_6g,bearing_cage_fault,added_mass_6g,underhang,,mafaulda_underhang_cage_fault_6g,,,,,,True,split seed 202; operational folder taxonomy kept verbatim (naming caveat M2 not remapped)
methodology_v2.part2.v1,2,MAFAULDA,test,mafaulda_underhang_cage_fault_6g_58.9824,mafaulda_underhang_cage_fault_6g,underhang/cage_fault,Cage_NO_CROSS_DATASET_MATCH,fault_configuration,data/raw_mafaulda/full/underhang/cage_fault/6g/58.9824.csv,50000,3538.944,added_mass_6g,bearing_cage_fault,added_mass_6g,underhang,,mafaulda_underhang_cage_fault_6g,,,,,,True,split seed 202; operational folder taxonomy kept verbatim (naming caveat M2 not remapped)
methodology_v2.part2.v1,2,MAFAULDA,test,mafaulda_underhang_cage_fault_6g_60.2112,mafaulda_underhang_cage_fault_6g,underhang/cage_fault,Cage_NO_CROSS_DATASET_MATCH,fault_configuration,data/raw_mafaulda/full/underhang/cage_fault/6g/60.2112.csv,50000,3612.672,added_mass_6g,bearing_cage_fault,added_mass_6g,underhang,,mafaulda_underhang_cage_fault_6g,,,,,,True,split seed 202; operational folder taxonomy kept verbatim (naming caveat M2 not remapped)
methodology_v2.part2.v1,2,MAFAULDA,test,mafaulda_underhang_cage_fault_6g_61.0304,mafaulda_underhang_cage_fault_6g,underhang/cage_fault,Cage_NO_CROSS_DATASET_MATCH,fault_configuration,data/raw_mafaulda/full/underhang/cage_fault/6g/61.0304.csv,50000,3661.824,added_mass_6g,bearing_cage_fault,added_mass_6g,underhang,,mafaulda_underhang_cage_fault_6g,,,,,,True,split seed 202; operational folder taxonomy kept verbatim (naming caveat M2 not remapped)
methodology_v2.part2.v1,2,MAFAULDA,test,mafaulda_underhang_cage_fault_6g_62.0544,mafaulda_underhang_cage_fault_6g,underhang/cage_fault,Cage_NO_CROSS_DATASET_MATCH,fault_configuration,data/raw_mafaulda/full/underhang/cage_fault/6g/62.0544.csv,50000,3723.264,added_mass_6g,bearing_cage_fault,added_mass_6g,underhang,,mafaulda_underhang_cage_fault_6g,,,,,,True,split seed 202; operational folder taxonomy kept verbatim (naming caveat M2 not remapped)
methodology_v2.part2.v1,2,MAFAULDA,train,mafaulda_underhang_outer_race_0g_13.5168,mafaulda_underhang_outer_race_0g,underhang/outer_race,OuterRace,fault_configuration,data/raw_mafaulda/full/underhang/outer_race/0g/13.5168.csv,50000,811.008,added_mass_0g,bearing_outer_race,added_mass_0g,underhang,,mafaulda_underhang_outer_race_0g,,,,,,True,split seed 202; operational folder taxonomy kept verbatim (naming caveat M2 not remapped)
methodology_v2.part2.v1,2,MAFAULDA,train,mafaulda_underhang_outer_race_0g_14.7456,mafaulda_underhang_outer_race_0g,underhang/outer_race,OuterRace,fault_configuration,data/raw_mafaulda/full/underhang/outer_race/0g/14.7456.csv,50000,884.736,added_mass_0g,bearing_outer_race,added_mass_0g,underhang,,mafaulda_underhang_outer_race_0g,,,,,,True,split seed 202; operational folder taxonomy kept verbatim (naming caveat M2 not remapped)
methodology_v2.part2.v1,2,MAFAULDA,train,mafaulda_underhang_outer_race_0g_15.5648,mafaulda_underhang_outer_race_0g,underhang/outer_race,OuterRace,fault_configuration,data/raw_mafaulda/full/underhang/outer_race/0g/15.5648.csv,50000,933.888,added_mass_0g,bearing_outer_race,added_mass_0g,underhang,,mafaulda_underhang_outer_race_0g,,,,,,True,split seed 202; operational folder taxonomy kept verbatim (naming caveat M2 not remapped)
methodology_v2.part2.v1,2,MAFAULDA,train,mafaulda_underhang_outer_race_0g_16.384,mafaulda_underhang_outer_race_0g,underhang/outer_race,OuterRace,fault_configuration,data/raw_mafaulda/full/underhang/outer_race/0g/16.384.csv,50000,983.04,added_mass_0g,bearing_outer_race,added_mass_0g,underhang,,mafaulda_underhang_outer_race_0g,,,,,,True,split seed 202; operational folder taxonomy kept verbatim (naming caveat M2 not remapped)
methodology_v2.part2.v1,2,MAFAULDA,train,mafaulda_underhang_outer_race_0g_17.6128,mafaulda_underhang_outer_race_0g,underhang/outer_race,OuterRace,fault_configuration,data/raw_mafaulda/full/underhang/outer_race/0g/17.6128.csv,50000,1056.768,added_mass_0g,bearing_outer_race,added_mass_0g,underhang,,mafaulda_underhang_outer_race_0g,,,,,,True,split seed 202; operational folder taxonomy kept verbatim (naming caveat M2 not remapped)
methodology_v2.part2.v1,2,MAFAULDA,train,mafaulda_underhang_outer_race_0g_18.6368,mafaulda_underhang_outer_race_0g,underhang/outer_race,OuterRace,fault_configuration,data/raw_mafaulda/full/underhang/outer_race/0g/18.6368.csv,50000,1118.208,added_mass_0g,bearing_outer_race,added_mass_0g,underhang,,mafaulda_underhang_outer_race_0g,,,,,,True,split seed 202; operational folder taxonomy kept verbatim (naming caveat M2 not remapped)
methodology_v2.part2.v1,2,MAFAULDA,train,mafaulda_underhang_outer_race_0g_19.6608,mafaulda_underhang_outer_race_0g,underhang/outer_race,OuterRace,fault_configuration,data/raw_mafaulda/full/underhang/outer_race/0g/19.6608.csv,50000,1179.648,added_mass_0g,bearing_outer_race,added_mass_0g,underhang,,mafaulda_underhang_outer_race_0g,,,,,,True,split seed 202; operational folder taxonomy kept verbatim (naming caveat M2 not remapped)
methodology_v2.part2.v1,2,MAFAULDA,train,mafaulda_underhang_outer_race_0g_20.6848,mafaulda_underhang_outer_race_0g,underhang/outer_race,OuterRace,fault_configuration,data/raw_mafaulda/full/underhang/outer_race/0g/20.6848.csv,50000,1241.088,added_mass_0g,bearing_outer_race,added_mass_0g,underhang,,mafaulda_underhang_outer_race_0g,,,,,,True,split seed 202; operational folder taxonomy kept verbatim (naming caveat M2 not remapped)
methodology_v2.part2.v1,2,MAFAULDA,train,mafaulda_underhang_outer_race_0g_21.504,mafaulda_underhang_outer_race_0g,underhang/outer_race,OuterRace,fault_configuration,data/raw_mafaulda/full/underhang/outer_race/0g/21.504.csv,50000,1290.24,added_mass_0g,bearing_outer_race,added_mass_0g,underhang,,mafaulda_underhang_outer_race_0g,,,,,,True,split seed 202; operational folder taxonomy kept verbatim (naming caveat M2 not remapped)
methodology_v2.part2.v1,2,MAFAULDA,train,mafaulda_underhang_outer_race_0g_22.528,mafaulda_underhang_outer_race_0g,underhang/outer_race,OuterRace,fault_configuration,data/raw_mafaulda/full/underhang/outer_race/0g/22.528.csv,50000,1351.6799999999998,added_mass_0g,bearing_outer_race,added_mass_0g,underhang,,mafaulda_underhang_outer_race_0g,,,,,,True,split seed 202; operational folder taxonomy kept verbatim (naming caveat M2 not remapped)
methodology_v2.part2.v1,2,MAFAULDA,train,mafaulda_underhang_outer_race_0g_23.7568,mafaulda_underhang_outer_race_0g,underhang/outer_race,OuterRace,fault_configuration,data/raw_mafaulda/full/underhang/outer_race/0g/23.7568.csv,50000,1425.408,added_mass_0g,bearing_outer_race,added_mass_0g,underhang,,mafaulda_underhang_outer_race_0g,,,,,,True,split seed 202; operational folder taxonomy kept verbatim (naming caveat M2 not remapped)
methodology_v2.part2.v1,2,MAFAULDA,train,mafaulda_underhang_outer_race_0g_24.576,mafaulda_underhang_outer_race_0g,underhang/outer_race,OuterRace,fault_configuration,data/raw_mafaulda/full/underhang/outer_race/0g/24.576.csv,50000,1474.56,added_mass_0g,bearing_outer_race,added_mass_0g,underhang,,mafaulda_underhang_outer_race_0g,,,,,,True,split seed 202; operational folder taxonomy kept verbatim (naming caveat M2 not remapped)
methodology_v2.part2.v1,2,MAFAULDA,train,mafaulda_underhang_outer_race_0g_25.6,mafaulda_underhang_outer_race_0g,underhang/outer_race,OuterRace,fault_configuration,data/raw_mafaulda/full/underhang/outer_race/0g/25.6.csv,50000,1536.0,added_mass_0g,bearing_outer_race,added_mass_0g,underhang,,mafaulda_underhang_outer_race_0g,,,,,,True,split seed 202; operational folder taxonomy kept verbatim (naming caveat M2 not remapped)
methodology_v2.part2.v1,2,MAFAULDA,train,mafaulda_underhang_outer_race_0g_26.624,mafaulda_underhang_outer_race_0g,underhang/outer_race,OuterRace,fault_configuration,data/raw_mafaulda/full/underhang/outer_race/0g/26.624.csv,50000,1597.4399999999998,added_mass_0g,bearing_outer_race,added_mass_0g,underhang,,mafaulda_underhang_outer_race_0g,,,,,,True,split seed 202; operational folder taxonomy kept verbatim (naming caveat M2 not remapped)
methodology_v2.part2.v1,2,MAFAULDA,train,mafaulda_underhang_outer_race_0g_26.8288,mafaulda_underhang_outer_race_0g,underhang/outer_race,OuterRace,fault_configuration,data/raw_mafaulda/full/underhang/outer_race/0g/26.8288.csv,50000,1609.728,added_mass_0g,bearing_outer_race,added_mass_0g,underhang,,mafaulda_underhang_outer_race_0g,,,,,,True,split seed 202; operational folder taxonomy kept verbatim (naming caveat M2 not remapped)
methodology_v2.part2.v1,2,MAFAULDA,train,mafaulda_underhang_outer_race_0g_28.672,mafaulda_underhang_outer_race_0g,underhang/outer_race,OuterRace,fault_configuration,data/raw_mafaulda/full/underhang/outer_race/0g/28.672.csv,50000,1720.32,added_mass_0g,bearing_outer_race,added_mass_0g,underhang,,mafaulda_underhang_outer_race_0g,,,,,,True,split seed 202; operational folder taxonomy kept verbatim (naming caveat M2 not remapped)
methodology_v2.part2.v1,2,MAFAULDA,train,mafaulda_underhang_outer_race_0g_29.4912,mafaulda_underhang_outer_race_0g,underhang/outer_race,OuterRace,fault_configuration,data/raw_mafaulda/full/underhang/outer_race/0g/29.4912.csv,50000,1769.472,added_mass_0g,bearing_outer_race,added_mass_0g,underhang,,mafaulda_underhang_outer_race_0g,,,,,,True,split seed 202; operational folder taxonomy kept verbatim (naming caveat M2 not remapped)
methodology_v2.part2.v1,2,MAFAULDA,train,mafaulda_underhang_outer_race_0g_30.72,mafaulda_underhang_outer_race_0g,underhang/outer_race,OuterRace,fault_configuration,data/raw_mafaulda/full/underhang/outer_race/0g/30.72.csv,50000,1843.2,added_mass_0g,bearing_outer_race,added_mass_0g,underhang,,mafaulda_underhang_outer_race_0g,,,,,,True,split seed 202; operational folder taxonomy kept verbatim (naming caveat M2 not remapped)
methodology_v2.part2.v1,2,MAFAULDA,train,mafaulda_underhang_outer_race_0g_31.3344,mafaulda_underhang_outer_race_0g,underhang/outer_race,OuterRace,fault_configuration,data/raw_mafaulda/full/underhang/outer_race/0g/31.3344.csv,50000,1880.064,added_mass_0g,bearing_outer_race,added_mass_0g,underhang,,mafaulda_underhang_outer_race_0g,,,,,,True,split seed 202; operational folder taxonomy kept verbatim (naming caveat M2 not remapped)
methodology_v2.part2.v1,2,MAFAULDA,train,mafaulda_underhang_outer_race_0g_32.768,mafaulda_underhang_outer_race_0g,underhang/outer_race,OuterRace,fault_configuration,data/raw_mafaulda/full/underhang/outer_race/0g/32.768.csv,50000,1966.08,added_mass_0g,bearing_outer_race,added_mass_0g,underhang,,mafaulda_underhang_outer_race_0g,,,,,,True,split seed 202; operational folder taxonomy kept verbatim (naming caveat M2 not remapped)
methodology_v2.part2.v1,2,MAFAULDA,train,mafaulda_underhang_outer_race_0g_33.792,mafaulda_underhang_outer_race_0g,underhang/outer_race,OuterRace,fault_configuration,data/raw_mafaulda/full/underhang/outer_race/0g/33.792.csv,50000,2027.52,added_mass_0g,bearing_outer_race,added_mass_0g,underhang,,mafaulda_underhang_outer_race_0g,,,,,,True,split seed 202; operational folder taxonomy kept verbatim (naming caveat M2 not remapped)
methodology_v2.part2.v1,2,MAFAULDA,train,mafaulda_underhang_outer_race_0g_34.816,mafaulda_underhang_outer_race_0g,underhang/outer_race,OuterRace,fault_configuration,data/raw_mafaulda/full/underhang/outer_race/0g/34.816.csv,50000,2088.96,added_mass_0g,bearing_outer_race,added_mass_0g,underhang,,mafaulda_underhang_outer_race_0g,,,,,,True,split seed 202; operational folder taxonomy kept verbatim (naming caveat M2 not remapped)
methodology_v2.part2.v1,2,MAFAULDA,train,mafaulda_underhang_outer_race_0g_35.4304,mafaulda_underhang_outer_race_0g,underhang/outer_race,OuterRace,fault_configuration,data/raw_mafaulda/full/underhang/outer_race/0g/35.4304.csv,50000,2125.824,added_mass_0g,bearing_outer_race,added_mass_0g,underhang,,mafaulda_underhang_outer_race_0g,,,,,,True,split seed 202; operational folder taxonomy kept verbatim (naming caveat M2 not remapped)
methodology_v2.part2.v1,2,MAFAULDA,train,mafaulda_underhang_outer_race_0g_36.6592,mafaulda_underhang_outer_race_0g,underhang/outer_race,OuterRace,fault_configuration,data/raw_mafaulda/full/underhang/outer_race/0g/36.6592.csv,50000,2199.552,added_mass_0g,bearing_outer_race,added_mass_0g,underhang,,mafaulda_underhang_outer_race_0g,,,,,,True,split seed 202; operational folder taxonomy kept verbatim (naming caveat M2 not remapped)
methodology_v2.part2.v1,2,MAFAULDA,train,mafaulda_underhang_outer_race_0g_37.2736,mafaulda_underhang_outer_race_0g,underhang/outer_race,OuterRace,fault_configuration,data/raw_mafaulda/full/underhang/outer_race/0g/37.2736.csv,50000,2236.416,added_mass_0g,bearing_outer_race,added_mass_0g,underhang,,mafaulda_underhang_outer_race_0g,,,,,,True,split seed 202; operational folder taxonomy kept verbatim (naming caveat M2 not remapped)
methodology_v2.part2.v1,2,MAFAULDA,train,mafaulda_underhang_outer_race_0g_38.7072,mafaulda_underhang_outer_race_0g,underhang/outer_race,OuterRace,fault_configuration,data/raw_mafaulda/full/underhang/outer_race/0g/38.7072.csv,50000,2322.432,added_mass_0g,bearing_outer_race,added_mass_0g,underhang,,mafaulda_underhang_outer_race_0g,,,,,,True,split seed 202; operational folder taxonomy kept verbatim (naming caveat M2 not remapped)
methodology_v2.part2.v1,2,MAFAULDA,train,mafaulda_underhang_outer_race_0g_39.5264,mafaulda_underhang_outer_race_0g,underhang/outer_race,OuterRace,fault_configuration,data/raw_mafaulda/full/underhang/outer_race/0g/39.5264.csv,50000,2371.5840000000003,added_mass_0g,bearing_outer_race,added_mass_0g,underhang,,mafaulda_underhang_outer_race_0g,,,,,,True,split seed 202; operational folder taxonomy kept verbatim (naming caveat M2 not remapped)
methodology_v2.part2.v1,2,MAFAULDA,train,mafaulda_underhang_outer_race_0g_40.7552,mafaulda_underhang_outer_race_0g,underhang/outer_race,OuterRace,fault_configuration,data/raw_mafaulda/full/underhang/outer_race/0g/40.7552.csv,50000,2445.312,added_mass_0g,bearing_outer_race,added_mass_0g,underhang,,mafaulda_underhang_outer_race_0g,,,,,,True,split seed 202; operational folder taxonomy kept verbatim (naming caveat M2 not remapped)
methodology_v2.part2.v1,2,MAFAULDA,train,mafaulda_underhang_outer_race_0g_41.7792,mafaulda_underhang_outer_race_0g,underhang/outer_race,OuterRace,fault_configuration,data/raw_mafaulda/full/underhang/outer_race/0g/41.7792.csv,50000,2506.7520000000004,added_mass_0g,bearing_outer_race,added_mass_0g,underhang,,mafaulda_underhang_outer_race_0g,,,,,,True,split seed 202; operational folder taxonomy kept verbatim (naming caveat M2 not remapped)
methodology_v2.part2.v1,2,MAFAULDA,train,mafaulda_underhang_outer_race_0g_43.008,mafaulda_underhang_outer_race_0g,underhang/outer_race,OuterRace,fault_configuration,data/raw_mafaulda/full/underhang/outer_race/0g/43.008.csv,50000,2580.48,added_mass_0g,bearing_outer_race,added_mass_0g,underhang,,mafaulda_underhang_outer_race_0g,,,,,,True,split seed 202; operational folder taxonomy kept verbatim (naming caveat M2 not remapped)
methodology_v2.part2.v1,2,MAFAULDA,train,mafaulda_underhang_outer_race_0g_43.8272,mafaulda_underhang_outer_race_0g,underhang/outer_race,OuterRace,fault_configuration,data/raw_mafaulda/full/underhang/outer_race/0g/43.8272.csv,50000,2629.632,added_mass_0g,bearing_outer_race,added_mass_0g,underhang,,mafaulda_underhang_outer_race_0g,,,,,,True,split seed 202; operational folder taxonomy kept verbatim (naming caveat M2 not remapped)
methodology_v2.part2.v1,2,MAFAULDA,train,mafaulda_underhang_outer_race_0g_44.6464,mafaulda_underhang_outer_race_0g,underhang/outer_race,OuterRace,fault_configuration,data/raw_mafaulda/full/underhang/outer_race/0g/44.6464.csv,50000,2678.784,added_mass_0g,bearing_outer_race,added_mass_0g,underhang,,mafaulda_underhang_outer_race_0g,,,,,,True,split seed 202; operational folder taxonomy kept verbatim (naming caveat M2 not remapped)
methodology_v2.part2.v1,2,MAFAULDA,train,mafaulda_underhang_outer_race_0g_45.6704,mafaulda_underhang_outer_race_0g,underhang/outer_race,OuterRace,fault_configuration,data/raw_mafaulda/full/underhang/outer_race/0g/45.6704.csv,50000,2740.224,added_mass_0g,bearing_outer_race,added_mass_0g,underhang,,mafaulda_underhang_outer_race_0g,,,,,,True,split seed 202; operational folder taxonomy kept verbatim (naming caveat M2 not remapped)
methodology_v2.part2.v1,2,MAFAULDA,train,mafaulda_underhang_outer_race_0g_46.4896,mafaulda_underhang_outer_race_0g,underhang/outer_race,OuterRace,fault_configuration,data/raw_mafaulda/full/underhang/outer_race/0g/46.4896.csv,50000,2789.376,added_mass_0g,bearing_outer_race,added_mass_0g,underhang,,mafaulda_underhang_outer_race_0g,,,,,,True,split seed 202; operational folder taxonomy kept verbatim (naming caveat M2 not remapped)
methodology_v2.part2.v1,2,MAFAULDA,train,mafaulda_underhang_outer_race_0g_47.9232,mafaulda_underhang_outer_race_0g,underhang/outer_race,OuterRace,fault_configuration,data/raw_mafaulda/full/underhang/outer_race/0g/47.9232.csv,50000,2875.3920000000003,added_mass_0g,bearing_outer_race,added_mass_0g,underhang,,mafaulda_underhang_outer_race_0g,,,,,,True,split seed 202; operational folder taxonomy kept verbatim (naming caveat M2 not remapped)
methodology_v2.part2.v1,2,MAFAULDA,train,mafaulda_underhang_outer_race_0g_48.5376,mafaulda_underhang_outer_race_0g,underhang/outer_race,OuterRace,fault_configuration,data/raw_mafaulda/full/underhang/outer_race/0g/48.5376.csv,50000,2912.256,added_mass_0g,bearing_outer_race,added_mass_0g,underhang,,mafaulda_underhang_outer_race_0g,,,,,,True,split seed 202; operational folder taxonomy kept verbatim (naming caveat M2 not remapped)
methodology_v2.part2.v1,2,MAFAULDA,train,mafaulda_underhang_outer_race_0g_49.7664,mafaulda_underhang_outer_race_0g,underhang/outer_race,OuterRace,fault_configuration,data/raw_mafaulda/full/underhang/outer_race/0g/49.7664.csv,50000,2985.984,added_mass_0g,bearing_outer_race,added_mass_0g,underhang,,mafaulda_underhang_outer_race_0g,,,,,,True,split seed 202; operational folder taxonomy kept verbatim (naming caveat M2 not remapped)
methodology_v2.part2.v1,2,MAFAULDA,train,mafaulda_underhang_outer_race_0g_49.9712,mafaulda_underhang_outer_race_0g,underhang/outer_race,OuterRace,fault_configuration,data/raw_mafaulda/full/underhang/outer_race/0g/49.9712.csv,50000,2998.2720000000004,added_mass_0g,bearing_outer_race,added_mass_0g,underhang,,mafaulda_underhang_outer_race_0g,,,,,,True,split seed 202; operational folder taxonomy kept verbatim (naming caveat M2 not remapped)
methodology_v2.part2.v1,2,MAFAULDA,train,mafaulda_underhang_outer_race_0g_51.4048,mafaulda_underhang_outer_race_0g,underhang/outer_race,OuterRace,fault_configuration,data/raw_mafaulda/full/underhang/outer_race/0g/51.4048.csv,50000,3084.288,added_mass_0g,bearing_outer_race,added_mass_0g,underhang,,mafaulda_underhang_outer_race_0g,,,,,,True,split seed 202; operational folder taxonomy kept verbatim (naming caveat M2 not remapped)
methodology_v2.part2.v1,2,MAFAULDA,train,mafaulda_underhang_outer_race_0g_52.224,mafaulda_underhang_outer_race_0g,underhang/outer_race,OuterRace,fault_configuration,data/raw_mafaulda/full/underhang/outer_race/0g/52.224.csv,50000,3133.44,added_mass_0g,bearing_outer_race,added_mass_0g,underhang,,mafaulda_underhang_outer_race_0g,,,,,,True,split seed 202; operational folder taxonomy kept verbatim (naming caveat M2 not remapped)
methodology_v2.part2.v1,2,MAFAULDA,train,mafaulda_underhang_outer_race_0g_53.4528,mafaulda_underhang_outer_race_0g,underhang/outer_race,OuterRace,fault_configuration,data/raw_mafaulda/full/underhang/outer_race/0g/53.4528.csv,50000,3207.168,added_mass_0g,bearing_outer_race,added_mass_0g,underhang,,mafaulda_underhang_outer_race_0g,,,,,,True,split seed 202; operational folder taxonomy kept verbatim (naming caveat M2 not remapped)
methodology_v2.part2.v1,2,MAFAULDA,train,mafaulda_underhang_outer_race_0g_54.272,mafaulda_underhang_outer_race_0g,underhang/outer_race,OuterRace,fault_configuration,data/raw_mafaulda/full/underhang/outer_race/0g/54.272.csv,50000,3256.32,added_mass_0g,bearing_outer_race,added_mass_0g,underhang,,mafaulda_underhang_outer_race_0g,,,,,,True,split seed 202; operational folder taxonomy kept verbatim (naming caveat M2 not remapped)
methodology_v2.part2.v1,2,MAFAULDA,train,mafaulda_underhang_outer_race_0g_55.296,mafaulda_underhang_outer_race_0g,underhang/outer_race,OuterRace,fault_configuration,data/raw_mafaulda/full/underhang/outer_race/0g/55.296.csv,50000,3317.76,added_mass_0g,bearing_outer_race,added_mass_0g,underhang,,mafaulda_underhang_outer_race_0g,,,,,,True,split seed 202; operational folder taxonomy kept verbatim (naming caveat M2 not remapped)
methodology_v2.part2.v1,2,MAFAULDA,train,mafaulda_underhang_outer_race_0g_56.7296,mafaulda_underhang_outer_race_0g,underhang/outer_race,OuterRace,fault_configuration,data/raw_mafaulda/full/underhang/outer_race/0g/56.7296.csv,50000,3403.776,added_mass_0g,bearing_outer_race,added_mass_0g,underhang,,mafaulda_underhang_outer_race_0g,,,,,,True,split seed 202; operational folder taxonomy kept verbatim (naming caveat M2 not remapped)
methodology_v2.part2.v1,2,MAFAULDA,train,mafaulda_underhang_outer_race_0g_57.7536,mafaulda_underhang_outer_race_0g,underhang/outer_race,OuterRace,fault_configuration,data/raw_mafaulda/full/underhang/outer_race/0g/57.7536.csv,50000,3465.216,added_mass_0g,bearing_outer_race,added_mass_0g,underhang,,mafaulda_underhang_outer_race_0g,,,,,,True,split seed 202; operational folder taxonomy kept verbatim (naming caveat M2 not remapped)
methodology_v2.part2.v1,2,MAFAULDA,train,mafaulda_underhang_outer_race_0g_58.368,mafaulda_underhang_outer_race_0g,underhang/outer_race,OuterRace,fault_configuration,data/raw_mafaulda/full/underhang/outer_race/0g/58.368.csv,50000,3502.08,added_mass_0g,bearing_outer_race,added_mass_0g,underhang,,mafaulda_underhang_outer_race_0g,,,,,,True,split seed 202; operational folder taxonomy kept verbatim (naming caveat M2 not remapped)
methodology_v2.part2.v1,2,MAFAULDA,train,mafaulda_underhang_outer_race_0g_59.1872,mafaulda_underhang_outer_race_0g,underhang/outer_race,OuterRace,fault_configuration,data/raw_mafaulda/full/underhang/outer_race/0g/59.1872.csv,50000,3551.232,added_mass_0g,bearing_outer_race,added_mass_0g,underhang,,mafaulda_underhang_outer_race_0g,,,,,,True,split seed 202; operational folder taxonomy kept verbatim (naming caveat M2 not remapped)
methodology_v2.part2.v1,2,MAFAULDA,train,mafaulda_underhang_outer_race_0g_60.416,mafaulda_underhang_outer_race_0g,underhang/outer_race,OuterRace,fault_configuration,data/raw_mafaulda/full/underhang/outer_race/0g/60.416.csv,50000,3624.96,added_mass_0g,bearing_outer_race,added_mass_0g,underhang,,mafaulda_underhang_outer_race_0g,,,,,,True,split seed 202; operational folder taxonomy kept verbatim (naming caveat M2 not remapped)
methodology_v2.part2.v1,2,MAFAULDA,train,mafaulda_underhang_outer_race_0g_61.2352,mafaulda_underhang_outer_race_0g,underhang/outer_race,OuterRace,fault_configuration,data/raw_mafaulda/full/underhang/outer_race/0g/61.2352.csv,50000,3674.112,added_mass_0g,bearing_outer_race,added_mass_0g,underhang,,mafaulda_underhang_outer_race_0g,,,,,,True,split seed 202; operational folder taxonomy kept verbatim (naming caveat M2 not remapped)
methodology_v2.part2.v1,2,MAFAULDA,validation,mafaulda_underhang_outer_race_20g_12.9024,mafaulda_underhang_outer_race_20g,underhang/outer_race,OuterRace,fault_configuration,data/raw_mafaulda/full/underhang/outer_race/20g/12.9024.csv,50000,774.144,added_mass_20g,bearing_outer_race,added_mass_20g,underhang,,mafaulda_underhang_outer_race_20g,,,,,,True,split seed 202; operational folder taxonomy kept verbatim (naming caveat M2 not remapped)
methodology_v2.part2.v1,2,MAFAULDA,validation,mafaulda_underhang_outer_race_20g_13.9264,mafaulda_underhang_outer_race_20g,underhang/outer_race,OuterRace,fault_configuration,data/raw_mafaulda/full/underhang/outer_race/20g/13.9264.csv,50000,835.584,added_mass_20g,bearing_outer_race,added_mass_20g,underhang,,mafaulda_underhang_outer_race_20g,,,,,,True,split seed 202; operational folder taxonomy kept verbatim (naming caveat M2 not remapped)
methodology_v2.part2.v1,2,MAFAULDA,validation,mafaulda_underhang_outer_race_20g_15.9744,mafaulda_underhang_outer_race_20g,underhang/outer_race,OuterRace,fault_configuration,data/raw_mafaulda/full/underhang/outer_race/20g/15.9744.csv,50000,958.464,added_mass_20g,bearing_outer_race,added_mass_20g,underhang,,mafaulda_underhang_outer_race_20g,,,,,,True,split seed 202; operational folder taxonomy kept verbatim (naming caveat M2 not remapped)
methodology_v2.part2.v1,2,MAFAULDA,validation,mafaulda_underhang_outer_race_20g_16.384,mafaulda_underhang_outer_race_20g,underhang/outer_race,OuterRace,fault_configuration,data/raw_mafaulda/full/underhang/outer_race/20g/16.384.csv,50000,983.04,added_mass_20g,bearing_outer_race,added_mass_20g,underhang,,mafaulda_underhang_outer_race_20g,,,,,,True,split seed 202; operational folder taxonomy kept verbatim (naming caveat M2 not remapped)
methodology_v2.part2.v1,2,MAFAULDA,validation,mafaulda_underhang_outer_race_20g_16.9984,mafaulda_underhang_outer_race_20g,underhang/outer_race,OuterRace,fault_configuration,data/raw_mafaulda/full/underhang/outer_race/20g/16.9984.csv,50000,1019.904,added_mass_20g,bearing_outer_race,added_mass_20g,underhang,,mafaulda_underhang_outer_race_20g,,,,,,True,split seed 202; operational folder taxonomy kept verbatim (naming caveat M2 not remapped)
methodology_v2.part2.v1,2,MAFAULDA,validation,mafaulda_underhang_outer_race_20g_18.2272,mafaulda_underhang_outer_race_20g,underhang/outer_race,OuterRace,fault_configuration,data/raw_mafaulda/full/underhang/outer_race/20g/18.2272.csv,50000,1093.632,added_mass_20g,bearing_outer_race,added_mass_20g,underhang,,mafaulda_underhang_outer_race_20g,,,,,,True,split seed 202; operational folder taxonomy kept verbatim (naming caveat M2 not remapped)
methodology_v2.part2.v1,2,MAFAULDA,validation,mafaulda_underhang_outer_race_20g_19.456,mafaulda_underhang_outer_race_20g,underhang/outer_race,OuterRace,fault_configuration,data/raw_mafaulda/full/underhang/outer_race/20g/19.456.csv,50000,1167.36,added_mass_20g,bearing_outer_race,added_mass_20g,underhang,,mafaulda_underhang_outer_race_20g,,,,,,True,split seed 202; operational folder taxonomy kept verbatim (naming caveat M2 not remapped)
methodology_v2.part2.v1,2,MAFAULDA,validation,mafaulda_underhang_outer_race_20g_20.2752,mafaulda_underhang_outer_race_20g,underhang/outer_race,OuterRace,fault_configuration,data/raw_mafaulda/full/underhang/outer_race/20g/20.2752.csv,50000,1216.5120000000002,added_mass_20g,bearing_outer_race,added_mass_20g,underhang,,mafaulda_underhang_outer_race_20g,,,,,,True,split seed 202; operational folder taxonomy kept verbatim (naming caveat M2 not remapped)
methodology_v2.part2.v1,2,MAFAULDA,validation,mafaulda_underhang_outer_race_20g_21.0944,mafaulda_underhang_outer_race_20g,underhang/outer_race,OuterRace,fault_configuration,data/raw_mafaulda/full/underhang/outer_race/20g/21.0944.csv,50000,1265.664,added_mass_20g,bearing_outer_race,added_mass_20g,underhang,,mafaulda_underhang_outer_race_20g,,,,,,True,split seed 202; operational folder taxonomy kept verbatim (naming caveat M2 not remapped)
methodology_v2.part2.v1,2,MAFAULDA,validation,mafaulda_underhang_outer_race_20g_22.3232,mafaulda_underhang_outer_race_20g,underhang/outer_race,OuterRace,fault_configuration,data/raw_mafaulda/full/underhang/outer_race/20g/22.3232.csv,50000,1339.392,added_mass_20g,bearing_outer_race,added_mass_20g,underhang,,mafaulda_underhang_outer_race_20g,,,,,,True,split seed 202; operational folder taxonomy kept verbatim (naming caveat M2 not remapped)
methodology_v2.part2.v1,2,MAFAULDA,validation,mafaulda_underhang_outer_race_20g_23.1424,mafaulda_underhang_outer_race_20g,underhang/outer_race,OuterRace,fault_configuration,data/raw_mafaulda/full/underhang/outer_race/20g/23.1424.csv,50000,1388.544,added_mass_20g,bearing_outer_race,added_mass_20g,underhang,,mafaulda_underhang_outer_race_20g,,,,,,True,split seed 202; operational folder taxonomy kept verbatim (naming caveat M2 not remapped)
methodology_v2.part2.v1,2,MAFAULDA,validation,mafaulda_underhang_outer_race_20g_24.3712,mafaulda_underhang_outer_race_20g,underhang/outer_race,OuterRace,fault_configuration,data/raw_mafaulda/full/underhang/outer_race/20g/24.3712.csv,50000,1462.2720000000002,added_mass_20g,bearing_outer_race,added_mass_20g,underhang,,mafaulda_underhang_outer_race_20g,,,,,,True,split seed 202; operational folder taxonomy kept verbatim (naming caveat M2 not remapped)
methodology_v2.part2.v1,2,MAFAULDA,validation,mafaulda_underhang_outer_race_20g_25.8048,mafaulda_underhang_outer_race_20g,underhang/outer_race,OuterRace,fault_configuration,data/raw_mafaulda/full/underhang/outer_race/20g/25.8048.csv,50000,1548.288,added_mass_20g,bearing_outer_race,added_mass_20g,underhang,,mafaulda_underhang_outer_race_20g,,,,,,True,split seed 202; operational folder taxonomy kept verbatim (naming caveat M2 not remapped)
methodology_v2.part2.v1,2,MAFAULDA,validation,mafaulda_underhang_outer_race_20g_26.624,mafaulda_underhang_outer_race_20g,underhang/outer_race,OuterRace,fault_configuration,data/raw_mafaulda/full/underhang/outer_race/20g/26.624.csv,50000,1597.4399999999998,added_mass_20g,bearing_outer_race,added_mass_20g,underhang,,mafaulda_underhang_outer_race_20g,,,,,,True,split seed 202; operational folder taxonomy kept verbatim (naming caveat M2 not remapped)
methodology_v2.part2.v1,2,MAFAULDA,validation,mafaulda_underhang_outer_race_20g_28.0576,mafaulda_underhang_outer_race_20g,underhang/outer_race,OuterRace,fault_configuration,data/raw_mafaulda/full/underhang/outer_race/20g/28.0576.csv,50000,1683.456,added_mass_20g,bearing_outer_race,added_mass_20g,underhang,,mafaulda_underhang_outer_race_20g,,,,,,True,split seed 202; operational folder taxonomy kept verbatim (naming caveat M2 not remapped)
methodology_v2.part2.v1,2,MAFAULDA,validation,mafaulda_underhang_outer_race_20g_28.4672,mafaulda_underhang_outer_race_20g,underhang/outer_race,OuterRace,fault_configuration,data/raw_mafaulda/full/underhang/outer_race/20g/28.4672.csv,50000,1708.032,added_mass_20g,bearing_outer_race,added_mass_20g,underhang,,mafaulda_underhang_outer_race_20g,,,,,,True,split seed 202; operational folder taxonomy kept verbatim (naming caveat M2 not remapped)
methodology_v2.part2.v1,2,MAFAULDA,validation,mafaulda_underhang_outer_race_20g_29.4912,mafaulda_underhang_outer_race_20g,underhang/outer_race,OuterRace,fault_configuration,data/raw_mafaulda/full/underhang/outer_race/20g/29.4912.csv,50000,1769.472,added_mass_20g,bearing_outer_race,added_mass_20g,underhang,,mafaulda_underhang_outer_race_20g,,,,,,True,split seed 202; operational folder taxonomy kept verbatim (naming caveat M2 not remapped)
methodology_v2.part2.v1,2,MAFAULDA,validation,mafaulda_underhang_outer_race_20g_30.72,mafaulda_underhang_outer_race_20g,underhang/outer_race,OuterRace,fault_configuration,data/raw_mafaulda/full/underhang/outer_race/20g/30.72.csv,50000,1843.2,added_mass_20g,bearing_outer_race,added_mass_20g,underhang,,mafaulda_underhang_outer_race_20g,,,,,,True,split seed 202; operational folder taxonomy kept verbatim (naming caveat M2 not remapped)
methodology_v2.part2.v1,2,MAFAULDA,validation,mafaulda_underhang_outer_race_20g_31.9488,mafaulda_underhang_outer_race_20g,underhang/outer_race,OuterRace,fault_configuration,data/raw_mafaulda/full/underhang/outer_race/20g/31.9488.csv,50000,1916.928,added_mass_20g,bearing_outer_race,added_mass_20g,underhang,,mafaulda_underhang_outer_race_20g,,,,,,True,split seed 202; operational folder taxonomy kept verbatim (naming caveat M2 not remapped)
methodology_v2.part2.v1,2,MAFAULDA,validation,mafaulda_underhang_outer_race_20g_32.3584,mafaulda_underhang_outer_race_20g,underhang/outer_race,OuterRace,fault_configuration,data/raw_mafaulda/full/underhang/outer_race/20g/32.3584.csv,50000,1941.504,added_mass_20g,bearing_outer_race,added_mass_20g,underhang,,mafaulda_underhang_outer_race_20g,,,,,,True,split seed 202; operational folder taxonomy kept verbatim (naming caveat M2 not remapped)
methodology_v2.part2.v1,2,MAFAULDA,validation,mafaulda_underhang_outer_race_20g_33.1776,mafaulda_underhang_outer_race_20g,underhang/outer_race,OuterRace,fault_configuration,data/raw_mafaulda/full/underhang/outer_race/20g/33.1776.csv,50000,1990.656,added_mass_20g,bearing_outer_race,added_mass_20g,underhang,,mafaulda_underhang_outer_race_20g,,,,,,True,split seed 202; operational folder taxonomy kept verbatim (naming caveat M2 not remapped)
methodology_v2.part2.v1,2,MAFAULDA,validation,mafaulda_underhang_outer_race_20g_34.2016,mafaulda_underhang_outer_race_20g,underhang/outer_race,OuterRace,fault_configuration,data/raw_mafaulda/full/underhang/outer_race/20g/34.2016.csv,50000,2052.096,added_mass_20g,bearing_outer_race,added_mass_20g,underhang,,mafaulda_underhang_outer_race_20g,,,,,,True,split seed 202; operational folder taxonomy kept verbatim (naming caveat M2 not remapped)
methodology_v2.part2.v1,2,MAFAULDA,validation,mafaulda_underhang_outer_race_20g_35.0208,mafaulda_underhang_outer_race_20g,underhang/outer_race,OuterRace,fault_configuration,data/raw_mafaulda/full/underhang/outer_race/20g/35.0208.csv,50000,2101.248,added_mass_20g,bearing_outer_race,added_mass_20g,underhang,,mafaulda_underhang_outer_race_20g,,,,,,True,split seed 202; operational folder taxonomy kept verbatim (naming caveat M2 not remapped)
methodology_v2.part2.v1,2,MAFAULDA,validation,mafaulda_underhang_outer_race_20g_36.6592,mafaulda_underhang_outer_race_20g,underhang/outer_race,OuterRace,fault_configuration,data/raw_mafaulda/full/underhang/outer_race/20g/36.6592.csv,50000,2199.552,added_mass_20g,bearing_outer_race,added_mass_20g,underhang,,mafaulda_underhang_outer_race_20g,,,,,,True,split seed 202; operational folder taxonomy kept verbatim (naming caveat M2 not remapped)
methodology_v2.part2.v1,2,MAFAULDA,validation,mafaulda_underhang_outer_race_20g_37.888,mafaulda_underhang_outer_race_20g,underhang/outer_race,OuterRace,fault_configuration,data/raw_mafaulda/full/underhang/outer_race/20g/37.888.csv,50000,2273.28,added_mass_20g,bearing_outer_race,added_mass_20g,underhang,,mafaulda_underhang_outer_race_20g,,,,,,True,split seed 202; operational folder taxonomy kept verbatim (naming caveat M2 not remapped)
methodology_v2.part2.v1,2,MAFAULDA,validation,mafaulda_underhang_outer_race_20g_38.2976,mafaulda_underhang_outer_race_20g,underhang/outer_race,OuterRace,fault_configuration,data/raw_mafaulda/full/underhang/outer_race/20g/38.2976.csv,50000,2297.856,added_mass_20g,bearing_outer_race,added_mass_20g,underhang,,mafaulda_underhang_outer_race_20g,,,,,,True,split seed 202; operational folder taxonomy kept verbatim (naming caveat M2 not remapped)
methodology_v2.part2.v1,2,MAFAULDA,validation,mafaulda_underhang_outer_race_20g_39.1168,mafaulda_underhang_outer_race_20g,underhang/outer_race,OuterRace,fault_configuration,data/raw_mafaulda/full/underhang/outer_race/20g/39.1168.csv,50000,2347.008,added_mass_20g,bearing_outer_race,added_mass_20g,underhang,,mafaulda_underhang_outer_race_20g,,,,,,True,split seed 202; operational folder taxonomy kept verbatim (naming caveat M2 not remapped)
methodology_v2.part2.v1,2,MAFAULDA,validation,mafaulda_underhang_outer_race_20g_40.3456,mafaulda_underhang_outer_race_20g,underhang/outer_race,OuterRace,fault_configuration,data/raw_mafaulda/full/underhang/outer_race/20g/40.3456.csv,50000,2420.736,added_mass_20g,bearing_outer_race,added_mass_20g,underhang,,mafaulda_underhang_outer_race_20g,,,,,,True,split seed 202; operational folder taxonomy kept verbatim (naming caveat M2 not remapped)
methodology_v2.part2.v1,2,MAFAULDA,validation,mafaulda_underhang_outer_race_20g_41.3696,mafaulda_underhang_outer_race_20g,underhang/outer_race,OuterRace,fault_configuration,data/raw_mafaulda/full/underhang/outer_race/20g/41.3696.csv,50000,2482.176,added_mass_20g,bearing_outer_race,added_mass_20g,underhang,,mafaulda_underhang_outer_race_20g,,,,,,True,split seed 202; operational folder taxonomy kept verbatim (naming caveat M2 not remapped)
methodology_v2.part2.v1,2,MAFAULDA,validation,mafaulda_underhang_outer_race_20g_42.3936,mafaulda_underhang_outer_race_20g,underhang/outer_race,OuterRace,fault_configuration,data/raw_mafaulda/full/underhang/outer_race/20g/42.3936.csv,50000,2543.616,added_mass_20g,bearing_outer_race,added_mass_20g,underhang,,mafaulda_underhang_outer_race_20g,,,,,,True,split seed 202; operational folder taxonomy kept verbatim (naming caveat M2 not remapped)
methodology_v2.part2.v1,2,MAFAULDA,validation,mafaulda_underhang_outer_race_20g_43.6224,mafaulda_underhang_outer_race_20g,underhang/outer_race,OuterRace,fault_configuration,data/raw_mafaulda/full/underhang/outer_race/20g/43.6224.csv,50000,2617.344,added_mass_20g,bearing_outer_race,added_mass_20g,underhang,,mafaulda_underhang_outer_race_20g,,,,,,True,split seed 202; operational folder taxonomy kept verbatim (naming caveat M2 not remapped)
methodology_v2.part2.v1,2,MAFAULDA,validation,mafaulda_underhang_outer_race_20g_44.4416,mafaulda_underhang_outer_race_20g,underhang/outer_race,OuterRace,fault_configuration,data/raw_mafaulda/full/underhang/outer_race/20g/44.4416.csv,50000,2666.496,added_mass_20g,bearing_outer_race,added_mass_20g,underhang,,mafaulda_underhang_outer_race_20g,,,,,,True,split seed 202; operational folder taxonomy kept verbatim (naming caveat M2 not remapped)
methodology_v2.part2.v1,2,MAFAULDA,validation,mafaulda_underhang_outer_race_20g_45.6704,mafaulda_underhang_outer_race_20g,underhang/outer_race,OuterRace,fault_configuration,data/raw_mafaulda/full/underhang/outer_race/20g/45.6704.csv,50000,2740.224,added_mass_20g,bearing_outer_race,added_mass_20g,underhang,,mafaulda_underhang_outer_race_20g,,,,,,True,split seed 202; operational folder taxonomy kept verbatim (naming caveat M2 not remapped)
methodology_v2.part2.v1,2,MAFAULDA,validation,mafaulda_underhang_outer_race_20g_46.8992,mafaulda_underhang_outer_race_20g,underhang/outer_race,OuterRace,fault_configuration,data/raw_mafaulda/full/underhang/outer_race/20g/46.8992.csv,50000,2813.952,added_mass_20g,bearing_outer_race,added_mass_20g,underhang,,mafaulda_underhang_outer_race_20g,,,,,,True,split seed 202; operational folder taxonomy kept verbatim (naming caveat M2 not remapped)
methodology_v2.part2.v1,2,MAFAULDA,validation,mafaulda_underhang_outer_race_20g_47.3088,mafaulda_underhang_outer_race_20g,underhang/outer_race,OuterRace,fault_configuration,data/raw_mafaulda/full/underhang/outer_race/20g/47.3088.csv,50000,2838.528,added_mass_20g,bearing_outer_race,added_mass_20g,underhang,,mafaulda_underhang_outer_race_20g,,,,,,True,split seed 202; operational folder taxonomy kept verbatim (naming caveat M2 not remapped)
methodology_v2.part2.v1,2,MAFAULDA,validation,mafaulda_underhang_outer_race_20g_48.3328,mafaulda_underhang_outer_race_20g,underhang/outer_race,OuterRace,fault_configuration,data/raw_mafaulda/full/underhang/outer_race/20g/48.3328.csv,50000,2899.968,added_mass_20g,bearing_outer_race,added_mass_20g,underhang,,mafaulda_underhang_outer_race_20g,,,,,,True,split seed 202; operational folder taxonomy kept verbatim (naming caveat M2 not remapped)
methodology_v2.part2.v1,2,MAFAULDA,validation,mafaulda_underhang_outer_race_20g_49.3568,mafaulda_underhang_outer_race_20g,underhang/outer_race,OuterRace,fault_configuration,data/raw_mafaulda/full/underhang/outer_race/20g/49.3568.csv,50000,2961.408,added_mass_20g,bearing_outer_race,added_mass_20g,underhang,,mafaulda_underhang_outer_race_20g,,,,,,True,split seed 202; operational folder taxonomy kept verbatim (naming caveat M2 not remapped)
methodology_v2.part2.v1,2,MAFAULDA,validation,mafaulda_underhang_outer_race_20g_50.5856,mafaulda_underhang_outer_race_20g,underhang/outer_race,OuterRace,fault_configuration,data/raw_mafaulda/full/underhang/outer_race/20g/50.5856.csv,50000,3035.136,added_mass_20g,bearing_outer_race,added_mass_20g,underhang,,mafaulda_underhang_outer_race_20g,,,,,,True,split seed 202; operational folder taxonomy kept verbatim (naming caveat M2 not remapped)
methodology_v2.part2.v1,2,MAFAULDA,validation,mafaulda_underhang_outer_race_20g_51.2,mafaulda_underhang_outer_race_20g,underhang/outer_race,OuterRace,fault_configuration,data/raw_mafaulda/full/underhang/outer_race/20g/51.2.csv,50000,3072.0,added_mass_20g,bearing_outer_race,added_mass_20g,underhang,,mafaulda_underhang_outer_race_20g,,,,,,True,split seed 202; operational folder taxonomy kept verbatim (naming caveat M2 not remapped)
methodology_v2.part2.v1,2,MAFAULDA,validation,mafaulda_underhang_outer_race_20g_52.224,mafaulda_underhang_outer_race_20g,underhang/outer_race,OuterRace,fault_configuration,data/raw_mafaulda/full/underhang/outer_race/20g/52.224.csv,50000,3133.44,added_mass_20g,bearing_outer_race,added_mass_20g,underhang,,mafaulda_underhang_outer_race_20g,,,,,,True,split seed 202; operational folder taxonomy kept verbatim (naming caveat M2 not remapped)
methodology_v2.part2.v1,2,MAFAULDA,validation,mafaulda_underhang_outer_race_20g_53.4528,mafaulda_underhang_outer_race_20g,underhang/outer_race,OuterRace,fault_configuration,data/raw_mafaulda/full/underhang/outer_race/20g/53.4528.csv,50000,3207.168,added_mass_20g,bearing_outer_race,added_mass_20g,underhang,,mafaulda_underhang_outer_race_20g,,,,,,True,split seed 202; operational folder taxonomy kept verbatim (naming caveat M2 not remapped)
methodology_v2.part2.v1,2,MAFAULDA,validation,mafaulda_underhang_outer_race_20g_54.0672,mafaulda_underhang_outer_race_20g,underhang/outer_race,OuterRace,fault_configuration,data/raw_mafaulda/full/underhang/outer_race/20g/54.0672.csv,50000,3244.032,added_mass_20g,bearing_outer_race,added_mass_20g,underhang,,mafaulda_underhang_outer_race_20g,,,,,,True,split seed 202; operational folder taxonomy kept verbatim (naming caveat M2 not remapped)
methodology_v2.part2.v1,2,MAFAULDA,validation,mafaulda_underhang_outer_race_20g_55.296,mafaulda_underhang_outer_race_20g,underhang/outer_race,OuterRace,fault_configuration,data/raw_mafaulda/full/underhang/outer_race/20g/55.296.csv,50000,3317.76,added_mass_20g,bearing_outer_race,added_mass_20g,underhang,,mafaulda_underhang_outer_race_20g,,,,,,True,split seed 202; operational folder taxonomy kept verbatim (naming caveat M2 not remapped)
methodology_v2.part2.v1,2,MAFAULDA,validation,mafaulda_underhang_outer_race_20g_56.7296,mafaulda_underhang_outer_race_20g,underhang/outer_race,OuterRace,fault_configuration,data/raw_mafaulda/full/underhang/outer_race/20g/56.7296.csv,50000,3403.776,added_mass_20g,bearing_outer_race,added_mass_20g,underhang,,mafaulda_underhang_outer_race_20g,,,,,,True,split seed 202; operational folder taxonomy kept verbatim (naming caveat M2 not remapped)
methodology_v2.part2.v1,2,MAFAULDA,validation,mafaulda_underhang_outer_race_20g_57.5488,mafaulda_underhang_outer_race_20g,underhang/outer_race,OuterRace,fault_configuration,data/raw_mafaulda/full/underhang/outer_race/20g/57.5488.csv,50000,3452.928,added_mass_20g,bearing_outer_race,added_mass_20g,underhang,,mafaulda_underhang_outer_race_20g,,,,,,True,split seed 202; operational folder taxonomy kept verbatim (naming caveat M2 not remapped)
methodology_v2.part2.v1,2,MAFAULDA,validation,mafaulda_underhang_outer_race_20g_58.5728,mafaulda_underhang_outer_race_20g,underhang/outer_race,OuterRace,fault_configuration,data/raw_mafaulda/full/underhang/outer_race/20g/58.5728.csv,50000,3514.368,added_mass_20g,bearing_outer_race,added_mass_20g,underhang,,mafaulda_underhang_outer_race_20g,,,,,,True,split seed 202; operational folder taxonomy kept verbatim (naming caveat M2 not remapped)
methodology_v2.part2.v1,2,MAFAULDA,validation,mafaulda_underhang_outer_race_20g_59.392,mafaulda_underhang_outer_race_20g,underhang/outer_race,OuterRace,fault_configuration,data/raw_mafaulda/full/underhang/outer_race/20g/59.392.csv,50000,3563.52,added_mass_20g,bearing_outer_race,added_mass_20g,underhang,,mafaulda_underhang_outer_race_20g,,,,,,True,split seed 202; operational folder taxonomy kept verbatim (naming caveat M2 not remapped)
methodology_v2.part2.v1,2,MAFAULDA,validation,mafaulda_underhang_outer_race_20g_60.6208,mafaulda_underhang_outer_race_20g,underhang/outer_race,OuterRace,fault_configuration,data/raw_mafaulda/full/underhang/outer_race/20g/60.6208.csv,50000,3637.248,added_mass_20g,bearing_outer_race,added_mass_20g,underhang,,mafaulda_underhang_outer_race_20g,,,,,,True,split seed 202; operational folder taxonomy kept verbatim (naming caveat M2 not remapped)
methodology_v2.part2.v1,2,MAFAULDA,validation,mafaulda_underhang_outer_race_20g_61.44,mafaulda_underhang_outer_race_20g,underhang/outer_race,OuterRace,fault_configuration,data/raw_mafaulda/full/underhang/outer_race/20g/61.44.csv,50000,3686.4,added_mass_20g,bearing_outer_race,added_mass_20g,underhang,,mafaulda_underhang_outer_race_20g,,,,,,True,split seed 202; operational folder taxonomy kept verbatim (naming caveat M2 not remapped)
methodology_v2.part2.v1,2,MAFAULDA,test,mafaulda_underhang_outer_race_35g_13.1072,mafaulda_underhang_outer_race_35g,underhang/outer_race,OuterRace,fault_configuration,data/raw_mafaulda/full/underhang/outer_race/35g/13.1072.csv,50000,786.432,added_mass_35g,bearing_outer_race,added_mass_35g,underhang,,mafaulda_underhang_outer_race_35g,,,,,,True,split seed 202; operational folder taxonomy kept verbatim (naming caveat M2 not remapped)
methodology_v2.part2.v1,2,MAFAULDA,test,mafaulda_underhang_outer_race_35g_14.7456,mafaulda_underhang_outer_race_35g,underhang/outer_race,OuterRace,fault_configuration,data/raw_mafaulda/full/underhang/outer_race/35g/14.7456.csv,50000,884.736,added_mass_35g,bearing_outer_race,added_mass_35g,underhang,,mafaulda_underhang_outer_race_35g,,,,,,True,split seed 202; operational folder taxonomy kept verbatim (naming caveat M2 not remapped)
methodology_v2.part2.v1,2,MAFAULDA,test,mafaulda_underhang_outer_race_35g_16.384,mafaulda_underhang_outer_race_35g,underhang/outer_race,OuterRace,fault_configuration,data/raw_mafaulda/full/underhang/outer_race/35g/16.384.csv,50000,983.04,added_mass_35g,bearing_outer_race,added_mass_35g,underhang,,mafaulda_underhang_outer_race_35g,,,,,,True,split seed 202; operational folder taxonomy kept verbatim (naming caveat M2 not remapped)
methodology_v2.part2.v1,2,MAFAULDA,test,mafaulda_underhang_outer_race_35g_17.8176,mafaulda_underhang_outer_race_35g,underhang/outer_race,OuterRace,fault_configuration,data/raw_mafaulda/full/underhang/outer_race/35g/17.8176.csv,50000,1069.056,added_mass_35g,bearing_outer_race,added_mass_35g,underhang,,mafaulda_underhang_outer_race_35g,,,,,,True,split seed 202; operational folder taxonomy kept verbatim (naming caveat M2 not remapped)
methodology_v2.part2.v1,2,MAFAULDA,test,mafaulda_underhang_outer_race_35g_18.6368,mafaulda_underhang_outer_race_35g,underhang/outer_race,OuterRace,fault_configuration,data/raw_mafaulda/full/underhang/outer_race/35g/18.6368.csv,50000,1118.208,added_mass_35g,bearing_outer_race,added_mass_35g,underhang,,mafaulda_underhang_outer_race_35g,,,,,,True,split seed 202; operational folder taxonomy kept verbatim (naming caveat M2 not remapped)
methodology_v2.part2.v1,2,MAFAULDA,test,mafaulda_underhang_outer_race_35g_19.2512,mafaulda_underhang_outer_race_35g,underhang/outer_race,OuterRace,fault_configuration,data/raw_mafaulda/full/underhang/outer_race/35g/19.2512.csv,50000,1155.072,added_mass_35g,bearing_outer_race,added_mass_35g,underhang,,mafaulda_underhang_outer_race_35g,,,,,,True,split seed 202; operational folder taxonomy kept verbatim (naming caveat M2 not remapped)
methodology_v2.part2.v1,2,MAFAULDA,test,mafaulda_underhang_outer_race_35g_20.6848,mafaulda_underhang_outer_race_35g,underhang/outer_race,OuterRace,fault_configuration,data/raw_mafaulda/full/underhang/outer_race/35g/20.6848.csv,50000,1241.088,added_mass_35g,bearing_outer_race,added_mass_35g,underhang,,mafaulda_underhang_outer_race_35g,,,,,,True,split seed 202; operational folder taxonomy kept verbatim (naming caveat M2 not remapped)
methodology_v2.part2.v1,2,MAFAULDA,test,mafaulda_underhang_outer_race_35g_21.0944,mafaulda_underhang_outer_race_35g,underhang/outer_race,OuterRace,fault_configuration,data/raw_mafaulda/full/underhang/outer_race/35g/21.0944.csv,50000,1265.664,added_mass_35g,bearing_outer_race,added_mass_35g,underhang,,mafaulda_underhang_outer_race_35g,,,,,,True,split seed 202; operational folder taxonomy kept verbatim (naming caveat M2 not remapped)
methodology_v2.part2.v1,2,MAFAULDA,test,mafaulda_underhang_outer_race_35g_22.3232,mafaulda_underhang_outer_race_35g,underhang/outer_race,OuterRace,fault_configuration,data/raw_mafaulda/full/underhang/outer_race/35g/22.3232.csv,50000,1339.392,added_mass_35g,bearing_outer_race,added_mass_35g,underhang,,mafaulda_underhang_outer_race_35g,,,,,,True,split seed 202; operational folder taxonomy kept verbatim (naming caveat M2 not remapped)
methodology_v2.part2.v1,2,MAFAULDA,test,mafaulda_underhang_outer_race_35g_23.552,mafaulda_underhang_outer_race_35g,underhang/outer_race,OuterRace,fault_configuration,data/raw_mafaulda/full/underhang/outer_race/35g/23.552.csv,50000,1413.12,added_mass_35g,bearing_outer_race,added_mass_35g,underhang,,mafaulda_underhang_outer_race_35g,,,,,,True,split seed 202; operational folder taxonomy kept verbatim (naming caveat M2 not remapped)
methodology_v2.part2.v1,2,MAFAULDA,test,mafaulda_underhang_outer_race_35g_24.3712,mafaulda_underhang_outer_race_35g,underhang/outer_race,OuterRace,fault_configuration,data/raw_mafaulda/full/underhang/outer_race/35g/24.3712.csv,50000,1462.2720000000002,added_mass_35g,bearing_outer_race,added_mass_35g,underhang,,mafaulda_underhang_outer_race_35g,,,,,,True,split seed 202; operational folder taxonomy kept verbatim (naming caveat M2 not remapped)
methodology_v2.part2.v1,2,MAFAULDA,test,mafaulda_underhang_outer_race_35g_25.8048,mafaulda_underhang_outer_race_35g,underhang/outer_race,OuterRace,fault_configuration,data/raw_mafaulda/full/underhang/outer_race/35g/25.8048.csv,50000,1548.288,added_mass_35g,bearing_outer_race,added_mass_35g,underhang,,mafaulda_underhang_outer_race_35g,,,,,,True,split seed 202; operational folder taxonomy kept verbatim (naming caveat M2 not remapped)
methodology_v2.part2.v1,2,MAFAULDA,test,mafaulda_underhang_outer_race_35g_26.2144,mafaulda_underhang_outer_race_35g,underhang/outer_race,OuterRace,fault_configuration,data/raw_mafaulda/full/underhang/outer_race/35g/26.2144.csv,50000,1572.864,added_mass_35g,bearing_outer_race,added_mass_35g,underhang,,mafaulda_underhang_outer_race_35g,,,,,,True,split seed 202; operational folder taxonomy kept verbatim (naming caveat M2 not remapped)
methodology_v2.part2.v1,2,MAFAULDA,test,mafaulda_underhang_outer_race_35g_27.2384,mafaulda_underhang_outer_race_35g,underhang/outer_race,OuterRace,fault_configuration,data/raw_mafaulda/full/underhang/outer_race/35g/27.2384.csv,50000,1634.304,added_mass_35g,bearing_outer_race,added_mass_35g,underhang,,mafaulda_underhang_outer_race_35g,,,,,,True,split seed 202; operational folder taxonomy kept verbatim (naming caveat M2 not remapped)
methodology_v2.part2.v1,2,MAFAULDA,test,mafaulda_underhang_outer_race_35g_28.672,mafaulda_underhang_outer_race_35g,underhang/outer_race,OuterRace,fault_configuration,data/raw_mafaulda/full/underhang/outer_race/35g/28.672.csv,50000,1720.32,added_mass_35g,bearing_outer_race,added_mass_35g,underhang,,mafaulda_underhang_outer_race_35g,,,,,,True,split seed 202; operational folder taxonomy kept verbatim (naming caveat M2 not remapped)
methodology_v2.part2.v1,2,MAFAULDA,test,mafaulda_underhang_outer_race_35g_29.4912,mafaulda_underhang_outer_race_35g,underhang/outer_race,OuterRace,fault_configuration,data/raw_mafaulda/full/underhang/outer_race/35g/29.4912.csv,50000,1769.472,added_mass_35g,bearing_outer_race,added_mass_35g,underhang,,mafaulda_underhang_outer_race_35g,,,,,,True,split seed 202; operational folder taxonomy kept verbatim (naming caveat M2 not remapped)
methodology_v2.part2.v1,2,MAFAULDA,test,mafaulda_underhang_outer_race_35g_30.9248,mafaulda_underhang_outer_race_35g,underhang/outer_race,OuterRace,fault_configuration,data/raw_mafaulda/full/underhang/outer_race/35g/30.9248.csv,50000,1855.488,added_mass_35g,bearing_outer_race,added_mass_35g,underhang,,mafaulda_underhang_outer_race_35g,,,,,,True,split seed 202; operational folder taxonomy kept verbatim (naming caveat M2 not remapped)
methodology_v2.part2.v1,2,MAFAULDA,test,mafaulda_underhang_outer_race_35g_31.5392,mafaulda_underhang_outer_race_35g,underhang/outer_race,OuterRace,fault_configuration,data/raw_mafaulda/full/underhang/outer_race/35g/31.5392.csv,50000,1892.352,added_mass_35g,bearing_outer_race,added_mass_35g,underhang,,mafaulda_underhang_outer_race_35g,,,,,,True,split seed 202; operational folder taxonomy kept verbatim (naming caveat M2 not remapped)
methodology_v2.part2.v1,2,MAFAULDA,test,mafaulda_underhang_outer_race_35g_32.5632,mafaulda_underhang_outer_race_35g,underhang/outer_race,OuterRace,fault_configuration,data/raw_mafaulda/full/underhang/outer_race/35g/32.5632.csv,50000,1953.792,added_mass_35g,bearing_outer_race,added_mass_35g,underhang,,mafaulda_underhang_outer_race_35g,,,,,,True,split seed 202; operational folder taxonomy kept verbatim (naming caveat M2 not remapped)
methodology_v2.part2.v1,2,MAFAULDA,test,mafaulda_underhang_outer_race_35g_33.1776,mafaulda_underhang_outer_race_35g,underhang/outer_race,OuterRace,fault_configuration,data/raw_mafaulda/full/underhang/outer_race/35g/33.1776.csv,50000,1990.656,added_mass_35g,bearing_outer_race,added_mass_35g,underhang,,mafaulda_underhang_outer_race_35g,,,,,,True,split seed 202; operational folder taxonomy kept verbatim (naming caveat M2 not remapped)
methodology_v2.part2.v1,2,MAFAULDA,test,mafaulda_underhang_outer_race_35g_34.2016,mafaulda_underhang_outer_race_35g,underhang/outer_race,OuterRace,fault_configuration,data/raw_mafaulda/full/underhang/outer_race/35g/34.2016.csv,50000,2052.096,added_mass_35g,bearing_outer_race,added_mass_35g,underhang,,mafaulda_underhang_outer_race_35g,,,,,,True,split seed 202; operational folder taxonomy kept verbatim (naming caveat M2 not remapped)
methodology_v2.part2.v1,2,MAFAULDA,test,mafaulda_underhang_outer_race_35g_35.6352,mafaulda_underhang_outer_race_35g,underhang/outer_race,OuterRace,fault_configuration,data/raw_mafaulda/full/underhang/outer_race/35g/35.6352.csv,50000,2138.112,added_mass_35g,bearing_outer_race,added_mass_35g,underhang,,mafaulda_underhang_outer_race_35g,,,,,,True,split seed 202; operational folder taxonomy kept verbatim (naming caveat M2 not remapped)
methodology_v2.part2.v1,2,MAFAULDA,test,mafaulda_underhang_outer_race_35g_36.4544,mafaulda_underhang_outer_race_35g,underhang/outer_race,OuterRace,fault_configuration,data/raw_mafaulda/full/underhang/outer_race/35g/36.4544.csv,50000,2187.264,added_mass_35g,bearing_outer_race,added_mass_35g,underhang,,mafaulda_underhang_outer_race_35g,,,,,,True,split seed 202; operational folder taxonomy kept verbatim (naming caveat M2 not remapped)
methodology_v2.part2.v1,2,MAFAULDA,test,mafaulda_underhang_outer_race_35g_37.4784,mafaulda_underhang_outer_race_35g,underhang/outer_race,OuterRace,fault_configuration,data/raw_mafaulda/full/underhang/outer_race/35g/37.4784.csv,50000,2248.704,added_mass_35g,bearing_outer_race,added_mass_35g,underhang,,mafaulda_underhang_outer_race_35g,,,,,,True,split seed 202; operational folder taxonomy kept verbatim (naming caveat M2 not remapped)
methodology_v2.part2.v1,2,MAFAULDA,test,mafaulda_underhang_outer_race_35g_38.0928,mafaulda_underhang_outer_race_35g,underhang/outer_race,OuterRace,fault_configuration,data/raw_mafaulda/full/underhang/outer_race/35g/38.0928.csv,50000,2285.568,added_mass_35g,bearing_outer_race,added_mass_35g,underhang,,mafaulda_underhang_outer_race_35g,,,,,,True,split seed 202; operational folder taxonomy kept verbatim (naming caveat M2 not remapped)
methodology_v2.part2.v1,2,MAFAULDA,test,mafaulda_underhang_outer_race_35g_39.3216,mafaulda_underhang_outer_race_35g,underhang/outer_race,OuterRace,fault_configuration,data/raw_mafaulda/full/underhang/outer_race/35g/39.3216.csv,50000,2359.296,added_mass_35g,bearing_outer_race,added_mass_35g,underhang,,mafaulda_underhang_outer_race_35g,,,,,,True,split seed 202; operational folder taxonomy kept verbatim (naming caveat M2 not remapped)
methodology_v2.part2.v1,2,MAFAULDA,test,mafaulda_underhang_outer_race_35g_39.936,mafaulda_underhang_outer_race_35g,underhang/outer_race,OuterRace,fault_configuration,data/raw_mafaulda/full/underhang/outer_race/35g/39.936.csv,50000,2396.16,added_mass_35g,bearing_outer_race,added_mass_35g,underhang,,mafaulda_underhang_outer_race_35g,,,,,,True,split seed 202; operational folder taxonomy kept verbatim (naming caveat M2 not remapped)
methodology_v2.part2.v1,2,MAFAULDA,test,mafaulda_underhang_outer_race_35g_40.96,mafaulda_underhang_outer_race_35g,underhang/outer_race,OuterRace,fault_configuration,data/raw_mafaulda/full/underhang/outer_race/35g/40.96.csv,50000,2457.6,added_mass_35g,bearing_outer_race,added_mass_35g,underhang,,mafaulda_underhang_outer_race_35g,,,,,,True,split seed 202; operational folder taxonomy kept verbatim (naming caveat M2 not remapped)
methodology_v2.part2.v1,2,MAFAULDA,test,mafaulda_underhang_outer_race_35g_42.1888,mafaulda_underhang_outer_race_35g,underhang/outer_race,OuterRace,fault_configuration,data/raw_mafaulda/full/underhang/outer_race/35g/42.1888.csv,50000,2531.328,added_mass_35g,bearing_outer_race,added_mass_35g,underhang,,mafaulda_underhang_outer_race_35g,,,,,,True,split seed 202; operational folder taxonomy kept verbatim (naming caveat M2 not remapped)
methodology_v2.part2.v1,2,MAFAULDA,test,mafaulda_underhang_outer_race_35g_43.4176,mafaulda_underhang_outer_race_35g,underhang/outer_race,OuterRace,fault_configuration,data/raw_mafaulda/full/underhang/outer_race/35g/43.4176.csv,50000,2605.056,added_mass_35g,bearing_outer_race,added_mass_35g,underhang,,mafaulda_underhang_outer_race_35g,,,,,,True,split seed 202; operational folder taxonomy kept verbatim (naming caveat M2 not remapped)
methodology_v2.part2.v1,2,MAFAULDA,test,mafaulda_underhang_outer_race_35g_44.2368,mafaulda_underhang_outer_race_35g,underhang/outer_race,OuterRace,fault_configuration,data/raw_mafaulda/full/underhang/outer_race/35g/44.2368.csv,50000,2654.208,added_mass_35g,bearing_outer_race,added_mass_35g,underhang,,mafaulda_underhang_outer_race_35g,,,,,,True,split seed 202; operational folder taxonomy kept verbatim (naming caveat M2 not remapped)
methodology_v2.part2.v1,2,MAFAULDA,test,mafaulda_underhang_outer_race_35g_45.6704,mafaulda_underhang_outer_race_35g,underhang/outer_race,OuterRace,fault_configuration,data/raw_mafaulda/full/underhang/outer_race/35g/45.6704.csv,50000,2740.224,added_mass_35g,bearing_outer_race,added_mass_35g,underhang,,mafaulda_underhang_outer_race_35g,,,,,,True,split seed 202; operational folder taxonomy kept verbatim (naming caveat M2 not remapped)
methodology_v2.part2.v1,2,MAFAULDA,test,mafaulda_underhang_outer_race_35g_46.8992,mafaulda_underhang_outer_race_35g,underhang/outer_race,OuterRace,fault_configuration,data/raw_mafaulda/full/underhang/outer_race/35g/46.8992.csv,50000,2813.952,added_mass_35g,bearing_outer_race,added_mass_35g,underhang,,mafaulda_underhang_outer_race_35g,,,,,,True,split seed 202; operational folder taxonomy kept verbatim (naming caveat M2 not remapped)
methodology_v2.part2.v1,2,MAFAULDA,test,mafaulda_underhang_outer_race_35g_47.104,mafaulda_underhang_outer_race_35g,underhang/outer_race,OuterRace,fault_configuration,data/raw_mafaulda/full/underhang/outer_race/35g/47.104.csv,50000,2826.24,added_mass_35g,bearing_outer_race,added_mass_35g,underhang,,mafaulda_underhang_outer_race_35g,,,,,,True,split seed 202; operational folder taxonomy kept verbatim (naming caveat M2 not remapped)
methodology_v2.part2.v1,2,MAFAULDA,test,mafaulda_underhang_outer_race_35g_48.128,mafaulda_underhang_outer_race_35g,underhang/outer_race,OuterRace,fault_configuration,data/raw_mafaulda/full/underhang/outer_race/35g/48.128.csv,50000,2887.68,added_mass_35g,bearing_outer_race,added_mass_35g,underhang,,mafaulda_underhang_outer_race_35g,,,,,,True,split seed 202; operational folder taxonomy kept verbatim (naming caveat M2 not remapped)
methodology_v2.part2.v1,2,MAFAULDA,test,mafaulda_underhang_outer_race_35g_48.9472,mafaulda_underhang_outer_race_35g,underhang/outer_race,OuterRace,fault_configuration,data/raw_mafaulda/full/underhang/outer_race/35g/48.9472.csv,50000,2936.8320000000003,added_mass_35g,bearing_outer_race,added_mass_35g,underhang,,mafaulda_underhang_outer_race_35g,,,,,,True,split seed 202; operational folder taxonomy kept verbatim (naming caveat M2 not remapped)
methodology_v2.part2.v1,2,MAFAULDA,test,mafaulda_underhang_outer_race_35g_58.9824,mafaulda_underhang_outer_race_35g,underhang/outer_race,OuterRace,fault_configuration,data/raw_mafaulda/full/underhang/outer_race/35g/58.9824.csv,50000,3538.944,added_mass_35g,bearing_outer_race,added_mass_35g,underhang,,mafaulda_underhang_outer_race_35g,,,,,,True,split seed 202; operational folder taxonomy kept verbatim (naming caveat M2 not remapped)
methodology_v2.part2.v1,2,MAFAULDA,train,mafaulda_underhang_outer_race_6g_13.5168,mafaulda_underhang_outer_race_6g,underhang/outer_race,OuterRace,fault_configuration,data/raw_mafaulda/full/underhang/outer_race/6g/13.5168.csv,50000,811.008,added_mass_6g,bearing_outer_race,added_mass_6g,underhang,,mafaulda_underhang_outer_race_6g,,,,,,True,split seed 202; operational folder taxonomy kept verbatim (naming caveat M2 not remapped)
methodology_v2.part2.v1,2,MAFAULDA,train,mafaulda_underhang_outer_race_6g_14.336,mafaulda_underhang_outer_race_6g,underhang/outer_race,OuterRace,fault_configuration,data/raw_mafaulda/full/underhang/outer_race/6g/14.336.csv,50000,860.16,added_mass_6g,bearing_outer_race,added_mass_6g,underhang,,mafaulda_underhang_outer_race_6g,,,,,,True,split seed 202; operational folder taxonomy kept verbatim (naming caveat M2 not remapped)
methodology_v2.part2.v1,2,MAFAULDA,train,mafaulda_underhang_outer_race_6g_15.7696,mafaulda_underhang_outer_race_6g,underhang/outer_race,OuterRace,fault_configuration,data/raw_mafaulda/full/underhang/outer_race/6g/15.7696.csv,50000,946.176,added_mass_6g,bearing_outer_race,added_mass_6g,underhang,,mafaulda_underhang_outer_race_6g,,,,,,True,split seed 202; operational folder taxonomy kept verbatim (naming caveat M2 not remapped)
methodology_v2.part2.v1,2,MAFAULDA,train,mafaulda_underhang_outer_race_6g_16.7936,mafaulda_underhang_outer_race_6g,underhang/outer_race,OuterRace,fault_configuration,data/raw_mafaulda/full/underhang/outer_race/6g/16.7936.csv,50000,1007.616,added_mass_6g,bearing_outer_race,added_mass_6g,underhang,,mafaulda_underhang_outer_race_6g,,,,,,True,split seed 202; operational folder taxonomy kept verbatim (naming caveat M2 not remapped)
methodology_v2.part2.v1,2,MAFAULDA,train,mafaulda_underhang_outer_race_6g_17.6128,mafaulda_underhang_outer_race_6g,underhang/outer_race,OuterRace,fault_configuration,data/raw_mafaulda/full/underhang/outer_race/6g/17.6128.csv,50000,1056.768,added_mass_6g,bearing_outer_race,added_mass_6g,underhang,,mafaulda_underhang_outer_race_6g,,,,,,True,split seed 202; operational folder taxonomy kept verbatim (naming caveat M2 not remapped)
methodology_v2.part2.v1,2,MAFAULDA,train,mafaulda_underhang_outer_race_6g_18.432,mafaulda_underhang_outer_race_6g,underhang/outer_race,OuterRace,fault_configuration,data/raw_mafaulda/full/underhang/outer_race/6g/18.432.csv,50000,1105.9199999999998,added_mass_6g,bearing_outer_race,added_mass_6g,underhang,,mafaulda_underhang_outer_race_6g,,,,,,True,split seed 202; operational folder taxonomy kept verbatim (naming caveat M2 not remapped)
methodology_v2.part2.v1,2,MAFAULDA,train,mafaulda_underhang_outer_race_6g_19.8656,mafaulda_underhang_outer_race_6g,underhang/outer_race,OuterRace,fault_configuration,data/raw_mafaulda/full/underhang/outer_race/6g/19.8656.csv,50000,1191.936,added_mass_6g,bearing_outer_race,added_mass_6g,underhang,,mafaulda_underhang_outer_race_6g,,,,,,True,split seed 202; operational folder taxonomy kept verbatim (naming caveat M2 not remapped)
methodology_v2.part2.v1,2,MAFAULDA,train,mafaulda_underhang_outer_race_6g_20.0704,mafaulda_underhang_outer_race_6g,underhang/outer_race,OuterRace,fault_configuration,data/raw_mafaulda/full/underhang/outer_race/6g/20.0704.csv,50000,1204.224,added_mass_6g,bearing_outer_race,added_mass_6g,underhang,,mafaulda_underhang_outer_race_6g,,,,,,True,split seed 202; operational folder taxonomy kept verbatim (naming caveat M2 not remapped)
methodology_v2.part2.v1,2,MAFAULDA,train,mafaulda_underhang_outer_race_6g_21.0944,mafaulda_underhang_outer_race_6g,underhang/outer_race,OuterRace,fault_configuration,data/raw_mafaulda/full/underhang/outer_race/6g/21.0944.csv,50000,1265.664,added_mass_6g,bearing_outer_race,added_mass_6g,underhang,,mafaulda_underhang_outer_race_6g,,,,,,True,split seed 202; operational folder taxonomy kept verbatim (naming caveat M2 not remapped)
methodology_v2.part2.v1,2,MAFAULDA,train,mafaulda_underhang_outer_race_6g_21.9136,mafaulda_underhang_outer_race_6g,underhang/outer_race,OuterRace,fault_configuration,data/raw_mafaulda/full/underhang/outer_race/6g/21.9136.csv,50000,1314.816,added_mass_6g,bearing_outer_race,added_mass_6g,underhang,,mafaulda_underhang_outer_race_6g,,,,,,True,split seed 202; operational folder taxonomy kept verbatim (naming caveat M2 not remapped)
methodology_v2.part2.v1,2,MAFAULDA,train,mafaulda_underhang_outer_race_6g_23.3472,mafaulda_underhang_outer_race_6g,underhang/outer_race,OuterRace,fault_configuration,data/raw_mafaulda/full/underhang/outer_race/6g/23.3472.csv,50000,1400.832,added_mass_6g,bearing_outer_race,added_mass_6g,underhang,,mafaulda_underhang_outer_race_6g,,,,,,True,split seed 202; operational folder taxonomy kept verbatim (naming caveat M2 not remapped)
methodology_v2.part2.v1,2,MAFAULDA,train,mafaulda_underhang_outer_race_6g_24.1664,mafaulda_underhang_outer_race_6g,underhang/outer_race,OuterRace,fault_configuration,data/raw_mafaulda/full/underhang/outer_race/6g/24.1664.csv,50000,1449.984,added_mass_6g,bearing_outer_race,added_mass_6g,underhang,,mafaulda_underhang_outer_race_6g,,,,,,True,split seed 202; operational folder taxonomy kept verbatim (naming caveat M2 not remapped)
methodology_v2.part2.v1,2,MAFAULDA,train,mafaulda_underhang_outer_race_6g_25.3952,mafaulda_underhang_outer_race_6g,underhang/outer_race,OuterRace,fault_configuration,data/raw_mafaulda/full/underhang/outer_race/6g/25.3952.csv,50000,1523.712,added_mass_6g,bearing_outer_race,added_mass_6g,underhang,,mafaulda_underhang_outer_race_6g,,,,,,True,split seed 202; operational folder taxonomy kept verbatim (naming caveat M2 not remapped)
methodology_v2.part2.v1,2,MAFAULDA,train,mafaulda_underhang_outer_race_6g_26.8288,mafaulda_underhang_outer_race_6g,underhang/outer_race,OuterRace,fault_configuration,data/raw_mafaulda/full/underhang/outer_race/6g/26.8288.csv,50000,1609.728,added_mass_6g,bearing_outer_race,added_mass_6g,underhang,,mafaulda_underhang_outer_race_6g,,,,,,True,split seed 202; operational folder taxonomy kept verbatim (naming caveat M2 not remapped)
methodology_v2.part2.v1,2,MAFAULDA,train,mafaulda_underhang_outer_race_6g_27.8528,mafaulda_underhang_outer_race_6g,underhang/outer_race,OuterRace,fault_configuration,data/raw_mafaulda/full/underhang/outer_race/6g/27.8528.csv,50000,1671.168,added_mass_6g,bearing_outer_race,added_mass_6g,underhang,,mafaulda_underhang_outer_race_6g,,,,,,True,split seed 202; operational folder taxonomy kept verbatim (naming caveat M2 not remapped)
methodology_v2.part2.v1,2,MAFAULDA,train,mafaulda_underhang_outer_race_6g_29.0816,mafaulda_underhang_outer_race_6g,underhang/outer_race,OuterRace,fault_configuration,data/raw_mafaulda/full/underhang/outer_race/6g/29.0816.csv,50000,1744.8960000000002,added_mass_6g,bearing_outer_race,added_mass_6g,underhang,,mafaulda_underhang_outer_race_6g,,,,,,True,split seed 202; operational folder taxonomy kept verbatim (naming caveat M2 not remapped)
methodology_v2.part2.v1,2,MAFAULDA,train,mafaulda_underhang_outer_race_6g_29.4912,mafaulda_underhang_outer_race_6g,underhang/outer_race,OuterRace,fault_configuration,data/raw_mafaulda/full/underhang/outer_race/6g/29.4912.csv,50000,1769.472,added_mass_6g,bearing_outer_race,added_mass_6g,underhang,,mafaulda_underhang_outer_race_6g,,,,,,True,split seed 202; operational folder taxonomy kept verbatim (naming caveat M2 not remapped)
methodology_v2.part2.v1,2,MAFAULDA,train,mafaulda_underhang_outer_race_6g_30.5152,mafaulda_underhang_outer_race_6g,underhang/outer_race,OuterRace,fault_configuration,data/raw_mafaulda/full/underhang/outer_race/6g/30.5152.csv,50000,1830.912,added_mass_6g,bearing_outer_race,added_mass_6g,underhang,,mafaulda_underhang_outer_race_6g,,,,,,True,split seed 202; operational folder taxonomy kept verbatim (naming caveat M2 not remapped)
methodology_v2.part2.v1,2,MAFAULDA,train,mafaulda_underhang_outer_race_6g_31.3344,mafaulda_underhang_outer_race_6g,underhang/outer_race,OuterRace,fault_configuration,data/raw_mafaulda/full/underhang/outer_race/6g/31.3344.csv,50000,1880.064,added_mass_6g,bearing_outer_race,added_mass_6g,underhang,,mafaulda_underhang_outer_race_6g,,,,,,True,split seed 202; operational folder taxonomy kept verbatim (naming caveat M2 not remapped)
methodology_v2.part2.v1,2,MAFAULDA,train,mafaulda_underhang_outer_race_6g_31.9488,mafaulda_underhang_outer_race_6g,underhang/outer_race,OuterRace,fault_configuration,data/raw_mafaulda/full/underhang/outer_race/6g/31.9488.csv,50000,1916.928,added_mass_6g,bearing_outer_race,added_mass_6g,underhang,,mafaulda_underhang_outer_race_6g,,,,,,True,split seed 202; operational folder taxonomy kept verbatim (naming caveat M2 not remapped)
methodology_v2.part2.v1,2,MAFAULDA,train,mafaulda_underhang_outer_race_6g_33.3824,mafaulda_underhang_outer_race_6g,underhang/outer_race,OuterRace,fault_configuration,data/raw_mafaulda/full/underhang/outer_race/6g/33.3824.csv,50000,2002.944,added_mass_6g,bearing_outer_race,added_mass_6g,underhang,,mafaulda_underhang_outer_race_6g,,,,,,True,split seed 202; operational folder taxonomy kept verbatim (naming caveat M2 not remapped)
methodology_v2.part2.v1,2,MAFAULDA,train,mafaulda_underhang_outer_race_6g_34.4064,mafaulda_underhang_outer_race_6g,underhang/outer_race,OuterRace,fault_configuration,data/raw_mafaulda/full/underhang/outer_race/6g/34.4064.csv,50000,2064.384,added_mass_6g,bearing_outer_race,added_mass_6g,underhang,,mafaulda_underhang_outer_race_6g,,,,,,True,split seed 202; operational folder taxonomy kept verbatim (naming caveat M2 not remapped)
methodology_v2.part2.v1,2,MAFAULDA,train,mafaulda_underhang_outer_race_6g_35.6352,mafaulda_underhang_outer_race_6g,underhang/outer_race,OuterRace,fault_configuration,data/raw_mafaulda/full/underhang/outer_race/6g/35.6352.csv,50000,2138.112,added_mass_6g,bearing_outer_race,added_mass_6g,underhang,,mafaulda_underhang_outer_race_6g,,,,,,True,split seed 202; operational folder taxonomy kept verbatim (naming caveat M2 not remapped)
methodology_v2.part2.v1,2,MAFAULDA,train,mafaulda_underhang_outer_race_6g_36.4544,mafaulda_underhang_outer_race_6g,underhang/outer_race,OuterRace,fault_configuration,data/raw_mafaulda/full/underhang/outer_race/6g/36.4544.csv,50000,2187.264,added_mass_6g,bearing_outer_race,added_mass_6g,underhang,,mafaulda_underhang_outer_race_6g,,,,,,True,split seed 202; operational folder taxonomy kept verbatim (naming caveat M2 not remapped)
methodology_v2.part2.v1,2,MAFAULDA,train,mafaulda_underhang_outer_race_6g_37.0688,mafaulda_underhang_outer_race_6g,underhang/outer_race,OuterRace,fault_configuration,data/raw_mafaulda/full/underhang/outer_race/6g/37.0688.csv,50000,2224.128,added_mass_6g,bearing_outer_race,added_mass_6g,underhang,,mafaulda_underhang_outer_race_6g,,,,,,True,split seed 202; operational folder taxonomy kept verbatim (naming caveat M2 not remapped)
methodology_v2.part2.v1,2,MAFAULDA,train,mafaulda_underhang_outer_race_6g_38.2976,mafaulda_underhang_outer_race_6g,underhang/outer_race,OuterRace,fault_configuration,data/raw_mafaulda/full/underhang/outer_race/6g/38.2976.csv,50000,2297.856,added_mass_6g,bearing_outer_race,added_mass_6g,underhang,,mafaulda_underhang_outer_race_6g,,,,,,True,split seed 202; operational folder taxonomy kept verbatim (naming caveat M2 not remapped)
methodology_v2.part2.v1,2,MAFAULDA,train,mafaulda_underhang_outer_race_6g_38.912,mafaulda_underhang_outer_race_6g,underhang/outer_race,OuterRace,fault_configuration,data/raw_mafaulda/full/underhang/outer_race/6g/38.912.csv,50000,2334.72,added_mass_6g,bearing_outer_race,added_mass_6g,underhang,,mafaulda_underhang_outer_race_6g,,,,,,True,split seed 202; operational folder taxonomy kept verbatim (naming caveat M2 not remapped)
methodology_v2.part2.v1,2,MAFAULDA,train,mafaulda_underhang_outer_race_6g_40.5504,mafaulda_underhang_outer_race_6g,underhang/outer_race,OuterRace,fault_configuration,data/raw_mafaulda/full/underhang/outer_race/6g/40.5504.csv,50000,2433.0240000000003,added_mass_6g,bearing_outer_race,added_mass_6g,underhang,,mafaulda_underhang_outer_race_6g,,,,,,True,split seed 202; operational folder taxonomy kept verbatim (naming caveat M2 not remapped)
methodology_v2.part2.v1,2,MAFAULDA,train,mafaulda_underhang_outer_race_6g_40.96,mafaulda_underhang_outer_race_6g,underhang/outer_race,OuterRace,fault_configuration,data/raw_mafaulda/full/underhang/outer_race/6g/40.96.csv,50000,2457.6,added_mass_6g,bearing_outer_race,added_mass_6g,underhang,,mafaulda_underhang_outer_race_6g,,,,,,True,split seed 202; operational folder taxonomy kept verbatim (naming caveat M2 not remapped)
methodology_v2.part2.v1,2,MAFAULDA,train,mafaulda_underhang_outer_race_6g_42.1888,mafaulda_underhang_outer_race_6g,underhang/outer_race,OuterRace,fault_configuration,data/raw_mafaulda/full/underhang/outer_race/6g/42.1888.csv,50000,2531.328,added_mass_6g,bearing_outer_race,added_mass_6g,underhang,,mafaulda_underhang_outer_race_6g,,,,,,True,split seed 202; operational folder taxonomy kept verbatim (naming caveat M2 not remapped)
methodology_v2.part2.v1,2,MAFAULDA,train,mafaulda_underhang_outer_race_6g_43.008,mafaulda_underhang_outer_race_6g,underhang/outer_race,OuterRace,fault_configuration,data/raw_mafaulda/full/underhang/outer_race/6g/43.008.csv,50000,2580.48,added_mass_6g,bearing_outer_race,added_mass_6g,underhang,,mafaulda_underhang_outer_race_6g,,,,,,True,split seed 202; operational folder taxonomy kept verbatim (naming caveat M2 not remapped)
methodology_v2.part2.v1,2,MAFAULDA,train,mafaulda_underhang_outer_race_6g_44.4416,mafaulda_underhang_outer_race_6g,underhang/outer_race,OuterRace,fault_configuration,data/raw_mafaulda/full/underhang/outer_race/6g/44.4416.csv,50000,2666.496,added_mass_6g,bearing_outer_race,added_mass_6g,underhang,,mafaulda_underhang_outer_race_6g,,,,,,True,split seed 202; operational folder taxonomy kept verbatim (naming caveat M2 not remapped)
methodology_v2.part2.v1,2,MAFAULDA,train,mafaulda_underhang_outer_race_6g_45.6704,mafaulda_underhang_outer_race_6g,underhang/outer_race,OuterRace,fault_configuration,data/raw_mafaulda/full/underhang/outer_race/6g/45.6704.csv,50000,2740.224,added_mass_6g,bearing_outer_race,added_mass_6g,underhang,,mafaulda_underhang_outer_race_6g,,,,,,True,split seed 202; operational folder taxonomy kept verbatim (naming caveat M2 not remapped)
methodology_v2.part2.v1,2,MAFAULDA,train,mafaulda_underhang_outer_race_6g_46.2848,mafaulda_underhang_outer_race_6g,underhang/outer_race,OuterRace,fault_configuration,data/raw_mafaulda/full/underhang/outer_race/6g/46.2848.csv,50000,2777.088,added_mass_6g,bearing_outer_race,added_mass_6g,underhang,,mafaulda_underhang_outer_race_6g,,,,,,True,split seed 202; operational folder taxonomy kept verbatim (naming caveat M2 not remapped)
methodology_v2.part2.v1,2,MAFAULDA,train,mafaulda_underhang_outer_race_6g_47.104,mafaulda_underhang_outer_race_6g,underhang/outer_race,OuterRace,fault_configuration,data/raw_mafaulda/full/underhang/outer_race/6g/47.104.csv,50000,2826.24,added_mass_6g,bearing_outer_race,added_mass_6g,underhang,,mafaulda_underhang_outer_race_6g,,,,,,True,split seed 202; operational folder taxonomy kept verbatim (naming caveat M2 not remapped)
methodology_v2.part2.v1,2,MAFAULDA,train,mafaulda_underhang_outer_race_6g_48.5376,mafaulda_underhang_outer_race_6g,underhang/outer_race,OuterRace,fault_configuration,data/raw_mafaulda/full/underhang/outer_race/6g/48.5376.csv,50000,2912.256,added_mass_6g,bearing_outer_race,added_mass_6g,underhang,,mafaulda_underhang_outer_race_6g,,,,,,True,split seed 202; operational folder taxonomy kept verbatim (naming caveat M2 not remapped)
methodology_v2.part2.v1,2,MAFAULDA,train,mafaulda_underhang_outer_race_6g_49.9712,mafaulda_underhang_outer_race_6g,underhang/outer_race,OuterRace,fault_configuration,data/raw_mafaulda/full/underhang/outer_race/6g/49.9712.csv,50000,2998.2720000000004,added_mass_6g,bearing_outer_race,added_mass_6g,underhang,,mafaulda_underhang_outer_race_6g,,,,,,True,split seed 202; operational folder taxonomy kept verbatim (naming caveat M2 not remapped)
methodology_v2.part2.v1,2,MAFAULDA,train,mafaulda_underhang_outer_race_6g_50.5856,mafaulda_underhang_outer_race_6g,underhang/outer_race,OuterRace,fault_configuration,data/raw_mafaulda/full/underhang/outer_race/6g/50.5856.csv,50000,3035.136,added_mass_6g,bearing_outer_race,added_mass_6g,underhang,,mafaulda_underhang_outer_race_6g,,,,,,True,split seed 202; operational folder taxonomy kept verbatim (naming caveat M2 not remapped)
methodology_v2.part2.v1,2,MAFAULDA,train,mafaulda_underhang_outer_race_6g_51.2,mafaulda_underhang_outer_race_6g,underhang/outer_race,OuterRace,fault_configuration,data/raw_mafaulda/full/underhang/outer_race/6g/51.2.csv,50000,3072.0,added_mass_6g,bearing_outer_race,added_mass_6g,underhang,,mafaulda_underhang_outer_race_6g,,,,,,True,split seed 202; operational folder taxonomy kept verbatim (naming caveat M2 not remapped)
methodology_v2.part2.v1,2,MAFAULDA,train,mafaulda_underhang_outer_race_6g_52.224,mafaulda_underhang_outer_race_6g,underhang/outer_race,OuterRace,fault_configuration,data/raw_mafaulda/full/underhang/outer_race/6g/52.224.csv,50000,3133.44,added_mass_6g,bearing_outer_race,added_mass_6g,underhang,,mafaulda_underhang_outer_race_6g,,,,,,True,split seed 202; operational folder taxonomy kept verbatim (naming caveat M2 not remapped)
methodology_v2.part2.v1,2,MAFAULDA,train,mafaulda_underhang_outer_race_6g_53.248,mafaulda_underhang_outer_race_6g,underhang/outer_race,OuterRace,fault_configuration,data/raw_mafaulda/full/underhang/outer_race/6g/53.248.csv,50000,3194.88,added_mass_6g,bearing_outer_race,added_mass_6g,underhang,,mafaulda_underhang_outer_race_6g,,,,,,True,split seed 202; operational folder taxonomy kept verbatim (naming caveat M2 not remapped)
methodology_v2.part2.v1,2,MAFAULDA,train,mafaulda_underhang_outer_race_6g_54.4768,mafaulda_underhang_outer_race_6g,underhang/outer_race,OuterRace,fault_configuration,data/raw_mafaulda/full/underhang/outer_race/6g/54.4768.csv,50000,3268.608,added_mass_6g,bearing_outer_race,added_mass_6g,underhang,,mafaulda_underhang_outer_race_6g,,,,,,True,split seed 202; operational folder taxonomy kept verbatim (naming caveat M2 not remapped)
methodology_v2.part2.v1,2,MAFAULDA,train,mafaulda_underhang_outer_race_6g_55.7056,mafaulda_underhang_outer_race_6g,underhang/outer_race,OuterRace,fault_configuration,data/raw_mafaulda/full/underhang/outer_race/6g/55.7056.csv,50000,3342.336,added_mass_6g,bearing_outer_race,added_mass_6g,underhang,,mafaulda_underhang_outer_race_6g,,,,,,True,split seed 202; operational folder taxonomy kept verbatim (naming caveat M2 not remapped)
methodology_v2.part2.v1,2,MAFAULDA,train,mafaulda_underhang_outer_race_6g_56.5248,mafaulda_underhang_outer_race_6g,underhang/outer_race,OuterRace,fault_configuration,data/raw_mafaulda/full/underhang/outer_race/6g/56.5248.csv,50000,3391.488,added_mass_6g,bearing_outer_race,added_mass_6g,underhang,,mafaulda_underhang_outer_race_6g,,,,,,True,split seed 202; operational folder taxonomy kept verbatim (naming caveat M2 not remapped)
methodology_v2.part2.v1,2,MAFAULDA,train,mafaulda_underhang_outer_race_6g_57.5488,mafaulda_underhang_outer_race_6g,underhang/outer_race,OuterRace,fault_configuration,data/raw_mafaulda/full/underhang/outer_race/6g/57.5488.csv,50000,3452.928,added_mass_6g,bearing_outer_race,added_mass_6g,underhang,,mafaulda_underhang_outer_race_6g,,,,,,True,split seed 202; operational folder taxonomy kept verbatim (naming caveat M2 not remapped)
methodology_v2.part2.v1,2,MAFAULDA,train,mafaulda_underhang_outer_race_6g_58.5728,mafaulda_underhang_outer_race_6g,underhang/outer_race,OuterRace,fault_configuration,data/raw_mafaulda/full/underhang/outer_race/6g/58.5728.csv,50000,3514.368,added_mass_6g,bearing_outer_race,added_mass_6g,underhang,,mafaulda_underhang_outer_race_6g,,,,,,True,split seed 202; operational folder taxonomy kept verbatim (naming caveat M2 not remapped)
methodology_v2.part2.v1,2,MAFAULDA,train,mafaulda_underhang_outer_race_6g_59.8016,mafaulda_underhang_outer_race_6g,underhang/outer_race,OuterRace,fault_configuration,data/raw_mafaulda/full/underhang/outer_race/6g/59.8016.csv,50000,3588.096,added_mass_6g,bearing_outer_race,added_mass_6g,underhang,,mafaulda_underhang_outer_race_6g,,,,,,True,split seed 202; operational folder taxonomy kept verbatim (naming caveat M2 not remapped)
methodology_v2.part2.v1,2,MAFAULDA,train,mafaulda_underhang_outer_race_6g_60.6208,mafaulda_underhang_outer_race_6g,underhang/outer_race,OuterRace,fault_configuration,data/raw_mafaulda/full/underhang/outer_race/6g/60.6208.csv,50000,3637.248,added_mass_6g,bearing_outer_race,added_mass_6g,underhang,,mafaulda_underhang_outer_race_6g,,,,,,True,split seed 202; operational folder taxonomy kept verbatim (naming caveat M2 not remapped)
methodology_v2.part2.v1,2,MAFAULDA,train,mafaulda_underhang_outer_race_6g_61.6448,mafaulda_underhang_outer_race_6g,underhang/outer_race,OuterRace,fault_configuration,data/raw_mafaulda/full/underhang/outer_race/6g/61.6448.csv,50000,3698.688,added_mass_6g,bearing_outer_race,added_mass_6g,underhang,,mafaulda_underhang_outer_race_6g,,,,,,True,split seed 202; operational folder taxonomy kept verbatim (naming caveat M2 not remapped)
methodology_v2.part2.v1,2,MAFAULDA,train,mafaulda_vertical-misalignment_0.51mm_12.4928,mafaulda_vertical-misalignment_0.51mm,vertical-misalignment,Misalignment_NON_BEARING,fault_configuration,data/raw_mafaulda/full/vertical-misalignment/0.51mm/12.4928.csv,50000,749.5680000000001,,vertical_misalignment,0.51mm,,,mafaulda_vertical-misalignment_0.51mm,,,,,,True,split seed 202; operational folder taxonomy kept verbatim (naming caveat M2 not remapped)
methodology_v2.part2.v1,2,MAFAULDA,train,mafaulda_vertical-misalignment_0.51mm_13.1072,mafaulda_vertical-misalignment_0.51mm,vertical-misalignment,Misalignment_NON_BEARING,fault_configuration,data/raw_mafaulda/full/vertical-misalignment/0.51mm/13.1072.csv,50000,786.432,,vertical_misalignment,0.51mm,,,mafaulda_vertical-misalignment_0.51mm,,,,,,True,split seed 202; operational folder taxonomy kept verbatim (naming caveat M2 not remapped)
methodology_v2.part2.v1,2,MAFAULDA,train,mafaulda_vertical-misalignment_0.51mm_14.9504,mafaulda_vertical-misalignment_0.51mm,vertical-misalignment,Misalignment_NON_BEARING,fault_configuration,data/raw_mafaulda/full/vertical-misalignment/0.51mm/14.9504.csv,50000,897.024,,vertical_misalignment,0.51mm,,,mafaulda_vertical-misalignment_0.51mm,,,,,,True,split seed 202; operational folder taxonomy kept verbatim (naming caveat M2 not remapped)
methodology_v2.part2.v1,2,MAFAULDA,train,mafaulda_vertical-misalignment_0.51mm_16.1792,mafaulda_vertical-misalignment_0.51mm,vertical-misalignment,Misalignment_NON_BEARING,fault_configuration,data/raw_mafaulda/full/vertical-misalignment/0.51mm/16.1792.csv,50000,970.752,,vertical_misalignment,0.51mm,,,mafaulda_vertical-misalignment_0.51mm,,,,,,True,split seed 202; operational folder taxonomy kept verbatim (naming caveat M2 not remapped)
methodology_v2.part2.v1,2,MAFAULDA,train,mafaulda_vertical-misalignment_0.51mm_16.9984,mafaulda_vertical-misalignment_0.51mm,vertical-misalignment,Misalignment_NON_BEARING,fault_configuration,data/raw_mafaulda/full/vertical-misalignment/0.51mm/16.9984.csv,50000,1019.904,,vertical_misalignment,0.51mm,,,mafaulda_vertical-misalignment_0.51mm,,,,,,True,split seed 202; operational folder taxonomy kept verbatim (naming caveat M2 not remapped)
methodology_v2.part2.v1,2,MAFAULDA,train,mafaulda_vertical-misalignment_0.51mm_18.0224,mafaulda_vertical-misalignment_0.51mm,vertical-misalignment,Misalignment_NON_BEARING,fault_configuration,data/raw_mafaulda/full/vertical-misalignment/0.51mm/18.0224.csv,50000,1081.344,,vertical_misalignment,0.51mm,,,mafaulda_vertical-misalignment_0.51mm,,,,,,True,split seed 202; operational folder taxonomy kept verbatim (naming caveat M2 not remapped)
methodology_v2.part2.v1,2,MAFAULDA,train,mafaulda_vertical-misalignment_0.51mm_18.8416,mafaulda_vertical-misalignment_0.51mm,vertical-misalignment,Misalignment_NON_BEARING,fault_configuration,data/raw_mafaulda/full/vertical-misalignment/0.51mm/18.8416.csv,50000,1130.496,,vertical_misalignment,0.51mm,,,mafaulda_vertical-misalignment_0.51mm,,,,,,True,split seed 202; operational folder taxonomy kept verbatim (naming caveat M2 not remapped)
methodology_v2.part2.v1,2,MAFAULDA,train,mafaulda_vertical-misalignment_0.51mm_19.456,mafaulda_vertical-misalignment_0.51mm,vertical-misalignment,Misalignment_NON_BEARING,fault_configuration,data/raw_mafaulda/full/vertical-misalignment/0.51mm/19.456.csv,50000,1167.36,,vertical_misalignment,0.51mm,,,mafaulda_vertical-misalignment_0.51mm,,,,,,True,split seed 202; operational folder taxonomy kept verbatim (naming caveat M2 not remapped)
methodology_v2.part2.v1,2,MAFAULDA,train,mafaulda_vertical-misalignment_0.51mm_20.48,mafaulda_vertical-misalignment_0.51mm,vertical-misalignment,Misalignment_NON_BEARING,fault_configuration,data/raw_mafaulda/full/vertical-misalignment/0.51mm/20.48.csv,50000,1228.8,,vertical_misalignment,0.51mm,,,mafaulda_vertical-misalignment_0.51mm,,,,,,True,split seed 202; operational folder taxonomy kept verbatim (naming caveat M2 not remapped)
methodology_v2.part2.v1,2,MAFAULDA,train,mafaulda_vertical-misalignment_0.51mm_21.504,mafaulda_vertical-misalignment_0.51mm,vertical-misalignment,Misalignment_NON_BEARING,fault_configuration,data/raw_mafaulda/full/vertical-misalignment/0.51mm/21.504.csv,50000,1290.24,,vertical_misalignment,0.51mm,,,mafaulda_vertical-misalignment_0.51mm,,,,,,True,split seed 202; operational folder taxonomy kept verbatim (naming caveat M2 not remapped)
methodology_v2.part2.v1,2,MAFAULDA,train,mafaulda_vertical-misalignment_0.51mm_22.528,mafaulda_vertical-misalignment_0.51mm,vertical-misalignment,Misalignment_NON_BEARING,fault_configuration,data/raw_mafaulda/full/vertical-misalignment/0.51mm/22.528.csv,50000,1351.6799999999998,,vertical_misalignment,0.51mm,,,mafaulda_vertical-misalignment_0.51mm,,,,,,True,split seed 202; operational folder taxonomy kept verbatim (naming caveat M2 not remapped)
methodology_v2.part2.v1,2,MAFAULDA,train,mafaulda_vertical-misalignment_0.51mm_23.1424,mafaulda_vertical-misalignment_0.51mm,vertical-misalignment,Misalignment_NON_BEARING,fault_configuration,data/raw_mafaulda/full/vertical-misalignment/0.51mm/23.1424.csv,50000,1388.544,,vertical_misalignment,0.51mm,,,mafaulda_vertical-misalignment_0.51mm,,,,,,True,split seed 202; operational folder taxonomy kept verbatim (naming caveat M2 not remapped)
methodology_v2.part2.v1,2,MAFAULDA,train,mafaulda_vertical-misalignment_0.51mm_24.1664,mafaulda_vertical-misalignment_0.51mm,vertical-misalignment,Misalignment_NON_BEARING,fault_configuration,data/raw_mafaulda/full/vertical-misalignment/0.51mm/24.1664.csv,50000,1449.984,,vertical_misalignment,0.51mm,,,mafaulda_vertical-misalignment_0.51mm,,,,,,True,split seed 202; operational folder taxonomy kept verbatim (naming caveat M2 not remapped)
methodology_v2.part2.v1,2,MAFAULDA,train,mafaulda_vertical-misalignment_0.51mm_24.9856,mafaulda_vertical-misalignment_0.51mm,vertical-misalignment,Misalignment_NON_BEARING,fault_configuration,data/raw_mafaulda/full/vertical-misalignment/0.51mm/24.9856.csv,50000,1499.1360000000002,,vertical_misalignment,0.51mm,,,mafaulda_vertical-misalignment_0.51mm,,,,,,True,split seed 202; operational folder taxonomy kept verbatim (naming caveat M2 not remapped)
methodology_v2.part2.v1,2,MAFAULDA,train,mafaulda_vertical-misalignment_0.51mm_26.624,mafaulda_vertical-misalignment_0.51mm,vertical-misalignment,Misalignment_NON_BEARING,fault_configuration,data/raw_mafaulda/full/vertical-misalignment/0.51mm/26.624.csv,50000,1597.4399999999998,,vertical_misalignment,0.51mm,,,mafaulda_vertical-misalignment_0.51mm,,,,,,True,split seed 202; operational folder taxonomy kept verbatim (naming caveat M2 not remapped)
methodology_v2.part2.v1,2,MAFAULDA,train,mafaulda_vertical-misalignment_0.51mm_27.2384,mafaulda_vertical-misalignment_0.51mm,vertical-misalignment,Misalignment_NON_BEARING,fault_configuration,data/raw_mafaulda/full/vertical-misalignment/0.51mm/27.2384.csv,50000,1634.304,,vertical_misalignment,0.51mm,,,mafaulda_vertical-misalignment_0.51mm,,,,,,True,split seed 202; operational folder taxonomy kept verbatim (naming caveat M2 not remapped)
methodology_v2.part2.v1,2,MAFAULDA,train,mafaulda_vertical-misalignment_0.51mm_28.4672,mafaulda_vertical-misalignment_0.51mm,vertical-misalignment,Misalignment_NON_BEARING,fault_configuration,data/raw_mafaulda/full/vertical-misalignment/0.51mm/28.4672.csv,50000,1708.032,,vertical_misalignment,0.51mm,,,mafaulda_vertical-misalignment_0.51mm,,,,,,True,split seed 202; operational folder taxonomy kept verbatim (naming caveat M2 not remapped)
methodology_v2.part2.v1,2,MAFAULDA,train,mafaulda_vertical-misalignment_0.51mm_29.2864,mafaulda_vertical-misalignment_0.51mm,vertical-misalignment,Misalignment_NON_BEARING,fault_configuration,data/raw_mafaulda/full/vertical-misalignment/0.51mm/29.2864.csv,50000,1757.184,,vertical_misalignment,0.51mm,,,mafaulda_vertical-misalignment_0.51mm,,,,,,True,split seed 202; operational folder taxonomy kept verbatim (naming caveat M2 not remapped)
methodology_v2.part2.v1,2,MAFAULDA,train,mafaulda_vertical-misalignment_0.51mm_30.5152,mafaulda_vertical-misalignment_0.51mm,vertical-misalignment,Misalignment_NON_BEARING,fault_configuration,data/raw_mafaulda/full/vertical-misalignment/0.51mm/30.5152.csv,50000,1830.912,,vertical_misalignment,0.51mm,,,mafaulda_vertical-misalignment_0.51mm,,,,,,True,split seed 202; operational folder taxonomy kept verbatim (naming caveat M2 not remapped)
methodology_v2.part2.v1,2,MAFAULDA,train,mafaulda_vertical-misalignment_0.51mm_31.5392,mafaulda_vertical-misalignment_0.51mm,vertical-misalignment,Misalignment_NON_BEARING,fault_configuration,data/raw_mafaulda/full/vertical-misalignment/0.51mm/31.5392.csv,50000,1892.352,,vertical_misalignment,0.51mm,,,mafaulda_vertical-misalignment_0.51mm,,,,,,True,split seed 202; operational folder taxonomy kept verbatim (naming caveat M2 not remapped)
methodology_v2.part2.v1,2,MAFAULDA,train,mafaulda_vertical-misalignment_0.51mm_32.3584,mafaulda_vertical-misalignment_0.51mm,vertical-misalignment,Misalignment_NON_BEARING,fault_configuration,data/raw_mafaulda/full/vertical-misalignment/0.51mm/32.3584.csv,50000,1941.504,,vertical_misalignment,0.51mm,,,mafaulda_vertical-misalignment_0.51mm,,,,,,True,split seed 202; operational folder taxonomy kept verbatim (naming caveat M2 not remapped)
methodology_v2.part2.v1,2,MAFAULDA,train,mafaulda_vertical-misalignment_0.51mm_33.3824,mafaulda_vertical-misalignment_0.51mm,vertical-misalignment,Misalignment_NON_BEARING,fault_configuration,data/raw_mafaulda/full/vertical-misalignment/0.51mm/33.3824.csv,50000,2002.944,,vertical_misalignment,0.51mm,,,mafaulda_vertical-misalignment_0.51mm,,,,,,True,split seed 202; operational folder taxonomy kept verbatim (naming caveat M2 not remapped)
methodology_v2.part2.v1,2,MAFAULDA,train,mafaulda_vertical-misalignment_0.51mm_34.2016,mafaulda_vertical-misalignment_0.51mm,vertical-misalignment,Misalignment_NON_BEARING,fault_configuration,data/raw_mafaulda/full/vertical-misalignment/0.51mm/34.2016.csv,50000,2052.096,,vertical_misalignment,0.51mm,,,mafaulda_vertical-misalignment_0.51mm,,,,,,True,split seed 202; operational folder taxonomy kept verbatim (naming caveat M2 not remapped)
methodology_v2.part2.v1,2,MAFAULDA,train,mafaulda_vertical-misalignment_0.51mm_35.2256,mafaulda_vertical-misalignment_0.51mm,vertical-misalignment,Misalignment_NON_BEARING,fault_configuration,data/raw_mafaulda/full/vertical-misalignment/0.51mm/35.2256.csv,50000,2113.536,,vertical_misalignment,0.51mm,,,mafaulda_vertical-misalignment_0.51mm,,,,,,True,split seed 202; operational folder taxonomy kept verbatim (naming caveat M2 not remapped)
methodology_v2.part2.v1,2,MAFAULDA,train,mafaulda_vertical-misalignment_0.51mm_36.0448,mafaulda_vertical-misalignment_0.51mm,vertical-misalignment,Misalignment_NON_BEARING,fault_configuration,data/raw_mafaulda/full/vertical-misalignment/0.51mm/36.0448.csv,50000,2162.688,,vertical_misalignment,0.51mm,,,mafaulda_vertical-misalignment_0.51mm,,,,,,True,split seed 202; operational folder taxonomy kept verbatim (naming caveat M2 not remapped)
methodology_v2.part2.v1,2,MAFAULDA,train,mafaulda_vertical-misalignment_0.51mm_37.6832,mafaulda_vertical-misalignment_0.51mm,vertical-misalignment,Misalignment_NON_BEARING,fault_configuration,data/raw_mafaulda/full/vertical-misalignment/0.51mm/37.6832.csv,50000,2260.992,,vertical_misalignment,0.51mm,,,mafaulda_vertical-misalignment_0.51mm,,,,,,True,split seed 202; operational folder taxonomy kept verbatim (naming caveat M2 not remapped)
methodology_v2.part2.v1,2,MAFAULDA,train,mafaulda_vertical-misalignment_0.51mm_38.0928,mafaulda_vertical-misalignment_0.51mm,vertical-misalignment,Misalignment_NON_BEARING,fault_configuration,data/raw_mafaulda/full/vertical-misalignment/0.51mm/38.0928.csv,50000,2285.568,,vertical_misalignment,0.51mm,,,mafaulda_vertical-misalignment_0.51mm,,,,,,True,split seed 202; operational folder taxonomy kept verbatim (naming caveat M2 not remapped)
methodology_v2.part2.v1,2,MAFAULDA,train,mafaulda_vertical-misalignment_0.51mm_38.7072,mafaulda_vertical-misalignment_0.51mm,vertical-misalignment,Misalignment_NON_BEARING,fault_configuration,data/raw_mafaulda/full/vertical-misalignment/0.51mm/38.7072.csv,50000,2322.432,,vertical_misalignment,0.51mm,,,mafaulda_vertical-misalignment_0.51mm,,,,,,True,split seed 202; operational folder taxonomy kept verbatim (naming caveat M2 not remapped)
methodology_v2.part2.v1,2,MAFAULDA,train,mafaulda_vertical-misalignment_0.51mm_40.3456,mafaulda_vertical-misalignment_0.51mm,vertical-misalignment,Misalignment_NON_BEARING,fault_configuration,data/raw_mafaulda/full/vertical-misalignment/0.51mm/40.3456.csv,50000,2420.736,,vertical_misalignment,0.51mm,,,mafaulda_vertical-misalignment_0.51mm,,,,,,True,split seed 202; operational folder taxonomy kept verbatim (naming caveat M2 not remapped)
methodology_v2.part2.v1,2,MAFAULDA,train,mafaulda_vertical-misalignment_0.51mm_41.1648,mafaulda_vertical-misalignment_0.51mm,vertical-misalignment,Misalignment_NON_BEARING,fault_configuration,data/raw_mafaulda/full/vertical-misalignment/0.51mm/41.1648.csv,50000,2469.888,,vertical_misalignment,0.51mm,,,mafaulda_vertical-misalignment_0.51mm,,,,,,True,split seed 202; operational folder taxonomy kept verbatim (naming caveat M2 not remapped)
methodology_v2.part2.v1,2,MAFAULDA,train,mafaulda_vertical-misalignment_0.51mm_42.8032,mafaulda_vertical-misalignment_0.51mm,vertical-misalignment,Misalignment_NON_BEARING,fault_configuration,data/raw_mafaulda/full/vertical-misalignment/0.51mm/42.8032.csv,50000,2568.192,,vertical_misalignment,0.51mm,,,mafaulda_vertical-misalignment_0.51mm,,,,,,True,split seed 202; operational folder taxonomy kept verbatim (naming caveat M2 not remapped)
methodology_v2.part2.v1,2,MAFAULDA,train,mafaulda_vertical-misalignment_0.51mm_43.4176,mafaulda_vertical-misalignment_0.51mm,vertical-misalignment,Misalignment_NON_BEARING,fault_configuration,data/raw_mafaulda/full/vertical-misalignment/0.51mm/43.4176.csv,50000,2605.056,,vertical_misalignment,0.51mm,,,mafaulda_vertical-misalignment_0.51mm,,,,,,True,split seed 202; operational folder taxonomy kept verbatim (naming caveat M2 not remapped)
methodology_v2.part2.v1,2,MAFAULDA,train,mafaulda_vertical-misalignment_0.51mm_43.8272,mafaulda_vertical-misalignment_0.51mm,vertical-misalignment,Misalignment_NON_BEARING,fault_configuration,data/raw_mafaulda/full/vertical-misalignment/0.51mm/43.8272.csv,50000,2629.632,,vertical_misalignment,0.51mm,,,mafaulda_vertical-misalignment_0.51mm,,,,,,True,split seed 202; operational folder taxonomy kept verbatim (naming caveat M2 not remapped)
methodology_v2.part2.v1,2,MAFAULDA,train,mafaulda_vertical-misalignment_0.51mm_45.2608,mafaulda_vertical-misalignment_0.51mm,vertical-misalignment,Misalignment_NON_BEARING,fault_configuration,data/raw_mafaulda/full/vertical-misalignment/0.51mm/45.2608.csv,50000,2715.648,,vertical_misalignment,0.51mm,,,mafaulda_vertical-misalignment_0.51mm,,,,,,True,split seed 202; operational folder taxonomy kept verbatim (naming caveat M2 not remapped)
methodology_v2.part2.v1,2,MAFAULDA,train,mafaulda_vertical-misalignment_0.51mm_45.8752,mafaulda_vertical-misalignment_0.51mm,vertical-misalignment,Misalignment_NON_BEARING,fault_configuration,data/raw_mafaulda/full/vertical-misalignment/0.51mm/45.8752.csv,50000,2752.512,,vertical_misalignment,0.51mm,,,mafaulda_vertical-misalignment_0.51mm,,,,,,True,split seed 202; operational folder taxonomy kept verbatim (naming caveat M2 not remapped)
methodology_v2.part2.v1,2,MAFAULDA,train,mafaulda_vertical-misalignment_0.51mm_47.3088,mafaulda_vertical-misalignment_0.51mm,vertical-misalignment,Misalignment_NON_BEARING,fault_configuration,data/raw_mafaulda/full/vertical-misalignment/0.51mm/47.3088.csv,50000,2838.528,,vertical_misalignment,0.51mm,,,mafaulda_vertical-misalignment_0.51mm,,,,,,True,split seed 202; operational folder taxonomy kept verbatim (naming caveat M2 not remapped)
methodology_v2.part2.v1,2,MAFAULDA,train,mafaulda_vertical-misalignment_0.51mm_48.128,mafaulda_vertical-misalignment_0.51mm,vertical-misalignment,Misalignment_NON_BEARING,fault_configuration,data/raw_mafaulda/full/vertical-misalignment/0.51mm/48.128.csv,50000,2887.68,,vertical_misalignment,0.51mm,,,mafaulda_vertical-misalignment_0.51mm,,,,,,True,split seed 202; operational folder taxonomy kept verbatim (naming caveat M2 not remapped)
methodology_v2.part2.v1,2,MAFAULDA,train,mafaulda_vertical-misalignment_0.51mm_48.9472,mafaulda_vertical-misalignment_0.51mm,vertical-misalignment,Misalignment_NON_BEARING,fault_configuration,data/raw_mafaulda/full/vertical-misalignment/0.51mm/48.9472.csv,50000,2936.8320000000003,,vertical_misalignment,0.51mm,,,mafaulda_vertical-misalignment_0.51mm,,,,,,True,split seed 202; operational folder taxonomy kept verbatim (naming caveat M2 not remapped)
methodology_v2.part2.v1,2,MAFAULDA,train,mafaulda_vertical-misalignment_0.51mm_49.9712,mafaulda_vertical-misalignment_0.51mm,vertical-misalignment,Misalignment_NON_BEARING,fault_configuration,data/raw_mafaulda/full/vertical-misalignment/0.51mm/49.9712.csv,50000,2998.2720000000004,,vertical_misalignment,0.51mm,,,mafaulda_vertical-misalignment_0.51mm,,,,,,True,split seed 202; operational folder taxonomy kept verbatim (naming caveat M2 not remapped)
methodology_v2.part2.v1,2,MAFAULDA,train,mafaulda_vertical-misalignment_0.51mm_51.2,mafaulda_vertical-misalignment_0.51mm,vertical-misalignment,Misalignment_NON_BEARING,fault_configuration,data/raw_mafaulda/full/vertical-misalignment/0.51mm/51.2.csv,50000,3072.0,,vertical_misalignment,0.51mm,,,mafaulda_vertical-misalignment_0.51mm,,,,,,True,split seed 202; operational folder taxonomy kept verbatim (naming caveat M2 not remapped)
methodology_v2.part2.v1,2,MAFAULDA,train,mafaulda_vertical-misalignment_0.51mm_52.8384,mafaulda_vertical-misalignment_0.51mm,vertical-misalignment,Misalignment_NON_BEARING,fault_configuration,data/raw_mafaulda/full/vertical-misalignment/0.51mm/52.8384.csv,50000,3170.304,,vertical_misalignment,0.51mm,,,mafaulda_vertical-misalignment_0.51mm,,,,,,True,split seed 202; operational folder taxonomy kept verbatim (naming caveat M2 not remapped)
methodology_v2.part2.v1,2,MAFAULDA,train,mafaulda_vertical-misalignment_0.51mm_53.6576,mafaulda_vertical-misalignment_0.51mm,vertical-misalignment,Misalignment_NON_BEARING,fault_configuration,data/raw_mafaulda/full/vertical-misalignment/0.51mm/53.6576.csv,50000,3219.456,,vertical_misalignment,0.51mm,,,mafaulda_vertical-misalignment_0.51mm,,,,,,True,split seed 202; operational folder taxonomy kept verbatim (naming caveat M2 not remapped)
methodology_v2.part2.v1,2,MAFAULDA,train,mafaulda_vertical-misalignment_0.51mm_54.4768,mafaulda_vertical-misalignment_0.51mm,vertical-misalignment,Misalignment_NON_BEARING,fault_configuration,data/raw_mafaulda/full/vertical-misalignment/0.51mm/54.4768.csv,50000,3268.608,,vertical_misalignment,0.51mm,,,mafaulda_vertical-misalignment_0.51mm,,,,,,True,split seed 202; operational folder taxonomy kept verbatim (naming caveat M2 not remapped)
methodology_v2.part2.v1,2,MAFAULDA,train,mafaulda_vertical-misalignment_0.51mm_55.5008,mafaulda_vertical-misalignment_0.51mm,vertical-misalignment,Misalignment_NON_BEARING,fault_configuration,data/raw_mafaulda/full/vertical-misalignment/0.51mm/55.5008.csv,50000,3330.048,,vertical_misalignment,0.51mm,,,mafaulda_vertical-misalignment_0.51mm,,,,,,True,split seed 202; operational folder taxonomy kept verbatim (naming caveat M2 not remapped)
methodology_v2.part2.v1,2,MAFAULDA,train,mafaulda_vertical-misalignment_0.51mm_56.7296,mafaulda_vertical-misalignment_0.51mm,vertical-misalignment,Misalignment_NON_BEARING,fault_configuration,data/raw_mafaulda/full/vertical-misalignment/0.51mm/56.7296.csv,50000,3403.776,,vertical_misalignment,0.51mm,,,mafaulda_vertical-misalignment_0.51mm,,,,,,True,split seed 202; operational folder taxonomy kept verbatim (naming caveat M2 not remapped)
methodology_v2.part2.v1,2,MAFAULDA,train,mafaulda_vertical-misalignment_0.51mm_57.1392,mafaulda_vertical-misalignment_0.51mm,vertical-misalignment,Misalignment_NON_BEARING,fault_configuration,data/raw_mafaulda/full/vertical-misalignment/0.51mm/57.1392.csv,50000,3428.3520000000003,,vertical_misalignment,0.51mm,,,mafaulda_vertical-misalignment_0.51mm,,,,,,True,split seed 202; operational folder taxonomy kept verbatim (naming caveat M2 not remapped)
methodology_v2.part2.v1,2,MAFAULDA,train,mafaulda_vertical-misalignment_0.51mm_58.368,mafaulda_vertical-misalignment_0.51mm,vertical-misalignment,Misalignment_NON_BEARING,fault_configuration,data/raw_mafaulda/full/vertical-misalignment/0.51mm/58.368.csv,50000,3502.08,,vertical_misalignment,0.51mm,,,mafaulda_vertical-misalignment_0.51mm,,,,,,True,split seed 202; operational folder taxonomy kept verbatim (naming caveat M2 not remapped)
methodology_v2.part2.v1,2,MAFAULDA,train,mafaulda_vertical-misalignment_0.51mm_59.5968,mafaulda_vertical-misalignment_0.51mm,vertical-misalignment,Misalignment_NON_BEARING,fault_configuration,data/raw_mafaulda/full/vertical-misalignment/0.51mm/59.5968.csv,50000,3575.808,,vertical_misalignment,0.51mm,,,mafaulda_vertical-misalignment_0.51mm,,,,,,True,split seed 202; operational folder taxonomy kept verbatim (naming caveat M2 not remapped)
methodology_v2.part2.v1,2,MAFAULDA,train,mafaulda_vertical-misalignment_0.51mm_60.416,mafaulda_vertical-misalignment_0.51mm,vertical-misalignment,Misalignment_NON_BEARING,fault_configuration,data/raw_mafaulda/full/vertical-misalignment/0.51mm/60.416.csv,50000,3624.96,,vertical_misalignment,0.51mm,,,mafaulda_vertical-misalignment_0.51mm,,,,,,True,split seed 202; operational folder taxonomy kept verbatim (naming caveat M2 not remapped)
methodology_v2.part2.v1,2,MAFAULDA,train,mafaulda_vertical-misalignment_0.51mm_61.2352,mafaulda_vertical-misalignment_0.51mm,vertical-misalignment,Misalignment_NON_BEARING,fault_configuration,data/raw_mafaulda/full/vertical-misalignment/0.51mm/61.2352.csv,50000,3674.112,,vertical_misalignment,0.51mm,,,mafaulda_vertical-misalignment_0.51mm,,,,,,True,split seed 202; operational folder taxonomy kept verbatim (naming caveat M2 not remapped)
methodology_v2.part2.v1,2,MAFAULDA,train,mafaulda_vertical-misalignment_0.51mm_61.6448,mafaulda_vertical-misalignment_0.51mm,vertical-misalignment,Misalignment_NON_BEARING,fault_configuration,data/raw_mafaulda/full/vertical-misalignment/0.51mm/61.6448.csv,50000,3698.688,,vertical_misalignment,0.51mm,,,mafaulda_vertical-misalignment_0.51mm,,,,,,True,split seed 202; operational folder taxonomy kept verbatim (naming caveat M2 not remapped)
methodology_v2.part2.v1,2,MAFAULDA,test,mafaulda_vertical-misalignment_0.63mm_12.4928,mafaulda_vertical-misalignment_0.63mm,vertical-misalignment,Misalignment_NON_BEARING,fault_configuration,data/raw_mafaulda/full/vertical-misalignment/0.63mm/12.4928.csv,50000,749.5680000000001,,vertical_misalignment,0.63mm,,,mafaulda_vertical-misalignment_0.63mm,,,,,,True,split seed 202; operational folder taxonomy kept verbatim (naming caveat M2 not remapped)
methodology_v2.part2.v1,2,MAFAULDA,test,mafaulda_vertical-misalignment_0.63mm_13.312,mafaulda_vertical-misalignment_0.63mm,vertical-misalignment,Misalignment_NON_BEARING,fault_configuration,data/raw_mafaulda/full/vertical-misalignment/0.63mm/13.312.csv,50000,798.7199999999999,,vertical_misalignment,0.63mm,,,mafaulda_vertical-misalignment_0.63mm,,,,,,True,split seed 202; operational folder taxonomy kept verbatim (naming caveat M2 not remapped)
methodology_v2.part2.v1,2,MAFAULDA,test,mafaulda_vertical-misalignment_0.63mm_14.1312,mafaulda_vertical-misalignment_0.63mm,vertical-misalignment,Misalignment_NON_BEARING,fault_configuration,data/raw_mafaulda/full/vertical-misalignment/0.63mm/14.1312.csv,50000,847.872,,vertical_misalignment,0.63mm,,,mafaulda_vertical-misalignment_0.63mm,,,,,,True,split seed 202; operational folder taxonomy kept verbatim (naming caveat M2 not remapped)
methodology_v2.part2.v1,2,MAFAULDA,test,mafaulda_vertical-misalignment_0.63mm_15.36,mafaulda_vertical-misalignment_0.63mm,vertical-misalignment,Misalignment_NON_BEARING,fault_configuration,data/raw_mafaulda/full/vertical-misalignment/0.63mm/15.36.csv,50000,921.6,,vertical_misalignment,0.63mm,,,mafaulda_vertical-misalignment_0.63mm,,,,,,True,split seed 202; operational folder taxonomy kept verbatim (naming caveat M2 not remapped)
methodology_v2.part2.v1,2,MAFAULDA,test,mafaulda_vertical-misalignment_0.63mm_16.7936,mafaulda_vertical-misalignment_0.63mm,vertical-misalignment,Misalignment_NON_BEARING,fault_configuration,data/raw_mafaulda/full/vertical-misalignment/0.63mm/16.7936.csv,50000,1007.616,,vertical_misalignment,0.63mm,,,mafaulda_vertical-misalignment_0.63mm,,,,,,True,split seed 202; operational folder taxonomy kept verbatim (naming caveat M2 not remapped)
methodology_v2.part2.v1,2,MAFAULDA,test,mafaulda_vertical-misalignment_0.63mm_18.0224,mafaulda_vertical-misalignment_0.63mm,vertical-misalignment,Misalignment_NON_BEARING,fault_configuration,data/raw_mafaulda/full/vertical-misalignment/0.63mm/18.0224.csv,50000,1081.344,,vertical_misalignment,0.63mm,,,mafaulda_vertical-misalignment_0.63mm,,,,,,True,split seed 202; operational folder taxonomy kept verbatim (naming caveat M2 not remapped)
methodology_v2.part2.v1,2,MAFAULDA,test,mafaulda_vertical-misalignment_0.63mm_18.8416,mafaulda_vertical-misalignment_0.63mm,vertical-misalignment,Misalignment_NON_BEARING,fault_configuration,data/raw_mafaulda/full/vertical-misalignment/0.63mm/18.8416.csv,50000,1130.496,,vertical_misalignment,0.63mm,,,mafaulda_vertical-misalignment_0.63mm,,,,,,True,split seed 202; operational folder taxonomy kept verbatim (naming caveat M2 not remapped)
methodology_v2.part2.v1,2,MAFAULDA,test,mafaulda_vertical-misalignment_0.63mm_20.0704,mafaulda_vertical-misalignment_0.63mm,vertical-misalignment,Misalignment_NON_BEARING,fault_configuration,data/raw_mafaulda/full/vertical-misalignment/0.63mm/20.0704.csv,50000,1204.224,,vertical_misalignment,0.63mm,,,mafaulda_vertical-misalignment_0.63mm,,,,,,True,split seed 202; operational folder taxonomy kept verbatim (naming caveat M2 not remapped)
methodology_v2.part2.v1,2,MAFAULDA,test,mafaulda_vertical-misalignment_0.63mm_20.48,mafaulda_vertical-misalignment_0.63mm,vertical-misalignment,Misalignment_NON_BEARING,fault_configuration,data/raw_mafaulda/full/vertical-misalignment/0.63mm/20.48.csv,50000,1228.8,,vertical_misalignment,0.63mm,,,mafaulda_vertical-misalignment_0.63mm,,,,,,True,split seed 202; operational folder taxonomy kept verbatim (naming caveat M2 not remapped)
methodology_v2.part2.v1,2,MAFAULDA,test,mafaulda_vertical-misalignment_0.63mm_21.9136,mafaulda_vertical-misalignment_0.63mm,vertical-misalignment,Misalignment_NON_BEARING,fault_configuration,data/raw_mafaulda/full/vertical-misalignment/0.63mm/21.9136.csv,50000,1314.816,,vertical_misalignment,0.63mm,,,mafaulda_vertical-misalignment_0.63mm,,,,,,True,split seed 202; operational folder taxonomy kept verbatim (naming caveat M2 not remapped)
methodology_v2.part2.v1,2,MAFAULDA,test,mafaulda_vertical-misalignment_0.63mm_22.528,mafaulda_vertical-misalignment_0.63mm,vertical-misalignment,Misalignment_NON_BEARING,fault_configuration,data/raw_mafaulda/full/vertical-misalignment/0.63mm/22.528.csv,50000,1351.6799999999998,,vertical_misalignment,0.63mm,,,mafaulda_vertical-misalignment_0.63mm,,,,,,True,split seed 202; operational folder taxonomy kept verbatim (naming caveat M2 not remapped)
methodology_v2.part2.v1,2,MAFAULDA,test,mafaulda_vertical-misalignment_0.63mm_23.3472,mafaulda_vertical-misalignment_0.63mm,vertical-misalignment,Misalignment_NON_BEARING,fault_configuration,data/raw_mafaulda/full/vertical-misalignment/0.63mm/23.3472.csv,50000,1400.832,,vertical_misalignment,0.63mm,,,mafaulda_vertical-misalignment_0.63mm,,,,,,True,split seed 202; operational folder taxonomy kept verbatim (naming caveat M2 not remapped)
methodology_v2.part2.v1,2,MAFAULDA,test,mafaulda_vertical-misalignment_0.63mm_24.576,mafaulda_vertical-misalignment_0.63mm,vertical-misalignment,Misalignment_NON_BEARING,fault_configuration,data/raw_mafaulda/full/vertical-misalignment/0.63mm/24.576.csv,50000,1474.56,,vertical_misalignment,0.63mm,,,mafaulda_vertical-misalignment_0.63mm,,,,,,True,split seed 202; operational folder taxonomy kept verbatim (naming caveat M2 not remapped)
methodology_v2.part2.v1,2,MAFAULDA,test,mafaulda_vertical-misalignment_0.63mm_25.6,mafaulda_vertical-misalignment_0.63mm,vertical-misalignment,Misalignment_NON_BEARING,fault_configuration,data/raw_mafaulda/full/vertical-misalignment/0.63mm/25.6.csv,50000,1536.0,,vertical_misalignment,0.63mm,,,mafaulda_vertical-misalignment_0.63mm,,,,,,True,split seed 202; operational folder taxonomy kept verbatim (naming caveat M2 not remapped)
methodology_v2.part2.v1,2,MAFAULDA,test,mafaulda_vertical-misalignment_0.63mm_26.8288,mafaulda_vertical-misalignment_0.63mm,vertical-misalignment,Misalignment_NON_BEARING,fault_configuration,data/raw_mafaulda/full/vertical-misalignment/0.63mm/26.8288.csv,50000,1609.728,,vertical_misalignment,0.63mm,,,mafaulda_vertical-misalignment_0.63mm,,,,,,True,split seed 202; operational folder taxonomy kept verbatim (naming caveat M2 not remapped)
methodology_v2.part2.v1,2,MAFAULDA,test,mafaulda_vertical-misalignment_0.63mm_27.8528,mafaulda_vertical-misalignment_0.63mm,vertical-misalignment,Misalignment_NON_BEARING,fault_configuration,data/raw_mafaulda/full/vertical-misalignment/0.63mm/27.8528.csv,50000,1671.168,,vertical_misalignment,0.63mm,,,mafaulda_vertical-misalignment_0.63mm,,,,,,True,split seed 202; operational folder taxonomy kept verbatim (naming caveat M2 not remapped)
methodology_v2.part2.v1,2,MAFAULDA,test,mafaulda_vertical-misalignment_0.63mm_28.672,mafaulda_vertical-misalignment_0.63mm,vertical-misalignment,Misalignment_NON_BEARING,fault_configuration,data/raw_mafaulda/full/vertical-misalignment/0.63mm/28.672.csv,50000,1720.32,,vertical_misalignment,0.63mm,,,mafaulda_vertical-misalignment_0.63mm,,,,,,True,split seed 202; operational folder taxonomy kept verbatim (naming caveat M2 not remapped)
methodology_v2.part2.v1,2,MAFAULDA,test,mafaulda_vertical-misalignment_0.63mm_29.0816,mafaulda_vertical-misalignment_0.63mm,vertical-misalignment,Misalignment_NON_BEARING,fault_configuration,data/raw_mafaulda/full/vertical-misalignment/0.63mm/29.0816.csv,50000,1744.8960000000002,,vertical_misalignment,0.63mm,,,mafaulda_vertical-misalignment_0.63mm,,,,,,True,split seed 202; operational folder taxonomy kept verbatim (naming caveat M2 not remapped)
methodology_v2.part2.v1,2,MAFAULDA,test,mafaulda_vertical-misalignment_0.63mm_30.5152,mafaulda_vertical-misalignment_0.63mm,vertical-misalignment,Misalignment_NON_BEARING,fault_configuration,data/raw_mafaulda/full/vertical-misalignment/0.63mm/30.5152.csv,50000,1830.912,,vertical_misalignment,0.63mm,,,mafaulda_vertical-misalignment_0.63mm,,,,,,True,split seed 202; operational folder taxonomy kept verbatim (naming caveat M2 not remapped)
methodology_v2.part2.v1,2,MAFAULDA,test,mafaulda_vertical-misalignment_0.63mm_31.1296,mafaulda_vertical-misalignment_0.63mm,vertical-misalignment,Misalignment_NON_BEARING,fault_configuration,data/raw_mafaulda/full/vertical-misalignment/0.63mm/31.1296.csv,50000,1867.776,,vertical_misalignment,0.63mm,,,mafaulda_vertical-misalignment_0.63mm,,,,,,True,split seed 202; operational folder taxonomy kept verbatim (naming caveat M2 not remapped)
methodology_v2.part2.v1,2,MAFAULDA,test,mafaulda_vertical-misalignment_0.63mm_32.768,mafaulda_vertical-misalignment_0.63mm,vertical-misalignment,Misalignment_NON_BEARING,fault_configuration,data/raw_mafaulda/full/vertical-misalignment/0.63mm/32.768.csv,50000,1966.08,,vertical_misalignment,0.63mm,,,mafaulda_vertical-misalignment_0.63mm,,,,,,True,split seed 202; operational folder taxonomy kept verbatim (naming caveat M2 not remapped)
methodology_v2.part2.v1,2,MAFAULDA,test,mafaulda_vertical-misalignment_0.63mm_33.5872,mafaulda_vertical-misalignment_0.63mm,vertical-misalignment,Misalignment_NON_BEARING,fault_configuration,data/raw_mafaulda/full/vertical-misalignment/0.63mm/33.5872.csv,50000,2015.232,,vertical_misalignment,0.63mm,,,mafaulda_vertical-misalignment_0.63mm,,,,,,True,split seed 202; operational folder taxonomy kept verbatim (naming caveat M2 not remapped)
methodology_v2.part2.v1,2,MAFAULDA,test,mafaulda_vertical-misalignment_0.63mm_34.2016,mafaulda_vertical-misalignment_0.63mm,vertical-misalignment,Misalignment_NON_BEARING,fault_configuration,data/raw_mafaulda/full/vertical-misalignment/0.63mm/34.2016.csv,50000,2052.096,,vertical_misalignment,0.63mm,,,mafaulda_vertical-misalignment_0.63mm,,,,,,True,split seed 202; operational folder taxonomy kept verbatim (naming caveat M2 not remapped)
methodology_v2.part2.v1,2,MAFAULDA,test,mafaulda_vertical-misalignment_0.63mm_35.0208,mafaulda_vertical-misalignment_0.63mm,vertical-misalignment,Misalignment_NON_BEARING,fault_configuration,data/raw_mafaulda/full/vertical-misalignment/0.63mm/35.0208.csv,50000,2101.248,,vertical_misalignment,0.63mm,,,mafaulda_vertical-misalignment_0.63mm,,,,,,True,split seed 202; operational folder taxonomy kept verbatim (naming caveat M2 not remapped)
methodology_v2.part2.v1,2,MAFAULDA,test,mafaulda_vertical-misalignment_0.63mm_36.6592,mafaulda_vertical-misalignment_0.63mm,vertical-misalignment,Misalignment_NON_BEARING,fault_configuration,data/raw_mafaulda/full/vertical-misalignment/0.63mm/36.6592.csv,50000,2199.552,,vertical_misalignment,0.63mm,,,mafaulda_vertical-misalignment_0.63mm,,,,,,True,split seed 202; operational folder taxonomy kept verbatim (naming caveat M2 not remapped)
methodology_v2.part2.v1,2,MAFAULDA,test,mafaulda_vertical-misalignment_0.63mm_37.2736,mafaulda_vertical-misalignment_0.63mm,vertical-misalignment,Misalignment_NON_BEARING,fault_configuration,data/raw_mafaulda/full/vertical-misalignment/0.63mm/37.2736.csv,50000,2236.416,,vertical_misalignment,0.63mm,,,mafaulda_vertical-misalignment_0.63mm,,,,,,True,split seed 202; operational folder taxonomy kept verbatim (naming caveat M2 not remapped)
methodology_v2.part2.v1,2,MAFAULDA,test,mafaulda_vertical-misalignment_0.63mm_38.7072,mafaulda_vertical-misalignment_0.63mm,vertical-misalignment,Misalignment_NON_BEARING,fault_configuration,data/raw_mafaulda/full/vertical-misalignment/0.63mm/38.7072.csv,50000,2322.432,,vertical_misalignment,0.63mm,,,mafaulda_vertical-misalignment_0.63mm,,,,,,True,split seed 202; operational folder taxonomy kept verbatim (naming caveat M2 not remapped)
methodology_v2.part2.v1,2,MAFAULDA,test,mafaulda_vertical-misalignment_0.63mm_39.7312,mafaulda_vertical-misalignment_0.63mm,vertical-misalignment,Misalignment_NON_BEARING,fault_configuration,data/raw_mafaulda/full/vertical-misalignment/0.63mm/39.7312.csv,50000,2383.8720000000003,,vertical_misalignment,0.63mm,,,mafaulda_vertical-misalignment_0.63mm,,,,,,True,split seed 202; operational folder taxonomy kept verbatim (naming caveat M2 not remapped)
methodology_v2.part2.v1,2,MAFAULDA,test,mafaulda_vertical-misalignment_0.63mm_40.3456,mafaulda_vertical-misalignment_0.63mm,vertical-misalignment,Misalignment_NON_BEARING,fault_configuration,data/raw_mafaulda/full/vertical-misalignment/0.63mm/40.3456.csv,50000,2420.736,,vertical_misalignment,0.63mm,,,mafaulda_vertical-misalignment_0.63mm,,,,,,True,split seed 202; operational folder taxonomy kept verbatim (naming caveat M2 not remapped)
methodology_v2.part2.v1,2,MAFAULDA,test,mafaulda_vertical-misalignment_0.63mm_41.3696,mafaulda_vertical-misalignment_0.63mm,vertical-misalignment,Misalignment_NON_BEARING,fault_configuration,data/raw_mafaulda/full/vertical-misalignment/0.63mm/41.3696.csv,50000,2482.176,,vertical_misalignment,0.63mm,,,mafaulda_vertical-misalignment_0.63mm,,,,,,True,split seed 202; operational folder taxonomy kept verbatim (naming caveat M2 not remapped)
methodology_v2.part2.v1,2,MAFAULDA,test,mafaulda_vertical-misalignment_0.63mm_42.3936,mafaulda_vertical-misalignment_0.63mm,vertical-misalignment,Misalignment_NON_BEARING,fault_configuration,data/raw_mafaulda/full/vertical-misalignment/0.63mm/42.3936.csv,50000,2543.616,,vertical_misalignment,0.63mm,,,mafaulda_vertical-misalignment_0.63mm,,,,,,True,split seed 202; operational folder taxonomy kept verbatim (naming caveat M2 not remapped)
methodology_v2.part2.v1,2,MAFAULDA,test,mafaulda_vertical-misalignment_0.63mm_43.008,mafaulda_vertical-misalignment_0.63mm,vertical-misalignment,Misalignment_NON_BEARING,fault_configuration,data/raw_mafaulda/full/vertical-misalignment/0.63mm/43.008.csv,50000,2580.48,,vertical_misalignment,0.63mm,,,mafaulda_vertical-misalignment_0.63mm,,,,,,True,split seed 202; operational folder taxonomy kept verbatim (naming caveat M2 not remapped)
methodology_v2.part2.v1,2,MAFAULDA,test,mafaulda_vertical-misalignment_0.63mm_44.4416,mafaulda_vertical-misalignment_0.63mm,vertical-misalignment,Misalignment_NON_BEARING,fault_configuration,data/raw_mafaulda/full/vertical-misalignment/0.63mm/44.4416.csv,50000,2666.496,,vertical_misalignment,0.63mm,,,mafaulda_vertical-misalignment_0.63mm,,,,,,True,split seed 202; operational folder taxonomy kept verbatim (naming caveat M2 not remapped)
methodology_v2.part2.v1,2,MAFAULDA,test,mafaulda_vertical-misalignment_0.63mm_45.2608,mafaulda_vertical-misalignment_0.63mm,vertical-misalignment,Misalignment_NON_BEARING,fault_configuration,data/raw_mafaulda/full/vertical-misalignment/0.63mm/45.2608.csv,50000,2715.648,,vertical_misalignment,0.63mm,,,mafaulda_vertical-misalignment_0.63mm,,,,,,True,split seed 202; operational folder taxonomy kept verbatim (naming caveat M2 not remapped)
methodology_v2.part2.v1,2,MAFAULDA,test,mafaulda_vertical-misalignment_0.63mm_46.4896,mafaulda_vertical-misalignment_0.63mm,vertical-misalignment,Misalignment_NON_BEARING,fault_configuration,data/raw_mafaulda/full/vertical-misalignment/0.63mm/46.4896.csv,50000,2789.376,,vertical_misalignment,0.63mm,,,mafaulda_vertical-misalignment_0.63mm,,,,,,True,split seed 202; operational folder taxonomy kept verbatim (naming caveat M2 not remapped)
methodology_v2.part2.v1,2,MAFAULDA,test,mafaulda_vertical-misalignment_0.63mm_47.3088,mafaulda_vertical-misalignment_0.63mm,vertical-misalignment,Misalignment_NON_BEARING,fault_configuration,data/raw_mafaulda/full/vertical-misalignment/0.63mm/47.3088.csv,50000,2838.528,,vertical_misalignment,0.63mm,,,mafaulda_vertical-misalignment_0.63mm,,,,,,True,split seed 202; operational folder taxonomy kept verbatim (naming caveat M2 not remapped)
methodology_v2.part2.v1,2,MAFAULDA,test,mafaulda_vertical-misalignment_0.63mm_47.9232,mafaulda_vertical-misalignment_0.63mm,vertical-misalignment,Misalignment_NON_BEARING,fault_configuration,data/raw_mafaulda/full/vertical-misalignment/0.63mm/47.9232.csv,50000,2875.3920000000003,,vertical_misalignment,0.63mm,,,mafaulda_vertical-misalignment_0.63mm,,,,,,True,split seed 202; operational folder taxonomy kept verbatim (naming caveat M2 not remapped)
methodology_v2.part2.v1,2,MAFAULDA,test,mafaulda_vertical-misalignment_0.63mm_49.5616,mafaulda_vertical-misalignment_0.63mm,vertical-misalignment,Misalignment_NON_BEARING,fault_configuration,data/raw_mafaulda/full/vertical-misalignment/0.63mm/49.5616.csv,50000,2973.696,,vertical_misalignment,0.63mm,,,mafaulda_vertical-misalignment_0.63mm,,,,,,True,split seed 202; operational folder taxonomy kept verbatim (naming caveat M2 not remapped)
methodology_v2.part2.v1,2,MAFAULDA,test,mafaulda_vertical-misalignment_0.63mm_49.9712,mafaulda_vertical-misalignment_0.63mm,vertical-misalignment,Misalignment_NON_BEARING,fault_configuration,data/raw_mafaulda/full/vertical-misalignment/0.63mm/49.9712.csv,50000,2998.2720000000004,,vertical_misalignment,0.63mm,,,mafaulda_vertical-misalignment_0.63mm,,,,,,True,split seed 202; operational folder taxonomy kept verbatim (naming caveat M2 not remapped)
methodology_v2.part2.v1,2,MAFAULDA,test,mafaulda_vertical-misalignment_0.63mm_51.2,mafaulda_vertical-misalignment_0.63mm,vertical-misalignment,Misalignment_NON_BEARING,fault_configuration,data/raw_mafaulda/full/vertical-misalignment/0.63mm/51.2.csv,50000,3072.0,,vertical_misalignment,0.63mm,,,mafaulda_vertical-misalignment_0.63mm,,,,,,True,split seed 202; operational folder taxonomy kept verbatim (naming caveat M2 not remapped)
methodology_v2.part2.v1,2,MAFAULDA,test,mafaulda_vertical-misalignment_0.63mm_52.224,mafaulda_vertical-misalignment_0.63mm,vertical-misalignment,Misalignment_NON_BEARING,fault_configuration,data/raw_mafaulda/full/vertical-misalignment/0.63mm/52.224.csv,50000,3133.44,,vertical_misalignment,0.63mm,,,mafaulda_vertical-misalignment_0.63mm,,,,,,True,split seed 202; operational folder taxonomy kept verbatim (naming caveat M2 not remapped)
methodology_v2.part2.v1,2,MAFAULDA,test,mafaulda_vertical-misalignment_0.63mm_53.248,mafaulda_vertical-misalignment_0.63mm,vertical-misalignment,Misalignment_NON_BEARING,fault_configuration,data/raw_mafaulda/full/vertical-misalignment/0.63mm/53.248.csv,50000,3194.88,,vertical_misalignment,0.63mm,,,mafaulda_vertical-misalignment_0.63mm,,,,,,True,split seed 202; operational folder taxonomy kept verbatim (naming caveat M2 not remapped)
methodology_v2.part2.v1,2,MAFAULDA,test,mafaulda_vertical-misalignment_0.63mm_54.0672,mafaulda_vertical-misalignment_0.63mm,vertical-misalignment,Misalignment_NON_BEARING,fault_configuration,data/raw_mafaulda/full/vertical-misalignment/0.63mm/54.0672.csv,50000,3244.032,,vertical_misalignment,0.63mm,,,mafaulda_vertical-misalignment_0.63mm,,,,,,True,split seed 202; operational folder taxonomy kept verbatim (naming caveat M2 not remapped)
methodology_v2.part2.v1,2,MAFAULDA,test,mafaulda_vertical-misalignment_0.63mm_55.296,mafaulda_vertical-misalignment_0.63mm,vertical-misalignment,Misalignment_NON_BEARING,fault_configuration,data/raw_mafaulda/full/vertical-misalignment/0.63mm/55.296.csv,50000,3317.76,,vertical_misalignment,0.63mm,,,mafaulda_vertical-misalignment_0.63mm,,,,,,True,split seed 202; operational folder taxonomy kept verbatim (naming caveat M2 not remapped)
methodology_v2.part2.v1,2,MAFAULDA,test,mafaulda_vertical-misalignment_0.63mm_56.5248,mafaulda_vertical-misalignment_0.63mm,vertical-misalignment,Misalignment_NON_BEARING,fault_configuration,data/raw_mafaulda/full/vertical-misalignment/0.63mm/56.5248.csv,50000,3391.488,,vertical_misalignment,0.63mm,,,mafaulda_vertical-misalignment_0.63mm,,,,,,True,split seed 202; operational folder taxonomy kept verbatim (naming caveat M2 not remapped)
methodology_v2.part2.v1,2,MAFAULDA,test,mafaulda_vertical-misalignment_0.63mm_57.5488,mafaulda_vertical-misalignment_0.63mm,vertical-misalignment,Misalignment_NON_BEARING,fault_configuration,data/raw_mafaulda/full/vertical-misalignment/0.63mm/57.5488.csv,50000,3452.928,,vertical_misalignment,0.63mm,,,mafaulda_vertical-misalignment_0.63mm,,,,,,True,split seed 202; operational folder taxonomy kept verbatim (naming caveat M2 not remapped)
methodology_v2.part2.v1,2,MAFAULDA,test,mafaulda_vertical-misalignment_0.63mm_58.5728,mafaulda_vertical-misalignment_0.63mm,vertical-misalignment,Misalignment_NON_BEARING,fault_configuration,data/raw_mafaulda/full/vertical-misalignment/0.63mm/58.5728.csv,50000,3514.368,,vertical_misalignment,0.63mm,,,mafaulda_vertical-misalignment_0.63mm,,,,,,True,split seed 202; operational folder taxonomy kept verbatim (naming caveat M2 not remapped)
methodology_v2.part2.v1,2,MAFAULDA,test,mafaulda_vertical-misalignment_0.63mm_60.0064,mafaulda_vertical-misalignment_0.63mm,vertical-misalignment,Misalignment_NON_BEARING,fault_configuration,data/raw_mafaulda/full/vertical-misalignment/0.63mm/60.0064.csv,50000,3600.384,,vertical_misalignment,0.63mm,,,mafaulda_vertical-misalignment_0.63mm,,,,,,True,split seed 202; operational folder taxonomy kept verbatim (naming caveat M2 not remapped)
methodology_v2.part2.v1,2,MAFAULDA,test,mafaulda_vertical-misalignment_0.63mm_60.8256,mafaulda_vertical-misalignment_0.63mm,vertical-misalignment,Misalignment_NON_BEARING,fault_configuration,data/raw_mafaulda/full/vertical-misalignment/0.63mm/60.8256.csv,50000,3649.536,,vertical_misalignment,0.63mm,,,mafaulda_vertical-misalignment_0.63mm,,,,,,True,split seed 202; operational folder taxonomy kept verbatim (naming caveat M2 not remapped)
methodology_v2.part2.v1,2,MAFAULDA,test,mafaulda_vertical-misalignment_0.63mm_61.8496,mafaulda_vertical-misalignment_0.63mm,vertical-misalignment,Misalignment_NON_BEARING,fault_configuration,data/raw_mafaulda/full/vertical-misalignment/0.63mm/61.8496.csv,50000,3710.976,,vertical_misalignment,0.63mm,,,mafaulda_vertical-misalignment_0.63mm,,,,,,True,split seed 202; operational folder taxonomy kept verbatim (naming caveat M2 not remapped)
methodology_v2.part2.v1,2,MAFAULDA,validation,mafaulda_vertical-misalignment_1.27mm_12.0832,mafaulda_vertical-misalignment_1.27mm,vertical-misalignment,Misalignment_NON_BEARING,fault_configuration,data/raw_mafaulda/full/vertical-misalignment/1.27mm/12.0832.csv,50000,724.992,,vertical_misalignment,1.27mm,,,mafaulda_vertical-misalignment_1.27mm,,,,,,True,split seed 202; operational folder taxonomy kept verbatim (naming caveat M2 not remapped)
methodology_v2.part2.v1,2,MAFAULDA,validation,mafaulda_vertical-misalignment_1.27mm_13.7216,mafaulda_vertical-misalignment_1.27mm,vertical-misalignment,Misalignment_NON_BEARING,fault_configuration,data/raw_mafaulda/full/vertical-misalignment/1.27mm/13.7216.csv,50000,823.296,,vertical_misalignment,1.27mm,,,mafaulda_vertical-misalignment_1.27mm,,,,,,True,split seed 202; operational folder taxonomy kept verbatim (naming caveat M2 not remapped)
methodology_v2.part2.v1,2,MAFAULDA,validation,mafaulda_vertical-misalignment_1.27mm_14.9504,mafaulda_vertical-misalignment_1.27mm,vertical-misalignment,Misalignment_NON_BEARING,fault_configuration,data/raw_mafaulda/full/vertical-misalignment/1.27mm/14.9504.csv,50000,897.024,,vertical_misalignment,1.27mm,,,mafaulda_vertical-misalignment_1.27mm,,,,,,True,split seed 202; operational folder taxonomy kept verbatim (naming caveat M2 not remapped)
methodology_v2.part2.v1,2,MAFAULDA,validation,mafaulda_vertical-misalignment_1.27mm_15.36,mafaulda_vertical-misalignment_1.27mm,vertical-misalignment,Misalignment_NON_BEARING,fault_configuration,data/raw_mafaulda/full/vertical-misalignment/1.27mm/15.36.csv,50000,921.6,,vertical_misalignment,1.27mm,,,mafaulda_vertical-misalignment_1.27mm,,,,,,True,split seed 202; operational folder taxonomy kept verbatim (naming caveat M2 not remapped)
methodology_v2.part2.v1,2,MAFAULDA,validation,mafaulda_vertical-misalignment_1.27mm_17.2032,mafaulda_vertical-misalignment_1.27mm,vertical-misalignment,Misalignment_NON_BEARING,fault_configuration,data/raw_mafaulda/full/vertical-misalignment/1.27mm/17.2032.csv,50000,1032.192,,vertical_misalignment,1.27mm,,,mafaulda_vertical-misalignment_1.27mm,,,,,,True,split seed 202; operational folder taxonomy kept verbatim (naming caveat M2 not remapped)
methodology_v2.part2.v1,2,MAFAULDA,validation,mafaulda_vertical-misalignment_1.27mm_17.408,mafaulda_vertical-misalignment_1.27mm,vertical-misalignment,Misalignment_NON_BEARING,fault_configuration,data/raw_mafaulda/full/vertical-misalignment/1.27mm/17.408.csv,50000,1044.48,,vertical_misalignment,1.27mm,,,mafaulda_vertical-misalignment_1.27mm,,,,,,True,split seed 202; operational folder taxonomy kept verbatim (naming caveat M2 not remapped)
methodology_v2.part2.v1,2,MAFAULDA,validation,mafaulda_vertical-misalignment_1.27mm_18.6368,mafaulda_vertical-misalignment_1.27mm,vertical-misalignment,Misalignment_NON_BEARING,fault_configuration,data/raw_mafaulda/full/vertical-misalignment/1.27mm/18.6368.csv,50000,1118.208,,vertical_misalignment,1.27mm,,,mafaulda_vertical-misalignment_1.27mm,,,,,,True,split seed 202; operational folder taxonomy kept verbatim (naming caveat M2 not remapped)
methodology_v2.part2.v1,2,MAFAULDA,validation,mafaulda_vertical-misalignment_1.27mm_19.6608,mafaulda_vertical-misalignment_1.27mm,vertical-misalignment,Misalignment_NON_BEARING,fault_configuration,data/raw_mafaulda/full/vertical-misalignment/1.27mm/19.6608.csv,50000,1179.648,,vertical_misalignment,1.27mm,,,mafaulda_vertical-misalignment_1.27mm,,,,,,True,split seed 202; operational folder taxonomy kept verbatim (naming caveat M2 not remapped)
methodology_v2.part2.v1,2,MAFAULDA,validation,mafaulda_vertical-misalignment_1.27mm_20.2752,mafaulda_vertical-misalignment_1.27mm,vertical-misalignment,Misalignment_NON_BEARING,fault_configuration,data/raw_mafaulda/full/vertical-misalignment/1.27mm/20.2752.csv,50000,1216.5120000000002,,vertical_misalignment,1.27mm,,,mafaulda_vertical-misalignment_1.27mm,,,,,,True,split seed 202; operational folder taxonomy kept verbatim (naming caveat M2 not remapped)
methodology_v2.part2.v1,2,MAFAULDA,validation,mafaulda_vertical-misalignment_1.27mm_21.2992,mafaulda_vertical-misalignment_1.27mm,vertical-misalignment,Misalignment_NON_BEARING,fault_configuration,data/raw_mafaulda/full/vertical-misalignment/1.27mm/21.2992.csv,50000,1277.952,,vertical_misalignment,1.27mm,,,mafaulda_vertical-misalignment_1.27mm,,,,,,True,split seed 202; operational folder taxonomy kept verbatim (naming caveat M2 not remapped)
methodology_v2.part2.v1,2,MAFAULDA,validation,mafaulda_vertical-misalignment_1.27mm_22.7328,mafaulda_vertical-misalignment_1.27mm,vertical-misalignment,Misalignment_NON_BEARING,fault_configuration,data/raw_mafaulda/full/vertical-misalignment/1.27mm/22.7328.csv,50000,1363.968,,vertical_misalignment,1.27mm,,,mafaulda_vertical-misalignment_1.27mm,,,,,,True,split seed 202; operational folder taxonomy kept verbatim (naming caveat M2 not remapped)
methodology_v2.part2.v1,2,MAFAULDA,validation,mafaulda_vertical-misalignment_1.27mm_23.3472,mafaulda_vertical-misalignment_1.27mm,vertical-misalignment,Misalignment_NON_BEARING,fault_configuration,data/raw_mafaulda/full/vertical-misalignment/1.27mm/23.3472.csv,50000,1400.832,,vertical_misalignment,1.27mm,,,mafaulda_vertical-misalignment_1.27mm,,,,,,True,split seed 202; operational folder taxonomy kept verbatim (naming caveat M2 not remapped)
methodology_v2.part2.v1,2,MAFAULDA,validation,mafaulda_vertical-misalignment_1.27mm_24.7808,mafaulda_vertical-misalignment_1.27mm,vertical-misalignment,Misalignment_NON_BEARING,fault_configuration,data/raw_mafaulda/full/vertical-misalignment/1.27mm/24.7808.csv,50000,1486.848,,vertical_misalignment,1.27mm,,,mafaulda_vertical-misalignment_1.27mm,,,,,,True,split seed 202; operational folder taxonomy kept verbatim (naming caveat M2 not remapped)
methodology_v2.part2.v1,2,MAFAULDA,validation,mafaulda_vertical-misalignment_1.27mm_26.0096,mafaulda_vertical-misalignment_1.27mm,vertical-misalignment,Misalignment_NON_BEARING,fault_configuration,data/raw_mafaulda/full/vertical-misalignment/1.27mm/26.0096.csv,50000,1560.576,,vertical_misalignment,1.27mm,,,mafaulda_vertical-misalignment_1.27mm,,,,,,True,split seed 202; operational folder taxonomy kept verbatim (naming caveat M2 not remapped)
methodology_v2.part2.v1,2,MAFAULDA,validation,mafaulda_vertical-misalignment_1.27mm_26.2144,mafaulda_vertical-misalignment_1.27mm,vertical-misalignment,Misalignment_NON_BEARING,fault_configuration,data/raw_mafaulda/full/vertical-misalignment/1.27mm/26.2144.csv,50000,1572.864,,vertical_misalignment,1.27mm,,,mafaulda_vertical-misalignment_1.27mm,,,,,,True,split seed 202; operational folder taxonomy kept verbatim (naming caveat M2 not remapped)
methodology_v2.part2.v1,2,MAFAULDA,validation,mafaulda_vertical-misalignment_1.27mm_27.0336,mafaulda_vertical-misalignment_1.27mm,vertical-misalignment,Misalignment_NON_BEARING,fault_configuration,data/raw_mafaulda/full/vertical-misalignment/1.27mm/27.0336.csv,50000,1622.016,,vertical_misalignment,1.27mm,,,mafaulda_vertical-misalignment_1.27mm,,,,,,True,split seed 202; operational folder taxonomy kept verbatim (naming caveat M2 not remapped)
methodology_v2.part2.v1,2,MAFAULDA,validation,mafaulda_vertical-misalignment_1.27mm_28.672,mafaulda_vertical-misalignment_1.27mm,vertical-misalignment,Misalignment_NON_BEARING,fault_configuration,data/raw_mafaulda/full/vertical-misalignment/1.27mm/28.672.csv,50000,1720.32,,vertical_misalignment,1.27mm,,,mafaulda_vertical-misalignment_1.27mm,,,,,,True,split seed 202; operational folder taxonomy kept verbatim (naming caveat M2 not remapped)
methodology_v2.part2.v1,2,MAFAULDA,validation,mafaulda_vertical-misalignment_1.27mm_29.2864,mafaulda_vertical-misalignment_1.27mm,vertical-misalignment,Misalignment_NON_BEARING,fault_configuration,data/raw_mafaulda/full/vertical-misalignment/1.27mm/29.2864.csv,50000,1757.184,,vertical_misalignment,1.27mm,,,mafaulda_vertical-misalignment_1.27mm,,,,,,True,split seed 202; operational folder taxonomy kept verbatim (naming caveat M2 not remapped)
methodology_v2.part2.v1,2,MAFAULDA,validation,mafaulda_vertical-misalignment_1.27mm_30.5152,mafaulda_vertical-misalignment_1.27mm,vertical-misalignment,Misalignment_NON_BEARING,fault_configuration,data/raw_mafaulda/full/vertical-misalignment/1.27mm/30.5152.csv,50000,1830.912,,vertical_misalignment,1.27mm,,,mafaulda_vertical-misalignment_1.27mm,,,,,,True,split seed 202; operational folder taxonomy kept verbatim (naming caveat M2 not remapped)
methodology_v2.part2.v1,2,MAFAULDA,validation,mafaulda_vertical-misalignment_1.27mm_31.1296,mafaulda_vertical-misalignment_1.27mm,vertical-misalignment,Misalignment_NON_BEARING,fault_configuration,data/raw_mafaulda/full/vertical-misalignment/1.27mm/31.1296.csv,50000,1867.776,,vertical_misalignment,1.27mm,,,mafaulda_vertical-misalignment_1.27mm,,,,,,True,split seed 202; operational folder taxonomy kept verbatim (naming caveat M2 not remapped)
methodology_v2.part2.v1,2,MAFAULDA,validation,mafaulda_vertical-misalignment_1.27mm_32.9728,mafaulda_vertical-misalignment_1.27mm,vertical-misalignment,Misalignment_NON_BEARING,fault_configuration,data/raw_mafaulda/full/vertical-misalignment/1.27mm/32.9728.csv,50000,1978.368,,vertical_misalignment,1.27mm,,,mafaulda_vertical-misalignment_1.27mm,,,,,,True,split seed 202; operational folder taxonomy kept verbatim (naming caveat M2 not remapped)
methodology_v2.part2.v1,2,MAFAULDA,validation,mafaulda_vertical-misalignment_1.27mm_33.9968,mafaulda_vertical-misalignment_1.27mm,vertical-misalignment,Misalignment_NON_BEARING,fault_configuration,data/raw_mafaulda/full/vertical-misalignment/1.27mm/33.9968.csv,50000,2039.808,,vertical_misalignment,1.27mm,,,mafaulda_vertical-misalignment_1.27mm,,,,,,True,split seed 202; operational folder taxonomy kept verbatim (naming caveat M2 not remapped)
methodology_v2.part2.v1,2,MAFAULDA,validation,mafaulda_vertical-misalignment_1.27mm_34.4064,mafaulda_vertical-misalignment_1.27mm,vertical-misalignment,Misalignment_NON_BEARING,fault_configuration,data/raw_mafaulda/full/vertical-misalignment/1.27mm/34.4064.csv,50000,2064.384,,vertical_misalignment,1.27mm,,,mafaulda_vertical-misalignment_1.27mm,,,,,,True,split seed 202; operational folder taxonomy kept verbatim (naming caveat M2 not remapped)
methodology_v2.part2.v1,2,MAFAULDA,validation,mafaulda_vertical-misalignment_1.27mm_35.4304,mafaulda_vertical-misalignment_1.27mm,vertical-misalignment,Misalignment_NON_BEARING,fault_configuration,data/raw_mafaulda/full/vertical-misalignment/1.27mm/35.4304.csv,50000,2125.824,,vertical_misalignment,1.27mm,,,mafaulda_vertical-misalignment_1.27mm,,,,,,True,split seed 202; operational folder taxonomy kept verbatim (naming caveat M2 not remapped)
methodology_v2.part2.v1,2,MAFAULDA,validation,mafaulda_vertical-misalignment_1.27mm_36.0448,mafaulda_vertical-misalignment_1.27mm,vertical-misalignment,Misalignment_NON_BEARING,fault_configuration,data/raw_mafaulda/full/vertical-misalignment/1.27mm/36.0448.csv,50000,2162.688,,vertical_misalignment,1.27mm,,,mafaulda_vertical-misalignment_1.27mm,,,,,,True,split seed 202; operational folder taxonomy kept verbatim (naming caveat M2 not remapped)
methodology_v2.part2.v1,2,MAFAULDA,validation,mafaulda_vertical-misalignment_1.27mm_37.2736,mafaulda_vertical-misalignment_1.27mm,vertical-misalignment,Misalignment_NON_BEARING,fault_configuration,data/raw_mafaulda/full/vertical-misalignment/1.27mm/37.2736.csv,50000,2236.416,,vertical_misalignment,1.27mm,,,mafaulda_vertical-misalignment_1.27mm,,,,,,True,split seed 202; operational folder taxonomy kept verbatim (naming caveat M2 not remapped)
methodology_v2.part2.v1,2,MAFAULDA,validation,mafaulda_vertical-misalignment_1.27mm_38.2976,mafaulda_vertical-misalignment_1.27mm,vertical-misalignment,Misalignment_NON_BEARING,fault_configuration,data/raw_mafaulda/full/vertical-misalignment/1.27mm/38.2976.csv,50000,2297.856,,vertical_misalignment,1.27mm,,,mafaulda_vertical-misalignment_1.27mm,,,,,,True,split seed 202; operational folder taxonomy kept verbatim (naming caveat M2 not remapped)
methodology_v2.part2.v1,2,MAFAULDA,validation,mafaulda_vertical-misalignment_1.27mm_39.3216,mafaulda_vertical-misalignment_1.27mm,vertical-misalignment,Misalignment_NON_BEARING,fault_configuration,data/raw_mafaulda/full/vertical-misalignment/1.27mm/39.3216.csv,50000,2359.296,,vertical_misalignment,1.27mm,,,mafaulda_vertical-misalignment_1.27mm,,,,,,True,split seed 202; operational folder taxonomy kept verbatim (naming caveat M2 not remapped)
methodology_v2.part2.v1,2,MAFAULDA,validation,mafaulda_vertical-misalignment_1.27mm_40.7552,mafaulda_vertical-misalignment_1.27mm,vertical-misalignment,Misalignment_NON_BEARING,fault_configuration,data/raw_mafaulda/full/vertical-misalignment/1.27mm/40.7552.csv,50000,2445.312,,vertical_misalignment,1.27mm,,,mafaulda_vertical-misalignment_1.27mm,,,,,,True,split seed 202; operational folder taxonomy kept verbatim (naming caveat M2 not remapped)
methodology_v2.part2.v1,2,MAFAULDA,validation,mafaulda_vertical-misalignment_1.27mm_41.1648,mafaulda_vertical-misalignment_1.27mm,vertical-misalignment,Misalignment_NON_BEARING,fault_configuration,data/raw_mafaulda/full/vertical-misalignment/1.27mm/41.1648.csv,50000,2469.888,,vertical_misalignment,1.27mm,,,mafaulda_vertical-misalignment_1.27mm,,,,,,True,split seed 202; operational folder taxonomy kept verbatim (naming caveat M2 not remapped)
methodology_v2.part2.v1,2,MAFAULDA,validation,mafaulda_vertical-misalignment_1.27mm_42.3936,mafaulda_vertical-misalignment_1.27mm,vertical-misalignment,Misalignment_NON_BEARING,fault_configuration,data/raw_mafaulda/full/vertical-misalignment/1.27mm/42.3936.csv,50000,2543.616,,vertical_misalignment,1.27mm,,,mafaulda_vertical-misalignment_1.27mm,,,,,,True,split seed 202; operational folder taxonomy kept verbatim (naming caveat M2 not remapped)
methodology_v2.part2.v1,2,MAFAULDA,validation,mafaulda_vertical-misalignment_1.27mm_43.4176,mafaulda_vertical-misalignment_1.27mm,vertical-misalignment,Misalignment_NON_BEARING,fault_configuration,data/raw_mafaulda/full/vertical-misalignment/1.27mm/43.4176.csv,50000,2605.056,,vertical_misalignment,1.27mm,,,mafaulda_vertical-misalignment_1.27mm,,,,,,True,split seed 202; operational folder taxonomy kept verbatim (naming caveat M2 not remapped)
methodology_v2.part2.v1,2,MAFAULDA,validation,mafaulda_vertical-misalignment_1.27mm_44.032,mafaulda_vertical-misalignment_1.27mm,vertical-misalignment,Misalignment_NON_BEARING,fault_configuration,data/raw_mafaulda/full/vertical-misalignment/1.27mm/44.032.csv,50000,2641.92,,vertical_misalignment,1.27mm,,,mafaulda_vertical-misalignment_1.27mm,,,,,,True,split seed 202; operational folder taxonomy kept verbatim (naming caveat M2 not remapped)
methodology_v2.part2.v1,2,MAFAULDA,validation,mafaulda_vertical-misalignment_1.27mm_45.2608,mafaulda_vertical-misalignment_1.27mm,vertical-misalignment,Misalignment_NON_BEARING,fault_configuration,data/raw_mafaulda/full/vertical-misalignment/1.27mm/45.2608.csv,50000,2715.648,,vertical_misalignment,1.27mm,,,mafaulda_vertical-misalignment_1.27mm,,,,,,True,split seed 202; operational folder taxonomy kept verbatim (naming caveat M2 not remapped)
methodology_v2.part2.v1,2,MAFAULDA,validation,mafaulda_vertical-misalignment_1.27mm_46.08,mafaulda_vertical-misalignment_1.27mm,vertical-misalignment,Misalignment_NON_BEARING,fault_configuration,data/raw_mafaulda/full/vertical-misalignment/1.27mm/46.08.csv,50000,2764.8,,vertical_misalignment,1.27mm,,,mafaulda_vertical-misalignment_1.27mm,,,,,,True,split seed 202; operational folder taxonomy kept verbatim (naming caveat M2 not remapped)
methodology_v2.part2.v1,2,MAFAULDA,validation,mafaulda_vertical-misalignment_1.27mm_47.5136,mafaulda_vertical-misalignment_1.27mm,vertical-misalignment,Misalignment_NON_BEARING,fault_configuration,data/raw_mafaulda/full/vertical-misalignment/1.27mm/47.5136.csv,50000,2850.816,,vertical_misalignment,1.27mm,,,mafaulda_vertical-misalignment_1.27mm,,,,,,True,split seed 202; operational folder taxonomy kept verbatim (naming caveat M2 not remapped)
methodology_v2.part2.v1,2,MAFAULDA,validation,mafaulda_vertical-misalignment_1.27mm_48.3328,mafaulda_vertical-misalignment_1.27mm,vertical-misalignment,Misalignment_NON_BEARING,fault_configuration,data/raw_mafaulda/full/vertical-misalignment/1.27mm/48.3328.csv,50000,2899.968,,vertical_misalignment,1.27mm,,,mafaulda_vertical-misalignment_1.27mm,,,,,,True,split seed 202; operational folder taxonomy kept verbatim (naming caveat M2 not remapped)
methodology_v2.part2.v1,2,MAFAULDA,validation,mafaulda_vertical-misalignment_1.27mm_48.9472,mafaulda_vertical-misalignment_1.27mm,vertical-misalignment,Misalignment_NON_BEARING,fault_configuration,data/raw_mafaulda/full/vertical-misalignment/1.27mm/48.9472.csv,50000,2936.8320000000003,,vertical_misalignment,1.27mm,,,mafaulda_vertical-misalignment_1.27mm,,,,,,True,split seed 202; operational folder taxonomy kept verbatim (naming caveat M2 not remapped)
methodology_v2.part2.v1,2,MAFAULDA,validation,mafaulda_vertical-misalignment_1.27mm_50.3808,mafaulda_vertical-misalignment_1.27mm,vertical-misalignment,Misalignment_NON_BEARING,fault_configuration,data/raw_mafaulda/full/vertical-misalignment/1.27mm/50.3808.csv,50000,3022.848,,vertical_misalignment,1.27mm,,,mafaulda_vertical-misalignment_1.27mm,,,,,,True,split seed 202; operational folder taxonomy kept verbatim (naming caveat M2 not remapped)
methodology_v2.part2.v1,2,MAFAULDA,validation,mafaulda_vertical-misalignment_1.27mm_51.4048,mafaulda_vertical-misalignment_1.27mm,vertical-misalignment,Misalignment_NON_BEARING,fault_configuration,data/raw_mafaulda/full/vertical-misalignment/1.27mm/51.4048.csv,50000,3084.288,,vertical_misalignment,1.27mm,,,mafaulda_vertical-misalignment_1.27mm,,,,,,True,split seed 202; operational folder taxonomy kept verbatim (naming caveat M2 not remapped)
methodology_v2.part2.v1,2,MAFAULDA,validation,mafaulda_vertical-misalignment_1.27mm_52.224,mafaulda_vertical-misalignment_1.27mm,vertical-misalignment,Misalignment_NON_BEARING,fault_configuration,data/raw_mafaulda/full/vertical-misalignment/1.27mm/52.224.csv,50000,3133.44,,vertical_misalignment,1.27mm,,,mafaulda_vertical-misalignment_1.27mm,,,,,,True,split seed 202; operational folder taxonomy kept verbatim (naming caveat M2 not remapped)
methodology_v2.part2.v1,2,MAFAULDA,validation,mafaulda_vertical-misalignment_1.27mm_53.6576,mafaulda_vertical-misalignment_1.27mm,vertical-misalignment,Misalignment_NON_BEARING,fault_configuration,data/raw_mafaulda/full/vertical-misalignment/1.27mm/53.6576.csv,50000,3219.456,,vertical_misalignment,1.27mm,,,mafaulda_vertical-misalignment_1.27mm,,,,,,True,split seed 202; operational folder taxonomy kept verbatim (naming caveat M2 not remapped)
methodology_v2.part2.v1,2,MAFAULDA,validation,mafaulda_vertical-misalignment_1.27mm_54.272,mafaulda_vertical-misalignment_1.27mm,vertical-misalignment,Misalignment_NON_BEARING,fault_configuration,data/raw_mafaulda/full/vertical-misalignment/1.27mm/54.272.csv,50000,3256.32,,vertical_misalignment,1.27mm,,,mafaulda_vertical-misalignment_1.27mm,,,,,,True,split seed 202; operational folder taxonomy kept verbatim (naming caveat M2 not remapped)
methodology_v2.part2.v1,2,MAFAULDA,validation,mafaulda_vertical-misalignment_1.27mm_55.0912,mafaulda_vertical-misalignment_1.27mm,vertical-misalignment,Misalignment_NON_BEARING,fault_configuration,data/raw_mafaulda/full/vertical-misalignment/1.27mm/55.0912.csv,50000,3305.472,,vertical_misalignment,1.27mm,,,mafaulda_vertical-misalignment_1.27mm,,,,,,True,split seed 202; operational folder taxonomy kept verbatim (naming caveat M2 not remapped)
methodology_v2.part2.v1,2,MAFAULDA,validation,mafaulda_vertical-misalignment_1.27mm_56.32,mafaulda_vertical-misalignment_1.27mm,vertical-misalignment,Misalignment_NON_BEARING,fault_configuration,data/raw_mafaulda/full/vertical-misalignment/1.27mm/56.32.csv,50000,3379.2,,vertical_misalignment,1.27mm,,,mafaulda_vertical-misalignment_1.27mm,,,,,,True,split seed 202; operational folder taxonomy kept verbatim (naming caveat M2 not remapped)
methodology_v2.part2.v1,2,MAFAULDA,validation,mafaulda_vertical-misalignment_1.27mm_57.344,mafaulda_vertical-misalignment_1.27mm,vertical-misalignment,Misalignment_NON_BEARING,fault_configuration,data/raw_mafaulda/full/vertical-misalignment/1.27mm/57.344.csv,50000,3440.64,,vertical_misalignment,1.27mm,,,mafaulda_vertical-misalignment_1.27mm,,,,,,True,split seed 202; operational folder taxonomy kept verbatim (naming caveat M2 not remapped)
methodology_v2.part2.v1,2,MAFAULDA,validation,mafaulda_vertical-misalignment_1.27mm_58.9824,mafaulda_vertical-misalignment_1.27mm,vertical-misalignment,Misalignment_NON_BEARING,fault_configuration,data/raw_mafaulda/full/vertical-misalignment/1.27mm/58.9824.csv,50000,3538.944,,vertical_misalignment,1.27mm,,,mafaulda_vertical-misalignment_1.27mm,,,,,,True,split seed 202; operational folder taxonomy kept verbatim (naming caveat M2 not remapped)
methodology_v2.part2.v1,2,MAFAULDA,validation,mafaulda_vertical-misalignment_1.27mm_60.0064,mafaulda_vertical-misalignment_1.27mm,vertical-misalignment,Misalignment_NON_BEARING,fault_configuration,data/raw_mafaulda/full/vertical-misalignment/1.27mm/60.0064.csv,50000,3600.384,,vertical_misalignment,1.27mm,,,mafaulda_vertical-misalignment_1.27mm,,,,,,True,split seed 202; operational folder taxonomy kept verbatim (naming caveat M2 not remapped)
methodology_v2.part2.v1,2,MAFAULDA,validation,mafaulda_vertical-misalignment_1.27mm_61.2352,mafaulda_vertical-misalignment_1.27mm,vertical-misalignment,Misalignment_NON_BEARING,fault_configuration,data/raw_mafaulda/full/vertical-misalignment/1.27mm/61.2352.csv,50000,3674.112,,vertical_misalignment,1.27mm,,,mafaulda_vertical-misalignment_1.27mm,,,,,,True,split seed 202; operational folder taxonomy kept verbatim (naming caveat M2 not remapped)
methodology_v2.part2.v1,2,MAFAULDA,validation,mafaulda_vertical-misalignment_1.27mm_62.2592,mafaulda_vertical-misalignment_1.27mm,vertical-misalignment,Misalignment_NON_BEARING,fault_configuration,data/raw_mafaulda/full/vertical-misalignment/1.27mm/62.2592.csv,50000,3735.552,,vertical_misalignment,1.27mm,,,mafaulda_vertical-misalignment_1.27mm,,,,,,True,split seed 202; operational folder taxonomy kept verbatim (naming caveat M2 not remapped)
methodology_v2.part2.v1,2,MAFAULDA,train,mafaulda_vertical-misalignment_1.40mm_12.0832,mafaulda_vertical-misalignment_1.40mm,vertical-misalignment,Misalignment_NON_BEARING,fault_configuration,data/raw_mafaulda/full/vertical-misalignment/1.40mm/12.0832.csv,50000,724.992,,vertical_misalignment,1.40mm,,,mafaulda_vertical-misalignment_1.40mm,,,,,,True,split seed 202; operational folder taxonomy kept verbatim (naming caveat M2 not remapped)
methodology_v2.part2.v1,2,MAFAULDA,train,mafaulda_vertical-misalignment_1.40mm_13.312,mafaulda_vertical-misalignment_1.40mm,vertical-misalignment,Misalignment_NON_BEARING,fault_configuration,data/raw_mafaulda/full/vertical-misalignment/1.40mm/13.312.csv,50000,798.7199999999999,,vertical_misalignment,1.40mm,,,mafaulda_vertical-misalignment_1.40mm,,,,,,True,split seed 202; operational folder taxonomy kept verbatim (naming caveat M2 not remapped)
methodology_v2.part2.v1,2,MAFAULDA,train,mafaulda_vertical-misalignment_1.40mm_14.7456,mafaulda_vertical-misalignment_1.40mm,vertical-misalignment,Misalignment_NON_BEARING,fault_configuration,data/raw_mafaulda/full/vertical-misalignment/1.40mm/14.7456.csv,50000,884.736,,vertical_misalignment,1.40mm,,,mafaulda_vertical-misalignment_1.40mm,,,,,,True,split seed 202; operational folder taxonomy kept verbatim (naming caveat M2 not remapped)
methodology_v2.part2.v1,2,MAFAULDA,train,mafaulda_vertical-misalignment_1.40mm_15.7696,mafaulda_vertical-misalignment_1.40mm,vertical-misalignment,Misalignment_NON_BEARING,fault_configuration,data/raw_mafaulda/full/vertical-misalignment/1.40mm/15.7696.csv,50000,946.176,,vertical_misalignment,1.40mm,,,mafaulda_vertical-misalignment_1.40mm,,,,,,True,split seed 202; operational folder taxonomy kept verbatim (naming caveat M2 not remapped)
methodology_v2.part2.v1,2,MAFAULDA,train,mafaulda_vertical-misalignment_1.40mm_16.384,mafaulda_vertical-misalignment_1.40mm,vertical-misalignment,Misalignment_NON_BEARING,fault_configuration,data/raw_mafaulda/full/vertical-misalignment/1.40mm/16.384.csv,50000,983.04,,vertical_misalignment,1.40mm,,,mafaulda_vertical-misalignment_1.40mm,,,,,,True,split seed 202; operational folder taxonomy kept verbatim (naming caveat M2 not remapped)
methodology_v2.part2.v1,2,MAFAULDA,train,mafaulda_vertical-misalignment_1.40mm_17.2032,mafaulda_vertical-misalignment_1.40mm,vertical-misalignment,Misalignment_NON_BEARING,fault_configuration,data/raw_mafaulda/full/vertical-misalignment/1.40mm/17.2032.csv,50000,1032.192,,vertical_misalignment,1.40mm,,,mafaulda_vertical-misalignment_1.40mm,,,,,,True,split seed 202; operational folder taxonomy kept verbatim (naming caveat M2 not remapped)
methodology_v2.part2.v1,2,MAFAULDA,train,mafaulda_vertical-misalignment_1.40mm_18.2272,mafaulda_vertical-misalignment_1.40mm,vertical-misalignment,Misalignment_NON_BEARING,fault_configuration,data/raw_mafaulda/full/vertical-misalignment/1.40mm/18.2272.csv,50000,1093.632,,vertical_misalignment,1.40mm,,,mafaulda_vertical-misalignment_1.40mm,,,,,,True,split seed 202; operational folder taxonomy kept verbatim (naming caveat M2 not remapped)
methodology_v2.part2.v1,2,MAFAULDA,train,mafaulda_vertical-misalignment_1.40mm_19.6608,mafaulda_vertical-misalignment_1.40mm,vertical-misalignment,Misalignment_NON_BEARING,fault_configuration,data/raw_mafaulda/full/vertical-misalignment/1.40mm/19.6608.csv,50000,1179.648,,vertical_misalignment,1.40mm,,,mafaulda_vertical-misalignment_1.40mm,,,,,,True,split seed 202; operational folder taxonomy kept verbatim (naming caveat M2 not remapped)
methodology_v2.part2.v1,2,MAFAULDA,train,mafaulda_vertical-misalignment_1.40mm_20.2752,mafaulda_vertical-misalignment_1.40mm,vertical-misalignment,Misalignment_NON_BEARING,fault_configuration,data/raw_mafaulda/full/vertical-misalignment/1.40mm/20.2752.csv,50000,1216.5120000000002,,vertical_misalignment,1.40mm,,,mafaulda_vertical-misalignment_1.40mm,,,,,,True,split seed 202; operational folder taxonomy kept verbatim (naming caveat M2 not remapped)
methodology_v2.part2.v1,2,MAFAULDA,train,mafaulda_vertical-misalignment_1.40mm_21.7088,mafaulda_vertical-misalignment_1.40mm,vertical-misalignment,Misalignment_NON_BEARING,fault_configuration,data/raw_mafaulda/full/vertical-misalignment/1.40mm/21.7088.csv,50000,1302.528,,vertical_misalignment,1.40mm,,,mafaulda_vertical-misalignment_1.40mm,,,,,,True,split seed 202; operational folder taxonomy kept verbatim (naming caveat M2 not remapped)
methodology_v2.part2.v1,2,MAFAULDA,train,mafaulda_vertical-misalignment_1.40mm_22.7328,mafaulda_vertical-misalignment_1.40mm,vertical-misalignment,Misalignment_NON_BEARING,fault_configuration,data/raw_mafaulda/full/vertical-misalignment/1.40mm/22.7328.csv,50000,1363.968,,vertical_misalignment,1.40mm,,,mafaulda_vertical-misalignment_1.40mm,,,,,,True,split seed 202; operational folder taxonomy kept verbatim (naming caveat M2 not remapped)
methodology_v2.part2.v1,2,MAFAULDA,train,mafaulda_vertical-misalignment_1.40mm_23.552,mafaulda_vertical-misalignment_1.40mm,vertical-misalignment,Misalignment_NON_BEARING,fault_configuration,data/raw_mafaulda/full/vertical-misalignment/1.40mm/23.552.csv,50000,1413.12,,vertical_misalignment,1.40mm,,,mafaulda_vertical-misalignment_1.40mm,,,,,,True,split seed 202; operational folder taxonomy kept verbatim (naming caveat M2 not remapped)
methodology_v2.part2.v1,2,MAFAULDA,train,mafaulda_vertical-misalignment_1.40mm_24.576,mafaulda_vertical-misalignment_1.40mm,vertical-misalignment,Misalignment_NON_BEARING,fault_configuration,data/raw_mafaulda/full/vertical-misalignment/1.40mm/24.576.csv,50000,1474.56,,vertical_misalignment,1.40mm,,,mafaulda_vertical-misalignment_1.40mm,,,,,,True,split seed 202; operational folder taxonomy kept verbatim (naming caveat M2 not remapped)
methodology_v2.part2.v1,2,MAFAULDA,train,mafaulda_vertical-misalignment_1.40mm_25.3952,mafaulda_vertical-misalignment_1.40mm,vertical-misalignment,Misalignment_NON_BEARING,fault_configuration,data/raw_mafaulda/full/vertical-misalignment/1.40mm/25.3952.csv,50000,1523.712,,vertical_misalignment,1.40mm,,,mafaulda_vertical-misalignment_1.40mm,,,,,,True,split seed 202; operational folder taxonomy kept verbatim (naming caveat M2 not remapped)
methodology_v2.part2.v1,2,MAFAULDA,train,mafaulda_vertical-misalignment_1.40mm_25.8048,mafaulda_vertical-misalignment_1.40mm,vertical-misalignment,Misalignment_NON_BEARING,fault_configuration,data/raw_mafaulda/full/vertical-misalignment/1.40mm/25.8048.csv,50000,1548.288,,vertical_misalignment,1.40mm,,,mafaulda_vertical-misalignment_1.40mm,,,,,,True,split seed 202; operational folder taxonomy kept verbatim (naming caveat M2 not remapped)
methodology_v2.part2.v1,2,MAFAULDA,train,mafaulda_vertical-misalignment_1.40mm_27.4432,mafaulda_vertical-misalignment_1.40mm,vertical-misalignment,Misalignment_NON_BEARING,fault_configuration,data/raw_mafaulda/full/vertical-misalignment/1.40mm/27.4432.csv,50000,1646.592,,vertical_misalignment,1.40mm,,,mafaulda_vertical-misalignment_1.40mm,,,,,,True,split seed 202; operational folder taxonomy kept verbatim (naming caveat M2 not remapped)
methodology_v2.part2.v1,2,MAFAULDA,train,mafaulda_vertical-misalignment_1.40mm_28.0576,mafaulda_vertical-misalignment_1.40mm,vertical-misalignment,Misalignment_NON_BEARING,fault_configuration,data/raw_mafaulda/full/vertical-misalignment/1.40mm/28.0576.csv,50000,1683.456,,vertical_misalignment,1.40mm,,,mafaulda_vertical-misalignment_1.40mm,,,,,,True,split seed 202; operational folder taxonomy kept verbatim (naming caveat M2 not remapped)
methodology_v2.part2.v1,2,MAFAULDA,train,mafaulda_vertical-misalignment_1.40mm_29.0816,mafaulda_vertical-misalignment_1.40mm,vertical-misalignment,Misalignment_NON_BEARING,fault_configuration,data/raw_mafaulda/full/vertical-misalignment/1.40mm/29.0816.csv,50000,1744.8960000000002,,vertical_misalignment,1.40mm,,,mafaulda_vertical-misalignment_1.40mm,,,,,,True,split seed 202; operational folder taxonomy kept verbatim (naming caveat M2 not remapped)
methodology_v2.part2.v1,2,MAFAULDA,train,mafaulda_vertical-misalignment_1.40mm_30.1056,mafaulda_vertical-misalignment_1.40mm,vertical-misalignment,Misalignment_NON_BEARING,fault_configuration,data/raw_mafaulda/full/vertical-misalignment/1.40mm/30.1056.csv,50000,1806.336,,vertical_misalignment,1.40mm,,,mafaulda_vertical-misalignment_1.40mm,,,,,,True,split seed 202; operational folder taxonomy kept verbatim (naming caveat M2 not remapped)
methodology_v2.part2.v1,2,MAFAULDA,train,mafaulda_vertical-misalignment_1.40mm_30.9248,mafaulda_vertical-misalignment_1.40mm,vertical-misalignment,Misalignment_NON_BEARING,fault_configuration,data/raw_mafaulda/full/vertical-misalignment/1.40mm/30.9248.csv,50000,1855.488,,vertical_misalignment,1.40mm,,,mafaulda_vertical-misalignment_1.40mm,,,,,,True,split seed 202; operational folder taxonomy kept verbatim (naming caveat M2 not remapped)
methodology_v2.part2.v1,2,MAFAULDA,train,mafaulda_vertical-misalignment_1.40mm_32.1536,mafaulda_vertical-misalignment_1.40mm,vertical-misalignment,Misalignment_NON_BEARING,fault_configuration,data/raw_mafaulda/full/vertical-misalignment/1.40mm/32.1536.csv,50000,1929.216,,vertical_misalignment,1.40mm,,,mafaulda_vertical-misalignment_1.40mm,,,,,,True,split seed 202; operational folder taxonomy kept verbatim (naming caveat M2 not remapped)
methodology_v2.part2.v1,2,MAFAULDA,train,mafaulda_vertical-misalignment_1.40mm_33.9968,mafaulda_vertical-misalignment_1.40mm,vertical-misalignment,Misalignment_NON_BEARING,fault_configuration,data/raw_mafaulda/full/vertical-misalignment/1.40mm/33.9968.csv,50000,2039.808,,vertical_misalignment,1.40mm,,,mafaulda_vertical-misalignment_1.40mm,,,,,,True,split seed 202; operational folder taxonomy kept verbatim (naming caveat M2 not remapped)
methodology_v2.part2.v1,2,MAFAULDA,train,mafaulda_vertical-misalignment_1.40mm_34.6112,mafaulda_vertical-misalignment_1.40mm,vertical-misalignment,Misalignment_NON_BEARING,fault_configuration,data/raw_mafaulda/full/vertical-misalignment/1.40mm/34.6112.csv,50000,2076.672,,vertical_misalignment,1.40mm,,,mafaulda_vertical-misalignment_1.40mm,,,,,,True,split seed 202; operational folder taxonomy kept verbatim (naming caveat M2 not remapped)
methodology_v2.part2.v1,2,MAFAULDA,train,mafaulda_vertical-misalignment_1.40mm_36.0448,mafaulda_vertical-misalignment_1.40mm,vertical-misalignment,Misalignment_NON_BEARING,fault_configuration,data/raw_mafaulda/full/vertical-misalignment/1.40mm/36.0448.csv,50000,2162.688,,vertical_misalignment,1.40mm,,,mafaulda_vertical-misalignment_1.40mm,,,,,,True,split seed 202; operational folder taxonomy kept verbatim (naming caveat M2 not remapped)
methodology_v2.part2.v1,2,MAFAULDA,train,mafaulda_vertical-misalignment_1.40mm_36.864,mafaulda_vertical-misalignment_1.40mm,vertical-misalignment,Misalignment_NON_BEARING,fault_configuration,data/raw_mafaulda/full/vertical-misalignment/1.40mm/36.864.csv,50000,2211.84,,vertical_misalignment,1.40mm,,,mafaulda_vertical-misalignment_1.40mm,,,,,,True,split seed 202; operational folder taxonomy kept verbatim (naming caveat M2 not remapped)
methodology_v2.part2.v1,2,MAFAULDA,train,mafaulda_vertical-misalignment_1.40mm_37.888,mafaulda_vertical-misalignment_1.40mm,vertical-misalignment,Misalignment_NON_BEARING,fault_configuration,data/raw_mafaulda/full/vertical-misalignment/1.40mm/37.888.csv,50000,2273.28,,vertical_misalignment,1.40mm,,,mafaulda_vertical-misalignment_1.40mm,,,,,,True,split seed 202; operational folder taxonomy kept verbatim (naming caveat M2 not remapped)
methodology_v2.part2.v1,2,MAFAULDA,train,mafaulda_vertical-misalignment_1.40mm_38.7072,mafaulda_vertical-misalignment_1.40mm,vertical-misalignment,Misalignment_NON_BEARING,fault_configuration,data/raw_mafaulda/full/vertical-misalignment/1.40mm/38.7072.csv,50000,2322.432,,vertical_misalignment,1.40mm,,,mafaulda_vertical-misalignment_1.40mm,,,,,,True,split seed 202; operational folder taxonomy kept verbatim (naming caveat M2 not remapped)
methodology_v2.part2.v1,2,MAFAULDA,train,mafaulda_vertical-misalignment_1.40mm_39.5264,mafaulda_vertical-misalignment_1.40mm,vertical-misalignment,Misalignment_NON_BEARING,fault_configuration,data/raw_mafaulda/full/vertical-misalignment/1.40mm/39.5264.csv,50000,2371.5840000000003,,vertical_misalignment,1.40mm,,,mafaulda_vertical-misalignment_1.40mm,,,,,,True,split seed 202; operational folder taxonomy kept verbatim (naming caveat M2 not remapped)
methodology_v2.part2.v1,2,MAFAULDA,train,mafaulda_vertical-misalignment_1.40mm_40.7552,mafaulda_vertical-misalignment_1.40mm,vertical-misalignment,Misalignment_NON_BEARING,fault_configuration,data/raw_mafaulda/full/vertical-misalignment/1.40mm/40.7552.csv,50000,2445.312,,vertical_misalignment,1.40mm,,,mafaulda_vertical-misalignment_1.40mm,,,,,,True,split seed 202; operational folder taxonomy kept verbatim (naming caveat M2 not remapped)
methodology_v2.part2.v1,2,MAFAULDA,train,mafaulda_vertical-misalignment_1.40mm_41.7792,mafaulda_vertical-misalignment_1.40mm,vertical-misalignment,Misalignment_NON_BEARING,fault_configuration,data/raw_mafaulda/full/vertical-misalignment/1.40mm/41.7792.csv,50000,2506.7520000000004,,vertical_misalignment,1.40mm,,,mafaulda_vertical-misalignment_1.40mm,,,,,,True,split seed 202; operational folder taxonomy kept verbatim (naming caveat M2 not remapped)
methodology_v2.part2.v1,2,MAFAULDA,train,mafaulda_vertical-misalignment_1.40mm_42.3936,mafaulda_vertical-misalignment_1.40mm,vertical-misalignment,Misalignment_NON_BEARING,fault_configuration,data/raw_mafaulda/full/vertical-misalignment/1.40mm/42.3936.csv,50000,2543.616,,vertical_misalignment,1.40mm,,,mafaulda_vertical-misalignment_1.40mm,,,,,,True,split seed 202; operational folder taxonomy kept verbatim (naming caveat M2 not remapped)
methodology_v2.part2.v1,2,MAFAULDA,train,mafaulda_vertical-misalignment_1.40mm_43.2128,mafaulda_vertical-misalignment_1.40mm,vertical-misalignment,Misalignment_NON_BEARING,fault_configuration,data/raw_mafaulda/full/vertical-misalignment/1.40mm/43.2128.csv,50000,2592.768,,vertical_misalignment,1.40mm,,,mafaulda_vertical-misalignment_1.40mm,,,,,,True,split seed 202; operational folder taxonomy kept verbatim (naming caveat M2 not remapped)
methodology_v2.part2.v1,2,MAFAULDA,train,mafaulda_vertical-misalignment_1.40mm_43.8272,mafaulda_vertical-misalignment_1.40mm,vertical-misalignment,Misalignment_NON_BEARING,fault_configuration,data/raw_mafaulda/full/vertical-misalignment/1.40mm/43.8272.csv,50000,2629.632,,vertical_misalignment,1.40mm,,,mafaulda_vertical-misalignment_1.40mm,,,,,,True,split seed 202; operational folder taxonomy kept verbatim (naming caveat M2 not remapped)
methodology_v2.part2.v1,2,MAFAULDA,train,mafaulda_vertical-misalignment_1.40mm_44.6464,mafaulda_vertical-misalignment_1.40mm,vertical-misalignment,Misalignment_NON_BEARING,fault_configuration,data/raw_mafaulda/full/vertical-misalignment/1.40mm/44.6464.csv,50000,2678.784,,vertical_misalignment,1.40mm,,,mafaulda_vertical-misalignment_1.40mm,,,,,,True,split seed 202; operational folder taxonomy kept verbatim (naming caveat M2 not remapped)
methodology_v2.part2.v1,2,MAFAULDA,train,mafaulda_vertical-misalignment_1.40mm_45.8752,mafaulda_vertical-misalignment_1.40mm,vertical-misalignment,Misalignment_NON_BEARING,fault_configuration,data/raw_mafaulda/full/vertical-misalignment/1.40mm/45.8752.csv,50000,2752.512,,vertical_misalignment,1.40mm,,,mafaulda_vertical-misalignment_1.40mm,,,,,,True,split seed 202; operational folder taxonomy kept verbatim (naming caveat M2 not remapped)
methodology_v2.part2.v1,2,MAFAULDA,train,mafaulda_vertical-misalignment_1.40mm_47.7184,mafaulda_vertical-misalignment_1.40mm,vertical-misalignment,Misalignment_NON_BEARING,fault_configuration,data/raw_mafaulda/full/vertical-misalignment/1.40mm/47.7184.csv,50000,2863.1040000000003,,vertical_misalignment,1.40mm,,,mafaulda_vertical-misalignment_1.40mm,,,,,,True,split seed 202; operational folder taxonomy kept verbatim (naming caveat M2 not remapped)
methodology_v2.part2.v1,2,MAFAULDA,train,mafaulda_vertical-misalignment_1.40mm_48.5376,mafaulda_vertical-misalignment_1.40mm,vertical-misalignment,Misalignment_NON_BEARING,fault_configuration,data/raw_mafaulda/full/vertical-misalignment/1.40mm/48.5376.csv,50000,2912.256,,vertical_misalignment,1.40mm,,,mafaulda_vertical-misalignment_1.40mm,,,,,,True,split seed 202; operational folder taxonomy kept verbatim (naming caveat M2 not remapped)
methodology_v2.part2.v1,2,MAFAULDA,train,mafaulda_vertical-misalignment_1.40mm_49.7664,mafaulda_vertical-misalignment_1.40mm,vertical-misalignment,Misalignment_NON_BEARING,fault_configuration,data/raw_mafaulda/full/vertical-misalignment/1.40mm/49.7664.csv,50000,2985.984,,vertical_misalignment,1.40mm,,,mafaulda_vertical-misalignment_1.40mm,,,,,,True,split seed 202; operational folder taxonomy kept verbatim (naming caveat M2 not remapped)
methodology_v2.part2.v1,2,MAFAULDA,train,mafaulda_vertical-misalignment_1.40mm_50.5856,mafaulda_vertical-misalignment_1.40mm,vertical-misalignment,Misalignment_NON_BEARING,fault_configuration,data/raw_mafaulda/full/vertical-misalignment/1.40mm/50.5856.csv,50000,3035.136,,vertical_misalignment,1.40mm,,,mafaulda_vertical-misalignment_1.40mm,,,,,,True,split seed 202; operational folder taxonomy kept verbatim (naming caveat M2 not remapped)
methodology_v2.part2.v1,2,MAFAULDA,train,mafaulda_vertical-misalignment_1.40mm_51.2,mafaulda_vertical-misalignment_1.40mm,vertical-misalignment,Misalignment_NON_BEARING,fault_configuration,data/raw_mafaulda/full/vertical-misalignment/1.40mm/51.2.csv,50000,3072.0,,vertical_misalignment,1.40mm,,,mafaulda_vertical-misalignment_1.40mm,,,,,,True,split seed 202; operational folder taxonomy kept verbatim (naming caveat M2 not remapped)
methodology_v2.part2.v1,2,MAFAULDA,train,mafaulda_vertical-misalignment_1.40mm_52.0192,mafaulda_vertical-misalignment_1.40mm,vertical-misalignment,Misalignment_NON_BEARING,fault_configuration,data/raw_mafaulda/full/vertical-misalignment/1.40mm/52.0192.csv,50000,3121.152,,vertical_misalignment,1.40mm,,,mafaulda_vertical-misalignment_1.40mm,,,,,,True,split seed 202; operational folder taxonomy kept verbatim (naming caveat M2 not remapped)
methodology_v2.part2.v1,2,MAFAULDA,train,mafaulda_vertical-misalignment_1.40mm_53.4528,mafaulda_vertical-misalignment_1.40mm,vertical-misalignment,Misalignment_NON_BEARING,fault_configuration,data/raw_mafaulda/full/vertical-misalignment/1.40mm/53.4528.csv,50000,3207.168,,vertical_misalignment,1.40mm,,,mafaulda_vertical-misalignment_1.40mm,,,,,,True,split seed 202; operational folder taxonomy kept verbatim (naming caveat M2 not remapped)
methodology_v2.part2.v1,2,MAFAULDA,train,mafaulda_vertical-misalignment_1.40mm_54.272,mafaulda_vertical-misalignment_1.40mm,vertical-misalignment,Misalignment_NON_BEARING,fault_configuration,data/raw_mafaulda/full/vertical-misalignment/1.40mm/54.272.csv,50000,3256.32,,vertical_misalignment,1.40mm,,,mafaulda_vertical-misalignment_1.40mm,,,,,,True,split seed 202; operational folder taxonomy kept verbatim (naming caveat M2 not remapped)
methodology_v2.part2.v1,2,MAFAULDA,train,mafaulda_vertical-misalignment_1.40mm_55.5008,mafaulda_vertical-misalignment_1.40mm,vertical-misalignment,Misalignment_NON_BEARING,fault_configuration,data/raw_mafaulda/full/vertical-misalignment/1.40mm/55.5008.csv,50000,3330.048,,vertical_misalignment,1.40mm,,,mafaulda_vertical-misalignment_1.40mm,,,,,,True,split seed 202; operational folder taxonomy kept verbatim (naming caveat M2 not remapped)
methodology_v2.part2.v1,2,MAFAULDA,train,mafaulda_vertical-misalignment_1.40mm_56.5248,mafaulda_vertical-misalignment_1.40mm,vertical-misalignment,Misalignment_NON_BEARING,fault_configuration,data/raw_mafaulda/full/vertical-misalignment/1.40mm/56.5248.csv,50000,3391.488,,vertical_misalignment,1.40mm,,,mafaulda_vertical-misalignment_1.40mm,,,,,,True,split seed 202; operational folder taxonomy kept verbatim (naming caveat M2 not remapped)
methodology_v2.part2.v1,2,MAFAULDA,train,mafaulda_vertical-misalignment_1.40mm_57.344,mafaulda_vertical-misalignment_1.40mm,vertical-misalignment,Misalignment_NON_BEARING,fault_configuration,data/raw_mafaulda/full/vertical-misalignment/1.40mm/57.344.csv,50000,3440.64,,vertical_misalignment,1.40mm,,,mafaulda_vertical-misalignment_1.40mm,,,,,,True,split seed 202; operational folder taxonomy kept verbatim (naming caveat M2 not remapped)
methodology_v2.part2.v1,2,MAFAULDA,train,mafaulda_vertical-misalignment_1.40mm_58.368,mafaulda_vertical-misalignment_1.40mm,vertical-misalignment,Misalignment_NON_BEARING,fault_configuration,data/raw_mafaulda/full/vertical-misalignment/1.40mm/58.368.csv,50000,3502.08,,vertical_misalignment,1.40mm,,,mafaulda_vertical-misalignment_1.40mm,,,,,,True,split seed 202; operational folder taxonomy kept verbatim (naming caveat M2 not remapped)
methodology_v2.part2.v1,2,MAFAULDA,train,mafaulda_vertical-misalignment_1.40mm_59.392,mafaulda_vertical-misalignment_1.40mm,vertical-misalignment,Misalignment_NON_BEARING,fault_configuration,data/raw_mafaulda/full/vertical-misalignment/1.40mm/59.392.csv,50000,3563.52,,vertical_misalignment,1.40mm,,,mafaulda_vertical-misalignment_1.40mm,,,,,,True,split seed 202; operational folder taxonomy kept verbatim (naming caveat M2 not remapped)
methodology_v2.part2.v1,2,MAFAULDA,train,mafaulda_vertical-misalignment_1.40mm_60.416,mafaulda_vertical-misalignment_1.40mm,vertical-misalignment,Misalignment_NON_BEARING,fault_configuration,data/raw_mafaulda/full/vertical-misalignment/1.40mm/60.416.csv,50000,3624.96,,vertical_misalignment,1.40mm,,,mafaulda_vertical-misalignment_1.40mm,,,,,,True,split seed 202; operational folder taxonomy kept verbatim (naming caveat M2 not remapped)
methodology_v2.part2.v1,2,MAFAULDA,train,mafaulda_vertical-misalignment_1.40mm_61.2352,mafaulda_vertical-misalignment_1.40mm,vertical-misalignment,Misalignment_NON_BEARING,fault_configuration,data/raw_mafaulda/full/vertical-misalignment/1.40mm/61.2352.csv,50000,3674.112,,vertical_misalignment,1.40mm,,,mafaulda_vertical-misalignment_1.40mm,,,,,,True,split seed 202; operational folder taxonomy kept verbatim (naming caveat M2 not remapped)
methodology_v2.part2.v1,2,MAFAULDA,train,mafaulda_vertical-misalignment_1.78mm_12.4928,mafaulda_vertical-misalignment_1.78mm,vertical-misalignment,Misalignment_NON_BEARING,fault_configuration,data/raw_mafaulda/full/vertical-misalignment/1.78mm/12.4928.csv,50000,749.5680000000001,,vertical_misalignment,1.78mm,,,mafaulda_vertical-misalignment_1.78mm,,,,,,True,split seed 202; operational folder taxonomy kept verbatim (naming caveat M2 not remapped)
methodology_v2.part2.v1,2,MAFAULDA,train,mafaulda_vertical-misalignment_1.78mm_13.312,mafaulda_vertical-misalignment_1.78mm,vertical-misalignment,Misalignment_NON_BEARING,fault_configuration,data/raw_mafaulda/full/vertical-misalignment/1.78mm/13.312.csv,50000,798.7199999999999,,vertical_misalignment,1.78mm,,,mafaulda_vertical-misalignment_1.78mm,,,,,,True,split seed 202; operational folder taxonomy kept verbatim (naming caveat M2 not remapped)
methodology_v2.part2.v1,2,MAFAULDA,train,mafaulda_vertical-misalignment_1.78mm_15.1552,mafaulda_vertical-misalignment_1.78mm,vertical-misalignment,Misalignment_NON_BEARING,fault_configuration,data/raw_mafaulda/full/vertical-misalignment/1.78mm/15.1552.csv,50000,909.312,,vertical_misalignment,1.78mm,,,mafaulda_vertical-misalignment_1.78mm,,,,,,True,split seed 202; operational folder taxonomy kept verbatim (naming caveat M2 not remapped)
methodology_v2.part2.v1,2,MAFAULDA,train,mafaulda_vertical-misalignment_1.78mm_15.9744,mafaulda_vertical-misalignment_1.78mm,vertical-misalignment,Misalignment_NON_BEARING,fault_configuration,data/raw_mafaulda/full/vertical-misalignment/1.78mm/15.9744.csv,50000,958.464,,vertical_misalignment,1.78mm,,,mafaulda_vertical-misalignment_1.78mm,,,,,,True,split seed 202; operational folder taxonomy kept verbatim (naming caveat M2 not remapped)
methodology_v2.part2.v1,2,MAFAULDA,train,mafaulda_vertical-misalignment_1.78mm_16.7936,mafaulda_vertical-misalignment_1.78mm,vertical-misalignment,Misalignment_NON_BEARING,fault_configuration,data/raw_mafaulda/full/vertical-misalignment/1.78mm/16.7936.csv,50000,1007.616,,vertical_misalignment,1.78mm,,,mafaulda_vertical-misalignment_1.78mm,,,,,,True,split seed 202; operational folder taxonomy kept verbatim (naming caveat M2 not remapped)
methodology_v2.part2.v1,2,MAFAULDA,train,mafaulda_vertical-misalignment_1.78mm_17.408,mafaulda_vertical-misalignment_1.78mm,vertical-misalignment,Misalignment_NON_BEARING,fault_configuration,data/raw_mafaulda/full/vertical-misalignment/1.78mm/17.408.csv,50000,1044.48,,vertical_misalignment,1.78mm,,,mafaulda_vertical-misalignment_1.78mm,,,,,,True,split seed 202; operational folder taxonomy kept verbatim (naming caveat M2 not remapped)
methodology_v2.part2.v1,2,MAFAULDA,train,mafaulda_vertical-misalignment_1.78mm_18.432,mafaulda_vertical-misalignment_1.78mm,vertical-misalignment,Misalignment_NON_BEARING,fault_configuration,data/raw_mafaulda/full/vertical-misalignment/1.78mm/18.432.csv,50000,1105.9199999999998,,vertical_misalignment,1.78mm,,,mafaulda_vertical-misalignment_1.78mm,,,,,,True,split seed 202; operational folder taxonomy kept verbatim (naming caveat M2 not remapped)
methodology_v2.part2.v1,2,MAFAULDA,train,mafaulda_vertical-misalignment_1.78mm_19.2512,mafaulda_vertical-misalignment_1.78mm,vertical-misalignment,Misalignment_NON_BEARING,fault_configuration,data/raw_mafaulda/full/vertical-misalignment/1.78mm/19.2512.csv,50000,1155.072,,vertical_misalignment,1.78mm,,,mafaulda_vertical-misalignment_1.78mm,,,,,,True,split seed 202; operational folder taxonomy kept verbatim (naming caveat M2 not remapped)
methodology_v2.part2.v1,2,MAFAULDA,train,mafaulda_vertical-misalignment_1.78mm_20.48,mafaulda_vertical-misalignment_1.78mm,vertical-misalignment,Misalignment_NON_BEARING,fault_configuration,data/raw_mafaulda/full/vertical-misalignment/1.78mm/20.48.csv,50000,1228.8,,vertical_misalignment,1.78mm,,,mafaulda_vertical-misalignment_1.78mm,,,,,,True,split seed 202; operational folder taxonomy kept verbatim (naming caveat M2 not remapped)
methodology_v2.part2.v1,2,MAFAULDA,train,mafaulda_vertical-misalignment_1.78mm_21.7088,mafaulda_vertical-misalignment_1.78mm,vertical-misalignment,Misalignment_NON_BEARING,fault_configuration,data/raw_mafaulda/full/vertical-misalignment/1.78mm/21.7088.csv,50000,1302.528,,vertical_misalignment,1.78mm,,,mafaulda_vertical-misalignment_1.78mm,,,,,,True,split seed 202; operational folder taxonomy kept verbatim (naming caveat M2 not remapped)
methodology_v2.part2.v1,2,MAFAULDA,train,mafaulda_vertical-misalignment_1.78mm_22.528,mafaulda_vertical-misalignment_1.78mm,vertical-misalignment,Misalignment_NON_BEARING,fault_configuration,data/raw_mafaulda/full/vertical-misalignment/1.78mm/22.528.csv,50000,1351.6799999999998,,vertical_misalignment,1.78mm,,,mafaulda_vertical-misalignment_1.78mm,,,,,,True,split seed 202; operational folder taxonomy kept verbatim (naming caveat M2 not remapped)
methodology_v2.part2.v1,2,MAFAULDA,train,mafaulda_vertical-misalignment_1.78mm_23.9616,mafaulda_vertical-misalignment_1.78mm,vertical-misalignment,Misalignment_NON_BEARING,fault_configuration,data/raw_mafaulda/full/vertical-misalignment/1.78mm/23.9616.csv,50000,1437.696,,vertical_misalignment,1.78mm,,,mafaulda_vertical-misalignment_1.78mm,,,,,,True,split seed 202; operational folder taxonomy kept verbatim (naming caveat M2 not remapped)
methodology_v2.part2.v1,2,MAFAULDA,train,mafaulda_vertical-misalignment_1.78mm_24.7808,mafaulda_vertical-misalignment_1.78mm,vertical-misalignment,Misalignment_NON_BEARING,fault_configuration,data/raw_mafaulda/full/vertical-misalignment/1.78mm/24.7808.csv,50000,1486.848,,vertical_misalignment,1.78mm,,,mafaulda_vertical-misalignment_1.78mm,,,,,,True,split seed 202; operational folder taxonomy kept verbatim (naming caveat M2 not remapped)
methodology_v2.part2.v1,2,MAFAULDA,train,mafaulda_vertical-misalignment_1.78mm_25.8048,mafaulda_vertical-misalignment_1.78mm,vertical-misalignment,Misalignment_NON_BEARING,fault_configuration,data/raw_mafaulda/full/vertical-misalignment/1.78mm/25.8048.csv,50000,1548.288,,vertical_misalignment,1.78mm,,,mafaulda_vertical-misalignment_1.78mm,,,,,,True,split seed 202; operational folder taxonomy kept verbatim (naming caveat M2 not remapped)
methodology_v2.part2.v1,2,MAFAULDA,train,mafaulda_vertical-misalignment_1.78mm_26.624,mafaulda_vertical-misalignment_1.78mm,vertical-misalignment,Misalignment_NON_BEARING,fault_configuration,data/raw_mafaulda/full/vertical-misalignment/1.78mm/26.624.csv,50000,1597.4399999999998,,vertical_misalignment,1.78mm,,,mafaulda_vertical-misalignment_1.78mm,,,,,,True,split seed 202; operational folder taxonomy kept verbatim (naming caveat M2 not remapped)
methodology_v2.part2.v1,2,MAFAULDA,train,mafaulda_vertical-misalignment_1.78mm_27.4432,mafaulda_vertical-misalignment_1.78mm,vertical-misalignment,Misalignment_NON_BEARING,fault_configuration,data/raw_mafaulda/full/vertical-misalignment/1.78mm/27.4432.csv,50000,1646.592,,vertical_misalignment,1.78mm,,,mafaulda_vertical-misalignment_1.78mm,,,,,,True,split seed 202; operational folder taxonomy kept verbatim (naming caveat M2 not remapped)
methodology_v2.part2.v1,2,MAFAULDA,train,mafaulda_vertical-misalignment_1.78mm_28.4672,mafaulda_vertical-misalignment_1.78mm,vertical-misalignment,Misalignment_NON_BEARING,fault_configuration,data/raw_mafaulda/full/vertical-misalignment/1.78mm/28.4672.csv,50000,1708.032,,vertical_misalignment,1.78mm,,,mafaulda_vertical-misalignment_1.78mm,,,,,,True,split seed 202; operational folder taxonomy kept verbatim (naming caveat M2 not remapped)
methodology_v2.part2.v1,2,MAFAULDA,train,mafaulda_vertical-misalignment_1.78mm_29.4912,mafaulda_vertical-misalignment_1.78mm,vertical-misalignment,Misalignment_NON_BEARING,fault_configuration,data/raw_mafaulda/full/vertical-misalignment/1.78mm/29.4912.csv,50000,1769.472,,vertical_misalignment,1.78mm,,,mafaulda_vertical-misalignment_1.78mm,,,,,,True,split seed 202; operational folder taxonomy kept verbatim (naming caveat M2 not remapped)
methodology_v2.part2.v1,2,MAFAULDA,train,mafaulda_vertical-misalignment_1.78mm_30.5152,mafaulda_vertical-misalignment_1.78mm,vertical-misalignment,Misalignment_NON_BEARING,fault_configuration,data/raw_mafaulda/full/vertical-misalignment/1.78mm/30.5152.csv,50000,1830.912,,vertical_misalignment,1.78mm,,,mafaulda_vertical-misalignment_1.78mm,,,,,,True,split seed 202; operational folder taxonomy kept verbatim (naming caveat M2 not remapped)
methodology_v2.part2.v1,2,MAFAULDA,train,mafaulda_vertical-misalignment_1.78mm_31.3344,mafaulda_vertical-misalignment_1.78mm,vertical-misalignment,Misalignment_NON_BEARING,fault_configuration,data/raw_mafaulda/full/vertical-misalignment/1.78mm/31.3344.csv,50000,1880.064,,vertical_misalignment,1.78mm,,,mafaulda_vertical-misalignment_1.78mm,,,,,,True,split seed 202; operational folder taxonomy kept verbatim (naming caveat M2 not remapped)
methodology_v2.part2.v1,2,MAFAULDA,train,mafaulda_vertical-misalignment_1.78mm_32.768,mafaulda_vertical-misalignment_1.78mm,vertical-misalignment,Misalignment_NON_BEARING,fault_configuration,data/raw_mafaulda/full/vertical-misalignment/1.78mm/32.768.csv,50000,1966.08,,vertical_misalignment,1.78mm,,,mafaulda_vertical-misalignment_1.78mm,,,,,,True,split seed 202; operational folder taxonomy kept verbatim (naming caveat M2 not remapped)
methodology_v2.part2.v1,2,MAFAULDA,train,mafaulda_vertical-misalignment_1.78mm_33.1776,mafaulda_vertical-misalignment_1.78mm,vertical-misalignment,Misalignment_NON_BEARING,fault_configuration,data/raw_mafaulda/full/vertical-misalignment/1.78mm/33.1776.csv,50000,1990.656,,vertical_misalignment,1.78mm,,,mafaulda_vertical-misalignment_1.78mm,,,,,,True,split seed 202; operational folder taxonomy kept verbatim (naming caveat M2 not remapped)
methodology_v2.part2.v1,2,MAFAULDA,train,mafaulda_vertical-misalignment_1.78mm_34.816,mafaulda_vertical-misalignment_1.78mm,vertical-misalignment,Misalignment_NON_BEARING,fault_configuration,data/raw_mafaulda/full/vertical-misalignment/1.78mm/34.816.csv,50000,2088.96,,vertical_misalignment,1.78mm,,,mafaulda_vertical-misalignment_1.78mm,,,,,,True,split seed 202; operational folder taxonomy kept verbatim (naming caveat M2 not remapped)
methodology_v2.part2.v1,2,MAFAULDA,train,mafaulda_vertical-misalignment_1.78mm_36.2496,mafaulda_vertical-misalignment_1.78mm,vertical-misalignment,Misalignment_NON_BEARING,fault_configuration,data/raw_mafaulda/full/vertical-misalignment/1.78mm/36.2496.csv,50000,2174.976,,vertical_misalignment,1.78mm,,,mafaulda_vertical-misalignment_1.78mm,,,,,,True,split seed 202; operational folder taxonomy kept verbatim (naming caveat M2 not remapped)
methodology_v2.part2.v1,2,MAFAULDA,train,mafaulda_vertical-misalignment_1.78mm_36.6592,mafaulda_vertical-misalignment_1.78mm,vertical-misalignment,Misalignment_NON_BEARING,fault_configuration,data/raw_mafaulda/full/vertical-misalignment/1.78mm/36.6592.csv,50000,2199.552,,vertical_misalignment,1.78mm,,,mafaulda_vertical-misalignment_1.78mm,,,,,,True,split seed 202; operational folder taxonomy kept verbatim (naming caveat M2 not remapped)
methodology_v2.part2.v1,2,MAFAULDA,train,mafaulda_vertical-misalignment_1.78mm_37.2736,mafaulda_vertical-misalignment_1.78mm,vertical-misalignment,Misalignment_NON_BEARING,fault_configuration,data/raw_mafaulda/full/vertical-misalignment/1.78mm/37.2736.csv,50000,2236.416,,vertical_misalignment,1.78mm,,,mafaulda_vertical-misalignment_1.78mm,,,,,,True,split seed 202; operational folder taxonomy kept verbatim (naming caveat M2 not remapped)
methodology_v2.part2.v1,2,MAFAULDA,train,mafaulda_vertical-misalignment_1.78mm_38.0928,mafaulda_vertical-misalignment_1.78mm,vertical-misalignment,Misalignment_NON_BEARING,fault_configuration,data/raw_mafaulda/full/vertical-misalignment/1.78mm/38.0928.csv,50000,2285.568,,vertical_misalignment,1.78mm,,,mafaulda_vertical-misalignment_1.78mm,,,,,,True,split seed 202; operational folder taxonomy kept verbatim (naming caveat M2 not remapped)
methodology_v2.part2.v1,2,MAFAULDA,train,mafaulda_vertical-misalignment_1.78mm_39.7312,mafaulda_vertical-misalignment_1.78mm,vertical-misalignment,Misalignment_NON_BEARING,fault_configuration,data/raw_mafaulda/full/vertical-misalignment/1.78mm/39.7312.csv,50000,2383.8720000000003,,vertical_misalignment,1.78mm,,,mafaulda_vertical-misalignment_1.78mm,,,,,,True,split seed 202; operational folder taxonomy kept verbatim (naming caveat M2 not remapped)
methodology_v2.part2.v1,2,MAFAULDA,train,mafaulda_vertical-misalignment_1.78mm_40.5504,mafaulda_vertical-misalignment_1.78mm,vertical-misalignment,Misalignment_NON_BEARING,fault_configuration,data/raw_mafaulda/full/vertical-misalignment/1.78mm/40.5504.csv,50000,2433.0240000000003,,vertical_misalignment,1.78mm,,,mafaulda_vertical-misalignment_1.78mm,,,,,,True,split seed 202; operational folder taxonomy kept verbatim (naming caveat M2 not remapped)
methodology_v2.part2.v1,2,MAFAULDA,train,mafaulda_vertical-misalignment_1.78mm_41.5744,mafaulda_vertical-misalignment_1.78mm,vertical-misalignment,Misalignment_NON_BEARING,fault_configuration,data/raw_mafaulda/full/vertical-misalignment/1.78mm/41.5744.csv,50000,2494.464,,vertical_misalignment,1.78mm,,,mafaulda_vertical-misalignment_1.78mm,,,,,,True,split seed 202; operational folder taxonomy kept verbatim (naming caveat M2 not remapped)
methodology_v2.part2.v1,2,MAFAULDA,train,mafaulda_vertical-misalignment_1.78mm_42.1888,mafaulda_vertical-misalignment_1.78mm,vertical-misalignment,Misalignment_NON_BEARING,fault_configuration,data/raw_mafaulda/full/vertical-misalignment/1.78mm/42.1888.csv,50000,2531.328,,vertical_misalignment,1.78mm,,,mafaulda_vertical-misalignment_1.78mm,,,,,,True,split seed 202; operational folder taxonomy kept verbatim (naming caveat M2 not remapped)
methodology_v2.part2.v1,2,MAFAULDA,train,mafaulda_vertical-misalignment_1.78mm_43.4176,mafaulda_vertical-misalignment_1.78mm,vertical-misalignment,Misalignment_NON_BEARING,fault_configuration,data/raw_mafaulda/full/vertical-misalignment/1.78mm/43.4176.csv,50000,2605.056,,vertical_misalignment,1.78mm,,,mafaulda_vertical-misalignment_1.78mm,,,,,,True,split seed 202; operational folder taxonomy kept verbatim (naming caveat M2 not remapped)
methodology_v2.part2.v1,2,MAFAULDA,train,mafaulda_vertical-misalignment_1.78mm_44.2368,mafaulda_vertical-misalignment_1.78mm,vertical-misalignment,Misalignment_NON_BEARING,fault_configuration,data/raw_mafaulda/full/vertical-misalignment/1.78mm/44.2368.csv,50000,2654.208,,vertical_misalignment,1.78mm,,,mafaulda_vertical-misalignment_1.78mm,,,,,,True,split seed 202; operational folder taxonomy kept verbatim (naming caveat M2 not remapped)
methodology_v2.part2.v1,2,MAFAULDA,train,mafaulda_vertical-misalignment_1.78mm_45.056,mafaulda_vertical-misalignment_1.78mm,vertical-misalignment,Misalignment_NON_BEARING,fault_configuration,data/raw_mafaulda/full/vertical-misalignment/1.78mm/45.056.csv,50000,2703.36,,vertical_misalignment,1.78mm,,,mafaulda_vertical-misalignment_1.78mm,,,,,,True,split seed 202; operational folder taxonomy kept verbatim (naming caveat M2 not remapped)
methodology_v2.part2.v1,2,MAFAULDA,train,mafaulda_vertical-misalignment_1.78mm_46.2848,mafaulda_vertical-misalignment_1.78mm,vertical-misalignment,Misalignment_NON_BEARING,fault_configuration,data/raw_mafaulda/full/vertical-misalignment/1.78mm/46.2848.csv,50000,2777.088,,vertical_misalignment,1.78mm,,,mafaulda_vertical-misalignment_1.78mm,,,,,,True,split seed 202; operational folder taxonomy kept verbatim (naming caveat M2 not remapped)
methodology_v2.part2.v1,2,MAFAULDA,train,mafaulda_vertical-misalignment_1.78mm_47.3088,mafaulda_vertical-misalignment_1.78mm,vertical-misalignment,Misalignment_NON_BEARING,fault_configuration,data/raw_mafaulda/full/vertical-misalignment/1.78mm/47.3088.csv,50000,2838.528,,vertical_misalignment,1.78mm,,,mafaulda_vertical-misalignment_1.78mm,,,,,,True,split seed 202; operational folder taxonomy kept verbatim (naming caveat M2 not remapped)
methodology_v2.part2.v1,2,MAFAULDA,train,mafaulda_vertical-misalignment_1.78mm_48.128,mafaulda_vertical-misalignment_1.78mm,vertical-misalignment,Misalignment_NON_BEARING,fault_configuration,data/raw_mafaulda/full/vertical-misalignment/1.78mm/48.128.csv,50000,2887.68,,vertical_misalignment,1.78mm,,,mafaulda_vertical-misalignment_1.78mm,,,,,,True,split seed 202; operational folder taxonomy kept verbatim (naming caveat M2 not remapped)
methodology_v2.part2.v1,2,MAFAULDA,train,mafaulda_vertical-misalignment_1.78mm_49.3568,mafaulda_vertical-misalignment_1.78mm,vertical-misalignment,Misalignment_NON_BEARING,fault_configuration,data/raw_mafaulda/full/vertical-misalignment/1.78mm/49.3568.csv,50000,2961.408,,vertical_misalignment,1.78mm,,,mafaulda_vertical-misalignment_1.78mm,,,,,,True,split seed 202; operational folder taxonomy kept verbatim (naming caveat M2 not remapped)
methodology_v2.part2.v1,2,MAFAULDA,train,mafaulda_vertical-misalignment_1.78mm_50.3808,mafaulda_vertical-misalignment_1.78mm,vertical-misalignment,Misalignment_NON_BEARING,fault_configuration,data/raw_mafaulda/full/vertical-misalignment/1.78mm/50.3808.csv,50000,3022.848,,vertical_misalignment,1.78mm,,,mafaulda_vertical-misalignment_1.78mm,,,,,,True,split seed 202; operational folder taxonomy kept verbatim (naming caveat M2 not remapped)
methodology_v2.part2.v1,2,MAFAULDA,train,mafaulda_vertical-misalignment_1.78mm_51.8144,mafaulda_vertical-misalignment_1.78mm,vertical-misalignment,Misalignment_NON_BEARING,fault_configuration,data/raw_mafaulda/full/vertical-misalignment/1.78mm/51.8144.csv,50000,3108.864,,vertical_misalignment,1.78mm,,,mafaulda_vertical-misalignment_1.78mm,,,,,,True,split seed 202; operational folder taxonomy kept verbatim (naming caveat M2 not remapped)
methodology_v2.part2.v1,2,MAFAULDA,train,mafaulda_vertical-misalignment_1.78mm_52.224,mafaulda_vertical-misalignment_1.78mm,vertical-misalignment,Misalignment_NON_BEARING,fault_configuration,data/raw_mafaulda/full/vertical-misalignment/1.78mm/52.224.csv,50000,3133.44,,vertical_misalignment,1.78mm,,,mafaulda_vertical-misalignment_1.78mm,,,,,,True,split seed 202; operational folder taxonomy kept verbatim (naming caveat M2 not remapped)
methodology_v2.part2.v1,2,MAFAULDA,train,mafaulda_vertical-misalignment_1.78mm_53.0432,mafaulda_vertical-misalignment_1.78mm,vertical-misalignment,Misalignment_NON_BEARING,fault_configuration,data/raw_mafaulda/full/vertical-misalignment/1.78mm/53.0432.csv,50000,3182.592,,vertical_misalignment,1.78mm,,,mafaulda_vertical-misalignment_1.78mm,,,,,,True,split seed 202; operational folder taxonomy kept verbatim (naming caveat M2 not remapped)
methodology_v2.part2.v1,2,MAFAULDA,train,mafaulda_vertical-misalignment_1.78mm_54.272,mafaulda_vertical-misalignment_1.78mm,vertical-misalignment,Misalignment_NON_BEARING,fault_configuration,data/raw_mafaulda/full/vertical-misalignment/1.78mm/54.272.csv,50000,3256.32,,vertical_misalignment,1.78mm,,,mafaulda_vertical-misalignment_1.78mm,,,,,,True,split seed 202; operational folder taxonomy kept verbatim (naming caveat M2 not remapped)
methodology_v2.part2.v1,2,MAFAULDA,train,mafaulda_vertical-misalignment_1.78mm_55.9104,mafaulda_vertical-misalignment_1.78mm,vertical-misalignment,Misalignment_NON_BEARING,fault_configuration,data/raw_mafaulda/full/vertical-misalignment/1.78mm/55.9104.csv,50000,3354.6240000000003,,vertical_misalignment,1.78mm,,,mafaulda_vertical-misalignment_1.78mm,,,,,,True,split seed 202; operational folder taxonomy kept verbatim (naming caveat M2 not remapped)
methodology_v2.part2.v1,2,MAFAULDA,train,mafaulda_vertical-misalignment_1.78mm_56.5248,mafaulda_vertical-misalignment_1.78mm,vertical-misalignment,Misalignment_NON_BEARING,fault_configuration,data/raw_mafaulda/full/vertical-misalignment/1.78mm/56.5248.csv,50000,3391.488,,vertical_misalignment,1.78mm,,,mafaulda_vertical-misalignment_1.78mm,,,,,,True,split seed 202; operational folder taxonomy kept verbatim (naming caveat M2 not remapped)
methodology_v2.part2.v1,2,MAFAULDA,train,mafaulda_vertical-misalignment_1.78mm_57.344,mafaulda_vertical-misalignment_1.78mm,vertical-misalignment,Misalignment_NON_BEARING,fault_configuration,data/raw_mafaulda/full/vertical-misalignment/1.78mm/57.344.csv,50000,3440.64,,vertical_misalignment,1.78mm,,,mafaulda_vertical-misalignment_1.78mm,,,,,,True,split seed 202; operational folder taxonomy kept verbatim (naming caveat M2 not remapped)
methodology_v2.part2.v1,2,MAFAULDA,train,mafaulda_vertical-misalignment_1.78mm_58.5728,mafaulda_vertical-misalignment_1.78mm,vertical-misalignment,Misalignment_NON_BEARING,fault_configuration,data/raw_mafaulda/full/vertical-misalignment/1.78mm/58.5728.csv,50000,3514.368,,vertical_misalignment,1.78mm,,,mafaulda_vertical-misalignment_1.78mm,,,,,,True,split seed 202; operational folder taxonomy kept verbatim (naming caveat M2 not remapped)
methodology_v2.part2.v1,2,MAFAULDA,train,mafaulda_vertical-misalignment_1.78mm_60.0064,mafaulda_vertical-misalignment_1.78mm,vertical-misalignment,Misalignment_NON_BEARING,fault_configuration,data/raw_mafaulda/full/vertical-misalignment/1.78mm/60.0064.csv,50000,3600.384,,vertical_misalignment,1.78mm,,,mafaulda_vertical-misalignment_1.78mm,,,,,,True,split seed 202; operational folder taxonomy kept verbatim (naming caveat M2 not remapped)
methodology_v2.part2.v1,2,MAFAULDA,train,mafaulda_vertical-misalignment_1.78mm_60.6208,mafaulda_vertical-misalignment_1.78mm,vertical-misalignment,Misalignment_NON_BEARING,fault_configuration,data/raw_mafaulda/full/vertical-misalignment/1.78mm/60.6208.csv,50000,3637.248,,vertical_misalignment,1.78mm,,,mafaulda_vertical-misalignment_1.78mm,,,,,,True,split seed 202; operational folder taxonomy kept verbatim (naming caveat M2 not remapped)
methodology_v2.part2.v1,2,MAFAULDA,train,mafaulda_vertical-misalignment_1.78mm_62.0544,mafaulda_vertical-misalignment_1.78mm,vertical-misalignment,Misalignment_NON_BEARING,fault_configuration,data/raw_mafaulda/full/vertical-misalignment/1.78mm/62.0544.csv,50000,3723.264,,vertical_misalignment,1.78mm,,,mafaulda_vertical-misalignment_1.78mm,,,,,,True,split seed 202; operational folder taxonomy kept verbatim (naming caveat M2 not remapped)
methodology_v2.part2.v1,2,MAFAULDA,train,mafaulda_vertical-misalignment_1.90mm_12.0832,mafaulda_vertical-misalignment_1.90mm,vertical-misalignment,Misalignment_NON_BEARING,fault_configuration,data/raw_mafaulda/full/vertical-misalignment/1.90mm/12.0832.csv,50000,724.992,,vertical_misalignment,1.90mm,,,mafaulda_vertical-misalignment_1.90mm,,,,,,True,split seed 202; operational folder taxonomy kept verbatim (naming caveat M2 not remapped)
methodology_v2.part2.v1,2,MAFAULDA,train,mafaulda_vertical-misalignment_1.90mm_14.5408,mafaulda_vertical-misalignment_1.90mm,vertical-misalignment,Misalignment_NON_BEARING,fault_configuration,data/raw_mafaulda/full/vertical-misalignment/1.90mm/14.5408.csv,50000,872.4480000000001,,vertical_misalignment,1.90mm,,,mafaulda_vertical-misalignment_1.90mm,,,,,,True,split seed 202; operational folder taxonomy kept verbatim (naming caveat M2 not remapped)
methodology_v2.part2.v1,2,MAFAULDA,train,mafaulda_vertical-misalignment_1.90mm_15.1552,mafaulda_vertical-misalignment_1.90mm,vertical-misalignment,Misalignment_NON_BEARING,fault_configuration,data/raw_mafaulda/full/vertical-misalignment/1.90mm/15.1552.csv,50000,909.312,,vertical_misalignment,1.90mm,,,mafaulda_vertical-misalignment_1.90mm,,,,,,True,split seed 202; operational folder taxonomy kept verbatim (naming caveat M2 not remapped)
methodology_v2.part2.v1,2,MAFAULDA,train,mafaulda_vertical-misalignment_1.90mm_16.1792,mafaulda_vertical-misalignment_1.90mm,vertical-misalignment,Misalignment_NON_BEARING,fault_configuration,data/raw_mafaulda/full/vertical-misalignment/1.90mm/16.1792.csv,50000,970.752,,vertical_misalignment,1.90mm,,,mafaulda_vertical-misalignment_1.90mm,,,,,,True,split seed 202; operational folder taxonomy kept verbatim (naming caveat M2 not remapped)
methodology_v2.part2.v1,2,MAFAULDA,train,mafaulda_vertical-misalignment_1.90mm_17.408,mafaulda_vertical-misalignment_1.90mm,vertical-misalignment,Misalignment_NON_BEARING,fault_configuration,data/raw_mafaulda/full/vertical-misalignment/1.90mm/17.408.csv,50000,1044.48,,vertical_misalignment,1.90mm,,,mafaulda_vertical-misalignment_1.90mm,,,,,,True,split seed 202; operational folder taxonomy kept verbatim (naming caveat M2 not remapped)
methodology_v2.part2.v1,2,MAFAULDA,train,mafaulda_vertical-misalignment_1.90mm_18.432,mafaulda_vertical-misalignment_1.90mm,vertical-misalignment,Misalignment_NON_BEARING,fault_configuration,data/raw_mafaulda/full/vertical-misalignment/1.90mm/18.432.csv,50000,1105.9199999999998,,vertical_misalignment,1.90mm,,,mafaulda_vertical-misalignment_1.90mm,,,,,,True,split seed 202; operational folder taxonomy kept verbatim (naming caveat M2 not remapped)
methodology_v2.part2.v1,2,MAFAULDA,train,mafaulda_vertical-misalignment_1.90mm_18.6368,mafaulda_vertical-misalignment_1.90mm,vertical-misalignment,Misalignment_NON_BEARING,fault_configuration,data/raw_mafaulda/full/vertical-misalignment/1.90mm/18.6368.csv,50000,1118.208,,vertical_misalignment,1.90mm,,,mafaulda_vertical-misalignment_1.90mm,,,,,,True,split seed 202; operational folder taxonomy kept verbatim (naming caveat M2 not remapped)
methodology_v2.part2.v1,2,MAFAULDA,train,mafaulda_vertical-misalignment_1.90mm_19.6608,mafaulda_vertical-misalignment_1.90mm,vertical-misalignment,Misalignment_NON_BEARING,fault_configuration,data/raw_mafaulda/full/vertical-misalignment/1.90mm/19.6608.csv,50000,1179.648,,vertical_misalignment,1.90mm,,,mafaulda_vertical-misalignment_1.90mm,,,,,,True,split seed 202; operational folder taxonomy kept verbatim (naming caveat M2 not remapped)
methodology_v2.part2.v1,2,MAFAULDA,train,mafaulda_vertical-misalignment_1.90mm_20.8896,mafaulda_vertical-misalignment_1.90mm,vertical-misalignment,Misalignment_NON_BEARING,fault_configuration,data/raw_mafaulda/full/vertical-misalignment/1.90mm/20.8896.csv,50000,1253.3760000000002,,vertical_misalignment,1.90mm,,,mafaulda_vertical-misalignment_1.90mm,,,,,,True,split seed 202; operational folder taxonomy kept verbatim (naming caveat M2 not remapped)
methodology_v2.part2.v1,2,MAFAULDA,train,mafaulda_vertical-misalignment_1.90mm_22.1184,mafaulda_vertical-misalignment_1.90mm,vertical-misalignment,Misalignment_NON_BEARING,fault_configuration,data/raw_mafaulda/full/vertical-misalignment/1.90mm/22.1184.csv,50000,1327.104,,vertical_misalignment,1.90mm,,,mafaulda_vertical-misalignment_1.90mm,,,,,,True,split seed 202; operational folder taxonomy kept verbatim (naming caveat M2 not remapped)
methodology_v2.part2.v1,2,MAFAULDA,train,mafaulda_vertical-misalignment_1.90mm_22.528,mafaulda_vertical-misalignment_1.90mm,vertical-misalignment,Misalignment_NON_BEARING,fault_configuration,data/raw_mafaulda/full/vertical-misalignment/1.90mm/22.528.csv,50000,1351.6799999999998,,vertical_misalignment,1.90mm,,,mafaulda_vertical-misalignment_1.90mm,,,,,,True,split seed 202; operational folder taxonomy kept verbatim (naming caveat M2 not remapped)
methodology_v2.part2.v1,2,MAFAULDA,train,mafaulda_vertical-misalignment_1.90mm_23.552,mafaulda_vertical-misalignment_1.90mm,vertical-misalignment,Misalignment_NON_BEARING,fault_configuration,data/raw_mafaulda/full/vertical-misalignment/1.90mm/23.552.csv,50000,1413.12,,vertical_misalignment,1.90mm,,,mafaulda_vertical-misalignment_1.90mm,,,,,,True,split seed 202; operational folder taxonomy kept verbatim (naming caveat M2 not remapped)
methodology_v2.part2.v1,2,MAFAULDA,train,mafaulda_vertical-misalignment_1.90mm_24.7808,mafaulda_vertical-misalignment_1.90mm,vertical-misalignment,Misalignment_NON_BEARING,fault_configuration,data/raw_mafaulda/full/vertical-misalignment/1.90mm/24.7808.csv,50000,1486.848,,vertical_misalignment,1.90mm,,,mafaulda_vertical-misalignment_1.90mm,,,,,,True,split seed 202; operational folder taxonomy kept verbatim (naming caveat M2 not remapped)
methodology_v2.part2.v1,2,MAFAULDA,train,mafaulda_vertical-misalignment_1.90mm_25.3952,mafaulda_vertical-misalignment_1.90mm,vertical-misalignment,Misalignment_NON_BEARING,fault_configuration,data/raw_mafaulda/full/vertical-misalignment/1.90mm/25.3952.csv,50000,1523.712,,vertical_misalignment,1.90mm,,,mafaulda_vertical-misalignment_1.90mm,,,,,,True,split seed 202; operational folder taxonomy kept verbatim (naming caveat M2 not remapped)
methodology_v2.part2.v1,2,MAFAULDA,train,mafaulda_vertical-misalignment_1.90mm_26.4192,mafaulda_vertical-misalignment_1.90mm,vertical-misalignment,Misalignment_NON_BEARING,fault_configuration,data/raw_mafaulda/full/vertical-misalignment/1.90mm/26.4192.csv,50000,1585.152,,vertical_misalignment,1.90mm,,,mafaulda_vertical-misalignment_1.90mm,,,,,,True,split seed 202; operational folder taxonomy kept verbatim (naming caveat M2 not remapped)
methodology_v2.part2.v1,2,MAFAULDA,train,mafaulda_vertical-misalignment_1.90mm_27.2384,mafaulda_vertical-misalignment_1.90mm,vertical-misalignment,Misalignment_NON_BEARING,fault_configuration,data/raw_mafaulda/full/vertical-misalignment/1.90mm/27.2384.csv,50000,1634.304,,vertical_misalignment,1.90mm,,,mafaulda_vertical-misalignment_1.90mm,,,,,,True,split seed 202; operational folder taxonomy kept verbatim (naming caveat M2 not remapped)
methodology_v2.part2.v1,2,MAFAULDA,train,mafaulda_vertical-misalignment_1.90mm_28.8768,mafaulda_vertical-misalignment_1.90mm,vertical-misalignment,Misalignment_NON_BEARING,fault_configuration,data/raw_mafaulda/full/vertical-misalignment/1.90mm/28.8768.csv,50000,1732.608,,vertical_misalignment,1.90mm,,,mafaulda_vertical-misalignment_1.90mm,,,,,,True,split seed 202; operational folder taxonomy kept verbatim (naming caveat M2 not remapped)
methodology_v2.part2.v1,2,MAFAULDA,train,mafaulda_vertical-misalignment_1.90mm_29.9008,mafaulda_vertical-misalignment_1.90mm,vertical-misalignment,Misalignment_NON_BEARING,fault_configuration,data/raw_mafaulda/full/vertical-misalignment/1.90mm/29.9008.csv,50000,1794.048,,vertical_misalignment,1.90mm,,,mafaulda_vertical-misalignment_1.90mm,,,,,,True,split seed 202; operational folder taxonomy kept verbatim (naming caveat M2 not remapped)
methodology_v2.part2.v1,2,MAFAULDA,train,mafaulda_vertical-misalignment_1.90mm_30.3104,mafaulda_vertical-misalignment_1.90mm,vertical-misalignment,Misalignment_NON_BEARING,fault_configuration,data/raw_mafaulda/full/vertical-misalignment/1.90mm/30.3104.csv,50000,1818.624,,vertical_misalignment,1.90mm,,,mafaulda_vertical-misalignment_1.90mm,,,,,,True,split seed 202; operational folder taxonomy kept verbatim (naming caveat M2 not remapped)
methodology_v2.part2.v1,2,MAFAULDA,train,mafaulda_vertical-misalignment_1.90mm_31.3344,mafaulda_vertical-misalignment_1.90mm,vertical-misalignment,Misalignment_NON_BEARING,fault_configuration,data/raw_mafaulda/full/vertical-misalignment/1.90mm/31.3344.csv,50000,1880.064,,vertical_misalignment,1.90mm,,,mafaulda_vertical-misalignment_1.90mm,,,,,,True,split seed 202; operational folder taxonomy kept verbatim (naming caveat M2 not remapped)
methodology_v2.part2.v1,2,MAFAULDA,train,mafaulda_vertical-misalignment_1.90mm_32.5632,mafaulda_vertical-misalignment_1.90mm,vertical-misalignment,Misalignment_NON_BEARING,fault_configuration,data/raw_mafaulda/full/vertical-misalignment/1.90mm/32.5632.csv,50000,1953.792,,vertical_misalignment,1.90mm,,,mafaulda_vertical-misalignment_1.90mm,,,,,,True,split seed 202; operational folder taxonomy kept verbatim (naming caveat M2 not remapped)
methodology_v2.part2.v1,2,MAFAULDA,train,mafaulda_vertical-misalignment_1.90mm_33.792,mafaulda_vertical-misalignment_1.90mm,vertical-misalignment,Misalignment_NON_BEARING,fault_configuration,data/raw_mafaulda/full/vertical-misalignment/1.90mm/33.792.csv,50000,2027.52,,vertical_misalignment,1.90mm,,,mafaulda_vertical-misalignment_1.90mm,,,,,,True,split seed 202; operational folder taxonomy kept verbatim (naming caveat M2 not remapped)
methodology_v2.part2.v1,2,MAFAULDA,train,mafaulda_vertical-misalignment_1.90mm_34.4064,mafaulda_vertical-misalignment_1.90mm,vertical-misalignment,Misalignment_NON_BEARING,fault_configuration,data/raw_mafaulda/full/vertical-misalignment/1.90mm/34.4064.csv,50000,2064.384,,vertical_misalignment,1.90mm,,,mafaulda_vertical-misalignment_1.90mm,,,,,,True,split seed 202; operational folder taxonomy kept verbatim (naming caveat M2 not remapped)
methodology_v2.part2.v1,2,MAFAULDA,train,mafaulda_vertical-misalignment_1.90mm_35.2256,mafaulda_vertical-misalignment_1.90mm,vertical-misalignment,Misalignment_NON_BEARING,fault_configuration,data/raw_mafaulda/full/vertical-misalignment/1.90mm/35.2256.csv,50000,2113.536,,vertical_misalignment,1.90mm,,,mafaulda_vertical-misalignment_1.90mm,,,,,,True,split seed 202; operational folder taxonomy kept verbatim (naming caveat M2 not remapped)
methodology_v2.part2.v1,2,MAFAULDA,train,mafaulda_vertical-misalignment_1.90mm_36.2496,mafaulda_vertical-misalignment_1.90mm,vertical-misalignment,Misalignment_NON_BEARING,fault_configuration,data/raw_mafaulda/full/vertical-misalignment/1.90mm/36.2496.csv,50000,2174.976,,vertical_misalignment,1.90mm,,,mafaulda_vertical-misalignment_1.90mm,,,,,,True,split seed 202; operational folder taxonomy kept verbatim (naming caveat M2 not remapped)
methodology_v2.part2.v1,2,MAFAULDA,train,mafaulda_vertical-misalignment_1.90mm_37.4784,mafaulda_vertical-misalignment_1.90mm,vertical-misalignment,Misalignment_NON_BEARING,fault_configuration,data/raw_mafaulda/full/vertical-misalignment/1.90mm/37.4784.csv,50000,2248.704,,vertical_misalignment,1.90mm,,,mafaulda_vertical-misalignment_1.90mm,,,,,,True,split seed 202; operational folder taxonomy kept verbatim (naming caveat M2 not remapped)
methodology_v2.part2.v1,2,MAFAULDA,train,mafaulda_vertical-misalignment_1.90mm_38.5024,mafaulda_vertical-misalignment_1.90mm,vertical-misalignment,Misalignment_NON_BEARING,fault_configuration,data/raw_mafaulda/full/vertical-misalignment/1.90mm/38.5024.csv,50000,2310.144,,vertical_misalignment,1.90mm,,,mafaulda_vertical-misalignment_1.90mm,,,,,,True,split seed 202; operational folder taxonomy kept verbatim (naming caveat M2 not remapped)
methodology_v2.part2.v1,2,MAFAULDA,train,mafaulda_vertical-misalignment_1.90mm_39.3216,mafaulda_vertical-misalignment_1.90mm,vertical-misalignment,Misalignment_NON_BEARING,fault_configuration,data/raw_mafaulda/full/vertical-misalignment/1.90mm/39.3216.csv,50000,2359.296,,vertical_misalignment,1.90mm,,,mafaulda_vertical-misalignment_1.90mm,,,,,,True,split seed 202; operational folder taxonomy kept verbatim (naming caveat M2 not remapped)
methodology_v2.part2.v1,2,MAFAULDA,train,mafaulda_vertical-misalignment_1.90mm_40.3456,mafaulda_vertical-misalignment_1.90mm,vertical-misalignment,Misalignment_NON_BEARING,fault_configuration,data/raw_mafaulda/full/vertical-misalignment/1.90mm/40.3456.csv,50000,2420.736,,vertical_misalignment,1.90mm,,,mafaulda_vertical-misalignment_1.90mm,,,,,,True,split seed 202; operational folder taxonomy kept verbatim (naming caveat M2 not remapped)
methodology_v2.part2.v1,2,MAFAULDA,train,mafaulda_vertical-misalignment_1.90mm_40.96,mafaulda_vertical-misalignment_1.90mm,vertical-misalignment,Misalignment_NON_BEARING,fault_configuration,data/raw_mafaulda/full/vertical-misalignment/1.90mm/40.96.csv,50000,2457.6,,vertical_misalignment,1.90mm,,,mafaulda_vertical-misalignment_1.90mm,,,,,,True,split seed 202; operational folder taxonomy kept verbatim (naming caveat M2 not remapped)
methodology_v2.part2.v1,2,MAFAULDA,train,mafaulda_vertical-misalignment_1.90mm_42.1888,mafaulda_vertical-misalignment_1.90mm,vertical-misalignment,Misalignment_NON_BEARING,fault_configuration,data/raw_mafaulda/full/vertical-misalignment/1.90mm/42.1888.csv,50000,2531.328,,vertical_misalignment,1.90mm,,,mafaulda_vertical-misalignment_1.90mm,,,,,,True,split seed 202; operational folder taxonomy kept verbatim (naming caveat M2 not remapped)
methodology_v2.part2.v1,2,MAFAULDA,train,mafaulda_vertical-misalignment_1.90mm_42.8032,mafaulda_vertical-misalignment_1.90mm,vertical-misalignment,Misalignment_NON_BEARING,fault_configuration,data/raw_mafaulda/full/vertical-misalignment/1.90mm/42.8032.csv,50000,2568.192,,vertical_misalignment,1.90mm,,,mafaulda_vertical-misalignment_1.90mm,,,,,,True,split seed 202; operational folder taxonomy kept verbatim (naming caveat M2 not remapped)
methodology_v2.part2.v1,2,MAFAULDA,train,mafaulda_vertical-misalignment_1.90mm_44.2368,mafaulda_vertical-misalignment_1.90mm,vertical-misalignment,Misalignment_NON_BEARING,fault_configuration,data/raw_mafaulda/full/vertical-misalignment/1.90mm/44.2368.csv,50000,2654.208,,vertical_misalignment,1.90mm,,,mafaulda_vertical-misalignment_1.90mm,,,,,,True,split seed 202; operational folder taxonomy kept verbatim (naming caveat M2 not remapped)
methodology_v2.part2.v1,2,MAFAULDA,train,mafaulda_vertical-misalignment_1.90mm_44.8512,mafaulda_vertical-misalignment_1.90mm,vertical-misalignment,Misalignment_NON_BEARING,fault_configuration,data/raw_mafaulda/full/vertical-misalignment/1.90mm/44.8512.csv,50000,2691.072,,vertical_misalignment,1.90mm,,,mafaulda_vertical-misalignment_1.90mm,,,,,,True,split seed 202; operational folder taxonomy kept verbatim (naming caveat M2 not remapped)
methodology_v2.part2.v1,2,MAFAULDA,train,mafaulda_vertical-misalignment_1.90mm_45.8752,mafaulda_vertical-misalignment_1.90mm,vertical-misalignment,Misalignment_NON_BEARING,fault_configuration,data/raw_mafaulda/full/vertical-misalignment/1.90mm/45.8752.csv,50000,2752.512,,vertical_misalignment,1.90mm,,,mafaulda_vertical-misalignment_1.90mm,,,,,,True,split seed 202; operational folder taxonomy kept verbatim (naming caveat M2 not remapped)
methodology_v2.part2.v1,2,MAFAULDA,train,mafaulda_vertical-misalignment_1.90mm_47.104,mafaulda_vertical-misalignment_1.90mm,vertical-misalignment,Misalignment_NON_BEARING,fault_configuration,data/raw_mafaulda/full/vertical-misalignment/1.90mm/47.104.csv,50000,2826.24,,vertical_misalignment,1.90mm,,,mafaulda_vertical-misalignment_1.90mm,,,,,,True,split seed 202; operational folder taxonomy kept verbatim (naming caveat M2 not remapped)
methodology_v2.part2.v1,2,MAFAULDA,train,mafaulda_vertical-misalignment_1.90mm_48.7424,mafaulda_vertical-misalignment_1.90mm,vertical-misalignment,Misalignment_NON_BEARING,fault_configuration,data/raw_mafaulda/full/vertical-misalignment/1.90mm/48.7424.csv,50000,2924.5440000000003,,vertical_misalignment,1.90mm,,,mafaulda_vertical-misalignment_1.90mm,,,,,,True,split seed 202; operational folder taxonomy kept verbatim (naming caveat M2 not remapped)
methodology_v2.part2.v1,2,MAFAULDA,train,mafaulda_vertical-misalignment_1.90mm_49.3568,mafaulda_vertical-misalignment_1.90mm,vertical-misalignment,Misalignment_NON_BEARING,fault_configuration,data/raw_mafaulda/full/vertical-misalignment/1.90mm/49.3568.csv,50000,2961.408,,vertical_misalignment,1.90mm,,,mafaulda_vertical-misalignment_1.90mm,,,,,,True,split seed 202; operational folder taxonomy kept verbatim (naming caveat M2 not remapped)
methodology_v2.part2.v1,2,MAFAULDA,train,mafaulda_vertical-misalignment_1.90mm_49.9712,mafaulda_vertical-misalignment_1.90mm,vertical-misalignment,Misalignment_NON_BEARING,fault_configuration,data/raw_mafaulda/full/vertical-misalignment/1.90mm/49.9712.csv,50000,2998.2720000000004,,vertical_misalignment,1.90mm,,,mafaulda_vertical-misalignment_1.90mm,,,,,,True,split seed 202; operational folder taxonomy kept verbatim (naming caveat M2 not remapped)
methodology_v2.part2.v1,2,MAFAULDA,train,mafaulda_vertical-misalignment_1.90mm_51.2,mafaulda_vertical-misalignment_1.90mm,vertical-misalignment,Misalignment_NON_BEARING,fault_configuration,data/raw_mafaulda/full/vertical-misalignment/1.90mm/51.2.csv,50000,3072.0,,vertical_misalignment,1.90mm,,,mafaulda_vertical-misalignment_1.90mm,,,,,,True,split seed 202; operational folder taxonomy kept verbatim (naming caveat M2 not remapped)
methodology_v2.part2.v1,2,MAFAULDA,train,mafaulda_vertical-misalignment_1.90mm_52.224,mafaulda_vertical-misalignment_1.90mm,vertical-misalignment,Misalignment_NON_BEARING,fault_configuration,data/raw_mafaulda/full/vertical-misalignment/1.90mm/52.224.csv,50000,3133.44,,vertical_misalignment,1.90mm,,,mafaulda_vertical-misalignment_1.90mm,,,,,,True,split seed 202; operational folder taxonomy kept verbatim (naming caveat M2 not remapped)
methodology_v2.part2.v1,2,MAFAULDA,train,mafaulda_vertical-misalignment_1.90mm_53.248,mafaulda_vertical-misalignment_1.90mm,vertical-misalignment,Misalignment_NON_BEARING,fault_configuration,data/raw_mafaulda/full/vertical-misalignment/1.90mm/53.248.csv,50000,3194.88,,vertical_misalignment,1.90mm,,,mafaulda_vertical-misalignment_1.90mm,,,,,,True,split seed 202; operational folder taxonomy kept verbatim (naming caveat M2 not remapped)
methodology_v2.part2.v1,2,MAFAULDA,train,mafaulda_vertical-misalignment_1.90mm_54.6816,mafaulda_vertical-misalignment_1.90mm,vertical-misalignment,Misalignment_NON_BEARING,fault_configuration,data/raw_mafaulda/full/vertical-misalignment/1.90mm/54.6816.csv,50000,3280.896,,vertical_misalignment,1.90mm,,,mafaulda_vertical-misalignment_1.90mm,,,,,,True,split seed 202; operational folder taxonomy kept verbatim (naming caveat M2 not remapped)
methodology_v2.part2.v1,2,MAFAULDA,train,mafaulda_vertical-misalignment_1.90mm_55.9104,mafaulda_vertical-misalignment_1.90mm,vertical-misalignment,Misalignment_NON_BEARING,fault_configuration,data/raw_mafaulda/full/vertical-misalignment/1.90mm/55.9104.csv,50000,3354.6240000000003,,vertical_misalignment,1.90mm,,,mafaulda_vertical-misalignment_1.90mm,,,,,,True,split seed 202; operational folder taxonomy kept verbatim (naming caveat M2 not remapped)
methodology_v2.part2.v1,2,MAFAULDA,train,mafaulda_vertical-misalignment_1.90mm_56.7296,mafaulda_vertical-misalignment_1.90mm,vertical-misalignment,Misalignment_NON_BEARING,fault_configuration,data/raw_mafaulda/full/vertical-misalignment/1.90mm/56.7296.csv,50000,3403.776,,vertical_misalignment,1.90mm,,,mafaulda_vertical-misalignment_1.90mm,,,,,,True,split seed 202; operational folder taxonomy kept verbatim (naming caveat M2 not remapped)
methodology_v2.part2.v1,2,MAFAULDA,train,mafaulda_vertical-misalignment_1.90mm_57.9584,mafaulda_vertical-misalignment_1.90mm,vertical-misalignment,Misalignment_NON_BEARING,fault_configuration,data/raw_mafaulda/full/vertical-misalignment/1.90mm/57.9584.csv,50000,3477.504,,vertical_misalignment,1.90mm,,,mafaulda_vertical-misalignment_1.90mm,,,,,,True,split seed 202; operational folder taxonomy kept verbatim (naming caveat M2 not remapped)
methodology_v2.part2.v1,2,MAFAULDA,train,mafaulda_vertical-misalignment_1.90mm_58.5728,mafaulda_vertical-misalignment_1.90mm,vertical-misalignment,Misalignment_NON_BEARING,fault_configuration,data/raw_mafaulda/full/vertical-misalignment/1.90mm/58.5728.csv,50000,3514.368,,vertical_misalignment,1.90mm,,,mafaulda_vertical-misalignment_1.90mm,,,,,,True,split seed 202; operational folder taxonomy kept verbatim (naming caveat M2 not remapped)
methodology_v2.part2.v1,2,MAFAULDA,train,mafaulda_vertical-misalignment_1.90mm_59.8016,mafaulda_vertical-misalignment_1.90mm,vertical-misalignment,Misalignment_NON_BEARING,fault_configuration,data/raw_mafaulda/full/vertical-misalignment/1.90mm/59.8016.csv,50000,3588.096,,vertical_misalignment,1.90mm,,,mafaulda_vertical-misalignment_1.90mm,,,,,,True,split seed 202; operational folder taxonomy kept verbatim (naming caveat M2 not remapped)
methodology_v2.part2.v1,2,MAFAULDA,train,mafaulda_vertical-misalignment_1.90mm_61.0304,mafaulda_vertical-misalignment_1.90mm,vertical-misalignment,Misalignment_NON_BEARING,fault_configuration,data/raw_mafaulda/full/vertical-misalignment/1.90mm/61.0304.csv,50000,3661.824,,vertical_misalignment,1.90mm,,,mafaulda_vertical-misalignment_1.90mm,,,,,,True,split seed 202; operational folder taxonomy kept verbatim (naming caveat M2 not remapped)
methodology_v2.part2.v1,2,MAFAULDA,train,mafaulda_vertical-misalignment_1.90mm_61.44,mafaulda_vertical-misalignment_1.90mm,vertical-misalignment,Misalignment_NON_BEARING,fault_configuration,data/raw_mafaulda/full/vertical-misalignment/1.90mm/61.44.csv,50000,3686.4,,vertical_misalignment,1.90mm,,,mafaulda_vertical-misalignment_1.90mm,,,,,,True,split seed 202; operational folder taxonomy kept verbatim (naming caveat M2 not remapped)
