window_id,dataset,class,rpm,sampling_rate_hz,n_fft,hop_ratio,transform,spectral_entropy_norm,grad_energy_freq,grad_energy_time,mean_resolvable_peaks_per_frame,mean_peak_neighbour_contrast,l1_l2_concentration
f1:CWRU:cwru_X109:DE:train:96000-144000,CWRU,IR007,1796.0,48000,256,0.25,log1p,0.8224,0.1844,0.1901,11.14,0.4662,0.5748
f1:CWRU:cwru_X109:DE:train:96000-144000,CWRU,IR007,1796.0,48000,256,0.5,log1p,0.8224,0.1854,0.2618,11.16,0.4706,0.5747
f1:CWRU:cwru_X109:DE:train:96000-144000,CWRU,IR007,1796.0,48000,512,0.25,log1p,0.8563,0.1745,0.1768,22.36,0.4502,0.5921
f1:CWRU:cwru_X109:DE:train:96000-144000,CWRU,IR007,1796.0,48000,512,0.5,log1p,0.8563,0.1751,0.2206,22.33,0.4482,0.592
f1:CWRU:cwru_X109:DE:train:96000-144000,CWRU,IR007,1796.0,48000,1024,0.25,log1p,0.8835,0.1846,0.1756,48.02,0.5326,0.6121
f1:CWRU:cwru_X109:DE:train:96000-144000,CWRU,IR007,1796.0,48000,1024,0.5,log1p,0.8834,0.1845,0.2143,48.08,0.5316,0.6119
f1:CWRU:cwru_X109:DE:train:96000-144000,CWRU,IR007,1796.0,48000,2048,0.25,log1p,0.9061,0.1996,0.1771,91.53,0.6115,0.6352
f1:CWRU:cwru_X109:DE:train:96000-144000,CWRU,IR007,1796.0,48000,2048,0.5,log1p,0.906,0.2001,0.2109,91.49,0.6134,0.6352
f1:CWRU:cwru_X109:DE:train:96000-144000,CWRU,IR007,1796.0,48000,4096,0.25,log1p,0.9236,0.2102,0.175,173.44,0.6065,0.6596
f1:CWRU:cwru_X109:DE:train:96000-144000,CWRU,IR007,1796.0,48000,4096,0.5,log1p,0.9235,0.2105,0.2073,174.36,0.6024,0.6594
f1:CWRU:cwru_X111:DE:train:216000-264000,CWRU,IR007,1748.0,48000,256,0.25,log1p,0.7999,0.196,0.1989,11.12,0.4151,0.5402
f1:CWRU:cwru_X111:DE:train:216000-264000,CWRU,IR007,1748.0,48000,256,0.5,log1p,0.7997,0.1964,0.2787,11.16,0.4151,0.54
f1:CWRU:cwru_X111:DE:train:216000-264000,CWRU,IR007,1748.0,48000,512,0.25,log1p,0.8339,0.1748,0.1807,22.82,0.3521,0.5523
f1:CWRU:cwru_X111:DE:train:216000-264000,CWRU,IR007,1748.0,48000,512,0.5,log1p,0.8338,0.1753,0.2225,22.81,0.3524,0.5521
f1:CWRU:cwru_X111:DE:train:216000-264000,CWRU,IR007,1748.0,48000,1024,0.25,log1p,0.8619,0.1854,0.1692,50.44,0.4482,0.5674
f1:CWRU:cwru_X111:DE:train:216000-264000,CWRU,IR007,1748.0,48000,1024,0.5,log1p,0.862,0.1859,0.204,50.84,0.4459,0.5676
f1:CWRU:cwru_X111:DE:train:216000-264000,CWRU,IR007,1748.0,48000,2048,0.25,log1p,0.8859,0.2008,0.1657,97.92,0.5308,0.5856
f1:CWRU:cwru_X111:DE:train:216000-264000,CWRU,IR007,1748.0,48000,2048,0.5,log1p,0.8858,0.2015,0.1996,96.58,0.5435,0.5854
f1:CWRU:cwru_X111:DE:train:216000-264000,CWRU,IR007,1748.0,48000,4096,0.25,log1p,0.9055,0.2076,0.1677,186.42,0.5507,0.6068
f1:CWRU:cwru_X111:DE:train:216000-264000,CWRU,IR007,1748.0,48000,4096,0.5,log1p,0.9056,0.2086,0.1961,187.45,0.5523,0.607
f1:CWRU:cwru_X112:DE:train:216000-264000,CWRU,IR007,1721.0,48000,256,0.25,log1p,0.7975,0.1973,0.1927,11.23,0.433,0.537
f1:CWRU:cwru_X112:DE:train:216000-264000,CWRU,IR007,1721.0,48000,256,0.5,log1p,0.7973,0.1959,0.2685,11.18,0.4352,0.5369
f1:CWRU:cwru_X112:DE:train:216000-264000,CWRU,IR007,1721.0,48000,512,0.25,log1p,0.8321,0.1782,0.1793,22.69,0.3838,0.5488
f1:CWRU:cwru_X112:DE:train:216000-264000,CWRU,IR007,1721.0,48000,512,0.5,log1p,0.8322,0.1772,0.219,22.72,0.3817,0.5491
f1:CWRU:cwru_X112:DE:train:216000-264000,CWRU,IR007,1721.0,48000,1024,0.25,log1p,0.8608,0.188,0.1704,50.65,0.4423,0.5647
f1:CWRU:cwru_X112:DE:train:216000-264000,CWRU,IR007,1721.0,48000,1024,0.5,log1p,0.8608,0.1859,0.2036,50.42,0.4394,0.5647
f1:CWRU:cwru_X112:DE:train:216000-264000,CWRU,IR007,1721.0,48000,2048,0.25,log1p,0.8848,0.1979,0.1654,97.26,0.5099,0.583
f1:CWRU:cwru_X112:DE:train:216000-264000,CWRU,IR007,1721.0,48000,2048,0.5,log1p,0.8847,0.1991,0.1959,97.6,0.5084,0.5827
f1:CWRU:cwru_X112:DE:train:216000-264000,CWRU,IR007,1721.0,48000,4096,0.25,log1p,0.9044,0.208,0.1587,192.26,0.5449,0.6037
f1:CWRU:cwru_X112:DE:train:216000-264000,CWRU,IR007,1721.0,48000,4096,0.5,log1p,0.9043,0.2073,0.1857,193.09,0.5463,0.6034
f1:CWRU:cwru_X189:DE:train:96000-144000,CWRU,B014,1797.0,48000,256,0.25,log1p,0.7436,0.1879,0.1474,9.25,0.303,0.4496
f1:CWRU:cwru_X189:DE:train:96000-144000,CWRU,B014,1797.0,48000,256,0.5,log1p,0.7436,0.1871,0.1967,9.29,0.2999,0.4495
f1:CWRU:cwru_X189:DE:train:96000-144000,CWRU,B014,1797.0,48000,512,0.25,log1p,0.7816,0.1709,0.1489,18.54,0.2967,0.4511
f1:CWRU:cwru_X189:DE:train:96000-144000,CWRU,B014,1797.0,48000,512,0.5,log1p,0.7815,0.1709,0.1917,18.61,0.2963,0.4512
f1:CWRU:cwru_X189:DE:train:96000-144000,CWRU,B014,1797.0,48000,1024,0.25,log1p,0.816,0.1634,0.1525,40.15,0.2928,0.4625
f1:CWRU:cwru_X189:DE:train:96000-144000,CWRU,B014,1797.0,48000,1024,0.5,log1p,0.816,0.1617,0.2026,39.54,0.294,0.4626
f1:CWRU:cwru_X189:DE:train:96000-144000,CWRU,B014,1797.0,48000,2048,0.25,log1p,0.8453,0.1634,0.1599,79.71,0.35,0.4783
f1:CWRU:cwru_X189:DE:train:96000-144000,CWRU,B014,1797.0,48000,2048,0.5,log1p,0.8455,0.1626,0.1998,79.11,0.3513,0.4789
f1:CWRU:cwru_X189:DE:train:96000-144000,CWRU,B014,1797.0,48000,4096,0.25,log1p,0.8704,0.1631,0.1421,168.3,0.3242,0.4987
f1:CWRU:cwru_X189:DE:train:96000-144000,CWRU,B014,1797.0,48000,4096,0.5,log1p,0.8702,0.1682,0.1798,171.09,0.3319,0.4982
f1:CWRU:cwru_X191:DE:train:216000-264000,CWRU,B014,1748.0,48000,256,0.25,log1p,0.7483,0.2015,0.153,9.93,0.3057,0.4485
f1:CWRU:cwru_X191:DE:train:216000-264000,CWRU,B014,1748.0,48000,256,0.5,log1p,0.7485,0.2017,0.2008,9.97,0.3034,0.4486
f1:CWRU:cwru_X191:DE:train:216000-264000,CWRU,B014,1748.0,48000,512,0.25,log1p,0.786,0.1811,0.1508,19.62,0.3035,0.4519
f1:CWRU:cwru_X191:DE:train:216000-264000,CWRU,B014,1748.0,48000,512,0.5,log1p,0.7859,0.1807,0.1884,19.75,0.3005,0.4519
f1:CWRU:cwru_X191:DE:train:216000-264000,CWRU,B014,1748.0,48000,1024,0.25,log1p,0.82,0.1747,0.1499,41.13,0.3049,0.4631
f1:CWRU:cwru_X191:DE:train:216000-264000,CWRU,B014,1748.0,48000,1024,0.5,log1p,0.8199,0.1712,0.1954,40.35,0.3064,0.4631
f1:CWRU:cwru_X191:DE:train:216000-264000,CWRU,B014,1748.0,48000,2048,0.25,log1p,0.8487,0.1733,0.1587,81.11,0.3468,0.4785
f1:CWRU:cwru_X191:DE:train:216000-264000,CWRU,B014,1748.0,48000,2048,0.5,log1p,0.8488,0.1718,0.1965,80.93,0.3468,0.4788
f1:CWRU:cwru_X191:DE:train:216000-264000,CWRU,B014,1748.0,48000,4096,0.25,log1p,0.8731,0.1714,0.1603,165.14,0.3489,0.4989
f1:CWRU:cwru_X191:DE:train:216000-264000,CWRU,B014,1748.0,48000,4096,0.5,log1p,0.8735,0.1724,0.2021,165.55,0.3548,0.4998
f1:CWRU:cwru_X192:DE:train:216000-264000,CWRU,B014,1725.0,48000,256,0.25,log1p,0.7529,0.1997,0.1514,10.45,0.3269,0.4581
f1:CWRU:cwru_X192:DE:train:216000-264000,CWRU,B014,1725.0,48000,256,0.5,log1p,0.7527,0.1987,0.1947,10.41,0.3267,0.458
f1:CWRU:cwru_X192:DE:train:216000-264000,CWRU,B014,1725.0,48000,512,0.25,log1p,0.7913,0.1804,0.1514,21.07,0.3224,0.4634
f1:CWRU:cwru_X192:DE:train:216000-264000,CWRU,B014,1725.0,48000,512,0.5,log1p,0.7913,0.1811,0.1965,21.19,0.32,0.4635
f1:CWRU:cwru_X192:DE:train:216000-264000,CWRU,B014,1725.0,48000,1024,0.25,log1p,0.8253,0.1729,0.1564,42.66,0.3283,0.4764
f1:CWRU:cwru_X192:DE:train:216000-264000,CWRU,B014,1725.0,48000,1024,0.5,log1p,0.8255,0.1724,0.2078,42.85,0.3256,0.4768
f1:CWRU:cwru_X192:DE:train:216000-264000,CWRU,B014,1725.0,48000,2048,0.25,log1p,0.8536,0.1696,0.1622,85.66,0.3496,0.4931
f1:CWRU:cwru_X192:DE:train:216000-264000,CWRU,B014,1725.0,48000,2048,0.5,log1p,0.8537,0.1712,0.2092,85.36,0.3541,0.4931
f1:CWRU:cwru_X192:DE:train:216000-264000,CWRU,B014,1725.0,48000,4096,0.25,log1p,0.8775,0.1678,0.163,171.79,0.3719,0.5145
f1:CWRU:cwru_X192:DE:train:216000-264000,CWRU,B014,1725.0,48000,4096,0.5,log1p,0.8773,0.1688,0.2147,172.86,0.3678,0.5139
f1:CWRU:cwru_X238:DE:train:96000-144000,CWRU,OR021@6,1796.0,48000,256,0.25,log1p,0.7746,0.1711,0.1714,10.55,0.4121,0.4892
f1:CWRU:cwru_X238:DE:train:96000-144000,CWRU,OR021@6,1796.0,48000,256,0.5,log1p,0.7746,0.1709,0.2538,10.55,0.4122,0.4893
f1:CWRU:cwru_X238:DE:train:96000-144000,CWRU,OR021@6,1796.0,48000,512,0.25,log1p,0.8169,0.1522,0.194,19.94,0.3463,0.5075
f1:CWRU:cwru_X238:DE:train:96000-144000,CWRU,OR021@6,1796.0,48000,512,0.5,log1p,0.8167,0.1517,0.2785,19.88,0.3439,0.5073
f1:CWRU:cwru_X238:DE:train:96000-144000,CWRU,OR021@6,1796.0,48000,1024,0.25,log1p,0.8525,0.1407,0.2073,44.16,0.2841,0.5341
f1:CWRU:cwru_X238:DE:train:96000-144000,CWRU,OR021@6,1796.0,48000,1024,0.5,log1p,0.8521,0.1395,0.3086,44.01,0.2833,0.5331
f1:CWRU:cwru_X238:DE:train:96000-144000,CWRU,OR021@6,1796.0,48000,2048,0.25,log1p,0.8833,0.1335,0.2048,86.98,0.3627,0.5692
f1:CWRU:cwru_X238:DE:train:96000-144000,CWRU,OR021@6,1796.0,48000,2048,0.5,log1p,0.8829,0.1289,0.2765,84.04,0.3647,0.5686
f1:CWRU:cwru_X238:DE:train:96000-144000,CWRU,OR021@6,1796.0,48000,4096,0.25,log1p,0.9064,0.1582,0.1789,211.67,0.3228,0.6033
f1:CWRU:cwru_X238:DE:train:96000-144000,CWRU,OR021@6,1796.0,48000,4096,0.5,log1p,0.9056,0.1606,0.223,213.5,0.3298,0.6011
f1:CWRU:cwru_X240:DE:train:216000-264000,CWRU,OR021@6,1747.0,48000,256,0.25,log1p,0.7753,0.1789,0.1725,10.66,0.4305,0.4892
f1:CWRU:cwru_X240:DE:train:216000-264000,CWRU,OR021@6,1747.0,48000,256,0.5,log1p,0.7755,0.1789,0.2586,10.55,0.4372,0.4891
f1:CWRU:cwru_X240:DE:train:216000-264000,CWRU,OR021@6,1747.0,48000,512,0.25,log1p,0.8162,0.153,0.1987,20.42,0.3427,0.5059
f1:CWRU:cwru_X240:DE:train:216000-264000,CWRU,OR021@6,1747.0,48000,512,0.5,log1p,0.8162,0.1528,0.2887,20.47,0.3456,0.5061
f1:CWRU:cwru_X240:DE:train:216000-264000,CWRU,OR021@6,1747.0,48000,1024,0.25,log1p,0.8522,0.1398,0.2108,45.24,0.2713,0.5334
f1:CWRU:cwru_X240:DE:train:216000-264000,CWRU,OR021@6,1747.0,48000,1024,0.5,log1p,0.8525,0.1402,0.3181,45.64,0.2683,0.534
f1:CWRU:cwru_X240:DE:train:216000-264000,CWRU,OR021@6,1747.0,48000,2048,0.25,log1p,0.884,0.1341,0.2185,88.48,0.3501,0.5715
f1:CWRU:cwru_X240:DE:train:216000-264000,CWRU,OR021@6,1747.0,48000,2048,0.5,log1p,0.8836,0.1341,0.2843,85.56,0.3719,0.5701
f1:CWRU:cwru_X240:DE:train:216000-264000,CWRU,OR021@6,1747.0,48000,4096,0.25,log1p,0.9084,0.156,0.1895,213.14,0.3175,0.6103
f1:CWRU:cwru_X240:DE:train:216000-264000,CWRU,OR021@6,1747.0,48000,4096,0.5,log1p,0.9074,0.1597,0.248,217.0,0.3184,0.6064
f1:CWRU:cwru_X241:DE:train:216000-264000,CWRU,OR021@6,1719.0,48000,256,0.25,log1p,0.7729,0.1827,0.1677,10.78,0.4461,0.4884
f1:CWRU:cwru_X241:DE:train:216000-264000,CWRU,OR021@6,1719.0,48000,256,0.5,log1p,0.7729,0.1828,0.2508,10.75,0.4478,0.4885
f1:CWRU:cwru_X241:DE:train:216000-264000,CWRU,OR021@6,1719.0,48000,512,0.25,log1p,0.8143,0.1557,0.1958,20.3,0.3542,0.5041
f1:CWRU:cwru_X241:DE:train:216000-264000,CWRU,OR021@6,1719.0,48000,512,0.5,log1p,0.8142,0.1552,0.2801,20.15,0.3543,0.5041
f1:CWRU:cwru_X241:DE:train:216000-264000,CWRU,OR021@6,1719.0,48000,1024,0.25,log1p,0.8504,0.1417,0.2064,44.72,0.2807,0.5306
f1:CWRU:cwru_X241:DE:train:216000-264000,CWRU,OR021@6,1719.0,48000,1024,0.5,log1p,0.8502,0.1433,0.3118,45.2,0.2784,0.5301
f1:CWRU:cwru_X241:DE:train:216000-264000,CWRU,OR021@6,1719.0,48000,2048,0.25,log1p,0.8812,0.1361,0.2101,89.08,0.3575,0.5656
f1:CWRU:cwru_X241:DE:train:216000-264000,CWRU,OR021@6,1719.0,48000,2048,0.5,log1p,0.8816,0.1363,0.2636,90.33,0.357,0.5665
f1:CWRU:cwru_X241:DE:train:216000-264000,CWRU,OR021@6,1719.0,48000,4096,0.25,log1p,0.9049,0.1549,0.179,215.93,0.3087,0.6004
f1:CWRU:cwru_X241:DE:train:216000-264000,CWRU,OR021@6,1719.0,48000,4096,0.5,log1p,0.905,0.1533,0.2228,214.68,0.3081,0.6014
f1:CWRU:cwru_X250:DE:train:48000-96000,CWRU,OR021@3,1796.0,48000,256,0.25,log1p,0.7759,0.1722,0.1516,11.31,0.3353,0.4939
f1:CWRU:cwru_X250:DE:train:48000-96000,CWRU,OR021@3,1796.0,48000,256,0.5,log1p,0.7759,0.173,0.2095,11.33,0.3336,0.4938
f1:CWRU:cwru_X250:DE:train:48000-96000,CWRU,OR021@3,1796.0,48000,512,0.25,log1p,0.8174,0.1692,0.1761,19.28,0.4724,0.5103
f1:CWRU:cwru_X250:DE:train:48000-96000,CWRU,OR021@3,1796.0,48000,512,0.5,log1p,0.8174,0.1698,0.2419,19.28,0.4717,0.5101
f1:CWRU:cwru_X250:DE:train:48000-96000,CWRU,OR021@3,1796.0,48000,1024,0.25,log1p,0.8516,0.1554,0.185,40.03,0.3592,0.5338
f1:CWRU:cwru_X250:DE:train:48000-96000,CWRU,OR021@3,1796.0,48000,1024,0.5,log1p,0.8515,0.1556,0.2527,40.21,0.3627,0.5335
f1:CWRU:cwru_X250:DE:train:48000-96000,CWRU,OR021@3,1796.0,48000,2048,0.25,log1p,0.8796,0.15,0.1772,79.12,0.3855,0.5611
f1:CWRU:cwru_X250:DE:train:48000-96000,CWRU,OR021@3,1796.0,48000,2048,0.5,log1p,0.8797,0.1476,0.2206,77.87,0.385,0.5614
f1:CWRU:cwru_X250:DE:train:48000-96000,CWRU,OR021@3,1796.0,48000,4096,0.25,log1p,0.9014,0.1663,0.1665,165.63,0.4382,0.5879
f1:CWRU:cwru_X250:DE:train:48000-96000,CWRU,OR021@3,1796.0,48000,4096,0.5,log1p,0.9012,0.1676,0.2068,166.41,0.4398,0.5874
f1:CWRU:cwru_X252:DE:train:216000-264000,CWRU,OR021@3,1746.0,48000,256,0.25,log1p,0.795,0.1725,0.1592,10.53,0.4058,0.5183
f1:CWRU:cwru_X252:DE:train:216000-264000,CWRU,OR021@3,1746.0,48000,256,0.5,log1p,0.7949,0.1729,0.2201,10.51,0.4066,0.5182
f1:CWRU:cwru_X252:DE:train:216000-264000,CWRU,OR021@3,1746.0,48000,512,0.25,log1p,0.8351,0.1685,0.1826,18.83,0.514,0.5382
f1:CWRU:cwru_X252:DE:train:216000-264000,CWRU,OR021@3,1746.0,48000,512,0.5,log1p,0.8349,0.1686,0.2491,18.92,0.5101,0.5381
f1:CWRU:cwru_X252:DE:train:216000-264000,CWRU,OR021@3,1746.0,48000,1024,0.25,log1p,0.8705,0.1611,0.1956,37.29,0.4418,0.5676
f1:CWRU:cwru_X252:DE:train:216000-264000,CWRU,OR021@3,1746.0,48000,1024,0.5,log1p,0.8707,0.1603,0.2645,36.93,0.4409,0.5683
f1:CWRU:cwru_X252:DE:train:216000-264000,CWRU,OR021@3,1746.0,48000,2048,0.25,log1p,0.8975,0.1631,0.1917,72.43,0.4595,0.5983
f1:CWRU:cwru_X252:DE:train:216000-264000,CWRU,OR021@3,1746.0,48000,2048,0.5,log1p,0.8975,0.1718,0.2327,76.36,0.4437,0.5981
f1:CWRU:cwru_X252:DE:train:216000-264000,CWRU,OR021@3,1746.0,48000,4096,0.25,log1p,0.9177,0.1756,0.1847,142.74,0.5071,0.6284
f1:CWRU:cwru_X252:DE:train:216000-264000,CWRU,OR021@3,1746.0,48000,4096,0.5,log1p,0.9169,0.1837,0.2409,148.05,0.4992,0.626
f1:CWRU:cwru_X253:DE:train:216000-264000,CWRU,OR021@3,1719.0,48000,256,0.25,log1p,0.8031,0.1773,0.1642,10.58,0.4103,0.527
f1:CWRU:cwru_X253:DE:train:216000-264000,CWRU,OR021@3,1719.0,48000,256,0.5,log1p,0.8031,0.1773,0.2217,10.66,0.4069,0.5269
f1:CWRU:cwru_X253:DE:train:216000-264000,CWRU,OR021@3,1719.0,48000,512,0.25,log1p,0.8416,0.1724,0.1801,19.03,0.4943,0.547
f1:CWRU:cwru_X253:DE:train:216000-264000,CWRU,OR021@3,1719.0,48000,512,0.5,log1p,0.8415,0.1718,0.2416,18.88,0.4988,0.5469
f1:CWRU:cwru_X253:DE:train:216000-264000,CWRU,OR021@3,1719.0,48000,1024,0.25,log1p,0.8734,0.1683,0.19,37.9,0.4386,0.5729
f1:CWRU:cwru_X253:DE:train:216000-264000,CWRU,OR021@3,1719.0,48000,1024,0.5,log1p,0.8737,0.1672,0.253,37.68,0.4408,0.5734
f1:CWRU:cwru_X253:DE:train:216000-264000,CWRU,OR021@3,1719.0,48000,2048,0.25,log1p,0.8983,0.1695,0.186,73.08,0.4741,0.6003
f1:CWRU:cwru_X253:DE:train:216000-264000,CWRU,OR021@3,1719.0,48000,2048,0.5,log1p,0.8982,0.1717,0.2368,73.13,0.4726,0.6
f1:CWRU:cwru_X253:DE:train:216000-264000,CWRU,OR021@3,1719.0,48000,4096,0.25,log1p,0.9178,0.1806,0.1852,143.07,0.512,0.6285
f1:CWRU:cwru_X253:DE:train:216000-264000,CWRU,OR021@3,1719.0,48000,4096,0.5,log1p,0.9175,0.1863,0.2323,146.91,0.5003,0.6276
f1:CWRU:cwru_X262:DE:train:48000-96000,CWRU,OR021@12,1796.0,48000,256,0.25,log1p,0.7424,0.1727,0.1293,10.02,0.3288,0.4451
f1:CWRU:cwru_X262:DE:train:48000-96000,CWRU,OR021@12,1796.0,48000,256,0.5,log1p,0.7423,0.1727,0.1827,10.06,0.3268,0.4451
f1:CWRU:cwru_X262:DE:train:48000-96000,CWRU,OR021@12,1796.0,48000,512,0.25,log1p,0.7863,0.1579,0.1515,19.44,0.3337,0.455
f1:CWRU:cwru_X262:DE:train:48000-96000,CWRU,OR021@12,1796.0,48000,512,0.5,log1p,0.7861,0.1584,0.2179,19.55,0.3324,0.4546
f1:CWRU:cwru_X262:DE:train:48000-96000,CWRU,OR021@12,1796.0,48000,1024,0.25,log1p,0.8229,0.1396,0.1684,40.39,0.2787,0.473
f1:CWRU:cwru_X262:DE:train:48000-96000,CWRU,OR021@12,1796.0,48000,1024,0.5,log1p,0.8228,0.1392,0.2364,39.96,0.2815,0.4728
f1:CWRU:cwru_X262:DE:train:48000-96000,CWRU,OR021@12,1796.0,48000,2048,0.25,log1p,0.8526,0.1297,0.1708,84.46,0.2937,0.4958
f1:CWRU:cwru_X262:DE:train:48000-96000,CWRU,OR021@12,1796.0,48000,2048,0.5,log1p,0.8527,0.1281,0.2394,83.2,0.296,0.4957
f1:CWRU:cwru_X262:DE:train:48000-96000,CWRU,OR021@12,1796.0,48000,4096,0.25,log1p,0.8772,0.1373,0.1551,188.23,0.3252,0.5213
f1:CWRU:cwru_X262:DE:train:48000-96000,CWRU,OR021@12,1796.0,48000,4096,0.5,log1p,0.8774,0.1352,0.1858,186.18,0.3314,0.5219
f1:CWRU:cwru_X264:DE:train:216000-264000,CWRU,OR021@12,1746.0,48000,256,0.25,log1p,0.7502,0.176,0.1448,10.44,0.349,0.4541
f1:CWRU:cwru_X264:DE:train:216000-264000,CWRU,OR021@12,1746.0,48000,256,0.5,log1p,0.7503,0.1762,0.2012,10.49,0.3476,0.4542
f1:CWRU:cwru_X264:DE:train:216000-264000,CWRU,OR021@12,1746.0,48000,512,0.25,log1p,0.7893,0.1593,0.1598,20.36,0.3252,0.4611
f1:CWRU:cwru_X264:DE:train:216000-264000,CWRU,OR021@12,1746.0,48000,512,0.5,log1p,0.7891,0.1591,0.2247,20.59,0.3201,0.4609
f1:CWRU:cwru_X264:DE:train:216000-264000,CWRU,OR021@12,1746.0,48000,1024,0.25,log1p,0.823,0.1411,0.1672,41.21,0.2912,0.4751
f1:CWRU:cwru_X264:DE:train:216000-264000,CWRU,OR021@12,1746.0,48000,1024,0.5,log1p,0.8228,0.1418,0.2318,41.29,0.2929,0.4748
f1:CWRU:cwru_X264:DE:train:216000-264000,CWRU,OR021@12,1746.0,48000,2048,0.25,log1p,0.8513,0.1314,0.1653,85.94,0.2942,0.4939
f1:CWRU:cwru_X264:DE:train:216000-264000,CWRU,OR021@12,1746.0,48000,2048,0.5,log1p,0.8506,0.1409,0.2071,91.4,0.2848,0.4928
f1:CWRU:cwru_X264:DE:train:216000-264000,CWRU,OR021@12,1746.0,48000,4096,0.25,log1p,0.8751,0.1379,0.1557,181.09,0.3467,0.5155
f1:CWRU:cwru_X264:DE:train:216000-264000,CWRU,OR021@12,1746.0,48000,4096,0.5,log1p,0.8745,0.1338,0.1671,179.73,0.3387,0.5149
f1:CWRU:cwru_X265:DE:train:216000-264000,CWRU,OR021@12,1718.0,48000,256,0.25,log1p,0.7484,0.1786,0.1433,10.52,0.3558,0.4543
f1:CWRU:cwru_X265:DE:train:216000-264000,CWRU,OR021@12,1718.0,48000,256,0.5,log1p,0.7484,0.1791,0.1953,10.55,0.3548,0.4543
f1:CWRU:cwru_X265:DE:train:216000-264000,CWRU,OR021@12,1718.0,48000,512,0.25,log1p,0.7883,0.1632,0.1556,20.7,0.3333,0.4611
f1:CWRU:cwru_X265:DE:train:216000-264000,CWRU,OR021@12,1718.0,48000,512,0.5,log1p,0.7884,0.1629,0.2151,20.67,0.335,0.4614
f1:CWRU:cwru_X265:DE:train:216000-264000,CWRU,OR021@12,1718.0,48000,1024,0.25,log1p,0.8226,0.1466,0.1632,41.7,0.3025,0.4749
f1:CWRU:cwru_X265:DE:train:216000-264000,CWRU,OR021@12,1718.0,48000,1024,0.5,log1p,0.8227,0.146,0.2256,41.83,0.3033,0.4752
f1:CWRU:cwru_X265:DE:train:216000-264000,CWRU,OR021@12,1718.0,48000,2048,0.25,log1p,0.8505,0.1371,0.1626,86.18,0.3082,0.4922
f1:CWRU:cwru_X265:DE:train:216000-264000,CWRU,OR021@12,1718.0,48000,2048,0.5,log1p,0.8504,0.1387,0.2123,87.64,0.303,0.4922
f1:CWRU:cwru_X265:DE:train:216000-264000,CWRU,OR021@12,1718.0,48000,4096,0.25,log1p,0.8743,0.1409,0.1544,179.26,0.3635,0.5133
f1:CWRU:cwru_X265:DE:train:216000-264000,CWRU,OR021@12,1718.0,48000,4096,0.5,log1p,0.8747,0.1439,0.2052,181.68,0.3647,0.5143
f1:HIT:hit_data1_rec00:ch3:train:175000-200000,HIT,0,1000.0,25000,256,0.25,log1p,0.9448,0.4588,0.3884,6.74,0.6424,0.7938
f1:HIT:hit_data1_rec00:ch3:train:175000-200000,HIT,0,1000.0,25000,256,0.5,log1p,0.9446,0.4594,0.4886,6.78,0.6372,0.7935
f1:HIT:hit_data1_rec00:ch3:train:175000-200000,HIT,0,1000.0,25000,512,0.25,log1p,0.9571,0.461,0.4086,11.47,0.7089,0.8133
f1:HIT:hit_data1_rec00:ch3:train:175000-200000,HIT,0,1000.0,25000,512,0.5,log1p,0.957,0.4606,0.5121,11.5,0.7039,0.8134
f1:HIT:hit_data1_rec00:ch3:train:175000-200000,HIT,0,1000.0,25000,1024,0.25,log1p,0.9664,0.464,0.4231,21.15,0.7147,0.8339
f1:HIT:hit_data1_rec00:ch3:train:175000-200000,HIT,0,1000.0,25000,1024,0.5,log1p,0.9661,0.469,0.5343,21.06,0.7188,0.8332
f1:HIT:hit_data1_rec00:ch3:train:175000-200000,HIT,0,1000.0,25000,2048,0.25,log1p,0.9737,0.4664,0.4363,37.76,0.7365,0.8536
f1:HIT:hit_data1_rec00:ch3:train:175000-200000,HIT,0,1000.0,25000,2048,0.5,log1p,0.9737,0.4669,0.5386,37.65,0.742,0.8537
f1:HIT:hit_data1_rec00:ch3:train:175000-200000,HIT,0,1000.0,25000,4096,0.25,log1p,0.9794,0.4768,0.4466,67.43,0.7872,0.8719
f1:HIT:hit_data1_rec00:ch3:train:175000-200000,HIT,0,1000.0,25000,4096,0.5,log1p,0.9793,0.4772,0.5528,66.0,0.7835,0.8717
f1:HIT:hit_data1_rec25:ch3:train:175000-200000,HIT,0,3000.0,25000,256,0.25,log1p,0.9511,0.4778,0.4382,6.45,0.5879,0.8099
f1:HIT:hit_data1_rec25:ch3:train:175000-200000,HIT,0,3000.0,25000,256,0.5,log1p,0.9506,0.4762,0.5463,6.56,0.5942,0.8091
f1:HIT:hit_data1_rec25:ch3:train:175000-200000,HIT,0,3000.0,25000,512,0.25,log1p,0.9614,0.477,0.4424,11.92,0.6621,0.8269
f1:HIT:hit_data1_rec25:ch3:train:175000-200000,HIT,0,3000.0,25000,512,0.5,log1p,0.9614,0.4738,0.5509,11.9,0.6571,0.8268
f1:HIT:hit_data1_rec25:ch3:train:175000-200000,HIT,0,3000.0,25000,1024,0.25,log1p,0.9695,0.4764,0.4497,21.73,0.6969,0.8453
f1:HIT:hit_data1_rec25:ch3:train:175000-200000,HIT,0,3000.0,25000,1024,0.5,log1p,0.9696,0.4811,0.5673,21.94,0.7176,0.8453
f1:HIT:hit_data1_rec25:ch3:train:175000-200000,HIT,0,3000.0,25000,2048,0.25,log1p,0.9766,0.4874,0.458,39.71,0.7546,0.8643
f1:HIT:hit_data1_rec25:ch3:train:175000-200000,HIT,0,3000.0,25000,2048,0.5,log1p,0.9761,0.4856,0.5703,39.52,0.7688,0.8648
f1:HIT:hit_data1_rec25:ch3:train:175000-200000,HIT,0,3000.0,25000,4096,0.25,log1p,0.9816,0.4976,0.4666,74.05,0.805,0.8819
f1:HIT:hit_data1_rec25:ch3:train:175000-200000,HIT,0,3000.0,25000,4096,0.5,log1p,0.9814,0.495,0.5777,74.55,0.8071,0.8813
f1:HIT:hit_data2_rec24:ch3:train:175000-200000,HIT,0,3000.0,25000,256,0.25,log1p,0.9642,0.5525,0.5252,3.67,0.7105,0.8567
f1:HIT:hit_data2_rec24:ch3:train:175000-200000,HIT,0,3000.0,25000,256,0.5,log1p,0.9641,0.5535,0.6482,3.71,0.7039,0.8566
f1:HIT:hit_data2_rec24:ch3:train:175000-200000,HIT,0,3000.0,25000,512,0.25,log1p,0.9732,0.5777,0.5341,6.96,0.9401,0.8755
f1:HIT:hit_data2_rec24:ch3:train:175000-200000,HIT,0,3000.0,25000,512,0.5,log1p,0.9732,0.5741,0.6598,6.95,0.9441,0.8758
f1:HIT:hit_data2_rec24:ch3:train:175000-200000,HIT,0,3000.0,25000,1024,0.25,log1p,0.9798,0.6001,0.5507,10.84,1.1463,0.8937
f1:HIT:hit_data2_rec24:ch3:train:175000-200000,HIT,0,3000.0,25000,1024,0.5,log1p,0.9798,0.5983,0.6858,10.74,1.1427,0.8939
f1:HIT:hit_data2_rec24:ch3:train:175000-200000,HIT,0,3000.0,25000,2048,0.25,log1p,0.9844,0.6105,0.5731,18.09,1.0864,0.9089
f1:HIT:hit_data2_rec24:ch3:train:175000-200000,HIT,0,3000.0,25000,2048,0.5,log1p,0.9843,0.6106,0.712,18.09,1.0998,0.9089
f1:HIT:hit_data2_rec24:ch3:train:175000-200000,HIT,0,3000.0,25000,4096,0.25,log1p,0.9878,0.6126,0.5876,29.76,1.0695,0.9216
f1:HIT:hit_data2_rec24:ch3:train:175000-200000,HIT,0,3000.0,25000,4096,0.5,log1p,0.9879,0.6107,0.7261,28.73,1.0851,0.9222
f1:HIT:hit_data3_rec00:ch3:train:175000-200000,HIT,1,1000.0,25000,256,0.25,log1p,0.9115,0.3531,0.2866,6.76,0.6038,0.7045
f1:HIT:hit_data3_rec00:ch3:train:175000-200000,HIT,1,1000.0,25000,256,0.5,log1p,0.9113,0.3529,0.3523,6.71,0.6057,0.704
f1:HIT:hit_data3_rec00:ch3:train:175000-200000,HIT,1,1000.0,25000,512,0.25,log1p,0.9298,0.3696,0.3004,13.12,0.6471,0.7236
f1:HIT:hit_data3_rec00:ch3:train:175000-200000,HIT,1,1000.0,25000,512,0.5,log1p,0.9296,0.3695,0.3797,13.16,0.6548,0.7234
f1:HIT:hit_data3_rec00:ch3:train:175000-200000,HIT,1,1000.0,25000,1024,0.25,log1p,0.9439,0.3715,0.3196,24.6,0.7146,0.745
f1:HIT:hit_data3_rec00:ch3:train:175000-200000,HIT,1,1000.0,25000,1024,0.5,log1p,0.9439,0.3699,0.402,24.91,0.7059,0.7452
f1:HIT:hit_data3_rec00:ch3:train:175000-200000,HIT,1,1000.0,25000,2048,0.25,log1p,0.9555,0.3641,0.3313,44.78,0.6975,0.7704
f1:HIT:hit_data3_rec00:ch3:train:175000-200000,HIT,1,1000.0,25000,2048,0.5,log1p,0.9555,0.3626,0.4033,43.96,0.6855,0.7704
f1:HIT:hit_data3_rec00:ch3:train:175000-200000,HIT,1,1000.0,25000,4096,0.25,log1p,0.9647,0.3782,0.3411,81.14,0.7785,0.7957
f1:HIT:hit_data3_rec00:ch3:train:175000-200000,HIT,1,1000.0,25000,4096,0.5,log1p,0.9647,0.3791,0.4231,83.09,0.7733,0.7956
f1:HIT:hit_data4_rec00:ch3:train:175000-200000,HIT,1,1000.0,25000,256,0.25,log1p,0.9494,0.4707,0.4304,5.38,0.657,0.8085
f1:HIT:hit_data4_rec00:ch3:train:175000-200000,HIT,1,1000.0,25000,256,0.5,log1p,0.9493,0.4745,0.5513,5.45,0.6746,0.8082
f1:HIT:hit_data4_rec00:ch3:train:175000-200000,HIT,1,1000.0,25000,512,0.25,log1p,0.96,0.4764,0.4404,10.12,0.6912,0.8253
f1:HIT:hit_data4_rec00:ch3:train:175000-200000,HIT,1,1000.0,25000,512,0.5,log1p,0.9599,0.4799,0.5564,10.16,0.6839,0.8251
f1:HIT:hit_data4_rec00:ch3:train:175000-200000,HIT,1,1000.0,25000,1024,0.25,log1p,0.9691,0.4764,0.4517,17.67,0.7278,0.8446
f1:HIT:hit_data4_rec00:ch3:train:175000-200000,HIT,1,1000.0,25000,1024,0.5,log1p,0.969,0.4791,0.5663,17.83,0.7136,0.8443
f1:HIT:hit_data4_rec00:ch3:train:175000-200000,HIT,1,1000.0,25000,2048,0.25,log1p,0.976,0.479,0.4603,30.16,0.7485,0.8635
f1:HIT:hit_data4_rec00:ch3:train:175000-200000,HIT,1,1000.0,25000,2048,0.5,log1p,0.9762,0.4821,0.5742,29.78,0.7568,0.8641
f1:HIT:hit_data4_rec00:ch3:train:175000-200000,HIT,1,1000.0,25000,4096,0.25,log1p,0.981,0.4905,0.4719,52.9,0.7985,0.8814
f1:HIT:hit_data4_rec00:ch3:train:175000-200000,HIT,1,1000.0,25000,4096,0.5,log1p,0.9809,0.4884,0.5853,53.73,0.7897,0.8817
f1:HIT:hit_data4_rec27:ch3:train:175000-200000,HIT,1,3000.0,25000,256,0.25,log1p,0.9552,0.4858,0.4596,5.4,0.6217,0.8188
f1:HIT:hit_data4_rec27:ch3:train:175000-200000,HIT,1,3000.0,25000,256,0.5,log1p,0.9554,0.486,0.5647,5.51,0.6274,0.8199
f1:HIT:hit_data4_rec27:ch3:train:175000-200000,HIT,1,3000.0,25000,512,0.25,log1p,0.9662,0.509,0.4706,9.74,0.7581,0.8405
f1:HIT:hit_data4_rec27:ch3:train:175000-200000,HIT,1,3000.0,25000,512,0.5,log1p,0.9663,0.5125,0.5884,9.84,0.759,0.8415
f1:HIT:hit_data4_rec27:ch3:train:175000-200000,HIT,1,3000.0,25000,1024,0.25,log1p,0.974,0.5202,0.4816,17.77,0.7283,0.8606
f1:HIT:hit_data4_rec27:ch3:train:175000-200000,HIT,1,3000.0,25000,1024,0.5,log1p,0.9739,0.5212,0.5993,18.09,0.727,0.8607
f1:HIT:hit_data4_rec27:ch3:train:175000-200000,HIT,1,3000.0,25000,2048,0.25,log1p,0.9796,0.5221,0.4968,33.22,0.7344,0.8782
f1:HIT:hit_data4_rec27:ch3:train:175000-200000,HIT,1,3000.0,25000,2048,0.5,log1p,0.9796,0.518,0.6164,33.74,0.7423,0.8784
f1:HIT:hit_data4_rec27:ch3:train:175000-200000,HIT,1,3000.0,25000,4096,0.25,log1p,0.984,0.5257,0.5097,61.9,0.766,0.8941
f1:HIT:hit_data4_rec27:ch3:train:175000-200000,HIT,1,3000.0,25000,4096,0.5,log1p,0.9839,0.5214,0.63,60.82,0.7773,0.8935
f1:HIT:hit_data5_rec00:ch3:train:175000-200000,HIT,2,1000.0,25000,256,0.25,log1p,0.927,0.3882,0.3535,5.02,0.697,0.764
f1:HIT:hit_data5_rec00:ch3:train:175000-200000,HIT,2,1000.0,25000,256,0.5,log1p,0.9271,0.3872,0.4467,4.89,0.7049,0.7642
f1:HIT:hit_data5_rec00:ch3:train:175000-200000,HIT,2,1000.0,25000,512,0.25,log1p,0.9415,0.3943,0.3636,7.83,0.8807,0.7791
f1:HIT:hit_data5_rec00:ch3:train:175000-200000,HIT,2,1000.0,25000,512,0.5,log1p,0.9415,0.3959,0.4583,7.79,0.8804,0.7792
f1:HIT:hit_data5_rec00:ch3:train:175000-200000,HIT,2,1000.0,25000,1024,0.25,log1p,0.9531,0.3843,0.3663,11.14,0.8701,0.7967
f1:HIT:hit_data5_rec00:ch3:train:175000-200000,HIT,2,1000.0,25000,1024,0.5,log1p,0.9527,0.3838,0.4609,11.06,0.8811,0.7971
f1:HIT:hit_data5_rec00:ch3:train:175000-200000,HIT,2,1000.0,25000,2048,0.25,log1p,0.9626,0.3814,0.3654,15.38,0.8832,0.8149
f1:HIT:hit_data5_rec00:ch3:train:175000-200000,HIT,2,1000.0,25000,2048,0.5,log1p,0.9624,0.3778,0.4472,15.83,0.8519,0.815
f1:HIT:hit_data5_rec00:ch3:train:175000-200000,HIT,2,1000.0,25000,4096,0.25,log1p,0.97,0.383,0.3644,22.1,0.9003,0.8331
f1:HIT:hit_data5_rec00:ch3:train:175000-200000,HIT,2,1000.0,25000,4096,0.5,log1p,0.97,0.383,0.4533,22.55,0.9214,0.833
f1:HIT:hit_data5_rec14:ch3:train:175000-200000,HIT,2,4400.0,25000,256,0.25,log1p,0.9549,0.4849,0.4671,3.81,0.6691,0.8266
f1:HIT:hit_data5_rec14:ch3:train:175000-200000,HIT,2,4400.0,25000,256,0.5,log1p,0.9548,0.4852,0.5828,3.7,0.6718,0.8267
f1:HIT:hit_data5_rec14:ch3:train:175000-200000,HIT,2,4400.0,25000,512,0.25,log1p,0.9654,0.4912,0.4661,6.49,0.7629,0.846
f1:HIT:hit_data5_rec14:ch3:train:175000-200000,HIT,2,4400.0,25000,512,0.5,log1p,0.9651,0.4889,0.5834,6.49,0.7549,0.8463
f1:HIT:hit_data5_rec14:ch3:train:175000-200000,HIT,2,4400.0,25000,1024,0.25,log1p,0.9735,0.5081,0.4807,10.91,0.9547,0.8653
f1:HIT:hit_data5_rec14:ch3:train:175000-200000,HIT,2,4400.0,25000,1024,0.5,log1p,0.9736,0.5103,0.592,10.96,0.9556,0.8655
f1:HIT:hit_data5_rec14:ch3:train:175000-200000,HIT,2,4400.0,25000,2048,0.25,log1p,0.9797,0.5282,0.4903,16.71,1.1096,0.8847
f1:HIT:hit_data5_rec14:ch3:train:175000-200000,HIT,2,4400.0,25000,2048,0.5,log1p,0.9795,0.5266,0.6089,16.83,1.0995,0.8848
f1:HIT:hit_data5_rec14:ch3:train:175000-200000,HIT,2,4400.0,25000,4096,0.25,log1p,0.9845,0.5404,0.5147,27.1,1.1595,0.9017
f1:HIT:hit_data5_rec14:ch3:train:175000-200000,HIT,2,4400.0,25000,4096,0.5,log1p,0.9843,0.5405,0.636,26.64,1.1616,0.9016
f1:HIT:hit_data5_rec23:ch3:train:175000-200000,HIT,2,3000.0,25000,256,0.25,log1p,0.9597,0.5123,0.498,2.71,0.6666,0.84
f1:HIT:hit_data5_rec23:ch3:train:175000-200000,HIT,2,3000.0,25000,256,0.5,log1p,0.9596,0.5132,0.6251,2.71,0.679,0.8401
f1:HIT:hit_data5_rec23:ch3:train:175000-200000,HIT,2,3000.0,25000,512,0.25,log1p,0.9689,0.5196,0.4926,4.78,0.7807,0.8589
f1:HIT:hit_data5_rec23:ch3:train:175000-200000,HIT,2,3000.0,25000,512,0.5,log1p,0.9689,0.5177,0.6102,4.82,0.7701,0.8587
f1:HIT:hit_data5_rec23:ch3:train:175000-200000,HIT,2,3000.0,25000,1024,0.25,log1p,0.9763,0.5395,0.5049,8.2,0.9544,0.8775
f1:HIT:hit_data5_rec23:ch3:train:175000-200000,HIT,2,3000.0,25000,1024,0.5,log1p,0.9759,0.5379,0.6248,8.02,0.9505,0.8772
f1:HIT:hit_data5_rec23:ch3:train:175000-200000,HIT,2,3000.0,25000,2048,0.25,log1p,0.9821,0.5621,0.5216,14.27,1.2147,0.896
f1:HIT:hit_data5_rec23:ch3:train:175000-200000,HIT,2,3000.0,25000,2048,0.5,log1p,0.9821,0.5628,0.6509,14.48,1.2214,0.8961
f1:HIT:hit_data5_rec23:ch3:train:175000-200000,HIT,2,3000.0,25000,4096,0.25,log1p,0.9861,0.5702,0.5392,23.81,1.3007,0.9116
f1:HIT:hit_data5_rec23:ch3:train:175000-200000,HIT,2,3000.0,25000,4096,0.5,log1p,0.9859,0.5719,0.6711,24.0,1.2998,0.9115
f1:JNU:jnu_ib1000_2:B:acc_vertical:train:125100-175100,JNU,ib,1000.0,50000,256,0.25,log1p,0.9786,0.5287,0.6216,1.84,0.5924,0.9126
f1:JNU:jnu_ib1000_2:B:acc_vertical:train:125100-175100,JNU,ib,1000.0,50000,256,0.5,log1p,0.9785,0.5295,0.8501,1.82,0.6145,0.9123
f1:JNU:jnu_ib1000_2:B:acc_vertical:train:125100-175100,JNU,ib,1000.0,50000,512,0.25,log1p,0.984,0.5155,0.6507,2.85,0.6393,0.9252
f1:JNU:jnu_ib1000_2:B:acc_vertical:train:125100-175100,JNU,ib,1000.0,50000,512,0.5,log1p,0.9842,0.5169,0.8892,2.92,0.6331,0.9258
f1:JNU:jnu_ib1000_2:B:acc_vertical:train:125100-175100,JNU,ib,1000.0,50000,1024,0.25,log1p,0.9881,0.5147,0.7006,4.34,0.5979,0.9368
f1:JNU:jnu_ib1000_2:B:acc_vertical:train:125100-175100,JNU,ib,1000.0,50000,1024,0.5,log1p,0.9881,0.5344,0.9871,4.3,0.61,0.9367
f1:JNU:jnu_ib1000_2:B:acc_vertical:train:125100-175100,JNU,ib,1000.0,50000,2048,0.25,log1p,0.9912,0.5183,0.726,5.2,0.6959,0.9477
f1:JNU:jnu_ib1000_2:B:acc_vertical:train:125100-175100,JNU,ib,1000.0,50000,2048,0.5,log1p,0.991,0.5153,0.9443,5.0,0.7204,0.9476
f1:JNU:jnu_ib1000_2:B:acc_vertical:train:125100-175100,JNU,ib,1000.0,50000,4096,0.25,log1p,0.993,0.5913,0.6878,5.91,0.7177,0.9561
f1:JNU:jnu_ib1000_2:B:acc_vertical:train:125100-175100,JNU,ib,1000.0,50000,4096,0.5,log1p,0.993,0.5908,0.8689,5.65,0.6836,0.956
f1:JNU:jnu_ib600_2:B:acc_vertical:train:125100-175100,JNU,ib,600.0,50000,256,0.25,log1p,0.9646,0.4917,0.5367,3.71,0.4886,0.8525
f1:JNU:jnu_ib600_2:B:acc_vertical:train:125100-175100,JNU,ib,600.0,50000,256,0.5,log1p,0.9645,0.4937,0.7164,3.68,0.4886,0.8526
f1:JNU:jnu_ib600_2:B:acc_vertical:train:125100-175100,JNU,ib,600.0,50000,512,0.25,log1p,0.9731,0.4881,0.5619,6.41,0.5535,0.8715
f1:JNU:jnu_ib600_2:B:acc_vertical:train:125100-175100,JNU,ib,600.0,50000,512,0.5,log1p,0.9729,0.4826,0.7816,6.41,0.5637,0.8708
f1:JNU:jnu_ib600_2:B:acc_vertical:train:125100-175100,JNU,ib,600.0,50000,1024,0.25,log1p,0.9798,0.4903,0.6086,10.16,0.6413,0.892
f1:JNU:jnu_ib600_2:B:acc_vertical:train:125100-175100,JNU,ib,600.0,50000,1024,0.5,log1p,0.9797,0.5179,0.7997,10.12,0.6403,0.8935
f1:JNU:jnu_ib600_2:B:acc_vertical:train:125100-175100,JNU,ib,600.0,50000,2048,0.25,log1p,0.9851,0.5074,0.6664,16.51,0.7826,0.9124
f1:JNU:jnu_ib600_2:B:acc_vertical:train:125100-175100,JNU,ib,600.0,50000,2048,0.5,log1p,0.985,0.5043,0.9609,17.11,0.7697,0.9118
f1:JNU:jnu_ib600_2:B:acc_vertical:train:125100-175100,JNU,ib,600.0,50000,4096,0.25,log1p,0.9894,0.5153,0.7122,21.11,0.8211,0.9312
f1:JNU:jnu_ib600_2:B:acc_vertical:train:125100-175100,JNU,ib,600.0,50000,4096,0.5,log1p,0.9891,0.5067,0.9873,20.57,0.8258,0.9305
f1:JNU:jnu_ib800_2:B:acc_vertical:train:125100-175100,JNU,ib,800.0,50000,256,0.25,log1p,0.9743,0.4978,0.579,2.47,0.5325,0.8951
f1:JNU:jnu_ib800_2:B:acc_vertical:train:125100-175100,JNU,ib,800.0,50000,256,0.5,log1p,0.9744,0.4944,0.7917,2.43,0.5349,0.8955
f1:JNU:jnu_ib800_2:B:acc_vertical:train:125100-175100,JNU,ib,800.0,50000,512,0.25,log1p,0.9805,0.482,0.6118,4.13,0.6201,0.9091
f1:JNU:jnu_ib800_2:B:acc_vertical:train:125100-175100,JNU,ib,800.0,50000,512,0.5,log1p,0.9804,0.4853,0.8514,4.09,0.6352,0.9087
f1:JNU:jnu_ib800_2:B:acc_vertical:train:125100-175100,JNU,ib,800.0,50000,1024,0.25,log1p,0.9854,0.4741,0.6485,5.98,0.598,0.923
f1:JNU:jnu_ib800_2:B:acc_vertical:train:125100-175100,JNU,ib,800.0,50000,1024,0.5,log1p,0.9852,0.4789,0.9268,5.98,0.6013,0.9228
f1:JNU:jnu_ib800_2:B:acc_vertical:train:125100-175100,JNU,ib,800.0,50000,2048,0.25,log1p,0.9891,0.4897,0.7261,7.74,0.6299,0.9369
f1:JNU:jnu_ib800_2:B:acc_vertical:train:125100-175100,JNU,ib,800.0,50000,2048,0.5,log1p,0.9889,0.4902,0.9823,7.81,0.6223,0.9366
f1:JNU:jnu_ib800_2:B:acc_vertical:train:125100-175100,JNU,ib,800.0,50000,4096,0.25,log1p,0.992,0.5306,0.7132,8.8,0.6499,0.9488
f1:JNU:jnu_ib800_2:B:acc_vertical:train:125100-175100,JNU,ib,800.0,50000,4096,0.5,log1p,0.992,0.544,0.9288,9.48,0.6785,0.9482
f1:JNU:jnu_n1000_3_2:B:acc_vertical:train:425300-475300,JNU,n,1000.0,50000,256,0.25,log1p,0.975,0.6332,0.6418,2.51,0.6275,0.8979
f1:JNU:jnu_n1000_3_2:B:acc_vertical:train:425300-475300,JNU,n,1000.0,50000,256,0.5,log1p,0.9751,0.6301,0.8134,2.44,0.6224,0.8984
f1:JNU:jnu_n1000_3_2:B:acc_vertical:train:425300-475300,JNU,n,1000.0,50000,512,0.25,log1p,0.9813,0.6456,0.658,4.3,0.763,0.912
f1:JNU:jnu_n1000_3_2:B:acc_vertical:train:425300-475300,JNU,n,1000.0,50000,512,0.5,log1p,0.9811,0.6468,0.8327,4.26,0.7794,0.9117
f1:JNU:jnu_n1000_3_2:B:acc_vertical:train:425300-475300,JNU,n,1000.0,50000,1024,0.25,log1p,0.9859,0.6549,0.6712,7.37,0.7646,0.9248
f1:JNU:jnu_n1000_3_2:B:acc_vertical:train:425300-475300,JNU,n,1000.0,50000,1024,0.5,log1p,0.986,0.6551,0.8423,7.57,0.7511,0.9252
f1:JNU:jnu_n1000_3_2:B:acc_vertical:train:425300-475300,JNU,n,1000.0,50000,2048,0.25,log1p,0.9893,0.6669,0.6802,13.07,0.8542,0.9364
f1:JNU:jnu_n1000_3_2:B:acc_vertical:train:425300-475300,JNU,n,1000.0,50000,2048,0.5,log1p,0.9889,0.6736,0.848,13.45,0.8635,0.9369
f1:JNU:jnu_n1000_3_2:B:acc_vertical:train:425300-475300,JNU,n,1000.0,50000,4096,0.25,log1p,0.9917,0.6785,0.6829,21.6,0.8903,0.9462
f1:JNU:jnu_n1000_3_2:B:acc_vertical:train:425300-475300,JNU,n,1000.0,50000,4096,0.5,log1p,0.9917,0.6832,0.8452,21.65,0.8798,0.9464
f1:JNU:jnu_n600_3_2:B:acc_vertical:train:425300-475300,JNU,n,600.0,50000,256,0.25,log1p,0.9585,0.5433,0.5485,5.03,0.4541,0.8332
f1:JNU:jnu_n600_3_2:B:acc_vertical:train:425300-475300,JNU,n,600.0,50000,256,0.5,log1p,0.9585,0.5448,0.7069,5.04,0.4509,0.8333
f1:JNU:jnu_n600_3_2:B:acc_vertical:train:425300-475300,JNU,n,600.0,50000,512,0.25,log1p,0.9671,0.5473,0.5587,8.63,0.5242,0.8494
f1:JNU:jnu_n600_3_2:B:acc_vertical:train:425300-475300,JNU,n,600.0,50000,512,0.5,log1p,0.9669,0.5478,0.7197,8.54,0.5288,0.849
f1:JNU:jnu_n600_3_2:B:acc_vertical:train:425300-475300,JNU,n,600.0,50000,1024,0.25,log1p,0.9748,0.5664,0.583,14.0,0.6813,0.8683
f1:JNU:jnu_n600_3_2:B:acc_vertical:train:425300-475300,JNU,n,600.0,50000,1024,0.5,log1p,0.9747,0.5666,0.7504,14.05,0.673,0.8681
f1:JNU:jnu_n600_3_2:B:acc_vertical:train:425300-475300,JNU,n,600.0,50000,2048,0.25,log1p,0.9804,0.5813,0.5988,23.2,0.7323,0.8871
f1:JNU:jnu_n600_3_2:B:acc_vertical:train:425300-475300,JNU,n,600.0,50000,2048,0.5,log1p,0.9804,0.5847,0.7614,23.36,0.7324,0.8877
f1:JNU:jnu_n600_3_2:B:acc_vertical:train:425300-475300,JNU,n,600.0,50000,4096,0.25,log1p,0.9849,0.6007,0.6095,38.16,0.7553,0.9028
f1:JNU:jnu_n600_3_2:B:acc_vertical:train:425300-475300,JNU,n,600.0,50000,4096,0.5,log1p,0.9847,0.5817,0.7691,37.61,0.7462,0.9027
f1:JNU:jnu_n800_3_2:B:acc_vertical:train:425300-475300,JNU,n,800.0,50000,256,0.25,log1p,0.9702,0.6198,0.6224,3.03,0.579,0.8806
f1:JNU:jnu_n800_3_2:B:acc_vertical:train:425300-475300,JNU,n,800.0,50000,256,0.5,log1p,0.9702,0.6193,0.7926,2.97,0.568,0.8809
f1:JNU:jnu_n800_3_2:B:acc_vertical:train:425300-475300,JNU,n,800.0,50000,512,0.25,log1p,0.9773,0.6267,0.6325,5.31,0.7064,0.8952
f1:JNU:jnu_n800_3_2:B:acc_vertical:train:425300-475300,JNU,n,800.0,50000,512,0.5,log1p,0.9773,0.623,0.8002,5.29,0.7042,0.8952
f1:JNU:jnu_n800_3_2:B:acc_vertical:train:425300-475300,JNU,n,800.0,50000,1024,0.25,log1p,0.9824,0.6381,0.6467,8.76,0.7859,0.909
f1:JNU:jnu_n800_3_2:B:acc_vertical:train:425300-475300,JNU,n,800.0,50000,1024,0.5,log1p,0.9824,0.6356,0.8216,8.58,0.7947,0.9091
f1:JNU:jnu_n800_3_2:B:acc_vertical:train:425300-475300,JNU,n,800.0,50000,2048,0.25,log1p,0.9866,0.6485,0.6611,13.05,0.8428,0.9219
f1:JNU:jnu_n800_3_2:B:acc_vertical:train:425300-475300,JNU,n,800.0,50000,2048,0.5,log1p,0.9864,0.6509,0.83,12.49,0.8321,0.9219
f1:JNU:jnu_n800_3_2:B:acc_vertical:train:425300-475300,JNU,n,800.0,50000,4096,0.25,log1p,0.9898,0.6589,0.6631,22.0,0.8965,0.9338
f1:JNU:jnu_n800_3_2:B:acc_vertical:train:425300-475300,JNU,n,800.0,50000,4096,0.5,log1p,0.9898,0.6595,0.8241,21.65,0.9207,0.9341
f1:JNU:jnu_ob1000_2:B:acc_vertical:train:125100-175100,JNU,ob,1000.0,50000,256,0.25,log1p,0.9659,0.2708,0.5379,2.7,0.3675,0.8623
f1:JNU:jnu_ob1000_2:B:acc_vertical:train:125100-175100,JNU,ob,1000.0,50000,256,0.5,log1p,0.966,0.2724,0.8784,2.64,0.3684,0.863
f1:JNU:jnu_ob1000_2:B:acc_vertical:train:125100-175100,JNU,ob,1000.0,50000,512,0.25,log1p,0.9779,0.2556,0.7254,2.83,0.3392,0.9009
f1:JNU:jnu_ob1000_2:B:acc_vertical:train:125100-175100,JNU,ob,1000.0,50000,512,0.5,log1p,0.9776,0.2559,1.0962,2.74,0.3235,0.9006
f1:JNU:jnu_ob1000_2:B:acc_vertical:train:125100-175100,JNU,ob,1000.0,50000,1024,0.25,log1p,0.9855,0.2969,0.583,1.37,0.1747,0.9298
f1:JNU:jnu_ob1000_2:B:acc_vertical:train:125100-175100,JNU,ob,1000.0,50000,1024,0.5,log1p,0.9857,0.2929,0.7886,1.14,0.1597,0.9312
f1:JNU:jnu_ob1000_2:B:acc_vertical:train:125100-175100,JNU,ob,1000.0,50000,2048,0.25,log1p,0.9887,0.4703,0.5507,0.28,0.1275,0.9386
f1:JNU:jnu_ob1000_2:B:acc_vertical:train:125100-175100,JNU,ob,1000.0,50000,2048,0.5,log1p,0.9888,0.4513,0.6361,0.36,0.114,0.9395
f1:JNU:jnu_ob1000_2:B:acc_vertical:train:125100-175100,JNU,ob,1000.0,50000,4096,0.25,log1p,0.9909,0.5237,0.5059,0.11,0.1241,0.9446
f1:JNU:jnu_ob1000_2:B:acc_vertical:train:125100-175100,JNU,ob,1000.0,50000,4096,0.5,log1p,0.991,0.5138,0.5965,0.13,0.1499,0.9448
f1:JNU:jnu_ob600_2:B:acc_vertical:train:125100-175100,JNU,ob,600.0,50000,256,0.25,log1p,0.9535,0.2518,0.472,4.05,0.3492,0.8096
f1:JNU:jnu_ob600_2:B:acc_vertical:train:125100-175100,JNU,ob,600.0,50000,256,0.5,log1p,0.9537,0.2509,0.756,4.11,0.347,0.8099
f1:JNU:jnu_ob600_2:B:acc_vertical:train:125100-175100,JNU,ob,600.0,50000,512,0.25,log1p,0.9682,0.2423,0.6051,5.75,0.3767,0.8529
f1:JNU:jnu_ob600_2:B:acc_vertical:train:125100-175100,JNU,ob,600.0,50000,512,0.5,log1p,0.9682,0.243,0.9991,5.75,0.3672,0.8526
f1:JNU:jnu_ob600_2:B:acc_vertical:train:125100-175100,JNU,ob,600.0,50000,1024,0.25,log1p,0.9809,0.2536,0.7859,4.23,0.5262,0.9062
f1:JNU:jnu_ob600_2:B:acc_vertical:train:125100-175100,JNU,ob,600.0,50000,1024,0.5,log1p,0.9808,0.2554,1.0806,4.56,0.5262,0.9055
f1:JNU:jnu_ob600_2:B:acc_vertical:train:125100-175100,JNU,ob,600.0,50000,2048,0.25,log1p,0.9858,0.4309,0.5609,1.72,0.9784,0.9248
f1:JNU:jnu_ob600_2:B:acc_vertical:train:125100-175100,JNU,ob,600.0,50000,2048,0.5,log1p,0.9858,0.4243,0.6585,1.77,1.0579,0.9248
f1:JNU:jnu_ob600_2:B:acc_vertical:train:125100-175100,JNU,ob,600.0,50000,4096,0.25,log1p,0.9882,0.5496,0.5232,1.53,1.7884,0.9304
f1:JNU:jnu_ob600_2:B:acc_vertical:train:125100-175100,JNU,ob,600.0,50000,4096,0.5,log1p,0.9881,0.5551,0.6555,1.48,1.9725,0.9304
f1:JNU:jnu_ob800_2:B:acc_vertical:train:125100-175100,JNU,ob,800.0,50000,256,0.25,log1p,0.9635,0.2489,0.5178,2.82,0.3277,0.8538
f1:JNU:jnu_ob800_2:B:acc_vertical:train:125100-175100,JNU,ob,800.0,50000,256,0.5,log1p,0.9635,0.2492,0.8517,2.8,0.3291,0.8536
f1:JNU:jnu_ob800_2:B:acc_vertical:train:125100-175100,JNU,ob,800.0,50000,512,0.25,log1p,0.9755,0.2364,0.7072,3.12,0.3444,0.8917
f1:JNU:jnu_ob800_2:B:acc_vertical:train:125100-175100,JNU,ob,800.0,50000,512,0.5,log1p,0.9756,0.2345,1.1922,3.12,0.3365,0.8922
f1:JNU:jnu_ob800_2:B:acc_vertical:train:125100-175100,JNU,ob,800.0,50000,1024,0.25,log1p,0.984,0.2452,0.596,0.28,0.1318,0.9261
f1:JNU:jnu_ob800_2:B:acc_vertical:train:125100-175100,JNU,ob,800.0,50000,1024,0.5,log1p,0.984,0.2411,0.6358,0.27,0.1332,0.9263
f1:JNU:jnu_ob800_2:B:acc_vertical:train:125100-175100,JNU,ob,800.0,50000,2048,0.25,log1p,0.9864,0.5064,0.4831,0.13,0.1432,0.9297
f1:JNU:jnu_ob800_2:B:acc_vertical:train:125100-175100,JNU,ob,800.0,50000,2048,0.5,log1p,0.9864,0.4896,0.5682,0.11,0.126,0.93
f1:JNU:jnu_ob800_2:B:acc_vertical:train:125100-175100,JNU,ob,800.0,50000,4096,0.25,log1p,0.9885,0.4948,0.475,0.18,0.0652,0.9333
f1:JNU:jnu_ob800_2:B:acc_vertical:train:125100-175100,JNU,ob,800.0,50000,4096,0.5,log1p,0.9885,0.4986,0.575,0.09,0.0415,0.9332
f1:JNU:jnu_tb1000_2:B:acc_vertical:train:125100-175100,JNU,tb,1000.0,50000,256,0.25,log1p,0.9678,0.3277,0.53,2.67,0.4855,0.8676
f1:JNU:jnu_tb1000_2:B:acc_vertical:train:125100-175100,JNU,tb,1000.0,50000,256,0.5,log1p,0.9678,0.3289,0.8139,2.65,0.4891,0.8678
f1:JNU:jnu_tb1000_2:B:acc_vertical:train:125100-175100,JNU,tb,1000.0,50000,512,0.25,log1p,0.9777,0.3101,0.6309,3.53,0.4607,0.8968
f1:JNU:jnu_tb1000_2:B:acc_vertical:train:125100-175100,JNU,tb,1000.0,50000,512,0.5,log1p,0.9778,0.3212,0.8393,3.05,0.4706,0.8988
f1:JNU:jnu_tb1000_2:B:acc_vertical:train:125100-175100,JNU,tb,1000.0,50000,1024,0.25,log1p,0.9847,0.3347,0.6139,3.66,0.3989,0.9211
f1:JNU:jnu_tb1000_2:B:acc_vertical:train:125100-175100,JNU,tb,1000.0,50000,1024,0.5,log1p,0.9846,0.3309,0.9343,3.73,0.3947,0.921
f1:JNU:jnu_tb1000_2:B:acc_vertical:train:125100-175100,JNU,tb,1000.0,50000,2048,0.25,log1p,0.989,0.419,0.6267,2.76,0.5078,0.938
f1:JNU:jnu_tb1000_2:B:acc_vertical:train:125100-175100,JNU,tb,1000.0,50000,2048,0.5,log1p,0.9889,0.4686,0.8595,2.94,0.553,0.9374
f1:JNU:jnu_tb1000_2:B:acc_vertical:train:125100-175100,JNU,tb,1000.0,50000,4096,0.25,log1p,0.9923,0.4991,0.628,3.69,0.7635,0.9514
f1:JNU:jnu_tb1000_2:B:acc_vertical:train:125100-175100,JNU,tb,1000.0,50000,4096,0.5,log1p,0.9922,0.51,0.8202,3.57,0.741,0.9508
f1:JNU:jnu_tb600_2:B:acc_vertical:train:125100-175100,JNU,tb,600.0,50000,256,0.25,log1p,0.9524,0.3518,0.4492,4.56,0.4151,0.8022
f1:JNU:jnu_tb600_2:B:acc_vertical:train:125100-175100,JNU,tb,600.0,50000,256,0.5,log1p,0.9524,0.3569,0.6354,4.47,0.414,0.8021
f1:JNU:jnu_tb600_2:B:acc_vertical:train:125100-175100,JNU,tb,600.0,50000,512,0.25,log1p,0.9648,0.343,0.504,7.57,0.4569,0.8321
f1:JNU:jnu_tb600_2:B:acc_vertical:train:125100-175100,JNU,tb,600.0,50000,512,0.5,log1p,0.9645,0.3448,0.747,7.52,0.4546,0.8308
f1:JNU:jnu_tb600_2:B:acc_vertical:train:125100-175100,JNU,tb,600.0,50000,1024,0.25,log1p,0.9751,0.346,0.561,11.06,0.5907,0.8685
f1:JNU:jnu_tb600_2:B:acc_vertical:train:125100-175100,JNU,tb,600.0,50000,1024,0.5,log1p,0.9751,0.348,0.7732,11.22,0.5974,0.8685
f1:JNU:jnu_tb600_2:B:acc_vertical:train:125100-175100,JNU,tb,600.0,50000,2048,0.25,log1p,0.9823,0.3871,0.5853,16.6,0.7494,0.8962
f1:JNU:jnu_tb600_2:B:acc_vertical:train:125100-175100,JNU,tb,600.0,50000,2048,0.5,log1p,0.9823,0.3937,0.8311,16.66,0.7719,0.8961
f1:JNU:jnu_tb600_2:B:acc_vertical:train:125100-175100,JNU,tb,600.0,50000,4096,0.25,log1p,0.9875,0.4383,0.6534,19.27,0.9717,0.9201
f1:JNU:jnu_tb600_2:B:acc_vertical:train:125100-175100,JNU,tb,600.0,50000,4096,0.5,log1p,0.9873,0.4469,0.9328,20.61,1.0224,0.9195
f1:JNU:jnu_tb800_2:B:acc_vertical:train:125100-175100,JNU,tb,800.0,50000,256,0.25,log1p,0.9561,0.3371,0.4639,3.83,0.4721,0.8177
f1:JNU:jnu_tb800_2:B:acc_vertical:train:125100-175100,JNU,tb,800.0,50000,256,0.5,log1p,0.9558,0.3394,0.6889,3.76,0.4617,0.8177
f1:JNU:jnu_tb800_2:B:acc_vertical:train:125100-175100,JNU,tb,800.0,50000,512,0.25,log1p,0.9687,0.3296,0.5456,6.34,0.5124,0.8513
f1:JNU:jnu_tb800_2:B:acc_vertical:train:125100-175100,JNU,tb,800.0,50000,512,0.5,log1p,0.9687,0.3321,0.8307,6.38,0.5088,0.8516
f1:JNU:jnu_tb800_2:B:acc_vertical:train:125100-175100,JNU,tb,800.0,50000,1024,0.25,log1p,0.9782,0.3314,0.5661,9.29,0.4782,0.8853
f1:JNU:jnu_tb800_2:B:acc_vertical:train:125100-175100,JNU,tb,800.0,50000,1024,0.5,log1p,0.9782,0.3281,0.7777,9.41,0.4918,0.8852
f1:JNU:jnu_tb800_2:B:acc_vertical:train:125100-175100,JNU,tb,800.0,50000,2048,0.25,log1p,0.9845,0.3987,0.6379,13.12,0.5569,0.9106
f1:JNU:jnu_tb800_2:B:acc_vertical:train:125100-175100,JNU,tb,800.0,50000,2048,0.5,log1p,0.9841,0.4023,0.9513,13.72,0.5768,0.909
f1:JNU:jnu_tb800_2:B:acc_vertical:train:125100-175100,JNU,tb,800.0,50000,4096,0.25,log1p,0.9892,0.4407,0.6907,16.02,0.7674,0.9318
f1:JNU:jnu_tb800_2:B:acc_vertical:train:125100-175100,JNU,tb,800.0,50000,4096,0.5,log1p,0.9891,0.4295,0.9462,16.57,0.766,0.9319
f1:MAFAULDA:mafaulda_horizontal-misalignment_0.5mm_12.288:col3_underhang_radial:train:100000-150000,MAFAULDA,horizontal-misalignment,737.28,50000,256,0.25,log1p,0.9062,0.3076,0.2998,5.53,0.5844,0.644
f1:MAFAULDA:mafaulda_horizontal-misalignment_0.5mm_12.288:col3_underhang_radial:train:100000-150000,MAFAULDA,horizontal-misalignment,737.28,50000,256,0.5,log1p,0.906,0.309,0.4008,5.58,0.58,0.6432
f1:MAFAULDA:mafaulda_horizontal-misalignment_0.5mm_12.288:col3_underhang_radial:train:100000-150000,MAFAULDA,horizontal-misalignment,737.28,50000,512,0.25,log1p,0.94,0.3371,0.3611,11.62,0.4827,0.7152
f1:MAFAULDA:mafaulda_horizontal-misalignment_0.5mm_12.288:col3_underhang_radial:train:100000-150000,MAFAULDA,horizontal-misalignment,737.28,50000,512,0.5,log1p,0.94,0.3384,0.4638,11.7,0.4791,0.7151
f1:MAFAULDA:mafaulda_horizontal-misalignment_0.5mm_12.288:col3_underhang_radial:train:100000-150000,MAFAULDA,horizontal-misalignment,737.28,50000,1024,0.25,log1p,0.9595,0.3865,0.4014,22.72,0.5013,0.7764
f1:MAFAULDA:mafaulda_horizontal-misalignment_0.5mm_12.288:col3_underhang_radial:train:100000-150000,MAFAULDA,horizontal-misalignment,737.28,50000,1024,0.5,log1p,0.9594,0.387,0.5164,22.27,0.5106,0.7762
f1:MAFAULDA:mafaulda_horizontal-misalignment_0.5mm_12.288:col3_underhang_radial:train:100000-150000,MAFAULDA,horizontal-misalignment,737.28,50000,2048,0.25,log1p,0.9714,0.4412,0.449,42.54,0.5669,0.8221
f1:MAFAULDA:mafaulda_horizontal-misalignment_0.5mm_12.288:col3_underhang_radial:train:100000-150000,MAFAULDA,horizontal-misalignment,737.28,50000,2048,0.5,log1p,0.9712,0.4419,0.5618,42.45,0.5606,0.8227
f1:MAFAULDA:mafaulda_horizontal-misalignment_0.5mm_12.288:col3_underhang_radial:train:100000-150000,MAFAULDA,horizontal-misalignment,737.28,50000,4096,0.25,log1p,0.9791,0.4831,0.4854,78.87,0.614,0.8564
f1:MAFAULDA:mafaulda_horizontal-misalignment_0.5mm_12.288:col3_underhang_radial:train:100000-150000,MAFAULDA,horizontal-misalignment,737.28,50000,4096,0.5,log1p,0.9791,0.4907,0.6132,80.09,0.6188,0.8562
f1:MAFAULDA:mafaulda_horizontal-misalignment_0.5mm_62.0544:col3_underhang_radial:train:100000-150000,MAFAULDA,horizontal-misalignment,3723.264,50000,256,0.25,log1p,0.9429,0.4139,0.3614,6.18,0.9664,0.7811
f1:MAFAULDA:mafaulda_horizontal-misalignment_0.5mm_62.0544:col3_underhang_radial:train:100000-150000,MAFAULDA,horizontal-misalignment,3723.264,50000,256,0.5,log1p,0.9429,0.415,0.4568,6.19,0.9694,0.781
f1:MAFAULDA:mafaulda_horizontal-misalignment_0.5mm_62.0544:col3_underhang_radial:train:100000-150000,MAFAULDA,horizontal-misalignment,3723.264,50000,512,0.25,log1p,0.9585,0.4128,0.3909,10.72,0.8191,0.8122
f1:MAFAULDA:mafaulda_horizontal-misalignment_0.5mm_62.0544:col3_underhang_radial:train:100000-150000,MAFAULDA,horizontal-misalignment,3723.264,50000,512,0.5,log1p,0.9582,0.4121,0.4912,10.73,0.813,0.8124
f1:MAFAULDA:mafaulda_horizontal-misalignment_0.5mm_62.0544:col3_underhang_radial:train:100000-150000,MAFAULDA,horizontal-misalignment,3723.264,50000,1024,0.25,log1p,0.9696,0.4298,0.4157,17.84,0.8567,0.8413
f1:MAFAULDA:mafaulda_horizontal-misalignment_0.5mm_62.0544:col3_underhang_radial:train:100000-150000,MAFAULDA,horizontal-misalignment,3723.264,50000,1024,0.5,log1p,0.9694,0.4294,0.5132,17.92,0.8504,0.8411
f1:MAFAULDA:mafaulda_horizontal-misalignment_0.5mm_62.0544:col3_underhang_radial:train:100000-150000,MAFAULDA,horizontal-misalignment,3723.264,50000,2048,0.25,log1p,0.9773,0.4556,0.421,30.69,0.8166,0.8667
f1:MAFAULDA:mafaulda_horizontal-misalignment_0.5mm_62.0544:col3_underhang_radial:train:100000-150000,MAFAULDA,horizontal-misalignment,3723.264,50000,2048,0.5,log1p,0.9773,0.4548,0.5218,30.3,0.832,0.8666
f1:MAFAULDA:mafaulda_horizontal-misalignment_0.5mm_62.0544:col3_underhang_radial:train:100000-150000,MAFAULDA,horizontal-misalignment,3723.264,50000,4096,0.25,log1p,0.9822,0.4873,0.4407,51.31,1.0179,0.8844
f1:MAFAULDA:mafaulda_horizontal-misalignment_0.5mm_62.0544:col3_underhang_radial:train:100000-150000,MAFAULDA,horizontal-misalignment,3723.264,50000,4096,0.5,log1p,0.9822,0.4857,0.5427,51.04,1.0279,0.8848
f1:MAFAULDA:mafaulda_horizontal-misalignment_1.5mm_61.44:col3_underhang_radial:train:100000-150000,MAFAULDA,horizontal-misalignment,3686.4,50000,256,0.25,log1p,0.9495,0.4426,0.3792,5.9,1.1483,0.8119
f1:MAFAULDA:mafaulda_horizontal-misalignment_1.5mm_61.44:col3_underhang_radial:train:100000-150000,MAFAULDA,horizontal-misalignment,3686.4,50000,256,0.5,log1p,0.9493,0.4428,0.4808,5.89,1.1461,0.8119
f1:MAFAULDA:mafaulda_horizontal-misalignment_1.5mm_61.44:col3_underhang_radial:train:100000-150000,MAFAULDA,horizontal-misalignment,3686.4,50000,512,0.25,log1p,0.9624,0.4365,0.4049,9.49,1.0533,0.8353
f1:MAFAULDA:mafaulda_horizontal-misalignment_1.5mm_61.44:col3_underhang_radial:train:100000-150000,MAFAULDA,horizontal-misalignment,3686.4,50000,512,0.5,log1p,0.9624,0.4366,0.5053,9.57,1.043,0.8351
f1:MAFAULDA:mafaulda_horizontal-misalignment_1.5mm_61.44:col3_underhang_radial:train:100000-150000,MAFAULDA,horizontal-misalignment,3686.4,50000,1024,0.25,log1p,0.9723,0.4427,0.4246,14.88,1.016,0.8594
f1:MAFAULDA:mafaulda_horizontal-misalignment_1.5mm_61.44:col3_underhang_radial:train:100000-150000,MAFAULDA,horizontal-misalignment,3686.4,50000,1024,0.5,log1p,0.9722,0.4438,0.5198,14.84,1.0119,0.8591
f1:MAFAULDA:mafaulda_horizontal-misalignment_1.5mm_61.44:col3_underhang_radial:train:100000-150000,MAFAULDA,horizontal-misalignment,3686.4,50000,2048,0.25,log1p,0.9788,0.4616,0.4216,24.27,0.9279,0.8793
f1:MAFAULDA:mafaulda_horizontal-misalignment_1.5mm_61.44:col3_underhang_radial:train:100000-150000,MAFAULDA,horizontal-misalignment,3686.4,50000,2048,0.5,log1p,0.9785,0.4605,0.5189,24.17,0.9462,0.8796
f1:MAFAULDA:mafaulda_horizontal-misalignment_1.5mm_61.44:col3_underhang_radial:train:100000-150000,MAFAULDA,horizontal-misalignment,3686.4,50000,4096,0.25,log1p,0.9831,0.4923,0.431,38.87,1.2918,0.893
f1:MAFAULDA:mafaulda_horizontal-misalignment_1.5mm_61.44:col3_underhang_radial:train:100000-150000,MAFAULDA,horizontal-misalignment,3686.4,50000,4096,0.5,log1p,0.983,0.4927,0.5333,38.65,1.2941,0.8929
f1:MAFAULDA:mafaulda_imbalance_15g_13.312:col3_underhang_radial:train:100000-150000,MAFAULDA,imbalance,798.7199999999999,50000,256,0.25,log1p,0.9202,0.3313,0.3346,5.57,0.6433,0.6816
f1:MAFAULDA:mafaulda_imbalance_15g_13.312:col3_underhang_radial:train:100000-150000,MAFAULDA,imbalance,798.7199999999999,50000,256,0.5,log1p,0.92,0.3334,0.4569,5.61,0.6448,0.6807
f1:MAFAULDA:mafaulda_imbalance_15g_13.312:col3_underhang_radial:train:100000-150000,MAFAULDA,imbalance,798.7199999999999,50000,512,0.25,log1p,0.9495,0.36,0.4032,11.55,0.5201,0.7528
f1:MAFAULDA:mafaulda_imbalance_15g_13.312:col3_underhang_radial:train:100000-150000,MAFAULDA,imbalance,798.7199999999999,50000,512,0.5,log1p,0.9486,0.3626,0.5286,11.94,0.5136,0.7515
f1:MAFAULDA:mafaulda_imbalance_15g_13.312:col3_underhang_radial:train:100000-150000,MAFAULDA,imbalance,798.7199999999999,50000,1024,0.25,log1p,0.966,0.4196,0.432,22.45,0.5333,0.8077
f1:MAFAULDA:mafaulda_imbalance_15g_13.312:col3_underhang_radial:train:100000-150000,MAFAULDA,imbalance,798.7199999999999,50000,1024,0.5,log1p,0.9659,0.4224,0.5464,22.23,0.5362,0.8072
f1:MAFAULDA:mafaulda_imbalance_15g_13.312:col3_underhang_radial:train:100000-150000,MAFAULDA,imbalance,798.7199999999999,50000,2048,0.25,log1p,0.9756,0.4706,0.476,41.53,0.6086,0.8466
f1:MAFAULDA:mafaulda_imbalance_15g_13.312:col3_underhang_radial:train:100000-150000,MAFAULDA,imbalance,798.7199999999999,50000,2048,0.5,log1p,0.9753,0.4756,0.5968,41.53,0.6058,0.8462
f1:MAFAULDA:mafaulda_imbalance_15g_13.312:col3_underhang_radial:train:100000-150000,MAFAULDA,imbalance,798.7199999999999,50000,4096,0.25,log1p,0.9818,0.5033,0.505,78.8,0.607,0.8744
f1:MAFAULDA:mafaulda_imbalance_15g_13.312:col3_underhang_radial:train:100000-150000,MAFAULDA,imbalance,798.7199999999999,50000,4096,0.5,log1p,0.9819,0.5016,0.6374,78.3,0.6173,0.8751
f1:MAFAULDA:mafaulda_imbalance_30g_34.816:col3_underhang_radial:train:100000-150000,MAFAULDA,imbalance,2088.96,50000,256,0.25,log1p,0.928,0.34,0.3106,6.0,0.7968,0.7223
f1:MAFAULDA:mafaulda_imbalance_30g_34.816:col3_underhang_radial:train:100000-150000,MAFAULDA,imbalance,2088.96,50000,256,0.5,log1p,0.9276,0.3415,0.4092,5.98,0.8006,0.722
f1:MAFAULDA:mafaulda_imbalance_30g_34.816:col3_underhang_radial:train:100000-150000,MAFAULDA,imbalance,2088.96,50000,512,0.25,log1p,0.9506,0.358,0.3652,11.03,0.7436,0.7697
f1:MAFAULDA:mafaulda_imbalance_30g_34.816:col3_underhang_radial:train:100000-150000,MAFAULDA,imbalance,2088.96,50000,512,0.5,log1p,0.9505,0.356,0.4817,11.05,0.7395,0.7693
f1:MAFAULDA:mafaulda_imbalance_30g_34.816:col3_underhang_radial:train:100000-150000,MAFAULDA,imbalance,2088.96,50000,1024,0.25,log1p,0.9657,0.3841,0.4043,20.44,0.693,0.8129
f1:MAFAULDA:mafaulda_imbalance_30g_34.816:col3_underhang_radial:train:100000-150000,MAFAULDA,imbalance,2088.96,50000,1024,0.5,log1p,0.9658,0.3846,0.5233,20.64,0.6751,0.8134
f1:MAFAULDA:mafaulda_imbalance_30g_34.816:col3_underhang_radial:train:100000-150000,MAFAULDA,imbalance,2088.96,50000,2048,0.25,log1p,0.9754,0.4124,0.4361,38.48,0.6653,0.8489
f1:MAFAULDA:mafaulda_imbalance_30g_34.816:col3_underhang_radial:train:100000-150000,MAFAULDA,imbalance,2088.96,50000,2048,0.5,log1p,0.9754,0.4036,0.5442,38.74,0.6532,0.8489
f1:MAFAULDA:mafaulda_imbalance_30g_34.816:col3_underhang_radial:train:100000-150000,MAFAULDA,imbalance,2088.96,50000,4096,0.25,log1p,0.9824,0.4665,0.4461,80.91,0.687,0.8784
f1:MAFAULDA:mafaulda_imbalance_30g_34.816:col3_underhang_radial:train:100000-150000,MAFAULDA,imbalance,2088.96,50000,4096,0.5,log1p,0.9822,0.4852,0.5419,81.83,0.6881,0.8786
f1:MAFAULDA:mafaulda_imbalance_6g_62.0544:col3_underhang_radial:train:100000-150000,MAFAULDA,imbalance,3723.264,50000,256,0.25,log1p,0.9409,0.37,0.3321,5.72,0.9116,0.7661
f1:MAFAULDA:mafaulda_imbalance_6g_62.0544:col3_underhang_radial:train:100000-150000,MAFAULDA,imbalance,3723.264,50000,256,0.5,log1p,0.9408,0.3701,0.426,5.75,0.9062,0.7662
f1:MAFAULDA:mafaulda_imbalance_6g_62.0544:col3_underhang_radial:train:100000-150000,MAFAULDA,imbalance,3723.264,50000,512,0.25,log1p,0.9582,0.3824,0.374,10.34,0.8297,0.8042
f1:MAFAULDA:mafaulda_imbalance_6g_62.0544:col3_underhang_radial:train:100000-150000,MAFAULDA,imbalance,3723.264,50000,512,0.5,log1p,0.9582,0.3825,0.4787,10.32,0.8283,0.8042
f1:MAFAULDA:mafaulda_imbalance_6g_62.0544:col3_underhang_radial:train:100000-150000,MAFAULDA,imbalance,3723.264,50000,1024,0.25,log1p,0.9701,0.4022,0.402,18.49,0.8344,0.8377
f1:MAFAULDA:mafaulda_imbalance_6g_62.0544:col3_underhang_radial:train:100000-150000,MAFAULDA,imbalance,3723.264,50000,1024,0.5,log1p,0.9701,0.3996,0.4865,18.23,0.8439,0.8383
f1:MAFAULDA:mafaulda_imbalance_6g_62.0544:col3_underhang_radial:train:100000-150000,MAFAULDA,imbalance,3723.264,50000,2048,0.25,log1p,0.9781,0.4373,0.3926,36.24,0.7104,0.8665
f1:MAFAULDA:mafaulda_imbalance_6g_62.0544:col3_underhang_radial:train:100000-150000,MAFAULDA,imbalance,3723.264,50000,2048,0.5,log1p,0.9781,0.4382,0.4849,36.62,0.7085,0.8666
f1:MAFAULDA:mafaulda_imbalance_6g_62.0544:col3_underhang_radial:train:100000-150000,MAFAULDA,imbalance,3723.264,50000,4096,0.25,log1p,0.9832,0.5005,0.428,57.42,1.2594,0.8878
f1:MAFAULDA:mafaulda_imbalance_6g_62.0544:col3_underhang_radial:train:100000-150000,MAFAULDA,imbalance,3723.264,50000,4096,0.5,log1p,0.9831,0.5029,0.5309,57.96,1.2622,0.8879
f1:MAFAULDA:mafaulda_normal_13.1072:col3_underhang_radial:train:100000-150000,MAFAULDA,normal,786.432,50000,256,0.25,log1p,0.9185,0.3302,0.3294,5.67,0.6302,0.6734
f1:MAFAULDA:mafaulda_normal_13.1072:col3_underhang_radial:train:100000-150000,MAFAULDA,normal,786.432,50000,256,0.5,log1p,0.9186,0.3299,0.4435,5.64,0.6464,0.6738
f1:MAFAULDA:mafaulda_normal_13.1072:col3_underhang_radial:train:100000-150000,MAFAULDA,normal,786.432,50000,512,0.25,log1p,0.9478,0.3663,0.3955,11.36,0.5125,0.7454
f1:MAFAULDA:mafaulda_normal_13.1072:col3_underhang_radial:train:100000-150000,MAFAULDA,normal,786.432,50000,512,0.5,log1p,0.9478,0.3664,0.5053,11.44,0.5176,0.7455
f1:MAFAULDA:mafaulda_normal_13.1072:col3_underhang_radial:train:100000-150000,MAFAULDA,normal,786.432,50000,1024,0.25,log1p,0.9648,0.4221,0.4304,22.06,0.529,0.8017
f1:MAFAULDA:mafaulda_normal_13.1072:col3_underhang_radial:train:100000-150000,MAFAULDA,normal,786.432,50000,1024,0.5,log1p,0.9647,0.4257,0.5471,21.82,0.5386,0.8015
f1:MAFAULDA:mafaulda_normal_13.1072:col3_underhang_radial:train:100000-150000,MAFAULDA,normal,786.432,50000,2048,0.25,log1p,0.9746,0.4706,0.4748,41.23,0.5849,0.8407
f1:MAFAULDA:mafaulda_normal_13.1072:col3_underhang_radial:train:100000-150000,MAFAULDA,normal,786.432,50000,2048,0.5,log1p,0.9748,0.4698,0.596,41.72,0.5807,0.8413
f1:MAFAULDA:mafaulda_normal_13.1072:col3_underhang_radial:train:100000-150000,MAFAULDA,normal,786.432,50000,4096,0.25,log1p,0.9811,0.5093,0.506,78.64,0.6256,0.8699
f1:MAFAULDA:mafaulda_normal_13.1072:col3_underhang_radial:train:100000-150000,MAFAULDA,normal,786.432,50000,4096,0.5,log1p,0.9811,0.5076,0.6301,77.91,0.6116,0.8703
f1:MAFAULDA:mafaulda_normal_36.4544:col3_underhang_radial:train:100000-150000,MAFAULDA,normal,2187.264,50000,256,0.25,log1p,0.9348,0.3817,0.3439,6.35,0.7892,0.7405
f1:MAFAULDA:mafaulda_normal_36.4544:col3_underhang_radial:train:100000-150000,MAFAULDA,normal,2187.264,50000,256,0.5,log1p,0.9347,0.3818,0.442,6.3,0.7921,0.7405
f1:MAFAULDA:mafaulda_normal_36.4544:col3_underhang_radial:train:100000-150000,MAFAULDA,normal,2187.264,50000,512,0.25,log1p,0.955,0.3974,0.388,11.5,0.6934,0.7852
f1:MAFAULDA:mafaulda_normal_36.4544:col3_underhang_radial:train:100000-150000,MAFAULDA,normal,2187.264,50000,512,0.5,log1p,0.9549,0.3999,0.4897,11.46,0.6995,0.7847
f1:MAFAULDA:mafaulda_normal_36.4544:col3_underhang_radial:train:100000-150000,MAFAULDA,normal,2187.264,50000,1024,0.25,log1p,0.9684,0.4301,0.4256,21.16,0.6712,0.8248
f1:MAFAULDA:mafaulda_normal_36.4544:col3_underhang_radial:train:100000-150000,MAFAULDA,normal,2187.264,50000,1024,0.5,log1p,0.9684,0.4302,0.5366,21.43,0.6674,0.8249
f1:MAFAULDA:mafaulda_normal_36.4544:col3_underhang_radial:train:100000-150000,MAFAULDA,normal,2187.264,50000,2048,0.25,log1p,0.9767,0.4626,0.4545,40.76,0.6711,0.8563
f1:MAFAULDA:mafaulda_normal_36.4544:col3_underhang_radial:train:100000-150000,MAFAULDA,normal,2187.264,50000,2048,0.5,log1p,0.9766,0.4587,0.5541,40.38,0.6776,0.8561
f1:MAFAULDA:mafaulda_normal_36.4544:col3_underhang_radial:train:100000-150000,MAFAULDA,normal,2187.264,50000,4096,0.25,log1p,0.9822,0.4982,0.4622,78.96,0.7308,0.8795
f1:MAFAULDA:mafaulda_normal_36.4544:col3_underhang_radial:train:100000-150000,MAFAULDA,normal,2187.264,50000,4096,0.5,log1p,0.9821,0.5034,0.5741,78.52,0.7382,0.8797
f1:MAFAULDA:mafaulda_normal_61.44:col3_underhang_radial:train:100000-150000,MAFAULDA,normal,3686.4,50000,256,0.25,log1p,0.9457,0.4128,0.3691,5.67,0.9481,0.7826
f1:MAFAULDA:mafaulda_normal_61.44:col3_underhang_radial:train:100000-150000,MAFAULDA,normal,3686.4,50000,256,0.5,log1p,0.9455,0.4138,0.4694,5.65,0.9562,0.7822
f1:MAFAULDA:mafaulda_normal_61.44:col3_underhang_radial:train:100000-150000,MAFAULDA,normal,3686.4,50000,512,0.25,log1p,0.9612,0.4214,0.4017,9.96,0.8143,0.8168
f1:MAFAULDA:mafaulda_normal_61.44:col3_underhang_radial:train:100000-150000,MAFAULDA,normal,3686.4,50000,512,0.5,log1p,0.9612,0.4216,0.5025,9.99,0.8099,0.8167
f1:MAFAULDA:mafaulda_normal_61.44:col3_underhang_radial:train:100000-150000,MAFAULDA,normal,3686.4,50000,1024,0.25,log1p,0.9724,0.4471,0.4354,18.08,0.8388,0.8489
f1:MAFAULDA:mafaulda_normal_61.44:col3_underhang_radial:train:100000-150000,MAFAULDA,normal,3686.4,50000,1024,0.5,log1p,0.9722,0.4472,0.5373,17.93,0.8351,0.8489
f1:MAFAULDA:mafaulda_normal_61.44:col3_underhang_radial:train:100000-150000,MAFAULDA,normal,3686.4,50000,2048,0.25,log1p,0.9796,0.4773,0.4396,32.45,0.7823,0.8752
f1:MAFAULDA:mafaulda_normal_61.44:col3_underhang_radial:train:100000-150000,MAFAULDA,normal,3686.4,50000,2048,0.5,log1p,0.9796,0.4761,0.5378,32.62,0.7684,0.8754
f1:MAFAULDA:mafaulda_normal_61.44:col3_underhang_radial:train:100000-150000,MAFAULDA,normal,3686.4,50000,4096,0.25,log1p,0.9838,0.5139,0.4483,59.16,0.8211,0.8907
f1:MAFAULDA:mafaulda_normal_61.44:col3_underhang_radial:train:100000-150000,MAFAULDA,normal,3686.4,50000,4096,0.5,log1p,0.9838,0.512,0.5505,59.04,0.8204,0.8908
f1:MAFAULDA:mafaulda_overhang_ball_fault_35g_12.288:col3_underhang_radial:train:100000-150000,MAFAULDA,overhang/ball_fault,737.28,50000,256,0.25,log1p,0.9004,0.2208,0.3523,6.22,0.6699,0.6841
f1:MAFAULDA:mafaulda_overhang_ball_fault_35g_12.288:col3_underhang_radial:train:100000-150000,MAFAULDA,overhang/ball_fault,737.28,50000,256,0.5,log1p,0.9003,0.2198,0.5446,6.21,0.6711,0.684
f1:MAFAULDA:mafaulda_overhang_ball_fault_35g_12.288:col3_underhang_radial:train:100000-150000,MAFAULDA,overhang/ball_fault,737.28,50000,512,0.25,log1p,0.9355,0.2179,0.3573,10.82,0.667,0.7522
f1:MAFAULDA:mafaulda_overhang_ball_fault_35g_12.288:col3_underhang_radial:train:100000-150000,MAFAULDA,overhang/ball_fault,737.28,50000,512,0.5,log1p,0.9354,0.2184,0.4266,10.75,0.6782,0.7521
f1:MAFAULDA:mafaulda_overhang_ball_fault_35g_12.288:col3_underhang_radial:train:100000-150000,MAFAULDA,overhang/ball_fault,737.28,50000,1024,0.25,log1p,0.9525,0.2777,0.2623,23.7,0.5197,0.7872
f1:MAFAULDA:mafaulda_overhang_ball_fault_35g_12.288:col3_underhang_radial:train:100000-150000,MAFAULDA,overhang/ball_fault,737.28,50000,1024,0.5,log1p,0.9524,0.2808,0.3236,24.0,0.5082,0.7868
f1:MAFAULDA:mafaulda_overhang_ball_fault_35g_12.288:col3_underhang_radial:train:100000-150000,MAFAULDA,overhang/ball_fault,737.28,50000,2048,0.25,log1p,0.9632,0.3116,0.3053,39.61,0.834,0.8097
f1:MAFAULDA:mafaulda_overhang_ball_fault_35g_12.288:col3_underhang_radial:train:100000-150000,MAFAULDA,overhang/ball_fault,737.28,50000,2048,0.5,log1p,0.9633,0.3107,0.3816,38.19,0.8596,0.8106
f1:MAFAULDA:mafaulda_overhang_ball_fault_35g_12.288:col3_underhang_radial:train:100000-150000,MAFAULDA,overhang/ball_fault,737.28,50000,4096,0.25,log1p,0.9719,0.3136,0.3175,68.09,0.7359,0.8344
f1:MAFAULDA:mafaulda_overhang_ball_fault_35g_12.288:col3_underhang_radial:train:100000-150000,MAFAULDA,overhang/ball_fault,737.28,50000,4096,0.5,log1p,0.9716,0.3234,0.403,71.17,0.7234,0.8333
f1:MAFAULDA:mafaulda_overhang_ball_fault_6g_24.7808:col3_underhang_radial:train:100000-150000,MAFAULDA,overhang/ball_fault,1486.848,50000,256,0.25,log1p,0.93,0.2534,0.3567,5.29,0.7333,0.7591
f1:MAFAULDA:mafaulda_overhang_ball_fault_6g_24.7808:col3_underhang_radial:train:100000-150000,MAFAULDA,overhang/ball_fault,1486.848,50000,256,0.5,log1p,0.9298,0.2539,0.5281,5.37,0.7367,0.7588
f1:MAFAULDA:mafaulda_overhang_ball_fault_6g_24.7808:col3_underhang_radial:train:100000-150000,MAFAULDA,overhang/ball_fault,1486.848,50000,512,0.25,log1p,0.9531,0.2499,0.3553,8.88,0.6145,0.8067
f1:MAFAULDA:mafaulda_overhang_ball_fault_6g_24.7808:col3_underhang_radial:train:100000-150000,MAFAULDA,overhang/ball_fault,1486.848,50000,512,0.5,log1p,0.953,0.2499,0.4392,8.92,0.617,0.8065
f1:MAFAULDA:mafaulda_overhang_ball_fault_6g_24.7808:col3_underhang_radial:train:100000-150000,MAFAULDA,overhang/ball_fault,1486.848,50000,1024,0.25,log1p,0.9663,0.2933,0.304,17.54,0.6287,0.8369
f1:MAFAULDA:mafaulda_overhang_ball_fault_6g_24.7808:col3_underhang_radial:train:100000-150000,MAFAULDA,overhang/ball_fault,1486.848,50000,1024,0.5,log1p,0.9663,0.2947,0.3786,17.47,0.6386,0.8368
f1:MAFAULDA:mafaulda_overhang_ball_fault_6g_24.7808:col3_underhang_radial:train:100000-150000,MAFAULDA,overhang/ball_fault,1486.848,50000,2048,0.25,log1p,0.9745,0.3256,0.3243,31.19,0.8325,0.8584
f1:MAFAULDA:mafaulda_overhang_ball_fault_6g_24.7808:col3_underhang_radial:train:100000-150000,MAFAULDA,overhang/ball_fault,1486.848,50000,2048,0.5,log1p,0.9744,0.3269,0.3985,30.64,0.8706,0.8579
f1:MAFAULDA:mafaulda_overhang_ball_fault_6g_24.7808:col3_underhang_radial:train:100000-150000,MAFAULDA,overhang/ball_fault,1486.848,50000,4096,0.25,log1p,0.9804,0.3308,0.3121,55.6,0.8416,0.8773
f1:MAFAULDA:mafaulda_overhang_ball_fault_6g_24.7808:col3_underhang_radial:train:100000-150000,MAFAULDA,overhang/ball_fault,1486.848,50000,4096,0.5,log1p,0.9801,0.3298,0.3737,55.87,0.8296,0.878
f1:MAFAULDA:mafaulda_overhang_ball_fault_6g_55.296:col3_underhang_radial:train:100000-150000,MAFAULDA,overhang/ball_fault,3317.76,50000,256,0.25,log1p,0.9777,0.3489,0.4038,3.01,0.6361,0.9066
f1:MAFAULDA:mafaulda_overhang_ball_fault_6g_55.296:col3_underhang_radial:train:100000-150000,MAFAULDA,overhang/ball_fault,3317.76,50000,256,0.5,log1p,0.9772,0.349,0.5314,2.98,0.6424,0.9064
f1:MAFAULDA:mafaulda_overhang_ball_fault_6g_55.296:col3_underhang_radial:train:100000-150000,MAFAULDA,overhang/ball_fault,3317.76,50000,512,0.25,log1p,0.9842,0.353,0.4162,5.35,0.6439,0.9227
f1:MAFAULDA:mafaulda_overhang_ball_fault_6g_55.296:col3_underhang_radial:train:100000-150000,MAFAULDA,overhang/ball_fault,3317.76,50000,512,0.5,log1p,0.9843,0.3538,0.5507,5.52,0.6431,0.9229
f1:MAFAULDA:mafaulda_overhang_ball_fault_6g_55.296:col3_underhang_radial:train:100000-150000,MAFAULDA,overhang/ball_fault,3317.76,50000,1024,0.25,log1p,0.9884,0.3618,0.4283,9.74,0.75,0.9361
f1:MAFAULDA:mafaulda_overhang_ball_fault_6g_55.296:col3_underhang_radial:train:100000-150000,MAFAULDA,overhang/ball_fault,3317.76,50000,1024,0.5,log1p,0.9881,0.3621,0.5377,9.9,0.7333,0.9361
f1:MAFAULDA:mafaulda_overhang_ball_fault_6g_55.296:col3_underhang_radial:train:100000-150000,MAFAULDA,overhang/ball_fault,3317.76,50000,2048,0.25,log1p,0.9912,0.3786,0.3794,17.38,0.7711,0.9463
f1:MAFAULDA:mafaulda_overhang_ball_fault_6g_55.296:col3_underhang_radial:train:100000-150000,MAFAULDA,overhang/ball_fault,3317.76,50000,2048,0.5,log1p,0.9907,0.3766,0.4622,17.62,0.789,0.9464
f1:MAFAULDA:mafaulda_overhang_ball_fault_6g_55.296:col3_underhang_radial:train:100000-150000,MAFAULDA,overhang/ball_fault,3317.76,50000,4096,0.25,log1p,0.993,0.4239,0.3984,32.33,1.4582,0.9535
f1:MAFAULDA:mafaulda_overhang_ball_fault_6g_55.296:col3_underhang_radial:train:100000-150000,MAFAULDA,overhang/ball_fault,3317.76,50000,4096,0.5,log1p,0.993,0.4274,0.4901,32.57,1.4594,0.9534
f1:MAFAULDA:mafaulda_overhang_cage_fault_20g_13.7216:col3_underhang_radial:train:100000-150000,MAFAULDA,overhang/cage_fault,823.296,50000,256,0.25,log1p,0.9005,0.316,0.3068,6.75,0.5012,0.6403
f1:MAFAULDA:mafaulda_overhang_cage_fault_20g_13.7216:col3_underhang_radial:train:100000-150000,MAFAULDA,overhang/cage_fault,823.296,50000,256,0.5,log1p,0.9001,0.3162,0.4103,6.79,0.5027,0.64
f1:MAFAULDA:mafaulda_overhang_cage_fault_20g_13.7216:col3_underhang_radial:train:100000-150000,MAFAULDA,overhang/cage_fault,823.296,50000,512,0.25,log1p,0.9327,0.3361,0.355,13.66,0.4505,0.699
f1:MAFAULDA:mafaulda_overhang_cage_fault_20g_13.7216:col3_underhang_radial:train:100000-150000,MAFAULDA,overhang/cage_fault,823.296,50000,512,0.5,log1p,0.9327,0.3351,0.4564,13.68,0.452,0.699
f1:MAFAULDA:mafaulda_overhang_cage_fault_20g_13.7216:col3_underhang_radial:train:100000-150000,MAFAULDA,overhang/cage_fault,823.296,50000,1024,0.25,log1p,0.9524,0.3755,0.3915,25.86,0.4802,0.7512
f1:MAFAULDA:mafaulda_overhang_cage_fault_20g_13.7216:col3_underhang_radial:train:100000-150000,MAFAULDA,overhang/cage_fault,823.296,50000,1024,0.5,log1p,0.9525,0.3788,0.5034,26.32,0.4765,0.7512
f1:MAFAULDA:mafaulda_overhang_cage_fault_20g_13.7216:col3_underhang_radial:train:100000-150000,MAFAULDA,overhang/cage_fault,823.296,50000,2048,0.25,log1p,0.9653,0.4109,0.4275,49.19,0.4977,0.7936
f1:MAFAULDA:mafaulda_overhang_cage_fault_20g_13.7216:col3_underhang_radial:train:100000-150000,MAFAULDA,overhang/cage_fault,823.296,50000,2048,0.5,log1p,0.9653,0.4166,0.5451,49.49,0.4962,0.793
f1:MAFAULDA:mafaulda_overhang_cage_fault_20g_13.7216:col3_underhang_radial:train:100000-150000,MAFAULDA,overhang/cage_fault,823.296,50000,4096,0.25,log1p,0.9738,0.4423,0.4548,93.27,0.5599,0.8272
f1:MAFAULDA:mafaulda_overhang_cage_fault_20g_13.7216:col3_underhang_radial:train:100000-150000,MAFAULDA,overhang/cage_fault,823.296,50000,4096,0.5,log1p,0.9737,0.4425,0.571,93.35,0.5637,0.8277
f1:MAFAULDA:mafaulda_overhang_cage_fault_20g_58.368:col3_underhang_radial:train:100000-150000,MAFAULDA,overhang/cage_fault,3502.08,50000,256,0.25,log1p,0.9264,0.2862,0.2798,6.95,0.7578,0.7329
f1:MAFAULDA:mafaulda_overhang_cage_fault_20g_58.368:col3_underhang_radial:train:100000-150000,MAFAULDA,overhang/cage_fault,3502.08,50000,256,0.5,log1p,0.9264,0.2862,0.3743,6.98,0.7565,0.7329
f1:MAFAULDA:mafaulda_overhang_cage_fault_20g_58.368:col3_underhang_radial:train:100000-150000,MAFAULDA,overhang/cage_fault,3502.08,50000,512,0.25,log1p,0.9467,0.2935,0.3116,11.86,0.8259,0.7692
f1:MAFAULDA:mafaulda_overhang_cage_fault_20g_58.368:col3_underhang_radial:train:100000-150000,MAFAULDA,overhang/cage_fault,3502.08,50000,512,0.5,log1p,0.9466,0.2958,0.4008,11.96,0.8337,0.7689
f1:MAFAULDA:mafaulda_overhang_cage_fault_20g_58.368:col3_underhang_radial:train:100000-150000,MAFAULDA,overhang/cage_fault,3502.08,50000,1024,0.25,log1p,0.9606,0.3033,0.3158,22.77,0.6598,0.8021
f1:MAFAULDA:mafaulda_overhang_cage_fault_20g_58.368:col3_underhang_radial:train:100000-150000,MAFAULDA,overhang/cage_fault,3502.08,50000,1024,0.5,log1p,0.9606,0.3029,0.3867,22.72,0.6567,0.8021
f1:MAFAULDA:mafaulda_overhang_cage_fault_20g_58.368:col3_underhang_radial:train:100000-150000,MAFAULDA,overhang/cage_fault,3502.08,50000,2048,0.25,log1p,0.9708,0.3246,0.3078,43.09,0.5551,0.8313
f1:MAFAULDA:mafaulda_overhang_cage_fault_20g_58.368:col3_underhang_radial:train:100000-150000,MAFAULDA,overhang/cage_fault,3502.08,50000,2048,0.5,log1p,0.9708,0.3266,0.3771,42.62,0.5653,0.8312
f1:MAFAULDA:mafaulda_overhang_cage_fault_20g_58.368:col3_underhang_radial:train:100000-150000,MAFAULDA,overhang/cage_fault,3502.08,50000,4096,0.25,log1p,0.978,0.3641,0.3303,67.62,1.0925,0.8575
f1:MAFAULDA:mafaulda_overhang_cage_fault_20g_58.368:col3_underhang_radial:train:100000-150000,MAFAULDA,overhang/cage_fault,3502.08,50000,4096,0.5,log1p,0.9779,0.3663,0.3982,68.0,1.0812,0.857
f1:MAFAULDA:mafaulda_overhang_cage_fault_35g_54.0672:col3_underhang_radial:train:100000-150000,MAFAULDA,overhang/cage_fault,3244.032,50000,256,0.25,log1p,0.9358,0.3207,0.3058,6.75,0.7922,0.7572
f1:MAFAULDA:mafaulda_overhang_cage_fault_35g_54.0672:col3_underhang_radial:train:100000-150000,MAFAULDA,overhang/cage_fault,3244.032,50000,256,0.5,log1p,0.9358,0.3207,0.4025,6.8,0.7747,0.7574
f1:MAFAULDA:mafaulda_overhang_cage_fault_35g_54.0672:col3_underhang_radial:train:100000-150000,MAFAULDA,overhang/cage_fault,3244.032,50000,512,0.25,log1p,0.9533,0.3256,0.3348,12.04,0.7669,0.7922
f1:MAFAULDA:mafaulda_overhang_cage_fault_35g_54.0672:col3_underhang_radial:train:100000-150000,MAFAULDA,overhang/cage_fault,3244.032,50000,512,0.5,log1p,0.9532,0.3266,0.4263,12.08,0.768,0.7919
f1:MAFAULDA:mafaulda_overhang_cage_fault_35g_54.0672:col3_underhang_radial:train:100000-150000,MAFAULDA,overhang/cage_fault,3244.032,50000,1024,0.25,log1p,0.9658,0.3403,0.3456,22.96,0.7405,0.8244
f1:MAFAULDA:mafaulda_overhang_cage_fault_35g_54.0672:col3_underhang_radial:train:100000-150000,MAFAULDA,overhang/cage_fault,3244.032,50000,1024,0.5,log1p,0.9658,0.3405,0.4324,22.95,0.7298,0.8245
f1:MAFAULDA:mafaulda_overhang_cage_fault_35g_54.0672:col3_underhang_radial:train:100000-150000,MAFAULDA,overhang/cage_fault,3244.032,50000,2048,0.25,log1p,0.9753,0.3627,0.3467,40.44,0.7415,0.8538
f1:MAFAULDA:mafaulda_overhang_cage_fault_35g_54.0672:col3_underhang_radial:train:100000-150000,MAFAULDA,overhang/cage_fault,3244.032,50000,2048,0.5,log1p,0.9752,0.3609,0.4276,40.53,0.7294,0.8539
f1:MAFAULDA:mafaulda_overhang_cage_fault_35g_54.0672:col3_underhang_radial:train:100000-150000,MAFAULDA,overhang/cage_fault,3244.032,50000,4096,0.25,log1p,0.9818,0.4049,0.3751,67.91,1.1218,0.8788
f1:MAFAULDA:mafaulda_overhang_cage_fault_35g_54.0672:col3_underhang_radial:train:100000-150000,MAFAULDA,overhang/cage_fault,3244.032,50000,4096,0.5,log1p,0.9817,0.404,0.4565,67.52,1.1332,0.8786
f1:MAFAULDA:mafaulda_overhang_outer_race_35g_13.7216:col3_underhang_radial:train:100000-150000,MAFAULDA,overhang/outer_race,823.296,50000,256,0.25,log1p,0.9082,0.3278,0.3223,6.57,0.539,0.6669
f1:MAFAULDA:mafaulda_overhang_outer_race_35g_13.7216:col3_underhang_radial:train:100000-150000,MAFAULDA,overhang/outer_race,823.296,50000,256,0.5,log1p,0.9079,0.3278,0.4293,6.61,0.5361,0.6665
f1:MAFAULDA:mafaulda_overhang_outer_race_35g_13.7216:col3_underhang_radial:train:100000-150000,MAFAULDA,overhang/outer_race,823.296,50000,512,0.25,log1p,0.9362,0.3446,0.3606,13.46,0.4664,0.717
f1:MAFAULDA:mafaulda_overhang_outer_race_35g_13.7216:col3_underhang_radial:train:100000-150000,MAFAULDA,overhang/outer_race,823.296,50000,512,0.5,log1p,0.9357,0.3479,0.4652,13.42,0.4697,0.7172
f1:MAFAULDA:mafaulda_overhang_outer_race_35g_13.7216:col3_underhang_radial:train:100000-150000,MAFAULDA,overhang/outer_race,823.296,50000,1024,0.25,log1p,0.9546,0.3771,0.397,25.68,0.5148,0.7634
f1:MAFAULDA:mafaulda_overhang_outer_race_35g_13.7216:col3_underhang_radial:train:100000-150000,MAFAULDA,overhang/outer_race,823.296,50000,1024,0.5,log1p,0.9543,0.3782,0.511,25.65,0.5244,0.7631
f1:MAFAULDA:mafaulda_overhang_outer_race_35g_13.7216:col3_underhang_radial:train:100000-150000,MAFAULDA,overhang/outer_race,823.296,50000,2048,0.25,log1p,0.9667,0.4116,0.4297,49.84,0.5253,0.8027
f1:MAFAULDA:mafaulda_overhang_outer_race_35g_13.7216:col3_underhang_radial:train:100000-150000,MAFAULDA,overhang/outer_race,823.296,50000,2048,0.5,log1p,0.9668,0.4106,0.5507,50.23,0.522,0.8028
f1:MAFAULDA:mafaulda_overhang_outer_race_35g_13.7216:col3_underhang_radial:train:100000-150000,MAFAULDA,overhang/outer_race,823.296,50000,4096,0.25,log1p,0.9749,0.4379,0.4541,94.02,0.5539,0.8345
f1:MAFAULDA:mafaulda_overhang_outer_race_35g_13.7216:col3_underhang_radial:train:100000-150000,MAFAULDA,overhang/outer_race,823.296,50000,4096,0.5,log1p,0.9749,0.4429,0.5726,95.39,0.5506,0.8341
f1:MAFAULDA:mafaulda_overhang_outer_race_6g_17.6128:col3_underhang_radial:train:100000-150000,MAFAULDA,overhang/outer_race,1056.768,50000,256,0.25,log1p,0.9083,0.3401,0.3083,6.99,0.5897,0.6719
f1:MAFAULDA:mafaulda_overhang_outer_race_6g_17.6128:col3_underhang_radial:train:100000-150000,MAFAULDA,overhang/outer_race,1056.768,50000,256,0.5,log1p,0.9085,0.3409,0.4023,6.95,0.5946,0.6726
f1:MAFAULDA:mafaulda_overhang_outer_race_6g_17.6128:col3_underhang_radial:train:100000-150000,MAFAULDA,overhang/outer_race,1056.768,50000,512,0.25,log1p,0.9346,0.3497,0.3445,13.66,0.536,0.7144
f1:MAFAULDA:mafaulda_overhang_outer_race_6g_17.6128:col3_underhang_radial:train:100000-150000,MAFAULDA,overhang/outer_race,1056.768,50000,512,0.5,log1p,0.9342,0.3509,0.4479,13.77,0.5395,0.7147
f1:MAFAULDA:mafaulda_overhang_outer_race_6g_17.6128:col3_underhang_radial:train:100000-150000,MAFAULDA,overhang/outer_race,1056.768,50000,1024,0.25,log1p,0.9522,0.3715,0.3754,25.98,0.5307,0.7569
f1:MAFAULDA:mafaulda_overhang_outer_race_6g_17.6128:col3_underhang_radial:train:100000-150000,MAFAULDA,overhang/outer_race,1056.768,50000,1024,0.5,log1p,0.952,0.3708,0.4775,26.0,0.534,0.7564
f1:MAFAULDA:mafaulda_overhang_outer_race_6g_17.6128:col3_underhang_radial:train:100000-150000,MAFAULDA,overhang/outer_race,1056.768,50000,2048,0.25,log1p,0.9646,0.3959,0.4054,48.22,0.5652,0.7933
f1:MAFAULDA:mafaulda_overhang_outer_race_6g_17.6128:col3_underhang_radial:train:100000-150000,MAFAULDA,overhang/outer_race,1056.768,50000,2048,0.5,log1p,0.9645,0.3975,0.5129,48.6,0.565,0.793
f1:MAFAULDA:mafaulda_overhang_outer_race_6g_17.6128:col3_underhang_radial:train:100000-150000,MAFAULDA,overhang/outer_race,1056.768,50000,4096,0.25,log1p,0.9731,0.4223,0.4233,91.96,0.5703,0.8252
f1:MAFAULDA:mafaulda_overhang_outer_race_6g_17.6128:col3_underhang_radial:train:100000-150000,MAFAULDA,overhang/outer_race,1056.768,50000,4096,0.5,log1p,0.9729,0.4219,0.5196,91.0,0.5748,0.8253
f1:MAFAULDA:mafaulda_overhang_outer_race_6g_61.8496:col3_underhang_radial:train:100000-150000,MAFAULDA,overhang/outer_race,3710.976,50000,256,0.25,log1p,0.9386,0.3432,0.3263,7.09,0.8083,0.7697
f1:MAFAULDA:mafaulda_overhang_outer_race_6g_61.8496:col3_underhang_radial:train:100000-150000,MAFAULDA,overhang/outer_race,3710.976,50000,256,0.5,log1p,0.9385,0.3433,0.4224,7.16,0.8126,0.7698
f1:MAFAULDA:mafaulda_overhang_outer_race_6g_61.8496:col3_underhang_radial:train:100000-150000,MAFAULDA,overhang/outer_race,3710.976,50000,512,0.25,log1p,0.9543,0.3461,0.3482,12.7,0.7523,0.798
f1:MAFAULDA:mafaulda_overhang_outer_race_6g_61.8496:col3_underhang_radial:train:100000-150000,MAFAULDA,overhang/outer_race,3710.976,50000,512,0.5,log1p,0.9541,0.3465,0.4448,12.6,0.7491,0.7978
f1:MAFAULDA:mafaulda_overhang_outer_race_6g_61.8496:col3_underhang_radial:train:100000-150000,MAFAULDA,overhang/outer_race,3710.976,50000,1024,0.25,log1p,0.9665,0.3598,0.363,23.91,0.7317,0.8274
f1:MAFAULDA:mafaulda_overhang_outer_race_6g_61.8496:col3_underhang_radial:train:100000-150000,MAFAULDA,overhang/outer_race,3710.976,50000,1024,0.5,log1p,0.9666,0.3598,0.4437,23.85,0.7351,0.8278
f1:MAFAULDA:mafaulda_overhang_outer_race_6g_61.8496:col3_underhang_radial:train:100000-150000,MAFAULDA,overhang/outer_race,3710.976,50000,2048,0.25,log1p,0.9749,0.383,0.3591,42.21,0.6967,0.8541
f1:MAFAULDA:mafaulda_overhang_outer_race_6g_61.8496:col3_underhang_radial:train:100000-150000,MAFAULDA,overhang/outer_race,3710.976,50000,2048,0.5,log1p,0.9749,0.383,0.4456,42.04,0.7086,0.8544
f1:MAFAULDA:mafaulda_overhang_outer_race_6g_61.8496:col3_underhang_radial:train:100000-150000,MAFAULDA,overhang/outer_race,3710.976,50000,4096,0.25,log1p,0.9806,0.4107,0.3793,70.58,0.8967,0.874
f1:MAFAULDA:mafaulda_overhang_outer_race_6g_61.8496:col3_underhang_radial:train:100000-150000,MAFAULDA,overhang/outer_race,3710.976,50000,4096,0.5,log1p,0.9804,0.4084,0.4684,70.17,0.9058,0.874
f1:MAFAULDA:mafaulda_underhang_ball_fault_0g_13.1072:col3_underhang_radial:train:100000-150000,MAFAULDA,underhang/ball_fault,786.432,50000,256,0.25,log1p,0.9026,0.2937,0.2809,6.04,0.7505,0.6465
f1:MAFAULDA:mafaulda_underhang_ball_fault_0g_13.1072:col3_underhang_radial:train:100000-150000,MAFAULDA,underhang/ball_fault,786.432,50000,256,0.5,log1p,0.902,0.2939,0.3757,5.98,0.7583,0.646
f1:MAFAULDA:mafaulda_underhang_ball_fault_0g_13.1072:col3_underhang_radial:train:100000-150000,MAFAULDA,underhang/ball_fault,786.432,50000,512,0.25,log1p,0.937,0.3132,0.3333,11.81,0.5987,0.7102
f1:MAFAULDA:mafaulda_underhang_ball_fault_0g_13.1072:col3_underhang_radial:train:100000-150000,MAFAULDA,underhang/ball_fault,786.432,50000,512,0.5,log1p,0.9368,0.3117,0.4184,11.82,0.5992,0.7098
f1:MAFAULDA:mafaulda_underhang_ball_fault_0g_13.1072:col3_underhang_radial:train:100000-150000,MAFAULDA,underhang/ball_fault,786.432,50000,1024,0.25,log1p,0.9572,0.3553,0.3584,23.58,0.562,0.7658
f1:MAFAULDA:mafaulda_underhang_ball_fault_0g_13.1072:col3_underhang_radial:train:100000-150000,MAFAULDA,underhang/ball_fault,786.432,50000,1024,0.5,log1p,0.9568,0.3584,0.4571,23.57,0.5694,0.7647
f1:MAFAULDA:mafaulda_underhang_ball_fault_0g_13.1072:col3_underhang_radial:train:100000-150000,MAFAULDA,underhang/ball_fault,786.432,50000,2048,0.25,log1p,0.9691,0.3963,0.3965,44.95,0.6343,0.8088
f1:MAFAULDA:mafaulda_underhang_ball_fault_0g_13.1072:col3_underhang_radial:train:100000-150000,MAFAULDA,underhang/ball_fault,786.432,50000,2048,0.5,log1p,0.9691,0.3951,0.5052,44.13,0.6412,0.8092
f1:MAFAULDA:mafaulda_underhang_ball_fault_0g_13.1072:col3_underhang_radial:train:100000-150000,MAFAULDA,underhang/ball_fault,786.432,50000,4096,0.25,log1p,0.9773,0.4271,0.4269,84.16,0.6455,0.8426
f1:MAFAULDA:mafaulda_underhang_ball_fault_0g_13.1072:col3_underhang_radial:train:100000-150000,MAFAULDA,underhang/ball_fault,786.432,50000,4096,0.5,log1p,0.9774,0.4273,0.5302,85.78,0.6417,0.8431
f1:MAFAULDA:mafaulda_underhang_ball_fault_0g_56.5248:col3_underhang_radial:train:100000-150000,MAFAULDA,underhang/ball_fault,3391.488,50000,256,0.25,log1p,0.9307,0.2962,0.253,8.46,0.996,0.7549
f1:MAFAULDA:mafaulda_underhang_ball_fault_0g_56.5248:col3_underhang_radial:train:100000-150000,MAFAULDA,underhang/ball_fault,3391.488,50000,256,0.5,log1p,0.9306,0.2958,0.3185,8.57,0.9784,0.7548
f1:MAFAULDA:mafaulda_underhang_ball_fault_0g_56.5248:col3_underhang_radial:train:100000-150000,MAFAULDA,underhang/ball_fault,3391.488,50000,512,0.25,log1p,0.9488,0.2967,0.2752,13.79,0.8764,0.7828
f1:MAFAULDA:mafaulda_underhang_ball_fault_0g_56.5248:col3_underhang_radial:train:100000-150000,MAFAULDA,underhang/ball_fault,3391.488,50000,512,0.5,log1p,0.9484,0.2976,0.3471,13.86,0.8829,0.7825
f1:MAFAULDA:mafaulda_underhang_ball_fault_0g_56.5248:col3_underhang_radial:train:100000-150000,MAFAULDA,underhang/ball_fault,3391.488,50000,1024,0.25,log1p,0.9613,0.3003,0.2895,25.89,0.7378,0.8095
f1:MAFAULDA:mafaulda_underhang_ball_fault_0g_56.5248:col3_underhang_radial:train:100000-150000,MAFAULDA,underhang/ball_fault,3391.488,50000,1024,0.5,log1p,0.9614,0.2974,0.3542,25.93,0.7405,0.8099
f1:MAFAULDA:mafaulda_underhang_ball_fault_0g_56.5248:col3_underhang_radial:train:100000-150000,MAFAULDA,underhang/ball_fault,3391.488,50000,2048,0.25,log1p,0.9711,0.3127,0.2848,46.76,0.7333,0.8351
f1:MAFAULDA:mafaulda_underhang_ball_fault_0g_56.5248:col3_underhang_radial:train:100000-150000,MAFAULDA,underhang/ball_fault,3391.488,50000,2048,0.5,log1p,0.9711,0.313,0.3464,46.87,0.729,0.8352
f1:MAFAULDA:mafaulda_underhang_ball_fault_0g_56.5248:col3_underhang_radial:train:100000-150000,MAFAULDA,underhang/ball_fault,3391.488,50000,4096,0.25,log1p,0.9777,0.3524,0.3049,77.18,1.1747,0.8576
f1:MAFAULDA:mafaulda_underhang_ball_fault_0g_56.5248:col3_underhang_radial:train:100000-150000,MAFAULDA,underhang/ball_fault,3391.488,50000,4096,0.5,log1p,0.9776,0.3534,0.3758,77.78,1.1617,0.8573
f1:MAFAULDA:mafaulda_underhang_ball_fault_35g_50.7904:col3_underhang_radial:train:100000-150000,MAFAULDA,underhang/ball_fault,3047.424,50000,256,0.25,log1p,0.9383,0.28,0.2585,5.99,1.0026,0.7793
f1:MAFAULDA:mafaulda_underhang_ball_fault_35g_50.7904:col3_underhang_radial:train:100000-150000,MAFAULDA,underhang/ball_fault,3047.424,50000,256,0.5,log1p,0.9383,0.2812,0.3402,5.94,1.0069,0.7793
f1:MAFAULDA:mafaulda_underhang_ball_fault_35g_50.7904:col3_underhang_radial:train:100000-150000,MAFAULDA,underhang/ball_fault,3047.424,50000,512,0.25,log1p,0.9548,0.2791,0.2866,11.14,0.8433,0.8071
f1:MAFAULDA:mafaulda_underhang_ball_fault_35g_50.7904:col3_underhang_radial:train:100000-150000,MAFAULDA,underhang/ball_fault,3047.424,50000,512,0.5,log1p,0.9549,0.2792,0.3746,11.25,0.8488,0.8075
f1:MAFAULDA:mafaulda_underhang_ball_fault_35g_50.7904:col3_underhang_radial:train:100000-150000,MAFAULDA,underhang/ball_fault,3047.424,50000,1024,0.25,log1p,0.9666,0.2831,0.3028,20.11,0.8781,0.8337
f1:MAFAULDA:mafaulda_underhang_ball_fault_35g_50.7904:col3_underhang_radial:train:100000-150000,MAFAULDA,underhang/ball_fault,3047.424,50000,1024,0.5,log1p,0.9665,0.283,0.3867,19.9,0.8813,0.8334
f1:MAFAULDA:mafaulda_underhang_ball_fault_35g_50.7904:col3_underhang_radial:train:100000-150000,MAFAULDA,underhang/ball_fault,3047.424,50000,2048,0.25,log1p,0.9748,0.2974,0.2825,36.59,0.7494,0.8567
f1:MAFAULDA:mafaulda_underhang_ball_fault_35g_50.7904:col3_underhang_radial:train:100000-150000,MAFAULDA,underhang/ball_fault,3047.424,50000,2048,0.5,log1p,0.9749,0.2936,0.3358,36.26,0.7639,0.8568
f1:MAFAULDA:mafaulda_underhang_ball_fault_35g_50.7904:col3_underhang_radial:train:100000-150000,MAFAULDA,underhang/ball_fault,3047.424,50000,4096,0.25,log1p,0.9809,0.3409,0.2975,61.73,1.5134,0.8772
f1:MAFAULDA:mafaulda_underhang_ball_fault_35g_50.7904:col3_underhang_radial:train:100000-150000,MAFAULDA,underhang/ball_fault,3047.424,50000,4096,0.5,log1p,0.9803,0.3418,0.3687,61.52,1.5026,0.8767
f1:MAFAULDA:mafaulda_underhang_cage_fault_35g_13.312:col3_underhang_radial:train:100000-150000,MAFAULDA,underhang/cage_fault,798.7199999999999,50000,256,0.25,log1p,0.9171,0.3328,0.3261,5.99,0.6341,0.6754
f1:MAFAULDA:mafaulda_underhang_cage_fault_35g_13.312:col3_underhang_radial:train:100000-150000,MAFAULDA,underhang/cage_fault,798.7199999999999,50000,256,0.5,log1p,0.9173,0.3336,0.4345,6.04,0.6271,0.6767
f1:MAFAULDA:mafaulda_underhang_cage_fault_35g_13.312:col3_underhang_radial:train:100000-150000,MAFAULDA,underhang/cage_fault,798.7199999999999,50000,512,0.25,log1p,0.9474,0.3624,0.396,11.99,0.5323,0.7467
f1:MAFAULDA:mafaulda_underhang_cage_fault_35g_13.312:col3_underhang_radial:train:100000-150000,MAFAULDA,underhang/cage_fault,798.7199999999999,50000,512,0.5,log1p,0.9477,0.3579,0.5047,11.79,0.5394,0.747
f1:MAFAULDA:mafaulda_underhang_cage_fault_35g_13.312:col3_underhang_radial:train:100000-150000,MAFAULDA,underhang/cage_fault,798.7199999999999,50000,1024,0.25,log1p,0.9647,0.4158,0.4239,22.94,0.5175,0.8027
f1:MAFAULDA:mafaulda_underhang_cage_fault_35g_13.312:col3_underhang_radial:train:100000-150000,MAFAULDA,underhang/cage_fault,798.7199999999999,50000,1024,0.5,log1p,0.9643,0.4176,0.5396,22.94,0.5254,0.8025
f1:MAFAULDA:mafaulda_underhang_cage_fault_35g_13.312:col3_underhang_radial:train:100000-150000,MAFAULDA,underhang/cage_fault,798.7199999999999,50000,2048,0.25,log1p,0.9745,0.4694,0.4667,44.38,0.5921,0.8412
f1:MAFAULDA:mafaulda_underhang_cage_fault_35g_13.312:col3_underhang_radial:train:100000-150000,MAFAULDA,underhang/cage_fault,798.7199999999999,50000,2048,0.5,log1p,0.9747,0.4673,0.5906,44.51,0.5945,0.8422
f1:MAFAULDA:mafaulda_underhang_cage_fault_35g_13.312:col3_underhang_radial:train:100000-150000,MAFAULDA,underhang/cage_fault,798.7199999999999,50000,4096,0.25,log1p,0.981,0.5053,0.5045,82.93,0.6481,0.871
f1:MAFAULDA:mafaulda_underhang_cage_fault_35g_13.312:col3_underhang_radial:train:100000-150000,MAFAULDA,underhang/cage_fault,798.7199999999999,50000,4096,0.5,log1p,0.9811,0.5038,0.6281,82.3,0.6423,0.8719
f1:MAFAULDA:mafaulda_underhang_cage_fault_6g_16.1792:col3_underhang_radial:train:100000-150000,MAFAULDA,underhang/cage_fault,970.752,50000,256,0.25,log1p,0.9183,0.3452,0.3209,6.44,0.6268,0.682
f1:MAFAULDA:mafaulda_underhang_cage_fault_6g_16.1792:col3_underhang_radial:train:100000-150000,MAFAULDA,underhang/cage_fault,970.752,50000,256,0.5,log1p,0.9181,0.3442,0.4256,6.47,0.6208,0.6816
f1:MAFAULDA:mafaulda_underhang_cage_fault_6g_16.1792:col3_underhang_radial:train:100000-150000,MAFAULDA,underhang/cage_fault,970.752,50000,512,0.25,log1p,0.9463,0.3708,0.3827,12.56,0.5348,0.7453
f1:MAFAULDA:mafaulda_underhang_cage_fault_6g_16.1792:col3_underhang_radial:train:100000-150000,MAFAULDA,underhang/cage_fault,970.752,50000,512,0.5,log1p,0.9464,0.369,0.4883,12.61,0.5314,0.7456
f1:MAFAULDA:mafaulda_underhang_cage_fault_6g_16.1792:col3_underhang_radial:train:100000-150000,MAFAULDA,underhang/cage_fault,970.752,50000,1024,0.25,log1p,0.9629,0.4149,0.4138,24.17,0.5457,0.7972
f1:MAFAULDA:mafaulda_underhang_cage_fault_6g_16.1792:col3_underhang_radial:train:100000-150000,MAFAULDA,underhang/cage_fault,970.752,50000,1024,0.5,log1p,0.9628,0.4132,0.5264,24.18,0.541,0.798
f1:MAFAULDA:mafaulda_underhang_cage_fault_6g_16.1792:col3_underhang_radial:train:100000-150000,MAFAULDA,underhang/cage_fault,970.752,50000,2048,0.25,log1p,0.9732,0.4608,0.4584,45.2,0.629,0.8356
f1:MAFAULDA:mafaulda_underhang_cage_fault_6g_16.1792:col3_underhang_radial:train:100000-150000,MAFAULDA,underhang/cage_fault,970.752,50000,2048,0.5,log1p,0.9733,0.4568,0.5752,45.21,0.6293,0.8359
f1:MAFAULDA:mafaulda_underhang_cage_fault_6g_16.1792:col3_underhang_radial:train:100000-150000,MAFAULDA,underhang/cage_fault,970.752,50000,4096,0.25,log1p,0.98,0.4923,0.4905,83.64,0.6323,0.8649
f1:MAFAULDA:mafaulda_underhang_cage_fault_6g_16.1792:col3_underhang_radial:train:100000-150000,MAFAULDA,underhang/cage_fault,970.752,50000,4096,0.5,log1p,0.9796,0.4927,0.6027,84.39,0.6298,0.8645
f1:MAFAULDA:mafaulda_underhang_cage_fault_6g_62.0544:col3_underhang_radial:train:100000-150000,MAFAULDA,underhang/cage_fault,3723.264,50000,256,0.25,log1p,0.9423,0.3797,0.3389,5.98,1.0273,0.7856
f1:MAFAULDA:mafaulda_underhang_cage_fault_6g_62.0544:col3_underhang_radial:train:100000-150000,MAFAULDA,underhang/cage_fault,3723.264,50000,256,0.5,log1p,0.9423,0.38,0.4361,6.05,1.0275,0.7856
f1:MAFAULDA:mafaulda_underhang_cage_fault_6g_62.0544:col3_underhang_radial:train:100000-150000,MAFAULDA,underhang/cage_fault,3723.264,50000,512,0.25,log1p,0.9573,0.3706,0.3628,10.44,0.8231,0.8125
f1:MAFAULDA:mafaulda_underhang_cage_fault_6g_62.0544:col3_underhang_radial:train:100000-150000,MAFAULDA,underhang/cage_fault,3723.264,50000,512,0.5,log1p,0.9572,0.3703,0.4578,10.31,0.83,0.8127
f1:MAFAULDA:mafaulda_underhang_cage_fault_6g_62.0544:col3_underhang_radial:train:100000-150000,MAFAULDA,underhang/cage_fault,3723.264,50000,1024,0.25,log1p,0.9682,0.3789,0.3749,18.98,0.8405,0.8379
f1:MAFAULDA:mafaulda_underhang_cage_fault_6g_62.0544:col3_underhang_radial:train:100000-150000,MAFAULDA,underhang/cage_fault,3723.264,50000,1024,0.5,log1p,0.9682,0.3772,0.4598,18.62,0.8359,0.8378
f1:MAFAULDA:mafaulda_underhang_cage_fault_6g_62.0544:col3_underhang_radial:train:100000-150000,MAFAULDA,underhang/cage_fault,3723.264,50000,2048,0.25,log1p,0.9759,0.4027,0.3715,34.45,0.7793,0.8623
f1:MAFAULDA:mafaulda_underhang_cage_fault_6g_62.0544:col3_underhang_radial:train:100000-150000,MAFAULDA,underhang/cage_fault,3723.264,50000,2048,0.5,log1p,0.976,0.4017,0.4543,34.89,0.7708,0.8624
f1:MAFAULDA:mafaulda_underhang_cage_fault_6g_62.0544:col3_underhang_radial:train:100000-150000,MAFAULDA,underhang/cage_fault,3723.264,50000,4096,0.25,log1p,0.9816,0.4419,0.389,53.76,1.1992,0.8818
f1:MAFAULDA:mafaulda_underhang_cage_fault_6g_62.0544:col3_underhang_radial:train:100000-150000,MAFAULDA,underhang/cage_fault,3723.264,50000,4096,0.5,log1p,0.9813,0.4432,0.4796,55.39,1.1707,0.8817
f1:MAFAULDA:mafaulda_underhang_outer_race_0g_13.5168:col3_underhang_radial:train:100000-150000,MAFAULDA,underhang/outer_race,811.008,50000,256,0.25,log1p,0.9034,0.3153,0.287,6.36,0.6805,0.6508
f1:MAFAULDA:mafaulda_underhang_outer_race_0g_13.5168:col3_underhang_radial:train:100000-150000,MAFAULDA,underhang/outer_race,811.008,50000,256,0.5,log1p,0.9034,0.3149,0.3797,6.39,0.6741,0.6511
f1:MAFAULDA:mafaulda_underhang_outer_race_0g_13.5168:col3_underhang_radial:train:100000-150000,MAFAULDA,underhang/outer_race,811.008,50000,512,0.25,log1p,0.9357,0.331,0.3388,13.15,0.5396,0.7104
f1:MAFAULDA:mafaulda_underhang_outer_race_0g_13.5168:col3_underhang_radial:train:100000-150000,MAFAULDA,underhang/outer_race,811.008,50000,512,0.5,log1p,0.9352,0.3314,0.4255,13.18,0.5428,0.7105
f1:MAFAULDA:mafaulda_underhang_outer_race_0g_13.5168:col3_underhang_radial:train:100000-150000,MAFAULDA,underhang/outer_race,811.008,50000,1024,0.25,log1p,0.955,0.3639,0.3626,25.03,0.5311,0.7617
f1:MAFAULDA:mafaulda_underhang_outer_race_0g_13.5168:col3_underhang_radial:train:100000-150000,MAFAULDA,underhang/outer_race,811.008,50000,1024,0.5,log1p,0.9549,0.3623,0.458,25.01,0.5273,0.7616
f1:MAFAULDA:mafaulda_underhang_outer_race_0g_13.5168:col3_underhang_radial:train:100000-150000,MAFAULDA,underhang/outer_race,811.008,50000,2048,0.25,log1p,0.9667,0.4025,0.3925,49.03,0.5811,0.8005
f1:MAFAULDA:mafaulda_underhang_outer_race_0g_13.5168:col3_underhang_radial:train:100000-150000,MAFAULDA,underhang/outer_race,811.008,50000,2048,0.5,log1p,0.9666,0.4019,0.4891,48.74,0.5778,0.7998
f1:MAFAULDA:mafaulda_underhang_outer_race_0g_13.5168:col3_underhang_radial:train:100000-150000,MAFAULDA,underhang/outer_race,811.008,50000,4096,0.25,log1p,0.9751,0.4302,0.423,94.53,0.6277,0.8331
f1:MAFAULDA:mafaulda_underhang_outer_race_0g_13.5168:col3_underhang_radial:train:100000-150000,MAFAULDA,underhang/outer_race,811.008,50000,4096,0.5,log1p,0.9749,0.432,0.5297,95.61,0.6272,0.8336
f1:MAFAULDA:mafaulda_underhang_outer_race_20g_12.9024:col3_underhang_radial:train:100000-150000,MAFAULDA,underhang/outer_race,774.144,50000,256,0.25,log1p,0.9073,0.3214,0.3017,6.43,0.6488,0.6597
f1:MAFAULDA:mafaulda_underhang_outer_race_20g_12.9024:col3_underhang_radial:train:100000-150000,MAFAULDA,underhang/outer_race,774.144,50000,256,0.5,log1p,0.9074,0.3249,0.3977,6.41,0.6508,0.6596
f1:MAFAULDA:mafaulda_underhang_outer_race_20g_12.9024:col3_underhang_radial:train:100000-150000,MAFAULDA,underhang/outer_race,774.144,50000,512,0.25,log1p,0.9392,0.3372,0.3582,12.8,0.5234,0.7225
f1:MAFAULDA:mafaulda_underhang_outer_race_20g_12.9024:col3_underhang_radial:train:100000-150000,MAFAULDA,underhang/outer_race,774.144,50000,512,0.5,log1p,0.9392,0.3401,0.456,12.96,0.5209,0.7221
f1:MAFAULDA:mafaulda_underhang_outer_race_20g_12.9024:col3_underhang_radial:train:100000-150000,MAFAULDA,underhang/outer_race,774.144,50000,1024,0.25,log1p,0.9579,0.378,0.3796,24.94,0.5116,0.7754
f1:MAFAULDA:mafaulda_underhang_outer_race_20g_12.9024:col3_underhang_radial:train:100000-150000,MAFAULDA,underhang/outer_race,774.144,50000,1024,0.5,log1p,0.9577,0.3765,0.4802,25.2,0.5108,0.7754
f1:MAFAULDA:mafaulda_underhang_outer_race_20g_12.9024:col3_underhang_radial:train:100000-150000,MAFAULDA,underhang/outer_race,774.144,50000,2048,0.25,log1p,0.9695,0.4258,0.4144,47.9,0.6154,0.8158
f1:MAFAULDA:mafaulda_underhang_outer_race_20g_12.9024:col3_underhang_radial:train:100000-150000,MAFAULDA,underhang/outer_race,774.144,50000,2048,0.5,log1p,0.9695,0.4248,0.5168,47.87,0.609,0.8156
f1:MAFAULDA:mafaulda_underhang_outer_race_20g_12.9024:col3_underhang_radial:train:100000-150000,MAFAULDA,underhang/outer_race,774.144,50000,4096,0.25,log1p,0.9774,0.4585,0.4469,90.71,0.6466,0.8486
f1:MAFAULDA:mafaulda_underhang_outer_race_20g_12.9024:col3_underhang_radial:train:100000-150000,MAFAULDA,underhang/outer_race,774.144,50000,4096,0.5,log1p,0.9772,0.455,0.5567,89.91,0.6599,0.8491
f1:MAFAULDA:mafaulda_underhang_outer_race_20g_61.44:col3_underhang_radial:train:100000-150000,MAFAULDA,underhang/outer_race,3686.4,50000,256,0.25,log1p,0.9273,0.3217,0.2788,6.53,1.0123,0.7358
f1:MAFAULDA:mafaulda_underhang_outer_race_20g_61.44:col3_underhang_radial:train:100000-150000,MAFAULDA,underhang/outer_race,3686.4,50000,256,0.5,log1p,0.9273,0.3222,0.3614,6.54,1.0171,0.7356
f1:MAFAULDA:mafaulda_underhang_outer_race_20g_61.44:col3_underhang_radial:train:100000-150000,MAFAULDA,underhang/outer_race,3686.4,50000,512,0.25,log1p,0.947,0.316,0.3079,11.68,0.7576,0.7703
f1:MAFAULDA:mafaulda_underhang_outer_race_20g_61.44:col3_underhang_radial:train:100000-150000,MAFAULDA,underhang/outer_race,3686.4,50000,512,0.5,log1p,0.947,0.3161,0.3903,11.65,0.7539,0.7703
f1:MAFAULDA:mafaulda_underhang_outer_race_20g_61.44:col3_underhang_radial:train:100000-150000,MAFAULDA,underhang/outer_race,3686.4,50000,1024,0.25,log1p,0.9609,0.3271,0.3219,21.68,0.8024,0.8033
f1:MAFAULDA:mafaulda_underhang_outer_race_20g_61.44:col3_underhang_radial:train:100000-150000,MAFAULDA,underhang/outer_race,3686.4,50000,1024,0.5,log1p,0.9609,0.327,0.3942,21.59,0.8041,0.8032
f1:MAFAULDA:mafaulda_underhang_outer_race_20g_61.44:col3_underhang_radial:train:100000-150000,MAFAULDA,underhang/outer_race,3686.4,50000,2048,0.25,log1p,0.9705,0.3515,0.3171,42.28,0.6424,0.8325
f1:MAFAULDA:mafaulda_underhang_outer_race_20g_61.44:col3_underhang_radial:train:100000-150000,MAFAULDA,underhang/outer_race,3686.4,50000,2048,0.5,log1p,0.9705,0.3523,0.3883,42.15,0.651,0.8324
f1:MAFAULDA:mafaulda_underhang_outer_race_20g_61.44:col3_underhang_radial:train:100000-150000,MAFAULDA,underhang/outer_race,3686.4,50000,4096,0.25,log1p,0.9771,0.3882,0.3357,66.29,1.0389,0.8545
f1:MAFAULDA:mafaulda_underhang_outer_race_20g_61.44:col3_underhang_radial:train:100000-150000,MAFAULDA,underhang/outer_race,3686.4,50000,4096,0.5,log1p,0.977,0.3878,0.4124,66.43,1.039,0.8542
f1:MAFAULDA:mafaulda_vertical-misalignment_0.51mm_12.4928:col3_underhang_radial:train:100000-150000,MAFAULDA,vertical-misalignment,749.5680000000001,50000,256,0.25,log1p,0.9114,0.3104,0.3126,5.03,0.6629,0.6588
f1:MAFAULDA:mafaulda_vertical-misalignment_0.51mm_12.4928:col3_underhang_radial:train:100000-150000,MAFAULDA,vertical-misalignment,749.5680000000001,50000,256,0.5,log1p,0.9121,0.3077,0.4247,5.05,0.6621,0.6607
f1:MAFAULDA:mafaulda_vertical-misalignment_0.51mm_12.4928:col3_underhang_radial:train:100000-150000,MAFAULDA,vertical-misalignment,749.5680000000001,50000,512,0.25,log1p,0.9443,0.3418,0.3786,10.42,0.5325,0.7323
f1:MAFAULDA:mafaulda_vertical-misalignment_0.51mm_12.4928:col3_underhang_radial:train:100000-150000,MAFAULDA,vertical-misalignment,749.5680000000001,50000,512,0.5,log1p,0.9445,0.345,0.4896,10.55,0.5265,0.733
f1:MAFAULDA:mafaulda_vertical-misalignment_0.51mm_12.4928:col3_underhang_radial:train:100000-150000,MAFAULDA,vertical-misalignment,749.5680000000001,50000,1024,0.25,log1p,0.9635,0.3951,0.4206,20.09,0.5433,0.7936
f1:MAFAULDA:mafaulda_vertical-misalignment_0.51mm_12.4928:col3_underhang_radial:train:100000-150000,MAFAULDA,vertical-misalignment,749.5680000000001,50000,1024,0.5,log1p,0.9636,0.3925,0.5434,20.48,0.5398,0.7947
f1:MAFAULDA:mafaulda_vertical-misalignment_0.51mm_12.4928:col3_underhang_radial:train:100000-150000,MAFAULDA,vertical-misalignment,749.5680000000001,50000,2048,0.25,log1p,0.9741,0.4527,0.4658,38.09,0.5957,0.8367
f1:MAFAULDA:mafaulda_vertical-misalignment_0.51mm_12.4928:col3_underhang_radial:train:100000-150000,MAFAULDA,vertical-misalignment,749.5680000000001,50000,2048,0.5,log1p,0.9742,0.4633,0.5909,38.98,0.5978,0.8374
f1:MAFAULDA:mafaulda_vertical-misalignment_0.51mm_12.4928:col3_underhang_radial:train:100000-150000,MAFAULDA,vertical-misalignment,749.5680000000001,50000,4096,0.25,log1p,0.981,0.4925,0.5001,70.56,0.6623,0.8679
f1:MAFAULDA:mafaulda_vertical-misalignment_0.51mm_12.4928:col3_underhang_radial:train:100000-150000,MAFAULDA,vertical-misalignment,749.5680000000001,50000,4096,0.5,log1p,0.9809,0.5105,0.6347,72.26,0.6584,0.8674
f1:MAFAULDA:mafaulda_vertical-misalignment_0.63mm_61.8496:col3_underhang_radial:train:100000-150000,MAFAULDA,vertical-misalignment,3710.976,50000,256,0.25,log1p,0.9498,0.4308,0.3841,5.48,1.1299,0.8063
f1:MAFAULDA:mafaulda_vertical-misalignment_0.63mm_61.8496:col3_underhang_radial:train:100000-150000,MAFAULDA,vertical-misalignment,3710.976,50000,256,0.5,log1p,0.9498,0.4317,0.4806,5.5,1.1263,0.8062
f1:MAFAULDA:mafaulda_vertical-misalignment_0.63mm_61.8496:col3_underhang_radial:train:100000-150000,MAFAULDA,vertical-misalignment,3710.976,50000,512,0.25,log1p,0.9636,0.4256,0.4031,8.63,0.9217,0.8344
f1:MAFAULDA:mafaulda_vertical-misalignment_0.63mm_61.8496:col3_underhang_radial:train:100000-150000,MAFAULDA,vertical-misalignment,3710.976,50000,512,0.5,log1p,0.9633,0.4263,0.5006,8.69,0.9164,0.8344
f1:MAFAULDA:mafaulda_vertical-misalignment_0.63mm_61.8496:col3_underhang_radial:train:100000-150000,MAFAULDA,vertical-misalignment,3710.976,50000,1024,0.25,log1p,0.9731,0.446,0.4238,14.61,1.007,0.8598
f1:MAFAULDA:mafaulda_vertical-misalignment_0.63mm_61.8496:col3_underhang_radial:train:100000-150000,MAFAULDA,vertical-misalignment,3710.976,50000,1024,0.5,log1p,0.9731,0.4448,0.5177,14.68,1.0058,0.8598
f1:MAFAULDA:mafaulda_vertical-misalignment_0.63mm_61.8496:col3_underhang_radial:train:100000-150000,MAFAULDA,vertical-misalignment,3710.976,50000,2048,0.25,log1p,0.9798,0.4682,0.4248,22.57,0.9856,0.8826
f1:MAFAULDA:mafaulda_vertical-misalignment_0.63mm_61.8496:col3_underhang_radial:train:100000-150000,MAFAULDA,vertical-misalignment,3710.976,50000,2048,0.5,log1p,0.9797,0.4679,0.524,22.38,0.9811,0.8826
f1:MAFAULDA:mafaulda_vertical-misalignment_0.63mm_61.8496:col3_underhang_radial:train:100000-150000,MAFAULDA,vertical-misalignment,3710.976,50000,4096,0.25,log1p,0.9842,0.5126,0.4417,35.58,1.4426,0.898
f1:MAFAULDA:mafaulda_vertical-misalignment_0.63mm_61.8496:col3_underhang_radial:train:100000-150000,MAFAULDA,vertical-misalignment,3710.976,50000,4096,0.5,log1p,0.984,0.5147,0.5446,36.17,1.4468,0.8979
f1:MAFAULDA:mafaulda_vertical-misalignment_1.78mm_62.0544:col3_underhang_radial:train:100000-150000,MAFAULDA,vertical-misalignment,3723.264,50000,256,0.25,log1p,0.9527,0.4396,0.3933,5.61,1.0989,0.8202
f1:MAFAULDA:mafaulda_vertical-misalignment_1.78mm_62.0544:col3_underhang_radial:train:100000-150000,MAFAULDA,vertical-misalignment,3723.264,50000,256,0.5,log1p,0.9527,0.4393,0.4921,5.65,1.092,0.8203
f1:MAFAULDA:mafaulda_vertical-misalignment_1.78mm_62.0544:col3_underhang_radial:train:100000-150000,MAFAULDA,vertical-misalignment,3723.264,50000,512,0.25,log1p,0.9655,0.4361,0.4189,9.34,0.9354,0.8451
f1:MAFAULDA:mafaulda_vertical-misalignment_1.78mm_62.0544:col3_underhang_radial:train:100000-150000,MAFAULDA,vertical-misalignment,3723.264,50000,512,0.5,log1p,0.9655,0.4367,0.5241,9.44,0.9232,0.845
f1:MAFAULDA:mafaulda_vertical-misalignment_1.78mm_62.0544:col3_underhang_radial:train:100000-150000,MAFAULDA,vertical-misalignment,3723.264,50000,1024,0.25,log1p,0.9743,0.4426,0.4366,15.4,0.9251,0.8684
f1:MAFAULDA:mafaulda_vertical-misalignment_1.78mm_62.0544:col3_underhang_radial:train:100000-150000,MAFAULDA,vertical-misalignment,3723.264,50000,1024,0.5,log1p,0.9742,0.4428,0.5308,15.28,0.9295,0.8681
f1:MAFAULDA:mafaulda_vertical-misalignment_1.78mm_62.0544:col3_underhang_radial:train:100000-150000,MAFAULDA,vertical-misalignment,3723.264,50000,2048,0.25,log1p,0.9806,0.4683,0.4185,27.05,0.8081,0.8879
f1:MAFAULDA:mafaulda_vertical-misalignment_1.78mm_62.0544:col3_underhang_radial:train:100000-150000,MAFAULDA,vertical-misalignment,3723.264,50000,2048,0.5,log1p,0.9805,0.4699,0.5113,26.94,0.8094,0.8878
f1:MAFAULDA:mafaulda_vertical-misalignment_1.78mm_62.0544:col3_underhang_radial:train:100000-150000,MAFAULDA,vertical-misalignment,3723.264,50000,4096,0.25,log1p,0.9847,0.5136,0.4336,42.53,1.5015,0.9012
f1:MAFAULDA:mafaulda_vertical-misalignment_1.78mm_62.0544:col3_underhang_radial:train:100000-150000,MAFAULDA,vertical-misalignment,3723.264,50000,4096,0.5,log1p,0.9846,0.515,0.5318,43.09,1.497,0.9012
