window_id,dataset,class,rpm,sampling_rate_hz,n_fft,hop_ratio,transform,min,p0_1,p1,median,p99,p99_9,max,dynamic_range_p999_p01,finite
f1:CWRU:cwru_X109:DE:train:96000-144000,CWRU,IR007,1796.0,48000,256,0.25,magnitude,3.2878605793484894e-07,0.00013552633432892686,0.0007341043595356038,0.1298129951348594,25.81502445859508,44.208827124490966,61.9752692929152,44.20869159815664,True
f1:CWRU:cwru_X109:DE:train:96000-144000,CWRU,IR007,1796.0,48000,256,0.25,power,1.0810027189233784e-13,1.8367387428722347e-08,5.389092262428269e-07,0.016851413705883028,666.41551158835,1954.420620666371,3840.934003929358,1954.4206206480035,True
f1:CWRU:cwru_X109:DE:train:96000-144000,CWRU,IR007,1796.0,48000,256,0.25,log1p,3.2878600388472483e-07,0.00013551715146488307,0.0007338350367217977,0.12205212799799965,3.2889623280159896,3.81129230309974,4.142742098417148,3.811156785948275,True
f1:CWRU:cwru_X109:DE:train:96000-144000,CWRU,IR007,1796.0,48000,256,0.25,db,-129.65909073285832,-77.35951978554567,-62.684842878744206,-17.73363658579925,28.237450662169113,32.910179361616265,35.844368450537054,110.26969914716193,True
f1:CWRU:cwru_X109:DE:train:96000-144000,CWRU,IR007,1796.0,48000,256,0.5,magnitude,2.2489271156445056e-06,0.00014579408543946297,0.0007455669700658921,0.1302468949643364,26.07343597150464,44.17135080652271,61.9752692929152,44.17120501243727,True
f1:CWRU:cwru_X109:DE:train:96000-144000,CWRU,IR007,1796.0,48000,256,0.5,power,5.0576731714811155e-12,2.125596508649923e-08,5.558701107146279e-07,0.016964254163343732,679.8246936268495,1951.108579432646,3840.934003929358,1951.1085794113899,True
f1:CWRU:cwru_X109:DE:train:96000-144000,CWRU,IR007,1796.0,48000,256,0.5,log1p,2.2489245868117115e-06,0.00014578345848980962,0.0007452891730794662,0.12243609977565759,3.2985525947063685,3.810462969021686,4.142742098417148,3.810317185563196,True
f1:CWRU:cwru_X109:DE:train:96000-144000,CWRU,IR007,1796.0,48000,256,0.5,db,-112.96010616826564,-76.72520607383106,-62.55026566997976,-17.704652551654632,28.323961303187193,32.90281283947931,35.844368450537054,109.62801891331037,True
f1:CWRU:cwru_X109:DE:train:96000-144000,CWRU,IR007,1796.0,48000,512,0.25,magnitude,1.6929831474499224e-06,0.0003100433876689251,0.0011353593454708482,0.19245964477616972,36.547279392924516,55.25496818685571,70.76543769109152,55.25465814346804,True
f1:CWRU:cwru_X109:DE:train:96000-144000,CWRU,IR007,1796.0,48000,512,0.25,power,2.8661919375494457e-12,9.612694693859806e-08,1.289040846516304e-06,0.0370407149123642,1335.7036320647535,3053.1116269683766,5007.747171611756,3053.11162687225,True
f1:CWRU:cwru_X109:DE:train:96000-144000,CWRU,IR007,1796.0,48000,512,0.25,log1p,1.6929817143555712e-06,0.0003099953341276636,0.0011347153124740867,0.17601810233336518,3.625600922298203,4.029894341920723,4.273402990953976,4.029584346586596,True
f1:CWRU:cwru_X109:DE:train:96000-144000,CWRU,IR007,1796.0,48000,512,0.25,db,-115.42643426260598,-70.17154974778968,-58.89733246341801,-14.313206403180235,31.25710106240004,34.847426496712394,36.9964239433586,105.01897624450208,True
f1:CWRU:cwru_X109:DE:train:96000-144000,CWRU,IR007,1796.0,48000,512,0.5,magnitude,1.6929831474499224e-06,0.0003101289478549783,0.0011323808497069896,0.19265934177299204,36.56179781605619,55.12325086997734,70.76543769109152,55.12294074102949,True
f1:CWRU:cwru_X109:DE:train:96000-144000,CWRU,IR007,1796.0,48000,512,0.5,power,2.8661919375494457e-12,9.617999406214005e-08,1.2822864010410276e-06,0.03711762209978477,1336.7650612403181,3038.572786541389,5007.747171611756,3038.572786445209,True
f1:CWRU:cwru_X109:DE:train:96000-144000,CWRU,IR007,1796.0,48000,512,0.5,log1p,1.6929817143555712e-06,0.0003100808677983748,0.0011317401901079736,0.17618555474465783,3.6259875177698384,4.027550180665977,4.273402990953976,4.0272400997981785,True
f1:CWRU:cwru_X109:DE:train:96000-144000,CWRU,IR007,1796.0,48000,512,0.5,db,-115.42643426260598,-70.16915242875336,-58.92014895102483,-14.304198566971301,31.260550848649462,34.82669643961705,36.9964239433586,104.99584886837042,True
f1:CWRU:cwru_X109:DE:train:96000-144000,CWRU,IR007,1796.0,48000,1024,0.25,magnitude,1.9392049551925084e-05,0.0004971433479699602,0.0016487799940912656,0.28757294029453134,51.541776247353326,76.99012164938213,99.10217193235493,76.98962450603416,True
f1:CWRU:cwru_X109:DE:train:96000-144000,CWRU,IR007,1796.0,48000,1024,0.25,power,3.7605158582431783e-10,2.4715153482073987e-07,2.718475927258906e-06,0.0826981960225325,2656.554702451377,5927.492373535447,9821.240481710038,5927.492373288295,True
f1:CWRU:cwru_X109:DE:train:96000-144000,CWRU,IR007,1796.0,48000,1024,0.25,log1p,1.9391861528562938e-05,0.0004970198131438741,0.0016474222483392853,0.2527590045970801,3.961608590537184,4.356581059455573,4.6061913837117086,4.356084039642429,True
f1:CWRU:cwru_X109:DE:train:96000-144000,CWRU,IR007,1796.0,48000,1024,0.25,db,-94.24748096458579,-66.07036606233365,-55.65674602248142,-10.825039640822148,34.24318761899223,37.728690190475156,39.921663452559976,103.79905625280881,True
f1:CWRU:cwru_X109:DE:train:96000-144000,CWRU,IR007,1796.0,48000,1024,0.5,magnitude,4.476555059440557e-05,0.0004887845700931042,0.0016701462872077053,0.28618477758374977,51.541976136227625,75.92134768961172,96.29694020105262,75.92085890504163,True
f1:CWRU:cwru_X109:DE:train:96000-144000,CWRU,IR007,1796.0,48000,1024,0.5,power,2.0039545200202847e-09,2.3891423467954295e-07,2.789388932089617e-06,0.0819017269841508,2656.575316382075,5764.052422062469,9273.100692085105,5764.052421823555,True
f1:CWRU:cwru_X109:DE:train:96000-144000,CWRU,IR007,1796.0,48000,1024,0.5,log1p,4.476454864704726e-05,0.0004886651518886308,0.001668753143695285,0.2516802994433862,3.961612393346133,4.342783323963113,4.577767541637394,4.342294658811224,True
f1:CWRU:cwru_X109:DE:train:96000-144000,CWRU,IR007,1796.0,48000,1024,0.5,db,-86.98110198751965,-66.21771868747625,-55.54490971660257,-10.867069409564227,34.24322129035577,37.607277128500655,39.67224975601783,103.8249958159769,True
f1:CWRU:cwru_X109:DE:train:96000-144000,CWRU,IR007,1796.0,48000,2048,0.25,magnitude,8.524938227484874e-05,0.0006869070326866033,0.002365378053413842,0.4269730602210964,76.00458918711526,118.4734957525638,174.55205791797613,118.47280884553112,True
f1:CWRU:cwru_X109:DE:train:96000-144000,CWRU,IR007,1796.0,48000,2048,0.25,power,7.267457178243294e-09,4.718431276835262e-07,5.595013578243036e-06,0.1823059942784246,5776.697594783882,14035.995290324283,30468.420923400492,14035.995289852439,True
f1:CWRU:cwru_X109:DE:train:96000-144000,CWRU,IR007,1796.0,48000,2048,0.25,log1p,8.524574875276182e-05,0.0006866712191054374,0.002362584950254613,0.35555545967437785,4.343865018453132,4.783093638885783,5.167935625234287,4.782406967666678,True
f1:CWRU:cwru_X109:DE:train:96000-144000,CWRU,IR007,1796.0,48000,2048,0.25,db,-81.38616499647097,-63.26205653783751,-52.52198856120065,-7.391990517577925,37.61679630591596,41.47241598159345,44.838499467724226,104.73447251943097,True
f1:CWRU:cwru_X109:DE:train:96000-144000,CWRU,IR007,1796.0,48000,2048,0.5,magnitude,8.524938227484874e-05,0.0006865132156736131,0.002312650315916364,0.4273450176860132,75.91411517293174,118.16360838891734,165.43779312529713,118.16292187570167,True
f1:CWRU:cwru_X109:DE:train:96000-144000,CWRU,IR007,1796.0,48000,2048,0.5,power,7.267457178243294e-09,4.7130147348306865e-07,5.34835148961275e-06,0.1826237641410589,5762.953885155882,13962.64443195033,27369.663394168612,13962.644431479028,True
f1:CWRU:cwru_X109:DE:train:96000-144000,CWRU,IR007,1796.0,48000,2048,0.5,log1p,8.524574875276182e-05,0.0006862776727334279,0.002309980255989143,0.35581608760740696,4.342689327208319,4.780497194811697,5.114621624745997,4.779810917138963,True
f1:CWRU:cwru_X109:DE:train:96000-144000,CWRU,IR007,1796.0,48000,2048,0.5,db,-81.38616499647097,-63.267030607133634,-52.71780022368199,-7.3844270981967615,37.60644993248588,41.44967299870151,44.37269456272392,104.71670360583514,True
f1:CWRU:cwru_X109:DE:train:96000-144000,CWRU,IR007,1796.0,48000,4096,0.25,magnitude,2.2015913572204227e-05,0.00091036771743338,0.0033316658850198705,0.6072896395028442,109.98389231021652,198.926555566016,268.67597476698705,198.92564519829855,True
f1:CWRU:cwru_X109:DE:train:96000-144000,CWRU,IR007,1796.0,48000,4096,0.25,power,4.847004504187663e-10,8.287707252037083e-07,1.1099997603166945e-05,0.36880070624749445,12096.456665676264,39572.02201428011,72186.77941699067,39572.022013451344,True
f1:CWRU:cwru_X109:DE:train:96000-144000,CWRU,IR007,1796.0,48000,4096,0.25,log1p,2.2015671225536e-05,0.0009099535833953751,0.003326128182658859,0.4745493066708857,4.709385072482057,5.297946967630098,5.597221144853966,5.297037014046703,True
f1:CWRU:cwru_X109:DE:train:96000-144000,CWRU,IR007,1796.0,48000,4096,0.25,db,-93.14522631430265,-60.81566909886726,-49.546770915619604,-4.332082558075502,40.82658166925849,45.9738279769771,48.584576663789804,106.78949707584437,True
f1:CWRU:cwru_X109:DE:train:96000-144000,CWRU,IR007,1796.0,48000,4096,0.5,magnitude,0.0001196952864038321,0.0009726556286015081,0.0033281477424355397,0.6063185074293719,109.43476393656393,195.79921202006022,268.67597476698705,195.79823936443162,True
f1:CWRU:cwru_X109:DE:train:96000-144000,CWRU,IR007,1796.0,48000,4096,0.5,power,1.4326961587295393e-08,9.460686851981748e-07,1.1076567425897634e-05,0.36762213281862777,11975.967853887076,38337.33709420433,72186.77941699067,38337.33709325826,True
f1:CWRU:cwru_X109:DE:train:96000-144000,CWRU,IR007,1796.0,48000,4096,0.5,log1p,0.0001196881234946104,0.0009721829007746533,0.0033226217162824695,0.4739449192204066,4.704424962869929,5.282183907433393,5.597221144853966,5.281211724532619,True
f1:CWRU:cwru_X109:DE:train:96000-144000,CWRU,IR007,1796.0,48000,4096,0.5,db,-78.43845177850035,-60.24086131043447,-49.55594780782384,-4.345983503726092,40.783106001267996,45.836218151234384,48.584576663789804,106.07707946166886,True
f1:CWRU:cwru_X111:DE:train:216000-264000,CWRU,IR007,1748.0,48000,256,0.25,magnitude,8.400004853914567e-07,8.956081390378282e-05,0.0003649086308584257,0.06272761174014853,12.618040398859138,20.94890069988091,25.826518553401193,20.948811139067004,True
f1:CWRU:cwru_X111:DE:train:216000-264000,CWRU,IR007,1748.0,48000,256,0.25,power,7.056008154578828e-13,8.021147273945457e-09,1.3315831414177032e-07,0.003934753274622819,159.2149450557014,438.85651991481654,667.0090605891761,438.85651990679537,True
f1:CWRU:cwru_X111:DE:train:216000-264000,CWRU,IR007,1748.0,48000,256,0.25,log1p,8.400001325912465e-07,8.955680356959039e-05,0.0003648420678937973,0.06083882168826168,2.6113954094596465,3.088716973856438,3.289390896547347,3.0886274170528685,True
f1:CWRU:cwru_X111:DE:train:216000-264000,CWRU,IR007,1748.0,48000,256,0.25,db,-121.51337528731031,-80.95763393684216,-68.75631508217178,-24.05082493134755,22.01983822866832,26.42322397758006,28.241317333759177,107.38085791442222,True
f1:CWRU:cwru_X111:DE:train:216000-264000,CWRU,IR007,1748.0,48000,256,0.5,magnitude,3.0724416402172494e-06,9.861308220334644e-05,0.0003661236053294792,0.06266162946984852,12.584807631998572,21.33347168987741,25.826518553401193,21.333373076795205,True
f1:CWRU:cwru_X111:DE:train:216000-264000,CWRU,IR007,1748.0,48000,256,0.5,power,9.439897632540861e-12,9.724540136154382e-09,1.3404650190508266e-07,0.003926479858626325,158.37738314128458,455.1309354508034,667.0090605891761,455.13093544107886,True
f1:CWRU:cwru_X111:DE:train:216000-264000,CWRU,IR007,1748.0,48000,256,0.5,log1p,3.072436920278101e-06,9.860822025291035e-05,0.00036605659843323387,0.06077673207855685,2.608952082435434,3.1060725119710235,3.289390896547347,3.1059739037507708,True
f1:CWRU:cwru_X111:DE:train:216000-264000,CWRU,IR007,1748.0,48000,256,0.5,db,-110.25004445365337,-80.12130059866927,-68.72744326462632,-24.059966358278906,21.99693162839843,26.5810972895361,28.241317333759177,106.70239788820537,True
f1:CWRU:cwru_X111:DE:train:216000-264000,CWRU,IR007,1748.0,48000,512,0.25,magnitude,4.276553842164077e-07,0.00013848400692079144,0.0005560239259793747,0.09200867510280783,17.38459325629573,25.461514261594356,34.79724585794167,25.461375777587435,True
f1:CWRU:cwru_X111:DE:train:216000-264000,CWRU,IR007,1748.0,48000,512,0.25,power,1.828891276492833e-13,1.9177838343912002e-08,3.091626123807089e-07,0.008465596294385216,302.2240835823222,648.2888820418218,1210.8483192980386,648.288882022644,True
f1:CWRU:cwru_X111:DE:train:216000-264000,CWRU,IR007,1748.0,48000,512,0.25,log1p,4.276552927718699e-07,0.00013847441888680385,0.0005558694019499049,0.08801882152441,2.9115129895118494,3.275691261470279,3.5778709591048754,3.2755527870513923,True
f1:CWRU:cwru_X111:DE:train:216000-264000,CWRU,IR007,1748.0,48000,512,0.25,db,-127.3760903045504,-77.17200542390634,-65.09812892604229,-20.723424449917633,24.803290667993153,28.11768341144741,30.83089743296116,105.28968883535376,True
f1:CWRU:cwru_X111:DE:train:216000-264000,CWRU,IR007,1748.0,48000,512,0.5,magnitude,8.644108395738925e-06,0.00013984625083616106,0.0005606770280706436,0.09122844680548259,17.492328045430757,25.123415580719573,34.79724585794167,25.123275734468738,True
f1:CWRU:cwru_X111:DE:train:216000-264000,CWRU,IR007,1748.0,48000,512,0.5,power,7.472060995728418e-11,1.9557036949049664e-08,3.1435873844911073e-07,0.008322629556533866,305.981541099932,631.1861809553143,1210.8483192980386,631.1861809357572,True
f1:CWRU:cwru_X111:DE:train:216000-264000,CWRU,IR007,1748.0,48000,512,0.5,log1p,8.644071035649243e-06,0.00013983647322925624,0.000560519907427969,0.0873040770328202,2.91735594487329,3.2628319359497904,3.5778709591048754,3.262692099476561,True
f1:CWRU:cwru_X111:DE:train:216000-264000,CWRU,IR007,1748.0,48000,512,0.5,db,-101.26549543265583,-77.08699126573474,-65.02574331709512,-20.79739439817926,24.856952258140335,28.00157247379182,30.83089743296116,105.08856373952656,True
f1:CWRU:cwru_X111:DE:train:216000-264000,CWRU,IR007,1748.0,48000,1024,0.25,magnitude,3.63609276021748e-07,0.00020250601289927868,0.0008027810978642226,0.13462238234057267,24.28201813399635,38.19227278277202,50.55035001212236,38.192070276759125,True
f1:CWRU:cwru_X111:DE:train:216000-264000,CWRU,IR007,1748.0,48000,1024,0.25,power,1.322117056090597e-13,4.100870877915366e-08,6.444575055036682e-07,0.018123185840598875,589.6164050902338,1458.6558056028343,2555.337886348079,1458.6558055618257,True
f1:CWRU:cwru_X111:DE:train:216000-264000,CWRU,IR007,1748.0,48000,1024,0.25,log1p,3.636092099159112e-07,0.00020248551131264196,0.0008024590414604817,0.12629989278661793,3.23009339700542,3.6684776159373875,3.942559000199809,3.668275130426075,True
f1:CWRU:cwru_X111:DE:train:216000-264000,CWRU,IR007,1748.0,48000,1024,0.25,db,-128.78491245162024,-73.87123974077844,-61.90805625283827,-17.41765456145877,27.705695579060208,31.639491882358193,34.074483340123194,105.51073162313662,True
f1:CWRU:cwru_X111:DE:train:216000-264000,CWRU,IR007,1748.0,48000,1024,0.5,magnitude,1.63126013692505e-05,0.00019710209526389467,0.0008122924344779195,0.13496742668894818,24.140663354480065,37.84837787709535,50.55035001212236,37.84818077500009,True
f1:CWRU:cwru_X111:DE:train:216000-264000,CWRU,IR007,1748.0,48000,1024,0.5,power,2.661009634320733e-10,3.884925153172191e-08,6.598205409340024e-07,0.01821620628524777,582.771639724704,1432.5063060371963,2555.337886348079,1432.506305998347,True
f1:CWRU:cwru_X111:DE:train:216000-264000,CWRU,IR007,1748.0,48000,1024,0.5,log1p,1.63124683202157e-05,0.00019708267319017654,0.0008119627027552581,0.12660395156200588,3.224486579320669,3.6596641317812444,3.942559000199809,3.6594670491080543,True
f1:CWRU:cwru_X111:DE:train:216000-264000,CWRU,IR007,1748.0,48000,1024,0.5,db,-95.74948228426608,-74.1061725130083,-61.80576095543574,-17.39542064521664,27.65498390231222,31.560925373059874,34.074483340123194,105.66709788606818,True
f1:CWRU:cwru_X111:DE:train:216000-264000,CWRU,IR007,1748.0,48000,2048,0.25,magnitude,7.272739113162174e-06,0.00030596663309295454,0.0011803713305490139,0.19981540851614105,35.93961685665847,58.07316361234857,78.74193797398058,58.07285764571548,True
f1:CWRU:cwru_X111:DE:train:216000-264000,CWRU,IR007,1748.0,48000,2048,0.25,power,5.289273420811893e-11,9.361564748574988e-08,1.3932765738720417e-06,0.03992619748409022,1291.6561963191934,3372.4929981322366,6200.292795898205,3372.492998038621,True
f1:CWRU:cwru_X111:DE:train:216000-264000,CWRU,IR007,1748.0,48000,2048,0.25,log1p,7.2727126669232945e-06,0.00030591983481478976,0.0011796752399718807,0.18216771872367993,3.6092845526490884,4.078776641406841,4.378795645319538,4.078470721572026,True
f1:CWRU:cwru_X111:DE:train:216000-264000,CWRU,IR007,1748.0,48000,2048,0.25,db,-102.7659203922224,-70.28651891396562,-58.55962651115745,-13.987420490868775,31.111468398849656,35.27950885070998,37.92412198634912,105.5660277646756,True
f1:CWRU:cwru_X111:DE:train:216000-264000,CWRU,IR007,1748.0,48000,2048,0.5,magnitude,9.645780281175576e-06,0.00030993663290295066,0.0011763573404294425,0.1992224676245526,35.816668247075434,57.88170915514849,68.51295932213225,57.88139921851559,True
f1:CWRU:cwru_X111:DE:train:216000-264000,CWRU,IR007,1748.0,48000,2048,0.5,power,9.304107723271556e-11,9.606109886674704e-08,1.3838205020183123e-06,0.03968959160641591,1282.8337279940072,3350.294069941867,4694.0255950761475,3350.2940698458056,True
f1:CWRU:cwru_X111:DE:train:216000-264000,CWRU,IR007,1748.0,48000,2048,0.5,log1p,9.645733760936109e-06,0.0003098886122755746,0.001175665972325676,0.18167340314154443,3.605950682769544,4.075530239700336,4.241513200254948,4.07522035108806,True
f1:CWRU:cwru_X111:DE:train:216000-264000,CWRU,IR007,1748.0,48000,2048,0.5,db,-100.31316265161567,-70.17455622346222,-58.589226178641866,-14.013233693893369,31.08170367300967,35.25082457761065,36.71545453344376,105.42538080107286,True
f1:CWRU:cwru_X111:DE:train:216000-264000,CWRU,IR007,1748.0,48000,4096,0.25,magnitude,2.2227002366042918e-05,0.0004789595043943534,0.0016309752832854164,0.2836791067965243,53.06418088948831,95.82467949865828,132.10496643863738,95.82420053915389,True
f1:CWRU:cwru_X111:DE:train:216000-264000,CWRU,IR007,1748.0,48000,4096,0.25,power,4.940396341800775e-10,2.2940225885996967e-07,2.6600803773891913e-06,0.08047383563287384,2815.807294981767,9182.421028306631,17451.72215775351,9182.42102807723,True
f1:CWRU:cwru_X111:DE:train:216000-264000,CWRU,IR007,1748.0,48000,4096,0.25,log1p,2.2226755349886108e-05,0.00047884483987658616,0.0016296466875051385,0.24973025720821873,3.9901718755480173,4.572899140020679,4.891138038293492,4.572420295180803,True
f1:CWRU:cwru_X111:DE:train:216000-264000,CWRU,IR007,1748.0,48000,4096,0.25,db,-93.06234300734442,-66.39402325535443,-55.75105188089413,-10.943452980500615,34.49602929271088,39.62952289477425,42.41838290132824,106.02354615012868,True
f1:CWRU:cwru_X111:DE:train:216000-264000,CWRU,IR007,1748.0,48000,4096,0.5,magnitude,2.2227002366042918e-05,0.0004887453746313979,0.0016627487930834966,0.28207549021043765,52.82195957685579,94.86993804439662,132.10496643863738,94.869449299022,True
f1:CWRU:cwru_X111:DE:train:216000-264000,CWRU,IR007,1748.0,48000,4096,0.5,power,4.940396341800775e-10,2.3887296551037227e-07,2.7647335783058988e-06,0.07956658291147835,2790.1596060783118,9000.305568826765,17451.72215775351,9000.305568587892,True
f1:CWRU:cwru_X111:DE:train:216000-264000,CWRU,IR007,1748.0,48000,4096,0.5,log1p,2.2226755349886108e-05,0.0004886259770507041,0.0016613679567384501,0.24848024126109108,3.985681521236577,4.562992437751092,4.891138038293492,4.562503811774041,True
f1:CWRU:cwru_X111:DE:train:216000-264000,CWRU,IR007,1748.0,48000,4096,0.5,db,-93.06234300734442,-66.21836175044497,-55.58346669839432,-10.992693005746151,34.456289870914816,39.54257213440927,42.41838290132824,105.76093388485424,True
f1:CWRU:cwru_X112:DE:train:216000-264000,CWRU,IR007,1721.0,48000,256,0.25,magnitude,2.4474850790490166e-07,6.971590380964013e-05,0.0003731929105981398,0.0609037330728079,12.71421628762227,19.349521283124858,23.17605182972221,19.34945156722105,True
f1:CWRU:cwru_X112:DE:train:216000-264000,CWRU,IR007,1721.0,48000,256,0.25,power,5.990183212167571e-14,4.860831496621179e-09,1.3927295477319234e-07,0.003709264702203835,161.65130768808174,374.40535532008187,537.1293784139701,374.405355315221,True
f1:CWRU:cwru_X112:DE:train:216000-264000,CWRU,IR007,1721.0,48000,256,0.25,log1p,2.447484779539905e-07,6.971347350686944e-05,0.0003731232914411335,0.05912112325605514,2.618432948460048,3.013055718287531,3.1853625493782762,3.012986004814024,True
f1:CWRU:cwru_X112:DE:train:216000-264000,CWRU,IR007,1721.0,48000,256,0.25,db,-132.22205076415005,-83.13381691780491,-68.56133016697244,-24.307121718226,22.085791583910805,25.733388460592398,27.30078906864712,108.8672053783973,True
f1:CWRU:cwru_X112:DE:train:216000-264000,CWRU,IR007,1721.0,48000,256,0.5,magnitude,1.423658720911547e-06,6.522113860233492e-05,0.00036952702364346547,0.06099248777462979,12.754679232744353,19.588014699197505,23.17605182972221,19.587949478058903,True
f1:CWRU:cwru_X112:DE:train:216000-264000,CWRU,IR007,1721.0,48000,256,0.5,power,2.0268041536275022e-12,4.254846384076902e-09,1.3655025612018044e-07,0.00372008357598831,162.68187209650057,383.69053518461834,537.1293784139701,383.6905351803635,True
f1:CWRU:cwru_X112:DE:train:216000-264000,CWRU,IR007,1721.0,48000,256,0.5,log1p,1.423657707510432e-06,6.52190112716864e-05,0.0003694587653304238,0.05920477927635859,2.6213789953855238,3.0247088416108086,3.1853625493782762,3.024643622599537,True
f1:CWRU:cwru_X112:DE:train:216000-264000,CWRU,IR007,1721.0,48000,256,0.5,db,-116.93127205464441,-83.71327761848312,-68.64707467985897,-24.29447304235631,22.11339002572488,25.839805986293573,27.30078906864712,109.55308360477669,True
f1:CWRU:cwru_X112:DE:train:216000-264000,CWRU,IR007,1721.0,48000,512,0.25,magnitude,1.6619497760217428e-06,0.0001485093894749562,0.0005593071959058516,0.08930679941195929,17.7099661976218,23.87420279877735,30.289911562770804,23.874054289387875,True
f1:CWRU:cwru_X112:DE:train:216000-264000,CWRU,IR007,1721.0,48000,512,0.25,power,2.762077058018721e-12,2.205504021929378e-08,3.1282455397755126e-07,0.007975704436719919,313.64290438676966,569.9777066536043,917.4787424804765,569.9777066315493,True
f1:CWRU:cwru_X112:DE:train:216000-264000,CWRU,IR007,1721.0,48000,512,0.25,log1p,1.661948394984744e-06,0.0001484983630465186,0.0005591508419260891,0.08554153008149301,2.9290563312567004,3.213831115160328,3.4432957313032206,3.213682616797281,True
f1:CWRU:cwru_X112:DE:train:216000-264000,CWRU,IR007,1721.0,48000,512,0.25,db,-115.58711947712882,-76.56491618425181,-65.04699051159945,-20.982309491794286,24.964354622346875,27.558576450232675,29.625960106595528,104.12349263448449,True
f1:CWRU:cwru_X112:DE:train:216000-264000,CWRU,IR007,1721.0,48000,512,0.5,magnitude,2.7611013098116644e-06,0.0001553743526924839,0.000571970475529925,0.08929888692010968,17.838077905054007,23.842072498618144,30.289911562770804,23.84191712426545,True
f1:CWRU:cwru_X112:DE:train:216000-264000,CWRU,IR007,1721.0,48000,512,0.5,power,7.62368044304369e-12,2.414123793691984e-08,3.271502249198384e-07,0.0079742912077307,318.1970234038067,568.4444221726293,917.4787424804765,568.444422148488,True
f1:CWRU:cwru_X112:DE:train:216000-264000,CWRU,IR007,1721.0,48000,512,0.5,log1p,2.7610974979784593e-06,0.00015536228332368448,0.0005718069627641437,0.08553426627422916,2.9358802418385217,3.212538686580449,3.4432957313032206,3.212383324297125,True
f1:CWRU:cwru_X112:DE:train:216000-264000,CWRU,IR007,1721.0,48000,512,0.5,db,-111.17803858540923,-76.1724164937481,-64.85252625034896,-20.983079079846686,25.02696112540803,27.5468800760827,29.625960106595528,103.7192965698308,True
f1:CWRU:cwru_X112:DE:train:216000-264000,CWRU,IR007,1721.0,48000,1024,0.25,magnitude,1.6231814573330894e-05,0.00022205505586884723,0.0008085360790224312,0.13222639502835273,24.491324785669313,37.79083917869756,56.40468893880953,37.79061712364169,True
f1:CWRU:cwru_X112:DE:train:216000-264000,CWRU,IR007,1721.0,48000,1024,0.25,power,2.6347180434299717e-10,4.9309060128350275e-08,6.53730594774492e-07,0.017483819551217965,599.8249953637355,1428.149130611112,3181.488934283862,1428.1491305618028,True
f1:CWRU:cwru_X112:DE:train:216000-264000,CWRU,IR007,1721.0,48000,1024,0.25,log1p,1.6231682838854248e-05,0.00022203040498804135,0.0008082093898065314,0.12418595538910143,3.2383381854848734,3.658183581700449,4.050125988818604,3.6579615512954606,True
f1:CWRU:cwru_X112:DE:train:216000-264000,CWRU,IR007,1721.0,48000,1024,0.25,db,-95.79260503219581,-73.07083664356333,-61.84601086935815,-17.573636842613013,27.780245512122978,31.54772583667052,35.026304170322724,104.61856248023385,True
f1:CWRU:cwru_X112:DE:train:216000-264000,CWRU,IR007,1721.0,48000,1024,0.5,magnitude,1.6231814573330894e-05,0.00020503423991695925,0.0008203849201754695,0.13216281060633361,24.535403647584257,38.53742562883782,52.408480976465405,38.537220594597905,True
f1:CWRU:cwru_X112:DE:train:216000-264000,CWRU,IR007,1721.0,48000,1024,0.5,power,2.6347180434299717e-10,4.204185387585462e-08,6.730315545729491e-07,0.017467008511622736,601.986044545462,1485.196972485563,2746.648878260536,1485.1969724435212,True
f1:CWRU:cwru_X112:DE:train:216000-264000,CWRU,IR007,1721.0,48000,1024,0.5,log1p,1.6231682838854248e-05,0.00020501322186330636,0.000820048588333402,0.12412979506138677,3.2400658580935926,3.6772271661382274,3.977969553139619,3.677022152916364,True
f1:CWRU:cwru_X112:DE:train:216000-264000,CWRU,IR007,1721.0,48000,1024,0.5,db,-95.79260503219581,-73.76375624416578,-61.71964645188631,-17.577814676763754,27.79586405527262,31.71746615926396,34.388031443219596,105.48122240342974,True
f1:CWRU:cwru_X112:DE:train:216000-264000,CWRU,IR007,1721.0,48000,2048,0.25,magnitude,4.26133733011369e-06,0.0003142627522736914,0.00114596311809406,0.19655447125423248,36.304826631948764,57.596012039830484,75.82513863976227,57.59569777707821,True
f1:CWRU:cwru_X112:DE:train:216000-264000,CWRU,IR007,1721.0,48000,2048,0.25,power,1.8158995841020475e-11,9.876167231616602e-08,1.3132314719074373e-06,0.038633660173451864,1318.0406893778509,3317.30312386709,5749.45164973917,3317.3031237683285,True
f1:CWRU:cwru_X112:DE:train:216000-264000,CWRU,IR007,1721.0,48000,2048,0.25,log1p,4.261328250641564e-06,0.0003142133817809252,0.0011453070035656373,0.17944615282339527,3.6191226278412842,4.0706662729804,4.341531912632718,4.070352059598619,True
f1:CWRU:cwru_X112:DE:train:216000-264000,CWRU,IR007,1721.0,48000,2048,0.25,db,-107.40887788060476,-70.05416515100582,-58.816586446142956,-14.130341442514807,31.199286511538975,35.20784497380619,37.59626426108419,105.26201012481201,True
f1:CWRU:cwru_X112:DE:train:216000-264000,CWRU,IR007,1721.0,48000,2048,0.5,magnitude,4.26133733011369e-06,0.00033380811190668905,0.001148927827356511,0.195394344690577,36.37063628820307,57.07276302395987,74.72859034402896,57.07242921584797,True
f1:CWRU:cwru_X112:DE:train:216000-264000,CWRU,IR007,1721.0,48000,2048,0.5,power,1.8158995841020475e-11,1.1142787143237132e-07,1.320035195361315e-06,0.038178949937060024,1322.823217618228,3257.321598469711,5584.362214805698,3257.321598358283,True
f1:CWRU:cwru_X112:DE:train:216000-264000,CWRU,IR007,1721.0,48000,2048,0.5,log1p,4.261328250641564e-06,0.0003337524103663823,0.001148268314865363,0.17847612650388395,3.62088525802936,4.061693586215966,4.327155768718085,4.0613598338056,True
f1:CWRU:cwru_X112:DE:train:216000-264000,CWRU,IR007,1721.0,48000,2048,0.5,db,-107.40887788060476,-69.5300602894797,-58.79414441906437,-14.181760200450125,31.215017867889543,35.12854942899954,37.46973579886609,104.65860971847925,True
f1:CWRU:cwru_X112:DE:train:216000-264000,CWRU,IR007,1721.0,48000,4096,0.25,magnitude,6.615740787729862e-05,0.00044651384021779193,0.00163440369284794,0.2781515215826916,53.72309354668914,91.99611783841829,130.93795046458084,91.99567132457807,True
f1:CWRU:cwru_X112:DE:train:216000-264000,CWRU,IR007,1721.0,48000,4096,0.25,power,4.376802617043254e-09,1.9937835167829337e-07,2.671275562679721e-06,0.07736826895876654,2886.1708022904018,8463.28776151574,17144.746871865023,8463.287761316362,True
f1:CWRU:cwru_X112:DE:train:216000-264000,CWRU,IR007,1721.0,48000,4096,0.25,log1p,6.615521957250462e-05,0.00044641418070820227,0.001633069508599359,0.24541491041628927,4.002285802145034,4.532557629169171,4.882331739829756,4.532111214988462,True
f1:CWRU:cwru_X112:DE:train:216000-264000,CWRU,IR007,1721.0,48000,4096,0.25,db,-83.58841725639023,-67.00338047492589,-55.732812984394975,-11.114371196462812,34.60322022230918,39.2753889570262,42.34131077496901,106.2787694319521,True
f1:CWRU:cwru_X112:DE:train:216000-264000,CWRU,IR007,1721.0,48000,4096,0.5,magnitude,6.615740787729862e-05,0.00042672388335445154,0.0016546360614176376,0.2768946351088476,53.73312810832932,92.09731112349766,130.49893129343283,92.09688439961431,True
f1:CWRU:cwru_X112:DE:train:216000-264000,CWRU,IR007,1721.0,48000,4096,0.5,power,4.376802617043254e-09,1.8209500760536395e-07,2.7378219081567834e-06,0.07667063895500992,2887.2492273994717,8481.91532672413,17029.971068728104,8481.915326542035,True
f1:CWRU:cwru_X112:DE:train:216000-264000,CWRU,IR007,1721.0,48000,4096,0.5,log1p,6.615521957250462e-05,0.00042663286174428734,0.0016532686586266255,0.24443106394205538,4.002469130249369,4.533645267029067,4.878998724538657,4.533218634167323,True
f1:CWRU:cwru_X112:DE:train:216000-264000,CWRU,IR007,1721.0,48000,4096,0.5,db,-83.58841725639023,-67.3971000636414,-55.625952013280326,-11.153709171406788,34.604842223413385,39.28493870130139,42.31213910165121,106.6820387649428,True
f1:CWRU:cwru_X189:DE:train:96000-144000,CWRU,B014,1797.0,48000,256,0.25,magnitude,8.4308938652633e-07,6.683106981531149e-05,0.0003118471487866296,0.026815743343315535,5.497731447724242,16.845868492214112,36.67759211139618,16.845801661144296,True
f1:CWRU:cwru_X189:DE:train:96000-144000,CWRU,B014,1797.0,48000,256,0.25,power,7.107997136733435e-13,4.4663933254310986e-09,9.724864581588032e-08,0.0007190840910545715,30.22505120427335,283.7833294020575,1345.2457630899512,283.7833293975911,True
f1:CWRU:cwru_X189:DE:train:96000-144000,CWRU,B014,1797.0,48000,256,0.25,log1p,8.43089031126673e-07,6.68288367181418e-05,0.0003117985345702625,0.02646250233138986,1.8714531063669209,2.881771955099653,3.6290655440408717,2.8817051262629345,True
f1:CWRU:cwru_X189:DE:train:96000-144000,CWRU,B014,1797.0,48000,256,0.25,db,-121.48149737379894,-83.50042013092191,-70.12116173341911,-31.432203161895337,14.803670414663392,24.529867445077507,31.288016328936912,108.03028757599941,True
f1:CWRU:cwru_X189:DE:train:96000-144000,CWRU,B014,1797.0,48000,256,0.5,magnitude,1.3249372470269805e-06,7.300900153111895e-05,0.00030095276356608677,0.026962569007551486,5.550453978255756,16.2108901648826,36.67759211139618,16.210817155881067,True
f1:CWRU:cwru_X189:DE:train:96000-144000,CWRU,B014,1797.0,48000,256,0.5,power,1.7554587085594339e-12,5.330322932195182e-09,9.057257451774144e-08,0.0007269801275068235,30.807550994726604,262.7935677273127,1345.2457630899512,262.79356772198236,True
f1:CWRU:cwru_X189:DE:train:96000-144000,CWRU,B014,1797.0,48000,256,0.5,log1p,1.3249363692984016e-06,7.300633649936669e-05,0.0003009074863628015,0.026605483356745376,1.8795342213722497,2.84554130549482,3.6290655440408717,2.8454682991583207,True
f1:CWRU:cwru_X189:DE:train:96000-144000,CWRU,B014,1797.0,48000,256,0.5,db,-117.5554382692465,-82.73246694372699,-70.43003081345779,-31.384774575141734,14.886568481328304,24.196127209165642,31.288016328936912,106.92859415289263,True
f1:CWRU:cwru_X189:DE:train:96000-144000,CWRU,B014,1797.0,48000,512,0.25,magnitude,1.8148817853003152e-06,0.0001339267682007622,0.00046849791694752974,0.037808516409595504,8.272736399049917,23.803939716478354,44.03736982108381,23.803805789710154,True
f1:CWRU:cwru_X189:DE:train:96000-144000,CWRU,B014,1797.0,48000,512,0.25,power,3.2937958946148596e-12,1.7936397535419892e-08,2.1949030861110155e-07,0.0014294839132249612,68.43816752941932,566.6276601814326,1939.289940758903,566.6276601634962,True
f1:CWRU:cwru_X189:DE:train:96000-144000,CWRU,B014,1797.0,48000,512,0.25,log1p,1.8148801384043605e-06,0.00013391780080263696,0.00046838820605810545,0.0371112941324515,2.2270785246893903,3.211002407326726,3.8074925856139434,3.210868489525923,True
f1:CWRU:cwru_X189:DE:train:96000-144000,CWRU,B014,1797.0,48000,512,0.25,db,-114.82255458151889,-77.46265016618493,-66.58584506711713,-28.448207254169297,18.352983725393376,27.53297596004595,32.876427447475976,104.99562612623087,True
f1:CWRU:cwru_X189:DE:train:96000-144000,CWRU,B014,1797.0,48000,512,0.5,magnitude,1.8712490706729312e-05,0.00014085654060488914,0.00046968994123777497,0.037874061244867856,8.321007763038276,23.51960290150603,44.03736982108381,23.519462044965426,True
f1:CWRU:cwru_X189:DE:train:96000-144000,CWRU,B014,1797.0,48000,512,0.5,power,3.501573084494309e-10,1.984505539608469e-08,2.2060864167251468e-07,0.0014344445158359252,69.2391701974327,553.171893557809,1939.289940758903,553.1718935379639,True
f1:CWRU:cwru_X189:DE:train:96000-144000,CWRU,B014,1797.0,48000,512,0.5,log1p,1.8712315630259162e-05,0.00014084661900927805,0.00046957967144399646,0.03717444910204709,2.232270751905192,3.1994727723286736,3.8074925856139434,3.1993319257096644,True
f1:CWRU:cwru_X189:DE:train:96000-144000,CWRU,B014,1797.0,48000,512,0.5,db,-94.55732162921132,-77.02545161410784,-66.56377297510342,-28.433162436621327,18.40351854345473,27.428598342412005,32.876427447475976,104.45404995651984,True
f1:CWRU:cwru_X189:DE:train:96000-144000,CWRU,B014,1797.0,48000,1024,0.25,magnitude,1.4743385972222998e-05,0.00019758807953164056,0.0006763506307544965,0.053460867203070694,13.837421267306313,31.545146712355436,58.493446311345735,31.544949124275906,True
f1:CWRU:cwru_X189:DE:train:96000-144000,CWRU,B014,1797.0,48000,1024,0.25,power,2.1736742992594187e-10,3.9041062378356394e-08,4.5745018893671865e-07,0.0028580643221162395,191.47422735530628,995.0976866114324,3421.483261378286,995.0976865723914,True
f1:CWRU:cwru_X189:DE:train:96000-144000,CWRU,B014,1797.0,48000,1024,0.25,log1p,1.4743277289576267e-05,0.00019756856157142162,0.0006761220087399885,0.0520808080601543,2.6971524535302343,3.482627591286191,4.085866160457262,3.4824300227246194,True
f1:CWRU:cwru_X189:DE:train:96000-144000,CWRU,B014,1797.0,48000,1024,0.25,db,-96.62799638176806,-74.08478227074012,-63.39656085369021,-25.439279998071438,22.821103256029893,29.97864489560174,35.34214419678305,104.06342716634185,True
f1:CWRU:cwru_X189:DE:train:96000-144000,CWRU,B014,1797.0,48000,1024,0.5,magnitude,2.0107653855484055e-05,0.00020507854022515078,0.0006800666937552483,0.05380768294765584,14.060193098516462,30.4746859674673,52.49160896412115,30.474480888927072,True
f1:CWRU:cwru_X189:DE:train:96000-144000,CWRU,B014,1797.0,48000,1024,0.5,power,4.0431774357196277e-10,4.205723897316938e-08,4.6249078525827104e-07,0.0028952667583124767,197.68903881521854,928.7070129347285,2755.3690116422035,928.7070128926713,True
f1:CWRU:cwru_X189:DE:train:96000-144000,CWRU,B014,1797.0,48000,1024,0.5,log1p,2.0107451699322188e-05,0.00020505751448023874,0.0006798355531507352,0.05240996946770281,2.7120550247422015,3.449183335925297,3.9795247998088725,3.448978278410817,True
f1:CWRU:cwru_X189:DE:train:96000-144000,CWRU,B014,1797.0,48000,1024,0.5,db,-93.93272879457979,-73.76159464680417,-63.34896933333814,-25.383114185554135,22.959825509728773,29.678782309224342,34.4017976979132,103.44037695602852,True
f1:CWRU:cwru_X189:DE:train:96000-144000,CWRU,B014,1797.0,48000,2048,0.25,magnitude,3.742557799668589e-06,0.00028365407162252436,0.0009789775810353184,0.07681785584327139,20.3866673388522,43.19747353691205,99.07741332931231,43.197189882840426,True
f1:CWRU:cwru_X189:DE:train:96000-144000,CWRU,B014,1797.0,48000,2048,0.25,power,1.4006738883860189e-11,8.046010539092551e-08,9.583971103103706e-07,0.005900982977285779,415.6162083302891,1866.021720054385,9816.333832027392,1866.021719973925,True
f1:CWRU:cwru_X189:DE:train:96000-144000,CWRU,B014,1797.0,48000,2048,0.25,log1p,3.7425507963166207e-06,0.00028361384917591247,0.0009784986950004773,0.07401026209145817,3.0627677028819833,3.7886676276305673,4.605944019794588,3.7883840137813913,True
f1:CWRU:cwru_X189:DE:train:96000-144000,CWRU,B014,1797.0,48000,2048,0.25,db,-108.53639759348276,-70.94424198563236,-60.1845442124719,-22.290756371853313,26.186924693978348,32.70916694489394,39.91949319375703,103.6534089305263,True
f1:CWRU:cwru_X189:DE:train:96000-144000,CWRU,B014,1797.0,48000,2048,0.5,magnitude,2.231349141368355e-05,0.00031286946674006165,0.0009569724067605797,0.07734424240986176,19.886916128533233,43.089733400925056,99.07741332931231,43.089420531458316,True
f1:CWRU:cwru_X189:DE:train:96000-144000,CWRU,B014,1797.0,48000,2048,0.5,power,4.978918990685295e-10,9.788810435987147e-08,9.157968784583581e-07,0.005982131833955459,395.48943649362525,1856.7251356626448,9816.333832027392,1856.7251355647568,True
f1:CWRU:cwru_X189:DE:train:96000-144000,CWRU,B014,1797.0,48000,2048,0.5,log1p,2.231324247143719e-05,0.00031282053289438737,0.0009565148002430615,0.07449897793872455,3.0391229364927046,3.7862269497945658,4.605944019794588,3.785914129261671,True
f1:CWRU:cwru_X189:DE:train:96000-144000,CWRU,B014,1797.0,48000,2048,0.5,db,-93.0286104718513,-70.09276897488691,-60.38201405655651,-22.231440191137317,25.971348805592488,32.68747611580514,39.91949319375703,102.78024509069205,True
f1:CWRU:cwru_X189:DE:train:96000-144000,CWRU,B014,1797.0,48000,4096,0.25,magnitude,3.0235190611498232e-05,0.00040738292942790305,0.0013587171422078778,0.10955993768142369,29.67854154449511,59.29352750712177,129.66648470400236,59.29312012419234,True
f1:CWRU:cwru_X189:DE:train:96000-144000,CWRU,B014,1797.0,48000,4096,0.25,power,9.141667513136308e-10,1.6596113843361584e-07,1.8461122763382368e-06,0.012003379944757442,880.8158327052538,3515.7227804287004,16813.397255493277,3515.7227802627394,True
f1:CWRU:cwru_X189:DE:train:96000-144000,CWRU,B014,1797.0,48000,4096,0.25,log1p,3.0234733537335703e-05,0.00040729997138845905,0.0013577949213334035,0.10396348417689995,3.423563435316561,4.099224708011961,4.872648158549973,4.098817408040572,True
f1:CWRU:cwru_X189:DE:train:96000-144000,CWRU,B014,1797.0,48000,4096,0.25,db,-90.38971705489419,-67.79994883183764,-57.33741827571735,-19.206964461036232,29.448851080652442,35.46014530069597,42.256554743114265,103.26009413253361,True
f1:CWRU:cwru_X189:DE:train:96000-144000,CWRU,B014,1797.0,48000,4096,0.5,magnitude,4.331646685567794e-05,0.000375979238731522,0.0013713512040612785,0.10890912682092548,28.083562959942913,60.093117787964765,93.50880982775256,60.09274180872603,True
f1:CWRU:cwru_X189:DE:train:96000-144000,CWRU,B014,1797.0,48000,4096,0.5,power,1.8763163008590453e-09,1.4136039252046983e-07,1.8806067731626434e-06,0.011861197907660527,788.6871158948757,3611.1829868896666,8743.897515402794,3611.182986748306,True
f1:CWRU:cwru_X189:DE:train:96000-144000,CWRU,B014,1797.0,48000,4096,0.5,log1p,4.331552872461843e-05,0.0003759085762464596,0.0013704117594513644,0.10337676345960156,3.3701728090862724,4.112399197024713,4.548693055844955,4.112023288448467,True
f1:CWRU:cwru_X189:DE:train:96000-144000,CWRU,B014,1797.0,48000,4096,0.5,db,-87.26691943184804,-68.49672054592212,-57.25703164514218,-19.258714471038548,28.96904077538466,35.57649452034351,39.41705058737191,104.07321506626562,True
f1:CWRU:cwru_X191:DE:train:216000-264000,CWRU,B014,1748.0,48000,256,0.25,magnitude,6.764317458385349e-07,7.163926937363743e-05,0.00032665458292212556,0.027265425896209245,5.239204804789491,12.293474794861355,36.729400639748164,12.293403155591982,True
f1:CWRU:cwru_X191:DE:train:216000-264000,CWRU,B014,1748.0,48000,256,0.25,power,4.575599067781683e-13,5.132200319581527e-09,1.0670336901750162e-07,0.0007434034493016777,27.449268230483987,151.1295490730201,1349.0488713551329,151.1295490678879,True
f1:CWRU:cwru_X191:DE:train:216000-264000,CWRU,B014,1748.0,48000,256,0.25,log1p,6.764315170586847e-07,7.163670339602749e-05,0.0003266012428531858,0.026900345360002128,1.830852723154075,2.5872732228017448,3.6304396483411154,2.587201586098349,True
f1:CWRU:cwru_X191:DE:train:216000-264000,CWRU,B014,1748.0,48000,256,0.25,db,-123.39423639170352,-82.8969779419864,-69.71822843595575,-31.287754249763115,14.385307317471257,21.793492339955627,31.30027682939952,104.69047028194203,True
f1:CWRU:cwru_X191:DE:train:216000-264000,CWRU,B014,1748.0,48000,256,0.5,magnitude,1.5948604451532233e-06,6.469676436614754e-05,0.00031160145614767985,0.027368827074169908,5.25692135907772,12.156249071621167,36.729400639748164,12.156184374856801,True
f1:CWRU:cwru_X191:DE:train:216000-264000,CWRU,B014,1748.0,48000,256,0.5,power,2.5435798395143377e-12,4.185708934436644e-09,9.709546852850109e-08,0.0007490526984184233,27.63522850391155,147.7743970014215,1349.0488713551329,147.77439699723578,True
f1:CWRU:cwru_X191:DE:train:216000-264000,CWRU,B014,1748.0,48000,256,0.5,log1p,1.5948591733646557e-06,6.469467160194485e-05,0.00031155291849608934,0.027000997022396285,1.8336881876377997,2.576896844397555,3.6304396483411154,2.576832149725953,True
f1:CWRU:cwru_X191:DE:train:216000-264000,CWRU,B014,1748.0,48000,256,0.5,db,-115.94500165858989,-83.78237428768661,-70.1280076894778,-31.2548762743212,14.414628610342273,21.695991634879682,31.30027682939952,105.4783659225663,True
f1:CWRU:cwru_X191:DE:train:216000-264000,CWRU,B014,1748.0,48000,512,0.25,magnitude,3.0956230965273335e-06,0.00012405288051180286,0.0004827313716384587,0.03816414764529513,7.786685609842069,16.820981509023856,46.87547965772454,16.820857456143344,True
f1:CWRU:cwru_X191:DE:train:216000-264000,CWRU,B014,1748.0,48000,512,0.25,power,9.582882355753476e-12,1.5389117469777946e-08,2.330295772319937e-07,0.0014565021696342556,60.63247455344885,282.95440922576415,2197.310593141747,282.95440921037505,True
f1:CWRU:cwru_X191:DE:train:216000-264000,CWRU,B014,1748.0,48000,512,0.25,log1p,3.095618305096044e-06,0.00012404518658936357,0.0004826148943331681,0.03745391062582278,2.1732375654146296,2.880362366442855,3.8686034664109243,2.880238321256266,True
f1:CWRU:cwru_X191:DE:train:216000-264000,CWRU,B014,1748.0,48000,512,0.25,db,-110.18475785273114,-78.12785602360213,-66.32588773057608,-28.36688864296621,17.827052678638843,24.516888891357418,33.41891449436589,102.64474491495955,True
f1:CWRU:cwru_X191:DE:train:216000-264000,CWRU,B014,1748.0,48000,512,0.5,magnitude,5.157333058392055e-06,0.00012405996532094762,0.0004679977446229152,0.03821148827297907,7.789665197685079,17.65075513980578,35.70911083363895,17.650631079840462,True
f1:CWRU:cwru_X191:DE:train:216000-264000,CWRU,B014,1748.0,48000,512,0.5,power,2.659808427518355e-11,1.539087519951993e-08,2.190218940970581e-07,0.0014601178370702243,60.678887502895236,311.5494361497618,1275.1405965291108,311.5494361343709,True
f1:CWRU:cwru_X191:DE:train:216000-264000,CWRU,B014,1748.0,48000,512,0.5,log1p,5.157319759395642e-06,0.00012405227051975247,0.00046788826783113093,0.037499509917560014,2.1735765985690585,2.925886234459235,3.603024975848987,2.925762182188715,True
f1:CWRU:cwru_X191:DE:train:216000-264000,CWRU,B014,1748.0,48000,512,0.5,db,-105.7513280060574,-78.12735994766092,-66.59512304305078,-28.35612091924625,17.830375580401807,24.935261917233714,31.055580725609563,103.06262186489464,True
f1:CWRU:cwru_X191:DE:train:216000-264000,CWRU,B014,1748.0,48000,1024,0.25,magnitude,2.57445043683191e-06,0.00019249728023823818,0.0006992140111891148,0.0536844380308983,11.502669646018894,24.44457040663914,58.38588291459348,24.444377909358902,True
f1:CWRU:cwru_X191:DE:train:216000-264000,CWRU,B014,1748.0,48000,1024,0.25,power,6.6277950517040115e-12,3.705539338880374e-08,4.889002482337736e-07,0.0028820188867473935,132.31140978055288,597.5396467239892,3408.911323716619,597.5396466869338,True
f1:CWRU:cwru_X191:DE:train:216000-264000,CWRU,B014,1748.0,48000,1024,0.25,log1p,2.574447122940072e-06,0.00019247875491891248,0.0006989696749539169,0.05229301063402636,2.525942190643668,3.2365003487017376,4.08405653675218,3.2363078699468186,True
f1:CWRU:cwru_X191:DE:train:216000-264000,CWRU,B014,1748.0,48000,1024,0.25,db,-111.78597191380449,-74.31152584225279,-63.10779644285819,-25.40303175847045,21.215972916671735,27.763629099960735,35.326157040401625,102.07515494221353,True
f1:CWRU:cwru_X191:DE:train:216000-264000,CWRU,B014,1748.0,48000,1024,0.5,magnitude,2.57445043683191e-06,0.00019816115923699783,0.0006904665924245912,0.053874964618049304,11.799869369952464,24.548626314858343,58.38588291459348,24.548428153699106,True
f1:CWRU:cwru_X191:DE:train:216000-264000,CWRU,B014,1748.0,48000,1024,0.5,power,6.6277950517040115e-12,3.9269213270883384e-08,4.7674436697189876e-07,0.0029025118143897483,139.23692059601456,602.6351198626289,3408.911323716619,602.6351198233597,True
f1:CWRU:cwru_X191:DE:train:216000-264000,CWRU,B014,1748.0,48000,1024,0.5,log1p,2.574447122940072e-06,0.00019814152722403606,0.0006902283299097838,0.052473813686699795,2.549434954882336,3.240583500110643,4.08405653675218,3.2403853585834193,True
f1:CWRU:cwru_X191:DE:train:216000-264000,CWRU,B014,1748.0,48000,1024,0.5,db,-111.78597191380449,-74.05977534933525,-63.217147629792535,-25.37226002757221,21.43754388238382,27.800543425047323,35.326157040401625,101.86031877438258,True
f1:CWRU:cwru_X191:DE:train:216000-264000,CWRU,B014,1748.0,48000,2048,0.25,magnitude,5.855474478622114e-07,0.00029379657007795227,0.0009987580913145809,0.07585015404282101,16.532611976570664,34.08792453848714,89.05841785586048,34.08763074191706,True
f1:CWRU:cwru_X191:DE:train:216000-264000,CWRU,B014,1748.0,48000,2048,0.25,power,3.428658136979491e-13,8.631715230452415e-08,9.975178950644615e-07,0.0057532458691961046,273.3272592856729,1161.986791067373,7931.401790989049,1161.9867909810557,True
f1:CWRU:cwru_X191:DE:train:216000-264000,CWRU,B014,1748.0,48000,2048,0.25,log1p,5.855472764293714e-07,0.0002937534199533083,0.000998259664211623,0.07311118999936762,2.8640626873662263,3.557856963149793,4.500458547051562,3.5575632097298397,True
f1:CWRU:cwru_X191:DE:train:216000-264000,CWRU,B014,1748.0,48000,2048,0.25,db,-124.64727489889856,-70.6390991496147,-60.01079365650614,-22.400870646707965,24.366829449699917,30.652010478863275,38.99349951037314,101.29110962847797,True
f1:CWRU:cwru_X191:DE:train:216000-264000,CWRU,B014,1748.0,48000,2048,0.5,magnitude,1.8026643829216482e-05,0.0002660025846896078,0.000995311903206945,0.07614007175225244,16.518285490779,33.02218178311343,89.05841785586048,33.021915780528744,True
f1:CWRU:cwru_X191:DE:train:216000-264000,CWRU,B014,1748.0,48000,2048,0.5,power,3.2495988774542867e-10,7.076076930664411e-08,9.90646739021675e-07,0.005797310526438151,272.8537664746394,1090.4772768322166,7931.401790989049,1090.4772767614559,True
f1:CWRU:cwru_X191:DE:train:216000-264000,CWRU,B014,1748.0,48000,2048,0.5,log1p,1.802648135122523e-05,0.0002659672105784919,0.0009948169082604139,0.07338063147555803,2.8632452028105733,3.527007165611812,4.500458547051562,3.5267411984012336,True
f1:CWRU:cwru_X191:DE:train:216000-264000,CWRU,B014,1748.0,48000,2048,0.5,db,-94.88165425613822,-71.50248577018412,-60.04081934890775,-22.367734353684405,24.35929918404577,30.376064082421248,38.99349951037314,101.87854985260537,True
f1:CWRU:cwru_X191:DE:train:216000-264000,CWRU,B014,1748.0,48000,4096,0.25,magnitude,3.451020739480843e-05,0.00041204133050384167,0.0014312825045038776,0.10744479288970105,23.355624530092438,51.47593011985986,116.10549091754176,51.475518078529355,True
f1:CWRU:cwru_X191:DE:train:216000-264000,CWRU,B014,1748.0,48000,4096,0.25,power,1.1909544144326906e-09,1.697781289841198e-07,2.048569648768436e-06,0.011544383519110753,545.4852001551346,2649.7729200953654,13480.48502120337,2649.7729199255873,True
f1:CWRU:cwru_X191:DE:train:216000-264000,CWRU,B014,1748.0,48000,4096,0.25,log1p,3.450961193130089e-05,0.0004119564647507007,0.0014302591959922055,0.10205537328809006,3.1927628072181844,3.960354310872762,4.763075160345848,3.9599423544080112,True
f1:CWRU:cwru_X191:DE:train:216000-264000,CWRU,B014,1748.0,48000,4096,0.25,db,-89.24102344571213,-67.70118408741986,-56.88549222722854,-19.376292530511677,27.367829672958724,34.23208152810308,41.29705518182452,101.93326561552294,True
f1:CWRU:cwru_X191:DE:train:216000-264000,CWRU,B014,1748.0,48000,4096,0.5,magnitude,3.451020739480843e-05,0.00041289286483645244,0.0013979672097380346,0.10779260309551045,23.160014010370098,50.19327582760562,82.81521680399455,50.19286293474078,True
f1:CWRU:cwru_X191:DE:train:216000-264000,CWRU,B014,1748.0,48000,4096,0.5,power,1.1909544144326906e-09,1.704805908148025e-07,1.9543128846626693e-06,0.011619245291843813,536.3862497054107,2519.3656687442312,6858.36013429262,2519.3656685737506,True
f1:CWRU:cwru_X191:DE:train:216000-264000,CWRU,B014,1748.0,48000,4096,0.5,log1p,3.450961193130089e-05,0.00041280764799720814,0.001396990963030904,0.10236938947877322,3.184698952327837,3.9356080524161685,4.428614575776723,3.9351952447681713,True
f1:CWRU:cwru_X191:DE:train:216000-264000,CWRU,B014,1748.0,48000,4096,0.5,db,-89.24102344571213,-67.6832521942263,-57.090060937980354,-19.348220798051813,27.294776349540058,34.012909549837445,38.36220286296093,101.69616174406374,True
f1:CWRU:cwru_X192:DE:train:216000-264000,CWRU,B014,1725.0,48000,256,0.25,magnitude,1.8366531491231797e-06,7.600382031569932e-05,0.0003412396982475092,0.030137763994102264,6.856912807196706,16.722143897319906,97.28705658176675,16.72206789349959,True
f1:CWRU:cwru_X192:DE:train:216000-264000,CWRU,B014,1725.0,48000,256,0.25,power,3.373294790184093e-12,5.7767925573792735e-09,1.1644460262491361e-07,0.0009082848185642068,47.01725487943086,279.63242470809837,9464.771378343885,279.6324247023216,True
f1:CWRU:cwru_X192:DE:train:216000-264000,CWRU,B014,1725.0,48000,256,0.25,log1p,1.8366514624778499e-06,7.600093206577582e-05,0.00034118148918799764,0.029692544748201356,2.0613937434308918,2.874811214986356,4.5878923458667025,2.87473521405429,True
f1:CWRU:cwru_X192:DE:train:216000-264000,CWRU,B014,1725.0,48000,256,0.25,db,-114.71898413765432,-82.38343903147855,-69.3388091171115,-30.41777941840591,16.72257238906797,24.46580292681487,39.761101280394456,106.84924195829342,True
f1:CWRU:cwru_X192:DE:train:216000-264000,CWRU,B014,1725.0,48000,256,0.5,magnitude,1.8366531491231797e-06,7.032985707309923e-05,0.0003479249711158263,0.030163766350817772,6.954352670342681,15.875843708761067,97.28705658176675,15.875773378903995,True
f1:CWRU:cwru_X192:DE:train:216000-264000,CWRU,B014,1725.0,48000,256,0.5,power,3.373294790184093e-12,4.9462957926554295e-09,1.210518963168951e-07,0.0009098528005319689,48.36304337879751,252.04266598942644,9464.771378343885,252.04266598448015,True
f1:CWRU:cwru_X192:DE:train:216000-264000,CWRU,B014,1725.0,48000,256,0.5,log1p,1.8366514624778499e-06,7.032738404115454e-05,0.0003478644592030237,0.029717786060021255,2.073719108184173,2.8258827893888756,4.5878923458667025,2.8258124620048344,True
f1:CWRU:cwru_X192:DE:train:216000-264000,CWRU,B014,1725.0,48000,256,0.5,db,-114.71898413765432,-83.05719909078238,-69.17028948070552,-30.41028861001918,16.845132214514347,24.01473194142074,39.761101280394456,107.07193103220311,True
f1:CWRU:cwru_X192:DE:train:216000-264000,CWRU,B014,1725.0,48000,512,0.25,magnitude,2.768122097762671e-06,0.0001350274014548658,0.0005130898582960293,0.04255624053819343,10.019465016141847,23.658616729988328,116.72014526929753,23.658481702586872,True
f1:CWRU:cwru_X192:DE:train:216000-264000,CWRU,B014,1725.0,48000,512,0.25,power,7.662499948122009e-12,1.8232418946649784e-08,2.6326120447865394e-07,0.0018110336088089387,100.38967953614873,559.7305878225011,13623.59231168592,559.7305878042687,True
f1:CWRU:cwru_X192:DE:train:216000-264000,CWRU,B014,1725.0,48000,512,0.25,log1p,2.768118266519767e-06,0.00013501828606593652,0.0005129582727020224,0.04167562099412079,2.3996632545722503,3.2051260389145266,4.768310157388445,3.204991020628461,True
f1:CWRU:cwru_X192:DE:train:216000-264000,CWRU,B014,1725.0,48000,512,0.25,db,-111.15598137705643,-77.3915600872465,-65.79612972668025,-27.420734880485888,20.01689065063681,27.47978354432519,41.34291638813602,104.87134363157169,True
f1:CWRU:cwru_X192:DE:train:216000-264000,CWRU,B014,1725.0,48000,512,0.5,magnitude,2.768122097762671e-06,0.00012290947674334682,0.0005108561795978211,0.04237054179580574,9.8905931715937,23.718704411285085,116.72014526929753,23.71858150180834,True
f1:CWRU:cwru_X192:DE:train:216000-264000,CWRU,B014,1725.0,48000,512,0.5,power,7.662499948122009e-12,1.5106943812145664e-08,2.6097403789760226e-07,0.001795262813393396,97.82383369360852,562.581638654676,13623.59231168592,562.5816386395691,True
f1:CWRU:cwru_X192:DE:train:216000-264000,CWRU,B014,1725.0,48000,512,0.5,log1p,2.768118266519767e-06,0.00012290192389032925,0.0005107257370019196,0.04149748644756872,2.3878994031265366,3.207556385520788,4.768310157388445,3.2074334835968976,True
f1:CWRU:cwru_X192:DE:train:216000-264000,CWRU,B014,1725.0,48000,512,0.5,db,-111.15598137705643,-78.20834450011,-65.83402530313789,-27.458719634744618,19.904446751085224,27.501783081225266,41.34291638813602,105.71012758133527,True
f1:CWRU:cwru_X192:DE:train:216000-264000,CWRU,B014,1725.0,48000,1024,0.25,magnitude,6.985037656725979e-06,0.00019749177718352503,0.0007063165384898969,0.060727628188346885,14.985600869328161,35.84979839941391,126.00157535196128,35.84960090763673,True
f1:CWRU:cwru_X192:DE:train:216000-264000,CWRU,B014,1725.0,48000,1024,0.25,power,4.879075106587995e-11,3.9003003110761806e-08,4.988830527312176e-07,0.003687844826236324,224.56823350472837,1285.210970362998,15876.396991175976,1285.210970323995,True
f1:CWRU:cwru_X192:DE:train:216000-264000,CWRU,B014,1725.0,48000,1024,0.25,log1p,6.985013261464047e-06,0.00019747227824918034,0.0007060672143577957,0.058955114317383095,2.771688371202635,3.606849070248882,4.84419949072781,3.6066515979706324,True
f1:CWRU:cwru_X192:DE:train:216000-264000,CWRU,B014,1725.0,48000,1024,0.25,db,-103.1165006157135,-74.08901536051022,-63.02001126328791,-24.33227359851091,23.513483224235056,31.08972446648946,42.00751949956242,105.17873982699967,True
f1:CWRU:cwru_X192:DE:train:216000-264000,CWRU,B014,1725.0,48000,1024,0.5,magnitude,4.997751080004775e-05,0.00019526650040669886,0.0007223088154495192,0.06090460960707805,14.901823413245078,35.164814870509886,126.00157535196128,35.16461960400948,True
f1:CWRU:cwru_X192:DE:train:216000-264000,CWRU,B014,1725.0,48000,1024,0.5,power,2.49775158576889e-09,3.813024981281317e-08,5.217301260405501e-07,0.003709371473117605,222.06440227192238,1236.5650156215208,15876.396991175976,1236.5650155833905,True
f1:CWRU:cwru_X192:DE:train:216000-264000,CWRU,B014,1725.0,48000,1024,0.5,log1p,4.997626196586378e-05,0.00019524743776344508,0.0007220480759352928,0.05912194946965661,2.766433661817204,3.588086371071002,4.84419949072781,3.5878911236332387,True
f1:CWRU:cwru_X192:DE:train:216000-264000,CWRU,B014,1725.0,48000,1024,0.5,db,-86.02449018674314,-74.18758152340935,-62.82554133543754,-24.3069967127197,23.46478705821882,30.922163857410254,42.00751949956242,105.1097453808196,True
f1:CWRU:cwru_X192:DE:train:216000-264000,CWRU,B014,1725.0,48000,2048,0.25,magnitude,1.5056480080488654e-06,0.00031569422048237486,0.0010165097880120953,0.08751060840462732,22.545758122040755,51.95129663392266,146.75912007917862,51.95098093970218,True
f1:CWRU:cwru_X192:DE:train:216000-264000,CWRU,B014,1725.0,48000,2048,0.25,power,2.2669759241415163e-12,9.966304842070251e-08,1.0332921561256267e-06,0.0076581065835825204,508.31121034624846,2698.9378625213308,21538.23932641477,2698.937862421668,True
f1:CWRU:cwru_X192:DE:train:216000-264000,CWRU,B014,1725.0,48000,2048,0.25,log1p,1.5056468745620411e-06,0.00031564439944340843,0.0010159934917845278,0.0838912387878544,3.1589456810863594,3.9693724453662544,4.995583380805431,3.9690568009668112,True
f1:CWRU:cwru_X192:DE:train:216000-264000,CWRU,B014,1725.0,48000,2048,0.25,db,-116.44495405368667,-70.01467366003577,-59.85776787829326,-21.158785925800096,27.061296859941333,34.311926797455,43.332101984019516,104.32660045749077,True
f1:CWRU:cwru_X192:DE:train:216000-264000,CWRU,B014,1725.0,48000,2048,0.5,magnitude,1.5056480080488654e-06,0.0003411626266069438,0.0010402726459787352,0.08745533815061461,22.27459748083293,50.924930125518266,146.75912007917862,50.92458896289166,True
f1:CWRU:cwru_X192:DE:train:216000-264000,CWRU,B014,1725.0,48000,2048,0.5,power,2.2669759241415163e-12,1.1639221886267343e-07,1.082167929686863e-06,0.007648436171038347,496.15770394575463,2593.3510168737107,21538.23932641477,2593.3510167573186,True
f1:CWRU:cwru_X192:DE:train:216000-264000,CWRU,B014,1725.0,48000,2048,0.5,log1p,1.5056468745620411e-06,0.00034110444373041564,0.0010397319369717826,0.08384041477012269,3.147362518791077,3.949798558188675,4.995583380805431,3.949457453744945,True
f1:CWRU:cwru_X192:DE:train:216000-264000,CWRU,B014,1725.0,48000,2048,0.5,db,-116.44495405368667,-69.34077892930617,-59.6570586029196,-21.16427352312815,26.95619719849939,34.138604628201385,43.332101984019516,103.47938355750756,True
f1:CWRU:cwru_X192:DE:train:216000-264000,CWRU,B014,1725.0,48000,4096,0.25,magnitude,3.7530369677796216e-05,0.00042272349400086047,0.0014002163316327253,0.12440725919730257,32.93326727946329,70.27488571586404,163.55547143996588,70.27446299237005,True
f1:CWRU:cwru_X192:DE:train:216000-264000,CWRU,B014,1725.0,48000,4096,0.25,power,1.4085286481520457e-09,1.7869515443343637e-07,1.9606061688999524e-06,0.015477166140984825,1084.6001310670515,4938.560661050248,26750.392237949498,4938.560660871553,True
f1:CWRU:cwru_X192:DE:train:216000-264000,CWRU,B014,1725.0,48000,4096,0.25,log1p,3.752966543109251e-05,0.0004226341715952107,0.0013992369426796493,0.11725601609245762,3.5243958526358865,4.266543923151548,5.1032477257631115,4.266121288979952,True
f1:CWRU:cwru_X192:DE:train:216000-264000,CWRU,B014,1725.0,48000,4096,0.25,db,-88.51232001085968,-67.47887028335344,-57.076097474335974,-18.10308554711971,30.352696226524483,36.936001993288805,44.273301544149064,104.41487227664226,True
f1:CWRU:cwru_X192:DE:train:216000-264000,CWRU,B014,1725.0,48000,4096,0.5,magnitude,3.7530369677796216e-05,0.00041814010887707517,0.001429998417728622,0.12397836454421104,32.613059958558765,73.94382141832004,163.55547143996588,73.94340327821116,True
f1:CWRU:cwru_X192:DE:train:216000-264000,CWRU,B014,1725.0,48000,4096,0.5,power,1.4085286481520457e-09,1.7484115325803416e-07,2.0449010378498124e-06,0.015370634883072325,1063.6116893709989,5467.710933212624,26750.392237949498,5467.7109330377825,True
f1:CWRU:cwru_X192:DE:train:216000-264000,CWRU,B014,1725.0,48000,4096,0.5,log1p,3.752966543109251e-05,0.0004180527126621734,0.0014289769409058558,0.1168745026569232,3.5149146764834462,4.316736799804247,5.1032477257631115,4.316318747091585,True
f1:CWRU:cwru_X192:DE:train:216000-264000,CWRU,B014,1725.0,48000,4096,0.5,db,-88.51232001085968,-67.57356142771516,-56.8933000857962,-18.133081933768224,30.267830939321982,37.378020108646616,44.273301544149064,104.95158153636177,True
f1:CWRU:cwru_X238:DE:train:96000-144000,CWRU,OR021@6,1796.0,48000,256,0.25,magnitude,4.317948458343324e-06,0.00024314561554126044,0.0009737776477267708,0.058679115512991674,25.31210556197292,93.77399023618399,222.15824889820715,93.77374709056845,True
f1:CWRU:cwru_X238:DE:train:96000-144000,CWRU,OR021@6,1796.0,48000,256,0.25,power,1.8644678888909485e-11,5.912001057166631e-08,9.48242923518331e-07,0.00344323859738702,640.7040151098906,8793.61888930392,49354.28755351776,8793.618889244799,True
f1:CWRU:cwru_X238:DE:train:96000-144000,CWRU,OR021@6,1796.0,48000,256,0.25,log1p,4.3179391360307145e-06,0.00024311606032672713,0.0009733038338329939,0.05702201363346664,3.2700281627919066,4.551491795042497,5.407881156102157,4.55124867898217,True
f1:CWRU:cwru_X238:DE:train:96000-144000,CWRU,OR021@6,1796.0,48000,256,0.25,db,-107.29424976401435,-72.28268373926879,-60.230803153746486,-24.630328805672555,28.066556468652106,39.44161942943393,46.93324887096217,111.72430316870272,True
f1:CWRU:cwru_X238:DE:train:96000-144000,CWRU,OR021@6,1796.0,48000,256,0.5,magnitude,4.317948458343324e-06,0.0002389127491599044,0.0009923381190799641,0.05851622622507312,25.19113851807418,93.61250065243811,222.15824889820715,93.61226173968896,True
f1:CWRU:cwru_X238:DE:train:96000-144000,CWRU,OR021@6,1796.0,48000,256,0.5,power,1.8644678888909485e-11,5.7084185364060934e-08,9.847349518851902e-07,0.003424148736536253,634.598026629235,8763.66143842762,49354.28755351776,8763.661438370536,True
f1:CWRU:cwru_X238:DE:train:96000-144000,CWRU,OR021@6,1796.0,48000,256,0.5,log1p,4.3179391360307145e-06,0.00023888421161323626,0.0009918460770918043,0.05686814092521972,3.2654177992091555,4.549769334146862,5.407881156102157,4.549530449935248,True
f1:CWRU:cwru_X238:DE:train:96000-144000,CWRU,OR021@6,1796.0,48000,256,0.5,db,-107.29424976401435,-72.43557874853731,-60.066805677685146,-24.65447378670751,28.024924654277324,39.42649703027426,46.93324887096217,111.86207577881157,True
f1:CWRU:cwru_X238:DE:train:96000-144000,CWRU,OR021@6,1796.0,48000,512,0.25,magnitude,1.7627511574414e-05,0.00040126456439256217,0.0014816906492824695,0.09088517402375426,38.25593907900277,129.94778179910548,298.2018107048025,129.94738053454108,True
f1:CWRU:cwru_X238:DE:train:96000-144000,CWRU,OR021@6,1796.0,48000,512,0.25,power,3.1072916430609956e-10,1.610143285424897e-07,2.1954071802038363e-06,0.0082601148608458,1463.5168773868495,16886.442862008706,88924.31990762285,16886.442861847692,True
f1:CWRU:cwru_X238:DE:train:96000-144000,CWRU,OR021@6,1796.0,48000,512,0.25,log1p,1.762735621165762e-05,0.00040118407875854777,0.0014805940287936044,0.0869894529362629,3.6701027460621733,4.874798139809566,5.701118297902874,4.874396955730807,True
f1:CWRU:cwru_X238:DE:train:96000-144000,CWRU,OR021@6,1796.0,48000,512,0.25,db,-95.07613055528591,-67.93141075142387,-56.58484861134137,-20.83013912979452,31.653977335919507,42.27537307353092,49.49020552390625,110.20678382495478,True
f1:CWRU:cwru_X238:DE:train:96000-144000,CWRU,OR021@6,1796.0,48000,512,0.5,magnitude,3.2089586453842855e-05,0.00042134718990266925,0.0014522095990181256,0.09084707598894415,38.17969196583555,128.5308873396303,277.9379149202831,128.5304659924404,True
f1:CWRU:cwru_X238:DE:train:96000-144000,CWRU,OR021@6,1796.0,48000,512,0.5,power,1.029741558778655e-09,1.7753663222042746e-07,2.108912719555437e-06,0.008253191242696562,1457.6888790803503,16520.3622018585,77249.48455023453,16520.362201680964,True
f1:CWRU:cwru_X238:DE:train:96000-144000,CWRU,OR021@6,1796.0,48000,512,0.5,log1p,3.208907159407786e-05,0.0004212584465144248,0.001451156162408858,0.08695452835231635,3.668158550305356,4.863914220068641,5.630989229891078,4.863492961622127,True
f1:CWRU:cwru_X238:DE:train:96000-144000,CWRU,OR021@6,1796.0,48000,512,0.5,db,-89.8726905269158,-67.50727397207271,-56.75941334021765,-20.833780931963055,31.63664840219445,42.18010473085073,48.878955902624185,109.68737870292344,True
f1:CWRU:cwru_X238:DE:train:96000-144000,CWRU,OR021@6,1796.0,48000,1024,0.25,magnitude,5.2365562638989616e-05,0.0006735555584560937,0.002210707091153471,0.14213313101085084,60.148451745757555,169.8953704916182,310.79608061087475,169.89469693605974,True
f1:CWRU:cwru_X238:DE:train:96000-144000,CWRU,OR021@6,1796.0,48000,1024,0.25,power,2.742152150497945e-09,4.536845010332746e-07,4.88722584404664e-06,0.020201826939036566,3617.8364822336885,28864.652876495347,96594.20372308136,28864.652876041662,True
f1:CWRU:cwru_X238:DE:train:96000-144000,CWRU,OR021@6,1796.0,48000,1024,0.25,log1p,5.236419161077727e-05,0.0006733288180180472,0.0022082670736790233,0.13289768150343473,4.113304511469727,5.141047800436119,5.742349386342216,5.140374471618101,True
f1:CWRU:cwru_X238:DE:train:96000-144000,CWRU,OR021@6,1796.0,48000,1024,0.25,db,-85.6190679300139,-63.43260107743097,-53.10937552203448,-16.946093533759623,35.58448877508151,44.603598377025484,49.84951066720051,108.03619945445645,True
f1:CWRU:cwru_X238:DE:train:96000-144000,CWRU,OR021@6,1796.0,48000,1024,0.5,magnitude,5.581837347712337e-05,0.0006264216904384651,0.002216036740657796,0.14091675779390073,60.949699321130225,170.25103950517652,301.8897580945213,170.25041308348608,True
f1:CWRU:cwru_X238:DE:train:96000-144000,CWRU,OR021@6,1796.0,48000,1024,0.5,power,3.11569081763163e-09,3.924044847548113e-07,4.9108196389564865e-06,0.019857533201077113,3714.8658477330773,28985.62851301224,91137.42604236859,28985.628512619838,True
f1:CWRU:cwru_X238:DE:train:96000-144000,CWRU,OR021@6,1796.0,48000,1024,0.5,log1p,5.5816815689683064e-05,0.0006262255700946515,0.002213584952340046,0.1318321125151048,4.126322754438303,5.14312692174709,5.7133689046339295,5.142500696176995,True
f1:CWRU:cwru_X238:DE:train:96000-144000,CWRU,OR021@6,1796.0,48000,1024,0.5,db,-85.06444089529496,-64.06266674557752,-53.08846118944328,-17.020747271413057,35.69943134925483,44.62176358341745,49.59696758815717,108.68443032899496,True
f1:CWRU:cwru_X238:DE:train:96000-144000,CWRU,OR021@6,1796.0,48000,2048,0.25,magnitude,5.3952786744915215e-05,0.0008156707314369389,0.0031919426032733745,0.23123702839415405,94.35680587547839,212.72735466267994,352.3913556232642,212.7265389919485,True
f1:CWRU:cwru_X238:DE:train:96000-144000,CWRU,OR021@6,1796.0,48000,2048,0.25,power,2.910903197542299e-09,6.653213941456306e-07,1.0188497583858446e-05,0.0534705633079241,8903.207550806552,45252.97870647406,124179.66751800185,45252.97870580874,True
f1:CWRU:cwru_X238:DE:train:96000-144000,CWRU,OR021@6,1796.0,48000,2048,0.25,log1p,5.395133134566477e-05,0.0008153382515251131,0.00318685916896267,0.20801937813184285,4.557625666863265,5.3647005972899375,5.867576098984462,5.363885259038413,True
f1:CWRU:cwru_X238:DE:train:96000-144000,CWRU,OR021@6,1796.0,48000,2048,0.25,db,-85.35970626935367,-61.7697186422834,-49.91889826097331,-12.718852403634363,39.495464259478844,46.55646186467733,50.94050492719983,108.32618050696072,True
f1:CWRU:cwru_X238:DE:train:96000-144000,CWRU,OR021@6,1796.0,48000,2048,0.5,magnitude,5.3952786744915215e-05,0.000811015918410057,0.0032128749690086018,0.2303996471976441,96.26566495281875,216.60925706984625,305.41182271056476,216.60844605392785,True
f1:CWRU:cwru_X238:DE:train:96000-144000,CWRU,OR021@6,1796.0,48000,2048,0.5,power,2.910903197542299e-09,6.577547461993421e-07,1.0322566948143393e-05,0.05308399742879887,9267.096231608279,46919.85964414119,93276.38145138945,46919.85964348343,True
f1:CWRU:cwru_X238:DE:train:96000-144000,CWRU,OR021@6,1796.0,48000,2048,0.5,log1p,5.395133134566477e-05,0.0008106872187496876,0.003207724714005904,0.20733903303126583,4.577445097263342,5.382697988532162,5.724930022992011,5.381887301313412,True
f1:CWRU:cwru_X238:DE:train:96000-144000,CWRU,OR021@6,1796.0,48000,2048,0.5,db,-85.35970626935367,-61.81946341966483,-49.86212380987052,-12.750363801574094,39.66941986402596,46.71351336756091,49.69771689793266,108.53297678722573,True
f1:CWRU:cwru_X238:DE:train:96000-144000,CWRU,OR021@6,1796.0,48000,4096,0.25,magnitude,7.351442143202944e-05,0.0014330992385675645,0.0046060310637611405,0.34941866019374,142.0659343347251,265.67653610598836,393.4559718588808,265.6751030067498,True
f1:CWRU:cwru_X238:DE:train:96000-144000,CWRU,OR021@6,1796.0,48000,4096,0.25,power,5.404370158486029e-09,2.0537746294489634e-06,2.1215522238887642e-05,0.12209340009158835,20182.734297785384,70584.02723168132,154807.60179141638,70584.02722962755,True
f1:CWRU:cwru_X238:DE:train:96000-144000,CWRU,OR021@6,1796.0,48000,4096,0.25,log1p,7.351171937937594e-05,0.001432073331288316,0.004595455763648544,0.2996738776273135,4.963305490771266,5.586036410767968,5.977507529137182,5.58460433743668,True
f1:CWRU:cwru_X238:DE:train:96000-144000,CWRU,OR021@6,1796.0,48000,4096,0.25,db,-82.67253731222497,-56.874476626996966,-46.7334625758036,-9.13307811492643,43.04979804775772,48.48706367374247,51.8979228280062,105.36154030073943,True
f1:CWRU:cwru_X238:DE:train:96000-144000,CWRU,OR021@6,1796.0,48000,4096,0.5,magnitude,0.00023879203770680454,0.0014659348103113045,0.004460315011779061,0.34602027704171257,143.4329031295173,270.0822913376138,386.5180495372479,270.0808254028035,True
f1:CWRU:cwru_X238:DE:train:96000-144000,CWRU,OR021@6,1796.0,48000,4096,0.5,power,5.7021637272167964e-08,2.1489916937974078e-06,1.989442018880449e-05,0.11973003213604853,20573.00406504193,72944.48887450378,149396.20261807845,72944.48887235478,True
f1:CWRU:cwru_X238:DE:train:96000-144000,CWRU,OR021@6,1796.0,48000,4096,0.5,log1p,0.00023876353142612673,0.0014648613634314323,0.0044503972815798385,0.2971522957726949,4.972814909026575,5.602422127665337,5.959762427159575,5.600957266301905,True
f1:CWRU:cwru_X238:DE:train:96000-144000,CWRU,OR021@6,1796.0,48000,4096,0.5,db,-72.43959953131917,-56.677760063575725,-47.01269138908178,-9.217969007660312,43.13297443239769,48.62991951846433,51.74339558637747,105.30767958204005,True
f1:CWRU:cwru_X240:DE:train:216000-264000,CWRU,OR021@6,1747.0,48000,256,0.25,magnitude,1.617072839521505e-06,0.00024924789615731163,0.001065695157054776,0.054347220886801106,23.445490980576317,87.84219416316421,190.6949479977095,87.84194491526804,True
f1:CWRU:cwru_X240:DE:train:216000-264000,CWRU,OR021@6,1747.0,48000,256,0.25,power,2.6149245683181434e-12,6.21247324597544e-08,1.1357062312790942e-06,0.0029536204181187502,549.6911206160098,7716.267595878633,36364.563191849134,7716.267595816508,True
f1:CWRU:cwru_X240:DE:train:216000-264000,CWRU,OR021@6,1747.0,48000,256,0.25,log1p,1.6170715320606304e-06,0.00024921683895163973,0.0010651277070558758,0.05292182744990666,3.1964457196216176,4.486860649523705,5.255905296014765,4.486611432684754,True
f1:CWRU:cwru_X240:DE:train:216000-264000,CWRU,OR021@6,1747.0,48000,256,0.25,db,-115.82487122538451,-72.06738176990719,-59.447339584351,-25.296453168059422,27.40118605880335,38.8740542015701,45.606783752295385,110.94143597147729,True
f1:CWRU:cwru_X240:DE:train:216000-264000,CWRU,OR021@6,1747.0,48000,256,0.5,magnitude,1.617072839521505e-06,0.000263301080140658,0.001041987910144852,0.05481721855583902,23.590952495968693,87.63929786721732,166.20370338511705,87.63903456613718,True
f1:CWRU:cwru_X240:DE:train:216000-264000,CWRU,OR021@6,1747.0,48000,256,0.5,power,2.6149245683181434e-12,6.932804777067595e-08,1.0857400491839744e-06,0.0030049274504645703,556.5330666870062,7680.92334924405,27623.67101892797,7680.923349174722,True
f1:CWRU:cwru_X240:DE:train:216000-264000,CWRU,OR021@6,1747.0,48000,256,0.5,log1p,1.6170715320606304e-06,0.0002632664222003915,0.0010414454169359957,0.053367499364245834,3.20237856823051,4.484557602163409,5.119212849837824,4.484294335741208,True
f1:CWRU:cwru_X240:DE:train:216000-264000,CWRU,OR021@6,1747.0,48000,256,0.5,db,-115.82487122538451,-71.5909806973895,-59.64275054263863,-25.221660074258946,27.454909310910885,38.853820516014245,44.412813931903486,110.44480121340374,True
f1:CWRU:cwru_X240:DE:train:216000-264000,CWRU,OR021@6,1747.0,48000,512,0.25,magnitude,9.011061347097282e-06,0.00044521412868170633,0.0015343200693282394,0.08530277208240289,35.60205825986196,121.584023853428,234.9203087168204,121.58357863929932,True
f1:CWRU:cwru_X240:DE:train:216000-264000,CWRU,OR021@6,1747.0,48000,512,0.25,power,8.119922660115069e-11,1.9821562038488177e-07,2.3541380770907392e-06,0.007276562934650649,1267.5065530138081,14782.710643103715,55187.551447606194,14782.7106429055,True
f1:CWRU:cwru_X240:DE:train:216000-264000,CWRU,OR021@6,1747.0,48000,512,0.25,log1p,9.011020747727877e-06,0.0004451150502778266,0.0015331442029063354,0.08185900067087346,3.6001044751823357,4.808795513618879,5.463494073071867,4.808350398568601,True
f1:CWRU:cwru_X240:DE:train:216000-264000,CWRU,OR021@6,1747.0,48000,512,0.25,db,-100.9043846817873,-67.02861928855452,-56.28168012210406,-21.38073710250075,31.02950212855059,41.69751973834136,47.41841125785453,108.72613902689588,True
f1:CWRU:cwru_X240:DE:train:216000-264000,CWRU,OR021@6,1747.0,48000,512,0.5,magnitude,5.6263984587997646e-05,0.00045222055060438953,0.0015532347792461096,0.08484506312901818,35.93139760937351,114.47159851285392,219.2325772940296,114.47114629230332,True
f1:CWRU:cwru_X240:DE:train:216000-264000,CWRU,OR021@6,1747.0,48000,512,0.5,power,3.1656359617184367e-09,2.0450384992824445e-07,2.412538343668728e-06,0.0071986847378662545,1291.065612667289,13103.792779858722,48062.92294698266,13103.792779654219,True
f1:CWRU:cwru_X240:DE:train:216000-264000,CWRU,OR021@6,1747.0,48000,512,0.5,log1p,5.626240182938471e-05,0.00045211832949604904,0.0015520297577005493,0.0814371778360384,3.6090619705726095,4.749022880883382,5.394684157460504,4.748570762553887,True
f1:CWRU:cwru_X240:DE:train:216000-264000,CWRU,OR021@6,1747.0,48000,512,0.5,db,-84.99537485342827,-66.8930011981448,-56.175257426552555,-21.427468447255556,31.10948126259183,41.17393976083869,46.81810178893262,108.0669409589835,True
f1:CWRU:cwru_X240:DE:train:216000-264000,CWRU,OR021@6,1747.0,48000,1024,0.25,magnitude,1.4591475795189268e-05,0.0006293664516140034,0.0021888210152462106,0.13656816569986457,55.51803210435097,157.6916724236175,255.89359175532735,157.69104305716587,True
f1:CWRU:cwru_X240:DE:train:216000-264000,CWRU,OR021@6,1747.0,48000,1024,0.25,power,2.129111658815943e-10,3.9610385003091183e-07,4.790937474499296e-06,0.01865086388389987,3082.252409377708,24866.668207549345,65481.53030144214,24866.66820715324,True
f1:CWRU:cwru_X240:DE:train:216000-264000,CWRU,OR021@6,1747.0,48000,1024,0.25,log1p,1.4591369340641878e-05,0.0006291684827486625,0.0021864290362823176,0.12801334112976884,4.03455965809117,5.066963060003499,5.54866195929451,5.066333891520751,True
f1:CWRU:cwru_X240:DE:train:216000-264000,CWRU,OR021@6,1747.0,48000,1024,0.25,db,-96.71795609194479,-64.02194568000328,-53.195794641447435,-17.293010468538697,34.88868054080672,43.95617437028341,48.16118820308142,107.97812005028669,True
f1:CWRU:cwru_X240:DE:train:216000-264000,CWRU,OR021@6,1747.0,48000,1024,0.5,magnitude,1.825332596094853e-05,0.000668028073625862,0.0021507264435272253,0.13641822220371586,55.445375530486,158.92152350918795,253.10758187215723,158.92085548111433,True
f1:CWRU:cwru_X240:DE:train:216000-264000,CWRU,OR021@6,1747.0,48000,1024,0.5,power,3.331839086366376e-10,4.462865273858252e-07,4.625624234914151e-06,0.0186099315179034,3074.191221863146,25256.06862432623,64063.44800117077,25256.068623879946,True
f1:CWRU:cwru_X240:DE:train:216000-264000,CWRU,OR021@6,1747.0,48000,1024,0.5,log1p,1.825315937102142e-05,0.0006678050297009082,0.002148416942220642,0.12788140583017826,4.033273122296626,5.074682864830266,5.537757728024053,5.0740150598005656,True
f1:CWRU:cwru_X240:DE:train:216000-264000,CWRU,OR021@6,1747.0,48000,1024,0.5,db,-94.77311222820744,-63.50434606553577,-53.34829609898749,-17.302552322489863,34.877304394515775,44.023651299633286,48.06610309407506,107.52799736516906,True
f1:CWRU:cwru_X240:DE:train:216000-264000,CWRU,OR021@6,1747.0,48000,2048,0.25,magnitude,3.331120005256594e-05,0.0009713819155536172,0.0033469082243776367,0.22485622656316664,89.49155149710954,186.4797289653886,288.37210136454013,186.47875758347305,True
f1:CWRU:cwru_X240:DE:train:216000-264000,CWRU,OR021@6,1747.0,48000,2048,0.25,power,1.109636048942069e-09,9.435893154720768e-07,1.1201794717046709e-05,0.05056032262477557,8008.737791612352,34774.72371045331,83158.46884540061,34774.72370950972,True
f1:CWRU:cwru_X240:DE:train:216000-264000,CWRU,OR021@6,1747.0,48000,2048,0.25,log1p,3.331064524686226e-05,0.0009709104262061989,0.0033413197928592324,0.20282347103768658,4.505256492587521,5.233670237720678,5.667713407907531,5.232699327294472,True
f1:CWRU:cwru_X240:DE:train:216000-264000,CWRU,OR021@6,1747.0,48000,2048,0.25,db,-89.54816835209786,-60.252228637584295,-49.50712368715772,-12.961901631124174,39.03564074725755,45.4126282870672,49.199064842899,105.6648569246515,True
f1:CWRU:cwru_X240:DE:train:216000-264000,CWRU,OR021@6,1747.0,48000,2048,0.5,magnitude,0.00011024987400460584,0.0008657374306571489,0.003332114839790125,0.22587420317500248,90.84531387261016,180.24217546652704,288.37210136454013,180.2413097290964,True
f1:CWRU:cwru_X240:DE:train:216000-264000,CWRU,OR021@6,1747.0,48000,2048,0.5,power,1.2155034718031462e-08,7.495481225065578e-07,1.1102989530542947e-05,0.0510191556599423,8252.871925810938,32487.25470300124,83158.46884540061,32487.254702251692,True
f1:CWRU:cwru_X240:DE:train:216000-264000,CWRU,OR021@6,1747.0,48000,2048,0.5,log1p,0.00011024379693390691,0.0008653628727867252,0.0033265756464335777,0.2036542247250397,4.520105739238125,5.199833926632987,5.667713407907531,5.1989685637602,True
f1:CWRU:cwru_X240:DE:train:216000-264000,CWRU,OR021@6,1747.0,48000,2048,0.5,db,-79.15243008521293,-61.25254320563931,-49.545600612318914,-12.922667326263202,39.16605013545147,45.117126686631146,49.199064842899,106.36966989227045,True
f1:CWRU:cwru_X240:DE:train:216000-264000,CWRU,OR021@6,1747.0,48000,4096,0.25,magnitude,3.4234547534595094e-05,0.0013799386140147672,0.004752842002501556,0.35451557607863465,133.4942201312831,224.81299311035903,356.97538564466856,224.81161317174502,True
f1:CWRU:cwru_X240:DE:train:216000-264000,CWRU,OR021@6,1747.0,48000,4096,0.25,power,1.172004244898451e-09,1.9042316065936344e-06,2.2589507289473547e-05,0.1256812936823662,17820.706836969257,50540.88431618579,127431.42595615984,50540.88431428155,True
f1:CWRU:cwru_X240:DE:train:216000-264000,CWRU,OR021@6,1747.0,48000,4096,0.25,log1p,3.423396154584665e-05,0.0013789873732144651,0.004741582909888789,0.3034438819812385,4.901521224328783,5.419707168638401,5.880464228854464,5.418328181265187,True
f1:CWRU:cwru_X240:DE:train:216000-264000,CWRU,OR021@6,1747.0,48000,4096,0.25,db,-89.31068278170711,-57.20280636400092,-46.46093230561494,-9.00729357352123,42.509249244233835,47.03642794494923,51.05276542884379,104.23923430895016,True
f1:CWRU:cwru_X240:DE:train:216000-264000,CWRU,OR021@6,1747.0,48000,4096,0.5,magnitude,3.4234547534595094e-05,0.001639664484123472,0.004709992558860928,0.34448222989981214,136.41605528783504,228.85716511263306,312.35917810183827,228.85552544814894,True
f1:CWRU:cwru_X240:DE:train:216000-264000,CWRU,OR021@6,1747.0,48000,4096,0.5,power,1.172004244898451e-09,2.6884998499729024e-06,2.2184029906335576e-05,0.11866800676783967,18609.340140377673,52375.70414545577,97568.25614445593,52375.70414276727,True
f1:CWRU:cwru_X240:DE:train:216000-264000,CWRU,OR021@6,1747.0,48000,4096,0.5,log1p,3.423396154584665e-05,0.0016383217018066682,0.004698935250208672,0.2960089797415665,4.923013223671557,5.4374571254703845,5.747350066498118,5.435818803768578,True
f1:CWRU:cwru_X240:DE:train:216000-264000,CWRU,OR021@6,1747.0,48000,4096,0.5,db,-89.31068278170711,-55.704900045638894,-46.53959539586002,-9.25666352414191,42.69730973961793,47.191281786362545,49.893085428337464,102.89618183200145,True
f1:CWRU:cwru_X241:DE:train:216000-264000,CWRU,OR021@6,1719.0,48000,256,0.25,magnitude,5.4924293446667605e-09,0.0002137675932079872,0.0010036994374353855,0.05223938415240576,21.73025621237914,81.49886078515496,227.45032292986062,81.49864701756175,True
f1:CWRU:cwru_X241:DE:train:216000-264000,CWRU,OR021@6,1719.0,48000,256,0.25,power,3.0166780106156537e-17,4.5702644370968146e-08,1.0074125631926653e-06,0.002728953256622622,472.20406467859374,6642.168766897503,51733.64940089788,6642.1687668518,True
f1:CWRU:cwru_X241:DE:train:216000-264000,CWRU,OR021@6,1719.0,48000,256,0.25,log1p,5.49242932958337e-09,0.00021374474514272734,0.0010031960679467487,0.0509206399052788,3.123696881127738,4.41277679912532,5.43131878157738,4.412563054380177,True
f1:CWRU:cwru_X241:DE:train:216000-264000,CWRU,OR021@6,1719.0,48000,256,0.25,db,-165.04798988236533,-73.4017320741303,-59.96792553069022,-25.640039014965332,26.741296666327692,38.22296235723716,47.13773115540129,111.62469443136746,True
f1:CWRU:cwru_X241:DE:train:216000-264000,CWRU,OR021@6,1719.0,48000,256,0.5,magnitude,2.170280111268852e-05,0.00024253300242609298,0.0009946901501422926,0.05222290422882908,21.664924104697587,82.73298649018179,227.45032292986062,82.73274395717937,True
f1:CWRU:cwru_X241:DE:train:216000-264000,CWRU,OR021@6,1719.0,48000,256,0.5,power,4.71011576136914e-10,5.8841652901660617e-08,9.894085487009446e-07,0.002727231734487707,469.36906636930223,6845.644698949791,51733.64940089788,6845.644698890949,True
f1:CWRU:cwru_X241:DE:train:216000-264000,CWRU,OR021@6,1719.0,48000,256,0.5,log1p,2.170256561030782e-05,0.00024250358635895963,0.000994195773675086,0.05090497801610468,3.1208184093675144,4.427568406075533,5.43131878157738,4.427325902489174,True
f1:CWRU:cwru_X241:DE:train:216000-264000,CWRU,OR021@6,1719.0,48000,256,0.5,db,-93.26964416817425,-72.30599156492741,-60.04624301562981,-25.6427795924264,26.715142237518236,38.35299923768004,47.13773115540129,110.65899080260745,True
f1:CWRU:cwru_X241:DE:train:216000-264000,CWRU,OR021@6,1719.0,48000,512,0.25,magnitude,1.3166081897608706e-05,0.0003783371809198642,0.0014364495320775897,0.08228435648065838,33.11188518191009,113.61838936417801,289.5278546816182,113.6180110269971,True
f1:CWRU:cwru_X241:DE:train:216000-264000,CWRU,OR021@6,1719.0,48000,512,0.25,power,1.7334571253453965e-10,1.4314021927212212e-07,2.063387348491116e-06,0.006770715322618623,1096.39694071994,12909.48197326299,83826.37863654022,12909.48197311985,True
f1:CWRU:cwru_X241:DE:train:216000-264000,CWRU,OR021@6,1719.0,48000,512,0.25,log1p,1.3165995225513192e-05,0.00037826562885716455,0.0014354188253241909,0.0790739522554467,3.529645862442331,4.741595199521314,5.671699457002039,4.741216933892457,True
f1:CWRU:cwru_X241:DE:train:216000-264000,CWRU,OR021@6,1719.0,48000,512,0.25,db,-97.61080298399465,-68.44245357602392,-56.854192141545475,-21.693654449966537,30.399678147257262,41.10885714977509,49.233807047115775,109.55131072579901,True
f1:CWRU:cwru_X241:DE:train:216000-264000,CWRU,OR021@6,1719.0,48000,512,0.5,magnitude,2.925543354503901e-05,0.0003898210925049254,0.0014399853523607358,0.08177007209356352,32.48660197346743,116.74272186767843,246.07834007771459,116.74233204658591,True
f1:CWRU:cwru_X241:DE:train:216000-264000,CWRU,OR021@6,1719.0,48000,512,0.5,power,8.558803919081938e-10,1.5196218090910454e-07,2.073557815266167e-06,0.0066863448065091965,1055.3793139348702,13629.120264651,60554.54945540335,13629.120264499037,True
f1:CWRU:cwru_X241:DE:train:216000-264000,CWRU,OR021@6,1719.0,48000,512,0.5,log1p,2.925500561318926e-05,0.00038974513115516024,0.0014389495676770563,0.07859865510652336,3.511145414998111,4.768492686163164,5.509705452647913,4.768102941032009,True
f1:CWRU:cwru_X241:DE:train:216000-264000,CWRU,OR021@6,1719.0,48000,512,0.5,db,-90.67583954152616,-68.18273974174001,-56.83283790850438,-21.748112451867932,30.234085724311296,41.344514704836016,47.82146777192959,109.52725444657602,True
f1:CWRU:cwru_X241:DE:train:216000-264000,CWRU,OR021@6,1719.0,48000,1024,0.25,magnitude,3.3233221316200126e-05,0.0006414910554717839,0.0021553852225472086,0.1308538468988216,51.324644415570724,146.47464442784351,313.0607529500304,146.47400293678805,True
f1:CWRU:cwru_X241:DE:train:216000-264000,CWRU,OR021@6,1719.0,48000,1024,0.25,power,1.1044469990515385e-09,4.1151307951843203e-07,4.645685468321029e-06,0.017122729263749994,2634.2191464950415,21454.822220660568,98007.03503763997,21454.822220249054,True
f1:CWRU:cwru_X241:DE:train:216000-264000,CWRU,OR021@6,1719.0,48000,1024,0.25,log1p,3.3232669104935076e-05,0.0006412853868846826,0.002153065712174021,0.12297296410820764,3.957467468582759,4.993656241336527,5.749586447925851,4.993014955949643,True
f1:CWRU:cwru_X241:DE:train:216000-264000,CWRU,OR021@6,1719.0,48000,1024,0.25,db,-89.56852506896792,-63.85621085317816,-53.329501587425455,-17.664270102433782,34.20651894755433,43.315248894401165,49.91257250880211,107.17145974757932,True
f1:CWRU:cwru_X241:DE:train:216000-264000,CWRU,OR021@6,1719.0,48000,1024,0.5,magnitude,3.3233221316200126e-05,0.0006408812100478653,0.0021934246043003413,0.13083094343080898,50.26249635492243,147.7580549137902,313.0607529500304,147.75741403258016,True
f1:CWRU:cwru_X241:DE:train:216000-264000,CWRU,OR021@6,1719.0,48000,1024,0.5,power,1.1044469990515385e-09,4.1073024509250104e-07,4.811111612356465e-06,0.017116736075188287,2526.3219409294807,21832.521429785662,98007.03503763997,21832.52142937493,True
f1:CWRU:cwru_X241:DE:train:216000-264000,CWRU,OR021@6,1719.0,48000,1024,0.5,log1p,3.3232669104935076e-05,0.0006406759326269143,0.0021910225603212993,0.12295271053348147,3.936958774503554,5.002319413382685,5.749586447925851,5.001678737450058,True
f1:CWRU:cwru_X241:DE:train:216000-264000,CWRU,OR021@6,1719.0,48000,1024,0.5,db,-89.56852506896792,-63.86446390758777,-53.17754549476342,-17.665790610959945,34.02487526416807,43.39100763505812,49.91257250880211,107.25547154264589,True
f1:CWRU:cwru_X241:DE:train:216000-264000,CWRU,OR021@6,1719.0,48000,2048,0.25,magnitude,7.430683449172193e-05,0.0009007929325341344,0.0032072909299447642,0.2090442442029472,80.98177850898888,196.73968181277013,347.2130301173069,196.7387810198376,True
f1:CWRU:cwru_X241:DE:train:216000-264000,CWRU,OR021@6,1719.0,48000,2048,0.25,power,5.5215056521801554e-09,8.114325917266884e-07,1.028671798465625e-05,0.04369949603835076,6558.048450772817,38706.512305112374,120556.88828324187,38706.512304300944,True
f1:CWRU:cwru_X241:DE:train:216000-264000,CWRU,OR021@6,1719.0,48000,2048,0.25,log1p,7.430407387565009e-05,0.000900387459720845,0.003202158542071206,0.18983016666305402,4.406497009244341,5.286951300635774,5.852814447993223,5.286050913176053,True
f1:CWRU:cwru_X241:DE:train:216000-264000,CWRU,OR021@6,1719.0,48000,2048,0.25,db,-82.57941310003477,-60.907524658958835,-49.87723382100461,-13.595235711374862,38.167746208690765,45.877838181548476,50.8119202979407,106.7853628405073,True
f1:CWRU:cwru_X241:DE:train:216000-264000,CWRU,OR021@6,1719.0,48000,2048,0.5,magnitude,0.00015367858469961249,0.0008798508144672074,0.0031978159226229296,0.21034868356641417,80.70722216537324,189.57343893454035,347.2130301173069,189.57255908372588,True
f1:CWRU:cwru_X241:DE:train:216000-264000,CWRU,OR021@6,1719.0,48000,2048,0.5,power,2.361710739527597e-08,7.741506279886797e-07,1.0226026887298914e-05,0.04424656867812344,6513.659741944584,35938.41509158796,120556.88828324187,35938.41509081381,True
f1:CWRU:cwru_X241:DE:train:216000-264000,CWRU,OR021@6,1719.0,48000,2048,0.5,log1p,0.00015366677735558998,0.0008794639660569306,0.0031927137834207283,0.1909084863328642,4.403142094369222,5.250033113070835,5.852814447993223,5.249153649104778,True
f1:CWRU:cwru_X241:DE:train:216000-264000,CWRU,OR021@6,1719.0,48000,2048,0.5,db,-76.26772730313351,-61.1118916421245,-49.90293060588332,-13.541204027891101,38.13824530440303,45.555510149699806,50.8119202979407,106.6674017918243,True
f1:CWRU:cwru_X241:DE:train:216000-264000,CWRU,OR021@6,1719.0,48000,4096,0.25,magnitude,0.00012591714630602507,0.0013608243526509593,0.0046159716830312765,0.3208876944644284,122.81012773806971,243.1351929164395,403.3475776829347,243.13383209208686,True
f1:CWRU:cwru_X241:DE:train:216000-264000,CWRU,OR021@6,1719.0,48000,4096,0.25,power,1.5855127733852924e-08,1.8518503106052855e-06,2.1307196581981743e-05,0.10296891245869634,15082.32756708678,59114.84685007347,162689.26842269104,59114.84684822162,True
f1:CWRU:cwru_X241:DE:train:216000-264000,CWRU,OR021@6,1719.0,48000,4096,0.25,log1p,0.0001259092194075728,0.0013598992666602945,0.004605350756136798,0.2783040063806876,4.818749161155736,5.497721091513633,6.002274848879482,5.496361192246973,True
f1:CWRU:cwru_X241:DE:train:216000-264000,CWRU,OR021@6,1719.0,48000,4096,0.25,db,-77.99829565001387,-57.323975186281096,-46.71473750089089,-9.87293873912666,41.784683635234195,47.716947325586226,52.11358906234423,105.04092251186732,True
f1:CWRU:cwru_X241:DE:train:216000-264000,CWRU,OR021@6,1719.0,48000,4096,0.5,magnitude,0.00017407885455318143,0.0014857968354948688,0.004659444648435572,0.32017092695169613,115.73330137475256,258.2655815866676,403.3475776829347,258.26409578983214,True
f1:CWRU:cwru_X241:DE:train:216000-264000,CWRU,OR021@6,1719.0,48000,4096,0.5,power,3.03034476025477e-08,2.207593146374348e-06,2.1710442444666608e-05,0.10250942363856752,13394.197047351592,66701.11097509453,162689.26842269104,66701.11097288693,True
f1:CWRU:cwru_X241:DE:train:216000-264000,CWRU,OR021@6,1719.0,48000,4096,0.5,log1p,0.0001740637045875471,0.0014846941310506317,0.00464862302940544,0.27776121799343023,4.759891857400097,5.557852945305553,6.002274848879482,5.5563682511745025,True
f1:CWRU:cwru_X241:DE:train:216000-264000,CWRU,OR021@6,1719.0,48000,4096,0.5,db,-75.1850746033731,-56.56081262247081,-46.6333202811241,-9.892362179764824,41.26916683710128,48.241330631308195,52.11358906234423,104.80214325377901,True
f1:CWRU:cwru_X250:DE:train:48000-96000,CWRU,OR021@3,1796.0,48000,256,0.25,magnitude,7.479462088899602e-06,0.00013648068498254214,0.0005519078648772666,0.07092834059929387,18.586358401504242,42.13399864646852,79.26003205300101,42.13386216578354,True
f1:CWRU:cwru_X250:DE:train:48000-96000,CWRU,OR021@3,1796.0,48000,256,0.25,power,5.59423531392864e-11,1.8627078813133266e-08,3.04602298576893e-07,0.005030829500169439,345.452838405849,1775.2772296536255,6282.152681042748,1775.2772296349983,True
f1:CWRU:cwru_X250:DE:train:48000-96000,CWRU,OR021@3,1796.0,48000,256,0.25,log1p,7.479434117862505e-06,0.00013647137229047025,0.0005517556197422635,0.0685258803562393,2.9748331679100564,3.7643106069683157,4.385271764203269,3.764174135596025,True
f1:CWRU:cwru_X250:DE:train:48000-96000,CWRU,OR021@3,1796.0,48000,256,0.25,db,-102.52247656661913,-77.29859339561571,-65.16266687066552,-22.983603998734893,25.38388464279305,32.4926452474681,37.9810848725756,109.7912386430838,True
f1:CWRU:cwru_X250:DE:train:48000-96000,CWRU,OR021@3,1796.0,48000,256,0.5,magnitude,7.479462088899602e-06,0.0001433467661856865,0.0005469666517789719,0.07126235313317389,18.624361005923035,42.21671540767969,75.7459945945237,42.21657206091351,True
f1:CWRU:cwru_X250:DE:train:48000-96000,CWRU,OR021@3,1796.0,48000,256,0.5,power,5.59423531392864e-11,2.054829630818916e-08,2.9917266918628467e-07,0.005078322974079789,346.8668938572806,1782.251550200135,5737.455697113613,1782.2515501795867,True
f1:CWRU:cwru_X250:DE:train:48000-96000,CWRU,OR021@3,1796.0,48000,256,0.5,log1p,7.479434117862505e-06,0.00014333649301927087,0.000546817119967892,0.0688377223762451,2.9767716107733246,3.76622721980967,4.340501197411979,3.7660838833166506,True
f1:CWRU:cwru_X250:DE:train:48000-96000,CWRU,OR021@3,1796.0,48000,256,0.5,db,-102.52247656661913,-76.87223613809039,-65.24078363472957,-22.9427968085747,25.401626735567977,32.50968762093851,37.58719345069623,109.3819237590289,True
f1:CWRU:cwru_X250:DE:train:48000-96000,CWRU,OR021@3,1796.0,48000,512,0.25,magnitude,2.2317398598925564e-05,0.0002328858466776863,0.0008223698711364832,0.10197201151486729,26.567688964306306,60.179631684486495,104.03401424350344,60.17939879863982,True
f1:CWRU:cwru_X250:DE:train:48000-96000,CWRU,OR021@3,1796.0,48000,512,0.25,power,4.980662802233247e-10,5.423589920699972e-08,6.762922064192271e-07,0.01039829113488731,705.8420980449268,3621.588095759817,10823.076119617475,3621.588095705581,True
f1:CWRU:cwru_X250:DE:train:48000-96000,CWRU,OR021@3,1796.0,48000,512,0.25,log1p,2.2317149569490572e-05,0.000232858732937618,0.0008220319103064516,0.09710131250776717,3.3166443964809282,4.113814315026188,4.654284242874837,4.11358145629325,True
f1:CWRU:cwru_X250:DE:train:48000-96000,CWRU,OR021@3,1796.0,48000,512,0.25,db,-93.02708967637511,-72.65714089511177,-61.698655136113146,-19.830380265647484,28.487075557167604,35.58899047700707,40.34350712888557,108.24613137211884,True
f1:CWRU:cwru_X250:DE:train:48000-96000,CWRU,OR021@3,1796.0,48000,512,0.5,magnitude,2.2317398598925564e-05,0.000214259180930763,0.0008201701155029851,0.10226346185773426,26.71951030163775,58.72779452191075,92.6178928816113,58.72758026272982,True
f1:CWRU:cwru_X250:DE:train:48000-96000,CWRU,OR021@3,1796.0,48000,512,0.5,power,4.980662802233247e-10,4.5907332490061376e-08,6.726790475752014e-07,0.010457816167288886,713.9322966206132,3448.992435306808,8578.074081829625,3448.992435260901,True
f1:CWRU:cwru_X250:DE:train:48000-96000,CWRU,OR021@3,1796.0,48000,512,0.5,log1p,2.2317149569490572e-05,0.00021423623054272822,0.000819833959769914,0.0973657580318897,3.3221364653392795,4.089792091607715,4.539221528479255,4.089577855377173,True
f1:CWRU:cwru_X250:DE:train:48000-96000,CWRU,OR021@3,1796.0,48000,512,0.5,db,-93.02708967637511,-73.38123900063364,-61.72192031182552,-19.80559040366613,28.536569486600925,35.37682540582372,39.33389792567421,108.75806440645736,True
f1:CWRU:cwru_X250:DE:train:48000-96000,CWRU,OR021@3,1796.0,48000,1024,0.25,magnitude,1.9129330215417184e-06,0.0003073026809228902,0.0011693803224093486,0.1524901896678263,38.548666781299346,78.6215539476402,115.52447148181761,78.62124664495927,True
f1:CWRU:cwru_X250:DE:train:48000-96000,CWRU,OR021@3,1796.0,48000,1024,0.25,power,3.659312744904728e-12,9.443493770686614e-08,1.3674503970364404e-06,0.02325325796041681,1485.9997713096805,6181.3491052275585,13345.90351115329,6181.349105133124,True
f1:CWRU:cwru_X250:DE:train:48000-96000,CWRU,OR021@3,1796.0,48000,1024,0.25,log1p,1.912931191887679e-06,0.00030725547312517764,0.0011686971297670283,0.1419249836278016,3.6775319645488573,4.3772848060314296,4.758101306585078,4.376977550558304,True
f1:CWRU:cwru_X250:DE:train:48000-96000,CWRU,OR021@3,1796.0,48000,1024,0.25,db,-114.36555066793731,-70.24867019214922,-58.64088381278995,-16.335161905202796,31.720187071206496,37.91083221417274,41.25347980643994,108.15950240632196,True
f1:CWRU:cwru_X250:DE:train:48000-96000,CWRU,OR021@3,1796.0,48000,1024,0.5,magnitude,2.3740605010313942e-05,0.0003303308983310257,0.0011749651143622673,0.15134633143429127,38.00061836102034,79.83972722277882,115.52447148181761,79.83939689188048,True
f1:CWRU:cwru_X250:DE:train:48000-96000,CWRU,OR021@3,1796.0,48000,1024,0.5,power,5.636163262557434e-10,1.0918724121386962e-07,1.380543074507993e-06,0.02290571204600448,1444.0469963179266,6374.391560074011,13345.90351115329,6374.3915599648235,True
f1:CWRU:cwru_X250:DE:train:48000-96000,CWRU,OR021@3,1796.0,48000,1024,0.5,log1p,2.3740323206610933e-05,0.0003302763167455013,0.001174275383045679,0.14093198059694972,3.6635775012510305,4.392467789186434,4.758101306585078,4.392137512869689,True
f1:CWRU:cwru_X250:DE:train:48000-96000,CWRU,OR021@3,1796.0,48000,1024,0.5,db,-92.49012776530105,-69.6236815367359,-58.59949998732617,-16.400562029241723,31.59581327222662,38.044374397541766,41.25347980643994,107.66805593427767,True
f1:CWRU:cwru_X250:DE:train:48000-96000,CWRU,OR021@3,1796.0,48000,2048,0.25,magnitude,1.0371342411788886e-05,0.0005426480698199617,0.0017169692938486577,0.23126594671060202,55.61104707484491,100.17207625174329,151.95335809221058,100.17153360367347,True
f1:CWRU:cwru_X250:DE:train:48000-96000,CWRU,OR021@3,1796.0,48000,2048,0.25,power,1.075647434225709e-10,2.9446851917679837e-07,2.947984096934109e-06,0.0534839382240653,3092.5885582304318,10034.452728401293,23089.82303549958,10034.452728106824,True
f1:CWRU:cwru_X250:DE:train:48000-96000,CWRU,OR021@3,1796.0,48000,2048,0.25,log1p,1.0371288629789034e-05,0.0005425008888035388,0.0017154969868305267,0.20804286502512245,4.036204143935869,4.616822407822627,5.030133025845993,4.616279906933824,True
f1:CWRU:cwru_X250:DE:train:48000-96000,CWRU,OR021@3,1796.0,48000,2048,0.25,db,-99.68321679523183,-65.30965657788356,-55.30474972417522,-12.717766230022999,34.90322144365291,40.01493010094265,43.6342060442054,105.32458667882621,True
f1:CWRU:cwru_X250:DE:train:48000-96000,CWRU,OR021@3,1796.0,48000,2048,0.5,magnitude,1.0371342411788886e-05,0.0005549298626677985,0.0017047682578428306,0.23223710713560689,56.40761414724022,99.3865273987856,149.93954470415264,99.38597246892293,True
f1:CWRU:cwru_X250:DE:train:48000-96000,CWRU,OR021@3,1796.0,48000,2048,0.5,power,1.075647434225709e-10,3.079475331865358e-07,2.906235097422059e-06,0.05393407393071535,3181.819022099566,9877.682533103569,22481.867066088587,9877.682532795621,True
f1:CWRU:cwru_X250:DE:train:48000-96000,CWRU,OR021@3,1796.0,48000,2048,0.5,log1p,1.0371288629789034e-05,0.0005547759458407429,0.0017033167896715485,0.20883130368442804,4.050176931776322,4.6090279740193685,5.016879390449315,4.608473198073527,True
f1:CWRU:cwru_X250:DE:train:48000-96000,CWRU,OR021@3,1796.0,48000,2048,0.5,db,-99.68321679523183,-65.1152418685763,-55.36669290792869,-12.681367735005239,35.02675449775249,39.94655001924819,43.51832375528779,105.0617918878245,True
f1:CWRU:cwru_X250:DE:train:48000-96000,CWRU,OR021@3,1796.0,48000,4096,0.25,magnitude,5.111087688515766e-05,0.0007331851195591173,0.0024580534217427457,0.3379728974879836,79.52329757099251,137.09660237706456,214.4526433152664,137.09586919194498,True
f1:CWRU:cwru_X250:DE:train:48000-96000,CWRU,OR021@3,1796.0,48000,4096,0.25,power,2.612321735969744e-09,5.375648887749661e-07,6.0420266741407505e-06,0.11422567943642306,6323.954869168681,18795.480524970648,45989.93622490488,18795.480524433082,True
f1:CWRU:cwru_X250:DE:train:48000-96000,CWRU,OR021@3,1796.0,48000,4096,0.25,log1p,5.110957076879399e-05,0.0007329164684229107,0.0024550373498385923,0.2911557055128273,4.388546552401026,4.927953401302418,5.372741132797291,4.927220484833995,True
f1:CWRU:cwru_X250:DE:train:48000-96000,CWRU,OR021@3,1796.0,48000,4096,0.25,db,-85.82971636572054,-62.6957619035037,-52.188173336000666,-9.422362497400398,38.00988760203489,42.74053334359354,46.6266280733067,105.43629524709723,True
f1:CWRU:cwru_X250:DE:train:48000-96000,CWRU,OR021@3,1796.0,48000,4096,0.5,magnitude,0.00017417460244421,0.0007450858638212135,0.002516708265701869,0.33668327293977707,79.45263175951891,134.85788912530805,214.4526433152664,134.85714403944422,True
f1:CWRU:cwru_X250:DE:train:48000-96000,CWRU,OR021@3,1796.0,48000,4096,0.5,power,3.0336792136598603e-08,5.551531214031775e-07,6.3338207102988554e-06,0.1133556346258778,6312.720702582964,18186.686523210836,45989.93622490488,18186.686522655684,True
f1:CWRU:cwru_X250:DE:train:48000-96000,CWRU,OR021@3,1796.0,48000,4096,0.5,log1p,0.0001741594358092112,0.0007448084250625112,0.0025135466587975536,0.2901913738826699,4.387668585186226,4.9116084212183635,5.372741132797291,4.910863612793301,True
f1:CWRU:cwru_X250:DE:train:48000-96000,CWRU,OR021@3,1796.0,48000,4096,0.5,db,-75.18029845461602,-62.55587374072496,-51.983342293053894,-9.455569510174124,38.00216573759308,42.59751846552375,46.6266280733067,105.15339220624871,True
f1:CWRU:cwru_X252:DE:train:216000-264000,CWRU,OR021@3,1746.0,48000,256,0.25,magnitude,8.859163138197346e-06,0.00024533660709787465,0.0010327621042378458,0.12293665194408829,32.16251371022186,83.15756982778252,173.48013328838792,83.15732449117543,True
f1:CWRU:cwru_X252:DE:train:216000-264000,CWRU,OR021@3,1746.0,48000,256,0.25,power,7.848477150919464e-11,6.019009312921721e-08,1.0665977093155716e-06,0.015113420391221906,1034.4272893469606,6915.326694678795,30095.356645756838,6915.326694618605,True
f1:CWRU:cwru_X252:DE:train:216000-264000,CWRU,OR021@3,1746.0,48000,256,0.25,log1p,8.859123896043359e-06,0.00024530651697268914,0.00103222917227968,0.11594726449833616,3.501420132349686,4.432680599109031,5.16181088581094,4.432435292592059,True
f1:CWRU:cwru_X252:DE:train:216000-264000,CWRU,OR021@3,1746.0,48000,256,0.25,db,-101.05204797382319,-72.20475241672703,-59.719993876501206,-18.20637236547395,30.146999682030575,38.397944384509245,44.78499494309139,110.60269680123628,True
f1:CWRU:cwru_X252:DE:train:216000-264000,CWRU,OR021@3,1746.0,48000,256,0.5,magnitude,2.0501562319474864e-05,0.0002564547982863825,0.0010188065733427445,0.12270490645624268,32.09244735275771,81.68285720576337,173.48013328838792,81.68260075096508,True
f1:CWRU:cwru_X252:DE:train:216000-264000,CWRU,OR021@3,1746.0,48000,256,0.5,power,4.2031405753931155e-10,6.578465881002598e-08,1.0379668431705488e-06,0.015056494068464168,1029.9254393958902,6672.096548120751,30095.356645756838,6672.096548054967,True
f1:CWRU:cwru_X252:DE:train:216000-264000,CWRU,OR021@3,1746.0,48000,256,0.5,log1p,2.0501352165318414e-05,0.00025642191158218257,0.0010182879421478553,0.11574086870216443,3.4993049599224917,4.415011750918496,5.16181088581094,4.414755329006914,True
f1:CWRU:cwru_X252:DE:train:216000-264000,CWRU,OR021@3,1746.0,48000,256,0.5,db,-93.7642184794642,-71.82079758563138,-59.838164418894394,-18.222761419030242,30.128055642305174,38.242613600698995,44.78499494309139,110.06341118633037,True
f1:CWRU:cwru_X252:DE:train:216000-264000,CWRU,OR021@3,1746.0,48000,512,0.25,magnitude,3.175906922847638e-05,0.00044083337842085147,0.0015516679999655239,0.17707457123384307,45.65011299085906,115.13637529400081,218.25060934203265,115.1359344606224,True
f1:CWRU:cwru_X252:DE:train:216000-264000,CWRU,OR021@3,1746.0,48000,512,0.25,power,1.0086384782591552e-09,1.9433606105795835e-07,2.407673640490289e-06,0.031355404095022306,2083.9328256345843,13256.480669553033,47633.32847816855,13256.480669358698,True
f1:CWRU:cwru_X252:DE:train:216000-264000,CWRU,OR021@3,1746.0,48000,512,0.25,log1p,3.17585649199148e-05,0.00044073623893807674,0.0015504654070012931,0.1630321831947334,3.8426753471919883,4.754761602619217,5.3902154104595255,4.7543208663802785,True
f1:CWRU:cwru_X252:DE:train:216000-264000,CWRU,OR021@3,1746.0,48000,512,0.25,db,-89.96261733157853,-67.11455321286735,-56.18402346999024,-15.036876061523945,33.18883711640768,41.22421971233624,46.77910929804987,108.33877292520359,True
f1:CWRU:cwru_X252:DE:train:216000-264000,CWRU,OR021@3,1746.0,48000,512,0.5,magnitude,4.743788993848241e-05,0.0004253428994392617,0.0015627867262329293,0.1768746074520022,45.58956983976528,115.31596991514712,202.52703516214575,115.31554457224769,True
f1:CWRU:cwru_X252:DE:train:216000-264000,CWRU,OR021@3,1746.0,48000,512,0.5,power,2.250353401815571e-09,1.8092579654096346e-07,2.4423023535234328e-06,0.031284626761321994,2078.408913277011,13298.519504889407,41017.19997156902,13298.519504708482,True
f1:CWRU:cwru_X252:DE:train:216000-264000,CWRU,OR021@3,1746.0,48000,512,0.5,log1p,4.7436764797364244e-05,0.0004252524621872419,0.0015615668458327213,0.16286228687807625,3.8413766848058253,4.756282978931648,5.315798846978383,4.755857726469461,True
f1:CWRU:cwru_X252:DE:train:216000-264000,CWRU,OR021@3,1746.0,48000,512,0.5,db,-86.47747442707477,-67.42543701390996,-56.12200517102327,-15.04669021479847,33.177309815351634,41.23754710847413,46.12966010045404,108.66298412238409,True
f1:CWRU:cwru_X252:DE:train:216000-264000,CWRU,OR021@3,1746.0,48000,1024,0.25,magnitude,6.70123573267567e-05,0.0006874677919868427,0.0022514119890265066,0.2676039146571431,66.41452257303234,156.73752296305022,245.45395437116912,156.73683549525825,True
f1:CWRU:cwru_X252:DE:train:216000-264000,CWRU,OR021@3,1746.0,48000,1024,0.25,power,4.4906560344889224e-09,4.7261861641596974e-07,5.068855944363688e-06,0.0716118560806848,4410.888877673139,24566.651109965118,60247.64371644397,24566.6511094925,True
f1:CWRU:cwru_X252:DE:train:216000-264000,CWRU,OR021@3,1746.0,48000,1024,0.25,log1p,6.701011209904422e-05,0.0006872315909292301,0.002248881358670229,0.23712843678033954,4.21086045555382,5.060932404448678,5.507175178351001,5.060245172857749,True
f1:CWRU:cwru_X252:DE:train:216000-264000,CWRU,OR021@3,1746.0,48000,1024,0.25,db,-83.47688912646797,-63.2550126662357,-52.95090012568963,-11.450150809000444,36.44526103255014,43.90345957935403,47.799400663351115,107.15847224558973,True
f1:CWRU:cwru_X252:DE:train:216000-264000,CWRU,OR021@3,1746.0,48000,1024,0.5,magnitude,6.70123573267567e-05,0.000717204923025914,0.0022413950438649344,0.2700015661731139,67.84102747864209,156.96394056402852,245.45395437116912,156.96322335910548,True
f1:CWRU:cwru_X252:DE:train:216000-264000,CWRU,OR021@3,1746.0,48000,1024,0.5,power,4.4906560344889224e-09,5.1438345764002e-07,5.023853096710355e-06,0.07290084573594828,4602.405231511085,24637.690852711585,60247.64371644397,24637.6908521972,True
f1:CWRU:cwru_X252:DE:train:216000-264000,CWRU,OR021@3,1746.0,48000,1024,0.5,log1p,6.701011209904422e-05,0.0007169478542040328,0.002238886864499923,0.23901813367691144,4.231799873412427,5.062366537755063,5.507175178351001,5.061649589900859,True
f1:CWRU:cwru_X252:DE:train:216000-264000,CWRU,OR021@3,1746.0,48000,1024,0.5,db,-83.47688912646797,-62.887138238928294,-52.98963263880276,-11.372674330021265,36.6298481276429,43.91599570706737,47.799400663351115,106.80313394599565,True
f1:CWRU:cwru_X252:DE:train:216000-264000,CWRU,OR021@3,1746.0,48000,2048,0.25,magnitude,4.470340917350768e-05,0.00093732817199626,0.003309696148156284,0.40612705801221805,101.27119345617561,195.39813732106705,285.10104178639745,195.39719999289505,True
f1:CWRU:cwru_X252:DE:train:216000-264000,CWRU,OR021@3,1746.0,48000,2048,0.25,power,1.9983947917340508e-09,8.787198052525609e-07,1.0954089366265177e-05,0.16493918725240142,10255.8546746709,38180.432072573494,81282.60402768914,38180.43207169478,True
f1:CWRU:cwru_X252:DE:train:216000-264000,CWRU,OR021@3,1746.0,48000,2048,0.25,log1p,4.470241000588917e-05,0.0009368890865356407,0.0033042311584585,0.34083915773454176,4.627628041989847,5.28014391171452,5.656345041386022,5.279207022627984,True
f1:CWRU:cwru_X252:DE:train:216000-264000,CWRU,OR021@3,1746.0,48000,2048,0.25,db,-86.99316767835808,-60.56283013363694,-49.60423755368647,-7.826761495799242,40.10971853983772,45.81840838729949,49.09997608531937,106.38123852093644,True
f1:CWRU:cwru_X252:DE:train:216000-264000,CWRU,OR021@3,1746.0,48000,2048,0.5,magnitude,4.470340917350768e-05,0.0008902050061524742,0.003233140923706442,0.4048848210161693,100.09333108587977,177.124650671055,240.43102374143967,177.12376046604885,True
f1:CWRU:cwru_X252:DE:train:216000-264000,CWRU,OR021@3,1746.0,48000,2048,0.5,power,1.9983947917340508e-09,7.924696677745791e-07,1.0453200238932523e-05,0.16393171828929545,10018.676377285914,31373.193121954188,57807.077177356725,31373.19312116172,True
f1:CWRU:cwru_X252:DE:train:216000-264000,CWRU,OR021@3,1746.0,48000,2048,0.5,log1p,4.470241000588917e-05,0.0008898090063179871,0.0032279255618965995,0.3399553215009007,4.61604408937497,5.182482780727898,5.486583816319141,5.18159297172158,True
f1:CWRU:cwru_X252:DE:train:216000-264000,CWRU,OR021@3,1746.0,48000,2048,0.5,db,-86.99316767835808,-61.01022412237927,-49.80750703951749,-7.853370087207903,40.00810222597793,44.96557302680694,47.61981011274186,105.9757971491862,True
f1:CWRU:cwru_X252:DE:train:216000-264000,CWRU,OR021@3,1746.0,48000,4096,0.25,magnitude,0.00015869614617899382,0.0014366420431620153,0.004793471274051514,0.599698872703648,150.28402807456186,248.29945336762967,331.2044595392127,248.2980167255865,True
f1:CWRU:cwru_X252:DE:train:216000-264000,CWRU,OR021@3,1746.0,48000,4096,0.25,power,2.5184466812064577e-08,2.063950488139359e-06,2.297736685662979e-05,0.35963873792202616,22585.28921919769,61652.626241559075,109696.39401866197,61652.626239495126,True
f1:CWRU:cwru_X252:DE:train:216000-264000,CWRU,OR021@3,1746.0,48000,4096,0.25,log1p,0.0001586835552776552,0.0014356110552499173,0.004782019172920155,0.4698154069728149,5.019159047883592,5.518654735883125,5.805750621349213,5.517219124827875,True
f1:CWRU:cwru_X252:DE:train:216000-264000,CWRU,OR021@3,1746.0,48000,4096,0.25,db,-75.98866691960123,-56.85304918927503,-46.386997236909735,-4.44133534926128,43.53825651551419,47.89951472643621,50.40192351517209,104.75256391571125,True
f1:CWRU:cwru_X252:DE:train:216000-264000,CWRU,OR021@3,1746.0,48000,4096,0.5,magnitude,0.0002310904118889243,0.0015323319770540159,0.00488021342499336,0.5876716919390952,149.4046074673264,251.4784098756695,331.2044595392127,251.47687754369247,True
f1:CWRU:cwru_X252:DE:train:216000-264000,CWRU,OR021@3,1746.0,48000,4096,0.5,power,5.3402778466992683e-08,2.3480717204329252e-06,2.3816494664657624e-05,0.345358019449262,22321.73866397184,63241.415509396444,109696.39401866197,63241.41550704837,True
f1:CWRU:cwru_X252:DE:train:216000-264000,CWRU,OR021@3,1746.0,48000,4096,0.5,log1p,0.00023106371461260132,0.0015311591391901148,0.0048683437796358245,0.4622685979538901,5.0133290031216,5.531325544239871,5.805750621349213,5.529794385100681,True
f1:CWRU:cwru_X252:DE:train:216000-264000,CWRU,OR021@3,1746.0,48000,4096,0.5,db,-72.72435770823479,-56.29299800387987,-46.231225631020294,-4.61730459664212,43.48727944093068,48.01001240139599,50.40192351517209,104.30301040527587,True
f1:CWRU:cwru_X253:DE:train:216000-264000,CWRU,OR021@3,1719.0,48000,256,0.25,magnitude,1.5505991601827418e-07,0.00023697431884629066,0.001109410703457239,0.13331080007403226,29.68126417178803,73.02015574386662,145.4995541855737,73.01991876954777,True
f1:CWRU:cwru_X253:DE:train:216000-264000,CWRU,OR021@3,1719.0,48000,256,0.25,power,2.404357755559424e-14,5.616050596932465e-08,1.2307921175886456e-06,0.017771769416378598,880.9774467570317,5331.945293160241,21170.12026820069,5331.9452931040805,True
f1:CWRU:cwru_X253:DE:train:216000-264000,CWRU,OR021@3,1719.0,48000,256,0.25,log1p,1.5505990399648665e-07,0.00023694624302929908,0.001108795762171391,0.12514326046873211,3.4236521786450616,4.304337234937623,4.987022385350605,4.3041002886945945,True
f1:CWRU:cwru_X253:DE:train:216000-264000,CWRU,OR021@3,1719.0,48000,256,0.25,db,-136.18440928275567,-72.50625424851897,-59.098152215921274,-17.502693295896556,29.449647866435555,37.26885334809333,43.25723325269302,109.7751075966123,True
f1:CWRU:cwru_X253:DE:train:216000-264000,CWRU,OR021@3,1719.0,48000,256,0.5,magnitude,1.3852996395780082e-05,0.0002768973285061572,0.0011257792901941622,0.13348125367117977,29.58749552036878,73.03143989446355,145.4995541855737,73.03116299713504,True
f1:CWRU:cwru_X253:DE:train:216000-264000,CWRU,OR021@3,1719.0,48000,256,0.5,power,1.9190550914149594e-10,7.667230418803772e-08,1.2673791863866206e-06,0.017817245184824984,875.4208464162828,5333.59293365524,21170.12026820069,5333.592933578568,True
f1:CWRU:cwru_X253:DE:train:216000-264000,CWRU,OR021@3,1719.0,48000,256,0.5,log1p,1.3852900443911657e-05,0.0002768589994294113,0.0011251460757963133,0.12529365234227804,3.420590771743139,4.304489709374359,4.987022385350605,4.304212850374929,True
f1:CWRU:cwru_X253:DE:train:216000-264000,CWRU,OR021@3,1719.0,48000,256,0.5,db,-97.16906287523508,-71.15363137354537,-58.9709347295043,-17.49159447974084,29.42215936406467,37.27019586466617,43.25723325269302,108.42382723821154,True
f1:CWRU:cwru_X253:DE:train:216000-264000,CWRU,OR021@3,1719.0,48000,512,0.25,magnitude,3.247021106433934e-06,0.0005028059401403482,0.0016390271269963587,0.18965714570560943,43.49169075240572,101.44669112800293,177.84977439794642,101.44618832206278,True
f1:CWRU:cwru_X253:DE:train:216000-264000,CWRU,OR021@3,1719.0,48000,512,0.25,power,1.0543146065627448e-11,2.5281384176015046e-07,2.6864099869381185e-06,0.035969833042442986,1891.5272080794598,10291.463946001884,31630.54225340044,10291.46394574907,True
f1:CWRU:cwru_X253:DE:train:216000-264000,CWRU,OR021@3,1719.0,48000,512,0.25,log1p,3.2470158348723123e-06,0.0005026795755756057,0.0016376853879007363,0.1736651527142804,3.795302436059026,4.629341014655743,5.186546204300521,4.628838335080168,True
f1:CWRU:cwru_X253:DE:train:216000-264000,CWRU,OR021@3,1719.0,48000,512,0.25,db,-109.77003026767001,-65.97199076322201,-55.70827674342717,-14.44061580564218,32.76812572632424,40.12474388886442,45.00106637241566,106.09673465208644,True
f1:CWRU:cwru_X253:DE:train:216000-264000,CWRU,OR021@3,1719.0,48000,512,0.5,magnitude,3.247021106433934e-06,0.0004601057903964581,0.0016081398396489638,0.18911221367004055,44.239578500075524,101.8100607322208,164.26229902818693,101.80960062643041,True
f1:CWRU:cwru_X253:DE:train:216000-264000,CWRU,OR021@3,1719.0,48000,512,0.5,power,1.0543146065627448e-11,2.1170193240417396e-07,2.586113760814761e-06,0.03576342959236713,1957.1403091845818,10365.367526578046,26982.1028820255,10365.367526366344,True
f1:CWRU:cwru_X253:DE:train:216000-264000,CWRU,OR021@3,1719.0,48000,512,0.5,log1p,3.2470158348723123e-06,0.00045999997188888735,0.0016068481673762495,0.1732069896827121,3.811972333418692,4.63287948563814,5.107533902759155,4.632419485666252,True
f1:CWRU:cwru_X253:DE:train:216000-264000,CWRU,OR021@3,1719.0,48000,512,0.5,db,-109.77003026767001,-66.74293882594158,-55.87352326491293,-14.465608457059858,32.916219602722315,40.15578089641869,44.31075793908336,106.89871972236027,True
f1:CWRU:cwru_X253:DE:train:216000-264000,CWRU,OR021@3,1719.0,48000,1024,0.25,magnitude,6.736020900621753e-06,0.000743240446300516,0.002459061243668739,0.27905539341028884,63.17530301733619,138.6579493626814,211.7133578628473,138.6572061222351,True
f1:CWRU:cwru_X253:DE:train:216000-264000,CWRU,OR021@3,1719.0,48000,1024,0.25,power,4.5373977573613096e-11,5.524083204213026e-07,6.046983785112011e-06,0.07787191259817022,3991.119042411126,19226.02750416218,44822.54589756204,19226.02750360977,True
f1:CWRU:cwru_X253:DE:train:216000-264000,CWRU,OR021@3,1719.0,48000,1024,0.25,log1p,6.735998213734846e-06,0.0007429643789224344,0.0024560426992897024,0.24612183159445633,4.161618432572819,4.93919619930337,5.359945521658088,4.938453234924448,True
f1:CWRU:cwru_X253:DE:train:216000-264000,CWRU,OR021@3,1719.0,48000,1024,0.25,db,-103.43180253348855,-62.57742751849339,-52.184613884047856,-11.086191583080488,36.010946530824825,42.838895329397346,46.5149652060332,105.41632284789074,True
f1:CWRU:cwru_X253:DE:train:216000-264000,CWRU,OR021@3,1719.0,48000,1024,0.5,magnitude,6.736020900621753e-06,0.0007529116034181655,0.002466542414699942,0.27884807168859976,63.30460619007567,139.69113101801656,211.7133578628473,139.69037810641314,True
f1:CWRU:cwru_X253:DE:train:216000-264000,CWRU,OR021@3,1719.0,48000,1024,0.5,power,4.5373977573613096e-11,5.668760352731085e-07,6.0838314835138424e-06,0.07775624708651795,4007.4735306478087,19513.630139690442,44822.54589756204,19513.630139123565,True
f1:CWRU:cwru_X253:DE:train:216000-264000,CWRU,OR021@3,1719.0,48000,1024,0.5,log1p,6.735998213734846e-06,0.0007526283075894982,0.002463505491732621,0.24595972874489802,4.163631220413225,4.946566470925464,5.359945521658088,4.945813842617874,True
f1:CWRU:cwru_X253:DE:train:216000-264000,CWRU,OR021@3,1719.0,48000,1024,0.5,db,-103.43180253348855,-62.46512021016681,-52.15822788791716,-11.092647085566128,36.02870583278813,42.903372650954644,46.5149652060332,105.36849286112145,True
f1:CWRU:cwru_X253:DE:train:216000-264000,CWRU,OR021@3,1719.0,48000,2048,0.25,magnitude,5.858600631493461e-05,0.001049832176436609,0.0036314576355840674,0.41172036576070187,93.68564925295728,174.46933198771245,279.8678998858184,174.468282155536,True
f1:CWRU:cwru_X253:DE:train:216000-264000,CWRU,OR021@3,1719.0,48000,2048,0.25,power,3.432320135933558e-09,1.1021713222202203e-06,1.3187484559936168e-05,0.1695136596347853,8777.000875965385,30439.551718422124,78326.04138649849,30439.55171731995,True
f1:CWRU:cwru_X253:DE:train:216000-264000,CWRU,OR021@3,1719.0,48000,2048,0.25,log1p,5.858429022189234e-05,0.0010492814761869865,0.0036248798132164257,0.3448090781991201,4.550562449668348,5.167464217546024,5.637884451630821,5.166414936069836,True
f1:CWRU:cwru_X253:DE:train:216000-264000,CWRU,OR021@3,1719.0,48000,2048,0.25,db,-84.64410729266748,-59.57769473283338,-48.79838011975521,-7.707953000861945,39.43346141699426,44.83438140609276,48.93906177769224,104.41207613892614,True
f1:CWRU:cwru_X253:DE:train:216000-264000,CWRU,OR021@3,1719.0,48000,2048,0.5,magnitude,5.858600631493461e-05,0.001013418748869611,0.003685715342187737,0.41160889147849405,93.47913618538077,176.14374009127727,239.28198128992221,176.1427266725284,True
f1:CWRU:cwru_X253:DE:train:216000-264000,CWRU,OR021@3,1719.0,48000,2048,0.5,power,3.432320135933558e-09,1.0270312075172658e-06,1.3584498208764404e-05,0.1694218795441547,8738.349529768284,31026.63945694071,57255.86657003068,31026.63945591368,True
f1:CWRU:cwru_X253:DE:train:216000-264000,CWRU,OR021@3,1719.0,48000,2048,0.5,log1p,5.858429022189234e-05,0.0010129055799491726,0.003678939736617004,0.34473011166460776,4.548378993843402,5.176961138400094,5.481813155702594,5.175948232820145,True
f1:CWRU:cwru_X253:DE:train:216000-264000,CWRU,OR021@3,1719.0,48000,2048,0.5,db,-84.64410729266748,-59.884277839226414,-48.66956415545037,-7.710305043509571,39.4142934988158,44.91734114797213,47.57819992120757,104.80161898719854,True
f1:CWRU:cwru_X253:DE:train:216000-264000,CWRU,OR021@3,1719.0,48000,4096,0.25,magnitude,5.02628188403761e-05,0.0015551677605318273,0.00495903572340014,0.5972992914419406,134.21468601704308,233.595959905848,295.6477750594676,233.59440473808746,True
f1:CWRU:cwru_X253:DE:train:216000-264000,CWRU,OR021@3,1719.0,48000,4096,0.25,power,2.5263509577804666e-09,2.41856625390318e-06,2.4592036968576347e-05,0.3567664435570443,18013.582027490516,54567.082985642,87407.60689761356,54567.08298322344,True
f1:CWRU:cwru_X253:DE:train:216000-264000,CWRU,OR021@3,1719.0,48000,4096,0.25,log1p,5.026155570722279e-05,0.0015539597297233156,0.004946780205256531,0.46831426021631783,4.906863779775579,5.4578646193919464,5.692545492455618,5.456310659662223,True
f1:CWRU:cwru_X253:DE:train:216000-264000,CWRU,OR021@3,1719.0,48000,4096,0.25,db,-85.97504589805172,-56.164489381442664,-46.09205538169531,-4.476160007406068,42.55600077418218,47.36930570929821,49.41549230001971,103.53379509074088,True
f1:CWRU:cwru_X253:DE:train:216000-264000,CWRU,OR021@3,1719.0,48000,4096,0.5,magnitude,5.02628188403761e-05,0.001583922112732089,0.004991512135070944,0.5934982374809458,130.76223046692584,234.45053789135127,295.6477750594676,234.44895396923854,True
f1:CWRU:cwru_X253:DE:train:216000-264000,CWRU,OR021@3,1719.0,48000,4096,0.5,power,2.5263509577804666e-09,2.508812649658937e-06,2.4915417201216893e-05,0.35224015791184193,17098.767554198486,54967.05880895516,87407.60689761356,54967.058806446345,True
f1:CWRU:cwru_X253:DE:train:216000-264000,CWRU,OR021@3,1719.0,48000,4096,0.5,log1p,5.026155570722279e-05,0.001582669029427238,0.004979095727833239,0.46593174880312066,4.880998822924018,5.461500824288998,5.692545492455618,5.459918155259571,True
f1:CWRU:cwru_X253:DE:train:216000-264000,CWRU,OR021@3,1719.0,48000,4096,0.5,db,-85.97504589805172,-56.0053288679018,-46.03539631237513,-4.531611327512293,42.32964471337095,47.401024345796,49.41549230001971,103.4063532136978,True
f1:CWRU:cwru_X262:DE:train:48000-96000,CWRU,OR021@12,1796.0,48000,256,0.25,magnitude,1.2119837968782576e-06,0.00023238870376440673,0.0009998999344346207,0.03453900364729905,15.34463663493153,83.47442602110173,253.93252562166992,83.47419363239797,True
f1:CWRU:cwru_X262:DE:train:48000-96000,CWRU,OR021@12,1796.0,48000,256,0.25,power,1.4689047238954376e-12,5.400458280364965e-08,9.998005690296506e-07,0.0011929427729481374,235.45787781731389,6967.98733026641,64481.72756860005,6967.987330212405,True
f1:CWRU:cwru_X262:DE:train:48000-96000,CWRU,OR021@12,1796.0,48000,256,0.25,log1p,1.211983062426489e-06,0.00023236170565563892,0.0009994003671343723,0.0339559203900651,2.79389980080888,4.436448310047614,5.540998904739023,4.4362159483419585,True
f1:CWRU:cwru_X262:DE:train:48000-96000,CWRU,OR021@12,1796.0,48000,256,0.25,db,-118.32934708749022,-72.67570187339489,-60.00087133196419,-29.233803869992236,23.719132093275572,38.43106413410405,48.094366643969344,111.10676600749893,True
f1:CWRU:cwru_X262:DE:train:48000-96000,CWRU,OR021@12,1796.0,48000,256,0.5,magnitude,1.2119837968782576e-06,0.00024250416282024326,0.00100239206799231,0.034346350064261816,15.257375326018677,84.59311765977064,253.93252562166992,84.59287515560781,True
f1:CWRU:cwru_X262:DE:train:48000-96000,CWRU,OR021@12,1796.0,48000,256,0.5,power,1.4689047238954376e-12,5.8808270073268455e-08,1.0047913793068183e-06,0.0011796717743029006,232.78751227320947,7156.489612583663,64481.72756860005,7156.489612524855,True
f1:CWRU:cwru_X262:DE:train:48000-96000,CWRU,OR021@12,1796.0,48000,256,0.5,log1p,1.211983062426489e-06,0.00024247476343809246,0.001001890007783109,0.03376968137122338,2.788546652286483,4.449570938480503,5.540998904739023,4.449328463717064,True
f1:CWRU:cwru_X262:DE:train:48000-96000,CWRU,OR021@12,1796.0,48000,256,0.5,db,-118.32934708749022,-72.30561253679598,-59.979253280109994,-29.28238817696241,23.669596402449212,38.54639878550533,48.094366643969344,110.85201132230131,True
f1:CWRU:cwru_X262:DE:train:48000-96000,CWRU,OR021@12,1796.0,48000,512,0.25,magnitude,1.5624418676196683e-05,0.0004239785874625708,0.0014627270196475234,0.049815443252675395,27.389248066807752,128.46337988360682,363.21931860386775,128.46295590501936,True
f1:CWRU:cwru_X262:DE:train:48000-96000,CWRU,OR021@12,1796.0,48000,512,0.25,power,2.441224589690837e-10,1.7976137840703878e-07,2.139570356851893e-06,0.002481578387005399,750.1709369680572,16502.862116417014,131928.27340705798,16502.862116237255,True
f1:CWRU:cwru_X262:DE:train:48000-96000,CWRU,OR021@12,1796.0,48000,512,0.25,log1p,1.562429661623861e-05,0.0004238887321712811,0.0014616582765284742,0.048614380389336076,3.346010467337444,4.8633973999116185,5.897756209829253,4.862973511179447,True
f1:CWRU:cwru_X262:DE:train:48000-96000,CWRU,OR021@12,1796.0,48000,512,0.25,db,-96.12386705022688,-67.4532050106489,-56.69673377654761,-26.052720003942248,28.751602031354558,42.17558105720485,51.20337878706785,109.62878606785375,True
f1:CWRU:cwru_X262:DE:train:48000-96000,CWRU,OR021@12,1796.0,48000,512,0.5,magnitude,1.5624418676196683e-05,0.0003892172246296026,0.001472259812866184,0.04982813077904058,27.35464781985073,132.81194407897542,323.31232162225126,132.81155486175078,True
f1:CWRU:cwru_X262:DE:train:48000-96000,CWRU,OR021@12,1796.0,48000,512,0.5,power,2.441224589690837e-10,1.5149443684847305e-07,2.1675489910868005e-06,0.0024828426169492767,748.2767685219427,17639.123926062875,104530.85731277004,17639.123925911383,True
f1:CWRU:cwru_X262:DE:train:48000-96000,CWRU,OR021@12,1796.0,48000,512,0.5,log1p,1.562429661623861e-05,0.00038914149706132414,0.0014711771009292462,0.04862646579923527,3.3447909540447474,4.896432307877288,5.781707007109696,4.896043166380227,True
f1:CWRU:cwru_X262:DE:train:48000-96000,CWRU,OR021@12,1796.0,48000,512,0.5,db,-96.12386705022688,-68.19628324641043,-56.640310326126716,-26.050508070030034,28.74062249076202,42.464715309604614,50.1924451228915,110.66099855601504,True
f1:CWRU:cwru_X262:DE:train:48000-96000,CWRU,OR021@12,1796.0,48000,1024,0.25,magnitude,1.4189865250759207e-05,0.0005911069627838579,0.002194048737872131,0.07301649417516966,37.03038181067864,185.41835215433954,383.6167042177312,185.41776104737676,True
f1:CWRU:cwru_X262:DE:train:48000-96000,CWRU,OR021@12,1796.0,48000,1024,0.25,power,2.0135227583470365e-10,3.494075405012533e-07,4.8138498754870034e-06,0.005331408421776088,1371.2500757927726,34380.12988594211,147161.77575487425,34380.1298855927,True
f1:CWRU:cwru_X262:DE:train:48000-96000,CWRU,OR021@12,1796.0,48000,1024,0.25,log1p,1.4189764575573666e-05,0.0005909323278288827,0.0021916453277583477,0.07047383554821632,3.638385051376234,5.22799098383195,5.952247264914916,5.227400051504121,True
f1:CWRU:cwru_X262:DE:train:48000-96000,CWRU,OR021@12,1796.0,48000,1024,0.25,db,-96.9603733613537,-64.56667826085364,-53.1750742019443,-22.731580451534438,31.371160957360896,45.363033539668066,51.677950196858866,109.9297118005217,True
f1:CWRU:cwru_X262:DE:train:48000-96000,CWRU,OR021@12,1796.0,48000,1024,0.5,magnitude,1.4189865250759207e-05,0.0005823692826863747,0.002167531999782365,0.07289433666228232,37.00794884962121,180.0531011115835,383.6167042177312,180.0525187423008,True
f1:CWRU:cwru_X262:DE:train:48000-96000,CWRU,OR021@12,1796.0,48000,1024,0.5,power,2.0135227583470365e-10,3.391579439497904e-07,4.698194979421576e-06,0.005313584317681617,1369.589007926628,32419.86697358353,147161.77575487425,32419.86697324437,True
f1:CWRU:cwru_X262:DE:train:48000-96000,CWRU,OR021@12,1796.0,48000,1024,0.5,log1p,1.4189764575573666e-05,0.000582199769525587,0.0021651862912799463,0.07035998411383955,3.6377950659780933,5.198778902631167,5.952247264914916,5.198196702861641,True
f1:CWRU:cwru_X262:DE:train:48000-96000,CWRU,OR021@12,1796.0,48000,1024,0.5,db,-96.9603733613537,-64.69607987536357,-53.280689252174874,-22.746124223535247,31.36589799362874,45.107911446632095,51.677950196858866,109.80399132199565,True
f1:CWRU:cwru_X262:DE:train:48000-96000,CWRU,OR021@12,1796.0,48000,2048,0.25,magnitude,4.1285337573526704e-05,0.0009418800751471002,0.003126945500673902,0.10745232083981639,59.629993027290865,254.79039084155414,418.77206939192433,254.789448961479,True
f1:CWRU:cwru_X262:DE:train:48000-96000,CWRU,OR021@12,1796.0,48000,2048,0.25,power,1.7044790985600558e-09,8.871452599186114e-07,9.777788182483035e-06,0.011546001261916974,3555.7369791821748,64918.15890146173,175370.0461027947,64918.158900574585,True
f1:CWRU:cwru_X262:DE:train:48000-96000,CWRU,OR021@12,1796.0,48000,2048,0.25,log1p,4.128448535743336e-05,0.0009414367808531924,0.003122066774277969,0.10206217084670566,4.10478958120006,5.544358203780117,6.039711872042863,5.543416766999264,True
f1:CWRU:cwru_X262:DE:train:48000-96000,CWRU,OR021@12,1796.0,48000,2048,0.25,db,-87.68406216140691,-60.52012197382463,-50.09759348996942,-19.37568399168844,35.509294058868925,48.12365985357645,52.43955416150054,108.64378182740109,True
f1:CWRU:cwru_X262:DE:train:48000-96000,CWRU,OR021@12,1796.0,48000,2048,0.5,magnitude,4.1285337573526704e-05,0.0009041937690377136,0.0031222223437656566,0.10828513950133913,58.92314139098493,273.7238975132527,418.77206939192433,273.7229933194837,True
f1:CWRU:cwru_X262:DE:train:48000-96000,CWRU,OR021@12,1796.0,48000,2048,0.5,power,1.7044790985600558e-09,8.175665511159887e-07,9.748276860782693e-06,0.011725671436824474,3471.9366522624846,74924.776791028,175370.0461027947,74924.77679021042,True
f1:CWRU:cwru_X262:DE:train:48000-96000,CWRU,OR021@12,1796.0,48000,2048,0.5,log1p,4.128448535743336e-05,0.0009037852320081409,0.003117358327075823,0.1028139013376014,4.09306275577483,5.6157665529800544,6.039711872042863,5.614862767748046,True
f1:CWRU:cwru_X262:DE:train:48000-96000,CWRU,OR021@12,1796.0,48000,2048,0.5,db,-87.68406216140691,-60.874769792208554,-50.110725176655315,-19.308622784752423,35.40571777361992,48.746254030676916,52.43955416150054,109.62102382288546,True
f1:CWRU:cwru_X262:DE:train:48000-96000,CWRU,OR021@12,1796.0,48000,4096,0.25,magnitude,0.00015781231167779215,0.0013304948396096466,0.0043407636232751,0.1554479622064554,115.67918744773291,307.5058128402674,454.09751876659215,307.5044823454278,True
f1:CWRU:cwru_X262:DE:train:48000-96000,CWRU,OR021@12,1796.0,48000,4096,0.25,power,2.4904725717088612e-08,1.7702217565847098e-06,1.8842228951469688e-05,0.024164068954139587,13381.674422338892,94559.82641433351,206204.5565499755,94559.82641256328,True
f1:CWRU:cwru_X262:DE:train:48000-96000,CWRU,OR021@12,1796.0,48000,4096,0.25,log1p,0.00015779986062486936,0.0013296105130437173,0.0043313696835700875,0.14448811484710802,4.759428180531622,5.7317406776412385,6.120511722945752,5.730411067128195,True
f1:CWRU:cwru_X262:DE:train:48000-96000,CWRU,OR021@12,1796.0,48000,4096,0.25,db,-76.03717686521881,-57.519748271899594,-47.2486770885184,-16.168299330873484,41.26510458344642,49.757066526628705,53.142982577597486,107.2768147985283,True
f1:CWRU:cwru_X262:DE:train:48000-96000,CWRU,OR021@12,1796.0,48000,4096,0.5,magnitude,0.00016701852862865962,0.0012944317378573045,0.00434872840476941,0.15727156912943446,112.83959672225272,311.6390772862387,450.2836862511498,311.63778285450087,True
f1:CWRU:cwru_X262:DE:train:48000-96000,CWRU,OR021@12,1796.0,48000,4096,0.5,power,2.7895188905282394e-08,1.675553547799049e-06,1.891145141096631e-05,0.02473434647354893,12732.77896770971,97119.62339652656,202755.39810392392,97119.623394851,True
f1:CWRU:cwru_X262:DE:train:48000-96000,CWRU,OR021@12,1796.0,48000,4096,0.5,log1p,0.00016700458258701693,0.0012935946833455118,0.004339300003588238,0.14606513901179824,4.73479024240284,5.74504577031681,6.112096157832923,5.743752175633464,True
f1:CWRU:cwru_X262:DE:train:48000-96000,CWRU,OR021@12,1796.0,48000,4096,0.5,db,-75.54470173160712,-57.75841633552996,-47.23275701030524,-16.06699560047567,41.04922901425508,49.87300631289337,53.06972425574082,107.63142264842332,True
f1:CWRU:cwru_X264:DE:train:216000-264000,CWRU,OR021@12,1746.0,48000,256,0.25,magnitude,4.324394798915776e-06,0.00024134066951897026,0.0009892668694558586,0.033156938401978316,13.477971448115966,65.5339751648898,217.89971156474505,65.53373382422028,True
f1:CWRU:cwru_X264:DE:train:216000-264000,CWRU,OR021@12,1746.0,48000,256,0.25,power,1.8700390376889814e-11,5.8247240459879455e-08,9.786489420353726e-07,0.0010993825641925842,181.65578055042445,4294.712909585504,47480.28429999909,4294.712909527257,True
f1:CWRU:cwru_X264:DE:train:216000-264000,CWRU,OR021@12,1746.0,48000,256,0.25,log1p,4.324385448747543e-06,0.0002413115505840112,0.0009887778674605855,0.03261910347899385,2.672628125913421,4.197711477756257,5.38861368687032,4.197470166205672,True
f1:CWRU:cwru_X264:DE:train:216000-264000,CWRU,OR021@12,1746.0,48000,256,0.25,db,-107.28129241766418,-72.34752911220059,-60.09372983944009,-29.588511524484886,22.59248905828564,36.32931910529778,46.76513310736851,108.67684821749836,True
f1:CWRU:cwru_X264:DE:train:216000-264000,CWRU,OR021@12,1746.0,48000,256,0.5,magnitude,4.324394798915776e-06,0.0002610588137714027,0.0010102864033757861,0.03325270631781603,13.407894189228417,65.41728599059977,203.57415064274818,65.41702493178599,True
f1:CWRU:cwru_X264:DE:train:216000-264000,CWRU,OR021@12,1746.0,48000,256,0.5,power,1.8700390376889814e-11,6.815439535852289e-08,1.0206786361138283e-06,0.001105742479601891,179.77163220435182,4280.562139455855,41442.43480991633,4280.5621393877,True
f1:CWRU:cwru_X264:DE:train:216000-264000,CWRU,OR021@12,1746.0,48000,256,0.5,log1p,4.324385448747543e-06,0.0002610247425038009,0.0010097764075234223,0.03271179363374031,2.667776250432123,4.195826359407719,5.320930504591302,4.195565334665215,True
f1:CWRU:cwru_X264:DE:train:216000-264000,CWRU,OR021@12,1746.0,48000,256,0.5,db,-107.28129241766418,-71.66540011332809,-59.911109058000555,-29.56346004751997,22.547211344176496,36.31267735507125,46.17445262988758,107.97807746839933,True
f1:CWRU:cwru_X264:DE:train:216000-264000,CWRU,OR021@12,1746.0,48000,512,0.25,magnitude,5.013687366606234e-06,0.0004530891699633392,0.0014566780014490868,0.04755146295421138,19.771342939537615,91.41595181928385,293.7752694428963,91.41549873011388,True
f1:CWRU:cwru_X264:DE:train:216000-264000,CWRU,OR021@12,1746.0,48000,512,0.25,power,2.5137061010066956e-11,2.0529061105210113e-07,2.1219108009846527e-06,0.0022611416297897693,390.90600204900574,8356.879689544763,86303.9089362463,8356.879689339472,True
f1:CWRU:cwru_X264:DE:train:216000-264000,CWRU,OR021@12,1746.0,48000,512,0.25,log1p,5.013674798117739e-06,0.000452986555652511,0.0014556180752378742,0.046455500918926154,3.033574292972502,4.52629940098406,5.686213267525236,4.525846414428408,True
f1:CWRU:cwru_X264:DE:train:216000-264000,CWRU,OR021@12,1746.0,48000,512,0.25,db,-105.99668176602324,-66.87634170634016,-56.73272817353047,-26.45672232600102,25.920723378073927,39.220437920865095,49.36030466526585,106.09677962720525,True
f1:CWRU:cwru_X264:DE:train:216000-264000,CWRU,OR021@12,1746.0,48000,512,0.5,magnitude,4.722722802799399e-05,0.00044156754824221353,0.0014723489171989729,0.047321748475409216,19.642035581039423,93.89665870674239,285.5668690540251,93.89621713919415,True
f1:CWRU:cwru_X264:DE:train:216000-264000,CWRU,OR021@12,1746.0,48000,512,0.5,power,2.230411067208141e-09,1.9499629459125683e-07,2.167811351289513e-06,0.0022393478826712642,385.8095784393754,8816.58354756168,81548.43670131873,8816.583547366685,True
f1:CWRU:cwru_X264:DE:train:216000-264000,CWRU,OR021@12,1746.0,48000,512,0.5,log1p,4.722611285757119e-05,0.0004414700787909679,0.0014712660742747744,0.04623618981217628,3.02732953927292,4.552788439187242,5.6579719087608185,4.55234696910845,True
f1:CWRU:cwru_X264:DE:train:216000-264000,CWRU,OR021@12,1746.0,48000,512,0.5,db,-86.51613249457395,-67.10037849500736,-56.639784618916586,-26.498784332141916,25.86372968052021,39.45300225741969,49.114156399504985,106.55338075242705,True
f1:CWRU:cwru_X264:DE:train:216000-264000,CWRU,OR021@12,1746.0,48000,1024,0.25,magnitude,2.9674821249159322e-06,0.0005847218005550097,0.002126464071014068,0.06944719867258357,31.230179861072653,145.97228662884527,350.68404376564484,145.97170190704472,True
f1:CWRU:cwru_X264:DE:train:216000-264000,CWRU,OR021@12,1746.0,48000,1024,0.25,power,8.805950161695576e-12,3.4193178907154117e-07,4.5218571321045076e-06,0.004822913403626034,975.3243133327254,21308.67962062336,122979.29855182472,21308.67962028143,True
f1:CWRU:cwru_X264:DE:train:216000-264000,CWRU,OR021@12,1746.0,48000,1024,0.25,log1p,2.967477721949562e-06,0.0005845509012888188,0.0021242063425446493,0.0671418782163998,3.4729031901844967,4.990226160371673,5.862733169572844,4.989641609470384,True
f1:CWRU:cwru_X264:DE:train:216000-264000,CWRU,OR021@12,1746.0,48000,1024,0.25,db,-110.55194507069038,-64.6614207116447,-53.446846008212475,-23.166905346298336,29.891488911418644,43.28525076332159,50.89832011591129,107.94667147496628,True
f1:CWRU:cwru_X264:DE:train:216000-264000,CWRU,OR021@12,1746.0,48000,1024,0.5,magnitude,2.9674821249159322e-06,0.0005004382694843208,0.0021021791513840932,0.06929096252800819,31.044485230370345,157.55989381232706,311.24948021302305,157.55939337405758,True
f1:CWRU:cwru_X264:DE:train:216000-264000,CWRU,OR021@12,1746.0,48000,1024,0.5,power,8.805950161695576e-12,2.504392388921612e-07,4.419157522095013e-06,0.0048012374890410055,963.7600649821092,24825.124059966507,96876.23893287702,24825.12405971607,True
f1:CWRU:cwru_X264:DE:train:216000-264000,CWRU,OR021@12,1746.0,48000,1024,0.5,log1p,2.967477721949562e-06,0.0005003130916259203,0.002099972664369745,0.06699577697962934,3.4671251000076206,5.066132322853905,5.743802484354255,5.065632009762279,True
f1:CWRU:cwru_X264:DE:train:216000-264000,CWRU,OR021@12,1746.0,48000,1024,0.5,db,-110.55194507069038,-66.01300144731583,-53.54660542673182,-23.18646810424623,29.839689250299344,43.94891290251579,49.86217269664543,109.96191434983162,True
f1:CWRU:cwru_X264:DE:train:216000-264000,CWRU,OR021@12,1746.0,48000,2048,0.25,magnitude,1.3527659878828149e-05,0.0009208583634294907,0.002991758940083288,0.10266377581742163,47.64806398210706,214.62404522095423,360.2707241920803,214.6231243625908,True
f1:CWRU:cwru_X264:DE:train:216000-264000,CWRU,OR021@12,1746.0,48000,2048,0.25,power,1.8299758179725682e-10,8.479806811079334e-07,8.950625795358934e-06,0.010539850868856074,2270.35122148997,46063.546126258145,129794.994709886,46063.54612541016,True
f1:CWRU:cwru_X264:DE:train:216000-264000,CWRU,OR021@12,1746.0,48000,2048,0.25,log1p,1.3527568380862418e-05,0.0009204346331996761,0.002987292533251666,0.09772886679919163,3.8846092197900206,5.37353565650184,5.889627605786919,5.3726152218686405,True
f1:CWRU:cwru_X264:DE:train:216000-264000,CWRU,OR021@12,1746.0,48000,2048,0.25,db,-97.37548228358393,-60.71614516439045,-50.48146981726864,-19.77165533492076,33.56087989413183,46.63356135733258,51.13257945070217,107.34970652172302,True
f1:CWRU:cwru_X264:DE:train:216000-264000,CWRU,OR021@12,1746.0,48000,2048,0.5,magnitude,5.321066246034581e-05,0.0008924990216415195,0.002962430683563474,0.10050538458416308,47.26045241673976,167.73830705410623,327.7250507747804,167.7374145550846,True
f1:CWRU:cwru_X264:DE:train:216000-264000,CWRU,OR021@12,1746.0,48000,2048,0.5,power,2.8313745994688546e-09,7.965545370347293e-07,8.776019231181763e-06,0.010101332330410526,2233.550362705164,28136.142533677063,107403.7089053324,28136.14253288051,True
f1:CWRU:cwru_X264:DE:train:216000-264000,CWRU,OR021@12,1746.0,48000,2048,0.5,log1p,5.3209246823263845e-05,0.0008921009811892254,0.0029580513209015906,0.09576951482489737,3.8766124347076905,5.128348985215993,5.795221689432718,5.127456884234804,True
f1:CWRU:cwru_X264:DE:train:216000-264000,CWRU,OR021@12,1746.0,48000,2048,0.5,db,-85.48001035995755,-60.98784423464814,-50.56704746185597,-19.956213396517043,33.4899574948368,44.492644664495664,50.31019278843391,105.48048889914381,True
f1:CWRU:cwru_X264:DE:train:216000-264000,CWRU,OR021@12,1746.0,48000,4096,0.25,magnitude,3.521872277422357e-05,0.0013450771037920419,0.004341283329439689,0.148543973934383,80.77676221235676,262.940401264048,420.2468799022579,262.9390561869442,True
f1:CWRU:cwru_X264:DE:train:216000-264000,CWRU,OR021@12,1746.0,48000,4096,0.25,power,1.240358433847614e-09,1.8092338204167322e-06,1.8846743353047437e-05,0.022065312192218658,6524.885319529756,69138.1322465884,176607.44006758276,69138.13224477916,True
f1:CWRU:cwru_X264:DE:train:216000-264000,CWRU,OR021@12,1746.0,48000,4096,0.25,log1p,3.521810260956754e-05,0.0013441732972519695,0.004331887142295027,0.13849503055891343,4.403993122266656,5.575719881396153,6.043219074878922,5.574375708098901,True
f1:CWRU:cwru_X264:DE:train:216000-264000,CWRU,OR021@12,1746.0,48000,4096,0.25,db,-89.06450329741646,-57.42505912055807,-47.24763774297005,-16.5628992295049,38.14572882178342,48.3971162890814,52.47008995460523,105.82217540963947,True
f1:CWRU:cwru_X264:DE:train:216000-264000,CWRU,OR021@12,1746.0,48000,4096,0.5,magnitude,4.6786402830178986e-05,0.0012123273400028631,0.004380800018406403,0.1475898457611431,84.86191389499395,250.7926707073692,333.50725892249005,250.7914583800292,True
f1:CWRU:cwru_X264:DE:train:216000-264000,CWRU,OR021@12,1746.0,48000,4096,0.5,power,2.18896748978778e-09,1.4697663879616147e-06,1.9191409201669738e-05,0.02178276264822373,7201.544432660562,62896.96835033804,111227.09175399282,62896.96834886827,True
f1:CWRU:cwru_X264:DE:train:216000-264000,CWRU,OR021@12,1746.0,48000,4096,0.5,log1p,4.678530838057086e-05,0.0012115930502387484,0.004371232246625969,0.13766395681810212,4.452740353242635,5.5286059767412565,5.812658580147443,5.527394383691018,True
f1:CWRU:cwru_X264:DE:train:216000-264000,CWRU,OR021@12,1746.0,48000,4096,0.5,db,-86.59758831963038,-58.327685635559064,-47.1689313267759,-16.618870431644645,38.57425644248333,47.98629648339815,50.46210581906739,106.31398211895721,True
f1:CWRU:cwru_X265:DE:train:216000-264000,CWRU,OR021@12,1718.0,48000,256,0.25,magnitude,3.5634991960575846e-06,0.00023992330873288606,0.0009802563178856563,0.03184025932489046,12.383459325402491,52.97319757446594,163.15267942267553,52.97295765115721,True
f1:CWRU:cwru_X265:DE:train:216000-264000,CWRU,OR021@12,1718.0,48000,256,0.25,power,1.2698526520303052e-11,5.756367442808438e-08,9.609024496383129e-07,0.0010138021138762737,153.35007574749207,2806.1615139414125,26618.796802798333,2806.161513883849,True
f1:CWRU:cwru_X265:DE:train:216000-264000,CWRU,OR021@12,1718.0,48000,256,0.25,log1p,3.563492846809408e-06,0.00023989453149854306,0.0009797761804070844,0.03134386760267197,2.5940195354038735,3.9884872640452387,5.10079696682794,3.98824736951374,True
f1:CWRU:cwru_X265:DE:train:216000-264000,CWRU,OR021@12,1718.0,48000,256,0.25,db,-108.96222295425741,-72.39858373975383,-60.1732061165414,-29.940468048373674,21.856839332029814,34.48112090507351,44.25188421022177,106.87970464482734,True
f1:CWRU:cwru_X265:DE:train:216000-264000,CWRU,OR021@12,1718.0,48000,256,0.5,magnitude,3.5634991960575846e-06,0.00024780028909530727,0.0010023161806062108,0.03192982769489325,12.342833561351222,52.9397633339382,157.18461858575697,52.93951553364911,True
f1:CWRU:cwru_X265:DE:train:216000-264000,CWRU,OR021@12,1718.0,48000,256,0.5,power,1.2698526520303052e-11,6.140506317139429e-08,1.0046383193774663e-06,0.0010195138970676624,152.3455455167679,2802.6319071558514,24707.004319949894,2802.6319070944464,True
f1:CWRU:cwru_X265:DE:train:216000-264000,CWRU,OR021@12,1718.0,48000,256,0.5,log1p,3.563492846809408e-06,0.00024776959163485645,0.0010018141968498766,0.03143066832762499,2.5909794142409712,3.987865629377751,5.063762822956557,3.9876178597861163,True
f1:CWRU:cwru_X265:DE:train:216000-264000,CWRU,OR021@12,1718.0,48000,256,0.5,db,-108.96222295425741,-72.11796596626594,-59.97990687219733,-29.91606847602342,21.828297306561947,34.47561916254867,43.92820091166107,106.59358512881461,True
f1:CWRU:cwru_X265:DE:train:216000-264000,CWRU,OR021@12,1718.0,48000,512,0.25,magnitude,1.4175965481477704e-06,0.00038698119046236187,0.0014067941737337182,0.04542327377573534,18.026868836354634,75.9193276272745,252.01874972556658,75.91894064608404,True
f1:CWRU:cwru_X265:DE:train:216000-264000,CWRU,OR021@12,1718.0,48000,512,0.25,power,2.009579973320474e-12,1.4975602856202063e-07,1.9790698494921452e-06,0.0020632738005080505,324.9680006580531,5763.826514594857,63513.45021323777,5763.826514445102,True
f1:CWRU:cwru_X265:DE:train:216000-264000,CWRU,OR021@12,1718.0,48000,512,0.25,log1p,1.4175955433587333e-06,0.0003869063317604735,0.0014058055658788735,0.044421850082857636,2.945852128631436,4.342750239512125,5.53346359556876,4.342363333180365,True
f1:CWRU:cwru_X265:DE:train:216000-264000,CWRU,OR021@12,1718.0,48000,512,0.25,db,-116.96833436145411,-68.24624668954391,-57.035388167306365,-26.854431345560606,25.11840596811271,37.606985185458875,48.02865705368472,105.85323187500279,True
f1:CWRU:cwru_X265:DE:train:216000-264000,CWRU,OR021@12,1718.0,48000,512,0.5,magnitude,1.4175965481477704e-06,0.00040132361411318926,0.001421139069838192,0.04570258364683361,17.986935770616842,74.42294834876974,252.01874972556658,74.42254702515562,True
f1:CWRU:cwru_X265:DE:train:216000-264000,CWRU,OR021@12,1718.0,48000,512,0.5,power,2.009579973320474e-12,1.6107346022609946e-07,2.019636287731866e-06,0.0020887261520139205,323.5298673047685,5538.782435234206,63513.45021323777,5538.782435073133,True
f1:CWRU:cwru_X265:DE:train:216000-264000,CWRU,OR021@12,1718.0,48000,512,0.5,log1p,1.4175955433587333e-06,0.00040124309892752396,0.0014201302074037933,0.04468898835362263,2.9437511393065763,4.323110951836931,5.53346359556876,4.322709708738003,True
f1:CWRU:cwru_X265:DE:train:216000-264000,CWRU,OR021@12,1718.0,48000,512,0.5,db,-116.96833436145411,-67.9304522933261,-56.94726787337513,-26.801184937251865,25.09914355745182,37.434131787224615,48.02865705368472,105.36458408055071,True
f1:CWRU:cwru_X265:DE:train:216000-264000,CWRU,OR021@12,1718.0,48000,1024,0.25,magnitude,1.9884642372680617e-05,0.0005781294244224116,0.0021147324927597304,0.06688231711893428,27.155918941035708,109.28848474401906,291.2893866978781,109.28790661459463,True
f1:CWRU:cwru_X265:DE:train:216000-264000,CWRU,OR021@12,1718.0,48000,1024,0.25,power,3.953990022894054e-10,3.3423385224353276e-07,4.472093522613383e-06,0.004473244343202325,737.4439358937022,11944.112212920345,84849.50680282597,11944.112212586111,True
f1:CWRU:cwru_X265:DE:train:216000-264000,CWRU,OR021@12,1718.0,48000,1024,0.25,log1p,1.9884444675800222e-05,0.0005779623718786013,0.002112499593434133,0.06474067300250487,3.3377575953291134,4.703093788825784,5.67774436183732,4.702515826453905,True
f1:CWRU:cwru_X265:DE:train:216000-264000,CWRU,OR021@12,1718.0,48000,1024,0.25,db,-94.02960062747803,-64.75949989169848,-53.494890830715896,-23.493773772999205,28.677290059295764,40.7714373842361,49.2864932227646,105.53093727593458,True
f1:CWRU:cwru_X265:DE:train:216000-264000,CWRU,OR021@12,1718.0,48000,1024,0.5,magnitude,3.134737396237597e-05,0.0005692581333741297,0.0021147439161044485,0.06702428366257503,27.68897774999892,113.36690634342341,271.2964131152878,113.36633708529004,True
f1:CWRU:cwru_X265:DE:train:216000-264000,CWRU,OR021@12,1718.0,48000,1024,0.5,power,9.826578543370468e-10,3.240723022580391e-07,4.4721418345747845e-06,0.004492254625276158,766.6794960666323,12852.37453915559,73601.7437692209,12852.374538831516,True
f1:CWRU:cwru_X265:DE:train:216000-264000,CWRU,OR021@12,1718.0,48000,1024,0.5,log1p,3.134688264371647e-05,0.0005690961586970203,0.002112510992673843,0.06487373087128176,3.356512994087579,4.739399496892314,5.606891227045352,4.738830400733617,True
f1:CWRU:cwru_X265:DE:train:216000-264000,CWRU,OR021@12,1718.0,48000,1024,0.5,db,-90.0759489935718,-64.89404610422044,-53.4948439087523,-23.475356389857367,28.84613840537903,41.08961752696597,48.668881037451456,105.9836636311864,True
f1:CWRU:cwru_X265:DE:train:216000-264000,CWRU,OR021@12,1718.0,48000,2048,0.25,magnitude,6.181928560936457e-05,0.0008679884547756354,0.0029911392680856594,0.09783995856750768,41.95751780168482,156.0629217241823,307.39649420847593,156.06205373572752,True
f1:CWRU:cwru_X265:DE:train:216000-264000,CWRU,OR021@12,1718.0,48000,2048,0.25,power,3.821624073252189e-09,7.534073609774979e-07,8.946915196633713e-06,0.00957265749440854,1760.4333079846947,24355.650503538138,94492.60465166158,24355.65050278473,True
f1:CWRU:cwru_X265:DE:train:216000-264000,CWRU,OR021@12,1718.0,48000,2048,0.25,log1p,6.181737487607431e-05,0.0008676119689382724,0.0029866747110152136,0.09334457523843498,3.7602116670987855,5.056646196841296,5.7313862739477655,5.055778584872358,True
f1:CWRU:cwru_X265:DE:train:216000-264000,CWRU,OR021@12,1718.0,48000,2048,0.25,db,-84.17750630955283,-61.229739613353786,-50.48326754476777,-20.189674789658554,32.45619573066218,43.86599199522161,49.75397820312148,105.09573160857539,True
f1:CWRU:cwru_X265:DE:train:216000-264000,CWRU,OR021@12,1718.0,48000,2048,0.5,magnitude,6.181928560936457e-05,0.0008223815101402465,0.0029124540728953318,0.09732310692134852,41.61586918284148,142.4470226737472,294.0064402499253,142.44620029223705,True
f1:CWRU:cwru_X265:DE:train:216000-264000,CWRU,OR021@12,1718.0,48000,2048,0.5,power,3.821624073252189e-09,6.763592508846072e-07,8.482394548646058e-06,0.009471787140824237,1731.881361708774,20291.300697964543,86439.78690843288,20291.300697288185,True
f1:CWRU:cwru_X265:DE:train:216000-264000,CWRU,OR021@12,1718.0,48000,2048,0.5,log1p,6.181737487607431e-05,0.0008220435158354433,0.0029082210925478412,0.09287367477280412,3.7522264812584263,4.965962214470575,5.686997187457198,4.965140170954739,True
f1:CWRU:cwru_X265:DE:train:216000-264000,CWRU,OR021@12,1718.0,48000,2048,0.5,db,-84.17750630955283,-61.69883593235332,-50.714820968433266,-20.235680695053006,32.38517740166197,43.07303605787779,49.367136875890345,104.77187199023112,True
f1:CWRU:cwru_X265:DE:train:216000-264000,CWRU,OR021@12,1718.0,48000,4096,0.25,magnitude,5.5197888571001386e-06,0.0012841163986576395,0.004236535741814171,0.14097097180901183,65.19161556156922,200.60627313272684,347.5881266903132,200.60498901632818,True
f1:CWRU:cwru_X265:DE:train:216000-264000,CWRU,OR021@12,1718.0,48000,4096,0.25,power,3.046806902696685e-11,1.649005273422142e-06,1.794823738264593e-05,0.01987281489277721,4249.946776598159,40242.87740888381,120817.5058160812,40242.8774072348,True
f1:CWRU:cwru_X265:DE:train:216000-264000,CWRU,OR021@12,1718.0,48000,4096,0.25,log1p,5.519773623121684e-06,0.001283292601223382,0.004227586888982858,0.13187962954755675,4.1925537975417795,5.306316645199675,5.853891072523976,5.305033352598452,True
f1:CWRU:cwru_X265:DE:train:216000-264000,CWRU,OR021@12,1718.0,48000,4096,0.25,db,-105.1613933339452,-57.82804285058491,-47.459782854586926,-17.017406121021203,36.28383483703925,46.04689012972394,50.82129865812719,103.87493298030884,True
f1:CWRU:cwru_X265:DE:train:216000-264000,CWRU,OR021@12,1718.0,48000,4096,0.5,magnitude,0.00019993644579645737,0.0012818951118397075,0.004261610799421172,0.14127050717370954,61.44536739002872,234.15364256343827,347.5881266903132,234.15236066832642,True
f1:CWRU:cwru_X265:DE:train:216000-264000,CWRU,OR021@12,1718.0,48000,4096,0.5,power,3.997458235771973e-08,1.6432985510440916e-06,1.8161329296593023e-05,0.019957356197214768,3775.5354708752902,54828.78792404551,120817.5058160812,54828.78792240221,True
f1:CWRU:cwru_X265:DE:train:216000-264000,CWRU,OR021@12,1718.0,48000,4096,0.5,log1p,0.0001999164611690044,0.001281074164105946,0.004252555851441151,0.13214212181152907,4.134291758355052,5.46023126061989,5.853891072523976,5.458950186455785,True
f1:CWRU:cwru_X265:DE:train:216000-264000,CWRU,OR021@12,1718.0,48000,4096,0.5,db,-73.9821563050228,-57.84306315441512,-47.40852475323625,-16.998969907451354,35.76978026482255,47.389949698174675,50.82129865812719,105.2330128525898,True
f1:HIT:hit_data1_rec00:ch3:train:175000-200000,HIT,0,1000.0,25000,256,0.25,magnitude,0.0016805194695761472,0.016634939024430084,0.05607044299933788,0.6971540136974336,9.947808016825766,15.075193977055362,21.020585654227943,15.058559038030932,True
f1:HIT:hit_data1_rec00:ch3:train:175000-200000,HIT,0,1000.0,25000,256,0.25,power,2.824145687624495e-06,0.00027672171343772584,0.0031438947399392812,0.4860237188144414,98.958884648633,227.26147561801403,441.8650212467336,227.26119889630058,True
f1:HIT:hit_data1_rec00:ch3:train:175000-200000,HIT,0,1000.0,25000,256,0.25,log1p,0.0016791089767516664,0.01649809369712632,0.05455489037243212,0.5289527385850228,2.3931392538226306,2.7772773328506566,3.0919777274089713,2.76077923915353,True
f1:HIT:hit_data1_rec00:ch3:train:175000-200000,HIT,0,1000.0,25000,256,0.25,db,-55.49112851650003,-35.57958382060595,-25.025320460563247,-3.1334253575946813,19.954547890743562,23.565258139473645,26.452896234700532,59.14484196007959,True
f1:HIT:hit_data1_rec00:ch3:train:175000-200000,HIT,0,1000.0,25000,256,0.5,magnitude,0.00267168262607597,0.018351625377792266,0.05576574207871935,0.6947439126411221,9.991883540465741,15.074256224835304,21.020585654227943,15.055904599457511,True
f1:HIT:hit_data1_rec00:ch3:train:175000-200000,HIT,0,1000.0,25000,256,0.5,power,7.137888054476192e-06,0.0003367848762517058,0.0031098180070633715,0.48266910452640294,99.83784269905478,227.23321083919657,441.8650212467336,227.23287405432032,True
f1:HIT:hit_data1_rec00:ch3:train:175000-200000,HIT,0,1000.0,25000,256,0.5,log1p,0.002668120026062368,0.018185265209669597,0.05426632551444687,0.5275316453653435,2.3971567014545636,2.777218980417283,3.0919777274089713,2.759033715207613,True
f1:HIT:hit_data1_rec00:ch3:train:175000-200000,HIT,0,1000.0,25000,256,0.5,db,-51.46430234979611,-34.72654395466457,-25.072650293571506,-3.163504998721874,19.992942655138002,23.564717665194785,26.452896234700532,58.291261619859355,True
f1:HIT:hit_data1_rec00:ch3:train:175000-200000,HIT,0,1000.0,25000,512,0.25,magnitude,0.0019749748698210112,0.021517075515844208,0.0732325316100676,0.9563006107433031,13.641668398757526,27.973649033466707,30.200696013012664,27.95213195795086,True
f1:HIT:hit_data1_rec00:ch3:train:175000-200000,HIT,0,1000.0,25000,512,0.25,power,3.9005257364245206e-06,0.00046298457045633863,0.005363003702117433,0.914510860606496,186.0951175765757,782.5250408344474,912.082039670399,782.5245778498769,True
f1:HIT:hit_data1_rec00:ch3:train:175000-200000,HIT,0,1000.0,25000,512,0.25,log1p,0.0019730271709687097,0.021288851239916494,0.07067515182195716,0.671055245951732,2.683871461663182,3.3663867625422204,3.440440402675995,3.345097911302304,True
f1:HIT:hit_data1_rec00:ch3:train:175000-200000,HIT,0,1000.0,25000,512,0.25,db,-54.08876808214282,-33.3443353758567,-22.70591904661555,-0.3881113481698113,22.697349749784333,28.934982432343446,29.600339038726446,62.27931780820015,True
f1:HIT:hit_data1_rec00:ch3:train:175000-200000,HIT,0,1000.0,25000,512,0.5,magnitude,0.0019749748698210112,0.022082873670770994,0.07341944295560443,0.9587494157232876,13.646986609806621,27.973119715357342,29.308526204722043,27.95103684168657,True
f1:HIT:hit_data1_rec00:ch3:train:175000-200000,HIT,0,1000.0,25000,512,0.5,power,3.9005257364245206e-06,0.0004877366185784544,0.005390418067985954,0.9192004422539389,186.24034365732362,782.4954271846293,858.9897082928786,782.4949394480108,True
f1:HIT:hit_data1_rec00:ch3:train:175000-200000,HIT,0,1000.0,25000,512,0.5,log1p,0.0019730271709687097,0.021842538311881952,0.07084929252314215,0.6723062163838707,2.684234388876549,3.3663684934337073,3.4114290658268853,3.344525955121825,True
f1:HIT:hit_data1_rec00:ch3:train:175000-200000,HIT,0,1000.0,25000,512,0.5,db,-54.08876808214282,-33.119634938526005,-22.683781078030965,-0.36589775375935524,22.70073297475217,28.934818076226772,29.3398796050663,62.05445301475278,True
f1:HIT:hit_data1_rec00:ch3:train:175000-200000,HIT,0,1000.0,25000,1024,0.25,magnitude,0.005746263907139132,0.03103547568022736,0.09992630664114677,1.2974471161195278,18.0710419953825,54.43664839632928,55.65520544270691,54.405612920649055,True
f1:HIT:hit_data1_rec00:ch3:train:175000-200000,HIT,0,1000.0,25000,1024,0.25,power,3.301954889048988e-05,0.0009632528789810205,0.009985267195922553,1.6833690191681283,326.56257186657103,2963.34869170981,3097.501892869913,2963.347728456931,True
f1:HIT:hit_data1_rec00:ch3:train:175000-200000,HIT,0,1000.0,25000,1024,0.25,log1p,0.005729817107715623,0.030563588930272955,0.09524318341694324,0.8317985569677924,2.9481710407065775,4.015240897940723,4.036983871032061,3.98467730901045,True
f1:HIT:hit_data1_rec00:ch3:train:175000-200000,HIT,0,1000.0,25000,1024,0.25,db,-44.81228849201278,-30.163065355049323,-20.0064034648367,2.261793301754688,25.139663729464324,34.7178275620555,34.91011580445209,64.88089291710482,True
f1:HIT:hit_data1_rec00:ch3:train:175000-200000,HIT,0,1000.0,25000,1024,0.5,magnitude,0.005746263907139132,0.026007922774768176,0.09456179899771462,1.2911922879738214,18.072018263161095,54.393281676624184,55.6491404197419,54.36727375384942,True
f1:HIT:hit_data1_rec00:ch3:train:175000-200000,HIT,0,1000.0,25000,1024,0.5,power,3.301954889048988e-05,0.0006764507153881067,0.008941960701481455,1.6671775245230716,326.5978511931926,2958.62911153151,3096.8268294561512,2958.6284350807946,True
f1:HIT:hit_data1_rec00:ch3:train:175000-200000,HIT,0,1000.0,25000,1024,0.5,log1p,0.005729817107715623,0.02567545036091104,0.09035408839824573,0.8290723318453113,2.94822223872553,4.014458313768484,4.036876813832716,3.9887828634075735,True
f1:HIT:hit_data1_rec00:ch3:train:175000-200000,HIT,0,1000.0,25000,1024,0.5,db,-44.81228849201278,-31.69813183079001,-20.485698484280444,2.2198184693537972,25.14013304176348,34.71090520326911,34.90916920852593,66.40903703405911,True
f1:HIT:hit_data1_rec00:ch3:train:175000-200000,HIT,0,1000.0,25000,2048,0.25,magnitude,0.008579639484491343,0.046724239655480754,0.14238018701639343,1.7834333416864443,23.723604190043343,57.27486769389326,109.99600203193097,57.22814345423778,True
f1:HIT:hit_data1_rec00:ch3:train:175000-200000,HIT,0,1000.0,25000,2048,0.25,power,7.361021368384287e-05,0.002183161158693219,0.020272120492501808,3.1806344842388774,562.8095801848442,3280.510538059749,12099.120463008563,3280.50835489859,True
f1:HIT:hit_data1_rec00:ch3:train:175000-200000,HIT,0,1000.0,25000,2048,0.25,log1p,0.008543043548630495,0.045665512773728066,0.13311396806764625,1.0236851806939766,3.2077582716100426,4.065156058032011,4.709494182933328,4.019490545258283,True
f1:HIT:hit_data1_rec00:ch3:train:175000-200000,HIT,0,1000.0,25000,2048,0.25,db,-41.33061911424793,-26.609168194525292,-16.931009420693485,5.025137632777353,27.503611967392427,35.15914828572864,40.82753800734969,61.76831648025393,True
f1:HIT:hit_data1_rec00:ch3:train:175000-200000,HIT,0,1000.0,25000,2048,0.5,magnitude,0.008579639484491343,0.04683505596499186,0.14026289253420907,1.7818786814816654,23.81543809053442,57.41125580021461,109.99600203193097,57.36442074424962,True
f1:HIT:hit_data1_rec00:ch3:train:175000-200000,HIT,0,1000.0,25000,2048,0.5,power,7.361021368384287e-05,0.002193537295969549,0.019673683058945415,3.1750916355188386,567.175580672527,3296.0526991618717,12099.120463008563,3296.0505056245756,True
f1:HIT:hit_data1_rec00:ch3:train:175000-200000,HIT,0,1000.0,25000,2048,0.5,log1p,0.008543043548630495,0.04577137304129909,0.13125884175426128,1.0231264841685181,3.2114655661783074,4.067508547985448,4.709494182933328,4.021737174944149,True
f1:HIT:hit_data1_rec00:ch3:train:175000-200000,HIT,0,1000.0,25000,2048,0.5,db,-41.33061911424793,-26.58860848568982,-17.061145069687857,5.017562639211148,27.537167753861567,35.179940396826275,40.82753800734969,61.7685488825161,True
f1:HIT:hit_data1_rec00:ch3:train:175000-200000,HIT,0,1000.0,25000,4096,0.25,magnitude,0.009656341239566333,0.05447594427700444,0.18694465654571688,2.4642435522188575,32.1708254414918,94.62751957850381,219.02347065367573,94.5730436342268,True
f1:HIT:hit_data1_rec00:ch3:train:175000-200000,HIT,0,1000.0,25000,4096,0.25,power,9.324492613494946e-05,0.0029676483271381423,0.03494833840932471,6.072496284652213,1034.962009931778,8955.91985958441,47971.28069718155,8955.916891936084,True
f1:HIT:hit_data1_rec00:ch3:train:175000-200000,HIT,0,1000.0,25000,4096,0.25,log1p,0.009610016754444292,0.05304389932273056,0.17138247790110753,1.2424942977605922,3.5016707376747713,4.560371282041658,5.39373422545138,4.507327382718928,True
f1:HIT:hit_data1_rec00:ch3:train:175000-200000,HIT,0,1000.0,25000,4096,0.25,db,-40.30374781747263,-25.27593337052754,-14.5657430688346,7.833672577972185,30.149244082697034,39.519556032827005,46.809813130523764,64.79548940335454,True
f1:HIT:hit_data1_rec00:ch3:train:175000-200000,HIT,0,1000.0,25000,4096,0.5,magnitude,0.009656341239566333,0.05352850050945224,0.18258827740019418,2.47018225515713,31.545993807527047,87.98814577896287,219.02347065367573,87.93461727845342,True
f1:HIT:hit_data1_rec00:ch3:train:175000-200000,HIT,0,1000.0,25000,4096,0.5,power,9.324492613494946e-05,0.0028654360057913104,0.03333855601568412,6.101800373693164,995.1497397305427,7782.217760316513,47971.28069718155,7782.214894880507,True
f1:HIT:hit_data1_rec00:ch3:train:175000-200000,HIT,0,1000.0,25000,4096,0.5,log1p,0.009610016754444292,0.05214494595619401,0.16770546427313346,1.2442071156795156,3.4826542761602237,4.4859702835577995,5.39373422545138,4.433825337601606,True
f1:HIT:hit_data1_rec00:ch3:train:175000-200000,HIT,0,1000.0,25000,4096,0.5,db,-40.30374781747263,-25.428504167183505,-14.770552190022435,7.854579952095177,29.978884211677887,38.865980590046604,46.809813130523764,64.29448475723011,True
f1:HIT:hit_data1_rec25:ch3:train:175000-200000,HIT,0,3000.0,25000,256,0.25,magnitude,0.00021433320007879786,0.016791442595696402,0.06421285443893936,0.7090621847898133,8.691763142830094,14.134846680299987,20.081028869283546,14.11805523770429,True
f1:HIT:hit_data1_rec25:ch3:train:175000-200000,HIT,0,3000.0,25000,256,0.25,power,4.5938720656017993e-08,0.00028195262402513574,0.0041232907263334465,0.5027691818989034,75.54674665578888,199.79392005082127,403.24772044899925,199.79363809819725,True
f1:HIT:hit_data1_rec25:ch3:train:175000-200000,HIT,0,3000.0,25000,256,0.25,log1p,0.00021431023400000668,0.01665202480395731,0.06223542205372751,0.5359447901243799,2.271276363571352,2.7169997482081873,3.048373530322873,2.70034772340423,True
f1:HIT:hit_data1_rec25:ch3:train:175000-200000,HIT,0,3000.0,25000,256,0.25,db,-73.37820698355382,-35.49824099365912,-23.847560521604663,-2.986313508744055,18.782157652011726,23.00582140382175,26.05571921014564,58.504062397480865,True
f1:HIT:hit_data1_rec25:ch3:train:175000-200000,HIT,0,3000.0,25000,256,0.5,magnitude,0.0016920189875957448,0.019015287770961203,0.06629469110404117,0.7053082377807784,8.835381469128803,13.96456788808857,19.506733826911244,13.94555260031761,True
f1:HIT:hit_data1_rec25:ch3:train:175000-200000,HIT,0,3000.0,25000,256,0.5,power,2.862928254384529e-06,0.0003615843230990141,0.004394986134524715,0.49745971034403214,78.06398185855299,195.00931991533812,380.5126645939634,195.00895833101504,True
f1:HIT:hit_data1_rec25:ch3:train:175000-200000,HIT,0,3000.0,25000,256,0.5,log1p,0.0016905891361318883,0.018836755328946426,0.06418973319917856,0.5337458790073031,2.285986154465279,2.705684899469479,3.0207533115683525,2.6868481441405327,True
f1:HIT:hit_data1_rec25:ch3:train:175000-200000,HIT,0,3000.0,25000,256,0.5,db,-55.43189484023367,-34.417979345028286,-23.570425024392947,-3.032420873341993,18.924505200856228,22.900546376202797,25.80369115964505,57.31852572123108,True
f1:HIT:hit_data1_rec25:ch3:train:175000-200000,HIT,0,3000.0,25000,512,0.25,magnitude,0.0017566317098711703,0.028093343018302127,0.08829813284813692,0.9670495013738556,12.366797815139059,20.44636680023932,30.121974966434642,20.41827345722102,True
f1:HIT:hit_data1_rec25:ch3:train:175000-200000,HIT,0,3000.0,25000,512,0.25,power,3.0857549641249114e-06,0.0007892458065948016,0.007796562841577617,0.9351847381741859,152.93769143836727,418.0558848186543,907.3333758785153,418.05509557284773,True
f1:HIT:hit_data1_rec25:ch3:train:175000-200000,HIT,0,3000.0,25000,512,0.25,log1p,0.0017550906368569835,0.027705958836597794,0.08461512897131164,0.6765347050063232,2.5927738481415807,3.0655531081282157,3.4379141602282086,3.037847149291618,True
f1:HIT:hit_data1_rec25:ch3:train:175000-200000,HIT,0,3000.0,25000,512,0.25,db,-55.10638514229563,-31.027985838434635,-21.08097102382864,-0.29102589265817613,21.845145119382824,26.21230247260339,29.577668865147587,57.24028831103803,True
f1:HIT:hit_data1_rec25:ch3:train:175000-200000,HIT,0,3000.0,25000,512,0.5,magnitude,0.0017566317098711703,0.02402413671341198,0.09392173492638961,0.9664281925707408,12.45215339464846,20.3664353877614,30.121974966434642,20.342411251047988,True
f1:HIT:hit_data1_rec25:ch3:train:175000-200000,HIT,0,3000.0,25000,512,0.5,power,3.0857549641249114e-06,0.0005772269941441613,0.008821292298046937,0.9339834592522087,155.05619455438014,414.79942513918746,907.3333758785153,414.7988479121933,True
f1:HIT:hit_data1_rec25:ch3:train:175000-200000,HIT,0,3000.0,25000,512,0.5,log1p,0.0017550906368569835,0.023740064993169104,0.0897691611512963,0.6762187958604371,2.599139002507253,3.0618127964010924,3.4379141602282086,3.038072731407923,True
f1:HIT:hit_data1_rec25:ch3:train:175000-200000,HIT,0,3000.0,25000,512,0.5,db,-55.10638514229563,-32.387557429164886,-20.544677868248964,-0.2966082222760121,21.90488726928151,26.178219659551036,29.577668865147587,58.56577708871592,True
f1:HIT:hit_data1_rec25:ch3:train:175000-200000,HIT,0,3000.0,25000,1024,0.25,magnitude,0.005967749211185147,0.03555756742349871,0.11971873593050969,1.3397626158719453,17.263669502151608,29.738436284961754,49.481649132453754,29.702878717538255,True
f1:HIT:hit_data1_rec25:ch3:train:175000-200000,HIT,0,3000.0,25000,1024,0.25,power,3.561403064760095e-05,0.0012645669848403939,0.01433257676946846,1.794963867066568,298.03428677086197,884.3747384877063,2448.4336008672612,884.3734739207215,True
f1:HIT:hit_data1_rec25:ch3:train:175000-200000,HIT,0,3000.0,25000,1024,0.25,log1p,0.005950012725479013,0.034939888641696705,0.11307752472204466,0.8500494779987195,2.9049138103390684,3.4255137905631763,3.9216098867257583,3.3905739019214796,True
f1:HIT:hit_data1_rec25:ch3:train:175000-200000,HIT,0,3000.0,25000,1024,0.25,db,-44.48378857349481,-28.982127610712467,-18.436757854300748,2.54055710557654,24.742662234183573,29.466361855487595,33.88888330872651,58.44848946620006,True
f1:HIT:hit_data1_rec25:ch3:train:175000-200000,HIT,0,3000.0,25000,1024,0.5,magnitude,0.005967749211185147,0.03525837236078778,0.12019208964734657,1.33010357785174,17.29101938638882,29.843844181929885,49.481649132453754,29.8085858095691,True
f1:HIT:hit_data1_rec25:ch3:train:175000-200000,HIT,0,3000.0,25000,1024,0.5,power,3.561403064760095e-05,0.0012433285785621207,0.014446146464483924,1.769175527814,298.9793742445864,890.6570630411834,2448.4336008672612,890.6558197126049,True
f1:HIT:hit_data1_rec25:ch3:train:175000-200000,HIT,0,3000.0,25000,1024,0.5,log1p,0.005950012725479013,0.03465094875540643,0.11350017600736215,0.8459127206031811,2.9064101613536444,3.428936121961316,3.9216098867257583,3.3942851732059096,True
f1:HIT:hit_data1_rec25:ch3:train:175000-200000,HIT,0,3000.0,25000,1024,0.5,db,-44.48378857349481,-29.055356952739558,-18.402484693043487,2.477709234099143,24.756411622700913,29.497085365346592,33.88888330872651,58.55244231808615,True
f1:HIT:hit_data1_rec25:ch3:train:175000-200000,HIT,0,3000.0,25000,2048,0.25,magnitude,0.000523617680431095,0.04672006612545495,0.16028655539785225,1.8603051338074534,24.612552110442373,45.28702808740918,83.97830550812765,45.24030802128373,True
f1:HIT:hit_data1_rec25:ch3:train:175000-200000,HIT,0,3000.0,25000,2048,0.25,power,2.7417547526004037e-07,0.002182764589473777,0.02569183412034044,3.460735190870367,605.7777213942014,2050.928370533134,7052.355796016423,2050.9261877685444,True
f1:HIT:hit_data1_rec25:ch3:train:175000-200000,HIT,0,3000.0,25000,2048,0.25,log1p,0.0005234806405290552,0.04566152853696105,0.14866698497081376,1.0509283092832389,3.2430825481298804,3.834858598271065,4.442395994597626,3.7891970697341035,True
f1:HIT:hit_data1_rec25:ch3:train:175000-200000,HIT,0,3000.0,25000,2048,0.25,db,-65.6197122916234,-26.609931027001007,-15.90206724122018,5.391683691924114,27.823132972971866,33.119447821359735,38.48334214625018,59.72937884836074,True
f1:HIT:hit_data1_rec25:ch3:train:175000-200000,HIT,0,3000.0,25000,2048,0.5,magnitude,0.014680887332622187,0.04698561598198322,0.17022625299652797,1.861456177490343,24.993848324937634,44.59597761508389,83.97830550812765,44.54899199910191,True
f1:HIT:hit_data1_rec25:ch3:train:175000-200000,HIT,0,3000.0,25000,2048,0.5,power,0.00021552845287314658,0.002208057062780107,0.028976977524991586,3.4650191007169595,624.6931242065008,1988.801308054107,7052.355796016423,1988.7990999970443,True
f1:HIT:hit_data1_rec25:ch3:train:175000-200000,HIT,0,3000.0,25000,2048,0.5,log1p,0.014574166344113232,0.04591500691817772,0.15719710862865094,1.05133064822602,3.2578594116163866,3.8198194811243744,4.442395994597626,3.773904474206197,True
f1:HIT:hit_data1_rec25:ch3:train:175000-200000,HIT,0,3000.0,25000,2048,0.5,db,-36.66495382648879,-26.5615082558066,-15.379469250134235,5.397056330242456,27.95665794442002,32.98591358241052,38.48334214625018,59.54742183821712,True
f1:HIT:hit_data1_rec25:ch3:train:175000-200000,HIT,0,3000.0,25000,4096,0.25,magnitude,0.008183458033728965,0.05872808269862838,0.22456865981732366,2.5693311673759696,35.54608246909704,63.648468992973946,131.17987430423796,63.58974091027532,True
f1:HIT:hit_data1_rec25:ch3:train:175000-200000,HIT,0,3000.0,25000,4096,0.25,power,6.696898538980315e-05,0.0034491924893023593,0.05043111077753312,6.601462647649562,1263.5244851188288,4051.129803301165,17208.15942247567,4051.1263541086755,True
f1:HIT:hit_data1_rec25:ch3:train:175000-200000,HIT,0,3000.0,25000,4096,0.25,log1p,0.008150155106407245,0.05706817445633149,0.20258865828470432,1.272378230165747,3.5985738080793084,4.168964159764735,4.884163679097974,4.111895985308403,True
f1:HIT:hit_data1_rec25:ch3:train:175000-200000,HIT,0,3000.0,25000,4096,0.25,db,-41.74126270156411,-24.623334074499198,-12.973019445184535,8.196401703373413,31.015833142204944,36.07575686787326,42.35734420856402,60.69909094237246,True
f1:HIT:hit_data1_rec25:ch3:train:175000-200000,HIT,0,3000.0,25000,4096,0.5,magnitude,0.008183458033728965,0.055891565125895236,0.21567195168638775,2.565213834615025,35.63402453859402,63.8763000844616,129.53379907119296,63.8204085193357,True
f1:HIT:hit_data1_rec25:ch3:train:175000-200000,HIT,0,3000.0,25000,4096,0.5,power,6.696898538980315e-05,0.0031238712476088933,0.04651439124230894,6.580322017300321,1269.7838836236501,4080.23800965248,16779.00510181619,4080.234885781232,True
f1:HIT:hit_data1_rec25:ch3:train:175000-200000,HIT,0,3000.0,25000,4096,0.5,log1p,0.008150155106407245,0.0543854935902715,0.19529697040551747,1.271224033726625,3.6009773741440676,4.17247569574493,4.8716321899430115,4.118090202154658,True
f1:HIT:hit_data1_rec25:ch3:train:175000-200000,HIT,0,3000.0,25000,4096,0.5,db,-41.74126270156411,-25.053080391950896,-13.324126674026708,8.182471469783119,31.03729688295415,36.10673514945287,42.247662060999716,61.15981554140376,True
f1:HIT:hit_data2_rec24:ch3:train:175000-200000,HIT,0,3000.0,25000,256,0.25,magnitude,0.005041833328114365,0.02901874582221184,0.09025913461826889,0.9998590801244326,10.319443757777131,14.679819746029246,17.560023497149565,14.650801000207034,True
f1:HIT:hit_data2_rec24:ch3:train:175000-200000,HIT,0,3000.0,25000,256,0.25,power,2.542008330848477e-05,0.000842116365147383,0.008146712037691987,0.9997181801072765,106.49093264068371,215.49711915119227,308.35442522044485,215.49627703482713,True
f1:HIT:hit_data2_rec24:ch3:train:175000-200000,HIT,0,3000.0,25000,256,0.25,log1p,0.005029165846838234,0.028605660617047324,0.08641540589191886,0.6930767181397436,2.4265218821511607,2.752374495943705,2.9210099933674667,2.7237688353266574,True
f1:HIT:hit_data2_rec24:ch3:train:175000-200000,HIT,0,3000.0,25000,256,0.25,db,-45.94823013251619,-30.74657735196358,-20.890177033839738,-0.0012240998703647403,20.27312523139735,23.33441422886425,24.890501854088463,54.08099158082783,True
f1:HIT:hit_data2_rec24:ch3:train:175000-200000,HIT,0,3000.0,25000,256,0.5,magnitude,0.005041833328114365,0.02727642371353778,0.08796471383714377,0.99717444682425,10.296121480399462,14.431935262696607,17.560023497149565,14.40465883898307,True
f1:HIT:hit_data2_rec24:ch3:train:175000-200000,HIT,0,3000.0,25000,256,0.5,power,2.542008330848477e-05,0.000744085598061294,0.007737797113057981,0.9943568808116602,106.01032286615816,208.28087689366214,308.35442522044485,208.28013280806408,True
f1:HIT:hit_data2_rec24:ch3:train:175000-200000,HIT,0,3000.0,25000,256,0.5,log1p,0.005029165846838234,0.026911012265484178,0.0843087131402335,0.6917334046345325,2.4244586296324924,2.7364388248213967,2.9210099933674667,2.7095278125559124,True
f1:HIT:hit_data2_rec24:ch3:train:175000-200000,HIT,0,3000.0,25000,256,0.5,db,-45.94823013251619,-31.28471231587083,-21.11383360172466,-0.02457719552527387,20.253464739725274,23.186488901195982,24.890501854088463,54.47120121706681,True
f1:HIT:hit_data2_rec24:ch3:train:175000-200000,HIT,0,3000.0,25000,512,0.25,magnitude,0.002021704919069056,0.03675071891207769,0.12019289993932379,1.376489085501038,14.483950139077859,21.068929125537586,22.929160191736187,21.03217840662551,True
f1:HIT:hit_data2_rec24:ch3:train:175000-200000,HIT,0,3000.0,25000,512,0.25,power,4.087290779788019e-06,0.0013506459718913221,0.014446333294347365,1.8947222027170305,209.78481211848424,443.8998601727236,525.7463870982995,443.8985095267517,True
f1:HIT:hit_data2_rec24:ch3:train:175000-200000,HIT,0,3000.0,25000,512,0.25,log1p,0.0020196640239413775,0.03609149932465671,0.11350090252618436,0.8656242243646035,2.7398040115364606,3.0941706093944927,3.17509780693489,3.058079110069836,True
f1:HIT:hit_data2_rec24:ch3:train:175000-200000,HIT,0,3000.0,25000,512,0.25,db,-53.88564421462431,-28.694781484973785,-18.402423748632174,2.7754554425822895,23.217740411795674,26.47284840567844,27.207762969234146,55.16762989065222,True
f1:HIT:hit_data2_rec24:ch3:train:175000-200000,HIT,0,3000.0,25000,512,0.5,magnitude,0.002368802719896241,0.03752088179026584,0.11844818578846247,1.3826606209153325,14.340095994125338,21.051289653081295,22.929160191736187,21.01376877129103,True
f1:HIT:hit_data2_rec24:ch3:train:175000-200000,HIT,0,3000.0,25000,512,0.5,power,5.611226325787828e-06,0.0014078445690646959,0.014029973740966218,1.9117504130060325,205.63853083343747,443.1568074917159,525.7463870982995,443.1553996471468,True
f1:HIT:hit_data2_rec24:ch3:train:175000-200000,HIT,0,3000.0,25000,512,0.5,log1p,0.0023660015295061633,0.03683408694077898,0.11194217573464159,0.8682177694426196,2.730469676287116,3.0933710760945967,3.17509780693489,3.056536989153818,True
f1:HIT:hit_data2_rec24:ch3:train:175000-200000,HIT,0,3000.0,25000,512,0.5,db,-52.50942177241696,-28.514625811434893,-18.52943204504353,2.814311834891358,23.131037420134515,26.465574026406472,27.207762969234146,54.98019983784137,True
f1:HIT:hit_data2_rec24:ch3:train:175000-200000,HIT,0,3000.0,25000,1024,0.25,magnitude,0.005565547050846585,0.05818281109505967,0.17749882872840567,1.8950588589821589,15.589673657834151,41.34099543692225,44.12164510813858,41.28281262582719,True
f1:HIT:hit_data2_rec24:ch3:train:175000-200000,HIT,0,3000.0,25000,1024,0.25,power,3.0975313975187125e-05,0.0033853204130861654,0.03150583560001748,3.591248081452358,243.03803473464876,1709.0781163134602,1946.7195670485291,1709.074730993047,True
f1:HIT:hit_data2_rec24:ch3:train:175000-200000,HIT,0,3000.0,25000,1024,0.25,log1p,0.005550116619910319,0.056553071706398395,0.16339255169258346,1.0630054419270185,2.8087802330721203,3.7457557166741413,3.809362067255149,3.689202644967743,True
f1:HIT:hit_data2_rec24:ch3:train:175000-200000,HIT,0,3000.0,25000,1024,0.25,db,-45.08984267182327,-24.70420932260957,-15.016090356121937,5.552454064418437,23.856738515564093,32.32761805278508,32.89303394123358,57.03182737539465,True
f1:HIT:hit_data2_rec24:ch3:train:175000-200000,HIT,0,3000.0,25000,1024,0.5,magnitude,0.005565547050846585,0.04388551204881475,0.17976599571643676,1.9034764160183357,15.704493497466904,41.2133226746347,44.12164510813858,41.169437162585886,True
f1:HIT:hit_data2_rec24:ch3:train:175000-200000,HIT,0,3000.0,25000,1024,0.5,power,3.0975313975187125e-05,0.0019264676266908377,0.032315974743841035,3.6232224663380084,246.63113620902334,1698.5395144005138,1946.7195670485291,1698.5375879328872,True
f1:HIT:hit_data2_rec24:ch3:train:175000-200000,HIT,0,3000.0,25000,1024,0.5,log1p,0.005550116619910319,0.04294957800096007,0.165316052105601,1.0659087831926517,2.81567771872648,3.742735439236976,3.809362067255149,3.6997858612360157,True
f1:HIT:hit_data2_rec24:ch3:train:175000-200000,HIT,0,3000.0,25000,1024,0.5,db,-45.08984267182327,-27.154738739696224,-14.90587072455568,5.59095000637395,23.9204783254498,32.30074862142954,32.89303394123358,59.45548736112576,True
f1:HIT:hit_data2_rec24:ch3:train:175000-200000,HIT,0,3000.0,25000,2048,0.25,magnitude,0.012695891746466967,0.07796888398029325,0.25123955184265573,2.5954055885681298,18.716788840543206,70.09017254307305,84.14694651408499,70.01220365909276,True
f1:HIT:hit_data2_rec24:ch3:train:175000-200000,HIT,0,3000.0,25000,2048,0.25,power,0.00016118566723800806,0.006079752624388294,0.0631213167006859,6.73613016917068,350.31830764767966,4912.640869583202,7080.708607644279,4912.634789830578,True
f1:HIT:hit_data2_rec24:ch3:train:175000-200000,HIT,0,3000.0,25000,2048,0.25,log1p,0.012615974614850067,0.07507834712555697,0.22413470006651992,1.2796568049951411,2.981470339755248,4.263948256250323,4.4443785463845,4.188869909124766,True
f1:HIT:hit_data2_rec24:ch3:train:175000-200000,HIT,0,3000.0,25000,2048,0.25,db,-37.926735717948,-22.16199994222911,-11.998240090791372,8.284104709250485,25.44462528755323,36.913134979517935,38.500767222374606,59.07513492174704,True
f1:HIT:hit_data2_rec24:ch3:train:175000-200000,HIT,0,3000.0,25000,2048,0.5,magnitude,0.018117721404234934,0.08617659322856709,0.2500134958128629,2.5955603028726335,18.733431313423566,69.96368270109214,83.70274944646954,69.87750610786357,True
f1:HIT:hit_data2_rec24:ch3:train:175000-200000,HIT,0,3000.0,25000,2048,0.5,power,0.0003282518288814726,0.0074265002886222935,0.06250675924929285,6.736933285848277,350.94149151305294,4894.936217127654,7006.150264898457,4894.928790627366,True
f1:HIT:hit_data2_rec24:ch3:train:175000-200000,HIT,0,3000.0,25000,2048,0.5,log1p,0.017955551328836635,0.08266377686551901,0.22315434433464176,1.2796998351824243,2.982314163554115,4.262166317417074,4.439148062128441,4.179502540551555,True
f1:HIT:hit_data2_rec24:ch3:train:175000-200000,HIT,0,3000.0,25000,2048,0.5,db,-34.83792840730957,-21.292269198250754,-12.040731718858423,8.28462246698683,25.4523461175667,36.897436095512695,38.45479447643915,58.18970529376345,True
f1:HIT:hit_data2_rec24:ch3:train:175000-200000,HIT,0,3000.0,25000,4096,0.25,magnitude,0.013346242849882266,0.06870570510777975,0.3312748523997631,3.612562886271592,23.605394433036167,104.84270067215147,171.11719565404465,104.77399496704369,True
f1:HIT:hit_data2_rec24:ch3:train:175000-200000,HIT,0,3000.0,25000,4096,0.25,power,0.00017812219820803352,0.004720475808670001,0.10974302957989003,13.050610607266936,557.2148773592854,10992.084325720529,29281.094648504597,10992.07960524472,True
f1:HIT:hit_data2_rec24:ch3:train:175000-200000,HIT,0,3000.0,25000,4096,0.25,log1p,0.013257966323361008,0.06644829406759606,0.2861370182776815,1.5287836431537252,3.2029655139258773,4.6619498643753445,5.148175614867905,4.595501570307748,True
f1:HIT:hit_data2_rec24:ch3:train:175000-200000,HIT,0,3000.0,25000,4096,0.25,db,-37.49281947366585,-23.26014570560679,-9.59623068353823,11.15630831787454,27.4602234316543,40.41072705760264,44.665873084155116,63.67087276320943,True
f1:HIT:hit_data2_rec24:ch3:train:175000-200000,HIT,0,3000.0,25000,4096,0.5,magnitude,0.014426470710970222,0.0653166347619161,0.3491266344186001,3.6286721878471773,23.03163825697102,103.80071308502724,170.7771446122002,103.73539645026533,True
f1:HIT:hit_data2_rec24:ch3:train:175000-200000,HIT,0,3000.0,25000,4096,0.5,power,0.00020812305717448167,0.004266366018012028,0.12188954092417507,13.16726184685562,530.4563776489293,10775.615035065084,29164.83312189634,10775.610768699065,True
f1:HIT:hit_data2_rec24:ch3:train:175000-200000,HIT,0,3000.0,25000,4096,0.5,log1p,0.014323399304137096,0.06327201912302749,0.29945740880378197,1.532270042485358,3.179371208324133,4.652013866642356,5.146197965846917,4.588741847519329,True
f1:HIT:hit_data2_rec24:ch3:train:175000-200000,HIT,0,3000.0,25000,4096,0.5,db,-36.81679797242151,-23.69962911844724,-9.1403451357546,11.194954721431237,27.246496476911535,40.32359317580037,44.64859495786364,64.0232222942476,True
f1:HIT:hit_data3_rec00:ch3:train:175000-200000,HIT,1,1000.0,25000,256,0.25,magnitude,0.0004702848087285716,0.00565028281659703,0.020463715663212558,0.41362335289870616,10.11750766625554,16.430226817234555,21.414495798421484,16.42457653441796,True
f1:HIT:hit_data3_rec00:ch3:train:175000-200000,HIT,1,1000.0,25000,256,0.25,power,2.2116780132086916e-07,3.192577894070693e-05,0.00041876382664352745,0.17108427806316762,102.36396317392658,269.95241417142785,458.5806303006114,269.9523822456489,True
f1:HIT:hit_data3_rec00:ch3:train:175000-200000,HIT,1,1000.0,25000,256,0.25,log1p,0.000470174259486306,0.005634379803662006,0.020257147104975982,0.3461561620472683,2.40852112569795,2.8582057723428,3.109707883418273,2.852571392539138,True
f1:HIT:hit_data3_rec00:ch3:train:175000-200000,HIT,1,1000.0,25000,256,0.25,db,-66.55277914764119,-44.958607453196656,-33.78031184194814,-7.66789898280066,20.101470766590396,24.31287019834236,26.614157068933622,69.27147765153902,True
f1:HIT:hit_data3_rec00:ch3:train:175000-200000,HIT,1,1000.0,25000,256,0.5,magnitude,0.0004702848087285716,0.006417861163476173,0.021109856581615172,0.4134000934820836,10.13634088073993,16.163033539613753,21.414495798421484,16.156615678450276,True
f1:HIT:hit_data3_rec00:ch3:train:175000-200000,HIT,1,1000.0,25000,256,0.5,power,2.2116780132086916e-07,4.1189086211984296e-05,0.0004456266327408274,0.17089963777360917,102.7454211751014,261.24372043477746,458.5806303006114,261.2436792456912,True
f1:HIT:hit_data3_rec00:ch3:train:175000-200000,HIT,1,1000.0,25000,256,0.5,log1p,0.000470174259486306,0.006397354314294902,0.020890130156189377,0.34599821529368624,2.410213654441947,2.8427577437930776,3.109707883418273,2.8363603894787826,True
f1:HIT:hit_data3_rec00:ch3:train:175000-200000,HIT,1,1000.0,25000,256,0.5,db,-66.55277914764119,-43.852208608082286,-33.51030002752812,-7.67258860019905,20.11762352262692,24.170456362651247,26.614157068933622,68.02266497073353,True
f1:HIT:hit_data3_rec00:ch3:train:175000-200000,HIT,1,1000.0,25000,512,0.25,magnitude,7.377599490254738e-05,0.007329202751572401,0.029541054705384928,0.5428398023746805,14.123336295295084,27.125689854167387,35.34611691513797,27.118360651415813,True
f1:HIT:hit_data3_rec00:ch3:train:175000-200000,HIT,1,1000.0,25000,512,0.25,power,5.442897423860697e-09,5.371958557503923e-05,0.0008726739511077411,0.29467505113153547,199.46866196927587,735.8030896469244,1249.3479809786024,735.8030359273388,True
f1:HIT:hit_data3_rec00:ch3:train:175000-200000,HIT,1,1000.0,25000,512,0.25,log1p,7.377327358767977e-05,0.0073024734936107975,0.02911312496832603,0.4336247457913355,2.7162389268355565,3.3366833633506916,3.5930873733803024,3.329380889857081,True
f1:HIT:hit_data3_rec00:ch3:train:175000-200000,HIT,1,1000.0,25000,512,0.25,db,-82.64168672931342,-42.69905642664518,-30.59148022200787,-5.306566325417863,22.998745270041823,28.667615603823855,30.966834192975394,71.36667203046903,True
f1:HIT:hit_data3_rec00:ch3:train:175000-200000,HIT,1,1000.0,25000,512,0.5,magnitude,0.000645265865641953,0.007468723946384189,0.02977993059062491,0.542869090337228,13.799169676528768,27.016830434136075,35.34611691513797,27.00936171018969,True
f1:HIT:hit_data3_rec00:ch3:train:175000-200000,HIT,1,1000.0,25000,512,0.5,power,4.1636803736265894e-07,5.5784386766693975e-05,0.0008868442715230765,0.29470684932786706,190.41709061818318,729.9140447584062,1249.3479809786024,729.9139889740195,True
f1:HIT:hit_data3_rec00:ch3:train:175000-200000,HIT,1,1000.0,25000,512,0.5,log1p,0.0006450577711359808,0.007440969871563788,0.029345119789710966,0.433643728764264,2.694571060607578,3.3328022875732444,3.5930873733803024,3.3253613177016805,True
f1:HIT:hit_data3_rec00:ch3:train:175000-200000,HIT,1,1000.0,25000,512,0.5,db,-63.80522482039573,-42.535270872945034,-30.521526374200082,-5.306097706154166,22.79705894020217,28.63265871500088,30.966834192975394,71.1679295879459,True
f1:HIT:hit_data3_rec00:ch3:train:175000-200000,HIT,1,1000.0,25000,1024,0.25,magnitude,0.00028342074817028624,0.012155029245426687,0.040637570341616594,0.7240535730524188,21.209297736919073,42.64831756808292,59.711004729371645,42.636162538837496,True
f1:HIT:hit_data3_rec00:ch3:train:175000-200000,HIT,1,1000.0,25000,1024,0.25,power,8.032732049340482e-08,0.00014775132943001167,0.0016514123886724455,0.5242535769461387,449.83446382838974,1818.894384416144,3565.404085791043,1818.8942366648146,True
f1:HIT:hit_data3_rec00:ch3:train:175000-200000,HIT,1,1000.0,25000,1024,0.25,log1p,0.00028338059209723654,0.01208174686891772,0.03983357359873551,0.5446782465652596,3.1005108626623317,3.776160687722685,4.106124978657378,3.7640789408537674,True
f1:HIT:hit_data3_rec00:ch3:train:175000-200000,HIT,1,1000.0,25000,1024,0.25,db,-70.95136413242085,-38.30507243218936,-27.82144599138574,-2.804585980618225,26.530524294611215,32.59800121721145,35.521087578314614,70.90307364940081,True
f1:HIT:hit_data3_rec00:ch3:train:175000-200000,HIT,1,1000.0,25000,1024,0.5,magnitude,0.00028342074817028624,0.012601067831100848,0.04112817519782415,0.7253196322742358,21.21264192192659,42.03843603044548,59.711004729371645,42.02583496261438,True
f1:HIT:hit_data3_rec00:ch3:train:175000-200000,HIT,1,1000.0,25000,1024,0.5,power,8.032732049340482e-08,0.00015878698141707457,0.0016915268398942076,0.5260885689624326,449.97626049148096,1767.2338160361426,3565.404085791043,1767.233657249161,True
f1:HIT:hit_data3_rec00:ch3:train:175000-200000,HIT,1,1000.0,25000,1024,0.5,log1p,0.00028338059209723654,0.012522335062375232,0.0403049090238506,0.5454123273905176,3.1006614983847105,3.762092573211644,4.106124978657378,3.7495702381492686,True
f1:HIT:hit_data3_rec00:ch3:train:175000-200000,HIT,1,1000.0,25000,1024,0.5,db,-70.95136413242085,-37.9918548817134,-27.717211276431986,-2.7894113448390954,26.53189441572029,32.472921864586205,35.521087578314614,70.4647767462996,True
f1:HIT:hit_data3_rec00:ch3:train:175000-200000,HIT,1,1000.0,25000,2048,0.25,magnitude,0.0013117817246275365,0.01956488827889194,0.0603478559964854,0.9920108027163042,28.16172643875667,66.44455097287289,108.19271253149397,66.424986084594,True
f1:HIT:hit_data3_rec00:ch3:train:175000-200000,HIT,1,1000.0,25000,2048,0.25,power,1.7207712930667941e-06,0.0003828129913400815,0.00364186377282386,0.9840854327058461,793.0829586045189,4414.908400127235,11705.663044922492,4414.908017314244,True
f1:HIT:hit_data3_rec00:ch3:train:175000-200000,HIT,1,1000.0,25000,2048,0.25,log1p,0.0013109220906669604,0.019375942635434396,0.058597020301709185,0.6891445821980553,3.3728570390051535,4.211302477573082,4.693114326024342,4.1919265349376476,True
f1:HIT:hit_data3_rec00:ch3:train:175000-200000,HIT,1,1000.0,25000,2048,0.25,db,-57.642767815053375,-34.170767661440735,-24.386763137656704,-0.06967196865101427,28.993184837782334,36.449157742314505,40.68396018511494,70.61992540375525,True
f1:HIT:hit_data3_rec00:ch3:train:175000-200000,HIT,1,1000.0,25000,2048,0.5,magnitude,0.0013117817246275365,0.020969206976156365,0.0607750932793284,0.9946572729613985,27.902073322338,67.56607918680628,95.17054224968956,67.54510997983012,True
f1:HIT:hit_data3_rec00:ch3:train:175000-200000,HIT,1,1000.0,25000,2048,0.5,power,1.7207712930667941e-06,0.00044013142689869344,0.0036936122623325834,0.989343090655006,778.5261163338677,4565.526183313099,9057.432112099947,4565.525743181672,True
f1:HIT:hit_data3_rec00:ch3:train:175000-200000,HIT,1,1000.0,25000,2048,0.5,log1p,0.0013109220906669604,0.020752175752759082,0.05899986085470703,0.6904722425819135,3.3639130821466727,4.227760659314257,4.566123097158006,4.2070084835614985,True
f1:HIT:hit_data3_rec00:ch3:train:175000-200000,HIT,1,1000.0,25000,2048,0.5,db,-57.642767815053375,-33.57257367438892,-24.325487655939295,-0.046530748076275746,28.91272716751248,36.594240893525715,39.570050875652434,70.16681456791463,True
f1:HIT:hit_data3_rec00:ch3:train:175000-200000,HIT,1,1000.0,25000,4096,0.25,magnitude,0.0040998043460637994,0.02260385057407974,0.07738849152618807,1.3589057976050378,37.35377529666162,100.06679788843829,174.41561570641804,100.0441940378642,True
f1:HIT:hit_data3_rec00:ch3:train:175000-200000,HIT,1,1000.0,25000,4096,0.25,power,1.680839567600362e-05,0.0005109344097914981,0.005988983581131704,1.846624966764584,1395.3048305163113,10013.364542403417,30420.807002248897,10013.364031469007,True
f1:HIT:hit_data3_rec00:ch3:train:175000-200000,HIT,1,1000.0,25000,4096,0.25,log1p,0.004091423048204005,0.022352168964164656,0.07454004736113412,0.858197866438292,3.6468528636207687,4.615781638836855,5.167158105088214,4.59342946987269,True
f1:HIT:hit_data3_rec00:ch3:train:175000-200000,HIT,1,1000.0,25000,4096,0.25,db,-47.74473715838986,-32.91635436547809,-22.22647595619137,2.6637870308251603,31.44668909975721,40.00579983569767,44.83170730821186,72.92215420117577,True
f1:HIT:hit_data3_rec00:ch3:train:175000-200000,HIT,1,1000.0,25000,4096,0.5,magnitude,0.0040998043460637994,0.02315332478001203,0.07689689422615956,1.3568260619643173,37.07063736617509,100.07705746498335,174.41561570641804,100.05390414020334,True
f1:HIT:hit_data3_rec00:ch3:train:175000-200000,HIT,1,1000.0,25000,4096,0.5,power,1.680839567600362e-05,0.0005361382698047387,0.005913140039226423,1.8409769624255974,1374.2321736208437,10015.41747935525,30420.807002248897,10015.41694321698,True
f1:HIT:hit_data3_rec00:ch3:train:175000-200000,HIT,1,1000.0,25000,4096,0.5,log1p,0.004091423048204005,0.022889323805988,0.0740836560352085,0.8573158248644752,3.6394433056922937,4.61588316877052,5.167158105088214,4.592993844964532,True
f1:HIT:hit_data3_rec00:ch3:train:175000-200000,HIT,1,1000.0,25000,4096,0.5,db,-47.74473715838986,-32.70823409965617,-22.281829649751014,2.650483539379169,31.380601001219375,40.0066905278891,44.83170730821186,72.71492462754526,True
f1:HIT:hit_data4_rec00:ch3:train:175000-200000,HIT,1,1000.0,25000,256,0.25,magnitude,5.791796790033388e-05,0.013276853530802091,0.05593186793389977,0.7204925421509161,8.315937569250465,13.360349920423705,24.51086948555256,13.347073066892902,True
f1:HIT:hit_data4_rec00:ch3:train:175000-200000,HIT,1,1000.0,25000,256,0.25,power,3.3544910057041055e-09,0.00017627660436232863,0.003128382195461657,0.5191095032950895,69.1548205984103,178.49898427575474,600.7827229377917,178.4988079991504,True
f1:HIT:hit_data4_rec00:ch3:train:175000-200000,HIT,1,1000.0,25000,256,0.25,log1p,5.791629071958998e-05,0.013189487689995451,0.054423660458804236,0.5426106115473203,2.231726633588528,2.664470847997478,3.2391046156792034,2.6512813603074825,True
f1:HIT:hit_data4_rec00:ch3:train:175000-200000,HIT,1,1000.0,25000,256,0.25,db,-84.74371868560327,-37.538140419142174,-25.04682508165597,-2.847410203343684,18.398224220585075,22.516355824375516,27.78717434917318,60.05449624351769,True
f1:HIT:hit_data4_rec00:ch3:train:175000-200000,HIT,1,1000.0,25000,256,0.5,magnitude,5.791796790033388e-05,0.014385839865670817,0.05575343525707567,0.7162220178637742,8.381328546315324,13.538867929356138,24.51086948555256,13.524482089490467,True
f1:HIT:hit_data4_rec00:ch3:train:175000-200000,HIT,1,1000.0,25000,256,0.5,power,3.3544910057041055e-09,0.00020695872436256985,0.003108445921410578,0.5129739788748935,70.24668551474025,183.30095216038555,600.7827229377917,183.3007452016612,True
f1:HIT:hit_data4_rec00:ch3:train:175000-200000,HIT,1,1000.0,25000,256,0.5,log1p,5.791629071958998e-05,0.014283342402770021,0.054254668511536805,0.5401253737359153,2.2387212906613088,2.676825592616916,3.2391046156792034,2.662542250214146,True
f1:HIT:hit_data4_rec00:ch3:train:175000-200000,HIT,1,1000.0,25000,256,0.5,db,-84.74371868560327,-36.8414255534703,-25.074567879612083,-2.8990466423949175,18.466256234133006,22.631646860741377,27.78717434917318,59.47307241421168,True
f1:HIT:hit_data4_rec00:ch3:train:175000-200000,HIT,1,1000.0,25000,512,0.25,magnitude,0.002994105081140266,0.02236807554882594,0.07872236604171866,0.987914306253791,11.812273290553419,20.67656749853935,34.677139759187654,20.654199422990523,True
f1:HIT:hit_data4_rec00:ch3:train:175000-200000,HIT,1,1000.0,25000,512,0.25,power,8.964665236909959e-06,0.000500330810011322,0.006197211780290766,0.9759746779392153,139.52980626584034,427.5205887624746,1202.504021878233,427.5200884316646,True
f1:HIT:hit_data4_rec00:ch3:train:175000-200000,HIT,1,1000.0,25000,512,0.25,log1p,0.002989631675528422,0.02212157913970191,0.07577734606837047,0.6870860016171909,2.550403544145897,3.0762316837324675,3.5745101407986297,3.0541101045927657,True
f1:HIT:hit_data4_rec00:ch3:train:175000-200000,HIT,1,1000.0,25000,512,0.25,db,-50.47465894434524,-33.00742759723932,-22.078037823839928,-0.10561451326596952,21.446669540338043,26.30956739432986,30.800865375860894,59.31699499156918,True
f1:HIT:hit_data4_rec00:ch3:train:175000-200000,HIT,1,1000.0,25000,512,0.5,magnitude,0.002994105081140266,0.02201724784211211,0.07666141122285833,0.9849625958207058,11.81720556909547,20.708858470650508,34.677139759187654,20.686841222808397,True
f1:HIT:hit_data4_rec00:ch3:train:175000-200000,HIT,1,1000.0,25000,512,0.5,power,8.964665236909959e-06,0.00048476231049875867,0.005876984825703791,0.9701513151658678,139.64635484929786,428.8579534650772,1202.504021878233,428.85746870276665,True
f1:HIT:hit_data4_rec00:ch3:train:175000-200000,HIT,1,1000.0,25000,512,0.5,log1p,0.002989631675528422,0.021778366709159884,0.07386496179223907,0.6856000705463522,2.550788430923117,3.077719199156437,3.5745101407986297,3.0559408324472774,True
f1:HIT:hit_data4_rec00:ch3:train:175000-200000,HIT,1,1000.0,25000,512,0.5,db,-50.47465894434524,-33.14476721539944,-22.308473302738662,-0.1316052315437372,21.45029557978438,26.323111723074692,30.800865375860894,59.46787893847413,True
f1:HIT:hit_data4_rec00:ch3:train:175000-200000,HIT,1,1000.0,25000,1024,0.25,magnitude,0.0005317598472824869,0.03215252075320843,0.10809719406877978,1.3729704669358878,17.27581513090413,30.66038324370812,45.163690949585266,30.628230722954914,True
f1:HIT:hit_data4_rec00:ch3:train:175000-200000,HIT,1,1000.0,25000,1024,0.25,power,2.8276853518189383e-07,0.001033832268813714,0.011685004154216585,1.8850479052593228,298.4537887807752,940.0718443250238,2039.7589801896502,940.070810492755,True
f1:HIT:hit_data4_rec00:ch3:train:175000-200000,HIT,1,1000.0,25000,1024,0.25,log1p,0.000531618513116566,0.03164642519413254,0.10264430443543071,0.8641425317277593,2.905578607732999,3.4550597822171287,3.8321935789162462,3.423413357022996,True
f1:HIT:hit_data4_rec00:ch3:train:175000-200000,HIT,1,1000.0,25000,1024,0.25,db,-65.48568754577829,-29.855898517961812,-19.323711866868955,2.753223905896479,24.74877095505102,29.73149251204839,33.095788538211636,59.5873910300102,True
f1:HIT:hit_data4_rec00:ch3:train:175000-200000,HIT,1,1000.0,25000,1024,0.5,magnitude,0.0016625282908887772,0.03616596305541009,0.10734882073357986,1.3731780483097524,16.963962571247023,30.04427566299225,45.163690949585266,30.00810969993684,True
f1:HIT:hit_data4_rec00:ch3:train:175000-200000,HIT,1,1000.0,25000,1024,0.5,power,2.7640003180055585e-06,0.0013081532717459034,0.011523787463305358,1.8856179523597807,287.7761263805738,902.6585389213742,2039.7589801896502,902.6572307681024,True
f1:HIT:hit_data4_rec00:ch3:train:175000-200000,HIT,1,1000.0,25000,1024,0.5,log1p,0.001661147820565295,0.03552724491712901,0.10196870123918142,0.8642300055322294,2.8883675161803675,3.435414412563164,3.8321935789162462,3.399887167646035,True
f1:HIT:hit_data4_rec00:ch3:train:175000-200000,HIT,1,1000.0,25000,1024,0.5,db,-55.58461859086044,-28.83457393451548,-19.384061258743426,2.7545370437676104,24.59054459686934,29.55523457477234,33.095788538211636,58.38980850928782,True
f1:HIT:hit_data4_rec00:ch3:train:175000-200000,HIT,1,1000.0,25000,2048,0.25,magnitude,0.00023170304640629524,0.03719926681825298,0.14575237648104972,1.9147130860517474,24.300043759732162,43.488946498138446,70.13623392891168,43.45174723132019,True
f1:HIT:hit_data4_rec00:ch3:train:175000-200000,HIT,1,1000.0,25000,2048,0.25,power,5.3686301713957806e-08,0.0013837876590080671,0.021243755335486097,3.6661262018978062,590.4922213556817,1891.2889409589595,4919.091309731022,1891.2875571713005,True
f1:HIT:hit_data4_rec00:ch3:train:175000-200000,HIT,1,1000.0,25000,2048,0.25,log1p,0.0002316762074011444,0.03652406677073589,0.1360615185430114,1.0697713882178308,3.230806051422928,3.7952406453280183,4.264596826250734,3.7587165785572823,True
f1:HIT:hit_data4_rec00:ch3:train:175000-200000,HIT,1,1000.0,25000,2048,0.25,db,-72.70136137360801,-28.589319286415453,-16.727687119017947,5.642074109837411,27.71214041742668,32.76757665578173,36.918848841471274,61.356895942197184,True
f1:HIT:hit_data4_rec00:ch3:train:175000-200000,HIT,1,1000.0,25000,2048,0.5,magnitude,0.00023170304640629524,0.03630995353236428,0.14679869880467888,1.9268277388067596,24.305785457531478,43.24782523101194,60.27160393568276,43.21151527747957,True
f1:HIT:hit_data4_rec00:ch3:train:175000-200000,HIT,1,1000.0,25000,2048,0.5,power,5.3686301713957806e-08,0.0013184362533658204,0.021549858204450087,3.71266513503517,590.7712069229866,1870.3759765636896,3632.66624097981,1870.3746581274363,True
f1:HIT:hit_data4_rec00:ch3:train:175000-200000,HIT,1,1000.0,25000,2048,0.5,log1p,0.0002316762074011444,0.03566627108297099,0.13697432030615497,1.0739191535032444,3.2310330436340347,3.7898058171092885,4.115316504551976,3.7541395460263174,True
f1:HIT:hit_data4_rec00:ch3:train:175000-200000,HIT,1,1000.0,25000,2048,0.5,db,-72.70136137360801,-28.799563682036464,-16.66555591929131,5.6968577971433945,27.71419320146666,32.71928177685254,35.60225497957926,61.518845458889004,True
f1:HIT:hit_data4_rec00:ch3:train:175000-200000,HIT,1,1000.0,25000,4096,0.25,magnitude,0.011601333588866064,0.0714999856560605,0.20792947509425624,2.6575369465696492,35.1937346601281,70.6476426687376,86.1083070662159,70.57614268308154,True
f1:HIT:hit_data4_rec00:ch3:train:175000-200000,HIT,1,1000.0,25000,4096,0.25,power,0.00013459094104015194,0.005112275046645459,0.04323467053777092,7.062502622382735,1238.5989603284845,4991.092573632576,7414.640545809727,4991.08746135753,True
f1:HIT:hit_data4_rec00:ch3:train:175000-200000,HIT,1,1000.0,25000,4096,0.25,log1p,0.01153455410942929,0.06905951075058502,0.18890771491896635,1.2967899554522766,3.588886027783266,4.2717599444732235,4.467152253205214,4.202700433722638,True
f1:HIT:hit_data4_rec00:ch3:train:175000-200000,HIT,1,1000.0,25000,4096,0.25,db,-38.709841628529496,-22.913903714286807,-13.641679245648396,8.489586221183934,30.929307104303863,36.9819507454748,38.70090101723431,59.89585445976161,True
f1:HIT:hit_data4_rec00:ch3:train:175000-200000,HIT,1,1000.0,25000,4096,0.5,magnitude,0.0184096499589568,0.06298982942083885,0.20673378201586848,2.654373543224941,35.23917112450355,71.64006233966516,86.06231679284787,71.57707251024432,True
f1:HIT:hit_data4_rec00:ch3:train:175000-200000,HIT,1,1000.0,25000,4096,0.5,power,0.0003389152116113181,0.003970757578692081,0.042738864698555604,7.045698906972528,1241.7991962129536,5132.414575577907,7406.722371752504,5132.410604820328,True
f1:HIT:hit_data4_rec00:ch3:train:175000-200000,HIT,1,1000.0,25000,4096,0.5,log1p,0.018242243823940185,0.06108418654193738,0.18791735330644235,1.2959246813090843,3.590140603487001,4.28550560151244,4.466624147220198,4.224421414970503,True
f1:HIT:hit_data4_rec00:ch3:train:175000-200000,HIT,1,1000.0,25000,4096,0.5,db,-34.69908933465461,-24.01792837215516,-13.691771820936717,8.479240800027885,30.940513641421457,37.10302095224113,38.69626066176081,61.12094932439629,True
f1:HIT:hit_data4_rec27:ch3:train:175000-200000,HIT,1,3000.0,25000,256,0.25,magnitude,0.001602095734920539,0.02123294076200095,0.07354349920957667,0.7400364977263945,8.772714042454503,13.556577746368603,20.34241380975126,13.535344805606602,True
f1:HIT:hit_data4_rec27:ch3:train:175000-200000,HIT,1,3000.0,25000,256,0.25,power,2.5667107438505816e-06,0.0004508382471236307,0.005408648330386436,0.5476540179671479,76.96051167143555,183.78080564498543,413.8137996071588,183.7803548067383,True
f1:HIT:hit_data4_rec27:ch3:train:175000-200000,HIT,1,3000.0,25000,256,0.25,log1p,0.001600813748609166,0.021010662553219504,0.07096485754632283,0.553906088711275,2.2795942209691136,2.6780429573891236,3.0606963514615244,2.657032294835904,True
f1:HIT:hit_data4_rec27:ch3:train:175000-200000,HIT,1,3000.0,25000,256,0.25,db,-55.906230172872085,-33.459801570083854,-22.669115840594547,-2.614937215820325,18.862679464446042,22.643001252684396,26.168049691597794,56.102802822768254,True
f1:HIT:hit_data4_rec27:ch3:train:175000-200000,HIT,1,3000.0,25000,256,0.5,magnitude,0.002555622394414314,0.02047721683515872,0.07311417021067876,0.740046073275767,8.782728989580631,13.674360437818432,20.34241380975126,13.653883220983273,True
f1:HIT:hit_data4_rec27:ch3:train:175000-200000,HIT,1,3000.0,25000,256,0.5,power,6.531205822831952e-06,0.0004193207960062897,0.005345683058254393,0.5476681907662475,77.13632850442455,186.98850520565674,413.8137996071588,186.98808588486074,True
f1:HIT:hit_data4_rec27:ch3:train:175000-200000,HIT,1,3000.0,25000,256,0.5,log1p,0.00255236234462578,0.020270375420644617,0.07056486028489395,0.5539115917377345,2.2806184829123297,2.6861009150334834,3.0606963514615244,2.6658305396128386,True
f1:HIT:hit_data4_rec27:ch3:train:175000-200000,HIT,1,3000.0,25000,256,0.5,db,-51.85006595785527,-33.77462622226364,-22.71996983143211,-2.61482482882219,18.872589637048154,22.71813177718327,26.168049691597794,56.49275799944691,True
f1:HIT:hit_data4_rec27:ch3:train:175000-200000,HIT,1,3000.0,25000,512,0.25,magnitude,0.0013164312772148135,0.026051042698448105,0.10252098227448124,1.0294156359982125,13.500377888531068,19.538340605212063,26.03135613692288,19.512289562513615,True
f1:HIT:hit_data4_rec27:ch3:train:175000-200000,HIT,1,3000.0,25000,512,0.25,power,1.732991307629425e-06,0.0006786847380883915,0.010510557876203442,1.059696553525687,182.26020342772082,381.7493937689178,677.6315023273125,381.7487150841797,True
f1:HIT:hit_data4_rec27:ch3:train:175000-200000,HIT,1,3000.0,25000,512,0.25,log1p,0.0013155655412656275,0.025717481474321183,0.09759935720260444,0.7077478873433825,2.6741747096644235,3.0222902798537215,3.2969975305770824,2.9965727983794004,True
f1:HIT:hit_data4_rec27:ch3:train:175000-200000,HIT,1,3000.0,25000,512,0.25,db,-57.6120354964252,-31.68367587310603,-19.783747327225356,0.25181520409083935,22.60691849273307,25.817723454029046,28.30993587657894,57.501399327135076,True
f1:HIT:hit_data4_rec27:ch3:train:175000-200000,HIT,1,3000.0,25000,512,0.5,magnitude,0.002209936557781038,0.02551464047146191,0.10404064841895698,1.0302073907905247,13.461864868784218,19.748576934235114,26.03135613692288,19.72306229376365,True
f1:HIT:hit_data4_rec27:ch3:train:175000-200000,HIT,1,3000.0,25000,512,0.5,power,4.883819589417103e-06,0.0006521986642037155,0.010824465089779921,1.0613272680552375,181.22180678230654,390.0101364532225,677.6315023273125,390.0094842545583,True
f1:HIT:hit_data4_rec27:ch3:train:175000-200000,HIT,1,3000.0,25000,512,0.5,log1p,0.002207498239677746,0.025194003189561307,0.09897676288303263,0.7081379507844958,2.6715151733487126,3.0324732029769343,3.2969975305770824,3.007279199787373,True
f1:HIT:hit_data4_rec27:ch3:train:175000-200000,HIT,1,3000.0,25000,512,0.5,db,-53.112403481686044,-31.872407262416473,-19.655942426242543,0.2584932251626726,22.58210451045285,25.91067336675879,28.30993587657894,57.78308062917526,True
f1:HIT:hit_data4_rec27:ch3:train:175000-200000,HIT,1,3000.0,25000,1024,0.25,magnitude,0.001532796210401366,0.040662150717119684,0.13904504870082715,1.4224429918468362,19.47126026895911,28.00739987803878,41.34400710035358,27.96673772732166,True
f1:HIT:hit_data4_rec27:ch3:train:175000-200000,HIT,1,3000.0,25000,1024,0.25,power,2.3494642226207885e-06,0.0016534586048592864,0.01933352705396005,2.0233440786844143,379.129997260507,784.4145732496669,1709.326923114087,784.412919791062,True
f1:HIT:hit_data4_rec27:ch3:train:175000-200000,HIT,1,3000.0,25000,1024,0.25,log1p,0.001531622677328369,0.03985717173334816,0.13019023420854453,0.884776530567162,3.019021939589432,3.367550891149752,3.7458269022383095,3.327693719416404,True
f1:HIT:hit_data4_rec27:ch3:train:175000-200000,HIT,1,3000.0,25000,1024,0.25,db,-56.29031107311667,-27.816318809903464,-17.13688975649687,3.0606973697445703,25.787881000810824,28.94545514821535,32.32825133130134,56.76177395811881,True
f1:HIT:hit_data4_rec27:ch3:train:175000-200000,HIT,1,3000.0,25000,1024,0.5,magnitude,0.004592224639037523,0.03870431534095918,0.13712883723169172,1.419176903546845,19.388823249636054,27.745530410975462,35.870002838457,27.706826095634504,True
f1:HIT:hit_data4_rec27:ch3:train:175000-200000,HIT,1,3000.0,25000,1024,0.5,power,2.108852713538331e-05,0.0014980278923695056,0.01880432143690903,2.014063083560811,375.926467156539,769.8146682256031,1286.657103630913,769.8131701977107,True
f1:HIT:hit_data4_rec27:ch3:train:175000-200000,HIT,1,3000.0,25000,1024,0.5,log1p,0.004581712545779874,0.03797408401088897,0.12850652032870744,0.8834273598125144,3.014986870607805,3.358482163747171,3.607398289231594,3.320508079736282,True
f1:HIT:hit_data4_rec27:ch3:train:175000-200000,HIT,1,3000.0,25000,1024,0.5,db,-46.7595373227612,-28.24482336837051,-17.25742491723104,3.0407306926455204,25.751029030109677,28.863859444435555,31.094628220873442,57.108682812806066,True
f1:HIT:hit_data4_rec27:ch3:train:175000-200000,HIT,1,3000.0,25000,2048,0.25,magnitude,0.00461297587541682,0.0563914902154798,0.18051131399438183,1.966058910918656,27.34155614205743,47.32883408390417,58.65505772205449,47.27244259368869,True
f1:HIT:hit_data4_rec27:ch3:train:175000-200000,HIT,1,3000.0,25000,2048,0.25,power,2.1279546427177575e-05,0.0031800066631764183,0.03258433993608448,3.8653876412026515,747.5609678037545,2240.0185402316793,3440.4157963775438,2240.015360225016,True
f1:HIT:hit_data4_rec27:ch3:train:175000-200000,HIT,1,3000.0,25000,2048,0.25,log1p,0.0046023687100927285,0.054858843042175275,0.1659476596098402,1.08723410559491,3.3443289709007478,3.87802836053906,4.088578934925225,3.8231695174968845,True
f1:HIT:hit_data4_rec27:ch3:train:175000-200000,HIT,1,3000.0,25000,2048,0.25,db,-46.72037614421478,-24.97573740461643,-14.869912170579457,5.8719305379488995,28.736462973812213,33.50251611187323,35.36610933026474,58.47825351648966,True
f1:HIT:hit_data4_rec27:ch3:train:175000-200000,HIT,1,3000.0,25000,2048,0.5,magnitude,0.006628470096500188,0.052634134188269004,0.17445349875650545,1.981140174529729,27.364750332643045,47.32412317714705,58.65505772205449,47.271489042958784,True
f1:HIT:hit_data4_rec27:ch3:train:175000-200000,HIT,1,3000.0,25000,2048,0.5,power,4.393661582019721e-05,0.002771838034828442,0.030434060975424886,3.9249163911356852,748.829575493902,2239.5734247628534,3440.4157963775438,2239.5706529248187,True
f1:HIT:hit_data4_rec27:ch3:train:175000-200000,HIT,1,3000.0,25000,2048,0.5,log1p,0.006606598386043337,0.05129505117496084,0.16080291827418552,1.0923058362437852,3.3451471796374967,3.877930711450389,4.088578934925225,3.826635660275428,True
f1:HIT:hit_data4_rec27:ch3:train:175000-200000,HIT,1,3000.0,25000,2048,0.5,db,-43.571733841799386,-25.576991224990927,-15.166411708413081,5.938304098499153,28.74382971724747,33.50164998947582,35.36610933026474,59.07864121446675,True
f1:HIT:hit_data4_rec27:ch3:train:175000-200000,HIT,1,3000.0,25000,4096,0.25,magnitude,0.0030503088125143113,0.04877097823648039,0.22116804025174006,2.748137411226186,37.692373413699336,63.428949769321726,109.80962282373,63.38017879108524,True
f1:HIT:hit_data4_rec27:ch3:train:175000-200000,HIT,1,3000.0,25000,4096,0.25,power,9.304383851702467e-06,0.0023787216477580944,0.04891530863788426,7.552259230980963,1420.7165927669316,4023.231802637998,12058.153264689843,4023.2294239163502,True
f1:HIT:hit_data4_rec27:ch3:train:175000-200000,HIT,1,3000.0,25000,4096,0.25,log1p,0.003045666059412936,0.04761893023106789,0.1998078085470444,1.321259026251129,3.6556419834242875,4.165563046554078,4.7078136191316835,4.1179441163230095,True
f1:HIT:hit_data4_rec27:ch3:train:175000-200000,HIT,1,3000.0,25000,4096,0.25,db,-50.31312352646221,-26.23697228276004,-13.105553188395726,8.780768887173224,31.525064868638708,36.04575026720387,40.812807996483905,62.28272254996391,True
f1:HIT:hit_data4_rec27:ch3:train:175000-200000,HIT,1,3000.0,25000,4096,0.5,magnitude,0.0030503088125143113,0.044577377460657715,0.21550895497814154,2.7410901210099445,37.31948897113492,63.52286107578209,109.61416084848886,63.478283698321434,True
f1:HIT:hit_data4_rec27:ch3:train:175000-200000,HIT,1,3000.0,25000,4096,0.5,power,9.304383851702467e-06,0.001987647033322011,0.04644439373622133,7.513575051498313,1392.7443074218504,4035.1542293602984,12015.26425851839,4035.152241713265,True
f1:HIT:hit_data4_rec27:ch3:train:175000-200000,HIT,1,3000.0,25000,4096,0.5,log1p,0.003045666059412936,0.04361214895903005,0.1951627859501269,1.3193770451613713,3.6459586000398834,4.16701955424121,4.70604811749703,4.12340740528218,True
f1:HIT:hit_data4_rec27:ch3:train:175000-200000,HIT,1,3000.0,25000,4096,0.5,db,-50.31312352646221,-27.018814103908483,-13.330720117073431,8.758466288734809,31.438713606359848,36.058600633709716,40.79733326930496,63.0774147376182,True
f1:HIT:hit_data5_rec00:ch3:train:175000-200000,HIT,2,1000.0,25000,256,0.25,magnitude,5.193308738299374e-05,0.006931531892305821,0.025989520186038412,0.6664759288844047,8.064056992541547,11.431500337725902,16.092866691183858,11.424568805833596,True
f1:HIT:hit_data5_rec00:ch3:train:175000-200000,HIT,2,1000.0,25000,256,0.25,power,2.6970455651296634e-09,4.804625697909194e-05,0.0006754553041871443,0.44419016378233,65.02901660232084,130.67940866349358,258.9803583402149,130.6793606172366,True
f1:HIT:hit_data5_rec00:ch3:train:175000-200000,HIT,2,1000.0,25000,256,0.25,log1p,5.193173890689799e-05,0.006907619201834263,0.02565753238406084,0.5107111745475715,2.2043168028339006,2.52023292764009,2.838661223913932,2.513325308438256,True
f1:HIT:hit_data5_rec00:ch3:train:175000-200000,HIT,2,1000.0,25000,256,0.25,db,-85.69110043800234,-43.18342647863028,-31.70403566234697,-3.524310626368554,18.131071674611874,21.16205775306736,24.132668274537178,64.34548423169764,True
f1:HIT:hit_data5_rec00:ch3:train:175000-200000,HIT,2,1000.0,25000,256,0.5,magnitude,5.193308738299374e-05,0.005764490847316295,0.025935092384830594,0.6745881481015309,8.018819890358891,11.73857767811012,14.49033756452337,11.732813187262805,True
f1:HIT:hit_data5_rec00:ch3:train:175000-200000,HIT,2,1000.0,25000,256,0.5,power,2.6970455651296634e-09,3.323326373120764e-05,0.0006726293752590643,0.45506916965233,64.3015784488069,137.79420624613127,209.9698827338371,137.79417301286753,True
f1:HIT:hit_data5_rec00:ch3:train:175000-200000,HIT,2,1000.0,25000,256,0.5,log1p,5.193173890689799e-05,0.005747937813601002,0.02560448179440698,0.5155672532961002,2.199312840703067,2.5446350006397735,2.740216446607296,2.5388870628261726,True
f1:HIT:hit_data5_rec00:ch3:train:175000-200000,HIT,2,1000.0,25000,256,0.5,db,-85.69110043800234,-44.78527026710137,-31.72224629117336,-3.419225864356943,18.082202011848896,21.39230955281794,23.221570056898422,66.17757981991932,True
f1:HIT:hit_data5_rec00:ch3:train:175000-200000,HIT,2,1000.0,25000,512,0.25,magnitude,0.0006884755713656432,0.010176459929421889,0.03478127201330597,0.9015893365041574,11.8329280274518,18.585133441569223,26.013480799640362,18.5749569816398,True
f1:HIT:hit_data5_rec00:ch3:train:175000-200000,HIT,2,1000.0,25000,512,0.25,power,4.7399861236724885e-07,0.00010356148574589379,0.001209738473050385,0.8128633785930646,140.0181875097262,345.40728531834105,676.7011833132577,345.4071817568553,True
f1:HIT:hit_data5_rec00:ch3:train:175000-200000,HIT,2,1000.0,25000,512,0.25,log1p,0.0006882386807821436,0.010125027831071965,0.03419007225306122,0.64269002291981,2.5520143643644326,2.974770649809421,3.296336030276681,2.964645621978349,True
f1:HIT:hit_data5_rec00:ch3:train:175000-200000,HIT,2,1000.0,25000,512,0.25,db,-63.24222803561632,-39.848113493846206,-29.173096464896915,-0.8998249200761574,21.46184440348798,25.38331241261013,28.303969359163467,65.23142590645634,True
f1:HIT:hit_data5_rec00:ch3:train:175000-200000,HIT,2,1000.0,25000,512,0.5,magnitude,0.0006884755713656432,0.009182266650557673,0.03415356531984128,0.9078424218683705,11.839630258708448,18.54475243127085,26.013480799640362,18.535570164620292,True
f1:HIT:hit_data5_rec00:ch3:train:175000-200000,HIT,2,1000.0,25000,512,0.5,power,4.7399861236724885e-07,8.440013610797013e-05,0.0011664700002763878,0.8241778648327867,140.1768947749798,343.9081876272372,676.7011833132577,343.9081032271011,True
f1:HIT:hit_data5_rec00:ch3:train:175000-200000,HIT,2,1000.0,25000,512,0.5,log1p,0.0006882386807821436,0.009140323656859075,0.03358327898304124,0.6459729812367235,2.552536349860863,2.9727063813409083,3.296336030276681,2.9635660576840492,True
f1:HIT:hit_data5_rec00:ch3:train:175000-200000,HIT,2,1000.0,25000,512,0.5,db,-63.24222803561632,-40.74550999009265,-29.33129386048487,-0.8397905551390996,21.466761247320505,25.36441644599116,28.303969359163467,66.10992643608381,True
f1:HIT:hit_data5_rec00:ch3:train:175000-200000,HIT,2,1000.0,25000,1024,0.25,magnitude,0.0016069801769506373,0.0171706754894122,0.05218648911680164,1.2509904174965913,17.05650893291274,27.660434332192487,41.84275253618437,27.643263656703073,True
f1:HIT:hit_data5_rec00:ch3:train:175000-200000,HIT,2,1000.0,25000,1024,0.25,power,2.5823852891123017e-06,0.00029483483105272734,0.002723431996473707,1.5649770261676066,290.92457549807347,765.0996426323928,1750.8159398043636,765.0993477975618,True
f1:HIT:hit_data5_rec00:ch3:train:175000-200000,HIT,2,1000.0,25000,1024,0.25,log1p,0.0016056903659216995,0.017024924171281364,0.0508703685670929,0.8113703047691798,2.8935061050067876,3.355517567687132,3.757536495060426,3.3384926435158504,True
f1:HIT:hit_data5_rec00:ch3:train:175000-200000,HIT,2,1000.0,25000,1024,0.25,db,-55.87978906913968,-35.304292506362756,-25.64884212036662,1.945079657319798,24.637801748104398,28.83717981871956,32.43240491871394,64.14147232508232,True
f1:HIT:hit_data5_rec00:ch3:train:175000-200000,HIT,2,1000.0,25000,1024,0.5,magnitude,0.005872690677764625,0.015708457903834135,0.05240894581279043,1.2481910582468918,17.03181408364794,27.14985019669187,39.03123292625921,27.134141738788035,True
f1:HIT:hit_data5_rec00:ch3:train:175000-200000,HIT,2,1000.0,25000,1024,0.5,power,3.448849579670352e-05,0.00024684548870576367,0.002746697604010028,1.5579809178874957,290.0826912688386,737.1293880796848,1523.4371437439008,737.129141234196,True
f1:HIT:hit_data5_rec00:ch3:train:175000-200000,HIT,2,1000.0,25000,1024,0.5,log1p,0.005855513647315031,0.015586313576463121,0.05108177053884474,0.8101259187433222,2.8921376464432957,3.337532484849048,3.689659972586608,3.3219461712725846,True
f1:HIT:hit_data5_rec00:ch3:train:175000-200000,HIT,2,1000.0,25000,1024,0.5,db,-44.623257320263306,-36.07886192635265,-25.61189150561287,1.9256213421042454,24.625218151171666,28.675259573223062,31.828245401570303,64.75412149957572,True
f1:HIT:hit_data5_rec00:ch3:train:175000-200000,HIT,2,1000.0,25000,2048,0.25,magnitude,0.00011138343097449876,0.023754826262717323,0.07158875538584836,1.723517130296244,24.65706264745525,41.064513180571886,59.861142126183275,41.04075835430917,True
f1:HIT:hit_data5_rec00:ch3:train:175000-200000,HIT,2,1000.0,25000,2048,0.25,power,1.2406268695650931e-08,0.0005643054812885689,0.005124950403696098,2.9705112984246003,607.9708443998596,1686.2979576274997,3583.356336651114,1686.2973933220185,True
f1:HIT:hit_data5_rec00:ch3:train:175000-200000,HIT,2,1000.0,25000,2048,0.25,log1p,0.00011137722830073006,0.023477063932488593,0.06914236511865848,1.0019241076313374,3.2448188000571445,3.739203415846765,4.108594910743333,3.7157263519142765,True
f1:HIT:hit_data5_rec00:ch3:train:175000-200000,HIT,2,1000.0,25000,2048,0.25,db,-79.06358037276901,-32.48506753128548,-22.903104176366035,4.728312086177145,27.838826014641715,32.269323983675356,35.54289997491155,64.75439151496084,True
f1:HIT:hit_data5_rec00:ch3:train:175000-200000,HIT,2,1000.0,25000,2048,0.5,magnitude,0.002918941882343868,0.024819964428811285,0.07537730133097056,1.7176433984247934,24.585742029494806,40.66105941736912,57.332018134375836,40.63623945294031,True
f1:HIT:hit_data5_rec00:ch3:train:175000-200000,HIT,2,1000.0,25000,2048,0.5,power,8.520221712501163e-06,0.0006160310586585162,0.005681764875043076,2.9502988441522735,604.4587435177949,1653.3217567932554,3286.9603033604,1653.3211407621968,True
f1:HIT:hit_data5_rec00:ch3:train:175000-200000,HIT,2,1000.0,25000,2048,0.5,log1p,0.0029146900433920176,0.02451695250132852,0.0726715661704729,0.9997651071306022,3.242035219632133,3.729566864485946,4.066151138733391,3.7050499119846174,True
f1:HIT:hit_data5_rec00:ch3:train:175000-200000,HIT,2,1000.0,25000,2048,0.5,db,-50.69549074154371,-32.103979862629416,-22.455209209508467,4.698660091788484,27.813666175314978,32.183573788354565,35.16794459137708,64.28755365098398,True
f1:HIT:hit_data5_rec00:ch3:train:175000-200000,HIT,2,1000.0,25000,4096,0.25,magnitude,0.0010591728446698312,0.03441752801448033,0.10033095723124819,2.3938606174453416,34.285868619438745,59.984608745265945,99.33687376435245,59.950191217251465,True
f1:HIT:hit_data5_rec00:ch3:train:175000-200000,HIT,2,1000.0,25000,4096,0.25,power,1.1218471148859823e-06,0.0011845662731421566,0.01006630184792435,5.730568655755793,1175.521021784585,3598.153762930612,9867.814489274893,3598.152578364339,True
f1:HIT:hit_data5_rec00:ch3:train:175000-200000,HIT,2,1000.0,25000,4096,0.25,log1p,0.001058612316874686,0.033838493416886516,0.0956110044033225,1.2219680986279533,3.5634824670783374,4.110621452522016,4.6085332621461035,4.07678295910513,True
f1:HIT:hit_data5_rec00:ch3:train:175000-200000,HIT,2,1000.0,25000,4096,0.25,db,-59.50066242611369,-29.26440662417721,-19.97130125107134,7.5819772004958494,30.702302264849653,35.560796033463916,39.942209763433446,64.82520265764113,True
f1:HIT:hit_data5_rec00:ch3:train:175000-200000,HIT,2,1000.0,25000,4096,0.5,magnitude,0.0010591728446698312,0.03187468009306816,0.1005418002720704,2.3801151160530987,34.39573711286284,59.91711886132236,99.33687376435245,59.88524418122929,True
f1:HIT:hit_data5_rec00:ch3:train:175000-200000,HIT,2,1000.0,25000,4096,0.5,power,1.1218471148859823e-06,0.0010165597154092813,0.010108697256240131,5.664947965664456,1183.068749856355,3590.065485367151,9867.814489274893,3590.0644688074353,True
f1:HIT:hit_data5_rec00:ch3:train:175000-200000,HIT,2,1000.0,25000,4096,0.5,log1p,0.001058612316874686,0.0313769605730923,0.09580258622530981,1.2179097669188421,3.5665905865243057,4.109513646687386,4.6085332621461035,4.078136686114294,True
f1:HIT:hit_data5_rec00:ch3:train:175000-200000,HIT,2,1000.0,25000,4096,0.5,db,-59.50066242611369,-29.933502677764515,-19.953085587368236,7.531959251223029,30.730085007143522,35.55101317443537,39.942209763433446,65.48451585219988,True
f1:HIT:hit_data5_rec14:ch3:train:175000-200000,HIT,2,4400.0,25000,256,0.25,magnitude,0.00011439470412710762,0.01976622096209864,0.06493850471277604,0.8818096516317779,11.314796852890026,15.729749731671347,20.924954610780055,15.709983510709248,True
f1:HIT:hit_data5_rec14:ch3:train:175000-200000,HIT,2,4400.0,25000,256,0.25,power,1.3086148332328493e-08,0.0003907305850622102,0.0042170093957367314,0.7775882617109575,128.02465032746073,247.42503129625294,437.8537254632055,247.4246405656679,True
f1:HIT:hit_data5_rec14:ch3:train:175000-200000,HIT,2,4400.0,25000,256,0.25,log1p,0.000114388161551894,0.019573392860454515,0.0629170554399008,0.6322338945133823,2.510801461303072,2.8171885472824703,3.0876254680522295,2.7976151544220156,True
f1:HIT:hit_data5_rec14:ch3:train:175000-200000,HIT,2,4400.0,25000,256,0.25,db,-78.83187401963116,-34.081833584248095,-23.74995430303192,-1.0925030394088922,21.07293445614205,23.934436174654103,26.413290492430722,58.0162697589022,True
f1:HIT:hit_data5_rec14:ch3:train:175000-200000,HIT,2,4400.0,25000,256,0.5,magnitude,0.001064718965739786,0.018258470223815357,0.06501403933522519,0.8820653400067512,11.37454906195739,15.74496062165219,20.924954610780055,15.726702151428375,True
f1:HIT:hit_data5_rec14:ch3:train:175000-200000,HIT,2,4400.0,25000,256,0.5,power,1.1336264760059995e-06,0.0003333766553728048,0.004226827817148366,0.7780393036261202,129.38128333145949,247.90378652816509,437.8537254632055,247.90345315150972,True
f1:HIT:hit_data5_rec14:ch3:train:175000-200000,HIT,2,4400.0,25000,256,0.5,log1p,0.0010641525545119822,0.018093783552440727,0.06298798044403477,0.6323697533611412,2.515638868596051,2.8180973518290715,3.0876254680522295,2.800003568276631,True
f1:HIT:hit_data5_rec14:ch3:train:175000-200000,HIT,2,4400.0,25000,256,0.5,db,-59.455299380541874,-34.770775319727505,-23.7398595668294,-1.0899850762195664,21.11865292247633,23.94283154883611,26.413290492430722,58.713606868563616,True
f1:HIT:hit_data5_rec14:ch3:train:175000-200000,HIT,2,4400.0,25000,512,0.25,magnitude,0.0018569366301273912,0.027854084547939938,0.09151394732445894,1.2259504719536531,15.86502558271991,21.67321884969187,27.26295870781695,21.64536476514393,True
f1:HIT:hit_data5_rec14:ch3:train:175000-200000,HIT,2,4400.0,25000,512,0.25,power,3.4482136483088717e-06,0.0007760174878673666,0.008374804896674786,1.5029545647288522,251.69904632173456,469.7286838845018,743.268917504132,469.7279078670139,True
f1:HIT:hit_data5_rec14:ch3:train:175000-200000,HIT,2,4400.0,25000,512,0.25,log1p,0.001855214654706512,0.027473136616732573,0.08756567406938708,0.8001840023004765,2.8252419685806482,3.1211841803265514,3.3415520677356945,3.0937110437098188,True
f1:HIT:hit_data5_rec14:ch3:train:175000-200000,HIT,2,4400.0,25000,512,0.25,db,-54.62405786731159,-31.103153643769925,-20.77025543612729,1.7694584894227634,24.008815369664067,26.718465843810826,28.711459715809376,57.82161948758075,True
f1:HIT:hit_data5_rec14:ch3:train:175000-200000,HIT,2,4400.0,25000,512,0.5,magnitude,0.005359872601950864,0.03341278377414328,0.09283514501307376,1.2277449606360284,15.884510134153652,21.37370015329631,27.26295870781695,21.340287369522166,True
f1:HIT:hit_data5_rec14:ch3:train:175000-200000,HIT,2,4400.0,25000,512,0.5,power,2.8728234309143526e-05,0.0011167701909512659,0.008618394517836612,1.5073576888184477,252.3183528782585,456.8351239954722,743.268917504132,456.83400722528125,True
f1:HIT:hit_data5_rec14:ch3:train:175000-200000,HIT,2,4400.0,25000,512,0.5,log1p,0.005345559605907869,0.03286654063475017,0.08877535711914288,0.8009898453758211,2.8263954313381947,3.1078861031015843,3.3415520677356945,3.075019562466834,True
f1:HIT:hit_data5_rec14:ch3:train:175000-200000,HIT,2,4400.0,25000,512,0.5,db,-45.41691049531178,-29.523144264958773,-20.645766908739056,1.7821632037194244,24.019464645459372,26.597593624677142,28.711459715809376,56.12073788963592,True
f1:HIT:hit_data5_rec14:ch3:train:175000-200000,HIT,2,4400.0,25000,1024,0.25,magnitude,0.0011919364757934576,0.03915653679661041,0.13479450867535928,1.7051358797559226,21.022702664167245,36.20063106378726,46.031633628362016,36.16147452699065,True
f1:HIT:hit_data5_rec14:ch3:train:175000-200000,HIT,2,4400.0,25000,1024,0.25,power,1.4207125623269277e-06,0.0015332618371361132,0.018169559777539885,2.907488425402148,441.95427432806434,1310.4875808253937,2118.9112944957487,1310.4860475635567,True
f1:HIT:hit_data5_rec14:ch3:train:175000-200000,HIT,2,4400.0,25000,1024,0.25,log1p,0.0011912266834745435,0.038409349071357436,0.12645158483571312,0.9951521399559581,3.0920736057203597,3.616325041129631,3.850820431232098,3.5779156920582738,True
f1:HIT:hit_data5_rec14:ch3:train:175000-200000,HIT,2,4400.0,25000,1024,0.25,db,-58.47493706499872,-28.143992002930666,-17.406556042217495,4.635179775258237,26.453768528522115,31.17431655300063,33.261127759116505,59.318308555931296,True
f1:HIT:hit_data5_rec14:ch3:train:175000-200000,HIT,2,4400.0,25000,1024,0.5,magnitude,0.0011919364757934576,0.03839840231672296,0.13307957565021386,1.7069878105145446,21.14740458253485,36.36975414689072,46.031633628362016,36.331355744574,True
f1:HIT:hit_data5_rec14:ch3:train:175000-200000,HIT,2,4400.0,25000,1024,0.5,power,1.4207125623269277e-06,0.001474438261325072,0.017710173484974338,2.913807385245239,447.22157537116595,1322.7710757191549,2118.9112944957487,1322.7696012808935,True
f1:HIT:hit_data5_rec14:ch3:train:175000-200000,HIT,2,4400.0,25000,1024,0.5,log1p,0.0011912266834745435,0.03767952791997796,0.1249392140341733,0.9958365076720977,3.097711220021513,3.620857325775687,3.850820431232098,3.583177797855709,True
f1:HIT:hit_data5_rec14:ch3:train:175000-200000,HIT,2,4400.0,25000,1024,0.5,db,-58.47493706499872,-28.31373971196538,-17.517771853411396,4.644608397669691,26.50505480453024,31.214767513528678,33.261127759116505,59.52850722549405,True
f1:HIT:hit_data5_rec14:ch3:train:175000-200000,HIT,2,4400.0,25000,2048,0.25,magnitude,0.006948368262853286,0.0545076902403734,0.1837862404789248,2.3785279146041485,24.892808843729785,69.2957607123275,83.01968556862677,69.24125302208714,True
f1:HIT:hit_data5_rec14:ch3:train:175000-200000,HIT,2,4400.0,25000,2048,0.25,power,4.8279821516226793e-05,0.0029711045967191294,0.033777382316592344,5.657395040551159,619.6520588584978,4801.902552037116,6892.268191913656,4801.89958093252,True
f1:HIT:hit_data5_rec14:ch3:train:175000-200000,HIT,2,4400.0,25000,2048,0.25,log1p,0.00692433959457367,0.053074006365267594,0.16871797998104865,1.2174400864013393,3.2539651847873152,4.2527114841330125,4.431051123394633,4.1996374777677445,True
f1:HIT:hit_data5_rec14:ch3:train:175000-200000,HIT,2,4400.0,25000,2048,0.25,db,-43.16234331597292,-25.270868143493527,-14.713740132626022,7.526165054414905,27.921477193548338,36.81413324436098,38.38362168371064,62.085001387854504,True
f1:HIT:hit_data5_rec14:ch3:train:175000-200000,HIT,2,4400.0,25000,2048,0.5,magnitude,0.014646919625021937,0.056159147374308105,0.18394734885748634,2.366973728197522,24.858774438267744,69.32538675461248,83.01968556862677,69.26922760723818,True
f1:HIT:hit_data5_rec14:ch3:train:175000-200000,HIT,2,4400.0,25000,2048,0.5,power,0.00021453225450185275,0.0031551275471891523,0.033836632440563605,5.602564629977277,617.9602237814039,4806.010150876835,6892.268191913656,4806.006995749288,True
f1:HIT:hit_data5_rec14:ch3:train:175000-200000,HIT,2,4400.0,25000,2048,0.5,log1p,0.014540689537175524,0.054638308823836496,0.16885406471604597,1.2140143374153574,3.2526488169389833,4.253132762689604,4.431051123394633,4.198494453865767,True
f1:HIT:hit_data5_rec14:ch3:train:175000-200000,HIT,2,4400.0,25000,2048,0.5,db,-36.685073973202435,-25.013356780407733,-14.706130015505085,7.483868752001717,27.909583342658635,36.81784520705371,38.38362168371064,61.83120198746144,True
f1:HIT:hit_data5_rec14:ch3:train:175000-200000,HIT,2,4400.0,25000,4096,0.25,magnitude,0.006679724878145959,0.07240207629685223,0.25127724408792057,3.287793592552064,31.604787960809375,118.31186743091857,144.67019667372608,118.23946535462171,True
f1:HIT:hit_data5_rec14:ch3:train:175000-200000,HIT,2,4400.0,25000,4096,0.25,power,4.461872444772205e-05,0.0052420643331361925,0.06314026794232008,10.809586707226408,998.8651873903347,13997.698101471547,20929.465805614585,13997.692859407214,True
f1:HIT:hit_data5_rec14:ch3:train:175000-200000,HIT,2,4400.0,25000,4096,0.25,log1p,0.00665751436779395,0.06990106189939504,0.22416482026219603,1.4557722865446396,3.484457939754172,4.781740795244017,4.981345139591928,4.711839733344623,True
f1:HIT:hit_data5_rec14:ch3:train:175000-200000,HIT,2,4400.0,25000,4096,0.25,db,-43.5048283640592,-22.80498261248862,-11.996937791895617,10.338090895206859,29.995046453598285,41.4605661468459,43.207581437413644,64.26554875933452,True
f1:HIT:hit_data5_rec14:ch3:train:175000-200000,HIT,2,4400.0,25000,4096,0.5,magnitude,0.014762966473799483,0.07080658585108607,0.24913470900827336,3.302396322637764,31.426892819033736,118.49622400479949,141.47254111424144,118.4254174189484,True
f1:HIT:hit_data5_rec14:ch3:train:175000-200000,HIT,2,4400.0,25000,4096,0.5,power,0.00021794517910652753,0.005016498803686407,0.06206810374919762,10.905821471771427,987.6496257028226,14041.431225706043,20014.479889320733,14041.426209207239,True
f1:HIT:hit_data5_rec14:ch3:train:175000-200000,HIT,2,4400.0,25000,4096,0.5,log1p,0.014655054653556336,0.06841090683351982,0.22245107865155395,1.459172151808633,3.4789880878928363,4.783282107735518,4.959149287205696,4.714871200901999,True
f1:HIT:hit_data5_rec14:ch3:train:175000-200000,HIT,2,4400.0,25000,4096,0.5,db,-36.616527271430414,-23.001068678413876,-12.071315294798376,10.376583840373698,29.94602874072603,41.474066688308106,43.01344308699399,64.47513536672199,True
f1:HIT:hit_data5_rec23:ch3:train:175000-200000,HIT,2,3000.0,25000,256,0.25,magnitude,3.303343598304309e-05,0.020866376896263306,0.07798951523244985,0.9733427480697551,11.978412975432493,27.52118663919361,30.267690839863768,27.500320262297347,True
f1:HIT:hit_data5_rec23:ch3:train:175000-200000,HIT,2,3000.0,25000,256,0.25,power,1.091207892845806e-09,0.00043540743291235843,0.006082382429821913,0.9473961052199827,143.482378729164,757.4162554724362,916.133108777573,757.4158200650033,True
f1:HIT:hit_data5_rec23:ch3:train:175000-200000,HIT,2,3000.0,25000,256,0.25,log1p,3.303289039111182e-05,0.0206516550445938,0.07509773859031493,0.6797289311977184,2.5632874329687723,3.350646869710548,3.442585322880003,3.329995214665954,True
f1:HIT:hit_data5_rec23:ch3:train:175000-200000,HIT,2,3000.0,25000,256,0.25,db,-89.62089871949253,-33.611076518696045,-22.15928836403271,-0.23468404915643704,21.56798560055736,28.793340012378923,29.619585787010454,62.40441653107497,True
f1:HIT:hit_data5_rec23:ch3:train:175000-200000,HIT,2,3000.0,25000,256,0.5,magnitude,0.0012039091168656313,0.019838624897326202,0.07888041594055367,0.9714524287485368,11.92943754377579,27.43258700778307,30.267690839863768,27.412748382885745,True
f1:HIT:hit_data5_rec23:ch3:train:175000-200000,HIT,2,3000.0,25000,256,0.5,power,1.4493971616721842e-06,0.00039357165475445595,0.006222121657628945,0.9437198220671115,142.3114862807163,752.5472629046794,916.133108777573,752.5468693330247,True
f1:HIT:hit_data5_rec23:ch3:train:175000-200000,HIT,2,3000.0,25000,256,0.5,log1p,0.001203184999407598,0.019644403597988,0.07592385083012375,0.6787705444778065,2.559506673286363,3.3475356486390586,3.442585322880003,3.3278912450410707,True
f1:HIT:hit_data5_rec23:ch3:train:175000-200000,HIT,2,3000.0,25000,256,0.5,db,-58.38812521340424,-34.049775409703905,-22.060617292372978,-0.25156923450285307,21.532399167320175,28.76533280014279,29.619585787010454,62.8151082098467,True
f1:HIT:hit_data5_rec23:ch3:train:175000-200000,HIT,2,3000.0,25000,512,0.25,magnitude,0.005502046966832097,0.034253811841746765,0.11165134491584353,1.3475111068057597,19.720501952520653,31.679778683674233,34.42055045161911,31.645524871832485,True
f1:HIT:hit_data5_rec23:ch3:train:175000-200000,HIT,2,3000.0,25000,512,0.25,power,3.027252082522628e-05,0.001173331740925332,0.012466030001545163,1.8157861845677732,388.90027671343654,1003.6085760514667,1184.7742933924562,1003.6074027197258,True
f1:HIT:hit_data5_rec23:ch3:train:175000-200000,HIT,2,3000.0,25000,512,0.25,log1p,0.0054869659985940745,0.033680208169057806,0.10584660501505251,0.8533556632773136,3.0311212199031554,3.4867564047431783,3.567292172934641,3.4530761965741203,True
f1:HIT:hit_data5_rec23:ch3:train:175000-200000,HIT,2,3000.0,25000,512,0.25,db,-45.189513975844086,-29.30585182189967,-19.042723317074806,2.590647067375216,25.89833606772236,30.015641918984223,30.736356225253637,59.321493740883895,True
f1:HIT:hit_data5_rec23:ch3:train:175000-200000,HIT,2,3000.0,25000,512,0.5,magnitude,0.005502046966832097,0.03229950790064194,0.11132623808741815,1.3499242472642456,19.931664915950538,31.699636347201107,34.304889560241364,31.667336839300464,True
f1:HIT:hit_data5_rec23:ch3:train:175000-200000,HIT,2,3000.0,25000,512,0.5,power,3.027252082522628e-05,0.0010433472958179314,0.012393532291188886,1.822295477373356,397.29549779284105,1004.8701044958102,1176.8254477403568,1004.8690611485144,True
f1:HIT:hit_data5_rec23:ch3:train:175000-200000,HIT,2,3000.0,25000,512,0.5,log1p,0.0054869659985940745,0.03178880398271226,0.10555411078900806,0.8543830920656809,3.0412355526544674,3.4873624805640304,3.5640214688014393,3.4555736765813183,True
f1:HIT:hit_data5_rec23:ch3:train:175000-200000,HIT,2,3000.0,25000,512,0.5,db,-45.189513975844086,-29.81645439658367,-19.068049669663225,2.606187954764131,25.990607911958712,30.021071956610147,30.707120510321015,59.837526353193816,True
f1:HIT:hit_data5_rec23:ch3:train:175000-200000,HIT,2,3000.0,25000,1024,0.25,magnitude,0.004031856786227397,0.04885131446230093,0.1508013981323331,1.8640233216054964,19.73044642671826,58.37250492725714,59.87704285985032,58.323653612794836,True
f1:HIT:hit_data5_rec23:ch3:train:175000-200000,HIT,2,3000.0,25000,1024,0.25,power,1.6255869144647915e-05,0.002386465366126092,0.02274106385152696,3.4745829445314738,389.29052600617086,3407.3493765023236,3585.2602616403524,3407.3469900369573,True
f1:HIT:hit_data5_rec23:ch3:train:175000-200000,HIT,2,3000.0,25000,1024,0.25,log1p,0.004023750632916235,0.047695572540250704,0.1404585667962787,1.0522273920203902,3.031603450099809,4.0838312328078255,4.108856139112383,4.036135660267575,True
f1:HIT:hit_data5_rec23:ch3:train:175000-200000,HIT,2,3000.0,25000,1024,0.25,db,-47.88989783792129,-26.222501126463488,-16.431893048118454,5.4090268331406435,25.902738127290522,35.32416655261819,35.54520687506415,61.54666767908168,True
f1:HIT:hit_data5_rec23:ch3:train:175000-200000,HIT,2,3000.0,25000,1024,0.5,magnitude,0.009393077444027398,0.04862421771637465,0.15180448757064374,1.8601606577076901,19.326516319176584,58.461306895081265,59.87704285985032,58.41268267736489,True
f1:HIT:hit_data5_rec23:ch3:train:175000-200000,HIT,2,3000.0,25000,1024,0.5,power,8.822990386949627e-05,0.0023643178359253904,0.02304464339193933,3.460197672483506,373.51484589383637,3417.724513590672,3585.2602616403524,3417.722149272836,True
f1:HIT:hit_data5_rec23:ch3:train:175000-200000,HIT,2,3000.0,25000,1024,0.5,log1p,0.009349236810580863,0.04747903468044141,0.14132981679288553,1.0508777972777277,3.0119255130313882,4.085325781208335,4.108856139112383,4.037846746527893,True
f1:HIT:hit_data5_rec23:ch3:train:175000-200000,HIT,2,3000.0,25000,1024,0.5,db,-40.54384184709535,-26.262953462728724,-16.374315489494602,5.391009097113266,25.723064413693155,35.33737025512076,35.54520687506415,61.600323717849484,True
f1:HIT:hit_data5_rec23:ch3:train:175000-200000,HIT,2,3000.0,25000,2048,0.25,magnitude,0.003786313114973092,0.06505356261362087,0.21520250741400007,2.5715106481792986,21.148579178150932,99.92314496832158,116.95895149677594,99.85809140570795,True
f1:HIT:hit_data5_rec23:ch3:train:175000-200000,HIT,2,3000.0,25000,2048,0.25,power,1.433616700461724e-05,0.004231987789128401,0.046312124948444826,6.612667013699516,447.2624573330518,9984.659076891316,13679.396335225187,9984.654844903527,True
f1:HIT:hit_data5_rec23:ch3:train:175000-200000,HIT,2,3000.0,25000,2048,0.25,log1p,0.003779163073983559,0.06302508183216834,0.1949107337256891,1.2729886570390208,3.0977732918043817,4.614358096667568,4.770336695273932,4.5513330148354,True
f1:HIT:hit_data5_rec23:ch3:train:175000-200000,HIT,2,3000.0,25000,2048,0.25,db,-48.435669255368325,-23.73460055369291,-13.343053991736419,8.20376654031594,26.505623366349408,39.99331134935327,41.36066932613991,63.72791190304618,True
f1:HIT:hit_data5_rec23:ch3:train:175000-200000,HIT,2,3000.0,25000,2048,0.5,magnitude,0.003786313114973092,0.06168128120702734,0.2109681558897006,2.573856984394599,20.862679466314884,99.74244779407226,116.95173819890373,99.68076651286523,True
f1:HIT:hit_data5_rec23:ch3:train:175000-200000,HIT,2,3000.0,25000,2048,0.5,power,1.433616700461724e-05,0.00380467585790311,0.044507616099885516,6.624739776116859,435.2515676170919,9948.628776523872,13677.709067744918,9948.624971848014,True
f1:HIT:hit_data5_rec23:ch3:train:175000-200000,HIT,2,3000.0,25000,2048,0.5,log1p,0.003779163073983559,0.05985372359553198,0.1914201503348093,1.2736454003782822,3.0847808681768494,4.612563649350507,4.770275542488666,4.552709925754975,True
f1:HIT:hit_data5_rec23:ch3:train:175000-200000,HIT,2,3000.0,25000,2048,0.5,db,-48.435669255368325,-24.1970412823406,-13.515667068009332,8.211688236212932,26.38739998601145,39.977568641975274,41.36013361817936,64.17460992431587,True
f1:HIT:hit_data5_rec23:ch3:train:175000-200000,HIT,2,3000.0,25000,4096,0.25,magnitude,0.012370970518878513,0.07739321144310576,0.28111332506950626,3.534285510619636,26.900785769269785,116.86236610540671,233.687327972228,116.7849728939636,True
f1:HIT:hit_data5_rec23:ch3:train:175000-200000,HIT,2,3000.0,25000,4096,0.25,power,0.0001530409115789613,0.005989724397154616,0.07902475867618776,12.491174070575902,723.652305413698,13656.812622551608,54609.76725479965,13656.80663282721,True
f1:HIT:hit_data5_rec23:ch3:train:175000-200000,HIT,2,3000.0,25000,4096,0.25,log1p,0.012295075353268901,0.07454442382190049,0.2477294676914016,1.5116675211260442,3.3286548326692973,4.769517554378774,5.458254108950368,4.694973130556873,True
f1:HIT:hit_data5_rec23:ch3:train:175000-200000,HIT,2,3000.0,25000,4096,0.25,db,-38.15192449102976,-22.22595359445211,-11.022374493369142,10.966032605291218,28.59529913523109,41.35349350053192,47.37270325589722,63.57944709498403,True
f1:HIT:hit_data5_rec23:ch3:train:175000-200000,HIT,2,3000.0,25000,4096,0.5,magnitude,0.01771933401305994,0.07686319406686391,0.2811665655736642,3.537769242889044,26.580174731068308,116.83931309989512,233.687327972228,116.76244990582826,True
f1:HIT:hit_data5_rec23:ch3:train:175000-200000,HIT,2,3000.0,25000,4096,0.5,power,0.00031397479786638284,0.005908252395884039,0.07905470437851783,12.51581121593172,706.505712607964,13651.4250973641,54609.76725479965,13651.419189111703,True
f1:HIT:hit_data5_rec23:ch3:train:175000-200000,HIT,2,3000.0,25000,4096,0.5,log1p,0.01756417678812856,0.07405223496705386,0.2477710218901411,1.512435535106405,3.3170971920781454,4.769321942624605,5.458254108950368,4.695269707657551,True
f1:HIT:hit_data5_rec23:ch3:train:175000-200000,HIT,2,3000.0,25000,4096,0.5,db,-35.03105205581618,-22.285853450628974,-11.020730143425997,10.974590038038002,28.491156484342273,41.35177989798512,47.37270325589722,63.63763334861409,True
f1:JNU:jnu_ib1000_2:B:acc_vertical:train:125100-175100,JNU,ib,1000.0,50000,256,0.25,magnitude,0.0017496415619238093,0.04657458574560549,0.14886152021995364,1.5088801204136248,16.92897684747371,38.30963301695613,106.17720899547442,38.263058431210524,True
f1:JNU:jnu_ib1000_2:B:acc_vertical:train:125100-175100,JNU,ib,1000.0,50000,256,0.25,power,3.061245595211187e-06,0.0021691921793290203,0.02215975220483274,2.2767192193115213,286.5902647301492,1467.6297470535603,11273.599710068653,1467.627577861381,True
f1:JNU:jnu_ib1000_2:B:acc_vertical:train:125100-175100,JNU,ib,1000.0,50000,256,0.25,log1p,0.0017481127221475135,0.0455225319149017,0.13877146960047862,0.9198364862939199,2.8864182104030895,3.6714690323810415,4.674483623379397,3.62594650046614,True
f1:JNU:jnu_ib1000_2:B:acc_vertical:train:125100-175100,JNU,ib,1000.0,50000,256,0.25,db,-55.14101777123972,-26.637020249858057,-16.544350998116556,3.5730947320517488,24.5726141052105,31.66615460892607,40.520626103329,58.30317485878413,True
f1:JNU:jnu_ib1000_2:B:acc_vertical:train:125100-175100,JNU,ib,1000.0,50000,256,0.5,magnitude,0.0017496415619238093,0.04365382521663727,0.14646036312946922,1.5049305801132493,17.34937658838142,36.943490894316085,106.17720899547442,36.89983706909945,True
f1:JNU:jnu_ib1000_2:B:acc_vertical:train:125100-175100,JNU,ib,1000.0,50000,256,0.5,power,3.061245595211187e-06,0.001905754902975384,0.02145063821871948,2.2648160509600013,301.0008685088217,1364.8215769989627,11273.599710068653,1364.8196712440597,True
f1:JNU:jnu_ib1000_2:B:acc_vertical:train:125100-175100,JNU,ib,1000.0,50000,256,0.5,log1p,0.0017481127221475135,0.0427278042557583,0.13667925055956032,0.9182610216231879,2.909595599790823,3.6360979512065805,4.674483623379397,3.5933701469508224,True
f1:JNU:jnu_ib1000_2:B:acc_vertical:train:125100-175100,JNU,ib,1000.0,50000,256,0.5,db,-55.14101777123972,-27.199776463755764,-16.68559791325312,3.5503293431067244,24.785677472628212,31.350758431879882,40.520626103329,58.55053489563565,True
f1:JNU:jnu_ib1000_2:B:acc_vertical:train:125100-175100,JNU,ib,1000.0,50000,512,0.25,magnitude,0.003014550003365119,0.07124338800905239,0.22062570966229297,2.2575758638968693,23.280210318423205,47.29037106187016,108.01001732703176,47.21912767386111,True
f1:JNU:jnu_ib1000_2:B:acc_vertical:train:125100-175100,JNU,ib,1000.0,50000,512,0.25,power,9.087511722788639e-06,0.005075822969988016,0.048675703767988306,5.096648781249695,541.9682851564554,2236.3800109428585,11666.163842985701,2236.3749351198885,True
f1:JNU:jnu_ib1000_2:B:acc_vertical:train:125100-175100,JNU,ib,1000.0,50000,512,0.25,log1p,0.0030100153584938375,0.06881993040540378,0.19936360403985523,1.1809833187393455,3.1896615497584095,3.877232008963984,4.691439780089266,3.80841207855858,True
f1:JNU:jnu_ib1000_2:B:acc_vertical:train:125100-175100,JNU,ib,1000.0,50000,512,0.25,db,-50.41554987084292,-22.945281965706315,-13.126877602797364,7.072847066857051,27.33973724748608,33.49545284975296,40.66928071495188,56.44073481545927,True
f1:JNU:jnu_ib1000_2:B:acc_vertical:train:125100-175100,JNU,ib,1000.0,50000,512,0.5,magnitude,0.003014550003365119,0.07406310862324655,0.2244020318964068,2.2741305380814594,22.643253598970283,46.0563443098286,62.363792822594554,45.98228120120535,True
f1:JNU:jnu_ib1000_2:B:acc_vertical:train:125100-175100,JNU,ib,1000.0,50000,512,0.5,power,9.087511722788639e-06,0.005485473386981406,0.050356300373228406,5.171669705365243,512.7169369720369,2121.187610225115,3889.242655219496,2121.1821247517278,True
f1:JNU:jnu_ib1000_2:B:acc_vertical:train:125100-175100,JNU,ib,1000.0,50000,512,0.5,log1p,0.0030100153584938375,0.07144869863810745,0.20245257810128295,1.1860523492319404,3.1630778110944973,3.851345527549068,4.148892607182261,3.7798968289109602,True
f1:JNU:jnu_ib1000_2:B:acc_vertical:train:125100-175100,JNU,ib,1000.0,50000,512,0.5,db,-50.41554987084292,-22.608064332740653,-12.979466750182114,7.1363078022568995,27.098776582622925,33.26578771071346,35.898650402265694,55.873852043454114,True
f1:JNU:jnu_ib1000_2:B:acc_vertical:train:125100-175100,JNU,ib,1000.0,50000,1024,0.25,magnitude,0.0005986436966001207,0.09720774465376224,0.32854099068383447,3.5423875636491466,30.73738072581059,54.71673937193471,94.32248283358098,54.61953162728094,True
f1:JNU:jnu_ib1000_2:B:acc_vertical:train:125100-175100,JNU,ib,1000.0,50000,1024,0.25,power,3.583742754790574e-07,0.009449347597124545,0.10793918408011018,12.548509652205283,944.7865741232212,2993.9225145493306,8896.730767891178,2993.9130652017334,True
f1:JNU:jnu_ib1000_2:B:acc_vertical:train:125100-175100,JNU,ib,1000.0,50000,1024,0.25,log1p,0.0005984645809431222,0.0927685377970985,0.2840813401726863,1.51345276886893,3.4574951887577416,4.020280476570375,4.557265699243192,3.9275119387732764,True
f1:JNU:jnu_ib1000_2:B:acc_vertical:train:125100-175100,JNU,ib,1000.0,50000,1024,0.25,db,-64.4566302695968,-20.245983558447048,-9.668208810948357,10.98592149011196,29.753337128958528,34.76240281458313,39.49230448185416,55.00838637303018,True
f1:JNU:jnu_ib1000_2:B:acc_vertical:train:125100-175100,JNU,ib,1000.0,50000,1024,0.5,magnitude,0.0005986436966001207,0.10718548940416199,0.33556442515980667,3.562396159932886,28.567346470295625,54.55390216515774,94.26179015076318,54.44671667575358,True
f1:JNU:jnu_ib1000_2:B:acc_vertical:train:125100-175100,JNU,ib,1000.0,50000,1024,0.5,power,3.583742754790574e-07,0.011488755953657715,0.112603503603791,12.690666400737133,816.0948642512127,2976.13216731161,8885.285082426513,2976.1206785556565,True
f1:JNU:jnu_ib1000_2:B:acc_vertical:train:125100-175100,JNU,ib,1000.0,50000,1024,0.5,log1p,0.0005984645809431222,0.10182118919128655,0.28935398722932454,1.517847959172454,3.3866696889201826,4.017353123025727,4.556628787456935,3.915531933834441,True
f1:JNU:jnu_ib1000_2:B:acc_vertical:train:125100-175100,JNU,ib,1000.0,50000,1024,0.5,db,-64.4566302695968,-19.397290211080346,-9.484482517419261,11.0348442796529,29.11738963199554,34.7365106763801,39.48671366609152,54.133800887460445,True
f1:JNU:jnu_ib1000_2:B:acc_vertical:train:125100-175100,JNU,ib,1000.0,50000,2048,0.25,magnitude,0.0028610269644811248,0.16364830093536223,0.5481091962534158,5.910630456841185,39.84734974230046,62.378182523674255,109.78392914497894,62.21453422273889,True
f1:JNU:jnu_ib1000_2:B:acc_vertical:train:125100-175100,JNU,ib,1000.0,50000,2048,0.25,power,8.185475291488079e-06,0.026781291203725736,0.3004236910659496,34.935552398511334,1587.8112877743417,3891.0427106747784,12052.511098509756,3891.0159293835745,True
f1:JNU:jnu_ib1000_2:B:acc_vertical:train:125100-175100,JNU,ib,1000.0,50000,2048,0.25,log1p,0.002856942016411636,0.15155996295499405,0.4370343128849822,1.9330608719325715,3.709841939527233,4.149119048365275,4.707581719975432,3.997559085410281,True
f1:JNU:jnu_ib1000_2:B:acc_vertical:train:125100-175100,JNU,ib,1000.0,50000,2048,0.25,db,-50.86956067752485,-15.721854929662706,-5.222658223366503,15.432676146641679,32.00798881587151,35.90064869086432,40.81077540074469,51.62250362052703,True
f1:JNU:jnu_ib1000_2:B:acc_vertical:train:125100-175100,JNU,ib,1000.0,50000,2048,0.5,magnitude,0.02246767112548004,0.1742245889738353,0.5362368434792895,5.911537370146411,40.336644528265104,65.21301497174763,109.78392914497894,65.0387903827738,True
f1:JNU:jnu_ib1000_2:B:acc_vertical:train:125100-175100,JNU,ib,1000.0,50000,2048,0.5,power,0.0005047962458027296,0.03035421895212527,0.28754996320551435,34.94627407863755,1627.0449779121263,4252.740074277518,12052.511098509756,4252.709720058566,True
f1:JNU:jnu_ib1000_2:B:acc_vertical:train:125100-175100,JNU,ib,1000.0,50000,2048,0.5,log1p,0.02221899095378355,0.16060800128504188,0.42933581550255273,1.9331920978593193,3.7217493580892707,4.192876730193495,4.707581719975432,4.032268728908453,True
f1:JNU:jnu_ib1000_2:B:acc_vertical:train:125100-175100,JNU,ib,1000.0,50000,2048,0.5,db,-32.968838797577604,-15.17781267389435,-5.412867164061152,15.434008787130772,32.11399512742955,36.2866827717527,40.81077540074469,51.46449544564705,True
f1:JNU:jnu_ib1000_2:B:acc_vertical:train:125100-175100,JNU,ib,1000.0,50000,4096,0.25,magnitude,0.04991097048975264,0.282232820095792,0.8352825280903217,9.424953411974263,50.85959270161948,77.58925591706127,115.73775846442975,77.30702309696548,True
f1:JNU:jnu_ib1000_2:B:acc_vertical:train:125100-175100,JNU,ib,1000.0,50000,4096,0.25,power,0.002491104975228959,0.07965667081074743,0.6976969036919578,88.82974681788531,2586.6981746209344,6020.100566966342,13395.22873437068,6020.020910295531,True
f1:JNU:jnu_ib1000_2:B:acc_vertical:train:125100-175100,JNU,ib,1000.0,50000,4096,0.25,log1p,0.04870537056479653,0.24860255210068757,0.6071984356259202,2.3442022987995093,3.948539925372535,4.364234353978042,4.7599300384985295,4.115631801877354,True
f1:JNU:jnu_ib1000_2:B:acc_vertical:train:125100-175100,JNU,ib,1000.0,50000,4096,0.25,db,-26.036079691567476,-10.987920619721258,-1.5633320670605046,19.4855842429591,34.12745754982625,37.79602601034466,41.26950133938025,48.78394663006592,True
f1:JNU:jnu_ib1000_2:B:acc_vertical:train:125100-175100,JNU,ib,1000.0,50000,4096,0.5,magnitude,0.05744892163409305,0.26894315702832006,0.8232751192997575,9.371162812282309,52.5205621475838,87.39723216154141,115.73775846442975,87.12828900451309,True
f1:JNU:jnu_ib1000_2:B:acc_vertical:train:125100-175100,JNU,ib,1000.0,50000,4096,0.5,power,0.0033003785969201644,0.07233102215032011,0.677781963544848,87.81869245430288,2758.4096003549735,7638.276998173221,13395.22873437068,7638.204667151071,True
f1:JNU:jnu_ib1000_2:B:acc_vertical:train:125100-175100,JNU,ib,1000.0,50000,4096,0.5,log1p,0.05585932971653129,0.23818420793764683,0.6006343937588277,2.339029148287025,3.980065892723231,4.481840606993796,4.7599300384985295,4.243656399056149,True
f1:JNU:jnu_ib1000_2:B:acc_vertical:train:125100-175100,JNU,ib,1000.0,50000,4096,0.5,db,-24.814362364519326,-11.406825921784309,-1.6891004541064958,19.435869665500295,34.40658707780353,38.829953118079125,41.26950133938025,50.236779039863436,True
f1:JNU:jnu_ib600_2:B:acc_vertical:train:125100-175100,JNU,ib,600.0,50000,256,0.25,magnitude,0.0002870203653917158,0.015631504431911015,0.055663670770360364,0.5766547068116932,6.683482969737019,15.046156359379887,44.96186632763667,15.030524854947977,True
f1:JNU:jnu_ib600_2:B:acc_vertical:train:125100-175100,JNU,ib,600.0,50000,256,0.25,power,8.238069014959407e-08,0.0002443451256434076,0.0030984442440382893,0.33253065089260303,44.66894725971993,226.38711156288718,2021.5694236642682,226.38686721776153,True
f1:JNU:jnu_ib600_2:B:acc_vertical:train:125100-175100,JNU,ib,600.0,50000,256,0.25,log1p,0.00028697918292659003,0.015510590300021651,0.05416964096535841,0.4553053282743562,2.039072933571182,2.7754687776236775,3.827812059807015,2.759958187323656,True
f1:JNU:jnu_ib600_2:B:acc_vertical:train:125100-175100,JNU,ib,600.0,50000,256,0.25,db,-70.84174271411358,-36.12000560161455,-25.088563130508884,-4.781683174400746,16.500056657380334,23.548505840937022,33.05688660238331,59.668511442551576,True
f1:JNU:jnu_ib600_2:B:acc_vertical:train:125100-175100,JNU,ib,600.0,50000,256,0.5,magnitude,0.0012811894052384698,0.015607842156661967,0.055885567681153346,0.5761630280204847,6.605461726697953,15.323602851994698,44.96186632763667,15.307995009838036,True
f1:JNU:jnu_ib600_2:B:acc_vertical:train:125100-175100,JNU,ib,600.0,50000,256,0.5,power,1.641446292095304e-06,0.0002436058016986443,0.0031231974057510485,0.33196383485773384,43.63212638041939,234.82449758414373,2021.5694236642682,234.82425397834203,True
f1:JNU:jnu_ib600_2:B:acc_vertical:train:125100-175100,JNU,ib,600.0,50000,256,0.5,log1p,0.0012803693824207248,0.015487292000547187,0.05437981514626179,0.45499343026114203,2.0288666222482736,2.7925899831103638,3.827812059807015,2.7771026911098167,True
f1:JNU:jnu_ib600_2:B:acc_vertical:train:125100-175100,JNU,ib,600.0,50000,256,0.5,db,-57.84773254964432,-36.13316159839838,-25.05400766466006,-4.789092269200272,16.398063435619804,23.706999767834976,33.05688660238331,59.84016136623336,True
f1:JNU:jnu_ib600_2:B:acc_vertical:train:125100-175100,JNU,ib,600.0,50000,512,0.25,magnitude,0.000408415536839124,0.023864531764869093,0.07759334839658515,0.8299305922818839,9.259975892372239,18.922561722592075,47.166484647205074,18.898697190827207,True
f1:JNU:jnu_ib600_2:B:acc_vertical:train:125100-175100,JNU,ib,600.0,50000,512,0.25,power,1.6680325073158987e-07,0.000569515969732458,0.006020727783718782,0.6887847880053587,85.74715381653036,358.063857746914,2224.6772739750318,358.06328823094424,True
f1:JNU:jnu_ib600_2:B:acc_vertical:train:125100-175100,JNU,ib,600.0,50000,512,0.25,log1p,0.0004083321579151511,0.02358422462289211,0.07473017345658713,0.6042780384192381,2.328250488694836,2.9918521948141437,3.8746634399264774,2.9682679701912518,True
f1:JNU:jnu_ib600_2:B:acc_vertical:train:125100-175100,JNU,ib,600.0,50000,512,0.25,db,-67.77795277230283,-32.444942321802,-22.203510169235702,-1.6191645285259484,19.33219710607505,25.539592355790237,33.47267018331179,57.98453467759224,True
f1:JNU:jnu_ib600_2:B:acc_vertical:train:125100-175100,JNU,ib,600.0,50000,512,0.5,magnitude,0.000408415536839124,0.02414833494762672,0.07708497375067114,0.8239654496340332,9.695906529991387,20.72759468774159,47.166484647205074,20.703446352793964,True
f1:JNU:jnu_ib600_2:B:acc_vertical:train:125100-175100,JNU,ib,600.0,50000,512,0.5,power,1.6680325073158987e-07,0.0005831707308168234,0.0059420941966189965,0.6789190622086444,94.01063371240964,429.64096348455513,2224.6772739750318,429.6403803138243,True
f1:JNU:jnu_ib600_2:B:acc_vertical:train:125100-175100,JNU,ib,600.0,50000,512,0.5,log1p,0.0004083321579151511,0.023861360813117564,0.07425829318440505,0.6010129493834218,2.369860968678625,3.0785749003973524,3.8746634399264774,3.0547135395842346,True
f1:JNU:jnu_ib600_2:B:acc_vertical:train:125100-175100,JNU,ib,600.0,50000,512,0.5,db,-67.77795277230283,-32.34247157473333,-22.260606156114243,-1.6818199725916014,19.731767005242716,26.330899943147536,33.47267018331179,58.67337151788087,True
f1:JNU:jnu_ib600_2:B:acc_vertical:train:125100-175100,JNU,ib,600.0,50000,1024,0.25,magnitude,0.0005287754338046149,0.03481901053703336,0.11551878265587188,1.2240073775679192,12.930642090044618,23.90254139187429,48.683514114745805,23.867722381337256,True
f1:JNU:jnu_ib600_2:B:acc_vertical:train:125100-175100,JNU,ib,600.0,50000,1024,0.25,power,2.796034593952587e-07,0.0012123748829166907,0.013344596991339016,1.4981940603701025,167.20150675398858,571.3386986712853,2370.084546560654,571.3374862964024,True
f1:JNU:jnu_ib600_2:B:acc_vertical:train:125100-175100,JNU,ib,600.0,50000,1024,0.25,log1p,0.0005286356813378612,0.03422653706228657,0.10931956947647696,0.7993106936316234,2.634090875897895,3.2149640456912802,3.9056731701225305,3.1807375086289937,True
f1:JNU:jnu_ib600_2:B:acc_vertical:train:125100-175100,JNU,ib,600.0,50000,1024,0.25,db,-65.53457295318147,-29.16371225889447,-18.746950478475608,1.7556807102038101,22.23240176984573,27.568826741312762,33.74763838606756,56.73253900020723,True
f1:JNU:jnu_ib600_2:B:acc_vertical:train:125100-175100,JNU,ib,600.0,50000,1024,0.5,magnitude,0.006268777769237914,0.0381690678261539,0.11591472728924013,1.250279683681064,11.098262707091354,21.032284126777007,30.396888505165787,20.994115058950854,True
f1:JNU:jnu_ib600_2:B:acc_vertical:train:125100-175100,JNU,ib,600.0,50000,1024,0.5,power,3.9297574720091484e-05,0.0014568782672415607,0.013436224068338984,1.5631992974481008,123.17184693651791,442.36030058012705,923.97083079548,442.3588437018598,True
f1:JNU:jnu_ib600_2:B:acc_vertical:train:125100-175100,JNU,ib,600.0,50000,1024,0.5,log1p,0.006249210713650068,0.0374586496804947,0.10967445177433235,0.8110545113598664,2.4930604573769037,3.0925054061108828,3.4467087958120795,3.055046756430388,True
f1:JNU:jnu_ib600_2:B:acc_vertical:train:125100-175100,JNU,ib,600.0,50000,1024,0.5,db,-44.05634237758164,-28.3657704792727,-18.717227657899052,1.9401434568937113,20.90508549316797,26.457696086981482,29.656582610232633,54.82346656625418,True
f1:JNU:jnu_ib600_2:B:acc_vertical:train:125100-175100,JNU,ib,600.0,50000,2048,0.25,magnitude,0.005970441192074581,0.06071511110249255,0.17454900603396037,1.8722860082325632,16.900795792067157,34.901623850122455,46.42808406790053,34.840908739019966,True
f1:JNU:jnu_ib600_2:B:acc_vertical:train:125100-175100,JNU,ib,600.0,50000,2048,0.25,power,3.5646168028020944e-05,0.0036863301722813956,0.030467358523729775,3.5054548966238617,285.63692783915286,1218.1234658353699,2155.566990216039,1218.1197795051976,True
f1:JNU:jnu_ib600_2:B:acc_vertical:train:125100-175100,JNU,ib,600.0,50000,2048,0.25,log1p,0.005952688733024648,0.058943311352303386,0.1608842481714377,1.0551082312668838,2.8848451235878185,3.5807824811063833,3.859214544131584,3.52183916975408,True
f1:JNU:jnu_ib600_2:B:acc_vertical:train:125100-175100,JNU,ib,600.0,50000,2048,0.25,db,-44.47987135520155,-24.33407052897978,-15.161652823465115,5.44744383625589,24.55814263883744,30.856912250186763,33.335615243057106,55.190982779166546,True
f1:JNU:jnu_ib600_2:B:acc_vertical:train:125100-175100,JNU,ib,600.0,50000,2048,0.5,magnitude,0.005970441192074581,0.06247136144029057,0.17131149435957269,1.865385470984273,17.00427973457175,34.732474802550456,43.93377773550828,34.67000344111017,True
f1:JNU:jnu_ib600_2:B:acc_vertical:train:125100-175100,JNU,ib,600.0,50000,2048,0.5,power,3.5646168028020944e-05,0.00390270158440843,0.029347630275662933,3.4796629553592178,289.14555806483503,1206.3476709937281,1930.176826113043,1206.3437682921437,True
f1:JNU:jnu_ib600_2:B:acc_vertical:train:125100-175100,JNU,ib,600.0,50000,2048,0.5,log1p,0.005952688733024648,0.060597653970500966,0.1581240555877608,1.0527028859625254,2.8906094482943376,3.5760588097301715,3.805189800017308,3.5154611557596707,True
f1:JNU:jnu_ib600_2:B:acc_vertical:train:125100-175100,JNU,ib,600.0,50000,2048,0.5,db,-44.47987135520155,-24.086414499055444,-15.324270247475713,5.415371797067845,24.611164385177883,30.814704253544637,32.85597097137945,54.901118752600084,True
f1:JNU:jnu_ib600_2:B:acc_vertical:train:125100-175100,JNU,ib,600.0,50000,4096,0.25,magnitude,0.003251928715102952,0.0912820067999563,0.29095188821284634,3.1294631694245307,21.557902812315096,43.62682836665126,78.56902732961458,43.5355463598513,True
f1:JNU:jnu_ib600_2:B:acc_vertical:train:125100-175100,JNU,ib,600.0,50000,4096,0.25,power,1.0575040368111136e-05,0.008332404882272526,0.08465300208499008,9.79353972878463,464.74317679284025,1903.3001849084947,6173.0920555217235,1903.2918525036123,True
f1:JNU:jnu_ib600_2:B:acc_vertical:train:125100-175100,JNU,ib,600.0,50000,4096,0.25,log1p,0.0032466526301260425,0.08735315809336623,0.2553798438511286,1.4181474153342082,3.1160854587878206,3.7983352031339237,4.376624913230458,3.7109820450405575,True
f1:JNU:jnu_ib600_2:B:acc_vertical:train:125100-175100,JNU,ib,600.0,50000,4096,0.25,db,-49.757179394070754,-20.79229646511955,-10.723576439344297,9.909396894642759,26.672130164792215,32.79507275385546,37.905027533827656,53.587369218975006,True
f1:JNU:jnu_ib600_2:B:acc_vertical:train:125100-175100,JNU,ib,600.0,50000,4096,0.5,magnitude,0.014981402481983763,0.08495436959789704,0.2847177032204567,3.1245659308748963,20.744762913664008,42.93664463905006,78.56902732961458,42.85169026945216,True
f1:JNU:jnu_ib600_2:B:acc_vertical:train:125100-175100,JNU,ib,600.0,50000,4096,0.5,power,0.00022444242032718925,0.0072172690122536175,0.08106417053219353,9.762912256384107,430.345253984331,1843.555624145586,6173.0920555217235,1843.5484068765738,True
f1:JNU:jnu_ib600_2:B:acc_vertical:train:125100-175100,JNU,ib,600.0,50000,4096,0.5,log1p,0.014870289648039834,0.08153792020396708,0.2505390080013383,1.4169607853708843,3.079372873532287,3.782748657322348,4.376624913230458,3.7012107371183807,True
f1:JNU:jnu_ib600_2:B:acc_vertical:train:125100-175100,JNU,ib,600.0,50000,4096,0.5,db,-36.48895050829705,-21.416300020008507,-10.91171056492936,9.895793861595102,26.33816885258931,32.65656165046257,37.905027533827656,54.07286167047108,True
f1:JNU:jnu_ib800_2:B:acc_vertical:train:125100-175100,JNU,ib,800.0,50000,256,0.25,magnitude,0.0005204361528257095,0.03126865575586279,0.1003713298619378,1.0537845350978725,13.294896938855077,34.95392998703177,66.03772130933109,34.92266133127591,True
f1:JNU:jnu_ib800_2:B:acc_vertical:train:125100-175100,JNU,ib,800.0,50000,256,0.25,power,2.708537891680253e-07,0.0009777290570018105,0.010074404168177425,1.1104618468272895,176.7543014167905,1221.7775914490867,4360.980635728882,1221.7766137200297,True
f1:JNU:jnu_ib800_2:B:acc_vertical:train:125100-175100,JNU,ib,800.0,50000,256,0.25,log1p,0.0005203007729001608,0.030789748827635903,0.0956476953132935,0.7196842058075748,2.659902575045859,3.5822382532214316,4.205255465580209,3.551448504393796,True
f1:JNU:jnu_ib800_2:B:acc_vertical:train:125100-175100,JNU,ib,800.0,50000,256,0.25,db,-65.67264917480779,-30.097816742803843,-19.96780655819624,0.45503641437663445,22.473699088451085,30.869918924961553,36.39584158260441,60.967735667765396,True
f1:JNU:jnu_ib800_2:B:acc_vertical:train:125100-175100,JNU,ib,800.0,50000,256,0.5,magnitude,0.0005204361528257095,0.03189466074878921,0.10136597605076876,1.0583773026862335,13.54612378371823,32.92886642945088,66.03772130933109,32.89697176870209,True
f1:JNU:jnu_ib800_2:B:acc_vertical:train:125100-175100,JNU,ib,800.0,50000,256,0.5,power,2.708537891680253e-07,0.0010172698459301086,0.010275074618458469,1.1201625148413872,183.4974826505255,1084.3227754787615,4360.980635728882,1084.3217582089155,True
f1:JNU:jnu_ib800_2:B:acc_vertical:train:125100-175100,JNU,ib,800.0,50000,256,0.5,log1p,0.0005203007729001608,0.03139658871496495,0.09655120025008514,0.7219179552467142,2.6773245205906107,3.5242607062904634,4.205255465580209,3.4928641175754986,True
f1:JNU:jnu_ib800_2:B:acc_vertical:train:125100-175100,JNU,ib,800.0,50000,256,0.5,db,-65.67264917480779,-29.925642200416267,-19.882161580606482,0.4928103541182056,22.63630048735691,30.351485228048272,36.39584158260441,60.27712742846454,True
f1:JNU:jnu_ib800_2:B:acc_vertical:train:125100-175100,JNU,ib,800.0,50000,512,0.25,magnitude,0.001651923196418048,0.04139898124516052,0.14181045193728853,1.554246717705864,19.446822742359814,42.120240589042645,71.40824450078595,42.078841607797486,True
f1:JNU:jnu_ib800_2:B:acc_vertical:train:125100-175100,JNU,ib,800.0,50000,512,0.25,power,2.728850246864021e-06,0.0017138949013045105,0.020110208168013812,2.415682859499452,378.17894458796536,1774.1151033207957,5099.137382684027,1774.1133894258944,True
f1:JNU:jnu_ib800_2:B:acc_vertical:train:125100-175100,JNU,ib,800.0,50000,512,0.25,log1p,0.0016505602720524246,0.04056497461481578,0.13261511692697886,0.9377573534561201,3.017827467640448,3.7639923888457996,4.282320167228731,3.723427414230984,True
f1:JNU:jnu_ib800_2:B:acc_vertical:train:125100-175100,JNU,ib,800.0,50000,512,0.25,db,-55.640202441956276,-27.660255667418408,-16.965836012236753,3.830399178319624,25.776972770210843,32.489815796398844,37.074967130351396,60.150071463817255,True
f1:JNU:jnu_ib800_2:B:acc_vertical:train:125100-175100,JNU,ib,800.0,50000,512,0.5,magnitude,0.001651923196418048,0.043584554243597834,0.14195853494433242,1.5556169611344424,19.88217329746109,42.408224719199154,63.879692893723146,42.36464016495555,True
f1:JNU:jnu_ib800_2:B:acc_vertical:train:125100-175100,JNU,ib,800.0,50000,512,0.5,power,2.728850246864021e-06,0.0018996192593591869,0.020152229036140185,2.4199441319592765,395.30085674069454,1798.4600345499484,4080.6151641963834,1798.458134930689,True
f1:JNU:jnu_ib800_2:B:acc_vertical:train:125100-175100,JNU,ib,800.0,50000,512,0.5,log1p,0.0016505602720524246,0.04266147100965141,0.13274480011826276,0.9382936664065888,3.0388957949022877,3.770648267625054,4.172534676345325,3.7279867966154026,True
f1:JNU:jnu_ib800_2:B:acc_vertical:train:125100-175100,JNU,ib,800.0,50000,512,0.5,db,-55.640202441956276,-27.213361307127443,-16.956770552141002,3.8380533902625373,25.969276639535284,32.54899579743345,36.10725639139573,59.76235710456089,True
f1:JNU:jnu_ib800_2:B:acc_vertical:train:125100-175100,JNU,ib,800.0,50000,1024,0.25,magnitude,0.0016202259557308413,0.06075818618865823,0.21561778728760012,2.414092693192138,25.983549526004232,49.153751522461214,74.19241706837545,49.092993336272556,True
f1:JNU:jnu_ib800_2:B:acc_vertical:train:125100-175100,JNU,ib,800.0,50000,1024,0.25,power,2.6251321476239184e-06,0.0036916826197936855,0.046491030251306006,5.827843531587588,675.144859353786,2416.091761310537,5504.514750447768,2416.0880696279173,True
f1:JNU:jnu_ib800_2:B:acc_vertical:train:125100-175100,JNU,ib,800.0,50000,1024,0.25,log1p,0.0016189148057055107,0.05898386669311046,0.1952524144512739,1.2279117748980715,3.295227394318024,3.9150932237035634,4.320050389014707,3.8561093570104528,True
f1:JNU:jnu_ib800_2:B:acc_vertical:train:125100-175100,JNU,ib,800.0,50000,1024,0.25,db,-55.80848775967253,-24.328051532074053,-13.326308303033324,7.655078831288609,28.293969480171196,33.83113254541805,37.40719039840906,58.1591840774921,True
f1:JNU:jnu_ib800_2:B:acc_vertical:train:125100-175100,JNU,ib,800.0,50000,1024,0.5,magnitude,0.005749846466732596,0.07100387463238787,0.21595776340493758,2.4026600308656243,26.4457922828681,50.15852503770302,74.19241706837545,50.08752116307063,True
f1:JNU:jnu_ib800_2:B:acc_vertical:train:125100-175100,JNU,ib,800.0,50000,1024,0.5,power,3.306073439099731e-05,0.005041573261540045,0.04663775755074155,5.772775226504876,699.3800164460237,2515.878577575533,5504.514750447768,2515.8735360022715,True
f1:JNU:jnu_ib800_2:B:acc_vertical:train:125100-175100,JNU,ib,800.0,50000,1024,0.5,log1p,0.005733379192250603,0.06859639918388669,0.1955320482305646,1.2245574876441219,3.312212811872649,3.934928965556466,4.320050389014707,3.8663325663725794,True
f1:JNU:jnu_ib800_2:B:acc_vertical:train:125100-175100,JNU,ib,800.0,50000,1024,0.5,db,-44.80687488398283,-22.974378839232575,-13.312623760082138,7.613846474299795,28.447131109303704,34.00689351316462,37.40719039840906,56.9812723523972,True
f1:JNU:jnu_ib800_2:B:acc_vertical:train:125100-175100,JNU,ib,800.0,50000,2048,0.25,magnitude,0.010451638114854056,0.1049940870055354,0.3496421881031598,4.00608176204965,35.13233874270482,54.650078727313335,78.85876857731529,54.5450846403078,True
f1:JNU:jnu_ib800_2:B:acc_vertical:train:125100-175100,JNU,ib,800.0,50000,2048,0.25,power,0.00010923673928387005,0.011023820523944322,0.1222496599087909,16.04869110158549,1234.2813960613908,2986.6341843815335,6218.705381530569,2986.6231605610096,True
f1:JNU:jnu_ib800_2:B:acc_vertical:train:125100-175100,JNU,ib,800.0,50000,2048,0.25,log1p,0.010397397354396293,0.09983995835364175,0.29983951141308585,1.6106535253404308,3.587188209077516,4.019082995014978,4.380259681748036,3.9192430366613364,True
f1:JNU:jnu_ib800_2:B:acc_vertical:train:125100-175100,JNU,ib,800.0,50000,2048,0.25,db,-39.61631263716419,-19.576727650287562,-9.127523416077409,12.054396170979224,30.91414063053045,34.75181135849637,37.9369998209097,54.328539008783935,True
f1:JNU:jnu_ib800_2:B:acc_vertical:train:125100-175100,JNU,ib,800.0,50000,2048,0.5,magnitude,0.020736167765351775,0.1078186880737307,0.3510454188840363,4.012255010423358,32.32421992810666,49.74178370179626,66.65600218874195,49.63396501372253,True
f1:JNU:jnu_ib800_2:B:acc_vertical:train:125100-175100,JNU,ib,800.0,50000,2048,0.5,power,0.000429988653592814,0.011625145409624048,0.12323302803839777,16.098190268667338,1044.8552991687857,2474.2582268696883,4443.022627785572,2474.2466017242787,True
f1:JNU:jnu_ib800_2:B:acc_vertical:train:125100-175100,JNU,ib,800.0,50000,2048,0.5,log1p,0.020524100075378388,0.10239282366379311,0.30087863824510425,1.611885915712217,3.506284410423052,3.926747140953446,4.21443607483096,3.824354317289653,True
f1:JNU:jnu_ib800_2:B:acc_vertical:train:125100-175100,JNU,ib,800.0,50000,2048,0.5,db,-33.665430001084985,-19.34622163753509,-9.092738804966062,12.06777056146182,30.19056062211879,33.934403895928895,36.47678525057926,53.28062553346399,True
f1:JNU:jnu_ib800_2:B:acc_vertical:train:125100-175100,JNU,ib,800.0,50000,4096,0.25,magnitude,0.012129912690350839,0.17152481908005346,0.5823652820489349,6.665311508735726,42.629416788877066,58.328540890064964,78.9744902778341,58.15701607098491,True
f1:JNU:jnu_ib800_2:B:acc_vertical:train:125100-175100,JNU,ib,800.0,50000,4096,0.25,power,0.00014713478187553433,0.029420767261593435,0.3391493295559162,44.426377508484926,1817.2671992530627,3402.2272114280586,6236.970114643712,3402.197790660797,True
f1:JNU:jnu_ib800_2:B:acc_vertical:train:125100-175100,JNU,ib,800.0,50000,4096,0.25,log1p,0.012056934849931833,0.15830616312075996,0.4589207400242479,2.036705151907075,3.775731613668758,4.083089273436732,4.381707712296472,3.924783110315972,True
f1:JNU:jnu_ib800_2:B:acc_vertical:train:125100-175100,JNU,ib,800.0,50000,4096,0.25,db,-38.32284643082279,-15.313461142769382,-4.6960905700267235,16.476409026706506,32.594187766347886,35.31761134629583,37.94973663071565,50.63107248906521,True
f1:JNU:jnu_ib800_2:B:acc_vertical:train:125100-175100,JNU,ib,800.0,50000,4096,0.5,magnitude,0.012129912690350839,0.16781834613892285,0.5898582043614586,6.589290457221147,42.19989475037004,55.520666107085546,72.80245535221474,55.352847760946624,True
f1:JNU:jnu_ib800_2:B:acc_vertical:train:125100-175100,JNU,ib,800.0,50000,4096,0.5,power,0.00014713478187553433,0.02816392362820521,0.3479329138545058,43.418748729625676,1780.8311204094366,3082.5452569859376,5300.19750531122,3082.5170930623094,True
f1:JNU:jnu_ib800_2:B:acc_vertical:train:125100-175100,JNU,ib,800.0,50000,4096,0.5,log1p,0.012056934849931833,0.15513700755187632,0.4636447905621319,2.0267381031405645,3.765838057984129,4.034606203357029,4.301392001408194,3.879469195805153,True
f1:JNU:jnu_ib800_2:B:acc_vertical:train:125100-175100,JNU,ib,800.0,50000,4096,0.5,db,-38.32284643082279,-15.503352888985164,-4.585050162460096,16.37677303524739,32.50622734758019,34.88909210045127,37.24292053350781,50.392444989436434,True
f1:JNU:jnu_n1000_3_2:B:acc_vertical:train:425300-475300,JNU,n,1000.0,50000,256,0.25,magnitude,0.003224637467022374,0.039305396121036645,0.1304067934603253,1.2992073077077997,7.913912992298922,17.522392536164435,32.09015063727891,17.4830871400434,True
f1:JNU:jnu_n1000_3_2:B:acc_vertical:train:425300-475300,JNU,n,1000.0,50000,256,0.25,power,1.0398286793724473e-05,0.0015449172426734027,0.01700593242926224,1.6879396284097377,62.63001888931986,307.03437939549696,1029.777767923252,307.0328344782543,True
f1:JNU:jnu_n1000_3_2:B:acc_vertical:train:425300-475300,JNU,n,1000.0,50000,256,0.25,log1p,0.0032194494735656946,0.038552600246374524,0.12257756190074068,0.8325644147065597,2.187613313435141,2.918980204567552,3.499235674273685,2.8804276043211776,True
f1:JNU:jnu_n1000_3_2:B:acc_vertical:train:425300-475300,JNU,n,1000.0,50000,256,0.25,db,-49.830381815845854,-28.11096507773108,-17.693995833310943,2.2735690946272595,17.967825421464763,24.871866133729053,30.127435115253107,52.98283121146014,True
f1:JNU:jnu_n1000_3_2:B:acc_vertical:train:425300-475300,JNU,n,1000.0,50000,256,0.5,magnitude,0.004809904104170926,0.041538242516272944,0.1331201413591394,1.3015603509384455,7.918094515857491,17.210715710750062,32.09015063727891,17.169177468233787,True
f1:JNU:jnu_n1000_3_2:B:acc_vertical:train:425300-475300,JNU,n,1000.0,50000,256,0.5,power,2.3135177491320315e-05,0.0017254283298896909,0.017720975897858617,1.6940593471350094,62.69622148962407,296.2088176813707,1029.777767923252,296.2070922530408,True
f1:JNU:jnu_n1000_3_2:B:acc_vertical:train:425300-475300,JNU,n,1000.0,50000,256,0.5,log1p,0.00479837347479071,0.040698698473223376,0.12497501318935879,0.8335873063682223,2.1880822998999583,2.9020100718271817,3.499235674273685,2.8613113733539586,True
f1:JNU:jnu_n1000_3_2:B:acc_vertical:train:425300-475300,JNU,n,1000.0,50000,256,0.5,db,-46.35727146218761,-27.631044510848948,-17.515125538075843,2.2892862074960427,17.972413579450603,24.715977409502862,30.127435115253107,52.34702192035181,True
f1:JNU:jnu_n1000_3_2:B:acc_vertical:train:425300-475300,JNU,n,1000.0,50000,512,0.25,magnitude,0.0029911469607094556,0.05208415924172937,0.18483564066221675,1.8381205871209347,10.562489500743759,25.63447098859947,55.30762015019012,25.58238682935774,True
f1:JNU:jnu_n1000_3_2:B:acc_vertical:train:425300-475300,JNU,n,1000.0,50000,512,0.25,power,8.946960140561414e-06,0.0027127596956347043,0.0341642140630719,3.3786872927978098,111.56618915685046,657.1262280177897,3058.932846677716,657.123515258094,True
f1:JNU:jnu_n1000_3_2:B:acc_vertical:train:425300-475300,JNU,n,1000.0,50000,512,0.25,log1p,0.002986682381232463,0.05077311037159535,0.16960406510282477,1.0431420680116787,2.447766177204039,3.282206190443799,4.030829875013259,3.2314330800722035,True
f1:JNU:jnu_n1000_3_2:B:acc_vertical:train:425300-475300,JNU,n,1000.0,50000,512,0.25,db,-50.483244684311394,-25.665886905296116,-14.664285652667271,5.287479984818625,20.47532562226423,28.176486361966386,34.85569942943283,53.8423732672625,True
f1:JNU:jnu_n1000_3_2:B:acc_vertical:train:425300-475300,JNU,n,1000.0,50000,512,0.5,magnitude,0.007122502624373544,0.05448156161926478,0.18290932036508478,1.8352628525470929,10.586609940538196,26.066699339821774,55.30762015019012,26.01221777820251,True
f1:JNU:jnu_n1000_3_2:B:acc_vertical:train:425300-475300,JNU,n,1000.0,50000,512,0.5,power,5.0730043634208026e-05,0.0029682407008392118,0.03345584428311942,3.368189737939611,112.07631391033978,679.4731096285348,3058.932846677716,679.4701413878339,True
f1:JNU:jnu_n1000_3_2:B:acc_vertical:train:425300-475300,JNU,n,1000.0,50000,512,0.5,log1p,0.007097257404439459,0.05304923529383391,0.16797692092437974,1.0421346498295732,2.4498501014662875,3.298303964366339,4.030829875013259,3.245254729072505,True
f1:JNU:jnu_n1000_3_2:B:acc_vertical:train:425300-475300,JNU,n,1000.0,50000,512,0.5,db,-42.947347519396466,-25.275009247755598,-14.755286495175925,5.273965483793662,20.495138089159916,28.32171896928133,34.85569942943283,53.596728217036926,True
f1:JNU:jnu_n1000_3_2:B:acc_vertical:train:425300-475300,JNU,n,1000.0,50000,1024,0.25,magnitude,0.0009634736374454911,0.08511173035440313,0.2662809267834894,2.61793349726629,14.270503497686999,35.98992856863015,71.01401057297863,35.90481683827574,True
f1:JNU:jnu_n1000_3_2:B:acc_vertical:train:425300-475300,JNU,n,1000.0,50000,1024,0.25,power,9.282814500524457e-07,0.00724430974407539,0.0709055324334027,6.853575796925655,203.64727029814588,1295.276922817389,5042.989697659121,1295.269678507645,True
f1:JNU:jnu_n1000_3_2:B:acc_vertical:train:425300-475300,JNU,n,1000.0,50000,1024,0.25,log1p,0.0009630097946301059,0.08168283026813958,0.23608420005346167,1.2859030056967655,2.7259230912123638,3.610644956866834,4.276860691376996,3.5289621265986946,True
f1:JNU:jnu_n1000_3_2:B:acc_vertical:train:425300-475300,JNU,n,1000.0,50000,1024,0.25,db,-60.323202378612734,-21.400393293677915,-11.493198828562113,8.359172201350248,23.088785922132992,31.123613106975228,37.02688080939582,52.52400640065314,True
f1:JNU:jnu_n1000_3_2:B:acc_vertical:train:425300-475300,JNU,n,1000.0,50000,1024,0.5,magnitude,0.0009634736374454911,0.0846627941328945,0.26525171263544767,2.6225604963089757,14.237746748051844,34.34279277665431,69.34938017705163,34.25812998252142,True
f1:JNU:jnu_n1000_3_2:B:acc_vertical:train:425300-475300,JNU,n,1000.0,50000,1024,0.5,power,9.282814500524457e-07,0.00716831087586394,0.07035881142478508,6.877823561016802,202.7134411566778,1179.4565866295463,4809.336530941241,1179.4494183186705,True
f1:JNU:jnu_n1000_3_2:B:acc_vertical:train:425300-475300,JNU,n,1000.0,50000,1024,0.5,log1p,0.0009630097946301059,0.0812689280694565,0.23527097840158961,1.2871810950669103,2.723775669425433,3.5650827685863686,4.25347397296084,3.483813840516912,True
f1:JNU:jnu_n1000_3_2:B:acc_vertical:train:425300-475300,JNU,n,1000.0,50000,1024,0.5,db,-60.323202378612734,-21.446462334764817,-11.526857069332562,8.37451030035823,23.068825088110223,30.716604351402783,36.820851676795805,52.163066686167596,True
f1:JNU:jnu_n1000_3_2:B:acc_vertical:train:425300-475300,JNU,n,1000.0,50000,2048,0.25,magnitude,0.006235848612063808,0.11986876946296715,0.3822945835998889,3.7281517221735934,19.193718058795437,47.74864555138233,76.4369965246318,47.62877678191936,True
f1:JNU:jnu_n1000_3_2:B:acc_vertical:train:425300-475300,JNU,n,1000.0,50000,2048,0.25,power,3.8885807912578124e-05,0.014368535862325385,0.14614917425225435,13.89911526366468,368.39881390200054,2279.9351773817552,5842.614437706573,2279.920808845893,True
f1:JNU:jnu_n1000_3_2:B:acc_vertical:train:425300-475300,JNU,n,1000.0,50000,2048,0.25,log1p,0.006216486160627544,0.11321150275033717,0.3237448533839429,1.5535343697245025,3.0053715676488566,3.8866769871887934,4.349464657668555,3.7734654844384563,True
f1:JNU:jnu_n1000_3_2:B:acc_vertical:train:425300-475300,JNU,n,1000.0,50000,2048,0.25,db,-44.102088595490976,-18.425883273144343,-8.352037860095932,11.429871565047046,25.6631822096163,33.57921727643006,37.66607227557101,52.0051005495744,True
f1:JNU:jnu_n1000_3_2:B:acc_vertical:train:425300-475300,JNU,n,1000.0,50000,2048,0.5,magnitude,0.038407959144719395,0.12212707494060013,0.38262495227948373,3.716863798777351,19.139131277093686,47.6536780144154,76.4369965246318,47.5315509394748,True
f1:JNU:jnu_n1000_3_2:B:acc_vertical:train:425300-475300,JNU,n,1000.0,50000,2048,0.5,power,0.0014751713256624343,0.014915265928661494,0.1464018542202652,13.8150764986616,366.3063476781925,2270.878356379908,5842.614437706573,2270.863441113979,True
f1:JNU:jnu_n1000_3_2:B:acc_vertical:train:425300-475300,JNU,n,1000.0,50000,2048,0.5,log1p,0.03768873175410689,0.11522596157008388,0.3239838316961916,1.5511441293415436,3.002664750137035,3.884726279957033,4.349464657668555,3.769500318386949,True
f1:JNU:jnu_n1000_3_2:B:acc_vertical:train:425300-475300,JNU,n,1000.0,50000,2048,0.5,db,-28.31157535750499,-18.263831458260057,-8.34453423227924,11.403532941151768,25.638444406905275,33.561918313555104,37.66607227557101,51.82574977181516,True
f1:JNU:jnu_n1000_3_2:B:acc_vertical:train:425300-475300,JNU,n,1000.0,50000,4096,0.25,magnitude,0.014601443479641854,0.15878696974265033,0.5232817627971829,5.280123973173489,26.46675508365288,59.925467192776416,143.2430704237984,59.76668022303377,True
f1:JNU:jnu_n1000_3_2:B:acc_vertical:train:425300-475300,JNU,n,1000.0,50000,4096,0.25,power,0.00021320215168917563,0.025213509147602908,0.27382382759003887,27.87970917208139,700.489127992845,3591.0617073983008,20518.577224437267,3591.036493889153,True
f1:JNU:jnu_n1000_3_2:B:acc_vertical:train:425300-475300,JNU,n,1000.0,50000,4096,0.25,log1p,0.014495868857544057,0.14737366504392108,0.4208670566837946,1.8373897212364498,3.312976365096554,4.109651255800919,4.9714998655778055,3.9622775907569974,True
f1:JNU:jnu_n1000_3_2:B:acc_vertical:train:425300-475300,JNU,n,1000.0,50000,4096,0.25,db,-36.712084106667,-15.98373840067833,-5.625288400627152,14.452882391117544,28.45401395033689,35.55222846378987,43.12147243136371,51.53596686446819,True
f1:JNU:jnu_n1000_3_2:B:acc_vertical:train:425300-475300,JNU,n,1000.0,50000,4096,0.5,magnitude,0.019940272078956923,0.14842087918861216,0.5227488340608478,5.286470494829093,26.420054280332295,60.00464958913623,134.48904574277157,59.856228709947615,True
f1:JNU:jnu_n1000_3_2:B:acc_vertical:train:425300-475300,JNU,n,1000.0,50000,4096,0.5,power,0.00039761445058282904,0.022030189542954843,0.2732663688109465,27.946770292698552,698.0193063522361,3600.558619494982,18087.303424801303,3600.536589305439,True
f1:JNU:jnu_n1000_3_2:B:acc_vertical:train:425300-475300,JNU,n,1000.0,50000,4096,0.5,log1p,0.01974406879632788,0.13838730810867336,0.42051713959935333,1.8383997836222994,3.3112746283290244,4.1109499970367755,4.9088907938249875,3.972562688928102,True
f1:JNU:jnu_n1000_3_2:B:acc_vertical:train:425300-475300,JNU,n,1000.0,50000,4096,0.5,db,-34.00537835979284,-16.57037898038268,-5.634138943513598,14.463316252941388,28.43867387332263,35.56369729745927,42.57373824183691,52.134076277841956,True
f1:JNU:jnu_n600_3_2:B:acc_vertical:train:425300-475300,JNU,n,600.0,50000,256,0.25,magnitude,0.0014755365732016794,0.01370973160317527,0.04347912737197769,0.43945947656121775,3.468473642595359,6.0607875285590325,17.70221940986921,6.047077796955858,True
f1:JNU:jnu_n600_3_2:B:acc_vertical:train:425300-475300,JNU,n,600.0,50000,256,0.25,power,2.177208178855755e-06,0.00018796619986094325,0.001890434785818549,0.1931246315407189,12.030309478183671,36.73316633958335,313.3685720351501,36.73297837338349,True
f1:JNU:jnu_n600_3_2:B:acc_vertical:train:425300-475300,JNU,n,600.0,50000,256,0.25,log1p,0.0014744490387786882,0.013616598839807568,0.04256044469316737,0.3642676796219385,1.4970468816085347,1.9545563838456252,2.928642201837775,1.9409397850058177,True
f1:JNU:jnu_n600_3_2:B:acc_vertical:train:425300-475300,JNU,n,600.0,50000,256,0.25,db,-56.620999840241524,-37.25963885851383,-27.23438421374828,-7.141623316215529,10.802767947113248,15.650578718168472,24.960554386080503,52.9102175766823,True
f1:JNU:jnu_n600_3_2:B:acc_vertical:train:425300-475300,JNU,n,600.0,50000,256,0.5,magnitude,0.0014755365732016794,0.013114689418677473,0.04335945287526324,0.4388628156831443,3.4717931845418666,6.067474351941575,17.70221940986921,6.054359662522898,True
f1:JNU:jnu_n600_3_2:B:acc_vertical:train:425300-475300,JNU,n,600.0,50000,256,0.5,power,2.177208178855755e-06,0.00017199565241560424,0.001880042153644933,0.19260057098933747,12.053348135604937,36.81424733412053,313.3685720351501,36.814075338468115,True
f1:JNU:jnu_n600_3_2:B:acc_vertical:train:425300-475300,JNU,n,600.0,50000,256,0.5,log1p,0.0014744490387786882,0.013029436168380377,0.04244575027531305,0.3638530902705026,1.4977894825505371,1.9555031583090312,2.928642201837775,1.9424737221406507,True
f1:JNU:jnu_n600_3_2:B:acc_vertical:train:425300-475300,JNU,n,600.0,50000,256,0.5,db,-56.620999840241524,-37.6448541926208,-27.25832411026841,-7.153424294894181,10.81107684642576,15.660158709758301,24.960554386080503,53.3050129023791,True
f1:JNU:jnu_n600_3_2:B:acc_vertical:train:425300-475300,JNU,n,600.0,50000,512,0.25,magnitude,0.004202506550282647,0.016880186220199177,0.059795266866245436,0.6226979912448346,4.987414298614851,8.208088180913856,20.35716837863452,8.191207994693658,True
f1:JNU:jnu_n600_3_2:B:acc_vertical:train:425300-475300,JNU,n,600.0,50000,512,0.25,power,1.7661061305168552e-05,0.0002849407458863515,0.0035754739569146352,0.3877527883003521,24.87430175833248,67.37275762924376,414.41430439607717,67.37247268849788,True
f1:JNU:jnu_n600_3_2:B:acc_vertical:train:425300-475300,JNU,n,600.0,50000,512,0.25,log1p,0.004193700682154979,0.016739299104684982,0.058075744995669656,0.4840901906534453,1.7896596440583108,2.2200819763866764,3.0613874387609457,2.2033426772819915,True
f1:JNU:jnu_n600_3_2:B:acc_vertical:train:425300-475300,JNU,n,600.0,50000,512,0.25,db,-47.52983181271916,-35.45245618061219,-24.46666383683916,-4.114450703855647,13.95750885610302,18.284837301665004,26.174347376030894,53.737293482277195,True
f1:JNU:jnu_n600_3_2:B:acc_vertical:train:425300-475300,JNU,n,600.0,50000,512,0.5,magnitude,0.00452515915785725,0.01746977187683768,0.06018598295431472,0.6236366978919413,4.9700753964444795,8.202654112726824,15.177405141130846,8.185184340849986,True
f1:JNU:jnu_n600_3_2:B:acc_vertical:train:425300-475300,JNU,n,600.0,50000,512,0.5,power,2.0477065403939335e-05,0.0003051965684201612,0.003622353963987886,0.38892273115887593,24.70164950432021,67.28355722417525,230.35362681802502,67.28325202760684,True
f1:JNU:jnu_n600_3_2:B:acc_vertical:train:425300-475300,JNU,n,600.0,50000,512,0.5,log1p,0.004514951408032471,0.017318927906469692,0.05844434771912134,0.484668508480276,1.7867595557316145,2.219491798853969,2.7836155243024128,2.202172870947499,True
f1:JNU:jnu_n600_3_2:B:acc_vertical:train:425300-475300,JNU,n,600.0,50000,512,0.5,db,-46.887322633743516,-35.154307299833384,-24.410094532107568,-4.101366734437262,13.927259531293709,18.27908650856404,23.623950544266567,53.433393808397426,True
f1:JNU:jnu_n600_3_2:B:acc_vertical:train:425300-475300,JNU,n,600.0,50000,1024,0.25,magnitude,0.001255163848136398,0.02678291570936382,0.08369427825311457,0.8924996392385356,6.931066458380604,12.988034277896784,20.054854986720546,12.96125136218742,True
f1:JNU:jnu_n600_3_2:B:acc_vertical:train:425300-475300,JNU,n,600.0,50000,1024,0.25,power,1.575436285668571e-06,0.0007173246892254873,0.0070047322452232745,0.7965556060862704,48.039682373911404,168.68911797117974,402.19720853838993,168.68840064649052,True
f1:JNU:jnu_n600_3_2:B:acc_vertical:train:425300-475300,JNU,n,600.0,50000,1024,0.25,log1p,0.0012543767885172432,0.02643053143973405,0.08037583209336918,0.6378985156961874,2.0707875096564976,2.6382020561709525,3.0471311742342264,2.6117715247312185,True
f1:JNU:jnu_n600_3_2:B:acc_vertical:train:425300-475300,JNU,n,600.0,50000,1024,0.25,db,-58.02599086819106,-31.44284357558633,-21.54608463942334,-0.9878390145529246,16.816001250774868,22.270866371408932,26.0443905204183,53.713709946995266,True
f1:JNU:jnu_n600_3_2:B:acc_vertical:train:425300-475300,JNU,n,600.0,50000,1024,0.5,magnitude,0.001907533114873888,0.025142390040489983,0.0822371887807929,0.8908731372258127,6.995523852905294,13.053979749300714,20.054854986720546,13.028837359260224,True
f1:JNU:jnu_n600_3_2:B:acc_vertical:train:425300-475300,JNU,n,600.0,50000,1024,0.5,power,3.638682584340478e-06,0.0006321600230206973,0.006762955301390593,0.7936549473161916,48.937359420666006,170.40640675187336,402.19720853838993,170.40577459185033,True
f1:JNU:jnu_n600_3_2:B:acc_vertical:train:425300-475300,JNU,n,600.0,50000,1024,0.5,log1p,0.0019057160839125995,0.024831510423426413,0.07903036965614632,0.6370386996651342,2.0788818241235165,2.642905562582245,3.0471311742342264,2.6180740521588186,True
f1:JNU:jnu_n600_3_2:B:acc_vertical:train:425300-475300,JNU,n,600.0,50000,1024,0.5,db,-54.39055782331109,-31.992007261520882,-21.698634925420734,-1.0036827284478451,16.896404352166645,22.31485819681389,26.0443905204183,54.30686545833477,True
f1:JNU:jnu_n600_3_2:B:acc_vertical:train:425300-475300,JNU,n,600.0,50000,2048,0.25,magnitude,0.006368753958661651,0.03662619102927597,0.12174753264734056,1.278884147991142,9.702000668595623,19.37426843980223,29.515541224513463,19.337642248772955,True
f1:JNU:jnu_n600_3_2:B:acc_vertical:train:425300-475300,JNU,n,600.0,50000,2048,0.25,power,4.056102698596845e-05,0.0013414829130304212,0.01482246196989942,1.6355446672152396,94.12881744990977,375.3623274967268,871.1671737759536,375.3609860138138,True
f1:JNU:jnu_n600_3_2:B:acc_vertical:train:425300-475300,JNU,n,600.0,50000,2048,0.25,log1p,0.006348559143687677,0.035971390390855104,0.11488776620992283,0.823685914079781,2.3704307002829004,3.0142726935509674,3.418236102182395,2.978301303160112,True
f1:JNU:jnu_n600_3_2:B:acc_vertical:train:425300-475300,JNU,n,600.0,50000,2048,0.25,db,-43.91891043766891,-28.724181167599227,-18.290796700217417,2.136624076868636,19.737225982478613,25.74450567841611,29.401015025213745,54.46868684601534,True
f1:JNU:jnu_n600_3_2:B:acc_vertical:train:425300-475300,JNU,n,600.0,50000,2048,0.5,magnitude,0.010142675315388204,0.03932886877893858,0.12277150081534993,1.27879432545183,9.677698790371267,19.845943786616992,29.515541224513463,19.806614917838054,True
f1:JNU:jnu_n600_3_2:B:acc_vertical:train:425300-475300,JNU,n,600.0,50000,2048,0.5,power,0.00010287386255338519,0.0015467948728148614,0.015072842080597216,1.6353149268078007,93.65792773836671,393.86149689402555,871.1671737759536,393.85995009915274,True
f1:JNU:jnu_n600_3_2:B:acc_vertical:train:425300-475300,JNU,n,600.0,50000,2048,0.5,log1p,0.010091583565037213,0.03857517018817583,0.11580018267347642,0.8236464984734824,2.368157017523825,3.0371593727712947,3.418236102182395,2.998584202583119,True
f1:JNU:jnu_n600_3_2:B:acc_vertical:train:425300-475300,JNU,n,600.0,50000,2048,0.5,db,-39.876949450581954,-28.10586848991535,-18.218048887650003,2.1360140098129046,19.71543859653134,25.953435004210004,29.401015025213745,54.05930349412535,True
f1:JNU:jnu_n600_3_2:B:acc_vertical:train:425300-475300,JNU,n,600.0,50000,4096,0.25,magnitude,0.002341287866004848,0.05188553009888623,0.17275893873056866,1.8199854938037103,12.645867362845914,27.066179650074503,56.664730661269196,27.014294119975617,True
f1:JNU:jnu_n600_3_2:B:acc_vertical:train:425300-475300,JNU,n,600.0,50000,4096,0.25,power,5.481628871501536e-06,0.0026921135162659934,0.02984565100106477,3.3123471976559355,159.9179672096366,732.5784956262586,3210.8917009141815,732.5758035127424,True
f1:JNU:jnu_n600_3_2:B:acc_vertical:train:425300-475300,JNU,n,600.0,50000,4096,0.25,log1p,0.0023385513220947974,0.05058429431501749,0.15935904019039454,1.036731740895554,2.613436702770702,3.3345650168275958,4.054645732918172,3.2839807225125783,True
f1:JNU:jnu_n600_3_2:B:acc_vertical:train:425300-475300,JNU,n,600.0,50000,4096,0.25,db,-52.61090334199591,-25.699083330611398,-15.251189458343793,5.201358529562166,22.038972288476558,28.6485367411667,35.06625657642608,54.347620071778096,True
f1:JNU:jnu_n600_3_2:B:acc_vertical:train:425300-475300,JNU,n,600.0,50000,4096,0.5,magnitude,0.00674582589162043,0.048986983499148644,0.1705631032282562,1.8263307701471325,13.220968588128963,27.196011502638335,56.664730661269196,27.147024519139187,True
f1:JNU:jnu_n600_3_2:B:acc_vertical:train:425300-475300,JNU,n,600.0,50000,4096,0.5,power,4.550616696005657e-05,0.0023998073683931154,0.029091777159217413,3.3354840819862184,174.79401446154603,739.627763550319,3210.8917009141815,739.6253637429505,True
f1:JNU:jnu_n600_3_2:B:acc_vertical:train:425300-475300,JNU,n,600.0,50000,4096,0.5,log1p,0.006723174618775613,0.04782488323672259,0.15748491602393044,1.0389793227588289,2.6547175265289806,3.339177551243609,4.054645732918172,3.291352668006886,True
f1:JNU:jnu_n600_3_2:B:acc_vertical:train:425300-475300,JNU,n,600.0,50000,4096,0.5,db,-43.41929731230995,-26.198534603207378,-15.36229895797262,5.231588724467312,22.425265367045185,28.69007649177314,35.06625657642608,54.88861109498052,True
f1:JNU:jnu_n800_3_2:B:acc_vertical:train:425300-475300,JNU,n,800.0,50000,256,0.25,magnitude,0.001530027600341203,0.022978336079504034,0.08527852855159541,0.9068416196975468,5.228827987062015,9.710603406784386,19.765377908459214,9.687625070704883,True
f1:JNU:jnu_n800_3_2:B:acc_vertical:train:425300-475300,JNU,n,800.0,50000,256,0.25,power,2.34098445780586e-06,0.0005280040083420432,0.007272427853737167,0.8223617232165538,27.340642136240756,94.29581931172116,390.67016386420755,94.29529130771282,True
f1:JNU:jnu_n800_3_2:B:acc_vertical:train:425300-475300,JNU,n,800.0,50000,256,0.25,log1p,0.0015288583006675335,0.022718309854459974,0.0818366622118942,0.6454482710965436,1.8291881908032945,2.3712342199412593,3.033287076216857,2.348515910086799,True
f1:JNU:jnu_n800_3_2:B:acc_vertical:train:425300-475300,JNU,n,800.0,50000,256,0.25,db,-56.30601412879272,-32.773629072672385,-21.38320627849217,-0.8493711199750307,14.368087098590063,19.7449243108694,25.918102446975105,52.518553383541786,True
f1:JNU:jnu_n800_3_2:B:acc_vertical:train:425300-475300,JNU,n,800.0,50000,256,0.5,magnitude,0.0017502371527453697,0.02180962680569252,0.08564045783581736,0.9098967156935077,5.228440644703689,9.771071898807845,19.765377908459214,9.749262272002152,True
f1:JNU:jnu_n800_3_2:B:acc_vertical:train:425300-475300,JNU,n,800.0,50000,256,0.5,power,3.0633300908502187e-06,0.0004756667990287154,0.007334288173025622,0.827912033229832,27.336591575212733,95.47463107103033,390.67016386420755,95.4741554042313,True
f1:JNU:jnu_n800_3_2:B:acc_vertical:train:425300-475300,JNU,n,800.0,50000,256,0.5,log1p,0.0017487072725419388,0.021575195947775353,0.08217009649753607,0.6470491650432657,1.8291260036689694,2.376860619512702,3.033287076216857,2.355285423564927,True
f1:JNU:jnu_n800_3_2:B:acc_vertical:train:425300-475300,JNU,n,800.0,50000,256,0.5,db,-55.13806153399747,-33.22709871446937,-21.34642047393999,-0.8201580504283446,14.367443642215145,19.798808356204486,25.918102446975105,53.02590707067385,True
f1:JNU:jnu_n800_3_2:B:acc_vertical:train:425300-475300,JNU,n,800.0,50000,512,0.25,magnitude,0.0011782678882532593,0.03898894502893242,0.12605854730099122,1.281381876237613,7.2981531203761865,14.220509417146634,31.074114677692,14.1815204721177,True
f1:JNU:jnu_n800_3_2:B:acc_vertical:train:425300-475300,JNU,n,800.0,50000,512,0.25,power,1.3883152164887952e-06,0.001520138271153017,0.015890757591917225,1.6419395127502254,53.26303909460181,202.22299339573743,965.6006030023533,202.22147325746627,True
f1:JNU:jnu_n800_3_2:B:acc_vertical:train:425300-475300,JNU,n,800.0,50000,512,0.25,log1p,0.0011775742754326934,0.03824807184757086,0.11872352409625031,0.8247813454394959,2.1160329735089984,2.7226435948062617,3.4680493084899653,2.684395522958691,True
f1:JNU:jnu_n800_3_2:B:acc_vertical:train:425300-475300,JNU,n,800.0,50000,512,0.25,db,-58.57511842556137,-28.18117154291526,-17.988554099718282,2.153571542137759,17.264259408380475,23.058300823711328,29.8479752830223,51.239472366626586,True
f1:JNU:jnu_n800_3_2:B:acc_vertical:train:425300-475300,JNU,n,800.0,50000,512,0.5,magnitude,0.0011782678882532593,0.04259640115903294,0.12700429538387883,1.2831497602017072,7.37347498280579,14.24334677614902,24.501029692365748,14.200750374989987,True
f1:JNU:jnu_n800_3_2:B:acc_vertical:train:425300-475300,JNU,n,800.0,50000,512,0.5,power,1.3883152164887952e-06,0.0018145213526476337,0.01613009421444563,1.64647332711661,54.36814197986684,202.8798557215198,600.300455986188,202.87804120016713,True
f1:JNU:jnu_n800_3_2:B:acc_vertical:train:425300-475300,JNU,n,800.0,50000,512,0.5,log1p,0.0011775742754326934,0.04171411028018109,0.11956304514634554,0.8255559614626484,2.125068907789294,2.7241283317928664,3.2387188314419006,2.682414221512685,True
f1:JNU:jnu_n800_3_2:B:acc_vertical:train:425300-475300,JNU,n,800.0,50000,512,0.5,db,-58.57511842556137,-27.41270584704314,-17.923632658713743,2.165546890412546,17.35344353029537,23.07209380894126,27.78368673248158,50.4847996559844,True
f1:JNU:jnu_n800_3_2:B:acc_vertical:train:425300-475300,JNU,n,800.0,50000,1024,0.25,magnitude,0.006977320785773123,0.05978996376922992,0.1731810554190192,1.8125923621857667,10.116159824535165,19.739061019069617,43.84812486233208,19.679271055300386,True
f1:JNU:jnu_n800_3_2:B:acc_vertical:train:425300-475300,JNU,n,800.0,50000,1024,0.25,power,4.868300534758167e-05,0.0035748461647343473,0.02999167798198405,3.2854910714565912,102.33669040266379,389.63090447041554,1922.6580539426645,389.6273296242508,True
f1:JNU:jnu_n800_3_2:B:acc_vertical:train:425300-475300,JNU,n,800.0,50000,1024,0.25,log1p,0.006953091919527138,0.058070738254797576,0.1597189101966839,1.0341066068794413,2.4083998863936347,3.0320184924390454,3.803281778541195,2.973947754184248,True
f1:JNU:jnu_n800_3_2:B:acc_vertical:train:425300-475300,JNU,n,800.0,50000,1024,0.25,db,-43.12622606867858,-24.467441952042055,-15.229992357929234,5.16600291350896,20.10031360816479,25.906525616528338,32.8390205153588,50.37396756857039,True
f1:JNU:jnu_n800_3_2:B:acc_vertical:train:425300-475300,JNU,n,800.0,50000,1024,0.5,magnitude,0.006977320785773123,0.05940479826944753,0.17080647893157735,1.8078959650386666,10.211837262693091,19.876017109700868,40.141787188649786,19.81661231143142,True
f1:JNU:jnu_n800_3_2:B:acc_vertical:train:425300-475300,JNU,n,800.0,50000,1024,0.5,power,4.868300534758167e-05,0.0035289607677785463,0.029174853261892883,3.268487823829231,104.28163423194556,395.0561000888942,1611.363078698848,395.05257112812643,True
f1:JNU:jnu_n800_3_2:B:acc_vertical:train:425300-475300,JNU,n,800.0,50000,1024,0.5,log1p,0.006953091919527138,0.05770722567140001,0.15769280957870804,1.0324354357722845,2.4169700631346047,3.038600942939004,3.7170243249110464,2.980893717267604,True
f1:JNU:jnu_n800_3_2:B:acc_vertical:train:425300-475300,JNU,n,800.0,50000,1024,0.5,db,-43.12622606867858,-24.523607184523414,-15.34991319602881,5.143468705555667,20.182077123170572,25.96658675530611,32.071934083972884,50.490193939829524,True
f1:JNU:jnu_n800_3_2:B:acc_vertical:train:425300-475300,JNU,n,800.0,50000,2048,0.25,magnitude,0.00290358438585364,0.08160540762502076,0.25026512255537714,2.574917575407561,13.403828873644388,30.109752712644017,65.62904123654579,30.028147305018997,True
f1:JNU:jnu_n800_3_2:B:acc_vertical:train:425300-475300,JNU,n,800.0,50000,2048,0.25,power,8.430802285773061e-06,0.0066594493189419445,0.06263263240155727,6.630200520142777,179.66262854997413,906.5996602666988,4307.171053628227,906.5930008173799,True
f1:JNU:jnu_n800_3_2:B:acc_vertical:train:425300-475300,JNU,n,800.0,50000,2048,0.25,log1p,0.0028993771268309492,0.07844642305599502,0.22335562660216673,1.2739421200501275,2.667494065058258,3.4375200945267106,4.199140537104953,3.3590736714707154,True
f1:JNU:jnu_n800_3_2:B:acc_vertical:train:425300-475300,JNU,n,800.0,50000,2048,0.25,db,-50.74131065483998,-21.76562563028955,-12.031993460681628,8.215266632008907,22.54457748965876,29.57413202105784,36.341921195400346,51.339757651347384,True
f1:JNU:jnu_n800_3_2:B:acc_vertical:train:425300-475300,JNU,n,800.0,50000,2048,0.5,magnitude,0.013288672801653266,0.08196532494505662,0.25657514714900664,2.5690433268496675,13.412485389072724,30.56759224287678,58.91989236474609,30.485626917931725,True
f1:JNU:jnu_n800_3_2:B:acc_vertical:train:425300-475300,JNU,n,800.0,50000,2048,0.5,power,0.00017658882482939926,0.006718453082998387,0.06583080651883506,6.599983615230808,179.8948089775457,934.3782174702874,3471.5537162732644,934.3714990172044,True
f1:JNU:jnu_n800_3_2:B:acc_vertical:train:425300-475300,JNU,n,800.0,50000,2048,0.5,log1p,0.013201152885676819,0.07877907355487766,0.22838988281570427,1.2722975842072894,2.668094764349536,3.45213077030756,4.093008542891364,3.373351696752682,True
f1:JNU:jnu_n800_3_2:B:acc_vertical:train:425300-475300,JNU,n,800.0,50000,2048,0.5,db,-37.53036777056174,-21.72748581660729,-11.815708288967556,8.195428574205755,22.550184159649422,29.70522220072587,35.40523889599975,51.43270801733316,True
f1:JNU:jnu_n800_3_2:B:acc_vertical:train:425300-475300,JNU,n,800.0,50000,4096,0.25,magnitude,0.0055049443277553674,0.12075855751276084,0.35751714812249835,3.6554677454179965,18.14349353689637,45.84221004784897,78.49789260404435,45.721451490336214,True
f1:JNU:jnu_n800_3_2:B:acc_vertical:train:425300-475300,JNU,n,800.0,50000,4096,0.25,power,3.0304412051685995e-05,0.014582631236158073,0.12781851256448074,13.36244443779133,329.1863581785149,2101.5129169142624,6161.919143276081,2101.4983342830265,True
f1:JNU:jnu_n800_3_2:B:acc_vertical:train:425300-475300,JNU,n,800.0,50000,4096,0.25,log1p,0.005489847501180405,0.11400573874210557,0.30565740451087464,1.5380423880479321,2.9519628941867424,3.846783649163645,4.375730513183711,3.7327779104215395,True
f1:JNU:jnu_n800_3_2:B:acc_vertical:train:425300-475300,JNU,n,800.0,50000,4096,0.25,db,-45.18494121719067,-18.36164226244753,-8.934062496986673,11.258859124100404,25.17441828106686,33.22530121854495,37.89715995205752,51.586943480992474,True
f1:JNU:jnu_n800_3_2:B:acc_vertical:train:425300-475300,JNU,n,800.0,50000,4096,0.5,magnitude,0.0055049443277553674,0.11988029812368743,0.35539630391264554,3.662014014661771,17.876989923599314,44.579360904075905,78.16304834087731,44.459480605952216,True
f1:JNU:jnu_n800_3_2:B:acc_vertical:train:425300-475300,JNU,n,800.0,50000,4096,0.5,power,3.0304412051685995e-05,0.014371420718221938,0.12630674109086815,13.410346643579222,319.5867999519216,1987.3204940436574,6109.462125938323,1987.3061226229393,True
f1:JNU:jnu_n800_3_2:B:acc_vertical:train:425300-475300,JNU,n,800.0,50000,4096,0.5,log1p,0.005489847501180405,0.11322174918817518,0.30409383011463564,1.539447546757003,2.937943672173281,3.819454743197643,4.371509628594207,3.7062329940094676,True
f1:JNU:jnu_n800_3_2:B:acc_vertical:train:425300-475300,JNU,n,800.0,50000,4096,0.5,db,-45.18494121719067,-18.42508426849765,-8.985749014134171,11.274400040832154,25.045887482719998,32.98267440890906,37.860029768525905,51.40775867740671,True
f1:JNU:jnu_ob1000_2:B:acc_vertical:train:125100-175100,JNU,ob,1000.0,50000,256,0.25,magnitude,0.002447505855261989,0.020688624247369312,0.07080366348455991,0.9441535903054684,26.32887189813938,40.19690572103733,53.98919373388986,40.17621709678996,True
f1:JNU:jnu_ob1000_2:B:acc_vertical:train:125100-175100,JNU,ob,1000.0,50000,256,0.25,power,5.990284911541719e-06,0.00042801938635673976,0.005013159300903218,0.8914260022054084,693.2094980449417,1615.792719644179,2914.8330400354926,1615.7922916247926,True
f1:JNU:jnu_ob1000_2:B:acc_vertical:train:125100-175100,JNU,ob,1000.0,50000,256,0.25,log1p,0.0024445155909386673,0.020477521212837763,0.06840945368296882,0.664826710260408,3.3079437202834874,3.718362710526656,4.0071366883625865,3.6978851893138183,True
f1:JNU:jnu_ob1000_2:B:acc_vertical:train:125100-175100,JNU,ob,1000.0,50000,256,0.25,db,-52.22552485599783,-33.6853698817303,-22.998885867922453,-0.4991470205539368,28.40864501315524,32.083848458103844,34.646136836702595,65.76921833983414,True
f1:JNU:jnu_ob1000_2:B:acc_vertical:train:125100-175100,JNU,ob,1000.0,50000,256,0.5,magnitude,0.002447505855261989,0.020467197043110303,0.06940279739520616,0.9611548508455576,26.43080306972635,38.75391496145106,52.923874887720466,38.73344776440795,True
f1:JNU:jnu_ob1000_2:B:acc_vertical:train:125100-175100,JNU,ob,1000.0,50000,256,0.5,power,5.990284911541719e-06,0.0004189061554469571,0.004816748612141114,0.9238186473039461,698.5873515101762,1501.8659258799312,2800.9365331310887,1501.8655069737758,True
f1:JNU:jnu_ob1000_2:B:acc_vertical:train:125100-175100,JNU,ob,1000.0,50000,256,0.5,log1p,0.0024445155909386673,0.020260558746031453,0.06710035924147921,0.6735335093416758,3.3116665811815054,3.6827083255175928,3.987573327666651,3.662447766771561,True
f1:JNU:jnu_ob1000_2:B:acc_vertical:train:125100-175100,JNU,ob,1000.0,50000,256,0.5,db,-52.22552485599783,-33.77883255121892,-23.172460765984255,-0.3441327566496962,28.442207173773415,31.766311635935736,34.47303268188569,65.54514418715465,True
f1:JNU:jnu_ob1000_2:B:acc_vertical:train:125100-175100,JNU,ob,1000.0,50000,512,0.25,magnitude,0.003820888959263526,0.03853534561406756,0.11854265917203255,2.3107665357476495,31.924337975803446,43.0864751749284,55.08857777978796,43.04793982931434,True
f1:JNU:jnu_ob1000_2:B:acc_vertical:train:125100-175100,JNU,ob,1000.0,50000,512,0.25,power,1.459919243902191e-05,0.0014850652835966954,0.01405236297583936,5.339641982731193,1019.1633971829094,1856.444360941031,3034.751401799748,1856.4428758757474,True
f1:JNU:jnu_ob1000_2:B:acc_vertical:train:125100-175100,JNU,ob,1000.0,50000,512,0.25,log1p,0.0038136079038866687,0.03781135616767424,0.11202664047449633,1.1971797443749193,3.494212121023244,3.786153045423957,4.026932187160051,3.748341689256283,True
f1:JNU:jnu_ob1000_2:B:acc_vertical:train:125100-175100,JNU,ob,1000.0,50000,512,0.25,db,-48.3567114401556,-28.283084874970562,-18.52250697699424,7.275121390630176,30.082437819885623,32.686819292266954,34.82123120701635,60.969904167237516,True
f1:JNU:jnu_ob1000_2:B:acc_vertical:train:125100-175100,JNU,ob,1000.0,50000,512,0.5,magnitude,0.0090941871544509,0.03881390109921198,0.11851000357922109,2.371414969984701,32.51669316151275,43.5401847037567,55.08857777978796,43.50137080265749,True
f1:JNU:jnu_ob1000_2:B:acc_vertical:train:125100-175100,JNU,ob,1000.0,50000,512,0.5,power,8.270424000017976e-05,0.001506691013009167,0.014044625506249865,5.623608961683975,1057.3353354108408,1895.7481048686166,3034.751401799748,1895.7465981776036,True
f1:JNU:jnu_ob1000_2:B:acc_vertical:train:125100-175100,JNU,ob,1000.0,50000,512,0.5,log1p,0.00905308404607927,0.03807950281849398,0.11199744383181391,1.215332528561638,3.512043617491138,3.7963917027401552,4.026932187160051,3.758312199921661,True
f1:JNU:jnu_ob1000_2:B:acc_vertical:train:125100-175100,JNU,ob,1000.0,50000,512,0.5,db,-40.82472215340449,-28.22075754697327,-18.524901177445116,7.500151140994268,30.242127452437423,32.777804377538615,34.82123120701635,60.99856192451189,True
f1:JNU:jnu_ob1000_2:B:acc_vertical:train:125100-175100,JNU,ob,1000.0,50000,1024,0.25,magnitude,0.008984685181258422,0.07439231052449322,0.23463136080781125,6.145378822388272,36.34301357800062,47.1577027395529,57.05168672116167,47.08331042902841,True
f1:JNU:jnu_ob1000_2:B:acc_vertical:train:125100-175100,JNU,ob,1000.0,50000,1024,0.25,power,8.072456780632469e-05,0.005534215905910324,0.055051883058579304,37.76568087454773,1320.814653422174,2223.8491396000004,3254.8949577295753,2223.8436053840946,True
f1:JNU:jnu_ob1000_2:B:acc_vertical:train:125100-175100,JNU,ob,1000.0,50000,1024,0.25,log1p,0.008944563041473334,0.07175520918856025,0.21077242976075275,1.9664658291668609,3.6201458350147844,3.8744810535814027,4.0613337640725335,3.8027258443928424,True
f1:JNU:jnu_ob1000_2:B:acc_vertical:train:125100-175100,JNU,ob,1000.0,50000,1024,0.25,db,-40.92994261819339,-22.569439069957806,-12.59227940674572,15.77097318890166,31.208418669461,33.471052396777495,35.125369775402895,56.040491466735304,True
f1:JNU:jnu_ob1000_2:B:acc_vertical:train:125100-175100,JNU,ob,1000.0,50000,1024,0.5,magnitude,0.008984685181258422,0.07502351910648873,0.24547313778406082,6.193576016618225,36.81070720869303,48.238993634071626,57.05168672116167,48.16397011496514,True
f1:JNU:jnu_ob1000_2:B:acc_vertical:train:125100-175100,JNU,ob,1000.0,50000,1024,0.5,power,8.072456780632469e-05,0.005628534919562534,0.06025708232824623,38.36038411912949,1355.0281653975644,2327.009476857467,3254.8949577295753,2327.003848322547,True
f1:JNU:jnu_ob1000_2:B:acc_vertical:train:125100-175100,JNU,ob,1000.0,50000,1024,0.5,log1p,0.008944563041473334,0.0723425367666614,0.219515481317799,1.9731884054706723,3.6325923219367278,3.89668401045179,4.0613337640725335,3.824341473685129,True
f1:JNU:jnu_ob1000_2:B:acc_vertical:train:125100-175100,JNU,ob,1000.0,50000,1024,0.5,db,-40.92994261819339,-22.49605636756101,-12.199922025592809,15.838829417541978,31.319483223578757,33.66794801199419,35.125369775402895,56.1640043795552,True
f1:JNU:jnu_ob1000_2:B:acc_vertical:train:125100-175100,JNU,ob,1000.0,50000,2048,0.25,magnitude,0.010855953395739675,0.11350306669066673,0.3945054716336627,10.124033533686791,46.578721682103854,57.59502068924489,69.56255845587845,57.48151762255422,True
f1:JNU:jnu_ob1000_2:B:acc_vertical:train:125100-175100,JNU,ob,1000.0,50000,2048,0.25,power,0.00011785172413047178,0.012883221423630114,0.1556345741755255,102.49605502700079,2169.5773612013772,3317.1883664164357,4838.949538927506,3317.175483195012,True
f1:JNU:jnu_ob1000_2:B:acc_vertical:train:125100-175100,JNU,ob,1000.0,50000,2048,0.25,log1p,0.010797450555577579,0.10751085082576028,0.33253984999544217,2.409107950757528,3.8623856272799353,4.07064943653397,4.256499670336513,3.9631385857082098,True
f1:JNU:jnu_ob1000_2:B:acc_vertical:train:125100-175100,JNU,ob,1000.0,50000,2048,0.25,db,-39.286640515122066,-18.899940696033163,-8.078939572301724,20.10707149848545,33.36375121416231,35.20769620782998,36.847510932651524,54.107636903863146,True
f1:JNU:jnu_ob1000_2:B:acc_vertical:train:125100-175100,JNU,ob,1000.0,50000,2048,0.5,magnitude,0.010855953395739675,0.11985105607416567,0.4143149543640129,10.486874029575775,46.282013369881724,57.38945492845426,69.56255845587845,57.269603872380095,True
f1:JNU:jnu_ob1000_2:B:acc_vertical:train:125100-175100,JNU,ob,1000.0,50000,2048,0.5,power,0.00011785172413047178,0.014364384032707574,0.17165688264860246,109.97452691219085,2142.0248575986293,3293.5497552890715,4838.949538927506,3293.5353909050386,True
f1:JNU:jnu_ob1000_2:B:acc_vertical:train:125100-175100,JNU,ob,1000.0,50000,2048,0.5,log1p,0.010797450555577579,0.11319564761446044,0.34664528236464925,2.441204994756464,3.8561299346824907,4.0671352752115535,4.256499670336513,3.953939627597093,True
f1:JNU:jnu_ob1000_2:B:acc_vertical:train:125100-175100,JNU,ob,1000.0,50000,2048,0.5,db,-39.286640515122066,-18.427195357295144,-7.653387847448315,20.41292102415611,33.30824467456256,35.17664171086376,36.847510932651524,53.60383706815891,True
f1:JNU:jnu_ob1000_2:B:acc_vertical:train:125100-175100,JNU,ob,1000.0,50000,4096,0.25,magnitude,0.011441770769660757,0.19178460961963278,0.6072271389801961,14.640118005936042,65.63684606610882,83.79407940725842,104.90357404941669,83.60229479763879,True
f1:JNU:jnu_ob1000_2:B:acc_vertical:train:125100-175100,JNU,ob,1000.0,50000,4096,0.25,power,0.00013091411834546333,0.03678134489359104,0.3687248232792942,214.3330552277327,4308.195565679752,7021.451467106902,11004.759848341451,7021.414685762008,True
f1:JNU:jnu_ob1000_2:B:acc_vertical:train:125100-175100,JNU,ob,1000.0,50000,4096,0.25,log1p,0.011376808761154295,0.175451852728601,0.47451041542142236,2.749839280225276,4.199257668329037,4.440225462939546,4.662529001324143,4.264773610210945,True
f1:JNU:jnu_ob1000_2:B:acc_vertical:train:125100-175100,JNU,ob,1000.0,50000,4096,0.25,db,-38.8301350713447,-14.343725930450052,-4.332976824946944,23.310891546966225,36.34295408541516,38.464264375450774,40.415805695909555,52.80799030590083,True
f1:JNU:jnu_ob1000_2:B:acc_vertical:train:125100-175100,JNU,ob,1000.0,50000,4096,0.5,magnitude,0.011441770769660757,0.20308334989628146,0.6186663567347599,14.779960269106995,64.51856707788332,81.40134158866192,98.12845087176964,81.19825823876565,True
f1:JNU:jnu_ob1000_2:B:acc_vertical:train:125100-175100,JNU,ob,1000.0,50000,4096,0.5,power,0.00013091411834546333,0.041242895990509065,0.38274815563177955,218.4472255563813,4162.645497817186,6626.181576402165,9629.192870493309,6626.140333506174,True
f1:JNU:jnu_ob1000_2:B:acc_vertical:train:125100-175100,JNU,ob,1000.0,50000,4096,0.5,log1p,0.011376808761154295,0.18488770270968335,0.4816025555505481,2.7587407976139877,4.182333569306043,4.411601484971369,4.596416492683415,4.226713782261686,True
f1:JNU:jnu_ob1000_2:B:acc_vertical:train:125100-175100,JNU,ob,1000.0,50000,4096,0.5,db,-38.8301350713447,-13.846518774404295,-4.170871080560699,23.39346533220813,36.19369426759659,38.212629176633314,39.83589885611244,52.05914795103761,True
f1:JNU:jnu_ob600_2:B:acc_vertical:train:125100-175100,JNU,ob,600.0,50000,256,0.25,magnitude,1.6580103871621787e-05,0.010552596878624261,0.035382749931498016,0.4262241322816567,12.360527718175717,19.75587088044183,26.358257408182308,19.745318283563204,True
f1:JNU:jnu_ob600_2:B:acc_vertical:train:125100-175100,JNU,ob,600.0,50000,256,0.25,power,2.748998443937678e-10,0.00011135922159215766,0.0012519389977956364,0.18166701093929744,152.7826458177691,390.2946227769871,694.7577335959975,390.29451141776553,True
f1:JNU:jnu_ob600_2:B:acc_vertical:train:125100-175100,JNU,ob,600.0,50000,256,0.25,log1p,1.657996642321886e-05,0.010497305916529108,0.03477116505041883,0.3550304851543992,2.592304666222757,3.0328289217863436,3.3090183995045708,3.0223316158698146,True
f1:JNU:jnu_ob600_2:B:acc_vertical:train:125100-175100,JNU,ob,600.0,50000,256,0.25,db,-95.60820267260753,-39.53288774821894,-29.02416833191109,-7.407239292180112,21.84074024703804,25.913921482732345,28.418333897663047,65.44680923095129,True
f1:JNU:jnu_ob600_2:B:acc_vertical:train:125100-175100,JNU,ob,600.0,50000,256,0.5,magnitude,1.6580103871621787e-05,0.010461052390049056,0.035510372877930546,0.42581235483482605,12.395946899030776,20.049590352356656,26.358257408182308,20.039129299966607,True
f1:JNU:jnu_ob600_2:B:acc_vertical:train:125100-175100,JNU,ob,600.0,50000,256,0.5,power,2.748998443937678e-10,0.00010943402364036389,0.0012609865885934827,0.1813161615299798,153.65950051457904,401.9861853023085,694.7577335959975,401.9860758682849,True
f1:JNU:jnu_ob600_2:B:acc_vertical:train:125100-175100,JNU,ob,600.0,50000,256,0.5,log1p,1.657996642321886e-05,0.010406714010264264,0.03489441906524427,0.3547417248587047,2.594952188220982,3.0468809727806,3.3090183995045708,3.0364742587703355,True
f1:JNU:jnu_ob600_2:B:acc_vertical:train:125100-175100,JNU,ob,600.0,50000,256,0.5,db,-95.60820267260753,-39.60850847420746,-28.992895345488723,-7.415634833427108,21.865594115426386,26.04210886252294,28.418333897663047,65.6506173367304,True
f1:JNU:jnu_ob600_2:B:acc_vertical:train:125100-175100,JNU,ob,600.0,50000,512,0.25,magnitude,0.001022402684979884,0.01765376665445781,0.05724081418883327,0.803102072816874,15.012162641145636,21.8200239430599,27.846096361623186,21.802370176405443,True
f1:JNU:jnu_ob600_2:B:acc_vertical:train:125100-175100,JNU,ob,600.0,50000,512,0.25,power,1.0453072502540758e-06,0.00031165732675913355,0.0032765122331331305,0.6449729393627596,225.36502908321808,476.1136850046355,775.405082580804,476.11337334730877,True
f1:JNU:jnu_ob600_2:B:acc_vertical:train:125100-175100,JNU,ob,600.0,50000,512,0.25,log1p,0.0010218803873234597,0.017499748042932674,0.0556625082954107,0.5895085553846138,2.7733485947899497,3.127638163070456,3.3619746757098254,3.110138415027523,True
f1:JNU:jnu_ob600_2:B:acc_vertical:train:125100-175100,JNU,ob,600.0,50000,512,0.25,db,-59.80755952370277,-35.063278082457614,-24.845885822708684,-1.9045850623637288,23.528865180975625,26.777102265547573,28.895286433722248,61.84038034800518,True
f1:JNU:jnu_ob600_2:B:acc_vertical:train:125100-175100,JNU,ob,600.0,50000,512,0.5,magnitude,0.001022402684979884,0.016674733917508816,0.05699634714551869,0.7939112488917275,15.130463490981171,21.78839277594534,27.846096361623186,21.771718042027832,True
f1:JNU:jnu_ob600_2:B:acc_vertical:train:125100-175100,JNU,ob,600.0,50000,512,0.5,power,1.0453072502540758e-06,0.0002780480875962086,0.003248583588782728,0.630295071471908,228.93097444854294,474.7344109350452,775.405082580804,474.73413288695764,True
f1:JNU:jnu_ob600_2:B:acc_vertical:train:125100-175100,JNU,ob,600.0,50000,512,0.5,log1p,0.0010218803873234597,0.0165372362740756,0.05543125101185136,0.5843982912828553,2.7807095322939164,3.126250979816347,3.3619746757098254,3.1097137435422715,True
f1:JNU:jnu_ob600_2:B:acc_vertical:train:125100-175100,JNU,ob,600.0,50000,512,0.5,db,-59.80755952370277,-35.55884263371714,-24.883059526966566,-2.0045608916248545,23.597043709750935,26.764500703779508,28.895286433722248,62.32334333749665,True
f1:JNU:jnu_ob600_2:B:acc_vertical:train:125100-175100,JNU,ob,600.0,50000,1024,0.25,magnitude,0.0015147071844506979,0.03541046965835179,0.11043961072202838,2.41774564657676,17.74861336960379,23.66122383962569,32.28746508504694,23.62581336996734,True
f1:JNU:jnu_ob600_2:B:acc_vertical:train:125100-175100,JNU,ob,600.0,50000,1024,0.25,power,2.2943378546265605e-06,0.0012539694318424988,0.01219690771821439,5.845494025160241,315.01327662811934,559.8535141046226,1042.4804016181251,559.8522601351908,True
f1:JNU:jnu_ob600_2:B:acc_vertical:train:125100-175100,JNU,ob,600.0,50000,1024,0.25,log1p,0.001513561172625658,0.03479790539163033,0.10475598257309579,1.228981165477404,2.9311197959404782,3.2052321246138056,3.505180902248684,3.1704342192221753,True
f1:JNU:jnu_ob600_2:B:acc_vertical:train:125100-175100,JNU,ob,600.0,50000,1024,0.25,db,-56.39342571987244,-29.017601984557572,-19.137502685044744,7.668212189565056,24.983288578309455,27.480744077487174,30.180678990929852,56.498346062044746,True
f1:JNU:jnu_ob600_2:B:acc_vertical:train:125100-175100,JNU,ob,600.0,50000,1024,0.5,magnitude,0.0026821705078518892,0.03623769638211805,0.11131543861008124,2.263960790148923,18.196966868183573,23.872067565207107,29.883306730027723,23.835829868824987,True
f1:JNU:jnu_ob600_2:B:acc_vertical:train:125100-175100,JNU,ob,600.0,50000,1024,0.5,power,7.194038633190461e-06,0.0013131772377532097,0.012391127810986191,5.125518467198559,331.1296076948557,569.8757128960394,893.0120211209202,569.8743997188017,True
f1:JNU:jnu_ob600_2:B:acc_vertical:train:125100-175100,JNU,ob,600.0,50000,1024,0.5,log1p,0.002678579907503865,0.03559655111057834,0.10554439312057051,1.1829414238384697,2.954752284842719,3.213745305946094,3.4302158026498626,3.1781487548355156,True
f1:JNU:jnu_ob600_2:B:acc_vertical:train:125100-175100,JNU,ob,600.0,50000,1024,0.5,db,-51.43027201893446,-28.816810122522902,-19.068892283467665,7.097378013217381,25.19998002808496,27.557799913976222,29.508573051079626,56.37461003649912,True
f1:JNU:jnu_ob600_2:B:acc_vertical:train:125100-175100,JNU,ob,600.0,50000,2048,0.25,magnitude,0.006411873336672375,0.059483219517572045,0.19744663520147285,5.030051972274516,21.208883343945946,28.362061526466874,39.727679566885236,28.302578306949304,True
f1:JNU:jnu_ob600_2:B:acc_vertical:train:125100-175100,JNU,ob,600.0,50000,2048,0.25,power,4.111211968553014e-05,0.003538253431632071,0.038985182570545535,25.30142284401667,449.8167328441407,804.4113630454935,1578.2885237691107,804.4078247920619,True
f1:JNU:jnu_ob600_2:B:acc_vertical:train:125100-175100,JNU,ob,600.0,50000,2048,0.25,log1p,0.006391404725001982,0.05778126047395376,0.18019148272894656,1.7967556296497322,3.1004923593184683,3.379700613321798,3.7069079489322068,3.321919352847844,True
f1:JNU:jnu_ob600_2:B:acc_vertical:train:125100-175100,JNU,ob,600.0,50000,2048,0.25,db,-43.86030117457145,-24.512110687305302,-14.091006236321164,14.031449447395914,26.53035606548363,29.054729797616716,31.98186398639094,53.56684048492202,True
f1:JNU:jnu_ob600_2:B:acc_vertical:train:125100-175100,JNU,ob,600.0,50000,2048,0.5,magnitude,0.006411873336672375,0.06157027374867014,0.199955169910674,5.0865717782586835,21.157408275860213,27.70360183459829,38.023859084642076,27.64203156084962,True
f1:JNU:jnu_ob600_2:B:acc_vertical:train:125100-175100,JNU,ob,600.0,50000,2048,0.5,power,4.111211968553014e-05,0.0037912443481229303,0.03998207024225672,25.873212455377704,447.6359524907483,767.4952754239594,1445.8138596887177,767.4914841796112,True
f1:JNU:jnu_ob600_2:B:acc_vertical:train:125100-175100,JNU,ob,600.0,50000,2048,0.5,log1p,0.006391404725001982,0.05974904897576818,0.18228419759518993,1.8060849968249517,3.0981718719367737,3.3570191320147713,3.664173230474888,3.297270083039003,True
f1:JNU:jnu_ob600_2:B:acc_vertical:train:125100-175100,JNU,ob,600.0,50000,2048,0.5,db,-43.86030117457145,-24.21297011538272,-13.981347275794933,14.12850354710747,26.509249067814185,28.850692261431366,31.60112383615255,53.06366237681409,True
f1:JNU:jnu_ob600_2:B:acc_vertical:train:125100-175100,JNU,ob,600.0,50000,4096,0.25,magnitude,0.0110046957420653,0.09775659206018977,0.2989149914172247,7.062002733024557,30.050122551442144,40.724039694501,67.53900638456089,40.62628310244081,True
f1:JNU:jnu_ob600_2:B:acc_vertical:train:125100-175100,JNU,ob,600.0,50000,4096,0.25,power,0.00012110332837543014,0.009556384703328863,0.08935017209956554,49.87188260124631,903.0098655210367,1658.4475051550955,4561.517383413757,1658.4379487703923,True
f1:JNU:jnu_ob600_2:B:acc_vertical:train:125100-175100,JNU,ob,600.0,50000,4096,0.25,log1p,0.010944584678453348,0.0932686216458534,0.2615292939882302,2.08716200369573,3.435602755192813,3.7310774265605944,4.22740301947183,3.637808804914741,True
f1:JNU:jnu_ob600_2:B:acc_vertical:train:125100-175100,JNU,ob,600.0,50000,4096,0.25,db,-39.16843912752501,-20.197094087485702,-10.48904606416157,16.978557626140784,29.55692494917939,32.197016790051165,36.591093342501594,52.39411087753687,True
f1:JNU:jnu_ob600_2:B:acc_vertical:train:125100-175100,JNU,ob,600.0,50000,4096,0.5,magnitude,0.012357285811232103,0.09998114506306228,0.302697685028979,7.120801628555416,30.020046617463187,40.261448066061575,67.53900638456089,40.161466920998514,True
f1:JNU:jnu_ob600_2:B:acc_vertical:train:125100-175100,JNU,ob,600.0,50000,4096,0.5,power,0.00015270251262047827,0.009996591193514707,0.09162589923721463,50.705815833237466,901.2031997178991,1620.9897939541595,4561.517383413757,1620.9797973629659,True
f1:JNU:jnu_ob600_2:B:acc_vertical:train:125100-175100,JNU,ob,600.0,50000,4096,0.5,log1p,0.012281557778647383,0.09529288940863638,0.2644372535067609,2.0944288720293183,3.434633660149452,3.719926955912632,4.22740301947183,3.6246340665039956,True
f1:JNU:jnu_ob600_2:B:acc_vertical:train:125100-175100,JNU,ob,600.0,50000,4096,0.5,db,-38.1615380982273,-20.001793658693792,-10.379818513447033,17.05057774718838,29.54822724243849,32.09777279000365,36.591093342501594,52.099566448697445,True
f1:JNU:jnu_ob800_2:B:acc_vertical:train:125100-175100,JNU,ob,800.0,50000,256,0.25,magnitude,1.716098781123776e-05,0.016084621182927753,0.05487826499093425,0.7446441464808824,22.577196733333917,32.69646704209538,44.655480271351564,32.68038242091245,True
f1:JNU:jnu_ob800_2:B:acc_vertical:train:125100-175100,JNU,ob,800.0,50000,256,0.25,power,2.9449950265745096e-10,0.0002587154587213091,0.0030116239692211015,0.5544949069454563,509.72981275441134,1069.0590243393951,1994.1119182650689,1069.0587656239363,True
f1:JNU:jnu_ob800_2:B:acc_vertical:train:125100-175100,JNU,ob,800.0,50000,256,0.25,log1p,1.7160840563171044e-05,0.015956634050401878,0.05342537163570154,0.5565506070022908,3.1602800044310517,3.517392966675981,3.8211236495913665,3.501436332625579,True
f1:JNU:jnu_ob800_2:B:acc_vertical:train:125100-175100,JNU,ob,800.0,50000,256,0.25,db,-95.3091037289953,-35.871790253597894,-25.211992536599197,-2.5610244161194107,27.07340034362408,30.290016292316693,32.99749529163611,66.16180654591459,True
f1:JNU:jnu_ob800_2:B:acc_vertical:train:125100-175100,JNU,ob,800.0,50000,256,0.5,magnitude,1.716098781123776e-05,0.014404152716649124,0.05334633633759866,0.7422849111509385,22.96525469510531,32.2777918673681,40.729150183295246,32.26338771465145,True
f1:JNU:jnu_ob800_2:B:acc_vertical:train:125100-175100,JNU,ob,800.0,50000,256,0.5,power,2.9449950265745096e-10,0.00020748068258106666,0.0028458316560387585,0.5509868893223567,527.4029480564395,1041.8558562870346,1658.8636746534191,1041.855648806352,True
f1:JNU:jnu_ob800_2:B:acc_vertical:train:125100-175100,JNU,ob,800.0,50000,256,0.5,log1p,1.7160840563171044e-05,0.014301397940372836,0.05197208345385627,0.5551974191044171,3.1766050387247837,3.504890259795226,3.731199929749448,3.490588861854853,True
f1:JNU:jnu_ob800_2:B:acc_vertical:train:125100-175100,JNU,ob,800.0,50000,256,0.5,db,-95.3091037289953,-36.83026787544733,-25.457908092774677,-2.588587349017924,27.221425121564973,30.178076302005632,32.19810697190783,67.00834417745297,True
f1:JNU:jnu_ob800_2:B:acc_vertical:train:125100-175100,JNU,ob,800.0,50000,512,0.25,magnitude,0.0021102047167587097,0.029759760735620783,0.09028877619647552,1.8257211712346622,26.39907479921864,35.983293184520704,44.80865522770434,35.95353342378508,True
f1:JNU:jnu_ob800_2:B:acc_vertical:train:125100-175100,JNU,ob,800.0,50000,512,0.25,power,4.4529639466307065e-06,0.0008856590257601498,0.008152063520857246,3.3332577950944664,696.9111519979463,1294.7975322939462,2007.8155833152757,1294.7966466349205,True
f1:JNU:jnu_ob800_2:B:acc_vertical:train:125100-175100,JNU,ob,800.0,50000,512,0.25,log1p,0.0021079813620583678,0.02932552564510891,0.08644259326898278,1.0387636138725143,3.310509245211023,3.610466222515202,3.824473052036738,3.581140696870093,True
f1:JNU:jnu_ob800_2:B:acc_vertical:train:125100-175100,JNU,ob,800.0,50000,512,0.25,db,-53.513507799532576,-30.52748805595502,-20.887324880957728,5.228689034643029,28.43177412002485,31.122017665001152,33.02723820613069,61.64950572095617,True
f1:JNU:jnu_ob800_2:B:acc_vertical:train:125100-175100,JNU,ob,800.0,50000,512,0.5,magnitude,0.0021102047167587097,0.03022705989561742,0.09027954140458656,1.8379456615106589,26.297365152895765,36.55314097131811,43.43612451729537,36.52291391142249,True
f1:JNU:jnu_ob800_2:B:acc_vertical:train:125100-175100,JNU,ob,800.0,50000,512,0.5,power,4.4529639466307065e-06,0.0009136838980195863,0.0081503965302863,3.378044254859798,691.551414144444,1336.1352430708218,1886.6969130819878,1336.1343293869238,True
f1:JNU:jnu_ob800_2:B:acc_vertical:train:125100-175100,JNU,ob,800.0,50000,512,0.5,log1p,0.0021079813620583678,0.029779220325737585,0.08643412297212288,1.0430804317879843,3.306790182879978,3.6257559155525954,3.794052753887108,3.5959766952268577,True
f1:JNU:jnu_ob800_2:B:acc_vertical:train:125100-175100,JNU,ob,800.0,50000,512,0.5,db,-53.513507799532576,-30.392123597622273,-20.888213601847898,5.286653348462081,28.398244735454668,31.258483880172488,32.75702138880138,61.650607477794765,True
f1:JNU:jnu_ob800_2:B:acc_vertical:train:125100-175100,JNU,ob,800.0,50000,1024,0.25,magnitude,0.004591624017917795,0.050208981965244565,0.16889152555765588,5.831811711911093,29.7991807581466,40.35768779760513,54.063572982557055,40.30747881563989,True
f1:JNU:jnu_ob800_2:B:acc_vertical:train:125100-175100,JNU,ob,800.0,50000,1024,0.25,power,2.1083011121919552e-05,0.0025209418877247354,0.028524349121052648,34.01002785036901,887.9911739811103,1628.7433354423506,2922.869923640273,1628.7408145004629,True
f1:JNU:jnu_ob800_2:B:acc_vertical:train:125100-175100,JNU,ob,800.0,50000,1024,0.25,log1p,0.0045811146700602086,0.048989174800549644,0.15605588504803913,1.9215898962975322,3.4274880907987244,3.7222582158516464,4.008488390136403,3.6732690410510966,True
f1:JNU:jnu_ob800_2:B:acc_vertical:train:125100-175100,JNU,ob,800.0,50000,1024,0.25,db,-46.760673432217914,-25.984371698641983,-15.447843084384132,15.316069874023436,29.48408649094111,32.11852453773171,34.658094883996675,58.102896236373695,True
f1:JNU:jnu_ob800_2:B:acc_vertical:train:125100-175100,JNU,ob,800.0,50000,1024,0.5,magnitude,0.005868205239836053,0.05754433075411995,0.1715128853515178,5.929922418369822,29.50141712457236,37.46322253381162,52.508276815002475,37.4056782030575,True
f1:JNU:jnu_ob800_2:B:acc_vertical:train:125100-175100,JNU,ob,800.0,50000,1024,0.5,power,3.4435832736839315e-05,0.0033113570869951216,0.02941682589425938,35.163979900558886,870.3337268250997,1403.493089138503,2757.1191340809264,1403.489777781416,True
f1:JNU:jnu_ob800_2:B:acc_vertical:train:125100-175100,JNU,ob,800.0,50000,1024,0.5,log1p,0.005851054387240654,0.05594954822722948,0.15829592107423773,1.9358486179667629,3.4177730841138,3.6497025101564122,3.9798363487585706,3.593752961929183,True
f1:JNU:jnu_ob800_2:B:acc_vertical:train:125100-175100,JNU,ob,800.0,50000,1024,0.5,db,-44.62989395520687,-24.7999583957041,-15.314087967521846,15.460980228448932,29.39685699218445,31.472102497004066,34.404555322141086,56.27206089270817,True
f1:JNU:jnu_ob800_2:B:acc_vertical:train:125100-175100,JNU,ob,800.0,50000,2048,0.25,magnitude,0.006083065200479539,0.07515745682883453,0.24678513260726903,9.07801223051469,38.45010061397091,46.16159311769693,69.49027077445595,46.0864356608681,True
f1:JNU:jnu_ob800_2:B:acc_vertical:train:125100-175100,JNU,ob,800.0,50000,2048,0.25,power,3.700368223328517e-05,0.005648644764049904,0.060902905180782424,82.41030605763129,1478.4102958401545,2130.894174118146,4828.897732307207,2130.8885254733823,True
f1:JNU:jnu_ob800_2:B:acc_vertical:train:125100-175100,JNU,ob,800.0,50000,2048,0.25,log1p,0.006064638050639473,0.0724671216965047,0.2205683432718709,2.3103560438419066,3.6750365788744346,3.8535795200404848,4.255474697095699,3.7811123983439803,True
f1:JNU:jnu_ob800_2:B:acc_vertical:train:125100-175100,JNU,ob,800.0,50000,2048,0.25,db,-44.317550428967046,-22.480559579581396,-12.153620398588751,19.159815270447126,31.697949439339524,33.28561272553346,36.83848007893839,55.76617230511486,True
f1:JNU:jnu_ob800_2:B:acc_vertical:train:125100-175100,JNU,ob,800.0,50000,2048,0.5,magnitude,0.009141149966680879,0.07525155289850526,0.2497787676952484,9.240733394530242,38.234048137864335,47.18604692164943,57.034251503762746,47.11079536875092,True
f1:JNU:jnu_ob800_2:B:acc_vertical:train:125100-175100,JNU,ob,800.0,50000,2048,0.5,power,8.356062271334983e-05,0.005662866810535478,0.06238943507417127,85.3911536687864,1461.8424510621094,2226.5230551960253,3252.905844594463,2226.517392329215,True
f1:JNU:jnu_ob800_2:B:acc_vertical:train:125100-175100,JNU,ob,800.0,50000,2048,0.5,log1p,0.009099622535793203,0.07255460637958637,0.2229665490757862,2.326373237606326,3.6695449401844225,3.8750694894960955,4.061033379412744,3.802514883116509,True
f1:JNU:jnu_ob800_2:B:acc_vertical:train:125100-175100,JNU,ob,800.0,50000,2048,0.5,db,-40.77998322713412,-22.469744583141733,-12.048889782511718,19.314128810985096,31.649005610447794,33.47627184389135,35.122714928053995,55.94601642703308,True
f1:JNU:jnu_ob800_2:B:acc_vertical:train:125100-175100,JNU,ob,800.0,50000,4096,0.25,magnitude,0.008145743450962297,0.1024100790378408,0.3536725703465909,12.457134579218723,55.6487619855248,67.47226140064376,80.84698948836612,67.36985132160592,True
f1:JNU:jnu_ob800_2:B:acc_vertical:train:125100-175100,JNU,ob,800.0,50000,4096,0.25,power,6.635313636889516e-05,0.010487963307938022,0.12508428739877256,155.18020192476683,3096.784712352034,4552.506064241911,6536.2357093319815,4552.495576278603,True
f1:JNU:jnu_ob800_2:B:acc_vertical:train:125100-175100,JNU,ob,800.0,50000,4096,0.25,log1p,0.008112745954426213,0.0974987068729814,0.3028213211728501,2.599509417394448,4.0368701332081605,4.2264287195897285,4.40485152230218,4.128930012716747,True
f1:JNU:jnu_ob800_2:B:acc_vertical:train:125100-175100,JNU,ob,800.0,50000,4096,0.25,db,-41.781385334927066,-19.793203328169405,-9.027972436776999,21.90836312655388,34.909110138576956,36.58250531885532,38.1532770530885,56.37570864702472,True
f1:JNU:jnu_ob800_2:B:acc_vertical:train:125100-175100,JNU,ob,800.0,50000,4096,0.5,magnitude,0.008145743450962297,0.09102477266830679,0.3450831842066567,12.34630973886112,55.94999181154368,67.35190910772363,78.53328954169432,67.26088433505532,True
f1:JNU:jnu_ob800_2:B:acc_vertical:train:125100-175100,JNU,ob,800.0,50000,4096,0.5,power,6.635313636889516e-05,0.008286503800945704,0.11908275007009574,152.43136416789693,3130.4015840621933,4536.28107767429,6167.477566239594,4536.272791170489,True
f1:JNU:jnu_ob800_2:B:acc_vertical:train:125100-175100,JNU,ob,800.0,50000,4096,0.5,log1p,0.008112745954426213,0.0871169957875886,0.29645576253261324,2.5912399225787404,4.04217354605591,4.224669342331388,4.37617567038819,4.137552346543799,True
f1:JNU:jnu_ob800_2:B:acc_vertical:train:125100-175100,JNU,ob,800.0,50000,4096,0.5,db,-41.781385334927066,-20.817320845272032,-9.241536666707958,21.83074336325565,34.95600054560976,36.566996850568785,37.901075784505046,57.38431769584082,True
f1:JNU:jnu_tb1000_2:B:acc_vertical:train:125100-175100,JNU,tb,1000.0,50000,256,0.25,magnitude,0.0009426783442220064,0.02790047594419999,0.08721334547144509,1.0877882447879204,27.736171183606306,52.120360309175126,106.09826478394679,52.092459833230926,True
f1:JNU:jnu_tb1000_2:B:acc_vertical:train:125100-175100,JNU,tb,1000.0,50000,256,0.25,power,8.886424606651437e-07,0.0007784370111130684,0.007606167645744078,1.1832832655006458,769.2952100125185,2716.5347207943114,11256.841790164483,2716.5339423573005,True
f1:JNU:jnu_tb1000_2:B:acc_vertical:train:125100-175100,JNU,tb,1000.0,50000,256,0.25,log1p,0.0009422343020290691,0.027518348847948716,0.08361785885619961,0.7361052495458407,3.358156638264633,3.972559798471701,4.67374677549189,3.9450414496237522,True
f1:JNU:jnu_tb1000_2:B:acc_vertical:train:125100-175100,JNU,tb,1000.0,50000,256,0.25,db,-60.51272847219286,-31.087770260348222,-21.188341076305154,0.7308872265886335,28.860930079110172,34.34014376936379,40.51416562319631,65.42791402971201,True
f1:JNU:jnu_tb1000_2:B:acc_vertical:train:125100-175100,JNU,tb,1000.0,50000,256,0.5,magnitude,0.0013027318015423894,0.024221726913599535,0.08688485367810085,1.0896661046198144,28.281813063986668,50.722264677981336,75.19868233081563,50.698042951067734,True
f1:JNU:jnu_tb1000_2:B:acc_vertical:train:125100-175100,JNU,tb,1000.0,50000,256,0.5,power,1.6971101467498795e-06,0.0005867312359098467,0.007548978465298104,1.1873722195573202,799.8609602044737,2572.7547612660746,5654.841824290923,2572.7541745348385,True
f1:JNU:jnu_tb1000_2:B:acc_vertical:train:125100-175100,JNU,tb,1000.0,50000,256,0.5,log1p,0.0013018839827095047,0.023933014696127616,0.08331567186695844,0.7370042946588496,3.3769666029189023,3.9458870994111015,4.333344170296574,3.921954084714974,True
f1:JNU:jnu_tb1000_2:B:acc_vertical:train:125100-175100,JNU,tb,1000.0,50000,256,0.5,db,-57.7028990328056,-32.31618533622937,-21.221118892379646,0.7458688378538375,29.030144892866858,34.10396151184998,37.524204614645086,66.42014684807936,True
f1:JNU:jnu_tb1000_2:B:acc_vertical:train:125100-175100,JNU,tb,1000.0,50000,512,0.25,magnitude,0.0033551790363957057,0.043384408909347985,0.14157167756482666,2.0120805928089327,35.71048385837611,62.76960286302963,127.89601230355628,62.726218454120286,True
f1:JNU:jnu_tb1000_2:B:acc_vertical:train:125100-175100,JNU,tb,1000.0,50000,512,0.25,power,1.1257226366269216e-05,0.0018822346048410425,0.020042540665947548,4.048468311958346,1275.2386611900076,3940.0435801174267,16357.389963151418,3940.041697882822,True
f1:JNU:jnu_tb1000_2:B:acc_vertical:train:125100-175100,JNU,tb,1000.0,50000,512,0.25,log1p,0.0033495629816193886,0.042469656204506656,0.13240597715330946,1.10263106682036,3.6030623765760112,4.155274106969035,4.859005973109397,4.1128044507645285,True
f1:JNU:jnu_tb1000_2:B:acc_vertical:train:125100-175100,JNU,tb,1000.0,50000,512,0.25,db,-49.485685749117245,-27.2533900985002,-16.98047259632943,6.072907443727949,31.055914681028966,35.95496497590212,42.137140074637045,63.20835507440232,True
f1:JNU:jnu_tb1000_2:B:acc_vertical:train:125100-175100,JNU,tb,1000.0,50000,512,0.5,magnitude,0.008089046215794841,0.04932926544463293,0.14985330829661736,2.161366624844451,31.02821487415587,63.60677238436096,127.89601230355628,63.557443118916325,True
f1:JNU:jnu_tb1000_2:B:acc_vertical:train:125100-175100,JNU,tb,1000.0,50000,512,0.5,power,6.543266868126484e-05,0.0024333806641134922,0.022456025414363645,4.671505687139415,962.7501229234806,4045.8372168157043,16357.389963151418,4045.83478343504,True
f1:JNU:jnu_tb1000_2:B:acc_vertical:train:125100-175100,JNU,tb,1000.0,50000,512,0.5,log1p,0.008056505247269512,0.048151163315293496,0.13963437192219116,1.151004410317134,3.4666172268700564,4.168317362408974,4.859005973109397,4.12016619909368,True
f1:JNU:jnu_tb1000_2:B:acc_vertical:train:125100-175100,JNU,tb,1000.0,50000,512,0.5,db,-41.84205355836605,-26.137914584205323,-16.48667549530141,6.694568819112757,29.83513578555887,36.0700503389577,42.137140074637045,62.20796492316302,True
f1:JNU:jnu_tb1000_2:B:acc_vertical:train:125100-175100,JNU,tb,1000.0,50000,1024,0.25,magnitude,0.003069518723800289,0.07263922440278786,0.23609837845535314,4.1295669016955205,43.51411144975857,73.87692471451733,164.39830645868227,73.80428549011454,True
f1:JNU:jnu_tb1000_2:B:acc_vertical:train:125100-175100,JNU,tb,1000.0,50000,1024,0.25,power,9.421945195760554e-06,0.005276472989978322,0.05574244489248934,17.053322797539078,1893.477901376079,5457.800265707159,27026.803166482812,5457.794989234169,True
f1:JNU:jnu_tb1000_2:B:acc_vertical:train:125100-175100,JNU,tb,1000.0,50000,1024,0.25,log1p,0.003064817369342569,0.07012216937526639,0.2119599498967192,1.6350212309607195,3.7958062485910378,4.315845738582492,5.108356543472373,4.245723569207226,True
f1:JNU:jnu_tb1000_2:B:acc_vertical:train:125100-175100,JNU,tb,1000.0,50000,1024,0.25,db,-50.25859397935977,-22.77658924497675,-12.538139955457412,12.318090126947093,32.77260238068986,37.37017596687558,44.3179467872687,60.146765211852326,True
f1:JNU:jnu_tb1000_2:B:acc_vertical:train:125100-175100,JNU,tb,1000.0,50000,1024,0.5,magnitude,0.003069518723800289,0.07213501437650888,0.23379553814459703,4.0878456563255385,45.219781618773524,88.44811370741112,164.39830645868227,88.37597869303461,True
f1:JNU:jnu_tb1000_2:B:acc_vertical:train:125100-175100,JNU,tb,1000.0,50000,1024,0.5,power,9.421945195760554e-06,0.0052035073446160375,0.054660355195367306,16.710482125775997,2044.8286969210546,7823.074416779658,27026.803166482812,7823.069213272313,True
f1:JNU:jnu_tb1000_2:B:acc_vertical:train:125100-175100,JNU,tb,1000.0,50000,1024,0.5,log1p,0.003064817369342569,0.06965198050408652,0.21009522092909974,1.626854490430146,3.83340786894991,4.493658371970928,5.108356543472373,4.4240063914668415,True
f1:JNU:jnu_tb1000_2:B:acc_vertical:train:125100-175100,JNU,tb,1000.0,50000,1024,0.5,db,-50.25859397935977,-22.837116707766878,-12.623275745750533,12.22988979405278,33.10656911288444,38.933768396915035,44.3179467872687,61.77088510468191,True
f1:JNU:jnu_tb1000_2:B:acc_vertical:train:125100-175100,JNU,tb,1000.0,50000,2048,0.25,magnitude,0.01759521141836067,0.1361495367929522,0.4356227632806334,7.709699800795477,56.23758917521345,95.13684455985432,197.25265545378164,95.00069502306137,True
f1:JNU:jnu_tb1000_2:B:acc_vertical:train:125100-175100,JNU,tb,1000.0,50000,2048,0.25,power,0.00030959146485680963,0.018537454641677054,0.1897672308435937,59.43947118854298,3162.66652664525,9051.060903588539,38908.610083568296,9051.042366133897,True
f1:JNU:jnu_tb1000_2:B:acc_vertical:train:125100-175100,JNU,tb,1000.0,50000,2048,0.25,log1p,0.017442207832389745,0.1276446525178308,0.3615987269986352,2.164437323109351,4.047210822170255,4.565770382074402,5.289542254895777,4.438125729556571,True
f1:JNU:jnu_tb1000_2:B:acc_vertical:train:125100-175100,JNU,tb,1000.0,50000,2048,0.25,db,-35.09211015974748,-17.319853811244393,-7.2177895785425825,17.740749345336823,35.000533772456905,39.56695482596633,45.900457169563765,56.88680863721072,True
f1:JNU:jnu_tb1000_2:B:acc_vertical:train:125100-175100,JNU,tb,1000.0,50000,2048,0.5,magnitude,0.01759521141836067,0.13750426181223624,0.42626698761906806,7.547124768928309,52.23858646347418,82.49506794000743,148.95219412929606,82.35756367819519,True
f1:JNU:jnu_tb1000_2:B:acc_vertical:train:125100-175100,JNU,tb,1000.0,50000,2048,0.5,power,0.00030959146485680963,0.018907551927657015,0.18170355559802545,56.95909227777118,2728.8699419988916,6805.436673685751,22186.7561359315,6805.4177661338235,True
f1:JNU:jnu_tb1000_2:B:acc_vertical:train:125100-175100,JNU,tb,1000.0,50000,2048,0.5,log1p,0.017442207832389745,0.12883656830153686,0.3550605301409554,2.1455949420565417,3.974783438262944,4.424787532012238,5.010316537494075,4.295950963710701,True
f1:JNU:jnu_tb1000_2:B:acc_vertical:train:125100-175100,JNU,tb,1000.0,50000,2048,0.5,db,-35.09211015974748,-17.233706566088404,-7.406366260142312,17.555630596098265,34.35982829310341,38.328559410497,43.46093809882534,55.56226597658541,True
f1:JNU:jnu_tb1000_2:B:acc_vertical:train:125100-175100,JNU,tb,1000.0,50000,4096,0.25,magnitude,0.0308314184117779,0.24230249169280163,0.7965548186958864,12.56202243040908,76.60795310817795,114.58576957435913,194.01561610510768,114.34346708266634,True
f1:JNU:jnu_tb1000_2:B:acc_vertical:train:125100-175100,JNU,tb,1000.0,50000,4096,0.25,power,0.0009505763612821172,0.05871104805813925,0.6344996013559666,157.80440754210085,5868.778511908516,13129.899073340614,37642.05929264452,13129.840362292556,True
f1:JNU:jnu_tb1000_2:B:acc_vertical:train:125100-175100,JNU,tb,1000.0,50000,4096,0.25,log1p,0.030365678970477976,0.21696632767420376,0.5858708378367522,2.607273418176304,4.35166990774777,4.7500128299612046,5.273079637947603,4.533046502287001,True
f1:JNU:jnu_tb1000_2:B:acc_vertical:train:125100-175100,JNU,tb,1000.0,50000,4096,0.25,db,-30.22012987026673,-12.312882998638289,-1.975686766572532,21.981191290734788,37.685477147131394,41.18261355729194,45.75673374451955,53.495496555930224,True
f1:JNU:jnu_tb1000_2:B:acc_vertical:train:125100-175100,JNU,tb,1000.0,50000,4096,0.5,magnitude,0.0308314184117779,0.23330696655081734,0.7649360144918219,12.29566881063317,79.05225496363396,114.49769944613097,182.48790395787532,114.26439247958015,True
f1:JNU:jnu_tb1000_2:B:acc_vertical:train:125100-175100,JNU,tb,1000.0,50000,4096,0.5,power,0.0009505763612821172,0.05443411139411371,0.5851272612728904,151.18347150077733,6249.25913462151,13109.731087803595,33301.83509093872,13109.6766536922,True
f1:JNU:jnu_tb1000_2:B:acc_vertical:train:125100-175100,JNU,tb,1000.0,50000,4096,0.5,log1p,0.030365678970477976,0.2096985055586141,0.5681144124389816,2.587438328855294,4.382679599138488,4.749250314746055,5.212148746836213,4.539551809187441,True
f1:JNU:jnu_tb1000_2:B:acc_vertical:train:125100-175100,JNU,tb,1000.0,50000,4096,0.5,db,-30.22012987026673,-12.641601690338105,-2.3274989743568963,21.795043134713175,37.95828517044404,41.17593259012577,45.224681658764545,53.817534280463875,True
f1:JNU:jnu_tb600_2:B:acc_vertical:train:125100-175100,JNU,tb,600.0,50000,256,0.25,magnitude,4.2250163549417685e-05,0.00955879492396518,0.032751977954498704,0.3870159252159443,8.055678007051489,20.11603533052642,41.92769604556857,20.106476535602454,True
f1:JNU:jnu_tb600_2:B:acc_vertical:train:125100-175100,JNU,tb,600.0,50000,256,0.25,power,1.7850763199525427e-09,9.137067010216798e-05,0.0010726920599356622,0.14978132661494128,64.89394951521511,404.6550147259164,1757.931695689586,404.6549233552463,True
f1:JNU:jnu_tb600_2:B:acc_vertical:train:125100-175100,JNU,tb,600.0,50000,256,0.25,log1p,4.224927103639683e-05,0.009513398649453953,0.03222706252359457,0.327154622974003,2.2033919567667133,3.0500325661201866,3.759517213094666,3.0405191674707326,True
f1:JNU:jnu_tb600_2:B:acc_vertical:train:125100-175100,JNU,tb,600.0,50000,256,0.25,db,-87.48341155312562,-40.391942235710374,-29.695249313634935,-8.245423283728606,18.122041883722524,26.070846320405522,32.45001996586585,66.4627885561159,True
f1:JNU:jnu_tb600_2:B:acc_vertical:train:125100-175100,JNU,tb,600.0,50000,256,0.5,magnitude,4.2250163549417685e-05,0.009061577348909222,0.032292994671399726,0.39056068582520953,7.530408870048279,19.58292355125519,40.897480955327964,19.57386197390628,True
f1:JNU:jnu_tb600_2:B:acc_vertical:train:125100-175100,JNU,tb,600.0,50000,256,0.5,power,1.7850763199525427e-09,8.211324659608108e-05,0.001042838210029159,0.15253764931225802,56.7070580283064,383.49102849304694,1672.6039484914136,383.49094637980033,True
f1:JNU:jnu_tb600_2:B:acc_vertical:train:125100-175100,JNU,tb,600.0,50000,256,0.5,log1p,4.224927103639683e-05,0.009020767083623074,0.03178253599910212,0.32970703690762304,2.1436372916260407,3.0244616203344927,3.735225704722888,3.01544085325087,True
f1:JNU:jnu_tb600_2:B:acc_vertical:train:125100-175100,JNU,tb,600.0,50000,256,0.5,db,-87.48341155312562,-40.85597984136355,-29.81783649384989,-8.166229503863832,17.53637112350177,25.837549055142812,32.23393117684668,66.69352889650636,True
f1:JNU:jnu_tb600_2:B:acc_vertical:train:125100-175100,JNU,tb,600.0,50000,512,0.25,magnitude,0.0005294438512592031,0.015939191053432212,0.05011467602259128,0.5950905318697458,11.238188805959195,25.38280457983784,66.11311918411077,25.366865388784404,True
f1:JNU:jnu_tb600_2:B:acc_vertical:train:125100-175100,JNU,tb,600.0,50000,512,0.25,power,2.803107916361772e-07,0.0002540580547643994,0.0025114808235883086,0.35413274112101695,126.29689417836902,644.2973576860908,4370.944528252436,644.297103628036,True
f1:JNU:jnu_tb600_2:B:acc_vertical:train:125100-175100,JNU,tb,600.0,50000,512,0.25,log1p,0.0005293037453133582,0.01581349592189065,0.04889937343341625,0.4669304944189759,2.504561270933736,3.272704846152293,4.206379541768498,3.2568913502304024,True
f1:JNU:jnu_tb600_2:B:acc_vertical:train:125100-175100,JNU,tb,600.0,50000,512,0.25,db,-65.52360018033656,-35.95067857884051,-26.00070156279409,-4.50833918815074,21.01392625793956,28.09072071096754,36.40575294885673,64.04139928980806,True
f1:JNU:jnu_tb600_2:B:acc_vertical:train:125100-175100,JNU,tb,600.0,50000,512,0.5,magnitude,0.0008268497960748714,0.01756991862823903,0.050935992342636335,0.5929691508066285,10.828753006582028,21.13014435074052,66.11311918411077,21.11257443211228,True
f1:JNU:jnu_tb600_2:B:acc_vertical:train:125100-175100,JNU,tb,600.0,50000,512,0.5,power,6.836805852690565e-07,0.00030870281918741387,0.002594475536056085,0.35161241550155764,117.26189174714281,446.4830954324401,4370.944528252436,446.4827867296209,True
f1:JNU:jnu_tb600_2:B:acc_vertical:train:125100-175100,JNU,tb,600.0,50000,512,0.5,log1p,0.0008265081440991769,0.017417351694340753,0.049681188268491376,0.4655996649369774,2.4705332627674212,3.096940579810996,4.206379541768498,3.0795232281166554,True
f1:JNU:jnu_tb600_2:B:acc_vertical:train:125100-175100,JNU,tb,600.0,50000,512,0.5,db,-61.651466476982336,-35.10461592478734,-25.859504920103277,-4.539358023426942,20.69156895726489,26.49804835407275,36.40575294885673,61.60266427886009,True
f1:JNU:jnu_tb600_2:B:acc_vertical:train:125100-175100,JNU,tb,600.0,50000,1024,0.25,magnitude,0.0029511938644243346,0.02402188872231585,0.07665077837028089,1.0209851172262345,14.989105990943026,31.069813241461173,72.20748660118207,31.045791352738856,True
f1:JNU:jnu_tb600_2:B:acc_vertical:train:125100-175100,JNU,tb,600.0,50000,1024,0.25,power,8.709545225415838e-06,0.000577052621828007,0.00587534247206908,1.0424106095989611,224.6732988160787,965.3395999861723,5213.921121259888,965.3390229335505,True
f1:JNU:jnu_tb600_2:B:acc_vertical:train:125100-175100,JNU,tb,600.0,50000,1024,0.25,log1p,0.0029468476407443892,0.023737901386630348,0.0738550912467187,0.7035850743299777,2.7719076139741152,3.467912124826192,4.293297691709868,3.444174223439562,True
f1:JNU:jnu_tb600_2:B:acc_vertical:train:125100-175100,JNU,tb,600.0,50000,1024,0.25,db,-50.60004491938141,-32.387868115921336,-22.309669080194617,0.18038823036664925,23.515514604062563,29.846744487751693,37.17164456664604,62.23461260367303,True
f1:JNU:jnu_tb600_2:B:acc_vertical:train:125100-175100,JNU,tb,600.0,50000,1024,0.5,magnitude,0.0029511938644243346,0.023747716382460572,0.07575667171445948,1.0229444782086574,15.552799719432056,31.758683063072887,60.10891081998363,31.734935346690428,True
f1:JNU:jnu_tb600_2:B:acc_vertical:train:125100-175100,JNU,tb,600.0,50000,1024,0.5,power,8.709545225415838e-06,0.0005639613855503676,0.0057390905074513245,1.0464154058190471,241.88957913093313,1008.6157213609375,3613.081159964745,1008.615157399552,True
f1:JNU:jnu_tb600_2:B:acc_vertical:train:125100-175100,JNU,tb,600.0,50000,1024,0.5,log1p,0.0029468476407443892,0.023470122035525592,0.07302428720588422,0.7045541124946946,2.8065552548200228,3.489167232436116,4.112657695478206,3.46569711040059,True
f1:JNU:jnu_tb600_2:B:acc_vertical:train:125100-175100,JNU,tb,600.0,50000,1024,0.5,db,-50.60004491938141,-32.48761935194898,-22.41159527785207,0.19704124732661,23.836171588213787,30.037242069342632,35.57877717154565,62.52486142129161,True
f1:JNU:jnu_tb600_2:B:acc_vertical:train:125100-175100,JNU,tb,600.0,50000,2048,0.25,magnitude,0.002517302260313067,0.042502534129618075,0.1264884442972617,1.7128537248813256,20.03800880252309,39.53557349720453,88.85892048117358,39.49307096307491,True
f1:JNU:jnu_tb600_2:B:acc_vertical:train:125100-175100,JNU,tb,600.0,50000,2048,0.25,power,6.336810669777276e-06,0.0018064669489864513,0.01599932696137341,2.9338678850458204,401.521796837683,1563.0615840326313,7895.90774907953,1563.0597775656825,True
f1:JNU:jnu_tb600_2:B:acc_vertical:train:125100-175100,JNU,tb,600.0,50000,2048,0.25,log1p,0.0025141391621821677,0.04162410479844757,0.11910522261345494,0.9980011157008526,3.046330744651168,3.7021799428007203,4.498240890228807,3.660555838002273,True
f1:JNU:jnu_tb600_2:B:acc_vertical:train:125100-175100,JNU,tb,600.0,50000,2048,0.25,db,-51.98129233957718,-27.43170718871846,-17.958983084374047,4.674405526378621,26.037091260339587,31.939760825721212,38.974020656630955,59.37146801443967,True
f1:JNU:jnu_tb600_2:B:acc_vertical:train:125100-175100,JNU,tb,600.0,50000,2048,0.5,magnitude,0.002517302260313067,0.043791127579149276,0.12579619963922004,1.7085483502540726,19.64596718159787,35.68138265910614,73.95062071402414,35.63759153152699,True
f1:JNU:jnu_tb600_2:B:acc_vertical:train:125100-175100,JNU,tb,600.0,50000,2048,0.5,power,6.336810669777276e-06,0.0019179290458558487,0.015824689143279943,2.919137465155913,385.9640325494347,1273.1637163757546,5468.694303989456,1273.1617984467086,True
f1:JNU:jnu_tb600_2:B:acc_vertical:train:125100-175100,JNU,tb,600.0,50000,2048,0.5,log1p,0.0025141391621821677,0.042859277982340696,0.1184905162533056,0.9964128272594459,3.027519999370457,3.6022683562987154,4.316829506222441,3.5594090783163748,True
f1:JNU:jnu_tb600_2:B:acc_vertical:train:125100-175100,JNU,tb,600.0,50000,2048,0.5,db,-51.98129233957718,-27.172872284173472,-18.006651026694595,4.6525454688981815,25.865468216516494,31.04882445280251,37.378836473105174,58.221696736975986,True
f1:JNU:jnu_tb600_2:B:acc_vertical:train:125100-175100,JNU,tb,600.0,50000,4096,0.25,magnitude,0.0010920727649125776,0.07365865420152741,0.21825213929866466,2.866603485148792,27.1422018283881,52.868672277806205,118.54667785820729,52.795013623604675,True
f1:JNU:jnu_tb600_2:B:acc_vertical:train:125100-175100,JNU,tb,600.0,50000,4096,0.25,power,1.1926229238638021e-06,0.005425982027080969,0.04763399631169661,8.217415541067199,736.699126834928,2795.0970068252623,14053.314831217574,2795.091580843235,True
f1:JNU:jnu_tb600_2:B:acc_vertical:train:125100-175100,JNU,tb,600.0,50000,4096,0.25,log1p,0.0010914768872390401,0.07107195217759786,0.19741715878124969,1.352376469262983,3.3372702898682522,3.9865490036929763,4.7837069047955705,3.9154770515153783,True
f1:JNU:jnu_tb600_2:B:acc_vertical:train:125100-175100,JNU,tb,600.0,50000,4096,0.25,db,-59.23496767633011,-22.655829814214787,-13.22082980960758,9.147352491104652,28.672901471651492,34.46396730224887,41.477787757086105,57.11979711646366,True
f1:JNU:jnu_tb600_2:B:acc_vertical:train:125100-175100,JNU,tb,600.0,50000,4096,0.5,magnitude,0.008310975230856438,0.07721330511564961,0.21061167489619678,2.788934869885968,26.112254395085834,52.171353624707024,118.54667785820729,52.094140319591375,True
f1:JNU:jnu_tb600_2:B:acc_vertical:train:125100-175100,JNU,tb,600.0,50000,4096,0.5,power,6.907230928790923e-05,0.005961894665377854,0.04435728120402779,7.778157708465861,681.8498812816368,2721.8733130909472,14053.314831217574,2721.867351196282,True
f1:JNU:jnu_tb600_2:B:acc_vertical:train:125100-175100,JNU,tb,600.0,50000,4096,0.5,log1p,0.00827662924409282,0.07437743337624322,0.1911257470927639,1.332084942626644,3.2999857822132586,3.97351566946517,4.7837069047955705,3.899138236088927,True
f1:JNU:jnu_tb600_2:B:acc_vertical:train:125100-175100,JNU,tb,600.0,50000,4096,0.5,db,-41.60696013574152,-22.24615726217555,-13.530351510716278,8.908767446052623,28.336887033733685,34.34860495999445,41.477787757086105,56.59476222217,True
f1:JNU:jnu_tb800_2:B:acc_vertical:train:125100-175100,JNU,tb,800.0,50000,256,0.25,magnitude,0.0002755455475433562,0.012658242424735485,0.04254252642873402,0.5303305854675131,12.046601204671129,31.027833931129223,62.113588788798495,31.01517568870449,True
f1:JNU:jnu_tb800_2:B:acc_vertical:train:125100-175100,JNU,tb,800.0,50000,256,0.25,power,7.592534877096796e-08,0.0001602328794801043,0.0018098666420698064,0.28125053025258406,145.12063965339152,962.7268583605643,3858.097912223954,962.7266981276848,True
f1:JNU:jnu_tb800_2:B:acc_vertical:train:125100-175100,JNU,tb,800.0,50000,256,0.25,log1p,0.0002755075918411604,0.012578795734290434,0.04166246655613081,0.4254837809187765,2.5685275410127546,3.4666051498610266,4.144936099591759,3.454026354126736,True
f1:JNU:jnu_tb800_2:B:acc_vertical:train:125100-175100,JNU,tb,800.0,50000,256,0.25,db,-71.19612889203219,-37.952579890023365,-27.42353464213639,-5.509066510672223,21.617289501615193,29.83502745231015,35.863732451337825,67.78760734233352,True
f1:JNU:jnu_tb800_2:B:acc_vertical:train:125100-175100,JNU,tb,800.0,50000,256,0.5,magnitude,0.0013536062349004396,0.012494117145591335,0.04187205165531485,0.5321104802677117,11.66964048990997,32.43767810459741,62.113588788798495,32.42518398745182,True
f1:JNU:jnu_tb800_2:B:acc_vertical:train:125100-175100,JNU,tb,800.0,50000,256,0.5,power,1.8322498391613442e-06,0.000156102988519588,0.0017532687199879105,0.2831415632107348,136.18050947193862,1052.2038508885994,3858.097912223954,1052.2036947856109,True
f1:JNU:jnu_tb800_2:B:acc_vertical:train:125100-175100,JNU,tb,800.0,50000,256,0.5,log1p,0.0013526909358574173,0.012416709742775344,0.04101914466930754,0.4266461837754869,2.539208618062084,3.5096829527035416,4.144936099591759,3.4972662429607664,True
f1:JNU:jnu_tb800_2:B:acc_vertical:train:125100-175100,JNU,tb,800.0,50000,256,0.5,db,-57.370152435896145,-38.065889161250645,-27.561515183190163,-5.4799637438494075,21.341149526486554,30.22099151785754,35.863732451337825,68.28688067910818,True
f1:JNU:jnu_tb800_2:B:acc_vertical:train:125100-175100,JNU,tb,800.0,50000,512,0.25,magnitude,0.00021431859011755705,0.020274829494411586,0.06442340667729891,0.8539568922931601,16.81485520111112,38.91274749508561,75.63367178118598,38.8924726655912,True
f1:JNU:jnu_tb800_2:B:acc_vertical:train:125100-175100,JNU,tb,800.0,50000,512,0.25,power,4.593245806997742e-08,0.00041106884492163006,0.004150375874262375,0.7292423738949918,282.7393561672179,1514.2056552939805,5720.4523071041685,1514.2052442251356,True
f1:JNU:jnu_tb800_2:B:acc_vertical:train:125100-175100,JNU,tb,800.0,50000,512,0.25,log1p,0.0002142956271693879,0.02007203162004144,0.062433250128257185,0.6173222156830375,2.8800326699504875,3.6866945856233344,4.339036559548681,3.666622554003293,True
f1:JNU:jnu_tb800_2:B:acc_vertical:train:125100-175100,JNU,tb,800.0,50000,512,0.25,db,-73.37879907463892,-33.86085715956896,-23.819126830978565,-1.3712810374680768,24.513862624746405,31.801827196408418,37.574303691286794,65.66268435597738,True
f1:JNU:jnu_tb800_2:B:acc_vertical:train:125100-175100,JNU,tb,800.0,50000,512,0.5,magnitude,0.00021431859011755705,0.020778200718963684,0.06272682783919445,0.8589480731736192,16.89941084821052,41.2392753344038,75.63367178118598,41.218497133684835,True
f1:JNU:jnu_tb800_2:B:acc_vertical:train:125100-175100,JNU,tb,800.0,50000,512,0.5,power,4.593245806997742e-08,0.000431733746765359,0.003934655438738285,0.7377917924111765,285.5900975091743,1700.6816644249552,5720.4523071041685,1700.6812326912084,True
f1:JNU:jnu_tb800_2:B:acc_vertical:train:125100-175100,JNU,tb,800.0,50000,512,0.5,log1p,0.0002142956271693879,0.020565278226932212,0.06083808383198551,0.6200107756826663,2.8847677824230913,3.743349410931254,4.339036559548681,3.722784132704322,True
f1:JNU:jnu_tb800_2:B:acc_vertical:train:125100-175100,JNU,tb,800.0,50000,512,0.5,db,-73.37879907463892,-33.64784243736796,-24.050934039475507,-1.320661803072754,24.557431128237255,32.306210731640235,37.574303691286794,65.9540531690082,True
f1:JNU:jnu_tb800_2:B:acc_vertical:train:125100-175100,JNU,tb,800.0,50000,1024,0.25,magnitude,0.0029724668217090164,0.035793009548037234,0.1055809416069592,1.5228867319637205,21.950001257795254,47.47323535765881,95.53248298324866,47.43744234811077,True
f1:JNU:jnu_tb800_2:B:acc_vertical:train:125100-175100,JNU,tb,800.0,50000,1024,0.25,power,8.835559006160901e-06,0.0012811864014991613,0.011147335238825416,2.319183998626568,481.8025559515463,2253.7121208952262,9126.455304944693,2253.7108397088246,True
f1:JNU:jnu_tb800_2:B:acc_vertical:train:125100-175100,JNU,tb,800.0,50000,1024,0.25,log1p,0.0029680577772041214,0.03516730429870192,0.10037093582484469,0.92540377444467,3.1333179906154136,3.8810109364211676,4.569879562929467,3.845843632122466,True
f1:JNU:jnu_tb800_2:B:acc_vertical:train:125100-175100,JNU,tb,800.0,50000,1024,0.25,db,-50.537659392211836,-28.92419452185974,-19.528289377593655,3.653352058807579,26.828690982709148,33.528968812253574,39.603021312677726,62.45316333411331,True
f1:JNU:jnu_tb800_2:B:acc_vertical:train:125100-175100,JNU,tb,800.0,50000,1024,0.5,magnitude,0.0029724668217090164,0.03530386791933715,0.10384114233198596,1.510605043128285,22.17516935534804,44.84109330462063,77.8446495050938,44.80578943670129,True
f1:JNU:jnu_tb800_2:B:acc_vertical:train:125100-175100,JNU,tb,800.0,50000,1024,0.5,power,8.835559006160901e-06,0.00124638786120903,0.010783013710335935,2.2819275989297365,491.738271515218,2010.724524395857,6059.7894565709,2010.723278007996,True
f1:JNU:jnu_tb800_2:B:acc_vertical:train:125100-175100,JNU,tb,800.0,50000,1024,0.5,log1p,0.0029680577772041214,0.03469496426627083,0.09879603201889092,0.9205237769275807,3.1430812928796183,3.8251807141198517,4.367479454481366,3.790485749853581,True
f1:JNU:jnu_tb800_2:B:acc_vertical:train:125100-175100,JNU,tb,800.0,50000,1024,0.5,db,-50.537659392211836,-29.04364019859335,-19.672623281869612,3.5830186005776246,26.917337708467574,33.03352196603725,37.82457535151244,62.0771621646306,True
f1:JNU:jnu_tb800_2:B:acc_vertical:train:125100-175100,JNU,tb,800.0,50000,2048,0.25,magnitude,0.005801821804725643,0.053946164701301,0.17403597295023732,2.640561253757859,29.575701835580816,56.50029001659116,127.47364015117626,56.44634385188986,True
f1:JNU:jnu_tb800_2:B:acc_vertical:train:125100-175100,JNU,tb,800.0,50000,2048,0.25,power,3.366113625378992e-05,0.0029102089907408527,0.030288520320542314,6.972563734865517,874.7221394593917,3192.306875209142,16249.528933391575,3192.3039650001515,True
f1:JNU:jnu_tb800_2:B:acc_vertical:train:125100-175100,JNU,tb,800.0,50000,2048,0.25,log1p,0.005785056053277273,0.052541362542039866,0.16044736213147456,1.2921378603546319,3.420205635657034,4.051786342314434,4.855723748281909,3.999244979772394,True
f1:JNU:jnu_tb800_2:B:acc_vertical:train:125100-175100,JNU,tb,800.0,50000,2048,0.25,db,-44.72871213245963,-25.360818771894234,-15.187219547698811,8.433924927892745,29.418701183914656,35.040980711754855,42.10840775494407,60.401799483649086,True
f1:JNU:jnu_tb800_2:B:acc_vertical:train:125100-175100,JNU,tb,800.0,50000,2048,0.5,magnitude,0.01386735647624612,0.057412480328572754,0.16945083112996298,2.5654605296364585,29.6231498044862,58.51863409492727,104.62525783013312,58.4612216145987,True
f1:JNU:jnu_tb800_2:B:acc_vertical:train:125100-175100,JNU,tb,800.0,50000,2048,0.5,power,0.00019230357563928519,0.003296196597341982,0.028713584176699704,6.581587729122578,877.5311410469311,3424.5342697097635,10946.444576021831,3424.5309735131664,True
f1:JNU:jnu_tb800_2:B:acc_vertical:train:125100-175100,JNU,tb,800.0,50000,2048,0.5,log1p,0.013772084458732006,0.05582486594042383,0.15653426351387642,1.2712932263468262,3.4217561796234404,4.086274708490774,4.659897526669702,4.03044984255035,True
f1:JNU:jnu_tb800_2:B:acc_vertical:train:125100-175100,JNU,tb,800.0,50000,2048,0.5,db,-37.16012634271896,-24.819878661321468,-15.419125929281641,8.18330674623213,29.432624019763274,35.345751215596486,40.392730824874036,60.165629876917954,True
f1:JNU:jnu_tb800_2:B:acc_vertical:train:125100-175100,JNU,tb,800.0,50000,4096,0.25,magnitude,0.005833954952767102,0.10001325896919049,0.31686748217643784,4.771216767049745,38.62895580519601,70.64364494553655,146.7923399034507,70.54363168656737,True
f1:JNU:jnu_tb800_2:B:acc_vertical:train:125100-175100,JNU,tb,800.0,50000,4096,0.25,power,3.40350303909158e-05,0.010002694027806973,0.10040500170858949,22.764509438176624,1492.196229368847,4990.535363671352,21547.991054330207,4990.5253609773235,True
f1:JNU:jnu_tb800_2:B:acc_vertical:train:125100-175100,JNU,tb,800.0,50000,4096,0.25,log1p,0.005817003335598913,0.09532221596421847,0.2752557965948102,1.752882936459865,3.679560057378886,4.271703401716009,4.995808179724807,4.176381185751791,True
f1:JNU:jnu_tb800_2:B:acc_vertical:train:125100-175100,JNU,tb,800.0,50000,4096,0.25,db,-44.68073842375922,-19.998866632462278,-9.982446557268387,13.572582959719481,31.73825936626398,36.98145257651027,43.33406786576763,56.980319208972546,True
f1:JNU:jnu_tb800_2:B:acc_vertical:train:125100-175100,JNU,tb,800.0,50000,4096,0.5,magnitude,0.016887310638616697,0.09180724788049908,0.3135810031312259,4.839220168068398,40.93099149000014,69.5308095542705,146.7923399034507,69.43900230639001,True
f1:JNU:jnu_tb800_2:B:acc_vertical:train:125100-175100,JNU,tb,800.0,50000,4096,0.5,power,0.00028518126060513667,0.008432710592799984,0.09833305584589906,23.41805183503994,1675.346889890131,4834.592660985443,21547.991054330207,4834.584228274851,True
f1:JNU:jnu_tb800_2:B:acc_vertical:train:125100-175100,JNU,tb,800.0,50000,4096,0.5,log1p,0.016746305261944674,0.08783261721404961,0.2727569949363442,1.7645972550588287,3.736024972334706,4.256043649664119,4.995808179724807,4.16821103245007,True
f1:JNU:jnu_tb800_2:B:acc_vertical:train:125100-175100,JNU,tb,800.0,50000,4096,0.5,db,-35.44879010433978,-20.744525729971926,-10.07300555161495,13.695507629795745,32.24104315661914,36.84349227173609,43.33406786576763,57.588018001708015,True
f1:MAFAULDA:mafaulda_horizontal-misalignment_0.5mm_12.288:col3_underhang_radial:train:100000-150000,MAFAULDA,horizontal-misalignment,737.28,50000,256,0.25,magnitude,0.0004173009862045163,0.007926703347702055,0.027339038985976487,0.31910089924821067,18.434904352494254,30.2016551442324,42.00951086037183,30.193728440884698,True
f1:MAFAULDA:mafaulda_horizontal-misalignment_0.5mm_12.288:col3_underhang_radial:train:100000-150000,MAFAULDA,horizontal-misalignment,737.28,50000,256,0.25,power,1.7414011308726187e-07,6.283264759575508e-05,0.0007474234844887941,0.10182538390108312,339.8457008469584,912.1411156135645,1764.799002727699,912.1410527809169,True
f1:MAFAULDA:mafaulda_horizontal-misalignment_0.5mm_12.288:col3_underhang_radial:train:100000-150000,MAFAULDA,horizontal-misalignment,737.28,50000,256,0.25,log1p,0.00041721394036334095,0.007895452061835555,0.0269720018573015,0.2769503675859347,2.9670706397613458,3.4404705560566122,3.761421274035598,3.4325751039947767,True
f1:MAFAULDA:mafaulda_horizontal-misalignment_0.5mm_12.288:col3_underhang_radial:train:100000-150000,MAFAULDA,horizontal-misalignment,737.28,50000,256,0.25,db,-67.59100969699449,-42.01814927981702,-31.264337591760523,-9.921439435943668,25.31281774303326,29.600609445370374,32.466952496822834,71.61875872518739,True
f1:MAFAULDA:mafaulda_horizontal-misalignment_0.5mm_12.288:col3_underhang_radial:train:100000-150000,MAFAULDA,horizontal-misalignment,737.28,50000,256,0.5,magnitude,0.0004173009862045163,0.007571283696760995,0.027014757131447516,0.3176248602651192,18.391316890644696,30.235947471691127,42.00951086037183,30.228376187994364,True
f1:MAFAULDA:mafaulda_horizontal-misalignment_0.5mm_12.288:col3_underhang_radial:train:100000-150000,MAFAULDA,horizontal-misalignment,737.28,50000,256,0.5,power,1.7414011308726187e-07,5.732434517952667e-05,0.0007297976013733437,0.1008855518584365,338.2405496446715,914.2138983760375,1764.799002727699,914.2138410516923,True
f1:MAFAULDA:mafaulda_horizontal-misalignment_0.5mm_12.288:col3_underhang_radial:train:100000-150000,MAFAULDA,horizontal-misalignment,737.28,50000,256,0.5,log1p,0.00041721394036334095,0.00754276538059765,0.026656299770888695,0.27583076754264174,2.964825366069998,3.4415688865906335,3.761421274035598,3.434026121210036,True
f1:MAFAULDA:mafaulda_horizontal-misalignment_0.5mm_12.288:col3_underhang_radial:train:100000-150000,MAFAULDA,horizontal-misalignment,737.28,50000,256,0.5,db,-67.59100969699449,-42.41661012763466,-31.367981587021443,-9.96171025733894,25.292256388265084,29.610465084388732,32.466952496822834,72.02707521202339,True
f1:MAFAULDA:mafaulda_horizontal-misalignment_0.5mm_12.288:col3_underhang_radial:train:100000-150000,MAFAULDA,horizontal-misalignment,737.28,50000,512,0.25,magnitude,0.0010619481813449738,0.013037061672637755,0.04494727643478286,0.48119109740239485,19.701780694029594,53.07526447441562,70.38000517949996,53.06222741274298,True
f1:MAFAULDA:mafaulda_horizontal-misalignment_0.5mm_12.288:col3_underhang_radial:train:100000-150000,MAFAULDA,horizontal-misalignment,737.28,50000,512,0.25,power,1.1277339398618973e-06,0.0001699780300879284,0.0020202576995025675,0.23154487221932105,388.1602574368915,2816.9841992578195,4953.345129066442,2816.9840292797894,True
f1:MAFAULDA:mafaulda_horizontal-misalignment_0.5mm_12.288:col3_underhang_radial:train:100000-150000,MAFAULDA,horizontal-misalignment,737.28,50000,512,0.25,log1p,0.0010613847132557022,0.012952804291696512,0.04396643095292341,0.3928465596438995,3.030219609705443,3.9903767771701615,4.268017790624354,3.977423972878465,True
f1:MAFAULDA:mafaulda_horizontal-misalignment_0.5mm_12.288:col3_underhang_radial:train:100000-150000,MAFAULDA,horizontal-misalignment,737.28,50000,512,0.25,db,-59.47793267212353,-37.69673874926593,-26.945932449204918,-6.353648322460566,25.89010854830495,34.49784256749469,36.94898588921949,72.19458131676063,True
f1:MAFAULDA:mafaulda_horizontal-misalignment_0.5mm_12.288:col3_underhang_radial:train:100000-150000,MAFAULDA,horizontal-misalignment,737.28,50000,512,0.5,magnitude,0.0010619481813449738,0.01236038251540027,0.044386283266772616,0.4814563891002741,19.89945052526623,53.05735326975191,69.89251716536113,53.0449928872365,True
f1:MAFAULDA:mafaulda_horizontal-misalignment_0.5mm_12.288:col3_underhang_radial:train:100000-150000,MAFAULDA,horizontal-misalignment,737.28,50000,512,0.5,power,1.1277339398618973e-06,0.00015277990201080925,0.001970142179885616,0.2318002548301658,395.9881615099157,2815.082982947867,4884.9639557103,2815.082830167965,True
f1:MAFAULDA:mafaulda_horizontal-misalignment_0.5mm_12.288:col3_underhang_radial:train:100000-150000,MAFAULDA,horizontal-misalignment,737.28,50000,512,0.5,log1p,0.0010613847132557022,0.012284616265590168,0.0434294241380041,0.39302565055766436,3.039722833281923,3.9900455382870796,4.261164887282251,3.9777609220214893,True
f1:MAFAULDA:mafaulda_horizontal-misalignment_0.5mm_12.288:col3_underhang_radial:train:100000-150000,MAFAULDA,horizontal-misalignment,737.28,50000,512,0.5,db,-59.47793267212353,-38.159385837583734,-27.055024454787798,-6.348860915910226,25.976821359596723,34.49491125317192,36.88861363574178,72.65429709075565,True
f1:MAFAULDA:mafaulda_horizontal-misalignment_0.5mm_12.288:col3_underhang_radial:train:100000-150000,MAFAULDA,horizontal-misalignment,737.28,50000,1024,0.25,magnitude,0.004239355232858344,0.021145658771228683,0.0700924251289167,0.7132801558970177,15.887685117554119,97.27799370721839,142.92011900393777,97.25684804844715,True
f1:MAFAULDA:mafaulda_horizontal-misalignment_0.5mm_12.288:col3_underhang_radial:train:100000-150000,MAFAULDA,horizontal-misalignment,737.28,50000,1024,0.25,power,1.7972132790363422e-05,0.0004471391276325919,0.004912948061494848,0.5087685809202991,252.41853868260162,9463.014230041446,20426.160416099734,9463.013782902319,True
f1:MAFAULDA:mafaulda_horizontal-misalignment_0.5mm_12.288:col3_underhang_radial:train:100000-150000,MAFAULDA,horizontal-misalignment,737.28,50000,1024,0.25,log1p,0.0042303944827384,0.02092519174209539,0.06774502336809697,0.5384097528820093,2.8265846645305466,4.5877998139683855,4.969258416517546,4.56687462222629,True
f1:MAFAULDA:mafaulda_horizontal-misalignment_0.5mm_12.288:col3_underhang_radial:train:100000-150000,MAFAULDA,horizontal-misalignment,737.28,50000,1024,0.25,db,-47.45400360714889,-33.495577922976096,-23.086578260427373,-2.9347971654176117,24.02121247177095,39.760289267992434,43.10186738301434,73.25586719096853,True
f1:MAFAULDA:mafaulda_horizontal-misalignment_0.5mm_12.288:col3_underhang_radial:train:100000-150000,MAFAULDA,horizontal-misalignment,737.28,50000,1024,0.5,magnitude,0.004317253872045897,0.02107169206619317,0.0695806838901003,0.7142954717628685,16.29789436569241,94.26897360710349,142.92011900393777,94.2479019150373,True
f1:MAFAULDA:mafaulda_horizontal-misalignment_0.5mm_12.288:col3_underhang_radial:train:100000-150000,MAFAULDA,horizontal-misalignment,737.28,50000,1024,0.5,power,1.8638680995695293e-05,0.00044401884606608646,0.0048414733496402965,0.5102180210731253,265.62381407763337,8886.749249022914,20426.160416099734,8886.748805004068,True
f1:MAFAULDA:mafaulda_horizontal-misalignment_0.5mm_12.288:col3_underhang_radial:train:100000-150000,MAFAULDA,horizontal-misalignment,737.28,50000,1024,0.5,log1p,0.004307961267636063,0.02085275295030796,0.06726668667472743,0.5390021925624774,2.8505806806040592,4.556698123253687,4.969258416517546,4.535845370303379,True
f1:MAFAULDA:mafaulda_horizontal-misalignment_0.5mm_12.288:col3_underhang_radial:train:100000-150000,MAFAULDA,horizontal-misalignment,737.28,50000,1024,0.5,db,-47.29584804511071,-33.526037506187635,-23.150227723321223,-2.9224420606262713,24.242589850158826,39.48732173131321,43.10186738301434,73.01335923750085,True
f1:MAFAULDA:mafaulda_horizontal-misalignment_0.5mm_12.288:col3_underhang_radial:train:100000-150000,MAFAULDA,horizontal-misalignment,737.28,50000,2048,0.25,magnitude,0.0035704717708919457,0.034305826125719245,0.10746529635381019,1.0343947509645002,17.447732812804624,162.41077142150917,247.93224836435746,162.37646559538345,True
f1:MAFAULDA:mafaulda_horizontal-misalignment_0.5mm_12.288:col3_underhang_radial:train:100000-150000,MAFAULDA,horizontal-misalignment,737.28,50000,2048,0.25,power,1.2748268666736267e-05,0.0011769029082096631,0.011548792768997385,1.0699725009392353,304.4233814432347,26377.62817523089,61470.399779005435,26377.62699832798,True
f1:MAFAULDA:mafaulda_horizontal-misalignment_0.5mm_12.288:col3_underhang_radial:train:100000-150000,MAFAULDA,horizontal-misalignment,737.28,50000,2048,0.25,log1p,0.003564112768489166,0.033730496132325045,0.10207388616420146,0.710198354969038,2.91494147849167,5.096260171181727,5.517180764517909,5.062529675049402,True
f1:MAFAULDA:mafaulda_horizontal-misalignment_0.5mm_12.288:col3_underhang_radial:train:100000-150000,MAFAULDA,horizontal-misalignment,737.28,50000,2048,0.25,db,-48.94548768121727,-29.292690981684324,-19.374636249772102,0.2937261613847426,24.83478002423413,44.21223564934369,47.88666037608786,73.50492663102801,True
f1:MAFAULDA:mafaulda_horizontal-misalignment_0.5mm_12.288:col3_underhang_radial:train:100000-150000,MAFAULDA,horizontal-misalignment,737.28,50000,2048,0.5,magnitude,0.008125444012023959,0.03486962481530727,0.10780318924114404,1.040899603535691,17.452609769253772,163.08498864950067,247.93224836435746,163.05011902468536,True
f1:MAFAULDA:mafaulda_horizontal-misalignment_0.5mm_12.288:col3_underhang_radial:train:100000-150000,MAFAULDA,horizontal-misalignment,737.28,50000,2048,0.5,power,6.602284039253601e-05,0.00121589148848194,0.011621537856346181,1.0834719846407588,304.5936890080294,26596.724583712272,61470.399779005435,26596.723367820785,True
f1:MAFAULDA:mafaulda_horizontal-misalignment_0.5mm_12.288:col3_underhang_radial:train:100000-150000,MAFAULDA,horizontal-misalignment,737.28,50000,2048,0.5,log1p,0.008092610330741021,0.03427545206900038,0.10237894133422346,0.7133906927774221,2.9152056627712675,5.100384311503588,5.517180764517909,5.066108859434588,True
f1:MAFAULDA:mafaulda_horizontal-misalignment_0.5mm_12.288:col3_underhang_radial:train:100000-150000,MAFAULDA,horizontal-misalignment,737.28,50000,2048,0.5,db,-41.80305784973803,-29.151057173866594,-19.34737163990399,0.34817686322369257,24.837206121188125,44.24827794716977,47.88666037608786,73.39933512103636,True
f1:MAFAULDA:mafaulda_horizontal-misalignment_0.5mm_12.288:col3_underhang_radial:train:100000-150000,MAFAULDA,horizontal-misalignment,737.28,50000,4096,0.25,magnitude,0.004347198038246015,0.05121472762697135,0.15576759465191833,1.4896468862992847,22.34589271407049,200.59511171320798,479.748151267958,200.543896985581,True
f1:MAFAULDA:mafaulda_horizontal-misalignment_0.5mm_12.288:col3_underhang_radial:train:100000-150000,MAFAULDA,horizontal-misalignment,737.28,50000,4096,0.25,power,1.889813078373e-05,0.002622951613787716,0.024263543639673108,2.219047845861154,499.3389231364271,40239.06688566241,230158.2886450235,40239.064262710795,True
f1:MAFAULDA:mafaulda_horizontal-misalignment_0.5mm_12.288:col3_underhang_radial:train:100000-150000,MAFAULDA,horizontal-misalignment,737.28,50000,4096,0.25,log1p,0.004337776268517727,0.04994637746211618,0.14476470731380006,0.9121408876890291,3.1504210659590957,5.306253036691572,6.175343538945027,5.256306659229456,True
f1:MAFAULDA:mafaulda_horizontal-misalignment_0.5mm_12.288:col3_underhang_radial:train:100000-150000,MAFAULDA,horizontal-misalignment,737.28,50000,4096,0.25,db,-47.235811298387766,-25.812108073591077,-16.150457739184784,3.4616666640454152,26.983954169557606,46.046334518804095,53.62026619673266,71.85844259239516,True
f1:MAFAULDA:mafaulda_horizontal-misalignment_0.5mm_12.288:col3_underhang_radial:train:100000-150000,MAFAULDA,horizontal-misalignment,737.28,50000,4096,0.5,magnitude,0.004522376548209195,0.05341100181295573,0.16172184617356128,1.4819488372073983,22.256908239335633,192.54024109085597,479.748151267958,192.48683008904302,True
f1:MAFAULDA:mafaulda_horizontal-misalignment_0.5mm_12.288:col3_underhang_radial:train:100000-150000,MAFAULDA,horizontal-misalignment,737.28,50000,4096,0.5,power,2.045188964379251e-05,0.0028527359054110225,0.026153956675454816,2.19617235610036,495.3719465374631,37071.751669799094,230158.2886450235,37071.74881706319,True
f1:MAFAULDA:mafaulda_horizontal-misalignment_0.5mm_12.288:col3_underhang_radial:train:100000-150000,MAFAULDA,horizontal-misalignment,737.28,50000,4096,0.5,log1p,0.004512181329576285,0.05203347175444636,0.14990325428471385,0.9090440730354646,3.1466003815691024,5.265485358563444,6.175343538945027,5.213451886808998,True
f1:MAFAULDA:mafaulda_horizontal-misalignment_0.5mm_12.288:col3_underhang_radial:train:100000-150000,MAFAULDA,horizontal-misalignment,737.28,50000,4096,0.5,db,-46.89266540139247,-25.447386707259174,-15.824626375238601,3.416664207027766,26.949279302778,45.690429378092134,53.62026619673266,71.1378160853513,True
f1:MAFAULDA:mafaulda_horizontal-misalignment_0.5mm_62.0544:col3_underhang_radial:train:100000-150000,MAFAULDA,horizontal-misalignment,3723.264,50000,256,0.25,magnitude,0.0008348335457970535,0.019641848642178685,0.0723676975189363,0.8917251783237268,23.956290108223104,34.28565977204731,46.87604857036288,34.26601792340513,True
f1:MAFAULDA:mafaulda_horizontal-misalignment_0.5mm_62.0544:col3_underhang_radial:train:100000-150000,MAFAULDA,horizontal-misalignment,3723.264,50000,256,0.25,power,6.96947049188081e-07,0.00038580436421478627,0.005237086105654589,0.7951737940060518,573.9038453410951,1175.5066608153516,2197.36392957102,1175.5062750109873,True
f1:MAFAULDA:mafaulda_horizontal-misalignment_0.5mm_62.0544:col3_underhang_radial:train:100000-150000,MAFAULDA,horizontal-misalignment,3723.264,50000,256,0.25,log1p,0.0008344852660960321,0.01945143582175254,0.06986900418374882,0.637489205444608,3.2171258912695113,3.5634765644054163,3.86861534951397,3.5440251285836637,True
f1:MAFAULDA:mafaulda_horizontal-misalignment_0.5mm_62.0544:col3_underhang_radial:train:100000-150000,MAFAULDA,horizontal-misalignment,3723.264,50000,256,0.25,db,-61.568001122904484,-34.136376890797884,-22.809106926626498,-0.9953794140285545,27.588391201570236,30.702249503706042,33.419019911578474,64.83862639450393,True
f1:MAFAULDA:mafaulda_horizontal-misalignment_0.5mm_62.0544:col3_underhang_radial:train:100000-150000,MAFAULDA,horizontal-misalignment,3723.264,50000,256,0.5,magnitude,0.0008348335457970535,0.020204747141975548,0.07155226344937718,0.892139051392227,23.89481733772011,34.28778110638198,46.61984272375965,34.26757635924,True
f1:MAFAULDA:mafaulda_horizontal-misalignment_0.5mm_62.0544:col3_underhang_radial:train:100000-150000,MAFAULDA,horizontal-misalignment,3723.264,50000,256,0.5,power,6.96947049188081e-07,0.0004082786698171574,0.005119726650116955,0.7959120870190227,570.962321367359,1175.6522523084411,2173.409735588086,1175.6518440297714,True
f1:MAFAULDA:mafaulda_horizontal-misalignment_0.5mm_62.0544:col3_underhang_radial:train:100000-150000,MAFAULDA,horizontal-misalignment,3723.264,50000,256,0.5,log1p,0.0008344852660960321,0.02000331713707943,0.0691083106028164,0.6377079623224606,3.2146596219775576,3.5635366315173376,3.86324953831827,3.5435333143802583,True
f1:MAFAULDA:mafaulda_horizontal-misalignment_0.5mm_62.0544:col3_underhang_radial:train:100000-150000,MAFAULDA,horizontal-misalignment,3723.264,50000,256,0.5,db,-61.568001122904484,-33.89142428271231,-22.90753266460809,-0.9913489979192225,27.56607410281199,30.702786443834857,33.37141608112783,64.59421072654716,True
f1:MAFAULDA:mafaulda_horizontal-misalignment_0.5mm_62.0544:col3_underhang_radial:train:100000-150000,MAFAULDA,horizontal-misalignment,3723.264,50000,512,0.25,magnitude,0.002472505985931406,0.02947327278357531,0.10800001694665458,1.239158768974064,38.62042879948467,46.098344069467544,69.98936889501863,46.06887079668397,True
f1:MAFAULDA:mafaulda_horizontal-misalignment_0.5mm_62.0544:col3_underhang_radial:train:100000-150000,MAFAULDA,horizontal-misalignment,3723.264,50000,512,0.25,power,6.113285850466633e-06,0.0008686826450830746,0.011664003668575026,1.5355144547253177,1491.5375295707129,2125.0573296834987,4898.511758323001,2125.0564610008537,True
f1:MAFAULDA:mafaulda_horizontal-misalignment_0.5mm_62.0544:col3_underhang_radial:train:100000-150000,MAFAULDA,horizontal-misalignment,3723.264,50000,512,0.25,log1p,0.002469454372060169,0.02904728162344654,0.10255660361660869,0.8061002457654001,3.6793448611761765,3.8522378418013323,4.262530131957103,3.8231905601778857,True
f1:MAFAULDA:mafaulda_horizontal-misalignment_0.5mm_62.0544:col3_underhang_radial:train:100000-150000,MAFAULDA,horizontal-misalignment,3723.264,50000,512,0.25,db,-52.137252614771995,-30.611476860377998,-19.331523522300518,1.8625390914478377,31.73634180219612,33.273706493924266,36.90064154862144,63.885183354302264,True
f1:MAFAULDA:mafaulda_horizontal-misalignment_0.5mm_62.0544:col3_underhang_radial:train:100000-150000,MAFAULDA,horizontal-misalignment,3723.264,50000,512,0.5,magnitude,0.005792429268232979,0.02778425686013446,0.10909802634871486,1.2378437507045663,38.60955899402889,45.86897456067259,65.74133991608844,45.84119030381245,True
f1:MAFAULDA:mafaulda_horizontal-misalignment_0.5mm_62.0544:col3_underhang_radial:train:100000-150000,MAFAULDA,horizontal-misalignment,3723.264,50000,512,0.5,power,3.355223682748205e-05,0.0007719827190814221,0.011902379376211471,1.532257155058463,1490.6980980474793,2103.9629411114756,4321.923773962682,2103.9621691287566,True
f1:MAFAULDA:mafaulda_horizontal-misalignment_0.5mm_62.0544:col3_underhang_radial:train:100000-150000,MAFAULDA,horizontal-misalignment,3723.264,50000,512,0.5,log1p,0.0057757176526651985,0.027405269718289774,0.10354709611055148,0.8055127905771611,3.67907046119113,3.847355907413608,4.200824549778698,3.8199506376953183,True
f1:MAFAULDA:mafaulda_horizontal-misalignment_0.5mm_62.0544:col3_underhang_radial:train:100000-150000,MAFAULDA,horizontal-misalignment,3723.264,50000,512,0.5,db,-44.742785064177724,-31.124125004689812,-19.243662120408825,1.8533165587834222,31.733896668668717,33.23038038953403,36.35677102937411,64.35450539422384,True
f1:MAFAULDA:mafaulda_horizontal-misalignment_0.5mm_62.0544:col3_underhang_radial:train:100000-150000,MAFAULDA,horizontal-misalignment,3723.264,50000,1024,0.25,magnitude,0.0018826009430526706,0.04845631569658415,0.1542771996620087,1.7411026322649157,47.55786189832713,95.59606632940297,99.12278318863075,95.54761001370639,True
f1:MAFAULDA:mafaulda_horizontal-misalignment_0.5mm_62.0544:col3_underhang_radial:train:100000-150000,MAFAULDA,horizontal-misalignment,3723.264,50000,1024,0.25,power,3.5441863107828045e-06,0.002348015765354867,0.023801454504269924,3.0314383762077997,2261.750229539457,9138.60790233649,9825.3261470603,9138.605554320724,True
f1:MAFAULDA:mafaulda_horizontal-misalignment_0.5mm_62.0544:col3_underhang_radial:train:100000-150000,MAFAULDA,horizontal-misalignment,3723.264,50000,1024,0.25,log1p,0.001880831070857851,0.04731890631244056,0.14347434685672808,1.0083602599766763,3.882756115427281,4.570538018910799,4.606397264705276,4.523219112598358,True
f1:MAFAULDA:mafaulda_horizontal-misalignment_0.5mm_62.0544:col3_underhang_radial:train:100000-150000,MAFAULDA,horizontal-misalignment,3723.264,50000,1024,0.25,db,-54.504834100552586,-26.292994462833864,-16.233965080392338,4.816487442335755,33.54444642605559,39.60880043607182,39.92346975487796,65.90179489890568,True
f1:MAFAULDA:mafaulda_horizontal-misalignment_0.5mm_62.0544:col3_underhang_radial:train:100000-150000,MAFAULDA,horizontal-misalignment,3723.264,50000,1024,0.5,magnitude,0.005306614938008991,0.04670416986725185,0.15946684567605537,1.7371114782593184,47.242984891129694,95.54158133647128,99.12278318863075,95.49487716660403,True
f1:MAFAULDA:mafaulda_horizontal-misalignment_0.5mm_62.0544:col3_underhang_radial:train:100000-150000,MAFAULDA,horizontal-misalignment,3723.264,50000,1024,0.5,power,2.8160162100300168e-05,0.0021814072129512077,0.025429683593234723,3.017556292592654,2231.899708417575,9128.196168776507,9825.3261470603,9128.193987369294,True
f1:MAFAULDA:mafaulda_horizontal-misalignment_0.5mm_62.0544:col3_underhang_radial:train:100000-150000,MAFAULDA,horizontal-misalignment,3723.264,50000,1024,0.5,log1p,0.0052925844712603635,0.045646283416261604,0.14796028042165285,1.0069031590070177,3.876250407667789,4.569973681170552,4.606397264705276,4.52432739775429,True
f1:MAFAULDA:mafaulda_horizontal-misalignment_0.5mm_62.0544:col3_underhang_radial:train:100000-150000,MAFAULDA,horizontal-misalignment,3723.264,50000,1024,0.5,db,-45.50364833195148,-26.613139643801556,-15.946593408723606,4.796553793193565,33.48674641600039,39.60384735837219,39.92346975487796,66.21698700217375,True
f1:MAFAULDA:mafaulda_horizontal-misalignment_0.5mm_62.0544:col3_underhang_radial:train:100000-150000,MAFAULDA,horizontal-misalignment,3723.264,50000,2048,0.25,magnitude,0.004195588658218785,0.06615492682900631,0.21468116167870857,2.435641062218567,57.84590802316024,150.08252968261675,183.87990145502445,150.01637475578775,True
f1:MAFAULDA:mafaulda_horizontal-misalignment_0.5mm_62.0544:col3_underhang_radial:train:100000-150000,MAFAULDA,horizontal-misalignment,3723.264,50000,2048,0.25,power,1.7602964188974106e-05,0.004376500036077209,0.04608800247380571,5.932347389804075,3346.149086198571,22524.76839599818,33811.818159109505,22524.764019498143,True
f1:MAFAULDA:mafaulda_horizontal-misalignment_0.5mm_62.0544:col3_underhang_radial:train:100000-150000,MAFAULDA,horizontal-misalignment,3723.264,50000,2048,0.25,log1p,0.004186811717182952,0.0640586386192901,0.19448162354481388,1.2342035345700326,4.074922297358556,5.0178261829830175,5.2197064329446965,4.9537675443637275,True
f1:MAFAULDA:mafaulda_horizontal-misalignment_0.5mm_62.0544:col3_underhang_radial:train:100000-150000,MAFAULDA,horizontal-misalignment,3723.264,50000,2048,0.25,db,-47.54414173840183,-23.58878158795029,-13.364121384545701,7.732265739473412,35.245452839575826,43.52660230820359,45.29068524662666,67.11538389615389,True
f1:MAFAULDA:mafaulda_horizontal-misalignment_0.5mm_62.0544:col3_underhang_radial:train:100000-150000,MAFAULDA,horizontal-misalignment,3723.264,50000,2048,0.5,magnitude,0.004195588658218785,0.0666712020718223,0.21637651440829397,2.440996281875752,58.275094655367646,150.1015364156958,183.87990145502445,150.03486521362396,True
f1:MAFAULDA:mafaulda_horizontal-misalignment_0.5mm_62.0544:col3_underhang_radial:train:100000-150000,MAFAULDA,horizontal-misalignment,3723.264,50000,2048,0.5,power,1.7602964188974106e-05,0.004445097753435226,0.04681879623787375,5.958462848131244,3395.986980624031,22530.472929736723,33811.818159109505,22530.46848463897,True
f1:MAFAULDA:mafaulda_horizontal-misalignment_0.5mm_62.0544:col3_underhang_radial:train:100000-150000,MAFAULDA,horizontal-misalignment,3723.264,50000,2048,0.5,log1p,0.004186811717182952,0.06454275173285837,0.19587636909223297,1.2357610462787967,4.082189182804756,5.017952000291965,5.2197064329446965,4.953409248559106,True
f1:MAFAULDA:mafaulda_horizontal-misalignment_0.5mm_62.0544:col3_underhang_radial:train:100000-150000,MAFAULDA,horizontal-misalignment,3723.264,50000,2048,0.5,db,-47.54414173840183,-23.52128155105196,-13.295797609228897,7.75134235836717,35.3096593385852,43.52770242582217,45.29068524662666,67.04898397687413,True
f1:MAFAULDA:mafaulda_horizontal-misalignment_0.5mm_62.0544:col3_underhang_radial:train:100000-150000,MAFAULDA,horizontal-misalignment,3723.264,50000,4096,0.25,magnitude,0.00683638562265756,0.09178670899703022,0.28997286303309944,3.2792028126746335,70.31072355037337,268.1576045520844,372.1853384176271,268.0658178430874,True
f1:MAFAULDA:mafaulda_horizontal-misalignment_0.5mm_62.0544:col3_underhang_radial:train:100000-150000,MAFAULDA,horizontal-misalignment,3723.264,50000,4096,0.25,power,4.673616838167899e-05,0.008424896126268611,0.08408426282913237,10.753171086653227,4943.597851744128,71909.39404024261,138521.92613304363,71909.38561534649,True
f1:MAFAULDA:mafaulda_horizontal-misalignment_0.5mm_62.0544:col3_underhang_radial:train:100000-150000,MAFAULDA,horizontal-misalignment,3723.264,50000,4096,0.25,log1p,0.006813123497525476,0.08781549648184389,0.2546211812831212,1.4537667335245157,4.267046715989797,5.595290912905155,5.9220751820750674,5.507475416423311,True
f1:MAFAULDA:mafaulda_horizontal-misalignment_0.5mm_62.0544:col3_underhang_radial:train:100000-150000,MAFAULDA,horizontal-misalignment,3723.264,50000,4096,0.25,db,-43.30346882980482,-20.744453435494336,-10.75285294484853,10.315365556595708,36.940431338643386,48.56774821832076,51.41518521739456,69.3122016538151,True
f1:MAFAULDA:mafaulda_horizontal-misalignment_0.5mm_62.0544:col3_underhang_radial:train:100000-150000,MAFAULDA,horizontal-misalignment,3723.264,50000,4096,0.5,magnitude,0.008800821839649885,0.0840359177551898,0.28852182283144806,3.3006094425391095,70.63402413699491,274.8308040560159,372.1853384176271,274.7467681382607,True
f1:MAFAULDA:mafaulda_horizontal-misalignment_0.5mm_62.0544:col3_underhang_radial:train:100000-150000,MAFAULDA,horizontal-misalignment,3723.264,50000,4096,0.5,power,7.745446505325838e-05,0.007062084167619333,0.08324491108368907,10.89402269217833,4989.173096929762,75612.61590627702,138521.92613304363,75612.60884419284,True
f1:MAFAULDA:mafaulda_horizontal-misalignment_0.5mm_62.0544:col3_underhang_radial:train:100000-150000,MAFAULDA,horizontal-misalignment,3723.264,50000,4096,0.5,log1p,0.00876232033878996,0.08069101621659028,0.2534956668578404,1.4587567434797013,4.271569404551961,5.619229903424936,5.9220751820750674,5.538538887208345,True
f1:MAFAULDA:mafaulda_horizontal-misalignment_0.5mm_62.0544:col3_underhang_radial:train:100000-150000,MAFAULDA,horizontal-misalignment,3723.264,50000,4096,0.5,db,-41.109535313394744,-21.510730870761154,-10.79643023921915,10.371882755969493,36.98027225271578,48.77642738750527,51.41518521739456,70.28715825826643,True
f1:MAFAULDA:mafaulda_horizontal-misalignment_1.5mm_61.44:col3_underhang_radial:train:100000-150000,MAFAULDA,horizontal-misalignment,3686.4,50000,256,0.25,magnitude,0.00014376174040198197,0.01995693305486202,0.08429864620461218,1.1268687047108923,23.660945978992903,33.74814205158958,50.53417743868626,33.72818511853472,True
f1:MAFAULDA:mafaulda_horizontal-misalignment_1.5mm_61.44:col3_underhang_radial:train:100000-150000,MAFAULDA,horizontal-misalignment,3686.4,50000,256,0.25,power,2.0667438003406856e-08,0.00039827982920115156,0.007106262694642564,1.2698330776850475,559.8403651028933,1138.9371741268278,2553.703089404627,1138.9367758469987,True
f1:MAFAULDA:mafaulda_horizontal-misalignment_1.5mm_61.44:col3_underhang_radial:train:100000-150000,MAFAULDA,horizontal-misalignment,3686.4,50000,256,0.25,log1p,0.00014375140767326913,0.019760403596069592,0.08093336855110593,0.7546508063881954,3.205220857471621,3.548126070400637,3.942245227144459,3.5283656668045675,True
f1:MAFAULDA:mafaulda_horizontal-misalignment_1.5mm_61.44:col3_underhang_radial:train:100000-150000,MAFAULDA,horizontal-misalignment,3686.4,50000,256,0.25,db,-76.84712752275222,-33.998131055350974,-21.483588563453264,1.0374663581309418,27.480642076221375,30.56499705572664,34.07170401884089,64.56312811107762,True
f1:MAFAULDA:mafaulda_horizontal-misalignment_1.5mm_61.44:col3_underhang_radial:train:100000-150000,MAFAULDA,horizontal-misalignment,3686.4,50000,256,0.5,magnitude,0.0021741764905982564,0.021171756233730427,0.08441455754107534,1.128520103284494,23.650151448830986,33.718904828175575,50.53417743868626,33.69773307194185,True
f1:MAFAULDA:mafaulda_horizontal-misalignment_1.5mm_61.44:col3_underhang_radial:train:100000-150000,MAFAULDA,horizontal-misalignment,3686.4,50000,256,0.5,power,4.72704341227015e-06,0.00044824954817576814,0.00712581752609737,1.273557623517245,559.3296975582681,1136.9658866742946,2553.703089404627,1136.9654384247465,True
f1:MAFAULDA:mafaulda_horizontal-misalignment_1.5mm_61.44:col3_underhang_radial:train:100000-150000,MAFAULDA,horizontal-misalignment,3686.4,50000,256,0.5,log1p,0.002171816389124471,0.020950745560099345,0.08104026306397953,0.7554269510544791,3.204783016463062,3.5472837882392714,3.942245227144459,3.526333042679172,True
f1:MAFAULDA:mafaulda_horizontal-misalignment_1.5mm_61.44:col3_underhang_radial:train:100000-150000,MAFAULDA,horizontal-misalignment,3686.4,50000,256,0.5,db,-53.2541036925037,-33.484922912838606,-21.47165302132352,1.0501859995328258,27.476678259680302,30.55746407119717,34.07170401884089,64.04238698403577,True
f1:MAFAULDA:mafaulda_horizontal-misalignment_1.5mm_61.44:col3_underhang_radial:train:100000-150000,MAFAULDA,horizontal-misalignment,3686.4,50000,512,0.25,magnitude,0.0022728944023029385,0.032148993153795644,0.12214708605362715,1.5543202264282974,30.18219000419982,49.998582465918645,58.45643321734336,49.96643347276485,True
f1:MAFAULDA:mafaulda_horizontal-misalignment_1.5mm_61.44:col3_underhang_radial:train:100000-150000,MAFAULDA,horizontal-misalignment,3686.4,50000,512,0.25,power,5.166048964020032e-06,0.0010335588796375407,0.014919911072181982,2.4159113662841136,910.9645935037755,2499.8582486032137,3417.154584493724,2499.857215044334,True
f1:MAFAULDA:mafaulda_horizontal-misalignment_1.5mm_61.44:col3_underhang_radial:train:100000-150000,MAFAULDA,horizontal-misalignment,3686.4,50000,512,0.25,log1p,0.0022703152851222793,0.03164302932449508,0.11524389107299397,0.9377861320639929,3.439847098601565,3.9317978375517604,4.085243829516808,3.9001548082272652,True
f1:MAFAULDA:mafaulda_horizontal-misalignment_1.5mm_61.44:col3_underhang_radial:train:100000-150000,MAFAULDA,horizontal-misalignment,3686.4,50000,512,0.25,db,-52.868414436675096,-29.856657150026464,-18.26233790351331,3.830809971242565,29.595014975117735,33.979153832351834,35.33664625763686,63.8358109823783,True
f1:MAFAULDA:mafaulda_horizontal-misalignment_1.5mm_61.44:col3_underhang_radial:train:100000-150000,MAFAULDA,horizontal-misalignment,3686.4,50000,512,0.5,magnitude,0.0022728944023029385,0.03270184784320981,0.12329556452458003,1.554042202544963,30.12507996017904,50.08440597421842,57.946050156244866,50.05170412637521,True
f1:MAFAULDA:mafaulda_horizontal-misalignment_1.5mm_61.44:col3_underhang_radial:train:100000-150000,MAFAULDA,horizontal-misalignment,3686.4,50000,512,0.5,power,5.166048964020032e-06,0.0010694386103270133,0.01520182157981009,2.415047167509461,907.5206078133658,2508.4481523400705,3357.744728710046,2508.4470829014604,True
f1:MAFAULDA:mafaulda_horizontal-misalignment_1.5mm_61.44:col3_underhang_radial:train:100000-150000,MAFAULDA,horizontal-misalignment,3686.4,50000,512,0.5,log1p,0.0022703152851222793,0.03217850800890808,0.11626682300112756,0.9376772815545453,3.4380138385240433,3.9334792013443525,4.076622621451789,3.9013006933354446,True
f1:MAFAULDA:mafaulda_horizontal-misalignment_1.5mm_61.44:col3_underhang_radial:train:100000-150000,MAFAULDA,horizontal-misalignment,3686.4,50000,512,0.5,db,-52.868414436675096,-29.708667618830845,-18.18105816793991,3.8292561721345244,29.57856337590643,33.994049798886884,35.26047675982604,63.70271741771773,True
f1:MAFAULDA:mafaulda_horizontal-misalignment_1.5mm_61.44:col3_underhang_radial:train:100000-150000,MAFAULDA,horizontal-misalignment,3686.4,50000,1024,0.25,magnitude,0.0005701287515202935,0.0544319775348468,0.17907063757388114,2.1674799740038977,38.69592671215479,94.56905754874916,99.75315724982109,94.51462557121431,True
f1:MAFAULDA:mafaulda_horizontal-misalignment_1.5mm_61.44:col3_underhang_radial:train:100000-150000,MAFAULDA,horizontal-misalignment,3686.4,50000,1024,0.25,power,3.2504679331008857e-07,0.002962862496227657,0.032066293241120855,4.697969439804688,1497.3747441678884,8943.30668356062,9950.692381307534,8943.303720698124,True
f1:MAFAULDA:mafaulda_horizontal-misalignment_1.5mm_61.44:col3_underhang_radial:train:100000-150000,MAFAULDA,horizontal-misalignment,3686.4,50000,1024,0.25,log1p,0.0005699662898700775,0.05300220197722632,0.1647265328850938,1.152936310753681,3.6812485807026927,4.559849099783307,4.612673537802991,4.5068468978060805,True
f1:MAFAULDA:mafaulda_horizontal-misalignment_1.5mm_61.44:col3_underhang_radial:train:100000-150000,MAFAULDA,horizontal-misalignment,3686.4,50000,1024,0.25,db,-64.88053961706841,-25.282950442798935,-14.93951239710378,6.719101870264492,31.75330503691305,39.51498120138677,39.978533005375056,64.7979316441857,True
f1:MAFAULDA:mafaulda_horizontal-misalignment_1.5mm_61.44:col3_underhang_radial:train:100000-150000,MAFAULDA,horizontal-misalignment,3686.4,50000,1024,0.5,magnitude,0.0005701287515202935,0.05657247107061006,0.17859351031016432,2.1709235068373065,38.65949171641863,94.56134660542448,99.75315724982109,94.50477413435387,True
f1:MAFAULDA:mafaulda_horizontal-misalignment_1.5mm_61.44:col3_underhang_radial:train:100000-150000,MAFAULDA,horizontal-misalignment,3686.4,50000,1024,0.5,power,3.2504679331008857e-07,0.0032004910758854214,0.03189564472794784,4.712908872888125,1494.5574884726373,8941.848852920335,9950.692381307534,8941.84565242926,True
f1:MAFAULDA:mafaulda_horizontal-misalignment_1.5mm_61.44:col3_underhang_radial:train:100000-150000,MAFAULDA,horizontal-misalignment,3686.4,50000,1024,0.5,log1p,0.0005699662898700775,0.05503013028515317,0.16432178612755435,1.1540228725223391,3.6803299290822027,4.559768382262767,4.612673537802991,4.5047382519776145,True
f1:MAFAULDA:mafaulda_horizontal-misalignment_1.5mm_61.44:col3_underhang_radial:train:100000-150000,MAFAULDA,horizontal-misalignment,3686.4,50000,1024,0.5,db,-64.88053961706841,-24.947960042225688,-14.96268690586428,6.732890424544549,31.7451193406865,39.51427268118044,39.978533005375056,64.46223272340612,True
f1:MAFAULDA:mafaulda_horizontal-misalignment_1.5mm_61.44:col3_underhang_radial:train:100000-150000,MAFAULDA,horizontal-misalignment,3686.4,50000,2048,0.25,magnitude,0.004759762220540149,0.07474835715543482,0.24331510412301963,3.012090807967814,42.12514521070231,171.04574812530637,180.19594568703232,170.97099976815093,True
f1:MAFAULDA:mafaulda_horizontal-misalignment_1.5mm_61.44:col3_underhang_radial:train:100000-150000,MAFAULDA,horizontal-misalignment,3686.4,50000,2048,0.25,power,2.2655336396081295e-05,0.005587317875037592,0.05920224593881625,9.072691035459489,1774.5278734457738,29256.802377326054,32470.578842043902,29256.79679000818,True
f1:MAFAULDA:mafaulda_horizontal-misalignment_1.5mm_61.44:col3_underhang_radial:train:100000-150000,MAFAULDA,horizontal-misalignment,3686.4,50000,2048,0.25,log1p,0.004748470369184138,0.0720865473869307,0.21778128136181127,1.3893125039327514,3.7641062386729187,5.147757807831013,5.1995790185629325,5.075671260444082,True
f1:MAFAULDA:mafaulda_horizontal-misalignment_1.5mm_61.44:col3_underhang_radial:train:100000-150000,MAFAULDA,horizontal-misalignment,3686.4,50000,2048,0.25,db,-46.448294665989536,-22.52796770750192,-12.27661905581639,9.577361215428363,32.49082818372135,44.6622227125482,45.11490030716562,67.19019042005011,True
f1:MAFAULDA:mafaulda_horizontal-misalignment_1.5mm_61.44:col3_underhang_radial:train:100000-150000,MAFAULDA,horizontal-misalignment,3686.4,50000,2048,0.5,magnitude,0.018948375384450416,0.08001919522991265,0.2519204839948072,3.024918193373015,41.651435930875536,169.08691930085118,180.19594568703232,169.00690010562127,True
f1:MAFAULDA:mafaulda_horizontal-misalignment_1.5mm_61.44:col3_underhang_radial:train:100000-150000,MAFAULDA,horizontal-misalignment,3686.4,50000,2048,0.5,power,0.00035904092971004645,0.006403084307012406,0.06346394134374862,9.150130076599064,1734.8421152386315,28599.987009495326,32470.578842043902,28599.98060641102,True
f1:MAFAULDA:mafaulda_horizontal-misalignment_1.5mm_61.44:col3_underhang_radial:train:100000-150000,MAFAULDA,horizontal-misalignment,3686.4,50000,2048,0.5,log1p,0.018771090920373983,0.07697880889519904,0.2246787559373673,1.3925045860361562,3.753060941115263,5.136140085177987,5.1995790185629325,5.059161276282787,True
f1:MAFAULDA:mafaulda_horizontal-misalignment_1.5mm_61.44:col3_underhang_radial:train:100000-150000,MAFAULDA,horizontal-misalignment,3686.4,50000,2048,0.5,db,-34.448560356009416,-21.93612500490714,-11.974731115429657,9.614272679910819,32.39259956525066,44.56071021595825,45.11490030716562,66.49683522086539,True
f1:MAFAULDA:mafaulda_horizontal-misalignment_1.5mm_61.44:col3_underhang_radial:train:100000-150000,MAFAULDA,horizontal-misalignment,3686.4,50000,4096,0.25,magnitude,0.00894592523319186,0.09959270216387574,0.33116241530453006,4.037756550383665,52.87941919394108,257.3166763224536,382.2893061489192,257.2170836202897,True
f1:MAFAULDA:mafaulda_horizontal-misalignment_1.5mm_61.44:col3_underhang_radial:train:100000-150000,MAFAULDA,horizontal-misalignment,3686.4,50000,4096,0.25,power,8.002957827785884e-05,0.009918714507498993,0.1096685483068285,16.30347796016619,2796.2331564825804,66211.88419619737,146145.11359582207,66211.87427748286,True
f1:MAFAULDA:mafaulda_horizontal-misalignment_1.5mm_61.44:col3_underhang_radial:train:100000-150000,MAFAULDA,horizontal-misalignment,3686.4,50000,4096,0.25,log1p,0.008906147500451963,0.0949398370933488,0.2860525561453061,1.616960854091873,3.9867485404565692,5.554186167780668,5.948790072568456,5.45924633068732,True
f1:MAFAULDA:mafaulda_horizontal-misalignment_1.5mm_61.44:col3_underhang_radial:train:100000-150000,MAFAULDA,horizontal-misalignment,3686.4,50000,4096,0.25,db,-40.9674946193953,-20.035453253686455,-9.59917928754327,12.122802607314028,34.465733244609396,48.20935785645133,51.64784299174712,68.24481111013779,True
f1:MAFAULDA:mafaulda_horizontal-misalignment_1.5mm_61.44:col3_underhang_radial:train:100000-150000,MAFAULDA,horizontal-misalignment,3686.4,50000,4096,0.5,magnitude,0.010945060701641186,0.10358334203688505,0.3289734822627365,4.0466860186663025,52.73526872227995,257.70814263308114,382.18167630203874,257.60455929104427,True
f1:MAFAULDA:mafaulda_horizontal-misalignment_1.5mm_61.44:col3_underhang_radial:train:100000-150000,MAFAULDA,horizontal-misalignment,3686.4,50000,4096,0.5,power,0.00011979435376261024,0.010729531277838718,0.10822356382753898,16.37566773366933,2781.0085763161997,66413.50299318206,146062.83370103632,66413.49226365078,True
f1:MAFAULDA:mafaulda_horizontal-misalignment_1.5mm_61.44:col3_underhang_radial:train:100000-150000,MAFAULDA,horizontal-misalignment,3686.4,50000,4096,0.5,log1p,0.010885597020375934,0.09856245979566197,0.2844068230422754,1.6187317939440726,3.9840695575837644,5.555700442677343,5.948509227370002,5.45713798288168,True
f1:MAFAULDA:mafaulda_horizontal-misalignment_1.5mm_61.44:col3_underhang_radial:train:100000-150000,MAFAULDA,horizontal-misalignment,3686.4,50000,4096,0.5,db,-39.215636430219,-19.69421070961781,-9.656782631415616,12.141990178233318,34.442023253391284,48.222561756596804,51.64539721944338,67.91677246621461,True
f1:MAFAULDA:mafaulda_imbalance_15g_13.312:col3_underhang_radial:train:100000-150000,MAFAULDA,imbalance,798.7199999999999,50000,256,0.25,magnitude,8.178352942422862e-06,0.01045671777104826,0.036597179927635275,0.4008609561312163,21.27469910057141,31.663089802192676,43.912628221380785,31.652633084421627,True
f1:MAFAULDA:mafaulda_imbalance_15g_13.312:col3_underhang_radial:train:100000-150000,MAFAULDA,imbalance,798.7199999999999,50000,256,0.25,power,6.688545685083669e-11,0.00010934297228144954,0.00133935358929672,0.16068950615513128,452.61290444126354,1002.5512619659881,1928.3189173092082,1002.5511526230158,True
f1:MAFAULDA:mafaulda_imbalance_15g_13.312:col3_underhang_radial:train:100000-150000,MAFAULDA,imbalance,798.7199999999999,50000,256,0.25,log1p,8.178319499876773e-06,0.010402424443767868,0.03594340626282527,0.3370870162694294,3.103451381623506,3.4862456852764674,3.8047190073508035,3.4758432608326997,True
f1:MAFAULDA:mafaulda_imbalance_15g_13.312:col3_underhang_radial:train:100000-150000,MAFAULDA,imbalance,798.7199999999999,50000,256,0.25,db,-101.74657681682314,-39.61209320942054,-28.731047586518596,-7.940124837655237,26.557267734193836,30.01106582674646,32.85178861816516,69.62315903616701,True
f1:MAFAULDA:mafaulda_imbalance_15g_13.312:col3_underhang_radial:train:100000-150000,MAFAULDA,imbalance,798.7199999999999,50000,256,0.5,magnitude,3.523299637891997e-05,0.009778931631338897,0.036455952957037324,0.39926950125967586,21.289293217686442,31.680027797336834,42.8273914112681,31.670248865705496,True
f1:MAFAULDA:mafaulda_imbalance_15g_13.312:col3_underhang_radial:train:100000-150000,MAFAULDA,imbalance,798.7199999999999,50000,256,0.5,power,1.2413640338369876e-09,9.562796484370004e-05,0.0013290365582835084,0.15941613463615031,453.2340473434363,1003.6244369265397,1834.1854550939609,1003.6243412985749,True
f1:MAFAULDA:mafaulda_imbalance_15g_13.312:col3_underhang_radial:train:100000-150000,MAFAULDA,imbalance,798.7199999999999,50000,256,0.5,log1p,3.523237571148166e-05,0.009731427096558058,0.035807156025274456,0.3359503156296272,3.104106396512048,3.4867639914416295,3.780258996603626,3.4770325643450715,True
f1:MAFAULDA:mafaulda_imbalance_15g_13.312:col3_underhang_radial:train:100000-150000,MAFAULDA,imbalance,798.7199999999999,50000,256,0.5,db,-89.06098376357504,-40.19419260039174,-28.76463104386316,-7.974677252014443,26.563224472294902,30.015709886067743,32.63443245213888,70.20990248645948,True
f1:MAFAULDA:mafaulda_imbalance_15g_13.312:col3_underhang_radial:train:100000-150000,MAFAULDA,imbalance,798.7199999999999,50000,512,0.25,magnitude,0.0007948820965990438,0.019963753634287488,0.06106527121393198,0.6124105865195706,15.989032282294435,55.2632300498662,70.95840258432038,55.243266296231916,True
f1:MAFAULDA:mafaulda_imbalance_15g_13.312:col3_underhang_radial:train:100000-150000,MAFAULDA,imbalance,798.7199999999999,50000,512,0.25,power,6.318375474936915e-07,0.0003985515498209022,0.0037289673884022497,0.37504672648124443,255.64936413041565,3054.0245981758094,5035.094897318486,3054.0241996242594,True
f1:MAFAULDA:mafaulda_imbalance_15g_13.312:col3_underhang_radial:train:100000-150000,MAFAULDA,imbalance,798.7199999999999,50000,512,0.25,log1p,0.0007945663451376738,0.019767090968545918,0.05927337630242463,0.47773031792994886,2.8325676108657043,4.030041213900019,4.276088210174465,4.010274122931473,True
f1:MAFAULDA:mafaulda_imbalance_15g_13.312:col3_underhang_radial:train:100000-150000,MAFAULDA,imbalance,798.7199999999999,50000,512,0.25,db,-61.993944600654615,-33.995156909227916,-24.284114226226,-4.259146206937274,24.076440006997338,34.8487252994641,37.02007660192427,68.84388220869201,True
f1:MAFAULDA:mafaulda_imbalance_15g_13.312:col3_underhang_radial:train:100000-150000,MAFAULDA,imbalance,798.7199999999999,50000,512,0.5,magnitude,0.004251338451782161,0.02010550289313969,0.05954991975702518,0.6047221546189547,16.03271977339259,55.15289515305305,70.95840258432038,55.132789650159914,True
f1:MAFAULDA:mafaulda_imbalance_15g_13.312:col3_underhang_radial:train:100000-150000,MAFAULDA,imbalance,798.7199999999999,50000,512,0.5,power,1.8073878631601538e-05,0.0004042392048557104,0.003546193950159337,0.3656888843076408,257.04810445967297,3041.8452215972825,5035.094897318486,3041.8448173580778,True
f1:MAFAULDA:mafaulda_imbalance_15g_13.312:col3_underhang_radial:train:100000-150000,MAFAULDA,imbalance,798.7199999999999,50000,512,0.5,log1p,0.004242327043801926,0.019906052331907374,0.05784421350282739,0.4729506292053469,2.835136184817973,4.028077706030417,4.276088210174465,4.0081716536985095,True
f1:MAFAULDA:mafaulda_imbalance_15g_13.312:col3_underhang_radial:train:100000-150000,MAFAULDA,imbalance,798.7199999999999,50000,512,0.5,db,-47.42948617957392,-33.933787169245186,-24.50237760667414,-4.36888240434809,24.10014401808514,34.831361482066455,37.02007660192427,68.76514865131165,True
f1:MAFAULDA:mafaulda_imbalance_15g_13.312:col3_underhang_radial:train:100000-150000,MAFAULDA,imbalance,798.7199999999999,50000,1024,0.25,magnitude,0.00123932217622591,0.027296475579471412,0.09737595668657736,0.909489125523192,16.911893342215315,112.33356552791152,150.21374234329963,112.30626905233204,True
f1:MAFAULDA:mafaulda_imbalance_15g_13.312:col3_underhang_radial:train:100000-150000,MAFAULDA,imbalance,798.7199999999999,50000,1024,0.25,power,1.5359194564853254e-06,0.000745101161944839,0.009482076977158603,0.827170469522524,286.0121419733766,12618.84215987408,22564.168388779206,12618.841414772918,True
f1:MAFAULDA:mafaulda_imbalance_15g_13.312:col3_underhang_radial:train:100000-150000,MAFAULDA,imbalance,798.7199999999999,50000,1024,0.25,log1p,0.0012385548504081703,0.0269305687759319,0.09292183604417859,0.6468357327224031,2.885464916081343,4.730334902188112,5.018694348129208,4.70340433341218,True
f1:MAFAULDA:mafaulda_imbalance_15g_13.312:col3_underhang_radial:train:100000-150000,MAFAULDA,imbalance,798.7199999999999,50000,1024,0.25,db,-58.13631487995475,-31.2778893280622,-20.230965257789993,-0.8240497853051502,24.56384453610757,41.01018667263295,43.534193320592856,72.28807600069516,True
f1:MAFAULDA:mafaulda_imbalance_15g_13.312:col3_underhang_radial:train:100000-150000,MAFAULDA,imbalance,798.7199999999999,50000,1024,0.5,magnitude,0.00123932217622591,0.027266784924663345,0.09806198858150963,0.9067238148123951,16.902919866485053,112.18747832706607,150.21374234329963,112.16021154214141,True
f1:MAFAULDA:mafaulda_imbalance_15g_13.312:col3_underhang_radial:train:100000-150000,MAFAULDA,imbalance,798.7199999999999,50000,1024,0.5,power,1.5359194564853254e-06,0.0007434802259312595,0.009616153773048147,0.8221480763484604,285.70872288778946,12586.033911849894,22564.168388779206,12586.033168369668,True
f1:MAFAULDA:mafaulda_imbalance_15g_13.312:col3_underhang_radial:train:100000-150000,MAFAULDA,imbalance,798.7199999999999,50000,1024,0.5,log1p,0.0012385548504081703,0.026901667053550054,0.09354679732690954,0.6453864890780537,2.8849637848910707,4.729045402886288,5.018694348129208,4.702143735832738,True
f1:MAFAULDA:mafaulda_imbalance_15g_13.312:col3_underhang_radial:train:100000-150000,MAFAULDA,imbalance,798.7199999999999,50000,1024,0.5,db,-58.13631487995475,-31.287336866713215,-20.16998614764588,-0.8504995493234944,24.559234303620933,40.99888647807898,43.534193320592856,72.28622334479219,True
f1:MAFAULDA:mafaulda_imbalance_15g_13.312:col3_underhang_radial:train:100000-150000,MAFAULDA,imbalance,798.7199999999999,50000,2048,0.25,magnitude,0.0011523788495209075,0.041985902366648245,0.142220639826262,1.3046075852843728,19.75517344040062,174.016408511205,268.830602538322,173.97442260883832,True
f1:MAFAULDA:mafaulda_imbalance_15g_13.312:col3_underhang_radial:train:100000-150000,MAFAULDA,imbalance,798.7199999999999,50000,2048,0.25,power,1.3279770128231304e-06,0.0017628161262336181,0.020226710427933642,1.7020009523773507,390.2668856274627,30281.724572957708,72269.89286111726,30281.722810141582,True
f1:MAFAULDA:mafaulda_imbalance_15g_13.312:col3_underhang_radial:train:100000-150000,MAFAULDA,imbalance,798.7199999999999,50000,2048,0.25,log1p,0.0011517153706848953,0.041128413781777284,0.13297429731018245,0.8349104168844341,3.0327955287825312,5.164879501539338,5.597794364095671,5.123751087757561,True
f1:MAFAULDA:mafaulda_imbalance_15g_13.312:col3_underhang_radial:train:100000-150000,MAFAULDA,imbalance,798.7199999999999,50000,2048,0.25,db,-58.768093671324515,-27.537930465578043,-16.940747438980747,2.309597984243514,25.913616849772584,44.81180199318756,48.58957410884649,72.3497324587656,True
f1:MAFAULDA:mafaulda_imbalance_15g_13.312:col3_underhang_radial:train:100000-150000,MAFAULDA,imbalance,798.7199999999999,50000,2048,0.5,magnitude,0.006292090865067464,0.041497544960109316,0.14010315289209707,1.301647496579004,19.74568047260881,181.41241287357713,268.830602538322,181.370915328617,True
f1:MAFAULDA:mafaulda_imbalance_15g_13.312:col3_underhang_radial:train:100000-150000,MAFAULDA,imbalance,798.7199999999999,50000,2048,0.5,power,3.959040745426543e-05,0.001722099715515505,0.019628895228578087,1.694286205350388,389.8918984859396,32922.498136114365,72269.89286111726,32922.49641401465,True
f1:MAFAULDA:mafaulda_imbalance_15g_13.312:col3_underhang_radial:train:100000-150000,MAFAULDA,imbalance,798.7199999999999,50000,2048,0.5,log1p,0.006272378306932762,0.04065959985636135,0.1311187426218958,0.8336251693730901,3.0323380536644797,5.206085212162169,5.597794364095671,5.165425612305807,True
f1:MAFAULDA:mafaulda_imbalance_15g_13.312:col3_underhang_radial:train:100000-150000,MAFAULDA,imbalance,798.7199999999999,50000,2048,0.5,db,-44.0241001477351,-27.639685912064596,-17.071042211492678,2.28986774954792,25.909442085532447,45.171715871971315,48.58957410884649,72.81140178403591,True
f1:MAFAULDA:mafaulda_imbalance_15g_13.312:col3_underhang_radial:train:100000-150000,MAFAULDA,imbalance,798.7199999999999,50000,4096,0.25,magnitude,0.0023068459917903947,0.06637093243697625,0.20496072434331877,1.8555770485945455,26.635256855478712,143.20267272881324,470.8450013396406,143.13630179637627,True
f1:MAFAULDA:mafaulda_imbalance_15g_13.312:col3_underhang_radial:train:100000-150000,MAFAULDA,imbalance,798.7199999999999,50000,4096,0.25,power,5.32153842983941e-06,0.004405100719232463,0.04200889853435575,3.4431661832708444,709.4369085626912,20508.04794776054,221695.01528652615,20508.04354265982,True
f1:MAFAULDA:mafaulda_imbalance_15g_13.312:col3_underhang_radial:train:100000-150000,MAFAULDA,imbalance,798.7199999999999,50000,4096,0.25,log1p,0.0023041893074986883,0.06426123183559239,0.18644697250167172,1.0492739412818004,3.319092379286035,4.971194517587911,6.156650544662453,4.906933285752318,True
f1:MAFAULDA:mafaulda_imbalance_15g_13.312:col3_underhang_radial:train:100000-150000,MAFAULDA,imbalance,798.7199999999999,50000,4096,0.25,db,-52.73962759562813,-23.560441652247206,-13.766587052387127,5.369579843360879,28.509137779770935,43.11880014141117,53.45755928306856,66.67924179365838,True
f1:MAFAULDA:mafaulda_imbalance_15g_13.312:col3_underhang_radial:train:100000-150000,MAFAULDA,imbalance,798.7199999999999,50000,4096,0.5,magnitude,0.0023068459917903947,0.06636960997617229,0.20486332986500758,1.860934424447409,26.665225244084116,141.4725523524358,470.8450013396406,141.40618274245963,True
f1:MAFAULDA:mafaulda_imbalance_15g_13.312:col3_underhang_radial:train:100000-150000,MAFAULDA,imbalance,798.7199999999999,50000,4096,0.5,power,5.32153842983941e-06,0.0044049251600454,0.04196898488501861,3.4630769320934096,711.0342620988295,20049.50560266499,221695.01528652615,20049.50119773983,True
f1:MAFAULDA:mafaulda_imbalance_15g_13.312:col3_underhang_radial:train:100000-150000,MAFAULDA,imbalance,798.7199999999999,50000,4096,0.5,log1p,0.0023041893074986883,0.06425999169059218,0.1863661409798044,1.0511482933045637,3.3201762019686405,4.958227867720779,6.156650544662453,4.893967876030186,True
f1:MAFAULDA:mafaulda_imbalance_15g_13.312:col3_underhang_radial:train:100000-150000,MAFAULDA,imbalance,798.7199999999999,50000,4096,0.5,db,-52.73962759562813,-23.560614708127613,-13.770715545344132,5.3946213953507085,28.51890498000172,43.005322187769124,53.45755928306856,66.56593689589674,True
f1:MAFAULDA:mafaulda_imbalance_30g_34.816:col3_underhang_radial:train:100000-150000,MAFAULDA,imbalance,2088.96,50000,256,0.25,magnitude,8.01441416911075e-05,0.01813963350047439,0.058951923324845015,0.665105269884801,31.44532412811508,73.40699365105316,90.64192003249912,73.38885401755269,True
f1:MAFAULDA:mafaulda_imbalance_30g_34.816:col3_underhang_radial:train:100000-150000,MAFAULDA,imbalance,2088.96,50000,256,0.25,power,6.423083447404316e-09,0.00032904722801615073,0.003475330456276895,0.4423650200295773,988.8084110005154,5388.589594508429,8215.957667177965,5388.589265461202,True
f1:MAFAULDA:mafaulda_imbalance_30g_34.816:col3_underhang_radial:train:100000-150000,MAFAULDA,imbalance,2088.96,50000,256,0.25,log1p,8.014093032096432e-05,0.01797707281499932,0.05727966687459545,0.5098883465896298,3.4795563374001515,4.309549678152987,4.517888809269987,4.291572605337987,True
f1:MAFAULDA:mafaulda_imbalance_30g_34.816:col3_underhang_radial:train:100000-150000,MAFAULDA,imbalance,2088.96,50000,256,0.25,db,-81.92255351900157,-34.827441982643876,-24.590041902737006,-3.5421922201051155,29.951121506596785,37.31474644231253,39.14658192888333,72.1421884249564,True
f1:MAFAULDA:mafaulda_imbalance_30g_34.816:col3_underhang_radial:train:100000-150000,MAFAULDA,imbalance,2088.96,50000,256,0.5,magnitude,0.0018188084926471504,0.017057736079502773,0.060516313945504434,0.6624222289930246,31.477441794383896,73.89082345135786,86.51516971169096,73.87376571527835,True
f1:MAFAULDA:mafaulda_imbalance_30g_34.816:col3_underhang_radial:train:100000-150000,MAFAULDA,imbalance,2088.96,50000,256,0.5,power,3.3080643329253995e-06,0.0002909671518450938,0.003662224741664142,0.43880320946408713,990.8294334999413,5459.8619649875245,7484.874590242689,5459.861674020372,True
f1:MAFAULDA:mafaulda_imbalance_30g_34.816:col3_underhang_radial:train:100000-150000,MAFAULDA,imbalance,2088.96,50000,256,0.5,log1p,0.001817156463327341,0.016913886045309363,0.058755877945649244,0.5082757129006068,3.480545706303904,4.316030635942588,4.471812146470661,4.299116749897278,True
f1:MAFAULDA:mafaulda_imbalance_30g_34.816:col3_underhang_radial:train:100000-150000,MAFAULDA,imbalance,2088.96,50000,256,0.5,db,-54.80426005425581,-35.36158393135797,-24.362551219937824,-3.5773020446792274,29.959988189549524,37.37180361744316,38.741845280973294,72.73338754880113,True
f1:MAFAULDA:mafaulda_imbalance_30g_34.816:col3_underhang_radial:train:100000-150000,MAFAULDA,imbalance,2088.96,50000,512,0.25,magnitude,0.001602072398225889,0.025072365011827975,0.08624515807576233,0.9601912007630435,47.89718535493513,124.0223174740292,144.3750170825873,123.99724510901737,True
f1:MAFAULDA:mafaulda_imbalance_30g_34.816:col3_underhang_radial:train:100000-150000,MAFAULDA,imbalance,2088.96,50000,512,0.25,power,2.5666359691572517e-06,0.0006286417646567306,0.007438227306915461,0.9219671420227754,2294.140371109229,15381.555896872962,20844.145557597378,15381.555268231197,True
f1:MAFAULDA:mafaulda_imbalance_30g_34.816:col3_underhang_radial:train:100000-150000,MAFAULDA,imbalance,2088.96,50000,512,0.25,log1p,0.0016007904492420608,0.024763201412872252,0.0827269401133508,0.6730420198943126,3.889719834327202,4.8284916000205795,4.979316728345871,4.803728398607707,True
f1:MAFAULDA:mafaulda_imbalance_30g_34.816:col3_underhang_radial:train:100000-150000,MAFAULDA,imbalance,2088.96,50000,512,0.25,db,-55.906356695534555,-32.01622012733655,-21.285305548364498,-0.35284556396558153,33.606199851284785,41.86999101023261,43.18984097245306,73.88621113756916,True
f1:MAFAULDA:mafaulda_imbalance_30g_34.816:col3_underhang_radial:train:100000-150000,MAFAULDA,imbalance,2088.96,50000,512,0.5,magnitude,0.001602072398225889,0.02656164596181811,0.08625932734197934,0.9621762762136907,47.79228916133088,123.90719482272615,142.796392106645,123.88063317676433,True
f1:MAFAULDA:mafaulda_imbalance_30g_34.816:col3_underhang_radial:train:100000-150000,MAFAULDA,imbalance,2088.96,50000,512,0.5,power,2.5666359691572517e-06,0.0007055283448114995,0.007440671641965387,0.9257831865176475,2284.1040179668885,15353.003131008847,20390.809598674703,15353.002425480503,True
f1:MAFAULDA:mafaulda_imbalance_30g_34.816:col3_underhang_radial:train:100000-150000,MAFAULDA,imbalance,2088.96,50000,512,0.5,log1p,0.0016007904492420608,0.026215006722726746,0.08273998425910772,0.6740542022711211,3.8875720573051487,4.827570693542127,4.968398355310478,4.8013556868194005,True
f1:MAFAULDA:mafaulda_imbalance_30g_34.816:col3_underhang_radial:train:100000-150000,MAFAULDA,imbalance,2088.96,50000,512,0.5,db,-55.906356695534555,-31.514945480238133,-21.283878698460782,-0.33490710778669974,33.58715453911559,41.861927616247414,43.09434469391148,73.37687309648555,True
f1:MAFAULDA:mafaulda_imbalance_30g_34.816:col3_underhang_radial:train:100000-150000,MAFAULDA,imbalance,2088.96,50000,1024,0.25,magnitude,0.0005997339327024065,0.03903644880128837,0.13318374790953943,1.4069664502541497,55.673013043570194,156.11552222792668,217.99189714392054,156.0764857791254,True
f1:MAFAULDA:mafaulda_imbalance_30g_34.816:col3_underhang_radial:train:100000-150000,MAFAULDA,imbalance,2088.96,50000,1024,0.25,power,3.5968079003469464e-07,0.0015238515945917468,0.017737910825583868,1.9795545923994724,3099.484381847664,24372.061286524582,47520.46722040563,24372.059762672987,True
f1:MAFAULDA:mafaulda_imbalance_30g_34.816:col3_underhang_radial:train:100000-150000,MAFAULDA,imbalance,2088.96,50000,1024,0.25,log1p,0.0005995541641793203,0.03829378879532739,0.12503114705821072,0.8783672202743833,4.037298136920183,5.056981243743957,5.38903472978918,5.01868745494863,True
f1:MAFAULDA:mafaulda_imbalance_30g_34.816:col3_underhang_radial:train:100000-150000,MAFAULDA,imbalance,2088.96,50000,1024,0.25,db,-64.4408261169416,-28.17061461826646,-17.51097537920527,2.965674832281136,34.91289452166123,43.8689208313195,46.76880701970305,72.03953544958596,True
f1:MAFAULDA:mafaulda_imbalance_30g_34.816:col3_underhang_radial:train:100000-150000,MAFAULDA,imbalance,2088.96,50000,1024,0.5,magnitude,0.0007854963079978461,0.03973531317596966,0.13498291306936408,1.4121310195403005,55.59495938909764,155.76993475518012,217.11666354352388,155.73019944200414,True
f1:MAFAULDA:mafaulda_imbalance_30g_34.816:col3_underhang_radial:train:100000-150000,MAFAULDA,imbalance,2088.96,50000,1024,0.5,power,6.170044498782471e-07,0.0015789280608463276,0.01822038821390385,1.9941140173623495,3090.806351124434,24264.436732591712,47139.64558827176,24264.43515366365,True
f1:MAFAULDA:mafaulda_imbalance_30g_34.816:col3_underhang_radial:train:100000-150000,MAFAULDA,imbalance,2088.96,50000,1024,0.5,log1p,0.0007851879672293656,0.03896615896276811,0.12661759571484427,0.8805105971782405,4.035918856377444,5.054776000408432,5.3850300735147,5.015809841445664,True
f1:MAFAULDA:mafaulda_imbalance_30g_34.816:col3_underhang_radial:train:100000-150000,MAFAULDA,imbalance,2088.96,50000,1024,0.5,db,-62.09711593215631,-28.01655747749377,-17.39442439712387,2.9974998594015467,34.900698732003285,43.84964331790867,46.7338631302883,71.86620079540245,True
f1:MAFAULDA:mafaulda_imbalance_30g_34.816:col3_underhang_radial:train:100000-150000,MAFAULDA,imbalance,2088.96,50000,2048,0.25,magnitude,0.0024296188635356143,0.05686087212676878,0.1923685212552746,2.070959903072395,61.677324836421285,237.8223160212936,279.6200176763861,237.76545514916683,True
f1:MAFAULDA:mafaulda_imbalance_30g_34.816:col3_underhang_radial:train:100000-150000,MAFAULDA,imbalance,2088.96,50000,2048,0.25,power,5.9030478220480896e-06,0.00323315878241296,0.037005647970893105,4.288874921831769,3804.094000541481,56559.79211539036,78187.35428534249,56559.78888223158,True
f1:MAFAULDA:mafaulda_imbalance_30g_34.816:col3_underhang_radial:train:100000-150000,MAFAULDA,imbalance,2088.96,50000,2048,0.25,log1p,0.0024266721116487752,0.055303072988373794,0.1759416829889688,1.1219901846479199,4.1379995330319,5.475716860699787,5.637001503956319,5.420413787711413,True
f1:MAFAULDA:mafaulda_imbalance_30g_34.816:col3_underhang_radial:train:100000-150000,MAFAULDA,imbalance,2088.96,50000,2048,0.25,db,-52.28923662687704,-24.903729657808544,-14.317319864390111,6.32343380618766,35.802508742849135,47.525026093599905,48.931365176612346,72.42875575140845,True
f1:MAFAULDA:mafaulda_imbalance_30g_34.816:col3_underhang_radial:train:100000-150000,MAFAULDA,imbalance,2088.96,50000,2048,0.5,magnitude,0.0024296188635356143,0.05859304375285074,0.1911133900359645,2.07756773431062,62.25506896228618,235.46585150399136,279.6200176763861,235.4072584602385,True
f1:MAFAULDA:mafaulda_imbalance_30g_34.816:col3_underhang_radial:train:100000-150000,MAFAULDA,imbalance,2088.96,50000,2048,0.5,power,5.9030478220480896e-06,0.003433145678665318,0.03652433871671354,4.316287690648563,3875.693612855103,55444.36232767168,78187.35428534249,55444.358894526005,True
f1:MAFAULDA:mafaulda_imbalance_30g_34.816:col3_underhang_radial:train:100000-150000,MAFAULDA,imbalance,2088.96,50000,2048,0.5,log1p,0.0024266721116487752,0.05694070884129714,0.17488848775151472,1.1241395883584313,4.147175265923221,5.465802058048043,5.637001503956319,5.408861349206746,True
f1:MAFAULDA:mafaulda_imbalance_30g_34.816:col3_underhang_radial:train:100000-150000,MAFAULDA,imbalance,2088.96,50000,2048,0.5,db,-52.28923662687704,-24.643079945353566,-14.374178963393032,6.351103837582465,35.88349436934378,47.4385433318257,48.931365176612346,72.08162327717926,True
f1:MAFAULDA:mafaulda_imbalance_30g_34.816:col3_underhang_radial:train:100000-150000,MAFAULDA,imbalance,2088.96,50000,4096,0.25,magnitude,0.0005453751095735469,0.08922857879960638,0.27806668823290465,2.966662631048379,80.24733449536734,399.7483255866604,576.2547998827984,399.6590970078608,True
f1:MAFAULDA:mafaulda_imbalance_30g_34.816:col3_underhang_radial:train:100000-150000,MAFAULDA,imbalance,2088.96,50000,4096,0.25,power,2.974340101423583e-07,0.00796174425475148,0.07732108313471583,8.80108716645889,6439.635965009283,159798.73123052248,332069.594387964,159798.7232687782,True
f1:MAFAULDA:mafaulda_imbalance_30g_34.816:col3_underhang_radial:train:100000-150000,MAFAULDA,imbalance,2088.96,50000,4096,0.25,log1p,0.000545226446617404,0.08546971771426848,0.2453485363006601,1.3779250940660948,4.397497918026809,5.993333590172172,6.358283763285003,5.907863872457904,True
f1:MAFAULDA:mafaulda_imbalance_30g_34.816:col3_underhang_radial:train:100000-150000,MAFAULDA,imbalance,2088.96,50000,4096,0.25,db,-65.26609214233973,-20.9899231895965,-11.117020709094225,9.445363223193663,38.08861145620169,52.03573286439638,55.21229111689899,73.02565605399288,True
f1:MAFAULDA:mafaulda_imbalance_30g_34.816:col3_underhang_radial:train:100000-150000,MAFAULDA,imbalance,2088.96,50000,4096,0.5,magnitude,0.010370735144789478,0.08133160731274745,0.2749178395890084,2.9456840188691373,80.61970163218679,398.42298611724937,576.2547998827984,398.34165450993663,True
f1:MAFAULDA:mafaulda_imbalance_30g_34.816:col3_underhang_radial:train:100000-150000,MAFAULDA,imbalance,2088.96,50000,4096,0.5,power,0.00010755214744337163,0.006614838371984976,0.07557982257170043,8.677054339021032,6499.537090996176,158743.03742855877,332069.594387964,158743.0308137204,True
f1:MAFAULDA:mafaulda_imbalance_30g_34.816:col3_underhang_radial:train:100000-150000,MAFAULDA,imbalance,2088.96,50000,4096,0.5,log1p,0.010317328001267247,0.07819324795647527,0.24288173575104652,1.3726223280812042,4.402070614359435,5.9900141587825955,6.358283763285003,5.91182091082612,True
f1:MAFAULDA:mafaulda_imbalance_30g_34.816:col3_underhang_radial:train:100000-150000,MAFAULDA,imbalance,2088.96,50000,4096,0.5,db,-39.68380905459983,-21.794818146434842,-11.215941781452878,9.383723172073612,38.128823196034666,52.0068282544129,55.21229111689899,73.80164640084774,True
f1:MAFAULDA:mafaulda_imbalance_6g_62.0544:col3_underhang_radial:train:100000-150000,MAFAULDA,imbalance,3723.264,50000,256,0.25,magnitude,0.0010039420569327717,0.02174822256243673,0.08562575745093148,1.0075264775703276,50.868027817185975,113.26796958572079,136.52772140187255,113.24622136315836,True
f1:MAFAULDA:mafaulda_imbalance_6g_62.0544:col3_underhang_radial:train:100000-150000,MAFAULDA,imbalance,3723.264,50000,256,0.25,power,1.0078996536784046e-06,0.00047299983356072087,0.0073317704918429765,1.0151096032302962,2587.556283063832,12829.636882504663,18639.81871118733,12829.63640950483,True
f1:MAFAULDA:mafaulda_imbalance_6g_62.0544:col3_underhang_radial:train:100000-150000,MAFAULDA,imbalance,3723.264,50000,256,0.25,log1p,0.0010034384441431213,0.021515096843841668,0.08215655565771747,0.6969033560490782,3.9487025605941897,4.738546149202629,4.9238255069814585,4.717031052358788,True
f1:MAFAULDA:mafaulda_imbalance_6g_62.0544:col3_underhang_radial:train:100000-150000,MAFAULDA,imbalance,3723.264,50000,256,0.25,db,-59.96582617506665,-33.251658805445885,-21.347911554083513,0.06512936239735301,34.12889795345261,41.08214097358803,42.70441684139101,74.33379977903391,True
f1:MAFAULDA:mafaulda_imbalance_6g_62.0544:col3_underhang_radial:train:100000-150000,MAFAULDA,imbalance,3723.264,50000,256,0.5,magnitude,0.0011418422433138176,0.02170261072399987,0.08512646227654859,1.0097532463789956,50.9267883057536,112.54153241104672,133.58119485402673,112.51982980032271,True
f1:MAFAULDA:mafaulda_imbalance_6g_62.0544:col3_underhang_radial:train:100000-150000,MAFAULDA,imbalance,3723.264,50000,256,0.5,power,1.3038037086159312e-06,0.00047101268536147247,0.007246531157109405,1.0196016185729204,2593.538081082007,12665.603000835476,17843.935618629457,12665.60252982279,True
f1:MAFAULDA:mafaulda_imbalance_6g_62.0544:col3_underhang_radial:train:100000-150000,MAFAULDA,imbalance,3723.264,50000,256,0.5,log1p,0.0011411908372809718,0.02147045739741457,0.08169652825392926,0.6980119515394665,3.949834751142168,4.732168442658499,4.9021676961129925,4.710697985261084,True
f1:MAFAULDA:mafaulda_imbalance_6g_62.0544:col3_underhang_radial:train:100000-150000,MAFAULDA,imbalance,3723.264,50000,256,0.5,db,-58.84787711892231,-33.2698463487891,-21.398718236661864,0.08430516307269045,34.13892524028381,41.02625426287629,42.514906476275925,74.2961006116654,True
f1:MAFAULDA:mafaulda_imbalance_6g_62.0544:col3_underhang_radial:train:100000-150000,MAFAULDA,imbalance,3723.264,50000,512,0.25,magnitude,0.004786062731992732,0.03603956878015659,0.12687587058921532,1.4181538426457512,57.071240606783675,173.32604478736172,197.15935072039753,173.29000521858157,True
f1:MAFAULDA:mafaulda_imbalance_6g_62.0544:col3_underhang_radial:train:100000-150000,MAFAULDA,imbalance,3723.264,50000,512,0.25,power,2.290639647456973e-05,0.0012989139413889076,0.01609748658469663,2.01116032141091,3257.1290511804955,30041.92043531922,38871.80957648872,30041.91913640528,True
f1:MAFAULDA:mafaulda_imbalance_6g_62.0544:col3_underhang_radial:train:100000-150000,MAFAULDA,imbalance,3723.264,50000,512,0.25,log1p,0.004774645946896785,0.03540530736807963,0.11944908752613398,0.883004374091659,4.061670165607767,5.160927323086192,5.289071508633536,5.125522015718112,True
f1:MAFAULDA:mafaulda_imbalance_6g_62.0544:col3_underhang_radial:train:100000-150000,MAFAULDA,imbalance,3723.264,50000,512,0.25,db,-46.40043208432789,-28.864620164298362,-17.93241930014899,3.0344669220390648,35.12834287057273,44.77727615427124,45.89634758557892,73.64189631856961,True
f1:MAFAULDA:mafaulda_imbalance_6g_62.0544:col3_underhang_radial:train:100000-150000,MAFAULDA,imbalance,3723.264,50000,512,0.5,magnitude,0.004786062731992732,0.03572623726362622,0.12986170814740836,1.41635331048554,56.622075983662356,173.41111093362997,194.47936095652918,173.37538469636635,True
f1:MAFAULDA:mafaulda_imbalance_6g_62.0544:col3_underhang_radial:train:100000-150000,MAFAULDA,imbalance,3723.264,50000,512,0.5,power,2.290639647456973e-05,0.0012764041567533925,0.016864065252813348,2.006056700171883,3206.0598981632625,30071.42199946131,37822.221838059966,30071.420723057152,True
f1:MAFAULDA:mafaulda_imbalance_6g_62.0544:col3_underhang_radial:train:100000-150000,MAFAULDA,imbalance,3723.264,50000,512,0.5,log1p,0.004774645946896785,0.03510284046314168,0.12209524227730276,0.8822595071604599,4.053905696223868,5.161415077602131,5.275454803297619,5.126312237138989,True
f1:MAFAULDA:mafaulda_imbalance_6g_62.0544:col3_underhang_radial:train:100000-150000,MAFAULDA,imbalance,3723.264,50000,512,0.5,db,-46.40043208432789,-28.940392003735997,-17.730378288835126,3.0234320401073624,35.0597152100212,44.78153716808996,45.77747037562521,73.72192917182596,True
f1:MAFAULDA:mafaulda_imbalance_6g_62.0544:col3_underhang_radial:train:100000-150000,MAFAULDA,imbalance,3723.264,50000,1024,0.25,magnitude,0.001227075172586467,0.05412988463698343,0.17882983776702543,2.018327222208608,78.83034470559865,235.6523570716595,248.24120701505757,235.59822718702253,True
f1:MAFAULDA:mafaulda_imbalance_6g_62.0544:col3_underhang_radial:train:100000-150000,MAFAULDA,imbalance,3723.264,50000,1024,0.25,power,1.5057134791781079e-06,0.002930045220953137,0.03198011089365206,4.07364477824437,6214.224172870025,55532.037310564425,61623.696860292664,55532.0343805192,True
f1:MAFAULDA:mafaulda_imbalance_6g_62.0544:col3_underhang_radial:train:100000-150000,MAFAULDA,imbalance,3723.264,50000,1024,0.25,log1p,0.001226322931155183,0.05271567236828206,0.16452228353887227,1.1047027778684075,4.379903619032143,5.466592181489951,5.518421130446583,5.413876509121669,True
f1:MAFAULDA:mafaulda_imbalance_6g_62.0544:col3_underhang_radial:train:100000-150000,MAFAULDA,imbalance,3723.264,50000,1024,0.25,db,-58.222575909824165,-25.331259154496717,-14.951200346352124,6.099831553886774,37.93386786580482,47.44543545510455,47.897477484743916,72.77669460960126,True
f1:MAFAULDA:mafaulda_imbalance_6g_62.0544:col3_underhang_radial:train:100000-150000,MAFAULDA,imbalance,3723.264,50000,1024,0.5,magnitude,0.0041207908889902,0.05392345625415328,0.18063531864722993,2.026288719769872,78.6748237181382,235.69566653578931,248.24120701505757,235.64174307953516,True
f1:MAFAULDA:mafaulda_imbalance_6g_62.0544:col3_underhang_radial:train:100000-150000,MAFAULDA,imbalance,3723.264,50000,1024,0.5,power,1.6980917550784643e-05,0.002907744634683821,0.032629141628098164,4.105845977812168,6189.740720940516,55552.46076614119,61623.696860292664,55552.45785839655,True
f1:MAFAULDA:mafaulda_imbalance_6g_62.0544:col3_underhang_radial:train:100000-150000,MAFAULDA,imbalance,3723.264,50000,1024,0.5,log1p,0.004112323683300528,0.05251982285650624,0.16605269087001842,1.107337023718949,4.377952636826902,5.466775087611644,5.518421130446583,5.4142552647551385,True
f1:MAFAULDA:mafaulda_imbalance_6g_62.0544:col3_underhang_radial:train:100000-150000,MAFAULDA,imbalance,3723.264,50000,1024,0.5,db,-47.70038825612416,-25.36445377485072,-14.863949703623037,6.134026533261416,37.91670656403118,47.44703089541175,47.897477484743916,72.81148467026247,True
f1:MAFAULDA:mafaulda_imbalance_6g_62.0544:col3_underhang_radial:train:100000-150000,MAFAULDA,imbalance,3723.264,50000,2048,0.25,magnitude,0.0010048926800792673,0.07631539011866398,0.25846736033954715,2.8440000755456465,89.85312151610218,414.0000930946954,431.58905697015297,413.9237777045767,True
f1:MAFAULDA:mafaulda_imbalance_6g_62.0544:col3_underhang_radial:train:100000-150000,MAFAULDA,imbalance,3723.264,50000,2048,0.25,power,1.0098092984768926e-06,0.005824038770012938,0.06680537639973037,8.088336430539275,8073.58373988235,171396.07885220577,186269.11409638595,171396.073028167,True
f1:MAFAULDA:mafaulda_imbalance_6g_62.0544:col3_underhang_radial:train:100000-150000,MAFAULDA,imbalance,3723.264,50000,2048,0.25,log1p,0.0010043881134252956,0.07354353228295457,0.229894599876784,1.3465135107326436,4.509244135471872,6.028278739417007,6.069788217244671,5.9547352071340525,True
f1:MAFAULDA:mafaulda_imbalance_6g_62.0544:col3_underhang_radial:train:100000-150000,MAFAULDA,imbalance,3723.264,50000,2048,0.25,db,-59.95760548136796,-22.34775741651051,-11.751885848972954,9.078592071736033,39.07066322577569,52.34000873073872,52.70140849048232,74.68776614724922,True
f1:MAFAULDA:mafaulda_imbalance_6g_62.0544:col3_underhang_radial:train:100000-150000,MAFAULDA,imbalance,3723.264,50000,2048,0.5,magnitude,0.0010048926800792673,0.07403670491898855,0.25350542126310244,2.8480168453431776,89.84455103697708,414.55552410384087,431.58905697015297,414.4814873989219,True
f1:MAFAULDA:mafaulda_imbalance_6g_62.0544:col3_underhang_radial:train:100000-150000,MAFAULDA,imbalance,3723.264,50000,2048,0.5,power,1.0098092984768926e-06,0.005481451824857566,0.0642650092063709,8.111199951358506,8072.04357715404,171856.2961195884,186269.11409638595,171856.29063813656,True
f1:MAFAULDA:mafaulda_imbalance_6g_62.0544:col3_underhang_radial:train:100000-150000,MAFAULDA,imbalance,3723.264,50000,2048,0.5,log1p,0.0010043881134252956,0.07142416353923406,0.22594396013544715,1.347557910481814,4.509149801766841,6.029616198127573,6.069788217244671,5.958192034588339,True
f1:MAFAULDA:mafaulda_imbalance_6g_62.0544:col3_underhang_radial:train:100000-150000,MAFAULDA,imbalance,3723.264,50000,2048,0.5,db,-59.95760548136796,-22.611072702688602,-11.920255688064561,9.090851074727423,39.069834734572545,52.351653790401286,52.70140849048232,74.96272649308989,True
f1:MAFAULDA:mafaulda_imbalance_6g_62.0544:col3_underhang_radial:train:100000-150000,MAFAULDA,imbalance,3723.264,50000,4096,0.25,magnitude,0.01283941803278564,0.11592823877682418,0.3545498649628387,3.7976355884495407,112.86302741088421,465.56626508156893,994.3879504748023,465.4503368427921,True
f1:MAFAULDA:mafaulda_imbalance_6g_62.0544:col3_underhang_radial:train:100000-150000,MAFAULDA,imbalance,3723.264,50000,4096,0.25,power,0.0001648506554206211,0.01343940934805426,0.12570561642376366,14.42203606265849,12738.06297251959,216752.3178078009,988807.396049478,216752.30436839155,True
f1:MAFAULDA:mafaulda_imbalance_6g_62.0544:col3_underhang_radial:train:100000-150000,MAFAULDA,imbalance,3723.264,50000,4096,0.25,log1p,0.01275769150901226,0.10968653852396738,0.3034691935236759,1.5681232108139556,4.73499621143464,6.145399205151137,6.903132561142026,6.03571266662717,True
f1:MAFAULDA:mafaulda_imbalance_6g_62.0544:col3_underhang_radial:train:100000-150000,MAFAULDA,imbalance,3723.264,50000,4096,0.25,db,-37.8290931506492,-18.716232263411367,-9.00645384561842,11.590265772132469,41.05103390452808,53.35962264075686,59.951117061787514,72.07585490416822,True
f1:MAFAULDA:mafaulda_imbalance_6g_62.0544:col3_underhang_radial:train:100000-150000,MAFAULDA,imbalance,3723.264,50000,4096,0.5,magnitude,0.019521389348881493,0.11510533704215675,0.34723844399684517,3.7941307834634235,112.91452666709675,463.02051905832394,993.9308840074622,462.9054137212818,True
f1:MAFAULDA:mafaulda_imbalance_6g_62.0544:col3_underhang_radial:train:100000-150000,MAFAULDA,imbalance,3723.264,50000,4096,0.5,power,0.0003810846421106238,0.013249310589325157,0.1205745522286396,14.395428402024772,12749.690370855795,214388.00359719098,987898.6021838553,214387.9903478804,True
f1:MAFAULDA:mafaulda_imbalance_6g_62.0544:col3_underhang_radial:train:100000-150000,MAFAULDA,imbalance,3723.264,50000,4096,0.5,log1p,0.01933329104660318,0.10894884420291007,0.2980568961219593,1.5673924162957817,4.735448399621534,6.139928767485168,6.902673271436822,6.030979923282258,True
f1:MAFAULDA:mafaulda_imbalance_6g_62.0544:col3_underhang_radial:train:100000-150000,MAFAULDA,imbalance,3723.264,50000,4096,0.5,db,-34.189785486965604,-18.77811428532846,-9.187444517352906,11.582245938543569,41.054996353418815,53.31200469857057,59.94712370931943,72.09011898389903,True
f1:MAFAULDA:mafaulda_normal_13.1072:col3_underhang_radial:train:100000-150000,MAFAULDA,normal,786.432,50000,256,0.25,magnitude,8.995343383910726e-05,0.008906910242398884,0.03289450520197809,0.36759919363631893,18.247927821438974,28.441191119400507,37.98887643012472,28.43228420915811,True
f1:MAFAULDA:mafaulda_normal_13.1072:col3_underhang_radial:train:100000-150000,MAFAULDA,normal,786.432,50000,256,0.25,power,8.091620259446647e-09,7.933791266909528e-05,0.0010820498485111414,0.13512916718573864,332.98687535067745,808.9018500795102,1443.1547324232854,808.9017707415975,True
f1:MAFAULDA:mafaulda_normal_13.1072:col3_underhang_radial:train:100000-150000,MAFAULDA,normal,786.432,50000,256,0.25,log1p,8.994938827158417e-05,0.008867475304014763,0.03236505959405687,0.3130567891569698,2.9574034017773996,3.382394465029596,3.6632763857063684,3.373526989725581,True
f1:MAFAULDA:mafaulda_normal_13.1072:col3_underhang_radial:train:100000-150000,MAFAULDA,normal,786.432,50000,256,0.25,db,-80.91963541308837,-41.00572378710158,-29.65753833555106,-8.692508997417768,25.224271016284366,29.078952941156142,31.59312897855985,70.08467672825772,True
f1:MAFAULDA:mafaulda_normal_13.1072:col3_underhang_radial:train:100000-150000,MAFAULDA,normal,786.432,50000,256,0.5,magnitude,0.0003605396520091064,0.009143422668736098,0.03335597409776135,0.3683997828871165,18.230346909028093,28.466015104805102,37.98887643012472,28.456871682136367,True
f1:MAFAULDA:mafaulda_normal_13.1072:col3_underhang_radial:train:100000-150000,MAFAULDA,normal,786.432,50000,256,0.5,power,1.2998884067084757e-07,8.361967539091987e-05,0.0011126210090052898,0.13571840003127458,332.34557445702274,810.3146681395228,1443.1547324232854,810.3145845198475,True
f1:MAFAULDA:mafaulda_normal_13.1072:col3_underhang_radial:train:100000-150000,MAFAULDA,normal,786.432,50000,256,0.5,log1p,0.0003604746732065917,0.00910186605881203,0.032811732999683804,0.31364201545944415,2.95648956423951,3.3832371929606193,3.6632763857063684,3.3741353269018073,True
f1:MAFAULDA:mafaulda_normal_13.1072:col3_underhang_radial:train:100000-150000,MAFAULDA,normal,786.432,50000,256,0.5,db,-68.8609368864959,-40.77871867361234,-29.536527419485832,-8.673612686090395,25.215898320204385,29.086530010407866,31.59312897855985,69.8652486840202,True
f1:MAFAULDA:mafaulda_normal_13.1072:col3_underhang_radial:train:100000-150000,MAFAULDA,normal,786.432,50000,512,0.25,magnitude,0.0019664028399452964,0.016449086528005693,0.05425298392144811,0.5565178166484323,13.687134167372035,49.21941631042495,61.45540789748141,49.20296722389694,True
f1:MAFAULDA:mafaulda_normal_13.1072:col3_underhang_radial:train:100000-150000,MAFAULDA,normal,786.432,50000,512,0.25,power,3.866740128944927e-06,0.0002705767577651277,0.002943387377275316,0.30971208024713803,187.33764194843224,2422.5509561439812,3776.76715984582,2422.5506855672234,True
f1:MAFAULDA:mafaulda_normal_13.1072:col3_underhang_radial:train:100000-150000,MAFAULDA,normal,786.432,50000,512,0.25,log1p,0.0019644720006716985,0.016315263710086823,0.05283244351354936,0.4424511574439928,2.6869718833012013,3.916401728193799,4.134452828458612,3.9000864644837123,True
f1:MAFAULDA:mafaulda_normal_13.1072:col3_underhang_radial:train:100000-150000,MAFAULDA,normal,786.432,50000,512,0.25,db,-54.126549702973975,-35.677233395846,-25.311529037622794,-5.090418546022367,22.726250483150917,33.84272915714767,35.77120211116692,69.51996255299368,True
f1:MAFAULDA:mafaulda_normal_13.1072:col3_underhang_radial:train:100000-150000,MAFAULDA,normal,786.432,50000,512,0.5,magnitude,0.0028892329462515878,0.018034590706512324,0.05447041837717063,0.5554771708741061,13.71270174962526,49.36029163546013,61.45540789748141,49.342257044753616,True
f1:MAFAULDA:mafaulda_normal_13.1072:col3_underhang_radial:train:100000-150000,MAFAULDA,normal,786.432,50000,512,0.5,power,8.34766701770563e-06,0.00032524908318443287,0.0029670277300708485,0.30855488775918927,188.03819954179974,2436.4388503330974,3776.76715984582,2436.438525084014,True
f1:MAFAULDA:mafaulda_normal_13.1072:col3_underhang_radial:train:100000-150000,MAFAULDA,normal,786.432,50000,512,0.5,log1p,0.0028850671348135425,0.017873895369394165,0.053038667232197474,0.4417823607750341,2.688711161580359,3.919202909538335,4.134452828458612,3.901329014168941,True
f1:MAFAULDA:mafaulda_normal_13.1072:col3_underhang_radial:train:100000-150000,MAFAULDA,normal,786.432,50000,512,0.5,db,-50.78434852885408,-34.87790927862012,-25.276787596286596,-5.106675705798435,22.74246036762928,33.86755352006673,35.77120211116692,68.74546279868684,True
f1:MAFAULDA:mafaulda_normal_13.1072:col3_underhang_radial:train:100000-150000,MAFAULDA,normal,786.432,50000,1024,0.25,magnitude,0.00250114085936732,0.027639465969026274,0.08547232878273442,0.819281421238252,14.000269053521752,99.79147601585558,125.27761708398933,99.76383654988655,True
f1:MAFAULDA:mafaulda_normal_13.1072:col3_underhang_radial:train:100000-150000,MAFAULDA,normal,786.432,50000,1024,0.25,power,6.255705598396697e-06,0.0007639404261374935,0.007305519014829217,0.6712220472092081,196.0075335904839,9958.339140627333,15694.481342242654,9958.338376686906,True
f1:MAFAULDA:mafaulda_normal_13.1072:col3_underhang_radial:train:100000-150000,MAFAULDA,normal,786.432,50000,1024,0.25,log1p,0.0024980182122711528,0.027264391316177333,0.08201521832097836,0.5984415996264397,2.7080681377994984,4.613053766322596,4.838482793413469,4.585789375006419,True
f1:MAFAULDA:mafaulda_normal_13.1072:col3_underhang_radial:train:100000-150000,MAFAULDA,normal,786.432,50000,1024,0.25,db,-52.03723663200084,-31.169408988898752,-21.36348926753268,-1.7313378687066012,22.922727637962293,39.98186872796156,41.957469680823806,71.1512777168603,True
f1:MAFAULDA:mafaulda_normal_13.1072:col3_underhang_radial:train:100000-150000,MAFAULDA,normal,786.432,50000,1024,0.5,magnitude,0.00250114085936732,0.027388753478951873,0.08734157430467548,0.8189462069198816,14.006644871626174,98.58188267490499,123.6480030003437,98.55449392142604,True
f1:MAFAULDA:mafaulda_normal_13.1072:col3_underhang_radial:train:100000-150000,MAFAULDA,normal,786.432,50000,1024,0.5,power,6.255705598396697e-06,0.0007501697149582277,0.007628550927801985,0.6706728899518037,196.18652008126162,9718.390536706918,15288.828645973006,9718.389786537204,True
f1:MAFAULDA:mafaulda_normal_13.1072:col3_underhang_radial:train:100000-150000,MAFAULDA,normal,786.432,50000,1024,0.5,log1p,0.0024980182122711528,0.027020380140273297,0.08373579443044313,0.5982573261937927,2.708492162905073,4.600980098638849,4.825493788985585,4.573959718498576,True
f1:MAFAULDA:mafaulda_normal_13.1072:col3_underhang_radial:train:100000-150000,MAFAULDA,normal,786.432,50000,1024,0.5,db,-52.03723663200084,-31.248703879763358,-21.175579861947792,-1.734892484801251,22.926673063412505,39.875940840779805,41.843742132039125,71.12464472054316,True
f1:MAFAULDA:mafaulda_normal_13.1072:col3_underhang_radial:train:100000-150000,MAFAULDA,normal,786.432,50000,2048,0.25,magnitude,0.002041921871075761,0.04292668052821404,0.12662606157206316,1.1687818348406958,17.270134879239436,172.6414037278868,218.371503170267,172.59847704735859,True
f1:MAFAULDA:mafaulda_normal_13.1072:col3_underhang_radial:train:100000-150000,MAFAULDA,normal,786.432,50000,2048,0.25,power,4.169444927577536e-06,0.0018427426106078053,0.016034161906681263,1.3660509774761413,298.2575647642181,29805.056550420715,47686.11339684193,29805.054707678104,True
f1:MAFAULDA:mafaulda_normal_13.1072:col3_underhang_radial:train:100000-150000,MAFAULDA,normal,786.432,50000,2048,0.25,log1p,0.002039839982166588,0.0420308572032437,0.11922737919240808,0.7741656434919821,2.9052677439023364,5.156992236890193,5.390766654128493,5.114961379686949,True
f1:MAFAULDA:mafaulda_normal_13.1072:col3_underhang_radial:train:100000-150000,MAFAULDA,normal,786.432,50000,2048,0.25,db,-53.79921715662466,-27.34555431040779,-17.94953866732794,1.3546690645050457,24.745914500588352,44.74289884036314,46.78391927192297,72.08845315077093,True
f1:MAFAULDA:mafaulda_normal_13.1072:col3_underhang_radial:train:100000-150000,MAFAULDA,normal,786.432,50000,2048,0.5,magnitude,0.002041921871075761,0.041345633550722634,0.12812004444708958,1.172244177838672,17.229137784289936,172.55014437623515,218.371503170267,172.50879874268443,True
f1:MAFAULDA:mafaulda_normal_13.1072:col3_underhang_radial:train:100000-150000,MAFAULDA,normal,786.432,50000,2048,0.5,power,4.169444927577536e-06,0.0017094615288429558,0.01641474730766975,1.3741564124766643,296.8431892835326,29773.555582406796,47686.11339684193,29773.553872945267,True
f1:MAFAULDA:mafaulda_normal_13.1072:col3_underhang_radial:train:100000-150000,MAFAULDA,normal,786.432,50000,2048,0.5,log1p,0.002039839982166588,0.040513755175013856,0.12055256919895835,0.7757608164889885,2.903021290301296,5.156466520100253,5.390766654128493,5.115952764925239,True
f1:MAFAULDA:mafaulda_normal_13.1072:col3_underhang_radial:train:100000-150000,MAFAULDA,normal,786.432,50000,2048,0.5,db,-53.79921715662466,-27.671407248749578,-17.84765878195653,1.3803616890343398,24.72527087563393,44.738306064786904,46.78391927192297,72.40971331353649,True
f1:MAFAULDA:mafaulda_normal_13.1072:col3_underhang_radial:train:100000-150000,MAFAULDA,normal,786.432,50000,4096,0.25,magnitude,0.005988922270362571,0.05281516746400257,0.18075100133995703,1.662066935255377,23.057991778981645,125.71330110699043,401.7398412871086,125.66048593952642,True
f1:MAFAULDA:mafaulda_normal_13.1072:col3_underhang_radial:train:100000-150000,MAFAULDA,normal,786.432,50000,4096,0.25,power,3.586718996044477e-05,0.002789442962892008,0.032670924847074,2.7624664972692012,531.6709849401474,15805.35889942414,161394.9000773912,15805.356109981178,True
f1:MAFAULDA:mafaulda_normal_13.1072:col3_underhang_radial:train:100000-150000,MAFAULDA,normal,786.432,50000,4096,0.25,log1p,0.005971059957239341,0.05146768779783554,0.16615067771819264,0.97910286438083,3.180467239802886,4.841879118708025,5.99829079836742,4.79041143091019,True
f1:MAFAULDA:mafaulda_normal_13.1072:col3_underhang_radial:train:100000-150000,MAFAULDA,normal,786.432,50000,4096,0.25,db,-44.45302632586524,-25.544828391831473,-14.85838580495263,4.412970197266595,27.25642959966565,41.98720149105754,52.07889807317862,67.53202988288902,True
f1:MAFAULDA:mafaulda_normal_13.1072:col3_underhang_radial:train:100000-150000,MAFAULDA,normal,786.432,50000,4096,0.5,magnitude,0.005988922270362571,0.0520756403817402,0.18093519065567176,1.6625424186200701,22.915434528221173,125.43102097627688,401.7398412871086,125.37894533589514,True
f1:MAFAULDA:mafaulda_normal_13.1072:col3_underhang_radial:train:100000-150000,MAFAULDA,normal,786.432,50000,4096,0.5,power,3.586718996044477e-05,0.002711874489161104,0.032737543241020316,2.7640472937110725,525.1177287259902,15738.65246176737,161394.9000773912,15738.64974989288,True
f1:MAFAULDA:mafaulda_normal_13.1072:col3_underhang_radial:train:100000-150000,MAFAULDA,normal,786.432,50000,4096,0.5,log1p,0.005971059957239341,0.050765012255008436,0.16630665903354155,0.9792814627847152,3.174523531276794,4.839512941925019,5.99829079836742,4.78874792967001,True
f1:MAFAULDA:mafaulda_normal_13.1072:col3_underhang_radial:train:100000-150000,MAFAULDA,normal,786.432,50000,4096,0.5,db,-44.45302632586524,-25.667311065906397,-14.84953915074501,4.415454697319846,27.202557061280842,41.96647560015204,52.07889807317862,67.63378666605843,True
f1:MAFAULDA:mafaulda_normal_36.4544:col3_underhang_radial:train:100000-150000,MAFAULDA,normal,2187.264,50000,256,0.25,magnitude,0.00014472707045420918,0.014739565727372667,0.05704746945913176,0.6177484971730491,20.729914823468338,27.74285255942455,34.395810806402025,27.728112993697177,True
f1:MAFAULDA:mafaulda_normal_36.4544:col3_underhang_radial:train:100000-150000,MAFAULDA,normal,2187.264,50000,256,0.25,power,2.094592492225763e-08,0.00021727330051250635,0.0032544138206808525,0.38161320576100677,429.72937567813165,769.665869724234,1183.0718010298024,769.6656524509334,True
f1:MAFAULDA:mafaulda_normal_36.4544:col3_underhang_radial:train:100000-150000,MAFAULDA,normal,2187.264,50000,256,0.25,log1p,0.00014471659850211918,0.014631985095720853,0.05547961546905992,0.48103536599334945,3.078689866986718,3.358389128744428,3.5665934743349377,3.343757143648707,True
f1:MAFAULDA:mafaulda_normal_36.4544:col3_underhang_radial:train:100000-150000,MAFAULDA,normal,2187.264,50000,256,0.25,db,-76.78899857310978,-36.630674753822746,-24.875272359664443,-4.183766047690453,26.331950281149137,28.86302226720549,30.730111029100602,65.49369702102824,True
f1:MAFAULDA:mafaulda_normal_36.4544:col3_underhang_radial:train:100000-150000,MAFAULDA,normal,2187.264,50000,256,0.5,magnitude,0.00014472707045420918,0.014612132375372537,0.0560557453425651,0.6167146794752879,20.296221403394135,27.787615043553014,34.395810806402025,27.77300291117764,True
f1:MAFAULDA:mafaulda_normal_36.4544:col3_underhang_radial:train:100000-150000,MAFAULDA,normal,2187.264,50000,256,0.5,power,2.094592492225763e-08,0.00021353529136427816,0.003142246769189624,0.3803369958803071,411.93661471396246,772.1515581052155,1183.0718010298024,772.1513445699242,True
f1:MAFAULDA:mafaulda_normal_36.4544:col3_underhang_radial:train:100000-150000,MAFAULDA,normal,2187.264,50000,256,0.5,log1p,0.00014471659850211918,0.014506393731297739,0.05454097295875762,0.48039611448479413,3.058529645446204,3.359945256434998,3.5665934743349377,3.3454388627037,True
f1:MAFAULDA:mafaulda_normal_36.4544:col3_underhang_radial:train:100000-150000,MAFAULDA,normal,2187.264,50000,256,0.5,db,-76.78899857310978,-36.70614807572784,-25.027597607484136,-4.198314279968508,26.14830371496048,28.877025428044394,30.730111029100602,65.58317350377223,True
f1:MAFAULDA:mafaulda_normal_36.4544:col3_underhang_radial:train:100000-150000,MAFAULDA,normal,2187.264,50000,512,0.25,magnitude,0.0005478419447777494,0.02788914176848937,0.08973242894707201,0.8853783399643687,28.183820540138846,47.80062194613292,52.25919865879105,47.77273280436443,True
f1:MAFAULDA:mafaulda_normal_36.4544:col3_underhang_radial:train:100000-150000,MAFAULDA,normal,2187.264,50000,512,0.25,power,3.0013079645786663e-07,0.0007778165474230233,0.008051909751624368,0.7838948048780612,794.3286619688972,2284.899458448676,2731.023844458988,2284.8986806321286,True
f1:MAFAULDA:mafaulda_normal_36.4544:col3_underhang_radial:train:100000-150000,MAFAULDA,normal,2187.264,50000,512,0.25,log1p,0.0005476919341650904,0.027507316641708485,0.08593218767749541,0.6341285116166739,3.3736139236243243,3.8877430575732674,3.9751705344369044,3.860235740931559,True
f1:MAFAULDA:mafaulda_normal_36.4544:col3_underhang_radial:train:100000-150000,MAFAULDA,normal,2187.264,50000,512,0.25,db,-65.22689280731234,-31.09136572319926,-20.941012026468943,-1.0574221365399885,28.999992258117516,33.58867094730819,34.36325491965546,64.68003667050745,True
f1:MAFAULDA:mafaulda_normal_36.4544:col3_underhang_radial:train:100000-150000,MAFAULDA,normal,2187.264,50000,512,0.5,magnitude,0.0005478419447777494,0.02760699282878543,0.08918977532408229,0.8830542837636701,28.346753551693048,47.82996611663991,52.25919865879105,47.80235912381112,True
f1:MAFAULDA:mafaulda_normal_36.4544:col3_underhang_radial:train:100000-150000,MAFAULDA,normal,2187.264,50000,512,0.5,power,3.0013079645786663e-07,0.0007622047301981736,0.007954818975748667,0.7797848683463469,803.5384843689166,2287.705659014936,2731.023844458988,2287.704896810206,True
f1:MAFAULDA:mafaulda_normal_36.4544:col3_underhang_radial:train:100000-150000,MAFAULDA,normal,2187.264,50000,512,0.5,log1p,0.0005476919341650904,0.027232763448654853,0.08543409320223816,0.6328950775607025,3.379181901083902,3.8883441841066864,3.9751705344369044,3.8611114206580317,True
f1:MAFAULDA:mafaulda_normal_36.4544:col3_underhang_radial:train:100000-150000,MAFAULDA,normal,2187.264,50000,512,0.5,db,-65.22689280731234,-31.17995633709265,-20.99370020475994,-1.0802519671645046,29.05006630248034,33.59400146370231,34.36325491965546,64.77395780079496,True
f1:MAFAULDA:mafaulda_normal_36.4544:col3_underhang_radial:train:100000-150000,MAFAULDA,normal,2187.264,50000,1024,0.25,magnitude,0.0002930683670463452,0.04184794340577865,0.1285123544298423,1.2601385122160447,34.663874260130896,105.20485640867012,112.45722112044488,105.16300846526434,True
f1:MAFAULDA:mafaulda_normal_36.4544:col3_underhang_radial:train:100000-150000,MAFAULDA,normal,2187.264,50000,1024,0.25,power,8.588906776321131e-08,0.0017512503738548112,0.016515425656671877,1.5879490699710437,1201.5841905716895,11068.061812366343,12646.626582132634,11068.060061115968,True
f1:MAFAULDA:mafaulda_normal_36.4544:col3_underhang_radial:train:100000-150000,MAFAULDA,normal,2187.264,50000,1024,0.25,log1p,0.0002930254309010761,0.040996005046069844,0.12090026470840547,0.8154260999972001,3.5741382462998876,4.6653698366398855,4.731425859446579,4.624373831593815,True
f1:MAFAULDA:mafaulda_normal_36.4544:col3_underhang_radial:train:100000-150000,MAFAULDA,normal,2187.264,50000,1024,0.25,db,-70.66061814671983,-27.566517601723294,-17.82110249820329,2.0083656932745657,30.797541970562904,40.440715758717495,41.0197469530348,68.0072333604408,True
f1:MAFAULDA:mafaulda_normal_36.4544:col3_underhang_radial:train:100000-150000,MAFAULDA,normal,2187.264,50000,1024,0.5,magnitude,0.0007357395442362077,0.04191058155630097,0.12902894126848607,1.260607116237955,34.33187181780299,105.19503744241085,112.1809360289835,105.15312686085456,True
f1:MAFAULDA:mafaulda_normal_36.4544:col3_underhang_radial:train:100000-150000,MAFAULDA,normal,2187.264,50000,1024,0.5,power,5.413126769529026e-07,0.001756507839897112,0.01664847032891969,1.589130303825307,1178.682725449836,11065.995914816423,12584.562408338887,11065.994158308584,True
f1:MAFAULDA:mafaulda_normal_36.4544:col3_underhang_radial:train:100000-150000,MAFAULDA,normal,2187.264,50000,1024,0.5,log1p,0.0007354690205795669,0.041056120340490394,0.12135791822920695,0.8156334124851048,3.5647833165929543,4.665277378756193,4.728987741948632,4.6242212584157025,True
f1:MAFAULDA:mafaulda_normal_36.4544:col3_underhang_radial:train:100000-150000,MAFAULDA,normal,2187.264,50000,1024,0.5,db,-62.66551684029852,-27.553553363810376,-17.78625800823704,2.011595082901544,30.7139301048055,40.439905045865146,40.998381188165965,67.99345840967553,True
f1:MAFAULDA:mafaulda_normal_36.4544:col3_underhang_radial:train:100000-150000,MAFAULDA,normal,2187.264,50000,2048,0.25,magnitude,0.006652395182543786,0.05625517077807119,0.1879019620690235,1.7864202972005856,41.175241693651714,127.99974357225905,215.95580898231836,127.94348840148098,True
f1:MAFAULDA:mafaulda_normal_36.4544:col3_underhang_radial:train:100000-150000,MAFAULDA,normal,2187.264,50000,2048,0.25,power,4.4254361664731766e-05,0.0031646450780710416,0.035307147426915084,3.1912974787865656,1695.4007380516298,16383.937900995026,46636.91143320758,16383.934736349947,True
f1:MAFAULDA:mafaulda_normal_36.4544:col3_underhang_radial:train:100000-150000,MAFAULDA,normal,2187.264,50000,2048,0.25,log1p,0.006630365647191381,0.05472979471254366,0.17218869399680797,1.0247577243900747,3.741833300252233,4.8598103099695065,5.379693687559179,4.805080515256963,True
f1:MAFAULDA:mafaulda_normal_36.4544:col3_underhang_radial:train:100000-150000,MAFAULDA,normal,2187.264,50000,2048,0.25,db,-43.540439061788774,-24.99675218653826,-14.521373704520778,5.039672890143249,32.29272260540552,42.144181051892275,46.68729781203979,67.14093323843053,True
f1:MAFAULDA:mafaulda_normal_36.4544:col3_underhang_radial:train:100000-150000,MAFAULDA,normal,2187.264,50000,2048,0.5,magnitude,0.008019948578493086,0.053303714477585896,0.18516023404908546,1.7883533610593771,41.17448222836642,129.4840997348435,215.95580898231836,129.43079602036593,True
f1:MAFAULDA:mafaulda_normal_36.4544:col3_underhang_radial:train:100000-150000,MAFAULDA,normal,2187.264,50000,2048,0.5,power,6.431957520167327e-05,0.0028412900916763464,0.034284326363029166,3.198207744012371,1695.33854524401,16766.995646533724,46636.91143320758,16766.992805243633,True
f1:MAFAULDA:mafaulda_normal_36.4544:col3_underhang_radial:train:100000-150000,MAFAULDA,normal,2187.264,50000,2048,0.5,log1p,0.007987959709793886,0.05193161751431038,0.16987797903672314,1.0254512284320467,3.7418151946884644,4.871225808615898,5.379693687559179,4.819294191101587,True
f1:MAFAULDA:mafaulda_normal_36.4544:col3_underhang_radial:train:100000-150000,MAFAULDA,normal,2187.264,50000,2048,0.5,db,-41.916568217156055,-25.46485678503554,-14.64904735948223,5.049066705744536,32.29256150191685,42.24410327924486,46.68729781203979,67.7089600642804,True
f1:MAFAULDA:mafaulda_normal_36.4544:col3_underhang_radial:train:100000-150000,MAFAULDA,normal,2187.264,50000,4096,0.25,magnitude,0.012260490076155456,0.07737359215970396,0.2585899191633049,2.489635591448225,52.65535181518242,147.3709054911403,414.76621381939987,147.29353189898058,True
f1:MAFAULDA:mafaulda_normal_36.4544:col3_underhang_radial:train:100000-150000,MAFAULDA,normal,2187.264,50000,4096,0.25,power,0.0001503196169075064,0.005987071882395604,0.06686874690045434,6.198285378205752,2772.5860773562936,21718.187565793454,172031.01212608014,21718.18157872157,True
f1:MAFAULDA:mafaulda_normal_36.4544:col3_underhang_radial:train:100000-150000,MAFAULDA,normal,2187.264,50000,4096,0.25,log1p,0.012185939004276036,0.07452604842614652,0.2299919823232949,1.249797315704889,3.982581217898055,4.99971517096883,6.0301231162768785,4.925189122542684,True
f1:MAFAULDA:mafaulda_normal_36.4544:col3_underhang_radial:train:100000-150000,MAFAULDA,normal,2187.264,50000,4096,0.25,db,-38.229843326296745,-22.22843203926209,-11.747768228224635,7.922715679573233,34.42885037276709,43.36823428298748,52.35606744472748,65.59666632224958,True
f1:MAFAULDA:mafaulda_normal_36.4544:col3_underhang_radial:train:100000-150000,MAFAULDA,normal,2187.264,50000,4096,0.5,magnitude,0.017315130669570244,0.07725130692457041,0.25288411274544503,2.486883567395703,52.30189831095807,147.33391521846437,414.76621381939987,147.2566639115398,True
f1:MAFAULDA:mafaulda_normal_36.4544:col3_underhang_radial:train:100000-150000,MAFAULDA,normal,2187.264,50000,4096,0.5,power,0.0002998137501042921,0.005968035091987555,0.0639503747087078,6.184589877782778,2735.4901449030485,21707.314758521148,172031.01212608014,21707.308790486055,True
f1:MAFAULDA:mafaulda_normal_36.4544:col3_underhang_radial:train:100000-150000,MAFAULDA,normal,2187.264,50000,4096,0.5,log1p,0.017166932067392962,0.07441259418114723,0.22544818373067116,1.2490083766558857,3.975971668271254,4.999465183601705,6.0301231162768785,4.925052589420558,True
f1:MAFAULDA:mafaulda_normal_36.4544:col3_underhang_radial:train:100000-150000,MAFAULDA,normal,2187.264,50000,4096,0.5,db,-35.23148448334348,-22.242078288596463,-11.941569092628788,7.913109053385633,34.37034653307153,43.36604814598214,52.35606744472748,65.60812643457861,True
f1:MAFAULDA:mafaulda_normal_61.44:col3_underhang_radial:train:100000-150000,MAFAULDA,normal,3686.4,50000,256,0.25,magnitude,8.190665313279055e-05,0.02579299917091926,0.08262856170566481,0.9175513331672748,26.323390448351788,35.79923249400072,49.933059481734034,35.7734394948298,True
f1:MAFAULDA:mafaulda_normal_61.44:col3_underhang_radial:train:100000-150000,MAFAULDA,normal,3686.4,50000,256,0.25,power,6.708699827415269e-09,0.0006653049625795545,0.006827479217296186,0.8419004490028517,692.9209105084556,1281.5858216892466,2493.310429206389,1281.5851563842841,True
f1:MAFAULDA:mafaulda_normal_61.44:col3_underhang_radial:train:100000-150000,MAFAULDA,normal,3686.4,50000,256,0.25,log1p,8.190329896602798e-05,0.02546595877122497,0.07939193753973534,0.651049024782693,3.307743111047049,3.605476702755892,3.9305122113823305,3.580010743984667,True
f1:MAFAULDA:mafaulda_normal_61.44:col3_underhang_radial:train:100000-150000,MAFAULDA,normal,3686.4,50000,256,0.25,db,-81.7336057920449,-31.77013342288732,-21.65739613104203,-0.7473925877363852,28.406836350308208,31.077471691132587,33.96776353635188,62.847605114019906,True
f1:MAFAULDA:mafaulda_normal_61.44:col3_underhang_radial:train:100000-150000,MAFAULDA,normal,3686.4,50000,256,0.5,magnitude,8.190665313279055e-05,0.0244526331310975,0.0829795137068361,0.9167509128417003,26.306324436934123,35.677876568081885,43.56879671516306,35.65342393495079,True
f1:MAFAULDA:mafaulda_normal_61.44:col3_underhang_radial:train:100000-150000,MAFAULDA,normal,3686.4,50000,256,0.5,power,6.708699827415269e-09,0.0005979323427639655,0.006885599743836778,0.8404322361960908,692.022747654947,1272.9123222548103,1898.2400472072034,1272.9117243224675,True
f1:MAFAULDA:mafaulda_normal_61.44:col3_underhang_radial:train:100000-150000,MAFAULDA,normal,3686.4,50000,256,0.5,log1p,8.190329896602798e-05,0.024158452982862583,0.079716051574287,0.650631519701282,3.3071183113767373,3.6021732169810625,3.7970339889535247,3.5780147639982,True
f1:MAFAULDA:mafaulda_normal_61.44:col3_underhang_radial:train:100000-150000,MAFAULDA,normal,3686.4,50000,256,0.5,db,-81.7336057920449,-32.2334951245547,-21.620582313105007,-0.7549729775441866,28.401203174454796,31.047975034583835,32.78351131478684,63.281470159138536,True
f1:MAFAULDA:mafaulda_normal_61.44:col3_underhang_radial:train:100000-150000,MAFAULDA,normal,3686.4,50000,512,0.25,magnitude,0.003074554400383178,0.036071236655720276,0.11913507002020647,1.277810535243523,42.555730880223535,49.6718998655408,67.22498922058756,49.63582862888508,True
f1:MAFAULDA:mafaulda_normal_61.44:col3_underhang_radial:train:100000-150000,MAFAULDA,normal,3686.4,50000,512,0.25,power,9.452884760915565e-06,0.0013011505696802822,0.01419316597362029,1.6327997639793386,1810.9902922221784,2467.2976986992458,4519.199175708113,2467.296397548676,True
f1:MAFAULDA:mafaulda_normal_61.44:col3_underhang_radial:train:100000-150000,MAFAULDA,normal,3686.4,50000,512,0.25,log1p,0.0030698376235210817,0.03543589505918549,0.11255612762582567,0.8232146900311575,3.7740412715564258,3.9253715015037525,4.222810908596406,3.889935606444567,True
f1:MAFAULDA:mafaulda_normal_61.44:col3_underhang_radial:train:100000-150000,MAFAULDA,normal,3686.4,50000,512,0.25,db,-50.24435608259716,-28.856834244790136,-18.479207830433634,2.129329289988709,32.579160928125596,33.922215316834276,36.550614825152216,62.77904956162441,True
f1:MAFAULDA:mafaulda_normal_61.44:col3_underhang_radial:train:100000-150000,MAFAULDA,normal,3686.4,50000,512,0.5,magnitude,0.0037160883490581324,0.03786578377481947,0.12036727871015893,1.2776446001713113,42.66854506231267,49.66069911249027,61.571043708345066,49.62283332871545,True
f1:MAFAULDA:mafaulda_normal_61.44:col3_underhang_radial:train:100000-150000,MAFAULDA,normal,3686.4,50000,512,0.5,power,1.3809312618005597e-05,0.0014338227562853956,0.014488282157480402,1.6323757246505668,1820.6047377463226,2466.185093233437,3790.9934233349386,2466.183659410681,True
f1:MAFAULDA:mafaulda_normal_61.44:col3_underhang_radial:train:100000-150000,MAFAULDA,normal,3686.4,50000,512,0.5,log1p,0.0037092007507580523,0.03716647125907333,0.11365655882160786,0.8231418388520699,3.7766280502989615,3.92515043348561,4.1363026105223435,3.887983962226537,True
f1:MAFAULDA:mafaulda_normal_61.44:col3_underhang_radial:train:100000-150000,MAFAULDA,normal,3686.4,50000,512,0.5,db,-48.598279152552166,-28.435076681452735,-18.389831264449562,2.1282012758525912,32.602156685544266,33.92025648314268,35.78753031008741,62.355333164595415,True
f1:MAFAULDA:mafaulda_normal_61.44:col3_underhang_radial:train:100000-150000,MAFAULDA,normal,3686.4,50000,1024,0.25,magnitude,0.001505457075490213,0.057881478642850016,0.17576027616372977,1.8071936971383549,52.777254750214915,110.16550751695243,114.73185798822188,110.10762603830958,True
f1:MAFAULDA:mafaulda_normal_61.44:col3_underhang_radial:train:100000-150000,MAFAULDA,normal,3686.4,50000,1024,0.25,power,2.266401006143545e-06,0.003350265948984471,0.030891674795023878,3.2659490589839044,2785.4386190886758,12136.439397849686,13163.399237429512,12136.436047583737,True
f1:MAFAULDA:mafaulda_normal_61.44:col3_underhang_radial:train:100000-150000,MAFAULDA,normal,3686.4,50000,1024,0.25,log1p,0.001504325011027686,0.05626830302451799,0.1619149818546686,1.032185300035364,3.984850603593297,4.711020135282266,4.751275946239209,4.654751832257748,True
f1:MAFAULDA:mafaulda_normal_61.44:col3_underhang_radial:train:100000-150000,MAFAULDA,normal,3686.4,50000,1024,0.25,db,-56.44663187991338,-24.749208134520003,-15.101585485648835,5.140094065414628,34.44893592598337,40.84091266478471,41.19368053369144,65.59012079930471,True
f1:MAFAULDA:mafaulda_normal_61.44:col3_underhang_radial:train:100000-150000,MAFAULDA,normal,3686.4,50000,1024,0.5,magnitude,0.00366414569494845,0.05537235127453542,0.17285802757490462,1.8100318187922932,53.24178661357534,110.04574598611997,113.95084356039101,109.99037363484543,True
f1:MAFAULDA:mafaulda_normal_61.44:col3_underhang_radial:train:100000-150000,MAFAULDA,normal,3686.4,50000,1024,0.5,power,1.342596367380926e-05,0.0030662045210033684,0.029879920846407833,3.27621521411466,2834.6878674946893,12110.06698973284,12984.794748124705,12110.06392352832,True
f1:MAFAULDA:mafaulda_normal_61.44:col3_underhang_radial:train:100000-150000,MAFAULDA,normal,3686.4,50000,1024,0.5,log1p,0.003657449066408114,0.05389359612895967,0.1594435203214972,1.033195804854171,3.9934515777647857,4.709942210775696,4.7445045896806635,4.656048614646736,True
f1:MAFAULDA:mafaulda_normal_61.44:col3_underhang_radial:train:100000-150000,MAFAULDA,normal,3686.4,50000,1024,0.5,db,-48.72054508500795,-25.13429187368459,-15.246212297349603,5.153724151084867,34.5250523705647,40.83146489597076,41.13435089086502,65.96575676965534,True
f1:MAFAULDA:mafaulda_normal_61.44:col3_underhang_radial:train:100000-150000,MAFAULDA,normal,3686.4,50000,2048,0.25,magnitude,0.0038387634907939994,0.07504951822603673,0.24679396653284022,2.5386779829339456,63.32569491484364,143.39384022499877,225.69974519411946,143.31879070677275,True
f1:MAFAULDA:mafaulda_normal_61.44:col3_underhang_radial:train:100000-150000,MAFAULDA,normal,3686.4,50000,2048,0.25,power,1.4736105138252933e-05,0.005632431413375765,0.06090726886325956,6.444885903521173,4010.1436683692227,20561.821876724265,50940.37498069045,20561.81624429285,True
f1:MAFAULDA:mafaulda_normal_61.44:col3_underhang_radial:train:100000-150000,MAFAULDA,normal,3686.4,50000,2048,0.25,log1p,0.0038314142402436626,0.0723667234538128,0.22057542750311246,1.2637532061475065,4.163959157436663,4.97254388492802,5.423626433534552,4.900177161474207,True
f1:MAFAULDA:mafaulda_normal_61.44:col3_underhang_radial:train:100000-150000,MAFAULDA,normal,3686.4,50000,2048,0.25,db,-48.31617265931932,-22.493042761212592,-12.153309729242695,8.092152329617251,36.03159925124471,43.130603899914654,47.07062137554665,65.62364666112725,True
f1:MAFAULDA:mafaulda_normal_61.44:col3_underhang_radial:train:100000-150000,MAFAULDA,normal,3686.4,50000,2048,0.5,magnitude,0.0038387634907939994,0.07236974058301977,0.2498467201602903,2.5503588097292402,62.33996751117105,141.5736975915203,225.69974519411946,141.5013278509373,True
f1:MAFAULDA:mafaulda_normal_61.44:col3_underhang_radial:train:100000-150000,MAFAULDA,normal,3686.4,50000,2048,0.5,power,1.4736105138252933e-05,0.005237520189068261,0.06242339133492244,6.504330058363547,3886.2716362470787,20061.04576266043,50940.37498069045,20061.04052514024,True
f1:MAFAULDA:mafaulda_normal_61.44:col3_underhang_radial:train:100000-150000,MAFAULDA,normal,3686.4,50000,2048,0.5,log1p,0.0038314142402436626,0.06987084923189239,0.22302091743956173,1.2670486715429428,4.148516517347235,4.959402077637234,5.423626433534552,4.889531228405342,True
f1:MAFAULDA:mafaulda_normal_61.44:col3_underhang_radial:train:100000-150000,MAFAULDA,normal,3686.4,50000,2048,0.5,db,-48.31617265931932,-22.808975767723272,-12.046527483441352,8.132025711946415,35.89533133497027,43.01562504881575,47.07062137554665,65.82460081653902,True
f1:MAFAULDA:mafaulda_normal_61.44:col3_underhang_radial:train:100000-150000,MAFAULDA,normal,3686.4,50000,4096,0.25,magnitude,0.0023341954950675853,0.09980656936544864,0.31986522834812064,3.391017829615614,77.30404327332471,257.0848876274705,444.60896559028095,256.98508105810504,True
f1:MAFAULDA:mafaulda_normal_61.44:col3_underhang_radial:train:100000-150000,MAFAULDA,normal,3686.4,50000,4096,0.25,power,5.44846860919381e-06,0.009961493588984708,0.10231376430923106,11.49900192077099,5975.91708540486,66092.6519392775,197677.13228325962,66092.6419777839,True
f1:MAFAULDA:mafaulda_normal_61.44:col3_underhang_radial:train:100000-150000,MAFAULDA,normal,3686.4,50000,4096,0.25,log1p,0.002331475492618995,0.09513425950739887,0.27752963164860306,1.479561052062253,4.3605990782257,5.55328845879875,6.099441808676106,5.458154199291352,True
f1:MAFAULDA:mafaulda_normal_61.44:col3_underhang_radial:train:100000-150000,MAFAULDA,normal,3686.4,50000,4096,0.25,db,-52.637255096923504,-20.016879244860174,-9.900659363115363,10.606601465433434,37.76404275201567,48.20153013884082,52.959564320978316,68.218409383701,True
f1:MAFAULDA:mafaulda_normal_61.44:col3_underhang_radial:train:100000-150000,MAFAULDA,normal,3686.4,50000,4096,0.5,magnitude,0.0023341954950675853,0.0996336179209096,0.31073703794847457,3.397679905180364,77.40768627797078,256.08192511572236,444.60896559028095,255.98229149780144,True
f1:MAFAULDA:mafaulda_normal_61.44:col3_underhang_radial:train:100000-150000,MAFAULDA,normal,3686.4,50000,4096,0.5,power,5.44846860919381e-06,0.009926979338389427,0.09655763081933157,11.544228738066447,5991.949950240724,65577.95837120045,197677.13228325962,65577.94844422111,True
f1:MAFAULDA:mafaulda_normal_61.44:col3_underhang_radial:train:100000-150000,MAFAULDA,normal,3686.4,50000,4096,0.5,log1p,0.002331475492618995,0.09497699948154725,0.27058956728740546,1.4810771075785092,4.361921957310178,5.549394763452531,6.099441808676106,5.454417763970984,True
f1:MAFAULDA:mafaulda_normal_61.44:col3_underhang_radial:train:100000-150000,MAFAULDA,normal,3686.4,50000,4096,0.5,db,-52.637255096923504,-20.031934861057756,-10.152145141269646,10.623649233341387,37.775681690970906,48.16757812226919,52.959564320978316,68.19951298332694,True
f1:MAFAULDA:mafaulda_overhang_ball_fault_35g_12.288:col3_underhang_radial:train:100000-150000,MAFAULDA,overhang/ball_fault,737.28,50000,256,0.25,magnitude,0.00019435179319682305,0.008037678490884806,0.03153113189643505,0.60795741682569,43.87393121734568,66.5984126509981,109.50095304920411,66.59037497250722,True
f1:MAFAULDA:mafaulda_overhang_ball_fault_35g_12.288:col3_underhang_radial:train:100000-150000,MAFAULDA,overhang/ball_fault,737.28,50000,256,0.25,power,3.7772619518820675e-08,6.460442981663462e-05,0.0009942136679594923,0.36961222079735184,1924.9219442146552,4435.349934499107,11990.458718684004,4435.349869894677,True
f1:MAFAULDA:mafaulda_overhang_ball_fault_35g_12.288:col3_underhang_radial:train:100000-150000,MAFAULDA,overhang/ball_fault,737.28,50000,256,0.25,log1p,0.00019433290933376578,0.00800554832990414,0.031044233609874787,0.4749646883085656,3.8038570038814195,4.213584351684885,4.705024145800289,4.205578803354981,True
f1:MAFAULDA:mafaulda_overhang_ball_fault_35g_12.288:col3_underhang_radial:train:100000-150000,MAFAULDA,overhang/ball_fault,737.28,50000,256,0.25,db,-74.22822449031946,-41.89739765163324,-30.02521481896602,-4.322536779220959,32.84413076703116,36.46927622218128,40.788357982107684,78.36667387381452,True
f1:MAFAULDA:mafaulda_overhang_ball_fault_35g_12.288:col3_underhang_radial:train:100000-150000,MAFAULDA,overhang/ball_fault,737.28,50000,256,0.5,magnitude,0.00019435179319682305,0.00803299738154107,0.03116584875913936,0.6035663159642163,43.677152156862384,67.74807015802138,92.11149194328581,67.74003716063983,True
f1:MAFAULDA:mafaulda_overhang_ball_fault_35g_12.288:col3_underhang_radial:train:100000-150000,MAFAULDA,overhang/ball_fault,737.28,50000,256,0.5,power,3.7772619518820675e-08,6.45291456567631e-05,0.0009713101924406219,0.36429229776661615,1907.6936575401885,4589.801076720235,8484.526948018007,4589.801012191089,True
f1:MAFAULDA:mafaulda_overhang_ball_fault_35g_12.288:col3_underhang_radial:train:100000-150000,MAFAULDA,overhang/ball_fault,737.28,50000,256,0.5,log1p,0.00019433290933376578,0.008000904562364427,0.030690054104045888,0.4722300963050726,3.7994622242452083,4.230448658678993,4.533797613220521,4.2224477541166285,True
f1:MAFAULDA:mafaulda_overhang_ball_fault_35g_12.288:col3_underhang_radial:train:100000-150000,MAFAULDA,overhang/ball_fault,737.28,50000,256,0.5,db,-74.22822449031946,-41.90245401917425,-30.126421080336645,-4.385500108069244,32.80508618971834,36.61793850899033,39.28627633385038,78.52039252816458,True
f1:MAFAULDA:mafaulda_overhang_ball_fault_35g_12.288:col3_underhang_radial:train:100000-150000,MAFAULDA,overhang/ball_fault,737.28,50000,512,0.25,magnitude,5.0215170419198873e-05,0.01646825767672921,0.05855643264032665,1.2686816956791906,60.554154074439104,94.51427996743843,142.11151611900712,94.49781170976169,True
f1:MAFAULDA:mafaulda_overhang_ball_fault_35g_12.288:col3_underhang_radial:train:100000-150000,MAFAULDA,overhang/ball_fault,737.28,50000,512,0.25,power,2.5215633402291854e-09,0.0002712035780020346,0.003428857173822708,1.6095532449514265,3666.8055940086697,8932.94958336284,20195.68301364282,8932.949312159262,True
f1:MAFAULDA:mafaulda_overhang_ball_fault_35g_12.288:col3_underhang_radial:train:100000-150000,MAFAULDA,overhang/ball_fault,737.28,50000,512,0.25,log1p,5.021390967973408e-05,0.016334126489711383,0.056906123344185426,0.8191989119901268,4.11991733898822,4.559275739244667,4.963624159348193,4.542941612754955,True
f1:MAFAULDA:mafaulda_overhang_ball_fault_35g_12.288:col3_underhang_radial:train:100000-150000,MAFAULDA,overhang/ball_fault,737.28,50000,512,0.25,db,-85.98328388406335,-35.66704794704703,-24.648509503331844,2.067053480401503,35.64287880887569,39.509948376109946,43.05258545500682,75.17699632315697,True
f1:MAFAULDA:mafaulda_overhang_ball_fault_35g_12.288:col3_underhang_radial:train:100000-150000,MAFAULDA,overhang/ball_fault,737.28,50000,512,0.5,magnitude,0.0003687474536810953,0.01597695027381239,0.05844048954171499,1.2673744645073324,60.63214015163446,94.48550216737416,122.63731774342396,94.46952521710035,True
f1:MAFAULDA:mafaulda_overhang_ball_fault_35g_12.288:col3_underhang_radial:train:100000-150000,MAFAULDA,overhang/ball_fault,737.28,50000,512,0.5,power,1.3597468459629152e-07,0.0002552654908667708,0.003415290866420661,1.606238033516274,3676.2565270963596,8927.52212838121,15039.91170330153,8927.521873115718,True
f1:MAFAULDA:mafaulda_overhang_ball_fault_35g_12.288:col3_underhang_radial:train:100000-150000,MAFAULDA,overhang/ball_fault,737.28,50000,512,0.5,log1p,0.0003686794830476158,0.015850660924875547,0.05679658849012322,0.8186225385005383,4.1211834760007156,4.558973768676172,4.81735242294435,4.543123107751297,True
f1:MAFAULDA:mafaulda_overhang_ball_fault_35g_12.288:col3_underhang_radial:train:100000-150000,MAFAULDA,overhang/ball_fault,737.28,50000,512,0.5,db,-68.66541704339835,-35.93016586167422,-24.665723141742628,2.0580990513433086,35.65405783142928,39.50729767904173,41.772452865966585,75.43746354071595,True
f1:MAFAULDA:mafaulda_overhang_ball_fault_35g_12.288:col3_underhang_radial:train:100000-150000,MAFAULDA,overhang/ball_fault,737.28,50000,1024,0.25,magnitude,0.0008150294075857101,0.028522879188402753,0.09496285990663107,2.0066428979710573,82.43926008920742,146.36842715647668,237.05742746033036,146.33990427728827,True
f1:MAFAULDA:mafaulda_overhang_ball_fault_35g_12.288:col3_underhang_radial:train:100000-150000,MAFAULDA,overhang/ball_fault,737.28,50000,1024,0.25,power,6.642729352295135e-07,0.0008135559217184523,0.009017944828790321,4.0266157205642,6796.231780327233,21423.723574354295,56196.22391410979,21423.722760798373,True
f1:MAFAULDA:mafaulda_overhang_ball_fault_35g_12.288:col3_underhang_radial:train:100000-150000,MAFAULDA,overhang/ball_fault,737.28,50000,1024,0.25,log1p,0.0008146974514751782,0.0281236744565186,0.09072044477174994,1.100824140011601,4.4241189304204065,4.992935594811242,5.472511936415406,4.964811920354723,True
f1:MAFAULDA:mafaulda_overhang_ball_fault_35g_12.288:col3_underhang_radial:train:100000-150000,MAFAULDA,overhang/ball_fault,737.28,50000,1024,0.25,db,-61.77653335281601,-30.896139577870215,-20.448924315604437,6.049401846764695,38.322681592110854,43.308946679915834,47.49707134281857,74.20508625778605,True
f1:MAFAULDA:mafaulda_overhang_ball_fault_35g_12.288:col3_underhang_radial:train:100000-150000,MAFAULDA,overhang/ball_fault,737.28,50000,1024,0.5,magnitude,0.0008150294075857101,0.028240662942615513,0.09394873556024523,1.9945839621868229,82.6644964052424,145.31505574308676,237.05742746033036,145.28681508014415,True
f1:MAFAULDA:mafaulda_overhang_ball_fault_35g_12.288:col3_underhang_radial:train:100000-150000,MAFAULDA,overhang/ball_fault,737.28,50000,1024,0.5,power,6.642729352295135e-07,0.000797555012386819,0.008826366629877137,3.978365196074982,6833.41955327596,21116.870399500982,56196.22391410979,21116.86960194597,True
f1:MAFAULDA:mafaulda_overhang_ball_fault_35g_12.288:col3_underhang_radial:train:100000-150000,MAFAULDA,overhang/ball_fault,737.28,50000,1024,0.5,log1p,0.0008146974514751782,0.027849238112279392,0.08979384255052981,1.09680531035647,4.426814668792067,4.985752721979896,5.472511936415406,4.957903483867617,True
f1:MAFAULDA:mafaulda_overhang_ball_fault_35g_12.288:col3_underhang_radial:train:100000-150000,MAFAULDA,overhang/ball_fault,737.28,50000,1024,0.5,db,-61.77653335281601,-30.982610537842064,-20.54218204768573,5.9970464392022205,38.346380113785024,43.24612868002046,47.49707134281857,74.22873921786253,True
f1:MAFAULDA:mafaulda_overhang_ball_fault_35g_12.288:col3_underhang_radial:train:100000-150000,MAFAULDA,overhang/ball_fault,737.28,50000,2048,0.25,magnitude,0.0034525624331878113,0.04488842514260726,0.1413884954743959,2.697046775365317,117.46608669441501,233.29208178321966,394.1074040248783,233.24719335807706,True
f1:MAFAULDA:mafaulda_overhang_ball_fault_35g_12.288:col3_underhang_radial:train:100000-150000,MAFAULDA,overhang/ball_fault,737.28,50000,2048,0.25,power,1.192018735505974e-05,0.0020151327444065522,0.019990706931108035,7.2740613135605,13798.281523811014,54425.200452049205,155320.64590722867,54425.198436916464,True
f1:MAFAULDA:mafaulda_overhang_ball_fault_35g_12.288:col3_underhang_radial:train:100000-150000,MAFAULDA,overhang/ball_fault,737.28,50000,2048,0.25,log1p,0.0034466160224824183,0.04391003532512805,0.13224549965172475,1.307534331938852,4.774626731364521,5.456568503920536,5.979157636864333,5.412658468595408,True
f1:MAFAULDA:mafaulda_overhang_ball_fault_35g_12.288:col3_underhang_radial:train:100000-150000,MAFAULDA,overhang/ball_fault,737.28,50000,2048,0.25,db,-49.23716893378484,-26.957660533389657,-16.991718591507304,8.617769568609688,41.398250015003114,47.35799956985872,51.91229187909268,74.31566010324838,True
f1:MAFAULDA:mafaulda_overhang_ball_fault_35g_12.288:col3_underhang_radial:train:100000-150000,MAFAULDA,overhang/ball_fault,737.28,50000,2048,0.5,magnitude,0.005019849484609851,0.04180943007963735,0.13825148339538923,2.7286089418789508,117.16868937686465,232.95053495009162,354.2327173141165,232.90872552001198,True
f1:MAFAULDA:mafaulda_overhang_ball_fault_35g_12.288:col3_underhang_radial:train:100000-150000,MAFAULDA,overhang/ball_fault,737.28,50000,2048,0.5,power,2.5198888848137787e-05,0.0017480287348569184,0.019113473609879944,7.4453067577017675,13728.505651804377,54266.097500714925,125480.81801574276,54266.09575268619,True
f1:MAFAULDA:mafaulda_overhang_ball_fault_35g_12.288:col3_underhang_radial:train:100000-150000,MAFAULDA,overhang/ball_fault,737.28,50000,2048,0.5,log1p,0.005007292046951031,0.04095903787164031,0.12949329809030893,1.3160352262630541,4.772113035661246,5.455108369786876,5.8727731164316985,5.414149331915236,True
f1:MAFAULDA:mafaulda_overhang_ball_fault_35g_12.288:col3_underhang_radial:train:100000-150000,MAFAULDA,overhang/ball_fault,737.28,50000,2048,0.5,db,-45.986185918265434,-27.574515751423434,-17.186604212422917,8.718825960666528,41.37623021312651,47.34526255424025,50.98577341222679,74.91977830566368,True
f1:MAFAULDA:mafaulda_overhang_ball_fault_35g_12.288:col3_underhang_radial:train:100000-150000,MAFAULDA,overhang/ball_fault,737.28,50000,4096,0.25,magnitude,0.005157196339406145,0.06611425160288667,0.21364768381352375,3.816883051854091,160.6436434571804,336.8596908132732,650.9466468793338,336.7935765616703,True
f1:MAFAULDA:mafaulda_overhang_ball_fault_35g_12.288:col3_underhang_radial:train:100000-150000,MAFAULDA,overhang/ball_fault,737.28,50000,4096,0.25,power,2.659667408318414e-05,0.0043710961501966005,0.045645333134911585,14.568596231531,25806.38031465967,113490.47340668173,423731.5370834481,113490.46903558559,True
f1:MAFAULDA:mafaulda_overhang_ball_fault_35g_12.288:col3_underhang_radial:train:100000-150000,MAFAULDA,overhang/ball_fault,737.28,50000,4096,0.25,log1p,0.005143943547668693,0.06402049703511016,0.19363043937712413,1.5721270491416321,5.0853941780065846,5.822559682599193,6.4799627286387285,5.758539185564083,True
f1:MAFAULDA:mafaulda_overhang_ball_fault_35g_12.288:col3_underhang_radial:train:100000-150000,MAFAULDA,overhang/ball_fault,737.28,50000,4096,0.25,db,-45.75172651700705,-23.59410013484699,-13.406036249350642,11.634177070246883,44.117270888595165,50.54836043287026,56.27090788456194,74.14246056771725,True
f1:MAFAULDA:mafaulda_overhang_ball_fault_35g_12.288:col3_underhang_radial:train:100000-150000,MAFAULDA,overhang/ball_fault,737.28,50000,4096,0.5,magnitude,0.008818920436901915,0.06493149169811062,0.21981351277974273,3.7581035016462514,159.1048437409853,328.50399382777226,650.9466468793338,328.43906233607413,True
f1:MAFAULDA:mafaulda_overhang_ball_fault_35g_12.288:col3_underhang_radial:train:100000-150000,MAFAULDA,overhang/ball_fault,737.28,50000,4096,0.5,power,7.777335767240626e-05,0.004216103305697724,0.04831798216205243,14.123341929085816,25314.352351292833,107916.27166077706,423731.5370834481,107916.26744467375,True
f1:MAFAULDA:mafaulda_overhang_ball_fault_35g_12.288:col3_underhang_radial:train:100000-150000,MAFAULDA,overhang/ball_fault,737.28,50000,4096,0.5,log1p,0.00878026088216717,0.0629104679800447,0.19869798809196973,1.559849164827492,5.075828853543878,5.797582003094667,6.4799627286387285,5.7346715351146225,True
f1:MAFAULDA:mafaulda_overhang_ball_fault_35g_12.288:col3_underhang_radial:train:100000-150000,MAFAULDA,overhang/ball_fault,737.28,50000,4096,0.5,db,-41.09169141200607,-23.750897207390228,-13.15891242123934,11.499374736249543,44.03366784755637,50.330756522627254,56.27090788456194,74.08165373001748,True
f1:MAFAULDA:mafaulda_overhang_ball_fault_6g_24.7808:col3_underhang_radial:train:100000-150000,MAFAULDA,overhang/ball_fault,1486.848,50000,256,0.25,magnitude,0.0005494800428889057,0.014948851954674039,0.06613192456387261,1.51916038991553,96.65756704720141,154.5193809257952,227.3751142034696,154.50443207384052,True
f1:MAFAULDA:mafaulda_overhang_ball_fault_6g_24.7808:col3_underhang_radial:train:100000-150000,MAFAULDA,overhang/ball_fault,1486.848,50000,256,0.25,power,3.019283175331937e-07,0.00022349725205316403,0.004373431820501593,2.307848290293966,9342.686911840632,23876.23981224962,51699.44255904084,23876.239588752367,True
f1:MAFAULDA:mafaulda_overhang_ball_fault_6g_24.7808:col3_underhang_radial:train:100000-150000,MAFAULDA,overhang/ball_fault,1486.848,50000,256,0.25,log1p,0.0005493291340085539,0.014838204948525804,0.06403707454844297,0.9239256674016145,4.5814670596446225,5.04677034492783,5.4309895147679725,5.031932139979304,True
f1:MAFAULDA:mafaulda_overhang_ball_fault_6g_24.7808:col3_underhang_radial:train:100000-150000,MAFAULDA,overhang/ball_fault,1486.848,50000,256,0.25,db,-65.20095994978149,-36.50840578168063,-23.591777124724715,3.632072565085342,39.70471642333927,43.77965905705349,47.13485860408875,80.28806483873413,True
f1:MAFAULDA:mafaulda_overhang_ball_fault_6g_24.7808:col3_underhang_radial:train:100000-150000,MAFAULDA,overhang/ball_fault,1486.848,50000,256,0.5,magnitude,0.0011754897901914418,0.015993613930934562,0.06542835217910295,1.5152686610995962,97.47422067479665,154.97526628497374,227.3751142034696,154.9592726710428,True
f1:MAFAULDA:mafaulda_overhang_ball_fault_6g_24.7808:col3_underhang_radial:train:100000-150000,MAFAULDA,overhang/ball_fault,1486.848,50000,256,0.5,power,1.38177624684432e-06,0.00025580058464702246,0.004280869279034724,2.296039115310563,9501.223764578526,24017.35745650635,51699.44255904084,24017.357200705766,True
f1:MAFAULDA:mafaulda_overhang_ball_fault_6g_24.7808:col3_underhang_radial:train:100000-150000,MAFAULDA,overhang/ball_fault,1486.848,50000,256,0.5,log1p,0.0011747994430124319,0.015867061263129364,0.0633769269115839,0.9223796213453244,4.5897947913585275,5.04969694532393,5.4309895147679725,5.0338298840608005,True
f1:MAFAULDA:mafaulda_overhang_ball_fault_6g_24.7808:col3_underhang_radial:train:100000-150000,MAFAULDA,overhang/ball_fault,1486.848,50000,256,0.5,db,-58.59562203351075,-35.92115053704339,-23.684680343484853,3.6097928248484132,39.7777954008518,43.80524342662444,47.13485860408875,79.72639396366783,True
f1:MAFAULDA:mafaulda_overhang_ball_fault_6g_24.7808:col3_underhang_radial:train:100000-150000,MAFAULDA,overhang/ball_fault,1486.848,50000,512,0.25,magnitude,0.0002128028276544569,0.035595353835163254,0.12939488484448702,2.6492943171611394,135.78601193872498,217.51397468269113,310.7467774346614,217.47837932885597,True
f1:MAFAULDA:mafaulda_overhang_ball_fault_6g_24.7808:col3_underhang_radial:train:100000-150000,MAFAULDA,overhang/ball_fault,1486.848,50000,512,0.25,power,4.528504345773249e-08,0.0012670539437072599,0.016743040909409205,7.018760378942308,18437.841425722738,47312.49811066591,96563.55968602699,47312.49684361197,True
f1:MAFAULDA:mafaulda_overhang_ball_fault_6g_24.7808:col3_underhang_radial:train:100000-150000,MAFAULDA,overhang/ball_fault,1486.848,50000,512,0.25,log1p,0.0002127801883444772,0.034976470908913475,0.12168198731851705,1.294533811138174,4.91841773769561,5.386848200526452,5.742191247488792,5.351871729617539,True
f1:MAFAULDA:mafaulda_overhang_ball_fault_6g_24.7808:col3_underhang_radial:train:100000-150000,MAFAULDA,overhang/ball_fault,1486.848,50000,512,0.25,db,-73.44044802984905,-28.97221840928117,-17.761659040359536,8.462604158486894,42.65710057261506,46.749727778804385,49.84813267067863,75.72194618808555,True
f1:MAFAULDA:mafaulda_overhang_ball_fault_6g_24.7808:col3_underhang_radial:train:100000-150000,MAFAULDA,overhang/ball_fault,1486.848,50000,512,0.5,magnitude,0.0002128028276544569,0.034467003425575134,0.12912462677140507,2.6530013859607946,135.3343148219292,213.36454995285834,298.10843448348913,213.33008294943278,True
f1:MAFAULDA:mafaulda_overhang_ball_fault_6g_24.7808:col3_underhang_radial:train:100000-150000,MAFAULDA,overhang/ball_fault,1486.848,50000,512,0.5,power,4.528504345773249e-08,0.0011879747724339372,0.016673171163423255,7.038416432750231,18315.37682628267,45524.94697770159,88868.63871019673,45524.94578972682,True
f1:MAFAULDA:mafaulda_overhang_ball_fault_6g_24.7808:col3_underhang_radial:train:100000-150000,MAFAULDA,overhang/ball_fault,1486.848,50000,512,0.5,log1p,0.0002127801883444772,0.033886321328760856,0.12144266518628537,1.2955491242624646,4.915110064972455,5.367672483191481,5.7008061647818975,5.3337861618627205,True
f1:MAFAULDA:mafaulda_overhang_ball_fault_6g_24.7808:col3_underhang_radial:train:100000-150000,MAFAULDA,overhang/ball_fault,1486.848,50000,512,0.5,db,-73.44044802984905,-29.251931064942593,-17.779818910168753,8.474749488944335,42.628158556546666,46.58239629766136,49.48748527696661,75.83432736260396,True
f1:MAFAULDA:mafaulda_overhang_ball_fault_6g_24.7808:col3_underhang_radial:train:100000-150000,MAFAULDA,overhang/ball_fault,1486.848,50000,1024,0.25,magnitude,0.0007596771583493478,0.06018138101027242,0.22641393281126634,3.9205273532940335,189.7432852747438,318.0904959312558,476.4726699469995,318.0303145502455,True
f1:MAFAULDA:mafaulda_overhang_ball_fault_6g_24.7808:col3_underhang_radial:train:100000-150000,MAFAULDA,overhang/ball_fault,1486.848,50000,1024,0.25,power,5.771093849177401e-07,0.003621919500251175,0.051263268985347596,15.370534730344723,36002.51433464802,101181.57937252655,227026.2052064223,101181.57575060705,True
f1:MAFAULDA:mafaulda_overhang_ball_fault_6g_24.7808:col3_underhang_radial:train:100000-150000,MAFAULDA,overhang/ball_fault,1486.848,50000,1024,0.25,log1p,0.0007593887497126149,0.05843995387352695,0.20409440924596667,1.5934157103391815,5.250928467457876,5.765474671412815,6.1685069225696685,5.707034717539289,True
f1:MAFAULDA:mafaulda_overhang_ball_fault_6g_24.7808:col3_underhang_radial:train:100000-150000,MAFAULDA,overhang/ball_fault,1486.848,50000,1024,0.25,db,-62.38741748826861,-24.410901935967296,-12.901937027891131,11.86688976454771,45.56332831306421,50.051013187702885,53.56075989879165,74.46191512367018,True
f1:MAFAULDA:mafaulda_overhang_ball_fault_6g_24.7808:col3_underhang_radial:train:100000-150000,MAFAULDA,overhang/ball_fault,1486.848,50000,1024,0.5,magnitude,0.0007596771583493478,0.06580136264974318,0.22985736587332134,3.899855193080292,190.00037915675148,319.21261742456306,429.32428507316547,319.14681606191334,True
f1:MAFAULDA:mafaulda_overhang_ball_fault_6g_24.7808:col3_underhang_radial:train:100000-150000,MAFAULDA,overhang/ball_fault,1486.848,50000,1024,0.5,power,5.771093849177401e-07,0.004329819475024314,0.052834454733541376,15.208870589578616,36100.148213065746,101896.80822917381,184319.34175358465,101896.80389935433,True
f1:MAFAULDA:mafaulda_overhang_ball_fault_6g_24.7808:col3_underhang_radial:train:100000-150000,MAFAULDA,overhang/ball_fault,1486.848,50000,1024,0.5,log1p,0.0007593887497126149,0.06372696933731446,0.20689818472074542,1.589205650943953,5.252275356506425,5.768984652613307,6.064539075791327,5.705257683275993,True
f1:MAFAULDA:mafaulda_overhang_ball_fault_6g_24.7808:col3_underhang_radial:train:100000-150000,MAFAULDA,overhang/ball_fault,1486.848,50000,1024,0.5,db,-62.38741748826861,-23.635302389508794,-12.770835275205725,11.820969609990907,45.5750888550064,50.08159616032096,52.65570910781426,73.71689854982975,True
f1:MAFAULDA:mafaulda_overhang_ball_fault_6g_24.7808:col3_underhang_radial:train:100000-150000,MAFAULDA,overhang/ball_fault,1486.848,50000,2048,0.25,magnitude,0.0029169431593842887,0.09864466632764725,0.3405473523608549,5.476376227077441,272.6976466022323,471.5022447804452,792.9154306022515,471.4036001141176,True
f1:MAFAULDA:mafaulda_overhang_ball_fault_6g_24.7808:col3_underhang_radial:train:100000-150000,MAFAULDA,overhang/ball_fault,1486.848,50000,2048,0.25,power,8.508557395078797e-06,0.009730770287783984,0.11597260950846629,29.99069686385382,74364.00755794207,222317.22118759918,628714.8800871539,222317.2114568289,True
f1:MAFAULDA:mafaulda_overhang_ball_fault_6g_24.7808:col3_underhang_radial:train:100000-150000,MAFAULDA,overhang/ball_fault,1486.848,50000,2048,0.25,log1p,0.0029126971356227575,0.09407729855972345,0.29307797178091727,1.8681611263457363,5.612024010239949,6.15803609557682,6.676976944997972,6.063958797017097,True
f1:MAFAULDA:mafaulda_overhang_ball_fault_6g_24.7808:col3_underhang_radial:train:100000-150000,MAFAULDA,overhang/ball_fault,1486.848,50000,2048,0.25,db,-50.701440374548355,-20.118527870302827,-9.356453965367137,14.769865489530138,48.713627735406334,53.469619449173095,57.984537391212,73.58814731947592,True
f1:MAFAULDA:mafaulda_overhang_ball_fault_6g_24.7808:col3_underhang_radial:train:100000-150000,MAFAULDA,overhang/ball_fault,1486.848,50000,2048,0.5,magnitude,0.0029169431593842887,0.0987162160634572,0.33627531150287177,5.451813544465617,273.2447766476798,458.19300187365025,733.7917642950642,458.0942856575868,True
f1:MAFAULDA:mafaulda_overhang_ball_fault_6g_24.7808:col3_underhang_radial:train:100000-150000,MAFAULDA,overhang/ball_fault,1486.848,50000,2048,0.5,power,8.508557395078797e-06,0.009744907496724993,0.11308111737967388,29.722270923618755,74662.72160987978,209941.10421241328,538450.3533472631,209941.09446750578,True
f1:MAFAULDA:mafaulda_overhang_ball_fault_6g_24.7808:col3_underhang_radial:train:100000-150000,MAFAULDA,overhang/ball_fault,1486.848,50000,2048,0.5,log1p,0.0029126971356227575,0.09414241523261233,0.2898861163365946,1.864361260971485,5.614020962340154,6.129469946777178,6.59958714518761,6.035327531544565,True
f1:MAFAULDA:mafaulda_overhang_ball_fault_6g_24.7808:col3_underhang_radial:train:100000-150000,MAFAULDA,overhang/ball_fault,1486.848,50000,2048,0.5,db,-50.701440374548355,-20.112237195327285,-9.466101563324296,14.730819885472153,48.7310365809668,53.22096329291331,57.31145666294651,73.33320048824059,True
f1:MAFAULDA:mafaulda_overhang_ball_fault_6g_24.7808:col3_underhang_radial:train:100000-150000,MAFAULDA,overhang/ball_fault,1486.848,50000,4096,0.25,magnitude,0.011298672320359282,0.15040176523938534,0.4955409518010505,7.608198605733081,379.28863935006046,729.7534764841312,1384.7712342181458,729.6030747188918,True
f1:MAFAULDA:mafaulda_overhang_ball_fault_6g_24.7808:col3_underhang_radial:train:100000-150000,MAFAULDA,overhang/ball_fault,1486.848,50000,4096,0.25,power,0.000127659996202853,0.02262115037215785,0.24556083603208445,57.8846860242788,143859.87194033441,532546.148909098,1917591.3711180468,532546.1262879476,True
f1:MAFAULDA:mafaulda_overhang_ball_fault_6g_24.7808:col3_underhang_radial:train:100000-150000,MAFAULDA,overhang/ball_fault,1486.848,50000,4096,0.25,log1p,0.011235319080628008,0.14011106898131573,0.4024879818133002,2.152715075380625,5.940930541623555,6.594070513152386,7.234012111450164,6.45395944417107,True
f1:MAFAULDA:mafaulda_overhang_ball_fault_6g_24.7808:col3_underhang_radial:train:100000-150000,MAFAULDA,overhang/ball_fault,1486.848,50000,4096,0.25,db,-38.93945165136433,-16.455029134576026,-6.098409004845103,17.625636819627065,51.57939669367584,57.263474257326585,62.827560667681254,73.71850339190262,True
f1:MAFAULDA:mafaulda_overhang_ball_fault_6g_24.7808:col3_underhang_radial:train:100000-150000,MAFAULDA,overhang/ball_fault,1486.848,50000,4096,0.5,magnitude,0.03546994360966194,0.14642115566689987,0.4968750081043049,7.622349085294292,377.1387176093658,733.7161759994164,1292.1734052341799,733.5697548437495,True
f1:MAFAULDA:mafaulda_overhang_ball_fault_6g_24.7808:col3_underhang_radial:train:100000-150000,MAFAULDA,overhang/ball_fault,1486.848,50000,4096,0.5,power,0.001258116899672598,0.02143986083902376,0.24688484565813384,58.10020557808674,142233.65382280012,538340.4945912384,1669712.109194496,538340.4731513776,True
f1:MAFAULDA:mafaulda_overhang_ball_fault_6g_24.7808:col3_underhang_radial:train:100000-150000,MAFAULDA,overhang/ball_fault,1486.848,50000,4096,0.5,log1p,0.03485537546378242,0.13664478306560282,0.40337959097109555,2.154357563245338,5.935260960919341,6.599483278503621,7.164854480556439,6.462838495438018,True
f1:MAFAULDA:mafaulda_overhang_ball_fault_6g_24.7808:col3_underhang_radial:train:100000-150000,MAFAULDA,overhang/ball_fault,1486.848,50000,4096,0.5,db,-29.002790014943777,-16.68806518607847,-6.075058202260496,17.641776690845266,51.53002113221477,57.31055324708598,62.22641596796543,73.99861843316445,True
f1:MAFAULDA:mafaulda_overhang_ball_fault_6g_55.296:col3_underhang_radial:train:100000-150000,MAFAULDA,overhang/ball_fault,3317.76,50000,256,0.25,magnitude,0.00035191598237815924,0.19091405030013114,0.7121019516157997,11.608785873675004,388.5767271522172,728.6319014896484,1074.2550534270742,728.4409874393483,True
f1:MAFAULDA:mafaulda_overhang_ball_fault_6g_55.296:col3_underhang_radial:train:100000-150000,MAFAULDA,overhang/ball_fault,3317.76,50000,256,0.25,power,1.2384485865318487e-07,0.03644826190593572,0.5070891902610153,134.76390946304036,150991.87369582037,530905.34127803,1154023.9198136062,530905.304829768,True
f1:MAFAULDA:mafaulda_overhang_ball_fault_6g_55.296:col3_underhang_radial:train:100000-150000,MAFAULDA,overhang/ball_fault,3317.76,50000,256,0.25,log1p,0.000351854074472661,0.17472109099898223,0.5377218269932454,2.5343938625172004,5.965060832075211,6.592539322914688,6.980313171422226,6.417818231915706,True
f1:MAFAULDA:mafaulda_overhang_ball_fault_6g_55.296:col3_underhang_radial:train:100000-150000,MAFAULDA,overhang/ball_fault,3317.76,50000,256,0.25,db,-69.07121771368013,-14.383252563303058,-2.9491564850067675,21.295736012456526,51.7895356975091,57.250156326352084,60.622148106702234,71.63340888965514,True
f1:MAFAULDA:mafaulda_overhang_ball_fault_6g_55.296:col3_underhang_radial:train:100000-150000,MAFAULDA,overhang/ball_fault,3317.76,50000,256,0.5,magnitude,0.023057993555511302,0.1940705204312681,0.7165773016216399,11.699281248915106,388.6163661117689,727.0012545718303,1074.2550534270742,726.807184051399,True
f1:MAFAULDA:mafaulda_overhang_ball_fault_6g_55.296:col3_underhang_radial:train:100000-150000,MAFAULDA,overhang/ball_fault,3317.76,50000,256,0.5,power,0.0005316710668060008,0.037665639439534264,0.5134830802044532,136.8731817412166,151022.6800743118,528530.9259698491,1154023.9198136062,528530.8883042097,True
f1:MAFAULDA:mafaulda_overhang_ball_fault_6g_55.296:col3_underhang_radial:train:100000-150000,MAFAULDA,overhang/ball_fault,3317.76,50000,256,0.5,log1p,0.022796175055271452,0.1773672797467464,0.5403323586887876,2.5415453972893984,5.96516257814773,6.590302675401401,6.980313171422226,6.412935395654655,True
f1:MAFAULDA:mafaulda_overhang_ball_fault_6g_55.296:col3_underhang_radial:train:100000-150000,MAFAULDA,overhang/ball_fault,3317.76,50000,256,0.5,db,-32.74356969299315,-14.24106839996281,-2.894739484514719,21.363183629495992,51.79042172694416,57.23070236919328,60.622148106702234,71.4717707691561,True
f1:MAFAULDA:mafaulda_overhang_ball_fault_6g_55.296:col3_underhang_radial:train:100000-150000,MAFAULDA,overhang/ball_fault,3317.76,50000,512,0.25,magnitude,0.0021213988003410122,0.37044170032084417,1.1533043580519666,17.691392802254825,562.7779909529718,915.4146565422411,1554.406267163946,915.0442148419203,True
f1:MAFAULDA:mafaulda_overhang_ball_fault_6g_55.296:col3_underhang_radial:train:100000-150000,MAFAULDA,overhang/ball_fault,3317.76,50000,512,0.25,power,4.500332870088286e-06,0.13723042972538382,1.330110946533304,312.9853792836738,316719.0683889033,837984.4975917771,2416178.843398553,837984.3603613474,True
f1:MAFAULDA:mafaulda_overhang_ball_fault_6g_55.296:col3_underhang_radial:train:100000-150000,MAFAULDA,overhang/ball_fault,3317.76,50000,512,0.25,log1p,0.0021191518111848807,0.31513219812618815,0.7670035725665275,2.9280631399458406,6.33466053891626,6.82046864386045,7.349492055546763,6.505336445734262,True
f1:MAFAULDA:mafaulda_overhang_ball_fault_6g_55.296:col3_underhang_radial:train:100000-150000,MAFAULDA,overhang/ball_fault,3317.76,50000,512,0.25,db,-53.46755321214711,-8.625709416200417,1.2388786493889585,24.955240505074965,55.006742077618796,59.23235461798908,63.83129077228325,67.8580640341895,True
f1:MAFAULDA:mafaulda_overhang_ball_fault_6g_55.296:col3_underhang_radial:train:100000-150000,MAFAULDA,overhang/ball_fault,3317.76,50000,512,0.5,magnitude,0.0021213988003410122,0.3725782583319818,1.1890438420652523,17.554046940609908,559.471032500061,913.8952298473282,1554.406267163946,913.5226515889963,True
f1:MAFAULDA:mafaulda_overhang_ball_fault_6g_55.296:col3_underhang_radial:train:100000-150000,MAFAULDA,overhang/ball_fault,3317.76,50000,512,0.5,power,4.500332870088286e-06,0.13881708992933933,1.4138253870040218,308.1445644780308,313007.8371391037,835204.5427988502,2416178.843398553,835204.4039817603,True
f1:MAFAULDA:mafaulda_overhang_ball_fault_6g_55.296:col3_underhang_radial:train:100000-150000,MAFAULDA,overhang/ball_fault,3317.76,50000,512,0.5,log1p,0.0021191518111848807,0.31669023872426183,0.7834648332692572,2.9206879284691674,6.328777558158317,6.818809524971214,7.349492055546763,6.502119286246952,True
f1:MAFAULDA:mafaulda_overhang_ball_fault_6g_55.296:col3_underhang_radial:train:100000-150000,MAFAULDA,overhang/ball_fault,3317.76,50000,512,0.5,db,-53.46755321214711,-8.575729492794274,1.5039569672991049,24.887545100265374,54.95555209028365,59.21792794138442,63.83129077228325,67.7936574341787,True
f1:MAFAULDA:mafaulda_overhang_ball_fault_6g_55.296:col3_underhang_radial:train:100000-150000,MAFAULDA,overhang/ball_fault,3317.76,50000,1024,0.25,magnitude,0.022000361467227735,0.5652111838449655,1.7834248132516237,27.519020906492862,789.258100354216,1239.2947823803522,1995.7376197812068,1238.7295711965073,True
f1:MAFAULDA:mafaulda_overhang_ball_fault_6g_55.296:col3_underhang_radial:train:100000-150000,MAFAULDA,overhang/ball_fault,3317.76,50000,1024,0.25,power,0.0004840159046886789,0.3194637798939222,3.1806041090029824,757.2965116521254,622928.349525248,1535853.794383073,3982968.647009957,1535853.474919293,True
f1:MAFAULDA:mafaulda_overhang_ball_fault_6g_55.296:col3_underhang_radial:train:100000-150000,MAFAULDA,overhang/ball_fault,3317.76,50000,1024,0.25,log1p,0.021761845467582957,0.448020736733131,1.0236821138197472,3.3505712648898527,6.672359600971624,7.12310363105551,7.59926993759358,6.675082894322379,True
f1:MAFAULDA:mafaulda_overhang_ball_fault_6g_55.296:col3_underhang_radial:train:100000-150000,MAFAULDA,overhang/ball_fault,3317.76,50000,1024,0.25,db,-33.15140363322724,-4.955786391500303,5.0250960357214804,28.792659563341225,57.944380953374,61.863486100101596,66.00206887759069,66.8192724916019,True
f1:MAFAULDA:mafaulda_overhang_ball_fault_6g_55.296:col3_underhang_radial:train:100000-150000,MAFAULDA,overhang/ball_fault,3317.76,50000,1024,0.5,magnitude,0.07704712818798498,0.5975445536681094,1.7924562779801818,27.357875270988153,787.7009735197437,1248.8381385456373,1917.0679071609934,1248.2405939919693,True
f1:MAFAULDA:mafaulda_overhang_ball_fault_6g_55.296:col3_underhang_radial:train:100000-150000,MAFAULDA,overhang/ball_fault,3317.76,50000,1024,0.5,power,0.00593625996201579,0.35707636914947916,3.2129012914884743,748.4533393737729,620472.841818752,1559596.9066054262,3675149.3606666313,1559596.549529057,True
f1:MAFAULDA:mafaulda_overhang_ball_fault_6g_55.296:col3_underhang_radial:train:100000-150000,MAFAULDA,overhang/ball_fault,3317.76,50000,1024,0.5,log1p,0.07422315598008201,0.4684644969827442,1.0269214805696023,3.3449047789152777,6.67038724016098,7.130769265409472,7.559073660010061,6.662304768426728,True
f1:MAFAULDA:mafaulda_overhang_ball_fault_6g_55.296:col3_underhang_radial:train:100000-150000,MAFAULDA,overhang/ball_fault,3317.76,50000,1024,0.5,db,-22.264870874647457,-4.472798317398668,5.068969011579385,28.741647303857484,57.92722751735161,61.930122479617886,65.65274993813512,66.40292079701655,True
f1:MAFAULDA:mafaulda_overhang_ball_fault_6g_55.296:col3_underhang_radial:train:100000-150000,MAFAULDA,overhang/ball_fault,3317.76,50000,2048,0.25,magnitude,0.06801051182111388,0.8581176006833965,2.7404984701609103,41.12822268487268,1150.8393078989186,1722.0552815952394,2959.3957350374817,1721.197163994556,True
f1:MAFAULDA:mafaulda_overhang_ball_fault_6g_55.296:col3_underhang_radial:train:100000-150000,MAFAULDA,overhang/ball_fault,3317.76,50000,2048,0.25,power,0.004625429718169871,0.7363658721388304,7.510331875477484,1691.5307012834887,1324431.201125711,2965476.888555866,8758023.116558036,2965476.152189994,True
f1:MAFAULDA:mafaulda_overhang_ball_fault_6g_55.296:col3_underhang_radial:train:100000-150000,MAFAULDA,overhang/ball_fault,3317.76,50000,2048,0.25,log1p,0.06579758301869858,0.6195639245786041,1.3192188829609712,3.7407178886324384,7.049115308494649,7.451853900049193,7.993078232651243,6.832289975470589,True
f1:MAFAULDA:mafaulda_overhang_ball_fault_6g_55.296:col3_underhang_radial:train:100000-150000,MAFAULDA,overhang/ball_fault,3317.76,50000,2048,0.25,db,-23.34847912337395,-1.3290641306356406,8.756591273639655,32.28279884608405,61.22029345313849,64.72093812579215,69.42406087165836,66.05000225642779,True
f1:MAFAULDA:mafaulda_overhang_ball_fault_6g_55.296:col3_underhang_radial:train:100000-150000,MAFAULDA,overhang/ball_fault,3317.76,50000,2048,0.5,magnitude,0.18333874903205813,0.9488536187331652,2.8090017600270687,41.227179837779964,1143.3480252305803,1681.9282348375284,2959.3957350374817,1680.9793812187952,True
f1:MAFAULDA:mafaulda_overhang_ball_fault_6g_55.296:col3_underhang_radial:train:100000-150000,MAFAULDA,overhang/ball_fault,3317.76,50000,2048,0.5,power,0.03361309689663999,0.9003237031113547,7.890490893142829,1699.6803573766508,1307244.74026282,2828884.21364588,8758023.116558036,2828883.313322177,True
f1:MAFAULDA:mafaulda_overhang_ball_fault_6g_55.296:col3_underhang_radial:train:100000-150000,MAFAULDA,overhang/ball_fault,3317.76,50000,2048,0.5,log1p,0.16833989145555162,0.6672412443229417,1.3373671493840822,3.743064085701929,7.042590330758124,7.4282902646783935,7.993078232651243,6.761049020355451,True
f1:MAFAULDA:mafaulda_overhang_ball_fault_6g_55.296:col3_underhang_radial:train:100000-150000,MAFAULDA,overhang/ball_fault,3317.76,50000,2048,0.5,db,-14.734914720861683,-0.4560181082366949,8.971040223710613,32.30367255451048,61.16356880875115,64.5161467250512,69.42406087165836,64.97216483328789,True
f1:MAFAULDA:mafaulda_overhang_ball_fault_6g_55.296:col3_underhang_radial:train:100000-150000,MAFAULDA,overhang/ball_fault,3317.76,50000,4096,0.25,magnitude,0.11530055338438233,1.3063331156866866,3.706082492057639,56.468412048601785,1664.0157071351618,2771.2335950363613,5219.450326636881,2769.9272619206745,True
f1:MAFAULDA:mafaulda_overhang_ball_fault_6g_55.296:col3_underhang_radial:train:100000-150000,MAFAULDA,overhang/ball_fault,3317.76,50000,4096,0.25,power,0.0132942176107448,1.7065076193837863,13.735048355594834,3188.681559290675,2768948.273730072,7679736.331808362,27242661.712229844,7679734.625300743,True
f1:MAFAULDA:mafaulda_overhang_ball_fault_6g_55.296:col3_underhang_radial:train:100000-150000,MAFAULDA,overhang/ball_fault,3317.76,50000,4096,0.25,log1p,0.10912392319359406,0.8356587349838754,1.5488557985714968,4.051235441175698,7.417589836060052,7.927408581117682,8.560338946626354,7.091749846133807,True
f1:MAFAULDA:mafaulda_overhang_ball_fault_6g_55.296:col3_underhang_radial:train:100000-150000,MAFAULDA,overhang/ball_fault,3317.76,50000,4096,0.25,db,-18.763372158592382,2.3210751429010754,11.378301347510929,35.036111501795155,64.42314842794057,68.85346231213072,74.35249537545492,66.53238716922964,True
f1:MAFAULDA:mafaulda_overhang_ball_fault_6g_55.296:col3_underhang_radial:train:100000-150000,MAFAULDA,overhang/ball_fault,3317.76,50000,4096,0.5,magnitude,0.11530055338438233,1.2636376422128486,3.7246817052418444,56.18189882928976,1661.5515822984316,2761.4362052778033,4655.826988128114,2760.1725676355904,True
f1:MAFAULDA:mafaulda_overhang_ball_fault_6g_55.296:col3_underhang_radial:train:100000-150000,MAFAULDA,overhang/ball_fault,3317.76,50000,4096,0.5,power,0.0132942176107448,1.596796699279965,13.873256627460654,3156.4057560645497,2760753.733580744,7625534.350274439,21676724.943382107,7625532.75347774,True
f1:MAFAULDA:mafaulda_overhang_ball_fault_6g_55.296:col3_underhang_radial:train:100000-150000,MAFAULDA,overhang/ball_fault,3317.76,50000,4096,0.5,log1p,0.10912392319359406,0.816971479237096,1.5528001315114452,4.046237394270213,7.41610878579885,7.92386796156063,8.446089591364224,7.106896482323534,True
f1:MAFAULDA:mafaulda_overhang_ball_fault_6g_55.296:col3_underhang_radial:train:100000-150000,MAFAULDA,overhang/ball_fault,3317.76,50000,4096,0.5,db,-18.763372158592382,2.032406136753586,11.421782432924655,34.9919282669766,64.41027645218334,68.82269776357694,73.35993666867307,66.79029162682335,True
f1:MAFAULDA:mafaulda_overhang_cage_fault_20g_13.7216:col3_underhang_radial:train:100000-150000,MAFAULDA,overhang/cage_fault,823.296,50000,256,0.25,magnitude,0.0003133609044413399,0.0053597412490552715,0.019187829935972074,0.22827335152139644,8.239382064611014,13.306776993858723,18.19273031710438,13.301417252609667,True
f1:MAFAULDA:mafaulda_overhang_cage_fault_20g_13.7216:col3_underhang_radial:train:100000-150000,MAFAULDA,overhang/cage_fault,823.296,50000,256,0.25,power,9.819505643229456e-08,2.872712976060556e-05,0.0003681728870326085,0.05210872302414614,67.88742201813133,177.07032803140817,330.9754363908889,177.0702993042784,True
f1:MAFAULDA:mafaulda_overhang_cage_fault_20g_13.7216:col3_underhang_radial:train:100000-150000,MAFAULDA,overhang/cage_fault,823.296,50000,256,0.25,log1p,0.00031331181716754433,0.005345428803147939,0.019006064930417992,0.2056094039091765,2.2234749767708335,2.660733306291242,2.954531578018077,2.6553878774880944,True
f1:MAFAULDA:mafaulda_overhang_cage_fault_20g_13.7216:col3_underhang_radial:train:100000-150000,MAFAULDA,overhang/cage_fault,823.296,50000,256,0.25,db,-70.07910098757552,-45.41716918729663,-34.33948356110999,-12.830895692942374,18.31789250264092,22.48145722839062,25.197957634610248,67.89862641568725,True
f1:MAFAULDA:mafaulda_overhang_cage_fault_20g_13.7216:col3_underhang_radial:train:100000-150000,MAFAULDA,overhang/cage_fault,823.296,50000,256,0.5,magnitude,0.0006798981281226357,0.0058088358771125545,0.019543340733050273,0.2281797742704624,8.238550002392936,13.300287693791157,17.880964784652484,13.294478857914044,True
f1:MAFAULDA:mafaulda_overhang_cage_fault_20g_13.7216:col3_underhang_radial:train:100000-150000,MAFAULDA,overhang/cage_fault,823.296,50000,256,0.5,power,4.62261464624664e-07,3.374386518369496e-05,0.0003819422143164086,0.052066009386119175,67.87371008849496,176.89766297822408,319.72890162998226,176.8976292343589,True
f1:MAFAULDA:mafaulda_overhang_cage_fault_20g_13.7216:col3_underhang_radial:train:100000-150000,MAFAULDA,overhang/cage_fault,823.296,50000,256,0.5,log1p,0.0006796671021004992,0.005792029003681353,0.01935482185986785,0.2055332149958227,2.2233849240767376,2.6602796304658103,2.938154260293766,2.654487601462129,True
f1:MAFAULDA:mafaulda_overhang_cage_fault_20g_13.7216:col3_underhang_radial:train:100000-150000,MAFAULDA,overhang/cage_fault,823.296,50000,256,0.5,db,-63.35112181271618,-44.718382753243546,-34.18002441562171,-12.834457072903575,18.31701538602024,22.477220451347122,25.04781895741971,67.19560320459067,True
f1:MAFAULDA:mafaulda_overhang_cage_fault_20g_13.7216:col3_underhang_radial:train:100000-150000,MAFAULDA,overhang/cage_fault,823.296,50000,512,0.25,magnitude,0.00013041121542967105,0.008667570901391378,0.03204354673049449,0.3427693614207968,8.269040873976572,22.954489015576765,29.748046064397887,22.945821444675374,True
f1:MAFAULDA:mafaulda_overhang_cage_fault_20g_13.7216:col3_underhang_radial:train:100000-150000,MAFAULDA,overhang/cage_fault,823.296,50000,512,0.25,power,1.7007085109844072e-08,7.513026117087043e-05,0.001026788943116448,0.1174908351288208,68.37703752361081,526.9086076898208,884.9462446495386,526.9085325595596,True
f1:MAFAULDA:mafaulda_overhang_cage_fault_20g_13.7216:col3_underhang_radial:train:100000-150000,MAFAULDA,overhang/cage_fault,823.296,50000,512,0.25,log1p,0.0001304027126263487,0.008630221454841916,0.03154086258709328,0.2947341689292628,2.226679905444573,3.176155702737044,3.4258264496124022,3.1675254812822025,True
f1:MAFAULDA:mafaulda_overhang_cage_fault_20g_13.7216:col3_underhang_radial:train:100000-150000,MAFAULDA,overhang/cage_fault,823.296,50000,512,0.25,db,-77.69369448872871,-41.24225262493416,-29.885188613384283,-9.299960089534478,18.34910273845715,27.217352245796576,29.46916890631683,68.45960487073074,True
f1:MAFAULDA:mafaulda_overhang_cage_fault_20g_13.7216:col3_underhang_radial:train:100000-150000,MAFAULDA,overhang/cage_fault,823.296,50000,512,0.5,magnitude,0.00013041121542967105,0.00847951756772575,0.03219392595142801,0.3428794517780855,8.331280738459215,22.94931614837681,29.748046064397887,22.940836630809084,True
f1:MAFAULDA:mafaulda_overhang_cage_fault_20g_13.7216:col3_underhang_radial:train:100000-150000,MAFAULDA,overhang/cage_fault,823.296,50000,512,0.5,power,1.7007085109844072e-08,7.190234229726505e-05,0.0010364488802254005,0.11756631867980975,69.4103252085639,526.6711322765599,884.9462446495386,526.6710603742176,True
f1:MAFAULDA:mafaulda_overhang_cage_fault_20g_13.7216:col3_underhang_radial:train:100000-150000,MAFAULDA,overhang/cage_fault,823.296,50000,512,0.5,log1p,0.0001304027126263487,0.008443768345880098,0.031686562143955245,0.2948161530456205,2.2333717800216624,3.1759397521938872,3.4258264496124022,3.1674959838480072,True
f1:MAFAULDA:mafaulda_overhang_cage_fault_20g_13.7216:col3_underhang_radial:train:100000-150000,MAFAULDA,overhang/cage_fault,823.296,50000,512,0.5,db,-77.69369448872871,-41.43258452206116,-29.844521207407027,-9.297170819594518,18.414229973172056,27.215394806420566,29.46916890631683,68.64797932848172,True
f1:MAFAULDA:mafaulda_overhang_cage_fault_20g_13.7216:col3_underhang_radial:train:100000-150000,MAFAULDA,overhang/cage_fault,823.296,50000,1024,0.25,magnitude,0.0015110259119648362,0.015482367132760995,0.050013189181165256,0.5080822572412597,9.485511533073002,44.52330983082618,57.482047093153916,44.50782746369342,True
f1:MAFAULDA:mafaulda_overhang_cage_fault_20g_13.7216:col3_underhang_radial:train:100000-150000,MAFAULDA,overhang/cage_fault,823.296,50000,1024,0.25,power,2.283199306629165e-06,0.0002397090486030544,0.0025013190986765492,0.2581475801662556,89.97492907212737,1982.3255504595743,3304.1857380195647,1982.3253107505257,True
f1:MAFAULDA:mafaulda_overhang_cage_fault_20g_13.7216:col3_underhang_radial:train:100000-150000,MAFAULDA,overhang/cage_fault,823.296,50000,1024,0.25,log1p,0.00150988546100095,0.015363735560881386,0.04880272521246538,0.4108388153309047,2.349994450167624,3.8182243944786842,4.068719819841753,3.802860658917803,True
f1:MAFAULDA:mafaulda_overhang_cage_fault_20g_13.7216:col3_underhang_radial:train:100000-150000,MAFAULDA,overhang/cage_fault,823.296,50000,1024,0.25,db,-56.414561186342524,-36.20334975602689,-26.018309014079396,-5.881319415773753,19.541215127058926,32.97174789324851,35.19064452308974,69.1750976492754,True
f1:MAFAULDA:mafaulda_overhang_cage_fault_20g_13.7216:col3_underhang_radial:train:100000-150000,MAFAULDA,overhang/cage_fault,823.296,50000,1024,0.5,magnitude,0.0015110259119648362,0.015662735036827826,0.052023855934354386,0.5079198502511794,9.378979626065846,44.45422561076905,57.28660090792525,44.438562875732224,True
f1:MAFAULDA:mafaulda_overhang_cage_fault_20g_13.7216:col3_underhang_radial:train:100000-150000,MAFAULDA,overhang/cage_fault,823.296,50000,1024,0.5,power,2.283199306629165e-06,0.000245321610634321,0.0027064818555824965,0.2579825742839321,87.96533392579336,1976.1805528652408,3281.7546435839017,1976.18030754363,True
f1:MAFAULDA:mafaulda_overhang_cage_fault_20g_13.7216:col3_underhang_radial:train:100000-150000,MAFAULDA,overhang/cage_fault,823.296,50000,1024,0.5,log1p,0.00150988546100095,0.015541340177886168,0.05071579068042379,0.41073111847141464,2.3397822223850775,3.816705213016783,4.065372236888733,3.801163872838897,True
f1:MAFAULDA:mafaulda_overhang_cage_fault_20g_13.7216:col3_underhang_radial:train:100000-150000,MAFAULDA,overhang/cage_fault,823.296,50000,1024,0.5,db,-56.414561186342524,-36.102653967397444,-25.67594964856384,-5.884096277884121,19.44310814093596,32.958255754465306,35.161061084307136,69.06090972186274,True
f1:MAFAULDA:mafaulda_overhang_cage_fault_20g_13.7216:col3_underhang_radial:train:100000-150000,MAFAULDA,overhang/cage_fault,823.296,50000,2048,0.25,magnitude,0.0005559099706644588,0.025837221338307948,0.07760508263497995,0.7299956410458461,11.90052859262608,78.80755821816943,94.22348169923828,78.78172099683113,True
f1:MAFAULDA:mafaulda_overhang_cage_fault_20g_13.7216:col3_underhang_radial:train:100000-150000,MAFAULDA,overhang/cage_fault,823.296,50000,2048,0.25,power,3.0903589548415943e-07,0.0006675707689472223,0.006022548922695235,0.5328936359553382,141.62258098959597,6210.63173499007,8878.06450352669,6210.631067419301,True
f1:MAFAULDA:mafaulda_overhang_cage_fault_20g_13.7216:col3_underhang_radial:train:100000-150000,MAFAULDA,overhang/cage_fault,823.296,50000,2048,0.25,log1p,0.0005557555099582301,0.025509076332232473,0.07474106269681838,0.548118888878264,2.557268286082733,4.379618175017853,4.556226567887209,4.354109098685621,True
f1:MAFAULDA:mafaulda_overhang_cage_fault_20g_13.7216:col3_underhang_radial:train:100000-150000,MAFAULDA,overhang/cage_fault,823.296,50000,2048,0.25,db,-65.09990916738899,-31.75514077199362,-22.202196726831215,-2.733594661556773,21.5113250363426,37.93135707820515,39.48318296065798,69.68649785019878,True
f1:MAFAULDA:mafaulda_overhang_cage_fault_20g_13.7216:col3_underhang_radial:train:100000-150000,MAFAULDA,overhang/cage_fault,823.296,50000,2048,0.5,magnitude,0.0005559099706644588,0.026177153831622172,0.07670677223854995,0.7278730669378541,11.901872274588339,78.53360925489191,92.10026671240023,78.50743210106029,True
f1:MAFAULDA:mafaulda_overhang_cage_fault_20g_13.7216:col3_underhang_radial:train:100000-150000,MAFAULDA,overhang/cage_fault,823.296,50000,2048,0.5,power,3.0903589548415943e-07,0.000685248699388817,0.005883929171786149,0.5297992015735179,141.65456594158695,6167.5295189888075,8482.459128495257,6167.528833740108,True
f1:MAFAULDA:mafaulda_overhang_cage_fault_20g_13.7216:col3_underhang_radial:train:100000-150000,MAFAULDA,overhang/cage_fault,823.296,50000,2048,0.5,log1p,0.0005557555099582301,0.025840393872775917,0.07390709751577601,0.546891211050607,2.5573724314902115,4.376179552912957,4.533677049073765,4.350339159040181,True
f1:MAFAULDA:mafaulda_overhang_cage_fault_20g_13.7216:col3_underhang_radial:train:100000-150000,MAFAULDA,overhang/cage_fault,823.296,50000,2048,0.5,db,-65.09990916738899,-31.64158505248888,-22.303326016842554,-2.7588870041639124,21.512305635643205,37.901109921706414,39.28521775737876,69.5426949741953,True
f1:MAFAULDA:mafaulda_overhang_cage_fault_20g_13.7216:col3_underhang_radial:train:100000-150000,MAFAULDA,overhang/cage_fault,823.296,50000,4096,0.25,magnitude,0.0032607551639447507,0.034132034823557665,0.10929917261606081,1.0467828299844235,15.216644662995325,92.30162161677215,200.443260072893,92.2674895819486,True
f1:MAFAULDA:mafaulda_overhang_cage_fault_20g_13.7216:col3_underhang_radial:train:100000-150000,MAFAULDA,overhang/cage_fault,823.296,50000,4096,0.25,power,1.0632524239192358e-05,0.0011649958136318891,0.011946309137270822,1.0957542931501985,231.54627484758913,8519.621007578628,40177.50050864942,8519.619842582813,True
f1:MAFAULDA:mafaulda_overhang_cage_fault_20g_13.7216:col3_underhang_radial:train:100000-150000,MAFAULDA,overhang/cage_fault,823.296,50000,4096,0.25,log1p,0.0032554504303221442,0.03356246118129107,0.10372843989979623,0.7162692092016851,2.7860381630168654,4.535835666830431,5.305507754005891,4.50227320564914,True
f1:MAFAULDA:mafaulda_overhang_cage_fault_20g_13.7216:col3_underhang_radial:train:100000-150000,MAFAULDA,overhang/cage_fault,823.296,50000,4096,0.25,db,-49.733635919047515,-29.336756419820333,-19.227662505123774,0.39713180972093753,23.64637798215754,39.30417045465275,46.03982915263185,68.64092687447308,True
f1:MAFAULDA:mafaulda_overhang_cage_fault_20g_13.7216:col3_underhang_radial:train:100000-150000,MAFAULDA,overhang/cage_fault,823.296,50000,4096,0.5,magnitude,0.0057288262614213535,0.03542398682785382,0.10961298494176626,1.052298060128526,15.133300874171626,92.2118229190022,196.87160006352244,92.17639893217435,True
f1:MAFAULDA:mafaulda_overhang_cage_fault_20g_13.7216:col3_underhang_radial:train:100000-150000,MAFAULDA,overhang/cage_fault,823.296,50000,4096,0.5,power,3.281945033355096e-05,0.0012548760755990344,0.012015006750980833,1.1073312073502586,229.01680596039984,8503.244699106363,38758.42691157153,8503.243444230287,True
f1:MAFAULDA:mafaulda_overhang_cage_fault_20g_13.7216:col3_underhang_radial:train:100000-150000,MAFAULDA,overhang/cage_fault,823.296,50000,4096,0.5,log1p,0.005712478940513409,0.034810983907687575,0.10401129219783667,0.7189601702341992,2.7808854927320885,4.534861554891055,5.2876183358098325,4.500050570983367,True
f1:MAFAULDA:mafaulda_overhang_cage_fault_20g_13.7216:col3_underhang_radial:train:100000-150000,MAFAULDA,overhang/cage_fault,823.296,50000,4096,0.5,db,-44.83868681707571,-29.014110532756924,-19.202760005140117,0.44277539670063654,23.59867313133278,39.29561663812077,45.88366142024989,68.3097271708777,True
f1:MAFAULDA:mafaulda_overhang_cage_fault_20g_58.368:col3_underhang_radial:train:100000-150000,MAFAULDA,overhang/cage_fault,3502.08,50000,256,0.25,magnitude,0.0005178584977727496,0.021685739573006565,0.07478547884713486,1.1039100483180806,117.35973425232567,273.73022090647424,290.4261306157042,273.70853516690124,True
f1:MAFAULDA:mafaulda_overhang_cage_fault_20g_58.368:col3_underhang_radial:train:100000-150000,MAFAULDA,overhang/cage_fault,3502.08,50000,256,0.25,power,2.681774237154489e-07,0.0004702762672636193,0.0055928679441809475,1.2186173948269703,13773.30824077845,74928.25077920647,84347.33734441009,74928.2503089302,True
f1:MAFAULDA:mafaulda_overhang_cage_fault_20g_58.368:col3_underhang_radial:train:100000-150000,MAFAULDA,overhang/cage_fault,3502.08,50000,256,0.25,log1p,0.0005177244553355721,0.021453946590777612,0.0721210870628351,0.7437975412554348,4.7737285459853105,5.615789489019119,5.674786562409605,5.594335542428341,True
f1:MAFAULDA:mafaulda_overhang_cage_fault_20g_58.368:col3_underhang_radial:train:100000-150000,MAFAULDA,overhang/cage_fault,3502.08,50000,256,0.25,db,-65.71577617923992,-33.276561008325864,-22.52365448905958,0.8586737309624114,41.39038202788126,48.74645397580724,49.260713774425525,82.02301498413311,True
f1:MAFAULDA:mafaulda_overhang_cage_fault_20g_58.368:col3_underhang_radial:train:100000-150000,MAFAULDA,overhang/cage_fault,3502.08,50000,256,0.5,magnitude,0.0005178584977727496,0.023479705015540243,0.07289533529479539,1.106094804661792,117.27952614029205,273.36784227277593,290.4261306157042,273.3443625677604,True
f1:MAFAULDA:mafaulda_overhang_cage_fault_20g_58.368:col3_underhang_radial:train:100000-150000,MAFAULDA,overhang/cage_fault,3502.08,50000,256,0.5,power,2.681774237154489e-07,0.0005513013586453029,0.005313730694967633,1.2234457168998079,13754.500302217086,74729.97719022901,84347.33734441009,74729.97663892765,True
f1:MAFAULDA:mafaulda_overhang_cage_fault_20g_58.368:col3_underhang_radial:train:100000-150000,MAFAULDA,overhang/cage_fault,3502.08,50000,256,0.5,log1p,0.0005177244553355721,0.02320829462348072,0.07036091455521658,0.744835429157164,4.773050222750344,5.614469696091633,5.674786562409605,5.591261401468152,True
f1:MAFAULDA:mafaulda_overhang_cage_fault_20g_58.368:col3_underhang_radial:train:100000-150000,MAFAULDA,overhang/cage_fault,3502.08,50000,256,0.5,db,-65.71577617923992,-32.58618501102916,-22.746005873484698,0.8758470496873604,41.38443993462766,48.734948496813935,49.260713774425525,81.32113350784309,True
f1:MAFAULDA:mafaulda_overhang_cage_fault_20g_58.368:col3_underhang_radial:train:100000-150000,MAFAULDA,overhang/cage_fault,3502.08,50000,512,0.25,magnitude,0.000719981757939081,0.03529982277021844,0.11669537028411071,1.5910655072448672,148.3524614328947,416.03714318157193,474.16423666411805,416.0018433588017,True
f1:MAFAULDA:mafaulda_overhang_cage_fault_20g_58.368:col3_underhang_radial:train:100000-150000,MAFAULDA,overhang/cage_fault,3502.08,50000,512,0.25,power,5.183737317650495e-07,0.0012460774895691003,0.01361781037161486,2.5314894483443666,22008.452847224467,173086.90696780654,224831.72333126576,173086.90572172904,True
f1:MAFAULDA:mafaulda_overhang_cage_fault_20g_58.368:col3_underhang_radial:train:100000-150000,MAFAULDA,overhang/cage_fault,3502.08,50000,512,0.25,log1p,0.0007197226954126029,0.034691068602116744,0.11037376119930557,0.9520691838712829,5.006309024733781,6.0331752831344225,6.163660505671087,5.998484214532306,True
f1:MAFAULDA:mafaulda_overhang_cage_fault_20g_58.368:col3_underhang_radial:train:100000-150000,MAFAULDA,overhang/cage_fault,3502.08,50000,512,0.25,db,-62.85356893515835,-29.044549483596708,-18.65892775990554,4.033761215718946,43.42589512200167,52.38264204879802,53.51857589351376,81.42719153239473,True
f1:MAFAULDA:mafaulda_overhang_cage_fault_20g_58.368:col3_underhang_radial:train:100000-150000,MAFAULDA,overhang/cage_fault,3502.08,50000,512,0.5,magnitude,0.000719981757939081,0.03505320476011767,0.11697606862126655,1.589162075579064,148.87588575649238,414.32380022073914,471.3306753926538,414.288747015979,True
f1:MAFAULDA:mafaulda_overhang_cage_fault_20g_58.368:col3_underhang_radial:train:100000-150000,MAFAULDA,overhang/cage_fault,3502.08,50000,512,0.5,power,5.183737317650495e-07,0.001228757469342648,0.01368340376328298,2.5254361025357888,22164.030198686323,171664.8478050189,222152.60556609518,171664.84657626142,True
f1:MAFAULDA:mafaulda_overhang_cage_fault_20g_58.368:col3_underhang_radial:train:100000-150000,MAFAULDA,overhang/cage_fault,3502.08,50000,512,0.5,log1p,0.0007197226954126029,0.034452816814459344,0.11062509391188333,0.9513343004184175,5.009807504625903,6.02905661766357,6.157679323750536,5.99460380084911,True
f1:MAFAULDA:mafaulda_overhang_cage_fault_20g_58.368:col3_underhang_radial:train:100000-150000,MAFAULDA,overhang/cage_fault,3502.08,50000,512,0.5,db,-62.85356893515835,-29.10555322503901,-18.63806056052154,4.023363846891732,43.45648700343512,52.34678157072521,53.466514113260786,81.45233479576422,True
f1:MAFAULDA:mafaulda_overhang_cage_fault_20g_58.368:col3_underhang_radial:train:100000-150000,MAFAULDA,overhang/cage_fault,3502.08,50000,1024,0.25,magnitude,0.0028930724981478186,0.04905145488173668,0.17130246535038382,2.2676708395537433,190.37928537440365,555.0666306420142,581.3925977840485,555.0175791871325,True
f1:MAFAULDA:mafaulda_overhang_cage_fault_20g_58.368:col3_underhang_radial:train:100000-150000,MAFAULDA,overhang/cage_fault,3502.08,50000,1024,0.25,power,8.36986847953926e-06,0.002406048883806454,0.029344534654580673,5.142331039909413,36244.27304004122,308098.9645094282,338017.35275808437,308098.9621033793,True
f1:MAFAULDA:mafaulda_overhang_cage_fault_20g_58.368:col3_underhang_radial:train:100000-150000,MAFAULDA,overhang/cage_fault,3502.08,50000,1024,0.25,log1p,0.002888895617980249,0.04788637791417761,0.15811634788279952,1.184077449477419,5.254257236174672,6.320888126262214,6.367144786952887,6.273001748348037,True
f1:MAFAULDA:mafaulda_overhang_cage_fault_20g_58.368:col3_underhang_radial:train:100000-150000,MAFAULDA,overhang/cage_fault,3502.08,50000,1024,0.25,db,-50.772813362440274,-26.186968720166224,-15.324727732035855,7.1116003058537185,45.592393756894616,54.88690238537035,55.28938996176136,81.07387110553657,True
f1:MAFAULDA:mafaulda_overhang_cage_fault_20g_58.368:col3_underhang_radial:train:100000-150000,MAFAULDA,overhang/cage_fault,3502.08,50000,1024,0.5,magnitude,0.003565966407404774,0.04822025271033801,0.17305253115759037,2.2675616946991797,189.70500868983228,555.0162369670388,581.3925977840485,554.9680167143284,True
f1:MAFAULDA:mafaulda_overhang_cage_fault_20g_58.368:col3_underhang_radial:train:100000-150000,MAFAULDA,overhang/cage_fault,3502.08,50000,1024,0.5,power,1.271611641873931e-05,0.0023251927725884704,0.029947178796821666,5.141836041897814,35987.994124755016,308043.0288705958,338017.35275808437,308043.026545403,True
f1:MAFAULDA:mafaulda_overhang_cage_fault_20g_58.368:col3_underhang_radial:train:100000-150000,MAFAULDA,overhang/cage_fault,3502.08,50000,1024,0.5,log1p,0.0035596234239668087,0.0470937286167449,0.15960935217084138,1.1840440475305303,5.2507277247397255,6.320797487987173,6.367144786952887,6.273703759370428,True
f1:MAFAULDA:mafaulda_overhang_cage_fault_20g_58.368:col3_underhang_radial:train:100000-150000,MAFAULDA,overhang/cage_fault,3502.08,50000,1024,0.5,db,-48.95645480323347,-26.335410342582698,-15.236440914282827,7.111182237415952,45.56157549124117,54.886113692770536,55.28938996176136,81.22152403535324,True
f1:MAFAULDA:mafaulda_overhang_cage_fault_20g_58.368:col3_underhang_radial:train:100000-150000,MAFAULDA,overhang/cage_fault,3502.08,50000,2048,0.25,magnitude,0.001230710309169325,0.07321350310853587,0.25175495660417524,3.211867454377911,241.00920899915113,855.9481388397802,1061.7307241664735,855.8749253366717,True
f1:MAFAULDA:mafaulda_overhang_cage_fault_20g_58.368:col3_underhang_radial:train:100000-150000,MAFAULDA,overhang/cage_fault,3502.08,50000,2048,0.25,power,1.5146478650956556e-06,0.00536048022553766,0.06338056397512822,10.316092544643126,58085.44009359172,732647.2200853209,1127272.1306390641,732647.2147248406,True
f1:MAFAULDA:mafaulda_overhang_cage_fault_20g_58.368:col3_underhang_radial:train:100000-150000,MAFAULDA,overhang/cage_fault,3502.08,50000,2048,0.25,log1p,0.0012299536060280491,0.07065730736007028,0.22454653010887127,1.4379061252010785,5.488975768295902,6.7533773994733055,6.968597029381136,6.682720092113235,True
f1:MAFAULDA:mafaulda_overhang_cage_fault_20g_58.368:col3_underhang_radial:train:100000-150000,MAFAULDA,overhang/cage_fault,3502.08,50000,2048,0.25,db,-58.19688252375255,-22.708388855928924,-11.980439798191002,10.135152295104238,47.64067265198298,58.64894901697206,60.5202877014421,81.35733787290098,True
f1:MAFAULDA:mafaulda_overhang_cage_fault_20g_58.368:col3_underhang_radial:train:100000-150000,MAFAULDA,overhang/cage_fault,3502.08,50000,2048,0.5,magnitude,0.001230710309169325,0.0741735270552855,0.25179336216689296,3.1994698496092773,240.89169089390086,856.8109828709091,1060.096769574746,856.7368093438538,True
f1:MAFAULDA:mafaulda_overhang_cage_fault_20g_58.368:col3_underhang_radial:train:100000-150000,MAFAULDA,overhang/cage_fault,3502.08,50000,2048,0.5,power,1.5146478650956556e-06,0.005501719859366138,0.06339993023666994,10.23660731855881,58028.80905513843,734125.2014232253,1123805.1608628123,734125.1959215055,True
f1:MAFAULDA:mafaulda_overhang_cage_fault_20g_58.368:col3_underhang_radial:train:100000-150000,MAFAULDA,overhang/cage_fault,3502.08,50000,2048,0.5,log1p,0.0012299536060280491,0.07155155049527834,0.224577202331117,1.4349582910386094,5.4884900479169145,6.754383679639724,6.967058340463211,6.682832129144446,True
f1:MAFAULDA:mafaulda_overhang_cage_fault_20g_58.368:col3_underhang_radial:train:100000-150000,MAFAULDA,overhang/cage_fault,3502.08,50000,2048,0.5,db,-58.19688252375255,-22.595027476300594,-11.979116719552465,10.101560438771775,47.63643622858678,58.657699660763654,60.50691022178873,81.25272713706426,True
f1:MAFAULDA:mafaulda_overhang_cage_fault_20g_58.368:col3_underhang_radial:train:100000-150000,MAFAULDA,overhang/cage_fault,3502.08,50000,4096,0.25,magnitude,0.009175919723503434,0.10714833699487301,0.35483896987472147,4.470014755306292,321.9031444189802,758.4886147819691,2118.9955806400067,758.3814664449742,True
f1:MAFAULDA:mafaulda_overhang_cage_fault_20g_58.368:col3_underhang_radial:train:100000-150000,MAFAULDA,overhang/cage_fault,3502.08,50000,4096,0.25,power,8.419750277217932e-05,0.011480790867408152,0.12591070200712262,19.981031912655972,103621.63466478176,575309.0790830575,4490142.270771879,575309.0676022666,True
f1:MAFAULDA:mafaulda_overhang_cage_fault_20g_58.368:col3_underhang_radial:train:100000-150000,MAFAULDA,overhang/cage_fault,3502.08,50000,4096,0.25,log1p,0.00913407674256591,0.1017876337485904,0.3036826038154909,1.6992813139268315,5.777352414441854,6.632641767954849,7.659169283060115,6.530854134206258,True
f1:MAFAULDA:mafaulda_overhang_cage_fault_20g_58.368:col3_underhang_radial:train:100000-150000,MAFAULDA,overhang/cage_fault,3502.08,50000,4096,0.25,db,-40.74700779656071,-19.400300641131633,-8.999374059158987,13.006179134589308,50.154504368111525,57.59895029031461,66.52260101901422,76.99925093144624,True
f1:MAFAULDA:mafaulda_overhang_cage_fault_20g_58.368:col3_underhang_radial:train:100000-150000,MAFAULDA,overhang/cage_fault,3502.08,50000,4096,0.5,magnitude,0.009175919723503434,0.1048810323963554,0.35940989405847495,4.445640094524714,322.1324569320579,758.8624044209664,2118.9955806400067,758.75752338857,True
f1:MAFAULDA:mafaulda_overhang_cage_fault_20g_58.368:col3_underhang_radial:train:100000-150000,MAFAULDA,overhang/cage_fault,3502.08,50000,4096,0.5,power,8.419750277217932e-05,0.011000113658186969,0.12917554461907418,19.76371585004571,103769.32008699885,575875.0913820132,4490142.270771879,575875.0803818995,True
f1:MAFAULDA:mafaulda_overhang_cage_fault_20g_58.368:col3_underhang_radial:train:100000-150000,MAFAULDA,overhang/cage_fault,3502.08,50000,4096,0.5,log1p,0.00913407674256591,0.09973763232419404,0.3070506844983743,1.694815305862254,5.778062321211558,6.633134813257342,7.659169283060115,6.533397180933148,True
f1:MAFAULDA:mafaulda_overhang_cage_fault_20g_58.368:col3_underhang_radial:train:100000-150000,MAFAULDA,overhang/cage_fault,3502.08,50000,4096,0.5,db,-40.74700779656071,-19.58609343592981,-8.888201870208215,12.958686012759632,50.160689688511695,57.603238483736526,66.52260101901422,77.18933191966633,True
f1:MAFAULDA:mafaulda_overhang_cage_fault_35g_54.0672:col3_underhang_radial:train:100000-150000,MAFAULDA,overhang/cage_fault,3244.032,50000,256,0.25,magnitude,0.0003320684736252133,0.02525116508460501,0.08956375220223295,1.2260527940100663,140.66325954147692,399.35005526616374,454.9427577979743,399.3248041010791,True
f1:MAFAULDA:mafaulda_overhang_cage_fault_35g_54.0672:col3_underhang_radial:train:100000-150000,MAFAULDA,overhang/cage_fault,3244.032,50000,256,0.25,power,1.1026947117577898e-07,0.0006376304704374022,0.00802166583333325,1.5032054538448045,19786.15340865018,159480.478281372,206972.9128728263,159480.47764374153,True
f1:MAFAULDA:mafaulda_overhang_cage_fault_35g_54.0672:col3_underhang_radial:train:100000-150000,MAFAULDA,overhang/cage_fault,3244.032,50000,256,0.25,log1p,0.00033201335109225806,0.024937617336279284,0.08577738873875547,0.8002299695431419,4.953452809147732,5.992339266247173,6.1223672704898995,5.967401648910894,True
f1:MAFAULDA:mafaulda_overhang_cage_fault_35g_54.0672:col3_underhang_radial:train:100000-150000,MAFAULDA,overhang/cage_fault,3244.032,50000,256,0.25,db,-69.57544446616906,-31.954433653161107,-20.95735446365899,1.7701834276505406,42.96361335821602,52.02707466039543,53.1591351183581,83.98150831355653,True
f1:MAFAULDA:mafaulda_overhang_cage_fault_35g_54.0672:col3_underhang_radial:train:100000-150000,MAFAULDA,overhang/cage_fault,3244.032,50000,256,0.5,magnitude,0.0014354791259023614,0.024380890820555813,0.09139281855522365,1.2307485229505322,140.82593790426694,400.1818665601495,452.7866096326936,400.15748566932893,True
f1:MAFAULDA:mafaulda_overhang_cage_fault_35g_54.0672:col3_underhang_radial:train:100000-150000,MAFAULDA,overhang/cage_fault,3244.032,50000,256,0.5,power,2.0606003209014075e-06,0.0005944284202560252,0.00835264938734602,1.5147419267449167,19832.009081518358,160145.5293569747,205015.71386266928,160145.52876254628,True
f1:MAFAULDA:mafaulda_overhang_cage_fault_35g_54.0672:col3_underhang_radial:train:100000-150000,MAFAULDA,overhang/cage_fault,3244.032,50000,256,0.5,log1p,0.0014344498106645257,0.02408842087011387,0.08745469483513985,0.802337189666573,4.954598920934408,5.994414847635639,6.117627064710513,5.970326426765525,True
f1:MAFAULDA:mafaulda_overhang_cage_fault_35g_54.0672:col3_underhang_radial:train:100000-150000,MAFAULDA,overhang/cage_fault,3244.032,50000,256,0.5,db,-56.860061763680456,-32.25901282605325,-20.781759661386538,1.8033864654729312,42.973638992096596,52.045148028954195,53.11787149750107,84.30416085500744,True
f1:MAFAULDA:mafaulda_overhang_cage_fault_35g_54.0672:col3_underhang_radial:train:100000-150000,MAFAULDA,overhang/cage_fault,3244.032,50000,512,0.25,magnitude,0.0047775380497796505,0.03769293756498606,0.13267477763162117,1.7369973346319223,111.85251383129649,618.8906549741097,696.5055462754199,618.8529620365447,True
f1:MAFAULDA:mafaulda_overhang_cage_fault_35g_54.0672:col3_underhang_radial:train:100000-150000,MAFAULDA,overhang/cage_fault,3244.032,50000,512,0.25,power,2.2824869817092346e-05,0.0014207575424926289,0.017602600125103136,3.017159740518402,12510.984850436207,383025.6578103351,485119.97599242104,383025.65638957755,True
f1:MAFAULDA:mafaulda_overhang_cage_fault_35g_54.0672:col3_underhang_radial:train:100000-150000,MAFAULDA,overhang/cage_fault,3244.032,50000,512,0.25,log1p,0.0047661618340179325,0.03699991975152947,0.12458189413589414,1.0068614562297604,4.72608177887764,6.429543080027273,6.547510465313254,6.392543160275743,True
f1:MAFAULDA:mafaulda_overhang_cage_fault_35g_54.0672:col3_underhang_radial:train:100000-150000,MAFAULDA,overhang/cage_fault,3244.032,50000,512,0.25,db,-46.41591672628521,-28.474800275290843,-17.544233490288132,4.795983041226291,40.97291498201502,55.83227833100718,56.858491581237345,84.30707860629802,True
f1:MAFAULDA:mafaulda_overhang_cage_fault_35g_54.0672:col3_underhang_radial:train:100000-150000,MAFAULDA,overhang/cage_fault,3244.032,50000,512,0.5,magnitude,0.0047775380497796505,0.037096013233769674,0.13132538725799453,1.7357220461468197,110.99551061700623,624.1831323173715,693.8853211222483,624.1460363041377,True
f1:MAFAULDA:mafaulda_overhang_cage_fault_35g_54.0672:col3_underhang_radial:train:100000-150000,MAFAULDA,overhang/cage_fault,3244.032,50000,512,0.5,power,2.2824869817092346e-05,0.0013761141979618358,0.01724636196339266,3.0127310228847834,12320.003527022529,389604.61603174265,481476.8388689257,389604.61465562845,True
f1:MAFAULDA:mafaulda_overhang_cage_fault_35g_54.0672:col3_underhang_radial:train:100000-150000,MAFAULDA,overhang/cage_fault,3244.032,50000,512,0.5,log1p,0.0047661618340179325,0.036424512457778724,0.1233898526748793,1.006395403185106,4.71845878073996,6.43804457586297,6.543746826370375,6.401620063405192,True
f1:MAFAULDA:mafaulda_overhang_cage_fault_35g_54.0672:col3_underhang_radial:train:100000-150000,MAFAULDA,overhang/cage_fault,3244.032,50000,512,0.5,db,-46.41591672628521,-28.61345522057777,-17.633027355272446,4.789603591672808,40.906108215931944,55.9062401939072,56.825754005087546,84.51969541448497,True
f1:MAFAULDA:mafaulda_overhang_cage_fault_35g_54.0672:col3_underhang_radial:train:100000-150000,MAFAULDA,overhang/cage_fault,3244.032,50000,1024,0.25,magnitude,0.011030417370648138,0.06350712640850135,0.2038852485033416,2.4756065549446307,130.36152966605917,812.8313264576507,846.9567456224482,812.7678193312422,True
f1:MAFAULDA:mafaulda_overhang_cage_fault_35g_54.0672:col3_underhang_radial:train:100000-150000,MAFAULDA,overhang/cage_fault,3244.032,50000,1024,0.25,power,0.00012167010737069617,0.004033161535946171,0.04156919463105061,6.1286278166391135,16994.128764868437,660694.7859845031,717335.7289553685,660694.7819513415,True
f1:MAFAULDA:mafaulda_overhang_cage_fault_35g_54.0672:col3_underhang_radial:train:100000-150000,MAFAULDA,overhang/cage_fault,3244.032,50000,1024,0.25,log1p,0.010970026005774939,0.061572053693913206,0.18555403376698487,1.2457690118978864,4.877953280395968,6.701753113239262,6.742829626970277,6.640181059545348,True
f1:MAFAULDA:mafaulda_overhang_cage_fault_35g_54.0672:col3_underhang_radial:train:100000-150000,MAFAULDA,overhang/cage_fault,3244.032,50000,1024,0.25,db,-39.148161008190115,-23.943557669823612,-13.812283906263271,7.873632478170141,42.302988868056936,58.20000852261942,58.55722462651688,82.14356619244303,True
f1:MAFAULDA:mafaulda_overhang_cage_fault_35g_54.0672:col3_underhang_radial:train:100000-150000,MAFAULDA,overhang/cage_fault,3244.032,50000,1024,0.5,magnitude,0.011030417370648138,0.06605001236859127,0.20725789511507303,2.4649847510186937,130.6918266456872,813.0891419186709,846.029510322655,813.0230919063023,True
f1:MAFAULDA:mafaulda_overhang_cage_fault_35g_54.0672:col3_underhang_radial:train:100000-150000,MAFAULDA,overhang/cage_fault,3244.032,50000,1024,0.5,power,0.00012167010737069617,0.004362604821805723,0.04295585691632565,6.076149822877314,17080.35966730985,661113.957068703,715765.9323367914,661113.9527060982,True
f1:MAFAULDA:mafaulda_overhang_cage_fault_35g_54.0672:col3_underhang_radial:train:100000-150000,MAFAULDA,overhang/cage_fault,3244.032,50000,1024,0.5,log1p,0.010970026005774939,0.06396024025848834,0.18835157801318217,1.2427082317666702,4.880464370109865,6.702069867671665,6.741735535039991,6.638109627413177,True
f1:MAFAULDA:mafaulda_overhang_cage_fault_35g_54.0672:col3_underhang_radial:train:100000-150000,MAFAULDA,overhang/cage_fault,3244.032,50000,1024,0.5,db,-39.148161008190115,-23.602542605912205,-13.669780538608803,7.836284739718994,42.32496700555259,58.20276320108487,58.5477102382464,81.80530580699707,True
f1:MAFAULDA:mafaulda_overhang_cage_fault_35g_54.0672:col3_underhang_radial:train:100000-150000,MAFAULDA,overhang/cage_fault,3244.032,50000,2048,0.25,magnitude,0.0036395821252146804,0.08858542884060737,0.30768212037341114,3.531082649023287,164.7400849728322,1048.9885224756576,1623.4231066585264,1048.899937046817,True
f1:MAFAULDA:mafaulda_overhang_cage_fault_35g_54.0672:col3_underhang_radial:train:100000-150000,MAFAULDA,overhang/cage_fault,3244.032,50000,2048,0.25,power,1.324655804618221e-05,0.007847380772163867,0.09466828721027276,12.468544674403987,27139.297267235368,1100376.920317191,2635502.5832328214,1100376.91246981,True
f1:MAFAULDA:mafaulda_overhang_cage_fault_35g_54.0672:col3_underhang_radial:train:100000-150000,MAFAULDA,overhang/cage_fault,3244.032,50000,2048,0.25,log1p,0.003632974873096402,0.084879080616153,0.26825619625790814,1.5109609063053213,5.1104207777041495,6.956534512101963,7.3929080204453514,6.87165543148581,True
f1:MAFAULDA:mafaulda_overhang_cage_fault_35g_54.0672:col3_underhang_radial:train:100000-150000,MAFAULDA,overhang/cage_fault,3244.032,50000,2048,0.25,db,-48.77896929238601,-21.052755573242177,-10.23795480136708,10.958157656997473,44.335985445833195,60.41541472747,64.20863446232384,81.46817030071217,True
f1:MAFAULDA:mafaulda_overhang_cage_fault_35g_54.0672:col3_underhang_radial:train:100000-150000,MAFAULDA,overhang/cage_fault,3244.032,50000,2048,0.5,magnitude,0.008251924194219384,0.08000392412683022,0.29901313245846256,3.5341150467837132,165.5290676001514,1049.6731082160466,1619.2989700119074,1049.5931042919196,True
f1:MAFAULDA:mafaulda_overhang_cage_fault_35g_54.0672:col3_underhang_radial:train:100000-150000,MAFAULDA,overhang/cage_fault,3244.032,50000,2048,0.5,power,6.809425290714324e-05,0.006401664821638397,0.08940890793135421,12.489969163903048,27399.87313447105,1101813.731654225,2622129.154281624,1101813.72525256,True
f1:MAFAULDA:mafaulda_overhang_cage_fault_35g_54.0672:col3_underhang_radial:train:100000-150000,MAFAULDA,overhang/cage_fault,3244.032,50000,2048,0.5,log1p,0.008218063219030305,0.07696423055626746,0.2616048311398233,1.5116299259989072,5.115169857889107,6.957186249011886,7.390365960589352,6.880222018455618,True
f1:MAFAULDA:mafaulda_overhang_cage_fault_35g_54.0672:col3_underhang_radial:train:100000-150000,MAFAULDA,overhang/cage_fault,3244.032,50000,2048,0.5,db,-41.66889530072902,-21.93846774312189,-10.486197394878273,10.965613661838784,44.377485230078776,60.421081036762786,64.18654079272657,82.35954877988468,True
f1:MAFAULDA:mafaulda_overhang_cage_fault_35g_54.0672:col3_underhang_radial:train:100000-150000,MAFAULDA,overhang/cage_fault,3244.032,50000,4096,0.25,magnitude,0.003627985953323032,0.12195555867584572,0.41619946079731074,4.946457557902912,239.48009348022842,895.5495000240328,3065.4979996589686,895.427544465357,True
f1:MAFAULDA:mafaulda_overhang_cage_fault_35g_54.0672:col3_underhang_radial:train:100000-150000,MAFAULDA,overhang/cage_fault,3244.032,50000,4096,0.25,power,1.3162282077509229e-05,0.01487315841832513,0.17322202057383246,24.46744237213484,57350.72435309442,802008.9258405089,9397277.985913139,802008.9109673505,True
f1:MAFAULDA:mafaulda_overhang_cage_fault_35g_54.0672:col3_underhang_radial:train:100000-150000,MAFAULDA,overhang/cage_fault,3244.032,50000,4096,0.25,log1p,0.0036214206866230178,0.11507319724253437,0.3479768401682962,1.7827956738357051,5.482637235261103,6.798553494546078,8.028291472745254,6.683480297303544,True
f1:MAFAULDA:mafaulda_overhang_cage_fault_35g_54.0672:col3_underhang_radial:train:100000-150000,MAFAULDA,overhang/cage_fault,3244.032,50000,4096,0.25,db,-48.80668782240693,-18.275968029079895,-7.613970469604904,13.885885741212212,47.58538768396261,59.041791813144094,69.73002074143069,77.31775984222399,True
f1:MAFAULDA:mafaulda_overhang_cage_fault_35g_54.0672:col3_underhang_radial:train:100000-150000,MAFAULDA,overhang/cage_fault,3244.032,50000,4096,0.5,magnitude,0.003627985953323032,0.12495414619777205,0.4134982377016591,4.947968080293291,239.77201170280594,895.5760733897661,3065.4979996589686,895.4511192435683,True
f1:MAFAULDA:mafaulda_overhang_cage_fault_35g_54.0672:col3_underhang_radial:train:100000-150000,MAFAULDA,overhang/cage_fault,3244.032,50000,4096,0.5,power,1.3162282077509229e-05,0.015613604713317195,0.17098079489942894,24.48238812360127,57490.64365940254,802056.5160098516,9397277.985913139,802056.5003962469,True
f1:MAFAULDA:mafaulda_overhang_cage_fault_35g_54.0672:col3_underhang_radial:train:100000-150000,MAFAULDA,overhang/cage_fault,3244.032,50000,4096,0.5,log1p,0.0036214206866230178,0.11774224979893844,0.3460676508087163,1.7830496621230671,5.483850251303047,6.798583137477473,8.028291472745254,6.680840887678534,True
f1:MAFAULDA:mafaulda_overhang_cage_fault_35g_54.0672:col3_underhang_radial:train:100000-150000,MAFAULDA,overhang/cage_fault,3244.032,50000,4096,0.5,db,-48.80668782240693,-18.065004884517457,-7.670526797505106,13.88853778618381,47.595967771185464,59.04204957591242,69.73002074143069,77.10705446042988,True
f1:MAFAULDA:mafaulda_overhang_outer_race_35g_13.7216:col3_underhang_radial:train:100000-150000,MAFAULDA,overhang/outer_race,823.296,50000,256,0.25,magnitude,0.0001512547665374342,0.00643880720858265,0.022849905605120603,0.28004016188732894,8.750559864381064,14.442743911698402,21.977914843133952,14.43630510448982,True
f1:MAFAULDA:mafaulda_overhang_outer_race_35g_13.7216:col3_underhang_radial:train:100000-150000,MAFAULDA,overhang/outer_race,823.296,50000,256,0.25,power,2.287800440029372e-08,4.145830392855111e-05,0.0005221181865202804,0.0784224922707293,76.57229818168447,208.59312437214825,483.0287408520477,208.5930829138443,True
f1:MAFAULDA:mafaulda_overhang_outer_race_35g_13.7216:col3_underhang_radial:train:100000-150000,MAFAULDA,overhang/outer_race,823.296,50000,256,0.25,log1p,0.00015124332868857228,0.006418166610076863,0.022592756366318426,0.24689145391351147,2.27732470407857,2.7371386713652446,3.1345335304069826,2.7307205047551677,True
f1:MAFAULDA:mafaulda_overhang_outer_race_35g_13.7216:col3_underhang_radial:train:100000-150000,MAFAULDA,overhang/outer_race,823.296,50000,256,0.25,db,-76.4058128655624,-43.82389830793367,-32.8223117589079,-11.055593596153495,18.840716791377012,23.192988534838193,26.839729726231546,67.01688684277187,True
f1:MAFAULDA:mafaulda_overhang_outer_race_35g_13.7216:col3_underhang_radial:train:100000-150000,MAFAULDA,overhang/outer_race,823.296,50000,256,0.5,magnitude,0.00041430212810337347,0.006517214671737125,0.023398563513558242,0.2788873407631799,8.742096719424154,14.52547267784599,21.977914843133952,14.518955463174253,True
f1:MAFAULDA:mafaulda_overhang_outer_race_35g_13.7216:col3_underhang_radial:train:100000-150000,MAFAULDA,overhang/outer_race,823.296,50000,256,0.5,power,1.7164625335098408e-07,4.247939944660491e-05,0.0005474927745371703,0.07777814883795801,76.42427565351235,210.98958172225602,483.0287408520477,210.98953924285658,True
f1:MAFAULDA:mafaulda_overhang_outer_race_35g_13.7216:col3_underhang_radial:train:100000-150000,MAFAULDA,overhang/outer_race,823.296,50000,256,0.5,log1p,0.0004142163286738042,0.006496066828752207,0.02312901374661377,0.24599043487282696,2.276456254937822,2.7424816059346653,3.1345335304069826,2.735985539105913,True
f1:MAFAULDA:mafaulda_overhang_outer_race_35g_13.7216:col3_underhang_radial:train:100000-150000,MAFAULDA,overhang/outer_race,823.296,50000,256,0.5,db,-67.65365462148776,-43.71929590127848,-32.61621604343459,-11.0914239719785,18.83231097114911,23.2426008351624,26.839729726231546,66.96189673644088,True
f1:MAFAULDA:mafaulda_overhang_outer_race_35g_13.7216:col3_underhang_radial:train:100000-150000,MAFAULDA,overhang/outer_race,823.296,50000,512,0.25,magnitude,0.00028014447577663594,0.01176226756040298,0.03628267283953468,0.4127926004304345,10.730235925678459,23.31593685062779,31.25858116893376,23.304174583067386,True
f1:MAFAULDA:mafaulda_overhang_outer_race_35g_13.7216:col3_underhang_radial:train:100000-150000,MAFAULDA,overhang/outer_race,823.296,50000,512,0.25,power,7.848092730816616e-08,0.00013835130776435864,0.0013164324343539985,0.17039773097012034,115.13801068415962,543.6339413504838,977.0988966948202,543.633802999176,True
f1:MAFAULDA:mafaulda_overhang_outer_race_35g_13.7216:col3_underhang_radial:train:100000-150000,MAFAULDA,overhang/outer_race,823.296,50000,512,0.25,log1p,0.0002801052426401085,0.01169362961038945,0.03563995681161836,0.34556831333291577,2.4621696023035775,3.191131101601046,3.4737840906056787,3.179437471990657,True
f1:MAFAULDA:mafaulda_overhang_outer_race_35g_13.7216:col3_underhang_radial:train:100000-150000,MAFAULDA,overhang/outer_race,823.296,50000,512,0.25,db,-71.05235564048235,-38.590190441602935,-28.806014804013998,-7.685361924206204,20.612183620548873,27.35304917726007,29.899385228977717,65.943239618863,True
f1:MAFAULDA:mafaulda_overhang_outer_race_35g_13.7216:col3_underhang_radial:train:100000-150000,MAFAULDA,overhang/outer_race,823.296,50000,512,0.5,magnitude,0.002144357392158458,0.012497947988519382,0.03613265921221321,0.4128351995696604,10.68366745114569,23.10471116631786,31.25858116893376,23.09221321832934,True
f1:MAFAULDA:mafaulda_overhang_outer_race_35g_13.7216:col3_underhang_radial:train:100000-150000,MAFAULDA,overhang/outer_race,823.296,50000,512,0.5,power,4.598268625304623e-06,0.00015619873053779437,0.0013055693948788403,0.17043290202973194,114.14079809346613,533.8276975084655,977.0988966948202,533.8275413097349,True
f1:MAFAULDA:mafaulda_overhang_outer_race_35g_13.7216:col3_underhang_radial:train:100000-150000,MAFAULDA,overhang/outer_race,823.296,50000,512,0.5,log1p,0.002142061539345945,0.012420493305517259,0.03549518491714843,0.3455984653083629,2.4581917468396184,3.1824072887561554,3.4737840906056787,3.169986795450638,True
f1:MAFAULDA:mafaulda_overhang_outer_race_35g_13.7216:col3_underhang_radial:train:100000-150000,MAFAULDA,overhang/outer_race,823.296,50000,512,0.5,db,-53.37405620860254,-38.06322641140312,-28.842002584283804,-7.6844656095505695,20.574405405116455,27.274010716842604,29.899385228977717,65.33723712824573,True
f1:MAFAULDA:mafaulda_overhang_outer_race_35g_13.7216:col3_underhang_radial:train:100000-150000,MAFAULDA,overhang/outer_race,823.296,50000,1024,0.25,magnitude,0.0008242209773167143,0.018160504083736165,0.05753780888861528,0.601333709916429,12.621568592127693,44.37247358778931,60.576185201893246,44.35431308370557,True
f1:MAFAULDA:mafaulda_overhang_outer_race_35g_13.7216:col3_underhang_radial:train:100000-150000,MAFAULDA,overhang/outer_race,823.296,50000,1024,0.25,power,6.793402194489196e-07,0.000329804206341533,0.0033105996187167766,0.36160223068563135,159.30399749895886,1968.9218293710853,3669.4742136140703,1968.921499566879,True
f1:MAFAULDA:mafaulda_overhang_outer_race_35g_13.7216:col3_underhang_radial:train:100000-150000,MAFAULDA,overhang/outer_race,823.296,50000,1024,0.25,log1p,0.0008238814937338432,0.01799757165076281,0.05594338431066075,0.4708368507173247,2.6116544522176124,3.8149042968204303,4.120275191923564,3.7969067251696673,True
f1:MAFAULDA:mafaulda_overhang_outer_race_35g_13.7216:col3_underhang_radial:train:100000-150000,MAFAULDA,overhang/outer_race,823.296,50000,1024,0.25,db,-61.67912567428492,-34.81744589064525,-24.800933816239034,-4.417688989366521,22.022266533560042,32.942260842419195,35.64603840143236,67.75970673306445,True
f1:MAFAULDA:mafaulda_overhang_outer_race_35g_13.7216:col3_underhang_radial:train:100000-150000,MAFAULDA,overhang/outer_race,823.296,50000,1024,0.5,magnitude,0.002771654782837757,0.018932219453660807,0.05896727354925335,0.598464118859563,12.75350791434399,44.40840416400686,60.576185201893246,44.3894719445532,True
f1:MAFAULDA:mafaulda_overhang_outer_race_35g_13.7216:col3_underhang_radial:train:100000-150000,MAFAULDA,overhang/outer_race,823.296,50000,1024,0.5,power,7.682070235227414e-06,0.0003586537774778364,0.003477139861937481,0.3581593015721052,162.65473509826722,1972.110519888347,3669.4742136140703,1972.1101612345694,True
f1:MAFAULDA:mafaulda_overhang_outer_race_35g_13.7216:col3_underhang_radial:train:100000-150000,MAFAULDA,overhang/outer_race,823.296,50000,1024,0.5,log1p,0.002767820830348134,0.018755127056015706,0.057294162749359966,0.4690432425073111,2.621286585850746,3.815696191893116,4.120275191923564,3.7969410648371005,True
f1:MAFAULDA:mafaulda_overhang_outer_race_35g_13.7216:col3_underhang_radial:train:100000-150000,MAFAULDA,overhang/outer_race,823.296,50000,1024,0.5,db,-51.145216951696796,-34.45864229617583,-24.5877796666975,-4.4592376539746414,22.112519107717624,32.949294167338536,35.64603840143236,67.40793646351437,True
f1:MAFAULDA:mafaulda_overhang_outer_race_35g_13.7216:col3_underhang_radial:train:100000-150000,MAFAULDA,overhang/outer_race,823.296,50000,2048,0.25,magnitude,0.0011037709172667665,0.02964602745901141,0.08808720518604114,0.8639388457116611,15.146197636387324,73.79326912637495,104.00838305867256,73.76362309891594,True
f1:MAFAULDA:mafaulda_overhang_outer_race_35g_13.7216:col3_underhang_radial:train:100000-150000,MAFAULDA,overhang/outer_race,823.296,50000,2048,0.25,power,1.218310237803919e-06,0.0008788899212713424,0.0077593558023265575,0.7463903291376832,229.40730940380868,5445.765270382177,10817.743746479566,5445.7643914922555,True
f1:MAFAULDA:mafaulda_overhang_outer_race_35g_13.7216:col3_underhang_radial:train:100000-150000,MAFAULDA,overhang/outer_race,823.296,50000,2048,0.25,log1p,0.001103162210022258,0.029215079110777264,0.08442129701134121,0.6226919076294362,2.781684568888918,4.314699318137174,4.654040185624612,4.285484239026396,True
f1:MAFAULDA:mafaulda_overhang_outer_race_35g_13.7216:col3_underhang_radial:train:100000-150000,MAFAULDA,overhang/outer_race,823.296,50000,2048,0.25,db,-59.14242027583306,-30.560684540147044,-21.10174341776917,-1.2703399621939448,23.606072264852074,37.3600800018235,40.34136689548366,67.92076454197054,True
f1:MAFAULDA:mafaulda_overhang_outer_race_35g_13.7216:col3_underhang_radial:train:100000-150000,MAFAULDA,overhang/outer_race,823.296,50000,2048,0.5,magnitude,0.0011037709172667665,0.028126954381793516,0.08700514538599402,0.8649267590377784,15.252363036969614,71.67116953945691,102.85188044339463,71.64304258507512,True
f1:MAFAULDA:mafaulda_overhang_outer_race_35g_13.7216:col3_underhang_radial:train:100000-150000,MAFAULDA,overhang/outer_race,823.296,50000,2048,0.5,power,1.218310237803919e-06,0.0007913205122060334,0.007569897525039832,0.7480982984995952,232.63464575427528,5136.97899185309,10578.509310742344,5136.978200532578,True
f1:MAFAULDA:mafaulda_overhang_outer_race_35g_13.7216:col3_underhang_radial:train:100000-150000,MAFAULDA,overhang/outer_race,823.296,50000,2048,0.5,log1p,0.001103162210022258,0.02773856371929079,0.08342634076206171,0.623221781031225,2.788238188055997,4.28592351901213,4.642965657460975,4.258184955292839,True
f1:MAFAULDA:mafaulda_overhang_outer_race_35g_13.7216:col3_underhang_radial:train:100000-150000,MAFAULDA,overhang/outer_race,823.296,50000,2048,0.5,db,-59.14242027583306,-31.01859722921597,-21.209102512224902,-1.2604133292935151,23.66674141579464,37.106700320259215,40.24424472640341,68.12529754947519,True
f1:MAFAULDA:mafaulda_overhang_outer_race_35g_13.7216:col3_underhang_radial:train:100000-150000,MAFAULDA,overhang/outer_race,823.296,50000,4096,0.25,magnitude,0.004069086517204834,0.04502042642691783,0.13403465002144768,1.235293465868696,20.42686062724839,54.294300431130495,178.57997924604632,54.24928000470358,True
f1:MAFAULDA:mafaulda_overhang_outer_race_35g_13.7216:col3_underhang_radial:train:100000-150000,MAFAULDA,overhang/outer_race,823.296,50000,4096,0.25,power,1.6557465084498167e-05,0.0020268392438170923,0.01796528740839896,1.5259499468178952,417.25663594776995,2948.064419488291,31890.808987518336,2948.0623926490475,True
f1:MAFAULDA:mafaulda_overhang_outer_race_35g_13.7216:col3_underhang_radial:train:100000-150000,MAFAULDA,overhang/outer_race,823.296,50000,4096,0.25,log1p,0.004060830174266838,0.04403643184057214,0.12578176041242906,0.8043725240850701,3.064645303518988,4.012637966337179,5.190620675523252,3.968601534496607,True
f1:MAFAULDA:mafaulda_overhang_outer_race_35g_13.7216:col3_underhang_radial:train:100000-150000,MAFAULDA,overhang/outer_race,823.296,50000,4096,0.25,db,-47.81006130751173,-26.931808855375646,-17.455658300171034,1.8354028848779955,26.204032505279134,34.6947976774758,45.03665536313336,61.62660653285144,True
f1:MAFAULDA:mafaulda_overhang_outer_race_35g_13.7216:col3_underhang_radial:train:100000-150000,MAFAULDA,overhang/outer_race,823.296,50000,4096,0.5,magnitude,0.004069086517204834,0.04507741261421737,0.13483252607155297,1.2306522238239015,20.28611408519662,61.317251969172105,178.57997924604632,61.272174556557886,True
f1:MAFAULDA:mafaulda_overhang_outer_race_35g_13.7216:col3_underhang_radial:train:100000-150000,MAFAULDA,overhang/outer_race,823.296,50000,4096,0.5,power,1.6557465084498167e-05,0.002031973180866106,0.018179875937615136,1.514504896002714,411.5265997735582,3766.4722397999526,31890.808987518336,3766.470207826772,True
f1:MAFAULDA:mafaulda_overhang_outer_race_35g_13.7216:col3_underhang_radial:train:100000-150000,MAFAULDA,overhang/outer_race,823.296,50000,4096,0.5,log1p,0.004060830174266838,0.04409096170551867,0.12648506036215187,0.8022940197600296,3.058054745931508,4.131321583129454,5.190620675523252,4.087230621423935,True
f1:MAFAULDA:mafaulda_overhang_outer_race_35g_13.7216:col3_underhang_radial:train:100000-150000,MAFAULDA,overhang/outer_race,823.296,50000,4096,0.5,db,-47.81006130751173,-26.92082049086866,-17.4041222817083,1.8027068170348532,26.14397542222504,35.74341994109906,45.03665536313336,62.66424043196773,True
f1:MAFAULDA:mafaulda_overhang_outer_race_6g_17.6128:col3_underhang_radial:train:100000-150000,MAFAULDA,overhang/outer_race,1056.768,50000,256,0.25,magnitude,0.0005988876435146086,0.007074618503601932,0.025235087735310118,0.2957067179070834,9.014938990727751,13.351596107552085,19.05726764123303,13.344521489048484,True
f1:MAFAULDA:mafaulda_overhang_outer_race_6g_17.6128:col3_underhang_radial:train:100000-150000,MAFAULDA,overhang/outer_race,1056.768,50000,256,0.25,power,3.5866640955448086e-07,5.005073051280559e-05,0.0006368096530362047,0.08744246302618239,81.26912636494274,178.26515004715986,363.1794499495875,178.26509999642934,True
f1:MAFAULDA:mafaulda_overhang_outer_race_6g_17.6128:col3_underhang_radial:train:100000-150000,MAFAULDA,overhang/outer_race,1056.768,50000,256,0.25,log1p,0.00059870838187798,0.007049710547893868,0.02492194018088379,0.2590562744064286,2.3040778705381744,2.6638610867227794,2.9985915639460416,2.6568113761748857,True
f1:MAFAULDA:mafaulda_overhang_outer_race_6g_17.6128:col3_underhang_radial:train:100000-150000,MAFAULDA,overhang/outer_race,1056.768,50000,256,0.25,db,-64.4530914968211,-43.00598300427928,-31.9599035859225,-10.582776177564828,19.099255766468723,22.51066295918416,25.601212665441594,65.51664596346345,True
f1:MAFAULDA:mafaulda_overhang_outer_race_6g_17.6128:col3_underhang_radial:train:100000-150000,MAFAULDA,overhang/outer_race,1056.768,50000,256,0.5,magnitude,0.001068604889503999,0.007066161975572417,0.024888821811408546,0.2968272948099137,8.95806506746607,13.296241774720007,19.05726764123303,13.289175612744435,True
f1:MAFAULDA:mafaulda_overhang_outer_race_6g_17.6128:col3_underhang_radial:train:100000-150000,MAFAULDA,overhang/outer_race,1056.768,50000,256,0.5,power,1.141916409871854e-06,4.9930967256016836e-05,0.0006194535532524712,0.08810644294417143,80.24692975312449,176.79017470481645,363.1794499495875,176.7901247738492,True
f1:MAFAULDA:mafaulda_overhang_outer_race_6g_17.6128:col3_underhang_radial:train:100000-150000,MAFAULDA,overhang/outer_race,1056.768,50000,256,0.5,log1p,0.0010680343377258345,0.007041313480444161,0.024584140133399907,0.25992073903546564,2.298382782387999,2.659996372990586,2.9985915639460416,2.6529550595101417,True
f1:MAFAULDA:mafaulda_overhang_outer_race_6g_17.6128:col3_underhang_radial:train:100000-150000,MAFAULDA,overhang/outer_race,1056.768,50000,256,0.5,db,-59.423656047026405,-43.01635605400786,-32.079913912433945,-10.549923315587897,19.044284252993158,22.474574890671573,25.601212665441594,65.49093094467943,True
f1:MAFAULDA:mafaulda_overhang_outer_race_6g_17.6128:col3_underhang_radial:train:100000-150000,MAFAULDA,overhang/outer_race,1056.768,50000,512,0.25,magnitude,1.906828202802302e-05,0.011231822844470475,0.037787367073042186,0.4281279976203111,12.184153296105453,22.304816622798718,29.363398453204827,22.293584799954246,True
f1:MAFAULDA:mafaulda_overhang_outer_race_6g_17.6128:col3_underhang_radial:train:100000-150000,MAFAULDA,overhang/outer_race,1056.768,50000,512,0.25,power,3.635993795002257e-10,0.00012615430169753673,0.001427885113823025,0.18329358234637713,148.45360149083814,497.5048863495636,862.2091687216716,497.5047601952619,True
f1:MAFAULDA:mafaulda_overhang_outer_race_6g_17.6128:col3_underhang_radial:train:100000-150000,MAFAULDA,overhang/outer_race,1056.768,50000,512,0.25,log1p,1.9068100230644308e-05,0.011169214067937895,0.03709091508048788,0.3563644940883818,2.5790155719211403,3.148660022758137,3.4132378847741394,3.1374908086901994,True
f1:MAFAULDA:mafaulda_overhang_outer_race_6g_17.6128:col3_underhang_radial:train:100000-150000,MAFAULDA,overhang/outer_race,1056.768,50000,512,0.25,db,-94.39372311455134,-38.99101076446306,-28.453067338810097,-7.368527405105592,21.715906798677263,26.9679727768971,29.356126368275497,65.95898354136017,True
f1:MAFAULDA:mafaulda_overhang_outer_race_6g_17.6128:col3_underhang_radial:train:100000-150000,MAFAULDA,overhang/outer_race,1056.768,50000,512,0.5,magnitude,0.002111782163687216,0.010907989453296461,0.03743924118406105,0.4291987146968307,12.200861096648394,22.16533392320291,29.363398453204827,22.15442593374961,True
f1:MAFAULDA:mafaulda_overhang_outer_race_6g_17.6128:col3_underhang_radial:train:100000-150000,MAFAULDA,overhang/outer_race,1056.768,50000,512,0.5,power,4.45962390686746e-06,0.00011898431040864655,0.001401699433113455,0.18421153803564438,148.86102116779674,491.3037869051245,862.2091687216716,491.3036679208141,True
f1:MAFAULDA:mafaulda_overhang_outer_race_6g_17.6128:col3_underhang_radial:train:100000-150000,MAFAULDA,overhang/outer_race,1056.768,50000,512,0.5,log1p,0.0021095554860215138,0.010848926416464158,0.0367554074613492,0.3571139475226147,2.580282034320471,3.142655298870541,3.4132378847741394,3.131806372454077,True
f1:MAFAULDA:mafaulda_overhang_outer_race_6g_17.6128:col3_underhang_radial:train:100000-150000,MAFAULDA,overhang/outer_race,1056.768,50000,512,0.5,db,-53.50701723937338,-39.24510852832228,-28.533467439753792,-7.346831774873966,21.72780937467499,26.913470058704313,29.356126368275497,66.1585785870266,True
f1:MAFAULDA:mafaulda_overhang_outer_race_6g_17.6128:col3_underhang_radial:train:100000-150000,MAFAULDA,overhang/outer_race,1056.768,50000,1024,0.25,magnitude,0.00244297718092068,0.01980676541917803,0.059416521158816266,0.6136783062130008,14.609217863692933,40.07159584277275,50.65263478180834,40.051789077353575,True
f1:MAFAULDA:mafaulda_overhang_outer_race_6g_17.6128:col3_underhang_radial:train:100000-150000,MAFAULDA,overhang/outer_race,1056.768,50000,1024,0.25,power,5.968137506499154e-06,0.0003923189742804715,0.0035303230293847274,0.37660106376160574,213.42924659346457,1605.733521716327,2565.6894103392597,1605.7331293973527,True
f1:MAFAULDA:mafaulda_overhang_outer_race_6g_17.6128:col3_underhang_radial:train:100000-150000,MAFAULDA,overhang/outer_race,1056.768,50000,1024,0.25,log1p,0.002439997963288046,0.019613158384574832,0.05771830481378129,0.4785162353208854,2.747861628438288,3.715316567984204,3.944541206497062,3.6957034095996293,True
f1:MAFAULDA:mafaulda_overhang_outer_race_6g_17.6128:col3_underhang_radial:train:100000-150000,MAFAULDA,overhang/outer_race,1056.768,50000,1024,0.25,db,-52.24161143676263,-34.06385075904387,-24.521855633174226,-4.241184580168744,23.292539313073316,32.05673079937417,34.092040816821424,66.12058155841805,True
f1:MAFAULDA:mafaulda_overhang_outer_race_6g_17.6128:col3_underhang_radial:train:100000-150000,MAFAULDA,overhang/outer_race,1056.768,50000,1024,0.5,magnitude,0.0027778605228696573,0.01894523725245352,0.0599013221412012,0.6109817548644607,14.613146509996549,39.963557523648724,50.65263478180834,39.94461228639627,True
f1:MAFAULDA:mafaulda_overhang_outer_race_6g_17.6128:col3_underhang_radial:train:100000-150000,MAFAULDA,overhang/outer_race,1056.768,50000,1024,0.5,power,7.716509084517685e-06,0.0003589221205577903,0.003588168439217109,0.37329870523258557,213.54406038183896,1597.0863999589499,2565.6894103392597,1597.0860410368293,True
f1:MAFAULDA:mafaulda_overhang_outer_race_6g_17.6128:col3_underhang_radial:train:100000-150000,MAFAULDA,overhang/outer_race,1056.768,50000,1024,0.5,log1p,0.0027740093986029285,0.01876801108932231,0.05817581145098756,0.4768437786950369,2.748113264959724,3.7126826904559267,3.944541206497062,3.6939146793666042,True
f1:MAFAULDA:mafaulda_overhang_outer_race_6g_17.6128:col3_underhang_radial:train:100000-150000,MAFAULDA,overhang/outer_race,1056.768,50000,1024,0.5,db,-51.12579096921161,-34.4500002694083,-24.451271875163435,-4.279435173165158,23.294874577836143,32.03328155776008,34.092040816821424,66.48328182716838,True
f1:MAFAULDA:mafaulda_overhang_outer_race_6g_17.6128:col3_underhang_radial:train:100000-150000,MAFAULDA,overhang/outer_race,1056.768,50000,2048,0.25,magnitude,0.00032590050060482415,0.024573313365450787,0.0836195991203187,0.8750481482238914,18.31945289188086,71.27452083206266,83.16723267485438,71.24994751869721,True
f1:MAFAULDA:mafaulda_overhang_outer_race_6g_17.6128:col3_underhang_radial:train:100000-150000,MAFAULDA,overhang/outer_race,1056.768,50000,2048,0.25,power,1.0621113629447499e-07,0.0006038477836338838,0.0069922374035802145,0.7657092618030649,335.60237355059303,5080.057977118542,6916.788590793365,5080.057373270758,True
f1:MAFAULDA:mafaulda_overhang_outer_race_6g_17.6128:col3_underhang_radial:train:100000-150000,MAFAULDA,overhang/outer_race,1056.768,50000,2048,0.25,log1p,0.00032584740657194493,0.02427624625282319,0.08030691808890177,0.6286343381321885,2.9611124843127383,4.280471595168631,4.432805684874448,4.256195348915808,True
f1:MAFAULDA:mafaulda_overhang_outer_race_6g_17.6128:col3_underhang_radial:train:100000-150000,MAFAULDA,overhang/outer_race,1056.768,50000,2048,0.25,db,-69.73829678338686,-32.19072597356089,-21.553838395045254,-1.1593609977708055,25.258249737909427,37.058685563909,38.399045018247335,69.24941153746988,True
f1:MAFAULDA:mafaulda_overhang_outer_race_6g_17.6128:col3_underhang_radial:train:100000-150000,MAFAULDA,overhang/outer_race,1056.768,50000,2048,0.5,magnitude,0.00032590050060482415,0.025502801221069633,0.08311005012012022,0.874222138007564,18.34021895582615,71.14658693020236,83.16723267485438,71.1210841289813,True
f1:MAFAULDA:mafaulda_overhang_outer_race_6g_17.6128:col3_underhang_radial:train:100000-150000,MAFAULDA,overhang/outer_race,1056.768,50000,2048,0.5,power,1.0621113629447499e-07,0.0006503996141323012,0.006907300196491721,0.7642643465825163,336.3636569958388,5061.847679667252,6916.788590793365,5061.847029267638,True
f1:MAFAULDA:mafaulda_overhang_outer_race_6g_17.6128:col3_underhang_radial:train:100000-150000,MAFAULDA,overhang/outer_race,1056.768,50000,2048,0.5,log1p,0.00032584740657194493,0.025183026886618252,0.07983657042393781,0.6281937136149697,2.9621867770800416,4.27869893514265,4.432805684874448,4.253515908256031,True
f1:MAFAULDA:mafaulda_overhang_outer_race_6g_17.6128:col3_underhang_radial:train:100000-150000,MAFAULDA,overhang/outer_race,1056.768,50000,2048,0.5,db,-69.73829678338686,-31.868287116232707,-21.606941548177325,-1.16756399956701,25.268089993282405,37.04307209289501,38.399045018247335,68.91135920912771,True
f1:MAFAULDA:mafaulda_overhang_outer_race_6g_17.6128:col3_underhang_radial:train:100000-150000,MAFAULDA,overhang/outer_race,1056.768,50000,4096,0.25,magnitude,0.0033781479373813433,0.04247184931788015,0.1264251897996118,1.244830656287382,24.53545464625058,84.65557755007127,176.42250926352253,84.6131057007534,True
f1:MAFAULDA:mafaulda_overhang_outer_race_6g_17.6128:col3_underhang_radial:train:100000-150000,MAFAULDA,overhang/outer_race,1056.768,50000,4096,0.25,power,1.1411883486833825e-05,0.0018038670775223382,0.015983329143154597,1.5496033628328745,601.9885348850584,7166.68163994637,31124.901774837694,7166.679836079292,True
f1:MAFAULDA:mafaulda_overhang_outer_race_6g_17.6128:col3_underhang_radial:train:100000-150000,MAFAULDA,overhang/outer_race,1056.768,50000,4096,0.25,log1p,0.0033724548135114505,0.041594667090608654,0.11904906906716821,0.8086300868512938,3.2400678646245584,4.450326486882968,5.178533946062672,4.40873181979236,True
f1:MAFAULDA:mafaulda_overhang_outer_race_6g_17.6128:col3_underhang_radial:train:100000-150000,MAFAULDA,overhang/outer_race,1056.768,50000,4096,0.25,db,-49.42642645344637,-27.437998393054013,-17.96332785026706,1.9022055025513067,27.79588219756609,38.55304167797166,44.931079895432156,65.99104007102568,True
f1:MAFAULDA:mafaulda_overhang_outer_race_6g_17.6128:col3_underhang_radial:train:100000-150000,MAFAULDA,overhang/outer_race,1056.768,50000,4096,0.5,magnitude,0.007619997836273991,0.04130296910779401,0.1280712085495425,1.2452767204024022,24.674730679902883,83.54605244155354,175.86703230073374,83.50474947244575,True
f1:MAFAULDA:mafaulda_overhang_outer_race_6g_17.6128:col3_underhang_radial:train:100000-150000,MAFAULDA,overhang/outer_race,1056.768,50000,4096,0.5,power,5.8064367024820304e-05,0.0017059587487792767,0.016402236522868565,1.5507141103761626,608.8423674066878,6979.944958343978,30929.213050267324,6979.943252385229,True
f1:MAFAULDA:mafaulda_overhang_outer_race_6g_17.6128:col3_underhang_radial:train:100000-150000,MAFAULDA,overhang/outer_race,1056.768,50000,4096,0.5,log1p,0.00759111229844997,0.040472773066679936,0.12050927841936278,0.8088287743565429,3.245507240926628,4.437296239616277,5.175398220319863,4.396823466549597,True
f1:MAFAULDA:mafaulda_overhang_outer_race_6g_17.6128:col3_underhang_radial:train:100000-150000,MAFAULDA,overhang/outer_race,1056.768,50000,4096,0.5,db,-42.36090292560941,-27.680434002715753,-17.850970383817582,1.9053173874057248,27.845048185078348,38.438517390125114,44.90368870140294,66.11895139284087,True
f1:MAFAULDA:mafaulda_overhang_outer_race_6g_61.8496:col3_underhang_radial:train:100000-150000,MAFAULDA,overhang/outer_race,3710.976,50000,256,0.25,magnitude,1.6762728460406606e-05,0.02123415272002617,0.08202949885982372,1.0908906207748497,55.48441807770185,91.58720059863852,123.88733712364848,91.56596644591849,True
f1:MAFAULDA:mafaulda_overhang_outer_race_6g_61.8496:col3_underhang_radial:train:100000-150000,MAFAULDA,overhang/outer_race,3710.976,50000,256,0.25,power,2.8098906543732563e-10,0.00045089447662059425,0.0067288403771425444,1.1900423465109775,3078.5206567908895,8388.217661234727,15348.07229958853,8388.21721034025,True
f1:MAFAULDA:mafaulda_overhang_outer_race_6g_61.8496:col3_underhang_radial:train:100000-150000,MAFAULDA,overhang/outer_race,3710.976,50000,256,0.25,log1p,1.6762587967443914e-05,0.021011847029609752,0.0788384426007788,0.7375901095474195,4.033964812726084,4.5281507726578285,4.8274120278737085,4.507138925628219,True
f1:MAFAULDA:mafaulda_overhang_outer_race_6g_61.8496:col3_underhang_radial:train:100000-150000,MAFAULDA,overhang/outer_race,3710.976,50000,256,0.25,db,-95.51305398487158,-33.459351584144,-21.720599916133626,0.755624156860613,34.88342069963844,39.23669448078264,41.86053836346525,72.69604606492663,True
f1:MAFAULDA:mafaulda_overhang_outer_race_6g_61.8496:col3_underhang_radial:train:100000-150000,MAFAULDA,overhang/outer_race,3710.976,50000,256,0.5,magnitude,0.00036341668209438627,0.021442714966341325,0.08150207106037073,1.0879791738989137,55.6092139608334,91.44567496940681,123.88733712364848,91.42423225444047,True
f1:MAFAULDA:mafaulda_overhang_outer_race_6g_61.8496:col3_underhang_radial:train:100000-150000,MAFAULDA,overhang/outer_race,3710.976,50000,256,0.5,power,1.3207168482449222e-07,0.00045979003786974365,0.006642588145688519,1.1836986828377627,3092.3852435667914,8362.317703804061,15348.07229958853,8362.317244014024,True
f1:MAFAULDA:mafaulda_overhang_outer_race_6g_61.8496:col3_underhang_radial:train:100000-150000,MAFAULDA,overhang/outer_race,3710.976,50000,256,0.5,log1p,0.0003633506622466324,0.021216054368824663,0.07835088115914993,0.7361966957843058,4.036171674479124,4.526620809340953,4.8274120278737085,4.505404754972128,True
f1:MAFAULDA:mafaulda_overhang_outer_race_6g_61.8496:col3_underhang_radial:train:100000-150000,MAFAULDA,overhang/outer_race,3710.976,50000,256,0.5,db,-68.79190042868844,-33.37440462708546,-21.776627458692474,0.7324116443035722,34.90293433204771,39.22326015632001,41.86053836346525,72.59766478340546,True
f1:MAFAULDA:mafaulda_overhang_outer_race_6g_61.8496:col3_underhang_radial:train:100000-150000,MAFAULDA,overhang/outer_race,3710.976,50000,512,0.25,magnitude,0.0025704223473574928,0.039424017693169576,0.12473693430005225,1.5277911975723693,77.90447017782078,137.4202713096889,156.19322980382884,137.38084729199574,True
f1:MAFAULDA:mafaulda_overhang_outer_race_6g_61.8496:col3_underhang_radial:train:100000-150000,MAFAULDA,overhang/outer_race,3710.976,50000,512,0.25,power,6.607071043794803e-06,0.001554253172007346,0.015559307400096468,2.3341459433796143,6069.107945040624,18884.33275949653,24396.325036551687,18884.331205243358,True
f1:MAFAULDA:mafaulda_overhang_outer_race_6g_61.8496:col3_underhang_radial:train:100000-150000,MAFAULDA,overhang/outer_race,3710.976,50000,512,0.25,log1p,0.0025671244619323292,0.038666730591657955,0.11754917030804629,0.9273458769763763,4.368237764341828,4.930294454675958,5.05747581166201,4.8916277240843,True
f1:MAFAULDA:mafaulda_overhang_outer_race_6g_61.8496:col3_underhang_radial:train:100000-150000,MAFAULDA,overhang/outer_race,3710.976,50000,512,0.25,db,-51.79990989540431,-28.084782359461627,-18.080099962148534,3.6812800704593434,37.83124651350117,42.761015620441405,43.87324410906929,70.84579797990304,True
f1:MAFAULDA:mafaulda_overhang_outer_race_6g_61.8496:col3_underhang_radial:train:100000-150000,MAFAULDA,overhang/outer_race,3710.976,50000,512,0.5,magnitude,0.004381880283318651,0.0384778991667062,0.12122418270621176,1.5229300802792538,77.16434867766334,136.30056188506592,156.19322980382884,136.2620839858992,True
f1:MAFAULDA:mafaulda_overhang_outer_race_6g_61.8496:col3_underhang_radial:train:100000-150000,MAFAULDA,overhang/outer_race,3710.976,50000,512,0.5,power,1.920087481733674e-05,0.0014805487270814625,0.014695304069758292,2.319316029839541,5954.336829107954,18577.844665469267,24396.325036551687,18577.84318492054,True
f1:MAFAULDA:mafaulda_overhang_outer_race_6g_61.8496:col3_underhang_radial:train:100000-150000,MAFAULDA,overhang/outer_race,3710.976,50000,512,0.5,log1p,0.004372307799375101,0.03775608261056933,0.11442110803350355,0.9254209563125568,4.358813634329796,4.922172365510458,5.05747581166201,4.884416282899889,True
f1:MAFAULDA:mafaulda_overhang_outer_race_6g_61.8496:col3_underhang_radial:train:100000-150000,MAFAULDA,overhang/outer_race,3710.976,50000,512,0.5,db,-47.16678963990471,-28.29577294140353,-18.328215169165375,3.653599295053981,37.74833380647594,42.68995257404339,43.87324410906929,70.98572551544692,True
f1:MAFAULDA:mafaulda_overhang_outer_race_6g_61.8496:col3_underhang_radial:train:100000-150000,MAFAULDA,overhang/outer_race,3710.976,50000,1024,0.25,magnitude,0.002957077059105453,0.053045970873231534,0.1823647481665047,2.158542513359089,102.10844214266518,187.11438935185333,215.82620099678724,187.0613433809801,True
f1:MAFAULDA:mafaulda_overhang_outer_race_6g_61.8496:col3_underhang_radial:train:100000-150000,MAFAULDA,overhang/outer_race,3710.976,50000,1024,0.25,power,8.744304733487755e-06,0.00281387567081971,0.033256901495024145,4.659305782503271,10426.136039350966,35011.79475591517,46580.949036705606,35011.791942039505,True
f1:MAFAULDA:mafaulda_overhang_outer_race_6g_61.8496:col3_underhang_radial:train:100000-150000,MAFAULDA,overhang/outer_race,3710.976,50000,1024,0.25,log1p,0.0029527135068624115,0.05168688895770153,0.16751645692707962,1.1501106912236176,4.635781172898125,5.237050231041598,5.379096115569533,5.185363342083897,True
f1:MAFAULDA:mafaulda_overhang_outer_race_6g_61.8496:col3_underhang_radial:train:100000-150000,MAFAULDA,overhang/outer_race,3710.976,50000,1024,0.25,db,-50.582746865334684,-25.5069529292453,-14.781182186084054,6.683212133518026,40.18123213878773,45.44214372583072,46.682083325718786,70.94909665507602,True
f1:MAFAULDA:mafaulda_overhang_outer_race_6g_61.8496:col3_underhang_radial:train:100000-150000,MAFAULDA,overhang/outer_race,3710.976,50000,1024,0.5,magnitude,0.002957077059105453,0.057354119867281984,0.18960386773029506,2.168035472468666,101.79979570468412,186.96691722196928,209.09151926226536,186.909563102102,True
f1:MAFAULDA:mafaulda_overhang_outer_race_6g_61.8496:col3_underhang_radial:train:100000-150000,MAFAULDA,overhang/outer_race,3710.976,50000,1024,0.5,power,8.744304733487755e-06,0.0032895589538949584,0.035949644704481094,4.700377810135306,10363.204692305786,34956.628313045214,43719.263427402286,34956.62502348626,True
f1:MAFAULDA:mafaulda_overhang_outer_race_6g_61.8496:col3_underhang_radial:train:100000-150000,MAFAULDA,overhang/outer_race,3710.976,50000,1024,0.5,log1p,0.0029527135068624115,0.05576964573930147,0.17362036106893727,1.1531116709945288,4.632783068241746,5.236265972608567,5.347543241792398,5.180496326869266,True
f1:MAFAULDA:mafaulda_overhang_outer_race_6g_61.8496:col3_underhang_radial:train:100000-150000,MAFAULDA,overhang/outer_race,3710.976,50000,1024,0.5,db,-50.582746865334684,-24.828791651228588,-14.443058330034756,6.721327673466037,40.15493549410574,45.435295323753,46.40672836441177,70.2640869749816,True
f1:MAFAULDA:mafaulda_overhang_outer_race_6g_61.8496:col3_underhang_radial:train:100000-150000,MAFAULDA,overhang/outer_race,3710.976,50000,2048,0.25,magnitude,0.011075604533194528,0.08176014217771617,0.2665814959133408,3.044762229461089,122.00762356190167,327.0615098931346,355.8821942180203,326.9797497509569,True
f1:MAFAULDA:mafaulda_overhang_outer_race_6g_61.8496:col3_underhang_radial:train:100000-150000,MAFAULDA,overhang/outer_race,3710.976,50000,2048,0.25,power,0.00012266901577571916,0.0066847806839041195,0.07106569689818018,9.270577041627654,14885.860209261733,106969.23131740175,126652.13616143272,106969.22463262106,True
f1:MAFAULDA:mafaulda_overhang_outer_race_6g_61.8496:col3_underhang_radial:train:100000-150000,MAFAULDA,overhang/outer_race,3710.976,50000,2048,0.25,log1p,0.011014719174248238,0.07858945022848504,0.23632153482039853,1.3974227672036048,4.812246333562408,5.793201120668037,5.877405739136741,5.714611670439552,True
f1:MAFAULDA:mafaulda_overhang_outer_race_6g_61.8496:col3_underhang_radial:train:100000-150000,MAFAULDA,overhang/outer_race,3710.976,50000,2048,0.25,db,-39.112651113940245,-21.749206053973047,-11.483400162877984,9.671067667004593,41.72773936166547,50.29258874450338,51.02612519158781,72.04179479847642,True
f1:MAFAULDA:mafaulda_overhang_outer_race_6g_61.8496:col3_underhang_radial:train:100000-150000,MAFAULDA,overhang/outer_race,3710.976,50000,2048,0.5,magnitude,0.012607167749025538,0.08458136431585649,0.26798787371772825,3.0397775967072813,121.78699577087286,327.37892843677014,355.0442112794507,327.2943470724543,True
f1:MAFAULDA:mafaulda_overhang_outer_race_6g_61.8496:col3_underhang_radial:train:100000-150000,MAFAULDA,overhang/outer_race,3710.976,50000,2048,0.5,power,0.00015894067865206967,0.007154028854452405,0.07181750702284972,9.240247837443494,14832.074176295859,107176.97567100587,126056.39196304721,107176.96851697702,True
f1:MAFAULDA:mafaulda_overhang_outer_race_6g_61.8496:col3_underhang_radial:train:100000-150000,MAFAULDA,overhang/outer_race,3710.976,50000,2048,0.5,log1p,0.012528359087798736,0.08119406398968472,0.23743129061408827,1.3961896401377543,4.81045105155433,5.794168151421582,5.875054912128437,5.712974087431897,True
f1:MAFAULDA:mafaulda_overhang_outer_race_6g_61.8496:col3_underhang_radial:train:100000-150000,MAFAULDA,overhang/outer_race,3710.976,50000,2048,0.5,db,-37.9876493005538,-21.45451939293307,-11.437697535290374,9.656836198407422,41.71201781158039,50.301013934652296,51.00564872415703,71.75553332758537,True
f1:MAFAULDA:mafaulda_overhang_outer_race_6g_61.8496:col3_underhang_radial:train:100000-150000,MAFAULDA,overhang/outer_race,3710.976,50000,4096,0.25,magnitude,0.00803525792585637,0.11472505325235997,0.34896314663200434,4.2445184412002295,164.15316335966406,433.3330479233785,786.1566993952031,433.21832287012614,True
f1:MAFAULDA:mafaulda_overhang_outer_race_6g_61.8496:col3_underhang_radial:train:100000-150000,MAFAULDA,overhang/outer_race,3710.976,50000,4096,0.25,power,6.45653699350376e-05,0.013161861839381842,0.12177527806973937,18.015936797688827,26946.26156276504,187777.77532551772,618042.3560039597,187777.7621636559,True
f1:MAFAULDA:mafaulda_overhang_outer_race_6g_61.8496:col3_underhang_radial:train:100000-150000,MAFAULDA,overhang/outer_race,3710.976,50000,4096,0.25,log1p,0.008003147138505346,0.10860777583867308,0.29933625772544237,1.6571834247066428,5.106873296547835,6.073810981498948,6.668427338375577,5.965203205660274,True
f1:MAFAULDA:mafaulda_overhang_outer_race_6g_61.8496:col3_underhang_radial:train:100000-150000,MAFAULDA,overhang/outer_race,3710.976,50000,4096,0.25,db,-41.90000345478589,-18.806842540598808,-9.144408723942442,12.556568496313734,44.30498504267012,52.736430560387,57.91018239406813,71.5432731009858,True
f1:MAFAULDA:mafaulda_overhang_outer_race_6g_61.8496:col3_underhang_radial:train:100000-150000,MAFAULDA,overhang/outer_race,3710.976,50000,4096,0.5,magnitude,0.020401287318785977,0.1248206834617675,0.35951631897146674,4.241212002207781,164.34089660752892,428.690837916126,785.8915795449101,428.5660172326642,True
f1:MAFAULDA:mafaulda_overhang_outer_race_6g_61.8496:col3_underhang_radial:train:100000-150000,MAFAULDA,overhang/outer_race,3710.976,50000,4096,0.5,power,0.00041621252426365756,0.015580303597328572,0.1292519856881709,17.98787924767133,27007.931054607387,183775.8401874093,617625.5747995938,183775.82460710572,True
f1:MAFAULDA:mafaulda_overhang_outer_race_6g_61.8496:col3_underhang_radial:train:100000-150000,MAFAULDA,overhang/outer_race,3710.976,50000,4096,0.5,log1p,0.0201959688672264,0.1176235907434766,0.307128988112137,1.656552769718918,5.108009368776409,6.063065953135934,6.668090474689314,5.945442362392457,True
f1:MAFAULDA:mafaulda_overhang_outer_race_6g_61.8496:col3_underhang_radial:train:100000-150000,MAFAULDA,overhang/outer_race,3710.976,50000,4096,0.5,db,-33.80684851301855,-18.074296797238325,-8.885627898953915,12.549799635146696,44.31491291945969,52.642883901146114,57.90725271078398,70.71718069838444,True
f1:MAFAULDA:mafaulda_underhang_ball_fault_0g_13.1072:col3_underhang_radial:train:100000-150000,MAFAULDA,underhang/ball_fault,786.432,50000,256,0.25,magnitude,0.00010894712656916994,0.009961251189172305,0.036036111447969726,0.4011374443450021,24.030062124932446,33.81763495904967,40.716081247258295,33.807673707860495,True
f1:MAFAULDA:mafaulda_underhang_ball_fault_0g_13.1072:col3_underhang_radial:train:100000-150000,MAFAULDA,underhang/ball_fault,786.432,50000,256,0.25,power,1.1869476387678734e-08,9.92266362568165e-05,0.0012986015261785453,0.16091124928751782,577.4439222665338,1143.6324480088351,1657.7992721333385,1143.632348782199,True
f1:MAFAULDA:mafaulda_underhang_ball_fault_0g_13.1072:col3_underhang_radial:train:100000-150000,MAFAULDA,underhang/ball_fault,786.432,50000,256,0.25,log1p,0.00010894119226198933,0.009911964903559325,0.03540199974764216,0.3372843669923552,3.22007755830103,3.5501240044359963,3.7308866958852773,3.540212039532437,True
f1:MAFAULDA:mafaulda_underhang_ball_fault_0g_13.1072:col3_underhang_radial:train:100000-150000,MAFAULDA,underhang/ball_fault,786.432,50000,256,0.25,db,-79.25567641914596,-40.03372693561644,-28.86524221017171,-7.934135933163175,27.615097596994282,30.582864585262246,32.195319446227465,70.61659152087869,True
f1:MAFAULDA:mafaulda_underhang_ball_fault_0g_13.1072:col3_underhang_radial:train:100000-150000,MAFAULDA,underhang/ball_fault,786.432,50000,256,0.5,magnitude,0.0006932545093468745,0.009908039380632677,0.03492850747798479,0.40208527427788937,23.98471694388627,33.87387363746153,40.716081247258295,33.863965598080895,True
f1:MAFAULDA:mafaulda_underhang_ball_fault_0g_13.1072:col3_underhang_radial:train:100000-150000,MAFAULDA,underhang/ball_fault,786.432,50000,256,0.5,power,4.806018147297757e-07,9.816969468384845e-05,0.001220000636319478,0.16167256779112552,575.2666831481125,1147.4394446743365,1657.7992721333385,1147.439346504642,True
f1:MAFAULDA:mafaulda_underhang_ball_fault_0g_13.1072:col3_underhang_radial:train:100000-150000,MAFAULDA,underhang/ball_fault,786.432,50000,256,0.5,log1p,0.0006930143194415889,0.009859276368912592,0.034332349430269624,0.33796061007078826,3.2182642866456974,3.5517378892400937,3.7308866958852773,3.541878612871181,True
f1:MAFAULDA:mafaulda_underhang_ball_fault_0g_13.1072:col3_underhang_radial:train:100000-150000,MAFAULDA,underhang/ball_fault,786.432,50000,256,0.5,db,-63.18214468362061,-40.0802653053963,-29.136399415181202,-7.913636636600368,27.598691676232246,30.597296772020083,32.195319446227465,70.67756207741638,True
f1:MAFAULDA:mafaulda_underhang_ball_fault_0g_13.1072:col3_underhang_radial:train:100000-150000,MAFAULDA,underhang/ball_fault,786.432,50000,512,0.25,magnitude,6.493025530224239e-05,0.018214335137776955,0.05824372015030969,0.6047501133105654,35.49048940218773,58.32156756137308,67.7860031342453,58.3033532262353,True
f1:MAFAULDA:mafaulda_underhang_ball_fault_0g_13.1072:col3_underhang_radial:train:100000-150000,MAFAULDA,underhang/ball_fault,786.432,50000,512,0.25,power,4.215938053614376e-09,0.0003317624418391782,0.0033923309473158263,0.36572269954914166,1259.5749825598484,3401.4052660865536,4594.942220915915,3401.4049343241118,True
f1:MAFAULDA:mafaulda_underhang_ball_fault_0g_13.1072:col3_underhang_radial:train:100000-150000,MAFAULDA,underhang/ball_fault,786.432,50000,512,0.25,log1p,6.492814742445845e-05,0.01805044107784631,0.056610666213158155,0.47296805181922946,3.5970516080361463,4.082972939126177,4.231000281425799,4.064922498048331,True
f1:MAFAULDA:mafaulda_underhang_ball_fault_0g_13.1072:col3_underhang_radial:train:100000-150000,MAFAULDA,underhang/ball_fault,786.432,50000,512,0.25,db,-83.75104441278019,-34.791739212658065,-24.695017868293814,-4.3684808304311,31.002239264991843,35.316583738128,36.62280054723378,70.10832295078606,True
f1:MAFAULDA:mafaulda_underhang_ball_fault_0g_13.1072:col3_underhang_radial:train:100000-150000,MAFAULDA,underhang/ball_fault,786.432,50000,512,0.5,magnitude,6.493025530224239e-05,0.01843782305801948,0.0588204771802548,0.6027383349329614,35.48000400225767,58.4624564013502,67.7860031342453,58.44401857829218,True
f1:MAFAULDA:mafaulda_underhang_ball_fault_0g_13.1072:col3_underhang_radial:train:100000-150000,MAFAULDA,underhang/ball_fault,786.432,50000,512,0.5,power,4.215938053614376e-09,0.0003399631487293498,0.0034598499498040033,0.36329350043062547,1258.8306840489881,3417.8588087461935,4594.942220915915,3417.858468783045,True
f1:MAFAULDA:mafaulda_underhang_ball_fault_0g_13.1072:col3_underhang_radial:train:100000-150000,MAFAULDA,underhang/ball_fault,786.432,50000,512,0.5,log1p,6.492814742445845e-05,0.018269902520075255,0.057155530542026,0.47171362569478054,3.596764274898813,4.085345128507932,4.231000281425799,4.067075225987856,True
f1:MAFAULDA:mafaulda_underhang_ball_fault_0g_13.1072:col3_underhang_radial:train:100000-150000,MAFAULDA,underhang/ball_fault,786.432,50000,512,0.5,db,-83.75104441278019,-34.68593359750649,-24.609430892614554,-4.397423718277843,30.999673202846136,35.337541180467205,36.62280054723378,70.02347477797369,True
f1:MAFAULDA:mafaulda_underhang_ball_fault_0g_13.1072:col3_underhang_radial:train:100000-150000,MAFAULDA,underhang/ball_fault,786.432,50000,1024,0.25,magnitude,0.0008032107127096122,0.026386921389621502,0.09242684606713335,0.8911923434666631,40.67412245002435,120.36039338116593,141.42822953680485,120.33400645977632,True
f1:MAFAULDA:mafaulda_underhang_ball_fault_0g_13.1072:col3_underhang_radial:train:100000-150000,MAFAULDA,underhang/ball_fault,786.432,50000,1024,0.25,power,6.451474490114832e-07,0.0006962704746857718,0.008542721873919551,0.7942237932027381,1654.384267674263,14486.628187644012,20001.94410991516,14486.627491373538,True
f1:MAFAULDA:mafaulda_underhang_ball_fault_0g_13.1072:col3_underhang_radial:train:100000-150000,MAFAULDA,underhang/ball_fault,786.432,50000,1024,0.25,log1p,0.0008028883116109003,0.02604479161677549,0.08840168562406123,0.6372074996952382,3.7298803626222377,4.79876444432167,4.958838220459946,4.772719652704895,True
f1:MAFAULDA:mafaulda_underhang_ball_fault_0g_13.1072:col3_underhang_radial:train:100000-150000,MAFAULDA,underhang/ball_fault,786.432,50000,1024,0.25,db,-61.903409074984324,-31.572230830547753,-20.684037318275596,-1.000571066328183,32.18636375463233,41.60967080301065,43.01072209423342,73.1819016335584,True
f1:MAFAULDA:mafaulda_underhang_ball_fault_0g_13.1072:col3_underhang_radial:train:100000-150000,MAFAULDA,underhang/ball_fault,786.432,50000,1024,0.5,magnitude,0.001957539052883789,0.029491942920416,0.09360306467886877,0.885720921287886,40.3312773230436,119.92125381304209,140.29991933848294,119.89176187012167,True
f1:MAFAULDA:mafaulda_underhang_ball_fault_0g_13.1072:col3_underhang_radial:train:100000-150000,MAFAULDA,underhang/ball_fault,786.432,50000,1024,0.5,power,3.831959143565161e-06,0.0008697819058824713,0.008761536702376954,0.7845015504077013,1626.6119359779286,14381.107240431313,19684.067366384817,14381.106370649406,True
f1:MAFAULDA:mafaulda_underhang_ball_fault_0g_13.1072:col3_underhang_radial:train:100000-150000,MAFAULDA,underhang/ball_fault,786.432,50000,1024,0.5,log1p,0.0019556255700499924,0.029065417848027575,0.08947780755213015,0.6343101993955189,3.7216195319143712,4.795139534552151,4.950884718837402,4.766074116704123,True
f1:MAFAULDA:mafaulda_underhang_ball_fault_0g_13.1072:col3_underhang_radial:train:100000-150000,MAFAULDA,underhang/ball_fault,786.432,50000,1024,0.5,db,-54.16579085654898,-30.60596819031031,-20.574200104243154,-1.054061936841559,32.112839518833205,41.57792317334235,42.94114842686536,72.18389136365266,True
f1:MAFAULDA:mafaulda_underhang_ball_fault_0g_13.1072:col3_underhang_radial:train:100000-150000,MAFAULDA,underhang/ball_fault,786.432,50000,2048,0.25,magnitude,0.004461090546859509,0.039710047893982955,0.13577301380977072,1.2791090043341757,45.369437484398496,193.3552974470018,258.6113938987403,193.3155873991078,True
f1:MAFAULDA:mafaulda_underhang_ball_fault_0g_13.1072:col3_underhang_radial:train:100000-150000,MAFAULDA,underhang/ball_fault,786.432,50000,2048,0.25,power,1.9901328867279273e-05,0.0015768925276597309,0.018434311338547255,1.6361198450141186,2058.385993309175,37392.63746834689,66879.85305424941,37392.63589145436,True
f1:MAFAULDA:mafaulda_underhang_ball_fault_0g_13.1072:col3_underhang_radial:train:100000-150000,MAFAULDA,underhang/ball_fault,786.432,50000,2048,0.25,log1p,0.004451169377638906,0.03894187204069918,0.12731348852366597,0.8237845790118916,3.836640535758532,5.269603172136463,5.559185874077651,5.230661300095764,True
f1:MAFAULDA:mafaulda_underhang_ball_fault_0g_13.1072:col3_underhang_radial:train:100000-150000,MAFAULDA,underhang/ball_fault,786.432,50000,2048,0.25,db,-47.0111790409694,-28.022004486514756,-17.34373084116772,2.13815112412154,33.135267607275914,45.72637778773093,48.252953102177976,73.74838227424569,True
f1:MAFAULDA:mafaulda_underhang_ball_fault_0g_13.1072:col3_underhang_radial:train:100000-150000,MAFAULDA,underhang/ball_fault,786.432,50000,2048,0.5,magnitude,0.0054552454466888,0.038327488851676875,0.1309987316077723,1.2865853274874495,44.66695174152479,189.5186065180423,258.6113938987403,189.48027902919063,True
f1:MAFAULDA:mafaulda_underhang_ball_fault_0g_13.1072:col3_underhang_radial:train:100000-150000,MAFAULDA,underhang/ball_fault,786.432,50000,2048,0.5,power,2.9759702883618883e-05,0.001469020914937316,0.017160708154642195,1.6553018049059876,1995.137025468126,35918.02651882794,66879.85305424941,35918.02504980702,True
f1:MAFAULDA:mafaulda_underhang_ball_fault_0g_13.1072:col3_underhang_radial:train:100000-150000,MAFAULDA,underhang/ball_fault,786.432,50000,2048,0.5,log1p,0.005440419490293466,0.037611223474674445,0.12310105983306156,0.8270595813673902,3.821374772380777,5.249739832963036,5.559185874077651,5.212128609488362,True
f1:MAFAULDA:mafaulda_underhang_ball_fault_0g_13.1072:col3_underhang_radial:train:100000-150000,MAFAULDA,underhang/ball_fault,786.432,50000,2048,0.5,db,-45.26371393112974,-28.3298647915391,-17.65466843469779,2.1887718866601986,32.99972533450518,45.5529490558641,48.252953102177976,73.8828138474032,True
f1:MAFAULDA:mafaulda_underhang_ball_fault_0g_13.1072:col3_underhang_radial:train:100000-150000,MAFAULDA,underhang/ball_fault,786.432,50000,4096,0.25,magnitude,0.004853000724590312,0.06100596244361316,0.19694088566349677,1.82497549719457,59.26152674127832,263.480945767789,472.096259072824,263.4199398053454,True
f1:MAFAULDA:mafaulda_underhang_ball_fault_0g_13.1072:col3_underhang_radial:train:100000-150000,MAFAULDA,underhang/ball_fault,786.432,50000,4096,0.25,power,2.355161603287409e-05,0.0037217336377222926,0.03878571247980177,3.330535565360568,3511.9285586409987,69425.6008419203,222874.87783055496,69425.59712018666,True
f1:MAFAULDA:mafaulda_underhang_ball_fault_0g_13.1072:col3_underhang_radial:train:100000-150000,MAFAULDA,underhang/ball_fault,786.432,50000,4096,0.25,log1p,0.004841262877110314,0.05921747651483224,0.17976903993390037,1.0384996910013444,4.098693868325471,5.57774479652334,6.159298875340619,5.518527320008507,True
f1:MAFAULDA:mafaulda_underhang_ball_fault_0g_13.1072:col3_underhang_radial:train:100000-150000,MAFAULDA,underhang/ball_fault,786.432,50000,4096,0.25,db,-46.279792697844336,-24.292561532130605,-14.11328226628334,5.2251407570970265,35.45545670980777,48.41477060232391,53.48061118124008,72.70733213445452,True
f1:MAFAULDA:mafaulda_underhang_ball_fault_0g_13.1072:col3_underhang_radial:train:100000-150000,MAFAULDA,underhang/ball_fault,786.432,50000,4096,0.5,magnitude,0.004853000724590312,0.06745911624162092,0.1976083706150764,1.821511843294165,58.52481895005688,264.9528164016483,462.0101532058643,264.8853572854067,True
f1:MAFAULDA:mafaulda_underhang_ball_fault_0g_13.1072:col3_underhang_radial:train:100000-150000,MAFAULDA,underhang/ball_fault,786.432,50000,4096,0.5,power,2.355161603287409e-05,0.004550768994039996,0.03904908781755523,3.3179053952609068,3425.1549286719,70200.03687923652,213453.3816653062,70200.03232846753,True
f1:MAFAULDA:mafaulda_underhang_ball_fault_0g_13.1072:col3_underhang_radial:train:100000-150000,MAFAULDA,underhang/ball_fault,786.432,50000,4096,0.5,log1p,0.004841262877110314,0.0652811507156141,0.18032653673019228,1.0372728559352302,4.086393280843477,5.583318614137451,6.1377489830161265,5.518037463421837,True
f1:MAFAULDA:mafaulda_underhang_ball_fault_0g_13.1072:col3_underhang_radial:train:100000-150000,MAFAULDA,underhang/ball_fault,786.432,50000,4096,0.5,db,-46.279792697844336,-23.41922184935282,-14.083895439489176,5.208639987035074,35.34680094863217,48.463368208080375,53.29303039566241,71.88259005743319,True
f1:MAFAULDA:mafaulda_underhang_ball_fault_0g_56.5248:col3_underhang_radial:train:100000-150000,MAFAULDA,underhang/ball_fault,3391.488,50000,256,0.25,magnitude,4.4341937121217256e-05,0.029035119239291543,0.10379195908733223,1.4145428497109496,149.6118315581855,258.56438500012524,348.41314167347394,258.535349880886,True
f1:MAFAULDA:mafaulda_underhang_ball_fault_0g_56.5248:col3_underhang_radial:train:100000-150000,MAFAULDA,underhang/ball_fault,3391.488,50000,256,0.25,power,1.966207387661985e-09,0.0008430381629004603,0.010772770843843897,2.0009314739084525,22383.7005226883,66855.54493634183,121391.71729078023,66855.54409330367,True
f1:MAFAULDA:mafaulda_underhang_ball_fault_0g_56.5248:col3_underhang_radial:train:100000-150000,MAFAULDA,underhang/ball_fault,3391.488,50000,256,0.25,log1p,4.434095404658427e-05,0.028621585747313025,0.09875148721182254,0.8815099729792196,5.014705866696729,5.55900475578358,5.8562550091090495,5.530383170036267,True
f1:MAFAULDA:mafaulda_underhang_ball_fault_0g_56.5248:col3_underhang_radial:train:100000-150000,MAFAULDA,underhang/ball_fault,3391.488,50000,256,0.25,db,-87.06368717608554,-30.741527762421825,-19.676725832999725,3.01232215523422,43.49931871884558,48.25137384401733,50.841890552928234,78.99290160643915,True
f1:MAFAULDA:mafaulda_underhang_ball_fault_0g_56.5248:col3_underhang_radial:train:100000-150000,MAFAULDA,underhang/ball_fault,3391.488,50000,256,0.5,magnitude,0.0008136474551818651,0.0288358562101699,0.10324892027599733,1.4146934813719516,149.51296607606645,261.40308498511166,327.8074638457543,261.3742491289015,True
f1:MAFAULDA:mafaulda_underhang_ball_fault_0g_56.5248:col3_underhang_radial:train:100000-150000,MAFAULDA,underhang/ball_fault,3391.488,50000,256,0.5,power,6.620221813239252e-07,0.0008317335332420589,0.01066033974519058,2.0013576462362925,22354.127042871594,68331.57868042077,107457.73335298551,68331.57784868724,True
f1:MAFAULDA:mafaulda_underhang_ball_fault_0g_56.5248:col3_underhang_radial:train:100000-150000,MAFAULDA,underhang/ball_fault,3391.488,50000,256,0.5,log1p,0.0008133166235325937,0.02842781921454875,0.0982593904062593,0.8815723562218031,5.014049233409834,5.569881771377399,5.795472363185188,5.5414539521628505,True
f1:MAFAULDA:mafaulda_underhang_ball_fault_0g_56.5248:col3_underhang_radial:train:100000-150000,MAFAULDA,underhang/ball_fault,3391.488,50000,256,0.5,db,-61.791273523498084,-30.802507044283477,-19.72228970145641,3.013247048434099,43.493577140834624,48.34621380190484,50.31237675590163,79.14872084618831,True
f1:MAFAULDA:mafaulda_underhang_ball_fault_0g_56.5248:col3_underhang_radial:train:100000-150000,MAFAULDA,underhang/ball_fault,3391.488,50000,512,0.25,magnitude,3.9776121965928724e-05,0.04576493563734474,0.15416606212631576,1.952299952842553,219.92258492492684,418.9919572842312,522.6221181822411,418.94619234859385,True
f1:MAFAULDA:mafaulda_underhang_ball_fault_0g_56.5248:col3_underhang_radial:train:100000-150000,MAFAULDA,underhang/ball_fault,3391.488,50000,512,0.25,power,1.5821398786484375e-09,0.002094436449113791,0.023767175234128895,3.811475105869035,48366.01134320095,175555.2948718495,273133.8784132924,175555.29277741307,True
f1:MAFAULDA:mafaulda_underhang_ball_fault_0g_56.5248:col3_underhang_radial:train:100000-150000,MAFAULDA,underhang/ball_fault,3391.488,50000,512,0.25,log1p,3.9775330916965906e-05,0.044748610210689654,0.14337805885958124,1.0825845116177908,5.3978116494184025,6.040232628303218,6.260770275661204,5.995484018092529,True
f1:MAFAULDA:mafaulda_underhang_ball_fault_0g_56.5248:col3_underhang_radial:train:100000-150000,MAFAULDA,underhang/ball_fault,3391.488,50000,512,0.25,db,-88.00752939017914,-26.789357613546883,-16.24022450317178,5.810930876244972,46.8453905265952,52.444088130290936,54.36375571598808,79.23344574383782,True
f1:MAFAULDA:mafaulda_underhang_ball_fault_0g_56.5248:col3_underhang_radial:train:100000-150000,MAFAULDA,underhang/ball_fault,3391.488,50000,512,0.5,magnitude,0.004804173026529839,0.04542784644421809,0.15461990762650368,1.9538104578962037,219.45376863976486,417.8084492079086,522.6221181822411,417.7630213614644,True
f1:MAFAULDA:mafaulda_underhang_ball_fault_0g_56.5248:col3_underhang_radial:train:100000-150000,MAFAULDA,underhang/ball_fault,3391.488,50000,512,0.5,power,2.3080078468836876e-05,0.002063689409668496,0.023907318654915282,3.8173753059026954,48159.95730581943,174563.90121889106,273133.8784132924,174563.89915520165,True
f1:MAFAULDA:mafaulda_underhang_ball_fault_0g_56.5248:col3_underhang_radial:train:100000-150000,MAFAULDA,underhang/ball_fault,3391.488,50000,512,0.5,log1p,0.004792669814862845,0.044426223979910404,0.1437712044497373,1.0830960174630442,5.3956879993030995,6.037413650776819,6.260770275661204,5.992987426796908,True
f1:MAFAULDA:mafaulda_underhang_ball_fault_0g_56.5248:col3_underhang_radial:train:100000-150000,MAFAULDA,underhang/ball_fault,3391.488,50000,512,0.5,db,-46.367627008972136,-26.85355737160829,-16.21469231723653,5.817648597105988,46.8268607997767,52.41954434204654,54.36375571598808,79.27310171365482,True
f1:MAFAULDA:mafaulda_underhang_ball_fault_0g_56.5248:col3_underhang_radial:train:100000-150000,MAFAULDA,underhang/ball_fault,3391.488,50000,1024,0.25,magnitude,0.008870589765546555,0.06459600382090268,0.21708151685474106,2.7166201312180025,319.7441029683125,585.8099939451317,767.9219098904782,585.7453979413108,True
f1:MAFAULDA:mafaulda_underhang_ball_fault_0g_56.5248:col3_underhang_radial:train:100000-150000,MAFAULDA,underhang/ball_fault,3391.488,50000,1024,0.25,power,7.868736278861928e-05,0.004172646133901146,0.047124385620962245,7.380024950028847,102236.29186642684,343173.7793034201,589704.0596898397,343173.77513077395,True
f1:MAFAULDA:mafaulda_underhang_ball_fault_0g_56.5248:col3_underhang_radial:train:100000-150000,MAFAULDA,underhang/ball_fault,3391.488,50000,1024,0.25,log1p,0.008831477214902876,0.06259538698929427,0.19645579334247992,1.3128146879517746,5.770643615843825,6.374700452573175,6.644989416742677,6.312105065583881,True
f1:MAFAULDA:mafaulda_underhang_ball_fault_0g_56.5248:col3_underhang_radial:train:100000-150000,MAFAULDA,underhang/ball_fault,3391.488,50000,1024,0.25,db,-41.04095000058231,-23.795889478699955,-13.267543106016209,8.68057828605589,50.096050850338926,55.35513008424266,57.70634117594482,79.15101956294262,True
f1:MAFAULDA:mafaulda_underhang_ball_fault_0g_56.5248:col3_underhang_radial:train:100000-150000,MAFAULDA,underhang/ball_fault,3391.488,50000,1024,0.5,magnitude,0.008870589765546555,0.06816188695863495,0.21491361973712336,2.723602093303964,330.297524225221,578.6113172221103,767.9219098904782,578.5431553351517,True
f1:MAFAULDA:mafaulda_underhang_ball_fault_0g_56.5248:col3_underhang_radial:train:100000-150000,MAFAULDA,underhang/ball_fault,3391.488,50000,1024,0.5,power,7.868736278861928e-05,0.004646238440508113,0.04618790612277804,7.41800836295411,109096.68697839546,334792.15162674617,589704.0596898397,334792.1469805077,True
f1:MAFAULDA:mafaulda_underhang_ball_fault_0g_56.5248:col3_underhang_radial:train:100000-150000,MAFAULDA,underhang/ball_fault,3391.488,50000,1024,0.5,log1p,0.008831477214902876,0.06593922290850239,0.19467296511225116,1.3146915044211456,5.80301577723719,6.362356103843848,6.644989416742677,6.296416880935346,True
f1:MAFAULDA:mafaulda_underhang_ball_fault_0g_56.5248:col3_underhang_radial:train:100000-150000,MAFAULDA,underhang/ball_fault,3391.488,50000,1024,0.5,db,-41.04095000058231,-23.329349819895846,-13.354725182397079,8.702873186063645,50.378097112915825,55.247724250345684,57.70634117594482,78.57707407024154,True
f1:MAFAULDA:mafaulda_underhang_ball_fault_0g_56.5248:col3_underhang_radial:train:100000-150000,MAFAULDA,underhang/ball_fault,3391.488,50000,2048,0.25,magnitude,0.001480387941430017,0.09880274382831904,0.3161282090501744,3.8230291826331753,422.9862272480381,922.714858059898,1115.8884705346845,922.6160553160697,True
f1:MAFAULDA:mafaulda_underhang_ball_fault_0g_56.5248:col3_underhang_radial:train:100000-150000,MAFAULDA,underhang/ball_fault,3391.488,50000,2048,0.25,power,2.191548457131403e-06,0.009761982464234854,0.09993704947164388,14.61555213371466,178917.48293029578,851402.7194649739,1245207.0786722375,851402.7097029914,True
f1:MAFAULDA:mafaulda_underhang_ball_fault_0g_56.5248:col3_underhang_radial:train:100000-150000,MAFAULDA,underhang/ball_fault,3391.488,50000,2048,0.25,log1p,0.0014792932474494533,0.09422117223497577,0.27469425002965253,1.5734021917380732,6.049700597720348,6.828403422877138,7.0183019467561785,6.734182250642163,True
f1:MAFAULDA:mafaulda_underhang_ball_fault_0g_56.5248:col3_underhang_radial:train:100000-150000,MAFAULDA,underhang/ball_fault,3391.488,50000,2048,0.25,db,-56.59248863584453,-20.10462000514119,-10.002735191952528,11.648152262826112,52.526521268375504,59.301350226369834,60.95241580866606,79.40597023151102,True
f1:MAFAULDA:mafaulda_underhang_ball_fault_0g_56.5248:col3_underhang_radial:train:100000-150000,MAFAULDA,underhang/ball_fault,3391.488,50000,2048,0.5,magnitude,0.001480387941430017,0.10649091288334331,0.31539012488555485,3.8146384204170856,426.83281301013227,922.4509532344254,1115.8884705346845,922.344462321542,True
f1:MAFAULDA:mafaulda_underhang_ball_fault_0g_56.5248:col3_underhang_radial:train:100000-150000,MAFAULDA,underhang/ball_fault,3391.488,50000,2048,0.5,power,2.191548457131403e-06,0.011341427414990368,0.09947094413456616,14.551466278522158,182186.30627762928,850915.8366091414,1245207.0786722375,850915.825267714,True
f1:MAFAULDA:mafaulda_underhang_ball_fault_0g_56.5248:col3_underhang_radial:train:100000-150000,MAFAULDA,underhang/ball_fault,3391.488,50000,2048,0.5,log1p,0.0014792932474494533,0.10119321399283075,0.274133290715953,1.5716609480206192,6.058732342508476,6.828117644299954,7.0183019467561785,6.726924430307123,True
f1:MAFAULDA:mafaulda_underhang_ball_fault_0g_56.5248:col3_underhang_radial:train:100000-150000,MAFAULDA,underhang/ball_fault,3391.488,50000,2048,0.5,db,-56.59248863584453,-19.45417042981309,-10.023038754268843,11.629067572338109,52.60515463856572,59.298865294291566,60.95241580866606,78.75303572410465,True
f1:MAFAULDA:mafaulda_underhang_ball_fault_0g_56.5248:col3_underhang_radial:train:100000-150000,MAFAULDA,underhang/ball_fault,3391.488,50000,4096,0.25,magnitude,0.008949514838360761,0.13522474609120722,0.42500771321649483,5.253533225928745,454.49181257981655,1455.2884014970507,2323.75715951765,1455.1531767509596,True
f1:MAFAULDA:mafaulda_underhang_ball_fault_0g_56.5248:col3_underhang_radial:train:100000-150000,MAFAULDA,underhang/ball_fault,3391.488,50000,4096,0.25,power,8.009381584203944e-05,0.018285750165322575,0.18063155695092356,27.599611355937288,206562.8097455428,2117865.226862802,5399847.336409537,2117865.208577052,True
f1:MAFAULDA:mafaulda_underhang_ball_fault_0g_56.5248:col3_underhang_radial:train:100000-150000,MAFAULDA,underhang/ball_fault,3391.488,50000,4096,0.25,log1p,0.008909705271679967,0.12683063844421966,0.3541772263276072,1.8331466201659317,6.121377737034512,7.283646075872881,7.751370865047145,7.156815437428662,True
f1:MAFAULDA:mafaulda_underhang_ball_fault_0g_56.5248:col3_underhang_radial:train:100000-150000,MAFAULDA,underhang/ball_fault,3391.488,50000,4096,0.25,db,-40.96401005413327,-17.378880821312084,-7.432063776190217,14.40902966604931,53.15052123806687,63.258979524361514,67.32381481694831,80.6378603456736,True
f1:MAFAULDA:mafaulda_underhang_ball_fault_0g_56.5248:col3_underhang_radial:train:100000-150000,MAFAULDA,underhang/ball_fault,3391.488,50000,4096,0.5,magnitude,0.009326706894229802,0.13449764979320666,0.42282778715445685,5.239060283314465,455.45550796438425,1453.404495975114,2299.0542172365317,1453.2699983253208,True
f1:MAFAULDA:mafaulda_underhang_ball_fault_0g_56.5248:col3_underhang_radial:train:100000-150000,MAFAULDA,underhang/ball_fault,3391.488,50000,4096,0.5,power,8.698746149087371e-05,0.018089760141406275,0.17878335343252252,27.44775265220304,207439.73939205293,2112384.630440551,5285650.293793081,2112384.6123507908,True
f1:MAFAULDA:mafaulda_underhang_ball_fault_0g_56.5248:col3_underhang_radial:train:100000-150000,MAFAULDA,underhang/ball_fault,3391.488,50000,4096,0.5,log1p,0.00928348172130455,0.1261898983877761,0.3526462868978271,1.830829575417995,6.123491184716233,7.282351814351183,7.740687974350944,7.156161915963407,True
f1:MAFAULDA:mafaulda_underhang_ball_fault_0g_56.5248:col3_underhang_radial:train:100000-150000,MAFAULDA,underhang/ball_fault,3391.488,50000,4096,0.5,db,-40.60543333445018,-17.425740112382027,-7.476729976917471,14.385067914000446,53.16891875838127,63.247729983074635,67.23098426200195,80.67347009545666,True
f1:MAFAULDA:mafaulda_underhang_ball_fault_35g_50.7904:col3_underhang_radial:train:100000-150000,MAFAULDA,underhang/ball_fault,3047.424,50000,256,0.25,magnitude,0.0006746602753651132,0.034340019967805106,0.1385051607910479,2.228911672865327,282.4108201570063,406.20990951585026,478.71391143431816,406.1755694958824,True
f1:MAFAULDA:mafaulda_underhang_ball_fault_35g_50.7904:col3_underhang_radial:train:100000-150000,MAFAULDA,underhang/ball_fault,3047.424,50000,256,0.25,power,4.551664871557304e-07,0.0011792385637189912,0.019183685657274942,4.968047245603195,79755.87722445499,165006.54415312893,229167.0090007442,165006.54297389035,True
f1:MAFAULDA:mafaulda_underhang_ball_fault_35g_50.7904:col3_underhang_radial:train:100000-150000,MAFAULDA,underhang/ball_fault,3047.424,50000,256,0.25,log1p,0.000674432794430685,0.03376356071351461,0.12971613713569363,1.1721451370629894,5.646897469717044,6.009328639137605,6.173189908367522,5.975565078424091,True
f1:MAFAULDA:mafaulda_underhang_ball_fault_35g_50.7904:col3_underhang_radial:train:100000-150000,MAFAULDA,underhang/ball_fault,3047.424,50000,256,0.25,db,-63.41829592778569,-29.283994969270175,-17.170682257153768,6.9618571729231125,49.01762632081088,52.17500886666413,53.60152096540738,81.45900383593431,True
f1:MAFAULDA:mafaulda_underhang_ball_fault_35g_50.7904:col3_underhang_radial:train:100000-150000,MAFAULDA,underhang/ball_fault,3047.424,50000,256,0.5,magnitude,0.001797434839915013,0.03352128256210937,0.1367993623121511,2.229193604207844,281.22780959148355,403.536791682126,478.71391143431816,403.5032703995639,True
f1:MAFAULDA:mafaulda_underhang_ball_fault_35g_50.7904:col3_underhang_radial:train:100000-150000,MAFAULDA,underhang/ball_fault,3047.424,50000,256,0.5,power,3.2307720037403087e-06,0.0011236764539509793,0.01871406658119991,4.969304125041159,79089.08424123764,162841.94448894841,229167.0090007442,162841.94336527196,True
f1:MAFAULDA:mafaulda_underhang_ball_fault_35g_50.7904:col3_underhang_radial:train:100000-150000,MAFAULDA,underhang/ball_fault,3047.424,50000,256,0.5,log1p,0.0017958213870081375,0.03297169260164431,0.12821673644358736,1.1722324479247974,5.6427145591982875,6.0027426814444365,6.173189908367522,5.969770988842792,True
f1:MAFAULDA:mafaulda_underhang_ball_fault_35g_50.7904:col3_underhang_radial:train:100000-150000,MAFAULDA,underhang/ball_fault,3047.424,50000,256,0.5,db,-54.90693640830087,-29.493587704553406,-17.278318779235608,6.962955767372865,48.98116510123212,52.11766267640402,53.60152096540738,81.61125038095742,True
f1:MAFAULDA:mafaulda_underhang_ball_fault_35g_50.7904:col3_underhang_radial:train:100000-150000,MAFAULDA,underhang/ball_fault,3047.424,50000,512,0.25,magnitude,0.0014615884320932082,0.06128298793663778,0.2136495219042146,3.081057925250672,397.2968784681646,643.6117217033978,843.2776921623233,643.5504387154612,True
f1:MAFAULDA:mafaulda_underhang_ball_fault_35g_50.7904:col3_underhang_radial:train:100000-150000,MAFAULDA,underhang/ball_fault,3047.424,50000,512,0.25,power,2.136240744828683e-06,0.0037556047072389467,0.045646120210587574,9.492917938749976,157844.82879050044,414236.1886834686,711117.2660986141,414236.1849278639,True
f1:MAFAULDA:mafaulda_underhang_ball_fault_35g_50.7904:col3_underhang_radial:train:100000-150000,MAFAULDA,underhang/ball_fault,3047.424,50000,512,0.25,log1p,0.0014605213513494988,0.059478542156585636,0.19363195332841682,1.4063562502094034,5.9871975926675125,6.468647984759239,6.738481459630698,6.4091694426026535,True
f1:MAFAULDA:mafaulda_underhang_ball_fault_35g_50.7904:col3_underhang_radial:train:100000-150000,MAFAULDA,underhang/ball_fault,3047.424,50000,512,0.25,db,-56.70349746401592,-24.25320146240978,-13.405961680123408,9.773997266719723,51.98230253014031,56.172477428971646,58.51941223543082,80.42567889138142,True
f1:MAFAULDA:mafaulda_underhang_ball_fault_35g_50.7904:col3_underhang_radial:train:100000-150000,MAFAULDA,underhang/ball_fault,3047.424,50000,512,0.5,magnitude,0.0014615884320932082,0.06110125550566176,0.21389666865635104,3.0785937340503,397.05810998378837,638.2269289888349,843.2776921623233,638.1658277333293,True
f1:MAFAULDA:mafaulda_underhang_ball_fault_35g_50.7904:col3_underhang_radial:train:100000-150000,MAFAULDA,underhang/ball_fault,3047.424,50000,512,0.5,power,2.136240744828683e-06,0.003733391362607808,0.04575181784110718,9.477739518761126,157655.14300196944,407335.608415481,711117.2660986141,407335.60468208964,True
f1:MAFAULDA:mafaulda_underhang_ball_fault_35g_50.7904:col3_underhang_radial:train:100000-150000,MAFAULDA,underhang/ball_fault,3047.424,50000,512,0.5,log1p,0.0014605213513494988,0.059307276698817635,0.19383556139603567,1.405752251784981,5.986597998670565,6.460257088233955,6.738481459630698,6.400949811535137,True
f1:MAFAULDA:mafaulda_underhang_ball_fault_35g_50.7904:col3_underhang_radial:train:100000-150000,MAFAULDA,underhang/ball_fault,3047.424,50000,512,0.5,db,-56.70349746401592,-24.279029923353963,-13.3959227132345,9.767047558552377,51.97708141161223,56.09948128009572,58.51941223543082,80.37851120344969,True
f1:MAFAULDA:mafaulda_underhang_ball_fault_35g_50.7904:col3_underhang_radial:train:100000-150000,MAFAULDA,underhang/ball_fault,3047.424,50000,1024,0.25,magnitude,0.003578273489097228,0.08980480344336164,0.31546832224610644,4.358082300074848,529.9677882359574,1010.3333084366365,1279.2012872904506,1010.2435036331931,True
f1:MAFAULDA:mafaulda_underhang_ball_fault_35g_50.7904:col3_underhang_radial:train:100000-150000,MAFAULDA,underhang/ball_fault,3047.424,50000,1024,0.25,power,1.280404116277605e-05,0.008064909871700162,0.09952026340539191,18.992881334763922,280865.85664369876,1020780.5770961327,1636355.933405546,1020780.5690312228,True
f1:MAFAULDA:mafaulda_underhang_ball_fault_35g_50.7904:col3_underhang_radial:train:100000-150000,MAFAULDA,underhang/ball_fault,3047.424,50000,1024,0.25,log1p,0.003571886699767299,0.0859985977844955,0.27419274050999504,1.6786061312180784,6.274701356811318,6.919021335049854,7.154772600245947,6.833022737265359,True
f1:MAFAULDA:mafaulda_underhang_ball_fault_35g_50.7904:col3_underhang_radial:train:100000-150000,MAFAULDA,underhang/ball_fault,3047.424,50000,1024,0.25,db,-48.92652914070108,-20.934012507501233,-10.020884921999537,12.78590854825286,54.4849894732384,60.08926285737836,62.138777755584414,81.0232753648796,True
f1:MAFAULDA:mafaulda_underhang_ball_fault_35g_50.7904:col3_underhang_radial:train:100000-150000,MAFAULDA,underhang/ball_fault,3047.424,50000,1024,0.5,magnitude,0.003578273489097228,0.08708408970899818,0.3084492535661491,4.36722511439644,539.0893310295222,1011.6627066922975,1279.2012872904506,1011.5756226025885,True
f1:MAFAULDA:mafaulda_underhang_ball_fault_35g_50.7904:col3_underhang_radial:train:100000-150000,MAFAULDA,underhang/ball_fault,3047.424,50000,1024,0.5,power,1.280404116277605e-05,0.00758370615574426,0.09514095391410504,19.072655263052937,290617.31154130155,1023466.776509791,1636355.933405546,1023466.7689260849,True
f1:MAFAULDA:mafaulda_underhang_ball_fault_35g_50.7904:col3_underhang_radial:train:100000-150000,MAFAULDA,underhang/ball_fault,3047.424,50000,1024,0.5,log1p,0.003571886699767299,0.08349893604137501,0.26884265662118706,1.6803110353941664,6.291734545633076,6.92033587358022,7.154772600245947,6.836836937538846,True
f1:MAFAULDA:mafaulda_underhang_ball_fault_35g_50.7904:col3_underhang_radial:train:100000-150000,MAFAULDA,underhang/ball_fault,3047.424,50000,1024,0.5,db,-48.92652914070108,-21.20126221126579,-10.21632606770474,12.804111561438761,54.63321466778561,60.10069209548915,62.138777755584414,81.30195430675494,True
f1:MAFAULDA:mafaulda_underhang_ball_fault_35g_50.7904:col3_underhang_radial:train:100000-150000,MAFAULDA,underhang/ball_fault,3047.424,50000,2048,0.25,magnitude,0.0025867718076507317,0.14950433138461947,0.4482715085447349,6.231123942954168,708.3707869002078,1480.8003011654048,1765.7585852680336,1480.6507968340202,True
f1:MAFAULDA:mafaulda_underhang_ball_fault_35g_50.7904:col3_underhang_radial:train:100000-150000,MAFAULDA,underhang/ball_fault,3047.424,50000,2048,0.25,power,6.691388384856634e-06,0.022351575721650113,0.20094742577341948,38.82690559289217,501789.17355174647,2192769.534689411,3117903.3814477674,2192769.5123378355,True
f1:MAFAULDA:mafaulda_underhang_ball_fault_35g_50.7904:col3_underhang_radial:train:100000-150000,MAFAULDA,underhang/ball_fault,3047.424,50000,2048,0.25,log1p,0.0025834318719860244,0.13933082168831531,0.37037076312178197,1.9783944795415698,6.564378359674074,7.301013046597474,7.476901838915621,7.161682224909159,True
f1:MAFAULDA:mafaulda_underhang_ball_fault_35g_50.7904:col3_underhang_radial:train:100000-150000,MAFAULDA,underhang/ball_fault,3047.424,50000,2048,0.25,db,-51.74483728276901,-16.506930439297822,-6.969179002751191,15.89132779747197,57.00521283729017,63.409929875973134,64.93862653009953,79.91686031527095,True
f1:MAFAULDA:mafaulda_underhang_ball_fault_35g_50.7904:col3_underhang_radial:train:100000-150000,MAFAULDA,underhang/ball_fault,3047.424,50000,2048,0.5,magnitude,0.0025867718076507317,0.15734779261853968,0.44554541856426444,6.203989118355723,708.1294995758149,1481.1173268539692,1735.3240258433348,1480.9599790613506,True
f1:MAFAULDA:mafaulda_underhang_ball_fault_35g_50.7904:col3_underhang_radial:train:100000-150000,MAFAULDA,underhang/ball_fault,3047.424,50000,2048,0.5,power,6.691388384856634e-06,0.024758371189438216,0.19851072453018243,38.48948098067623,501447.41632525984,2193708.5522545855,3011349.474669119,2193708.5274962145,True
f1:MAFAULDA:mafaulda_underhang_ball_fault_35g_50.7904:col3_underhang_radial:train:100000-150000,MAFAULDA,underhang/ball_fault,3047.424,50000,2048,0.5,log1p,0.0025834318719860244,0.1461309854962572,0.3684867015576509,1.9746349168122528,6.564038132886635,7.301226966918729,7.45952552863461,7.1550959814224715,True
f1:MAFAULDA:mafaulda_underhang_ball_fault_35g_50.7904:col3_underhang_radial:train:100000-150000,MAFAULDA,underhang/ball_fault,3047.424,50000,2048,0.5,db,-51.74483728276901,-16.06279449241522,-7.0221604514559095,15.853420548147987,57.00225349214282,63.41178921890901,64.7876115940291,79.47458371132423,True
f1:MAFAULDA:mafaulda_underhang_ball_fault_35g_50.7904:col3_underhang_radial:train:100000-150000,MAFAULDA,underhang/ball_fault,3047.424,50000,4096,0.25,magnitude,0.005336161255854677,0.20199399184946826,0.6487723238191652,8.661483783068281,948.1924895168369,2898.8115073834297,3323.489073029854,2898.60951339158,True
f1:MAFAULDA:mafaulda_underhang_ball_fault_35g_50.7904:col3_underhang_radial:train:100000-150000,MAFAULDA,underhang/ball_fault,3047.424,50000,4096,0.25,power,2.847461694848456e-05,0.040802044758130575,0.4209055413929309,75.02130132435482,899069.1551303043,8403139.471888589,11045579.618548838,8403139.431086544,True
f1:MAFAULDA:mafaulda_underhang_ball_fault_35g_50.7904:col3_underhang_radial:train:100000-150000,MAFAULDA,underhang/ball_fault,3047.424,50000,4096,0.25,log1p,0.005321974393923546,0.1839816743798159,0.5000309623680212,2.2681472371607483,6.855611524322205,7.9723991507717615,8.10907127903604,7.788417476391945,True
f1:MAFAULDA:mafaulda_underhang_ball_fault_35g_50.7904:col3_underhang_radial:train:100000-150000,MAFAULDA,underhang/ball_fault,3047.424,50000,4096,0.25,db,-45.45542093228812,-13.893281032903575,-3.7581538372978986,18.751845931902984,59.53792945637151,69.24438331737936,70.4318851047752,83.13766435028293,True
f1:MAFAULDA:mafaulda_underhang_ball_fault_35g_50.7904:col3_underhang_radial:train:100000-150000,MAFAULDA,underhang/ball_fault,3047.424,50000,4096,0.5,magnitude,0.04585509334776505,0.19953687871538345,0.6442341542582241,8.624530966704336,960.916025557991,2904.418133108701,3323.489073029854,2904.218596229986,True
f1:MAFAULDA:mafaulda_underhang_ball_fault_35g_50.7904:col3_underhang_radial:train:100000-150000,MAFAULDA,underhang/ball_fault,3047.424,50000,4096,0.5,power,0.0021026895859322468,0.03981527871569563,0.4150376469473189,74.38253439564203,923359.9030764984,8435645.800995655,11045579.618548838,8435645.761180377,True
f1:MAFAULDA:mafaulda_underhang_ball_fault_35g_50.7904:col3_underhang_radial:train:100000-150000,MAFAULDA,underhang/ball_fault,3047.424,50000,4096,0.5,log1p,0.044834821961643935,0.1819354392973238,0.49727471582401495,2.2643151482544503,6.868926995912123,7.974332528866523,8.10907127903604,7.792397089569199,True
f1:MAFAULDA:mafaulda_underhang_ball_fault_35g_50.7904:col3_underhang_radial:train:100000-150000,MAFAULDA,underhang/ball_fault,3047.424,50000,4096,0.5,db,-26.772248343434555,-13.999570478378088,-3.819125106854361,18.714709717648176,59.65370733910622,69.2611822190587,70.4318851047752,83.26075269743679,True
f1:MAFAULDA:mafaulda_underhang_cage_fault_35g_13.312:col3_underhang_radial:train:100000-150000,MAFAULDA,underhang/cage_fault,798.7199999999999,50000,256,0.25,magnitude,4.508732043451147e-05,0.009694729398142147,0.03372064070326066,0.3936106733416298,21.98652714640465,30.712975051823715,36.16192523178915,30.703280322425574,True
f1:MAFAULDA:mafaulda_underhang_cage_fault_35g_13.312:col3_underhang_radial:train:100000-150000,MAFAULDA,underhang/cage_fault,798.7199999999999,50000,256,0.25,power,2.0328664639643154e-09,9.398891613935404e-05,0.0011370816557447897,0.15492936217838882,483.40738695643097,943.2868534436361,1307.6848364695086,943.28675945472,True
f1:MAFAULDA:mafaulda_underhang_cage_fault_35g_13.312:col3_underhang_radial:train:100000-150000,MAFAULDA,underhang/cage_fault,798.7199999999999,50000,256,0.25,log1p,4.5086304031830624e-05,0.009648036488211265,0.03316456616005987,0.3318979859114457,3.134908257646213,3.456725896360987,3.6152847218551765,3.4470778598727754,True
f1:MAFAULDA:mafaulda_underhang_cage_fault_35g_13.312:col3_underhang_radial:train:100000-150000,MAFAULDA,underhang/cage_fault,798.7199999999999,50000,256,0.25,db,-86.91889222139315,-40.2693385972574,-29.442083795732977,-8.09866266881437,26.84313262828852,29.746437661654706,31.165030878172892,70.01577625891211,True
f1:MAFAULDA:mafaulda_underhang_cage_fault_35g_13.312:col3_underhang_radial:train:100000-150000,MAFAULDA,underhang/cage_fault,798.7199999999999,50000,256,0.5,magnitude,0.00069910418339314,0.009959462507677852,0.034146555295506774,0.3957497546678552,22.020889808881172,30.70200727083631,34.03950279869108,30.692047808328635,True
f1:MAFAULDA:mafaulda_underhang_cage_fault_35g_13.312:col3_underhang_radial:train:100000-150000,MAFAULDA,underhang/cage_fault,798.7199999999999,50000,256,0.5,power,4.887466592377891e-07,9.919256846341785e-05,0.001165987332676104,0.1566178683196676,484.9195886488392,942.6141508354226,1158.687750782098,942.6140516428542,True
f1:MAFAULDA:mafaulda_underhang_cage_fault_35g_13.312:col3_underhang_radial:train:100000-150000,MAFAULDA,underhang/cage_fault,798.7199999999999,50000,256,0.5,log1p,0.0006988599238987809,0.00991019309564252,0.03357650226117419,0.333431729437481,3.136402055641592,3.4563795513124775,3.5564760764324466,3.446469358216835,True
f1:MAFAULDA:mafaulda_underhang_cage_fault_35g_13.312:col3_underhang_radial:train:100000-150000,MAFAULDA,underhang/cage_fault,798.7199999999999,50000,256,0.5,db,-63.109160739044626,-40.035354898073216,-29.333062353256974,-8.051586911649476,26.856697268806883,29.74333125127479,30.63966415791115,69.778686149348,True
f1:MAFAULDA:mafaulda_underhang_cage_fault_35g_13.312:col3_underhang_radial:train:100000-150000,MAFAULDA,underhang/cage_fault,798.7199999999999,50000,512,0.25,magnitude,0.0023288361779183475,0.0178308457289981,0.05649451134613089,0.5914745615382753,15.038863435196536,54.60527536798754,62.112831770163176,54.58744452225854,True
f1:MAFAULDA:mafaulda_underhang_cage_fault_35g_13.312:col3_underhang_radial:train:100000-150000,MAFAULDA,underhang/cage_fault,798.7199999999999,50000,512,0.25,power,5.423477943581337e-06,0.00031793907000158194,0.00319162991875745,0.34984215694689497,226.16743526634335,2981.7361003711067,3858.003870508592,2981.7357824320366,True
f1:MAFAULDA:mafaulda_underhang_cage_fault_35g_13.312:col3_underhang_radial:train:100000-150000,MAFAULDA,underhang/cage_fault,798.7199999999999,50000,512,0.25,log1p,0.0023261286417372504,0.0176737409855209,0.054956362883687215,0.4646609836589357,2.7750146993183846,4.018278077093635,4.14492410497713,4.000604336108114,True
f1:MAFAULDA:mafaulda_underhang_cage_fault_35g_13.312:col3_underhang_radial:train:100000-150000,MAFAULDA,underhang/cage_fault,798.7199999999999,50000,512,0.25,db,-52.65722084412764,-34.97656124508231,-24.959874998983377,-4.5612785787157755,23.544299892880687,34.74469202742972,35.86362659011618,69.72125327251203,True
f1:MAFAULDA:mafaulda_underhang_cage_fault_35g_13.312:col3_underhang_radial:train:100000-150000,MAFAULDA,underhang/cage_fault,798.7199999999999,50000,512,0.5,magnitude,0.002362936274714488,0.018489134200489053,0.05571318362259544,0.5943880040836413,15.113273298565007,54.692473200227575,62.112831770163176,54.67398406602709,True
f1:MAFAULDA:mafaulda_underhang_cage_fault_35g_13.312:col3_underhang_radial:train:100000-150000,MAFAULDA,underhang/cage_fault,798.7199999999999,50000,512,0.5,power,5.583467838361583e-06,0.00034184897518887134,0.0031039588882163568,0.3532970995051396,228.4110539400002,2991.266645966557,3858.003870508592,2991.266304117582,True
f1:MAFAULDA:mafaulda_underhang_cage_fault_35g_13.312:col3_underhang_radial:train:100000-150000,MAFAULDA,underhang/cage_fault,798.7199999999999,50000,512,0.5,log1p,0.002360148930809131,0.018320287764494868,0.05421654194796779,0.4664899660862185,2.779643314327464,4.019845003328462,4.14492410497713,4.001524715563967,True
f1:MAFAULDA:mafaulda_underhang_cage_fault_35g_13.312:col3_underhang_radial:train:100000-150000,MAFAULDA,underhang/cage_fault,798.7199999999999,50000,512,0.5,db,-52.5309594436321,-34.661679812069956,-25.080840544946216,-4.518599281328069,23.587170259385495,34.75855122257635,35.86362659011618,69.4202310346463,True
f1:MAFAULDA:mafaulda_underhang_cage_fault_35g_13.312:col3_underhang_radial:train:100000-150000,MAFAULDA,underhang/cage_fault,798.7199999999999,50000,1024,0.25,magnitude,0.0022503061628078975,0.028750360922029643,0.09142082338173635,0.8706470200886873,15.821600169308057,114.27100316205802,131.5715152454448,114.24225280113599,True
f1:MAFAULDA:mafaulda_underhang_cage_fault_35g_13.312:col3_underhang_radial:train:100000-150000,MAFAULDA,underhang/cage_fault,798.7199999999999,50000,1024,0.25,power,5.0638778263712035e-06,0.000826587950465264,0.008357767027360281,0.7580262338442258,250.32305335980652,13057.866155109483,17311.063623982314,13057.865328521533,True
f1:MAFAULDA:mafaulda_underhang_cage_fault_35g_13.312:col3_underhang_radial:train:100000-150000,MAFAULDA,underhang/cage_fault,798.7199999999999,50000,1024,0.25,log1p,0.0022477780159206764,0.028344821625373568,0.0874803550687285,0.6262843710332854,2.82266374707715,4.747285755093179,4.887122237521744,4.718940933467805,True
f1:MAFAULDA:mafaulda_underhang_cage_fault_35g_13.312:col3_underhang_radial:train:100000-150000,MAFAULDA,underhang/cage_fault,798.7199999999999,50000,1024,0.25,db,-52.955167422697414,-30.827158628384225,-20.77909746296264,-1.2031576419532417,23.98500773187548,41.15871947209091,42.383237525574664,71.98587810047513,True
f1:MAFAULDA:mafaulda_underhang_cage_fault_35g_13.312:col3_underhang_radial:train:100000-150000,MAFAULDA,underhang/cage_fault,798.7199999999999,50000,1024,0.5,magnitude,0.0056813681509371204,0.029871509543704843,0.09170500467043172,0.8720587622668505,15.932520849238385,113.93310883815232,129.55687042442298,113.90323732860861,True
f1:MAFAULDA:mafaulda_underhang_cage_fault_35g_13.312:col3_underhang_radial:train:100000-150000,MAFAULDA,underhang/cage_fault,798.7199999999999,50000,1024,0.5,power,3.227794406648267e-05,0.0008923077039733214,0.008409808531797555,0.7604864848465347,253.84522068849182,12980.757906246918,16784.982674170726,12980.757013939214,True
f1:MAFAULDA:mafaulda_underhang_cage_fault_35g_13.312:col3_underhang_radial:train:100000-150000,MAFAULDA,underhang/cage_fault,798.7199999999999,50000,1024,0.5,log1p,0.005665290047243527,0.029434046151038437,0.08774069831175745,0.6270387676625342,2.8292360832865806,4.744350122025871,4.8718089205273305,4.714916075874832,True
f1:MAFAULDA:mafaulda_underhang_cage_fault_35g_13.312:col3_underhang_radial:train:100000-150000,MAFAULDA,underhang/cage_fault,798.7199999999999,50000,1024,0.5,db,-44.91094120031386,-30.494859593294102,-20.752139579859673,-1.1890849960323129,24.0456899081047,41.132997413214966,42.24920897296592,71.62785700650906,True
f1:MAFAULDA:mafaulda_underhang_cage_fault_35g_13.312:col3_underhang_radial:train:100000-150000,MAFAULDA,underhang/cage_fault,798.7199999999999,50000,2048,0.25,magnitude,0.0020593336933522645,0.04446922573764932,0.13071882612111455,1.238088916353548,18.88595965195521,181.17426075497784,242.2936620281929,181.12979152924018,True
f1:MAFAULDA:mafaulda_underhang_cage_fault_35g_13.312:col3_underhang_radial:train:100000-150000,MAFAULDA,underhang/cage_fault,798.7199999999999,50000,2048,0.25,power,4.2408552605758785e-06,0.001977512389129641,0.017087411781472876,1.5328641651293264,356.67980429732967,32824.42488923844,58706.218659032165,32824.422911726055,True
f1:MAFAULDA:mafaulda_underhang_cage_fault_35g_13.312:col3_underhang_radial:train:100000-150000,MAFAULDA,underhang/cage_fault,798.7199999999999,50000,2048,0.25,log1p,0.0020572161723452003,0.04350883826728632,0.12285355968137818,0.8056223393415348,2.9900135173973643,5.204958997025678,5.494269199422191,5.1614501587583925,True
f1:MAFAULDA:mafaulda_underhang_cage_fault_35g_13.312:col3_underhang_radial:train:100000-150000,MAFAULDA,underhang/cage_fault,798.7199999999999,50000,2048,0.25,db,-53.72546507480949,-27.03880939353597,-17.673237281018604,1.8550367140414261,25.522777104023127,45.161888607120304,47.68684107828133,72.20069800065627,True
f1:MAFAULDA:mafaulda_underhang_cage_fault_35g_13.312:col3_underhang_radial:train:100000-150000,MAFAULDA,underhang/cage_fault,798.7199999999999,50000,2048,0.5,magnitude,0.0020593336933522645,0.04451794646788486,0.13382586270119443,1.2450360435989476,18.79427862023228,183.4760031249111,242.2936620281929,183.4314851784432,True
f1:MAFAULDA:mafaulda_underhang_cage_fault_35g_13.312:col3_underhang_radial:train:100000-150000,MAFAULDA,underhang/cage_fault,798.7199999999999,50000,2048,0.5,power,4.2408552605758785e-06,0.0019818660694658112,0.017909365533486953,1.5501147498605206,353.22516805847755,33666.546427488116,58706.218659032165,33666.54444562204,True
f1:MAFAULDA:mafaulda_underhang_cage_fault_35g_13.312:col3_underhang_radial:train:100000-150000,MAFAULDA,underhang/cage_fault,798.7199999999999,50000,2048,0.5,log1p,0.0020572161723452003,0.04355547525890797,0.12559763172770994,0.8087215761205471,2.98539260679164,5.2174732973180795,5.494269199422191,5.173917822059171,True
f1:MAFAULDA:mafaulda_underhang_cage_fault_35g_13.312:col3_underhang_radial:train:100000-150000,MAFAULDA,underhang/cage_fault,798.7199999999999,50000,2048,0.5,db,-53.72546507480949,-27.02933794686133,-17.469199930818647,1.9036384881206156,25.480510032462956,45.27118065380837,47.68684107828133,72.3005186006697,True
f1:MAFAULDA:mafaulda_underhang_cage_fault_35g_13.312:col3_underhang_radial:train:100000-150000,MAFAULDA,underhang/cage_fault,798.7199999999999,50000,4096,0.25,magnitude,0.009245469155838865,0.06482068013892262,0.18917056290812426,1.7584122880258437,24.350943241811635,117.5886573593463,449.7423476468373,117.52383667920738,True
f1:MAFAULDA:mafaulda_underhang_cage_fault_35g_13.312:col3_underhang_radial:train:100000-150000,MAFAULDA,underhang/cage_fault,798.7199999999999,50000,4096,0.25,power,8.547869991156783e-05,0.004201745248289182,0.0357855044873099,3.0920137746802827,592.9684388149736,13829.120989875079,202268.17926688865,13829.11678812983,True
f1:MAFAULDA:mafaulda_underhang_cage_fault_35g_13.312:col3_underhang_radial:train:100000-150000,MAFAULDA,underhang/cage_fault,798.7199999999999,50000,4096,0.25,log1p,0.009202991422866213,0.06280639864884464,0.17325605721734733,1.014655256243064,3.232815936500485,4.775587853209809,6.110895885004957,4.7127814545609645,True
f1:MAFAULDA:mafaulda_underhang_cage_fault_35g_13.312:col3_underhang_radial:train:100000-150000,MAFAULDA,underhang/cage_fault,798.7199999999999,50000,4096,0.25,db,-40.68142082465648,-23.76575375809868,-14.462929189442193,4.902414200480481,27.730315753352745,41.4066637443067,53.05927565144763,65.17241750240538,True
f1:MAFAULDA:mafaulda_underhang_cage_fault_35g_13.312:col3_underhang_radial:train:100000-150000,MAFAULDA,underhang/cage_fault,798.7199999999999,50000,4096,0.5,magnitude,0.009245469155838865,0.06585496899514447,0.1886146305053625,1.7662881098678331,23.94521614903742,114.66644441969164,449.7423476468373,114.6005894506965,True
f1:MAFAULDA:mafaulda_underhang_cage_fault_35g_13.312:col3_underhang_radial:train:100000-150000,MAFAULDA,underhang/cage_fault,798.7199999999999,50000,4096,0.5,power,8.547869991156783e-05,0.004337255264454539,0.035575505995143884,3.1197736870604826,573.3733764782344,13148.475473310566,202268.17926688865,13148.471136055301,True
f1:MAFAULDA:mafaulda_underhang_cage_fault_35g_13.312:col3_underhang_radial:train:100000-150000,MAFAULDA,underhang/cage_fault,798.7199999999999,50000,4096,0.5,log1p,0.009202991422866213,0.06377709852412672,0.17278844328903692,1.0175063890140563,3.21668206625653,4.750707493903887,6.110895885004957,4.68693039537976,True
f1:MAFAULDA:mafaulda_underhang_cage_fault_35g_13.312:col3_underhang_radial:train:100000-150000,MAFAULDA,underhang/cage_fault,798.7199999999999,50000,4096,0.5,db,-40.68142082465648,-23.628602628183042,-14.488495764868325,4.94123090854269,27.58437523347209,41.18869973593273,53.05927565144763,64.81730236411578,True
f1:MAFAULDA:mafaulda_underhang_cage_fault_6g_16.1792:col3_underhang_radial:train:100000-150000,MAFAULDA,underhang/cage_fault,970.752,50000,256,0.25,magnitude,0.00011648890915777477,0.010103988958441624,0.033895790290165005,0.38857752195424894,20.008550495515223,28.340614391360063,32.058301007836164,28.33051040240162,True
f1:MAFAULDA:mafaulda_underhang_cage_fault_6g_16.1792:col3_underhang_radial:train:100000-150000,MAFAULDA,underhang/cage_fault,970.752,50000,256,0.25,power,1.3569665956768301e-08,0.00010209098066052505,0.001148924861462363,0.15099249057833353,400.34210297052954,803.190473988459,1027.7346635090291,803.1903718974783,True
f1:MAFAULDA:mafaulda_underhang_cage_fault_6g_16.1792:col3_underhang_radial:train:100000-150000,MAFAULDA,underhang/cage_fault,970.752,50000,256,0.25,log1p,0.00011648212485165554,0.01005328472797709,0.03333398779975082,0.3282798576434103,3.044929509934515,3.378972683906412,3.498272699899777,3.3689193991784347,True
f1:MAFAULDA:mafaulda_underhang_cage_fault_6g_16.1792:col3_underhang_radial:train:100000-150000,MAFAULDA,underhang/cage_fault,970.752,50000,256,0.25,db,-78.67430097555814,-39.91015913914258,-29.39708568383261,-8.210446510950486,26.024312443878536,29.048184950336864,30.118810046931443,68.95834408947944,True
f1:MAFAULDA:mafaulda_underhang_cage_fault_6g_16.1792:col3_underhang_radial:train:100000-150000,MAFAULDA,underhang/cage_fault,970.752,50000,256,0.5,magnitude,0.00017720399012510768,0.010362186107553814,0.03275436131522122,0.387073379577277,19.978243414273642,28.36638745635513,32.058301007836164,28.356025270247578,True
f1:MAFAULDA:mafaulda_underhang_cage_fault_6g_16.1792:col3_underhang_radial:train:100000-150000,MAFAULDA,underhang/cage_fault,970.752,50000,256,0.5,power,3.140125411625926e-08,0.00010737691627018987,0.0010728481893644305,0.14982580117737476,399.1302629298329,804.652029242303,1027.7346635090291,804.6519218653867,True
f1:MAFAULDA:mafaulda_underhang_cage_fault_6g_16.1792:col3_underhang_radial:train:100000-150000,MAFAULDA,underhang/cage_fault,970.752,50000,256,0.5,log1p,0.00017718829135261225,0.010308865690946554,0.03222937029544436,0.32719604518003637,3.0434858125781075,3.3798506831873216,3.498272699899777,3.369541817496375,True
f1:MAFAULDA:mafaulda_underhang_cage_fault_6g_16.1792:col3_underhang_radial:train:100000-150000,MAFAULDA,underhang/cage_fault,970.752,50000,256,0.5,db,-75.03052516384794,-39.69105327925867,-29.6946172816071,-8.24413391057787,26.011145428553746,29.056080116254194,30.118810046931443,68.74713339551286,True
f1:MAFAULDA:mafaulda_underhang_cage_fault_6g_16.1792:col3_underhang_radial:train:100000-150000,MAFAULDA,underhang/cage_fault,970.752,50000,512,0.25,magnitude,0.0003962729437322469,0.016459821894533204,0.05424800909399138,0.5704163541967314,13.404185900245228,50.11127446934835,55.80345994167206,50.094814647453816,True
f1:MAFAULDA:mafaulda_underhang_cage_fault_6g_16.1792:col3_underhang_radial:train:100000-150000,MAFAULDA,underhang/cage_fault,970.752,50000,512,0.25,power,1.5703224593422052e-07,0.00027092576228097693,0.0029428469357051994,0.325374817135091,179.67225430205136,2511.1399490368462,3114.026141461798,2511.139678111084,True
f1:MAFAULDA:mafaulda_underhang_cage_fault_6g_16.1792:col3_underhang_radial:train:100000-150000,MAFAULDA,underhang/cage_fault,970.752,50000,512,0.25,log1p,0.0003961944483456604,0.01632582736510249,0.05282772498533247,0.45134077795844807,2.667518720164105,3.9340050852948827,4.039597238337953,3.9176792579297803,True
f1:MAFAULDA:mafaulda_underhang_cage_fault_6g_16.1792:col3_underhang_radial:train:100000-150000,MAFAULDA,underhang/cage_fault,970.752,50000,512,0.25,db,-68.04010938634718,-35.67149772435188,-25.312324557364033,-4.876160628095538,22.544807526302595,33.998708756348286,34.933222540412864,69.67020648070016,True
f1:MAFAULDA:mafaulda_underhang_cage_fault_6g_16.1792:col3_underhang_radial:train:100000-150000,MAFAULDA,underhang/cage_fault,970.752,50000,512,0.5,magnitude,0.0005017328195409121,0.01696725258961879,0.05356072036874707,0.5707321247348917,13.251805399145299,49.87903834382374,55.5775221922905,49.86207109123412,True
f1:MAFAULDA:mafaulda_underhang_cage_fault_6g_16.1792:col3_underhang_radial:train:100000-150000,MAFAULDA,underhang/cage_fault,970.752,50000,512,0.5,power,2.517358222044735e-07,0.0002879296999591526,0.00286875122978231,0.3257351582470873,175.6103491369871,2487.9189365891993,3088.8609730345433,2487.9186486594995,True
f1:MAFAULDA:mafaulda_underhang_cage_fault_6g_16.1792:col3_underhang_radial:train:100000-150000,MAFAULDA,underhang/cage_fault,970.752,50000,512,0.5,log1p,0.0005016069937153481,0.016824896207993677,0.05217558919239509,0.4515418321446835,2.65688358647348,3.9294509275571516,4.035611771918553,3.912626031349158,True
f1:MAFAULDA:mafaulda_underhang_cage_fault_6g_16.1792:col3_underhang_radial:train:100000-150000,MAFAULDA,underhang/cage_fault,970.752,50000,512,0.5,db,-65.99054806491688,-35.408414299665274,-25.42307249623244,-4.871353632615341,22.445500924913325,33.958360615044924,34.897983615232434,69.36677491471019,True
f1:MAFAULDA:mafaulda_underhang_cage_fault_6g_16.1792:col3_underhang_radial:train:100000-150000,MAFAULDA,underhang/cage_fault,970.752,50000,1024,0.25,magnitude,0.001702566159837916,0.02721153344448707,0.0842123271409308,0.8287729123820975,14.470285768513827,104.2691816158214,120.40625495586191,104.24197008237691,True
f1:MAFAULDA:mafaulda_underhang_cage_fault_6g_16.1792:col3_underhang_radial:train:100000-150000,MAFAULDA,underhang/cage_fault,970.752,50000,1024,0.25,power,2.8987315286252284e-06,0.0007404709891164406,0.00709171610353553,0.6868645403012856,209.38920487357706,10872.062234836623,14497.666232496022,10872.061494365635,True
f1:MAFAULDA:mafaulda_underhang_cage_fault_6g_16.1792:col3_underhang_radial:train:100000-150000,MAFAULDA,underhang/cage_fault,970.752,50000,1024,0.25,log1p,0.0017011184370698685,0.026847880303755435,0.08085375755697755,0.60364520225869,2.7389210645294915,4.65652070408848,4.799142400822505,4.629672823784725,True
f1:MAFAULDA:mafaulda_underhang_cage_fault_6g_16.1792:col3_underhang_radial:train:100000-150000,MAFAULDA,underhang/cage_fault,970.752,50000,1024,0.25,db,-55.37791954751624,-31.30495980128998,-21.49248664900263,-1.6312890359676417,23.20954144077603,40.363119297596484,41.61298097137604,71.66807909888647,True
f1:MAFAULDA:mafaulda_underhang_cage_fault_6g_16.1792:col3_underhang_radial:train:100000-150000,MAFAULDA,underhang/cage_fault,970.752,50000,1024,0.5,magnitude,0.0052162001410094305,0.027278936516610525,0.08368409717551104,0.8309421295465629,14.619095544426388,104.29756287801165,119.81135358811032,104.27028394149504,True
f1:MAFAULDA:mafaulda_underhang_cage_fault_6g_16.1792:col3_underhang_radial:train:100000-150000,MAFAULDA,underhang/cage_fault,970.752,50000,1024,0.5,power,2.7208743911066802e-05,0.000744140474942305,0.007003032385563254,0.6904648226575056,213.71809802446606,10877.98188542664,14354.760448615196,10877.981141286165,True
f1:MAFAULDA:mafaulda_underhang_cage_fault_6g_16.1792:col3_underhang_radial:train:100000-150000,MAFAULDA,underhang/cage_fault,970.752,50000,1024,0.5,log1p,0.005202642893495221,0.026913497252179164,0.08036643545955567,0.6048306592649775,2.748493944946592,4.65679026244621,4.7942302677407875,4.62987676519403,True
f1:MAFAULDA:mafaulda_underhang_cage_fault_6g_16.1792:col3_underhang_radial:train:100000-150000,MAFAULDA,underhang/cage_fault,970.752,50000,1024,0.5,db,-45.65291490266907,-31.283451834414187,-21.547143932454745,-1.6085844256625783,23.298407173696503,40.365483102590574,41.56995949413353,71.64893493700475,True
f1:MAFAULDA:mafaulda_underhang_cage_fault_6g_16.1792:col3_underhang_radial:train:100000-150000,MAFAULDA,underhang/cage_fault,970.752,50000,2048,0.25,magnitude,0.0010783058172343374,0.034957265608122304,0.12443679363672304,1.184611023786656,17.660215293421892,156.3646553055267,226.86917412589153,156.32969803991858,True
f1:MAFAULDA:mafaulda_underhang_cage_fault_6g_16.1792:col3_underhang_radial:train:100000-150000,MAFAULDA,underhang/cage_fault,970.752,50000,2048,0.25,power,1.1627434354814122e-06,0.0012220150666119947,0.015484515665835677,1.4033032792469677,311.8832419354112,24450.333156746852,51469.62216856409,24450.331934731785,True
f1:MAFAULDA:mafaulda_underhang_cage_fault_6g_16.1792:col3_underhang_radial:train:100000-150000,MAFAULDA,underhang/cage_fault,970.752,50000,2048,0.25,log1p,0.0010777248631098984,0.03436013442788104,0.1172822824000912,0.7814377913851425,2.926393678877479,5.058557105959342,5.428771666576086,5.024196971531461,True
f1:MAFAULDA:mafaulda_underhang_cage_fault_6g_16.1792:col3_underhang_radial:train:100000-150000,MAFAULDA,underhang/cage_fault,970.752,50000,2048,0.25,db,-59.34516023161335,-29.129267392676724,-18.101023766245607,1.4715153917453003,24.939919348765702,43.882695725446084,47.11550980166037,73.01196311812281,True
f1:MAFAULDA:mafaulda_underhang_cage_fault_6g_16.1792:col3_underhang_radial:train:100000-150000,MAFAULDA,underhang/cage_fault,970.752,50000,2048,0.5,magnitude,0.0010783058172343374,0.03722524474391224,0.12686902343495013,1.18934301873181,18.144220816491213,154.84297896739946,223.88902159818716,154.80575372265554,True
f1:MAFAULDA:mafaulda_underhang_cage_fault_6g_16.1792:col3_underhang_radial:train:100000-150000,MAFAULDA,underhang/cage_fault,970.752,50000,2048,0.5,power,1.1627434354814122e-06,0.0013858462033166622,0.016095755006029715,1.4145368162060943,329.2127752516882,23976.358384005107,50126.29399219352,23976.356998158903,True
f1:MAFAULDA:mafaulda_underhang_cage_fault_6g_16.1792:col3_underhang_radial:train:100000-150000,MAFAULDA,underhang/cage_fault,970.752,50000,2048,0.5,log1p,0.0010777248631098984,0.03654905454087052,0.11944300897581263,0.783601507375312,2.9520008492851044,5.04884874411757,5.4156070431814785,5.012299689576699,True
f1:MAFAULDA:mafaulda_underhang_cage_fault_6g_16.1792:col3_underhang_radial:train:100000-150000,MAFAULDA,underhang/cage_fault,970.752,50000,2048,0.5,db,-59.34516023161335,-28.58364357162992,-17.932889646851557,1.5061425541293028,25.174766107115204,43.79782850145146,47.00065596928689,72.38147207308138,True
f1:MAFAULDA:mafaulda_underhang_cage_fault_6g_16.1792:col3_underhang_radial:train:100000-150000,MAFAULDA,underhang/cage_fault,970.752,50000,4096,0.25,magnitude,0.0033703203968822337,0.05568577594398619,0.17370289986505283,1.6777581178385352,23.736922476949754,99.4241342149701,401.0911824048107,99.36844843902611,True
f1:MAFAULDA:mafaulda_underhang_cage_fault_6g_16.1792:col3_underhang_radial:train:100000-150000,MAFAULDA,underhang/cage_fault,970.752,50000,4096,0.25,power,1.1359059577640417e-05,0.003100914969067598,0.030172697588990022,2.814872301973104,563.4414886857596,9888.750987970081,160874.13660288914,9888.747887055111,True
f1:MAFAULDA:mafaulda_underhang_cage_fault_6g_16.1792:col3_underhang_radial:train:100000-150000,MAFAULDA,underhang/cage_fault,970.752,50000,4096,0.25,log1p,0.0033646535961464794,0.05419057616107917,0.16016362276391236,0.984979921247414,3.2082969645931825,4.6092210512691905,5.996678884801336,4.555030475108111,True
f1:MAFAULDA:mafaulda_underhang_cage_fault_6g_16.1792:col3_underhang_radial:train:100000-150000,MAFAULDA,underhang/cage_fault,970.752,50000,4096,0.25,db,-49.446575968275596,-25.085127511703757,-15.20385864326131,4.494586977093443,27.50848822838074,39.94822761524039,52.06486229099251,65.03335512694414,True
f1:MAFAULDA:mafaulda_underhang_cage_fault_6g_16.1792:col3_underhang_radial:train:100000-150000,MAFAULDA,underhang/cage_fault,970.752,50000,4096,0.5,magnitude,0.01125509844708808,0.05566708271686201,0.1730416316153835,1.66794493197936,23.794139705639356,100.83543620387896,401.0911824048107,100.77976912116209,True
f1:MAFAULDA:mafaulda_underhang_cage_fault_6g_16.1792:col3_underhang_radial:train:100000-150000,MAFAULDA,underhang/cage_fault,970.752,50000,4096,0.5,power,0.0001266772410536445,0.003098830423217724,0.029943414910969936,2.782040296115632,566.1613387200973,10167.814618211556,160874.13660288914,10167.811519381134,True
f1:MAFAULDA:mafaulda_underhang_cage_fault_6g_16.1792:col3_underhang_radial:train:100000-150000,MAFAULDA,underhang/cage_fault,970.752,50000,4096,0.5,log1p,0.011192231105506921,0.054172870162196594,0.15960005747586753,0.9813084876527195,3.2106071160536866,4.6233567176121255,5.996678884801336,4.569183847449929,True
f1:MAFAULDA:mafaulda_underhang_cage_fault_6g_16.1792:col3_underhang_radial:train:100000-150000,MAFAULDA,underhang/cage_fault,970.752,50000,4096,0.5,db,-38.97301396125822,-25.088039583538997,-15.23698921890271,4.443634162379087,27.529398191440343,40.072251027024954,52.06486229099251,65.16029061056395,True
f1:MAFAULDA:mafaulda_underhang_cage_fault_6g_62.0544:col3_underhang_radial:train:100000-150000,MAFAULDA,underhang/cage_fault,3723.264,50000,256,0.25,magnitude,0.0021220843249736276,0.025772340255349628,0.08746692203960647,1.1802540524116747,43.05719812550388,111.20232236665099,138.16234775823645,111.17655002639565,True
f1:MAFAULDA:mafaulda_underhang_cage_fault_6g_62.0544:col3_underhang_radial:train:100000-150000,MAFAULDA,underhang/cage_fault,3723.264,50000,256,0.25,power,4.503241882298777e-06,0.0006642140620477695,0.007650462467061979,1.392999628235862,1853.9248136847407,12365.95937636158,19088.834338067863,12365.958712147518,True
f1:MAFAULDA:mafaulda_underhang_cage_fault_6g_62.0544:col3_underhang_radial:train:100000-150000,MAFAULDA,underhang/cage_fault,3723.264,50000,256,0.25,log1p,0.002119835884390943,0.02544583128138026,0.08385106699605,0.779441407814339,3.7854881024956812,4.720303577060043,4.935641221068681,4.694857745778663,True
f1:MAFAULDA:mafaulda_underhang_cage_fault_6g_62.0544:col3_underhang_radial:train:100000-150000,MAFAULDA,underhang/cage_fault,3723.264,50000,256,0.25,db,-53.464746842521784,-31.77692636624636,-21.163123119652774,1.4395100059188854,32.68090944651696,40.92227613383348,42.80779408959964,72.69920250007983,True
f1:MAFAULDA:mafaulda_underhang_cage_fault_6g_62.0544:col3_underhang_radial:train:100000-150000,MAFAULDA,underhang/cage_fault,3723.264,50000,256,0.5,magnitude,0.0021220843249736276,0.024363306061064217,0.09004776352818868,1.1813093028603732,43.12657004259225,110.88514644718559,138.16234775823645,110.86078314112453,True
f1:MAFAULDA:mafaulda_underhang_cage_fault_6g_62.0544:col3_underhang_radial:train:100000-150000,MAFAULDA,underhang/cage_fault,3723.264,50000,256,0.5,power,4.503241882298777e-06,0.0005935717521479333,0.008108599802486328,1.3954916690244608,1859.901228546577,12295.516978991534,19088.834338067863,12295.516385419782,True
f1:MAFAULDA:mafaulda_underhang_cage_fault_6g_62.0544:col3_underhang_radial:train:100000-150000,MAFAULDA,underhang/cage_fault,3723.264,50000,256,0.5,log1p,0.002119835884390943,0.02407125425930414,0.08622151499541325,0.7799252941567895,3.7870620488552866,4.717472815983885,4.935641221068681,4.69340156172458,True
f1:MAFAULDA:mafaulda_underhang_cage_fault_6g_62.0544:col3_underhang_radial:train:100000-150000,MAFAULDA,underhang/cage_fault,3723.264,50000,256,0.5,db,-53.464746842521784,-32.26528336063405,-20.910541417810585,1.447272482020074,32.694897949573345,40.89746703681745,42.80779408959964,73.1627503974515,True
f1:MAFAULDA:mafaulda_underhang_cage_fault_6g_62.0544:col3_underhang_radial:train:100000-150000,MAFAULDA,underhang/cage_fault,3723.264,50000,512,0.25,magnitude,0.0029146313457339775,0.038614673130009255,0.12829769658935666,1.6300382830979663,58.174010789458414,151.03950860452593,171.3689280816594,151.00089393139592,True
f1:MAFAULDA:mafaulda_underhang_cage_fault_6g_62.0544:col3_underhang_radial:train:100000-150000,MAFAULDA,underhang/cage_fault,3723.264,50000,512,0.25,power,8.495075881535057e-06,0.001491144392825094,0.016460304492487032,2.6570248043649656,3384.2155640524998,22812.955572707782,29367.309511856947,22812.954081563388,True
f1:MAFAULDA:mafaulda_underhang_cage_fault_6g_62.0544:col3_underhang_radial:train:100000-150000,MAFAULDA,underhang/cage_fault,3723.264,50000,512,0.25,log1p,0.002910392043131747,0.037887756295879524,0.12071003149559412,0.9669984023947449,4.080482433891211,5.024139927249104,5.149637110441037,4.986252170953224,True
f1:MAFAULDA:mafaulda_underhang_cage_fault_6g_62.0544:col3_underhang_radial:train:100000-150000,MAFAULDA,underhang/cage_fault,3723.264,50000,512,0.25,db,-50.70832707678495,-28.265102364691355,-17.83562427016412,4.243956087912077,35.294580100653775,43.58180701292842,44.678641604260314,71.84690937761978,True
f1:MAFAULDA:mafaulda_underhang_cage_fault_6g_62.0544:col3_underhang_radial:train:100000-150000,MAFAULDA,underhang/cage_fault,3723.264,50000,512,0.5,magnitude,0.00501481090277165,0.04061829998208182,0.13031519654504908,1.6363718312309432,58.17412668618337,152.13479033733134,170.96235452208134,152.09417203734927,True
f1:MAFAULDA:mafaulda_underhang_cage_fault_6g_62.0544:col3_underhang_radial:train:100000-150000,MAFAULDA,underhang/cage_fault,3723.264,50000,512,0.5,power,2.514832839055741e-05,0.0016498779002056116,0.016982050450584575,2.6777127706924135,3384.2290486220686,23144.99443764364,29228.126663733827,23144.99278776574,True
f1:MAFAULDA:mafaulda_underhang_cage_fault_6g_62.0544:col3_underhang_radial:train:100000-150000,MAFAULDA,underhang/cage_fault,3723.264,50000,512,0.5,log1p,0.0050022786191355716,0.03981504111313568,0.12249652882473079,0.9694036655347229,4.080484392435306,5.031318516009976,5.147275583800459,4.99150347489684,True
f1:MAFAULDA:mafaulda_underhang_cage_fault_6g_62.0544:col3_underhang_radial:train:100000-150000,MAFAULDA,underhang/cage_fault,3723.264,50000,512,0.5,db,-45.99490859883363,-27.825648823337932,-17.70009872577293,4.27763989698879,35.29459740477478,43.64457080496994,44.65800980747092,71.47021962830787,True
f1:MAFAULDA:mafaulda_underhang_cage_fault_6g_62.0544:col3_underhang_radial:train:100000-150000,MAFAULDA,underhang/cage_fault,3723.264,50000,1024,0.25,magnitude,0.00026183574398495863,0.059134764844936856,0.1869757431243673,2.2733839222297294,81.83282770868355,203.2009737655012,218.56353614806588,203.14183900065626,True
f1:MAFAULDA:mafaulda_underhang_cage_fault_6g_62.0544:col3_underhang_radial:train:100000-150000,MAFAULDA,underhang/cage_fault,3723.264,50000,1024,0.25,power,6.85579568281568e-08,0.003496935259407275,0.03495992918510167,5.168274462894443,6696.611695706168,41290.63614009983,47770.0193335469,41290.63264316457,True
f1:MAFAULDA:mafaulda_underhang_cage_fault_6g_62.0544:col3_underhang_radial:train:100000-150000,MAFAULDA,underhang/cage_fault,3723.264,50000,1024,0.25,log1p,0.00026180147098901096,0.05745230860518476,0.17140867973454266,1.1858242881999046,4.416824452371857,5.319104669597703,5.391641649163517,5.261652360992518,True
f1:MAFAULDA:mafaulda_underhang_cage_fault_6g_62.0544:col3_underhang_radial:train:100000-150000,MAFAULDA,underhang/cage_fault,3723.264,50000,1024,0.25,db,-71.63941802053967,-24.563160940038085,-14.564294718844971,7.133455681398706,38.258551163833204,46.15851565409314,46.79155417052037,70.72167659413122,True
f1:MAFAULDA:mafaulda_underhang_cage_fault_6g_62.0544:col3_underhang_radial:train:100000-150000,MAFAULDA,underhang/cage_fault,3723.264,50000,1024,0.5,magnitude,0.00026183574398495863,0.05696658556387232,0.1897320240904154,2.2764960939603704,81.34397294759391,203.19648687865066,215.09760483854674,203.13952029308678,True
f1:MAFAULDA:mafaulda_underhang_cage_fault_6g_62.0544:col3_underhang_radial:train:100000-150000,MAFAULDA,underhang/cage_fault,3723.264,50000,1024,0.5,power,6.85579568281568e-08,0.0032459652013454745,0.03599824175341657,5.182434522791943,6616.842141786997,41288.8147482616,46266.97960727961,41288.8115022964,True
f1:MAFAULDA:mafaulda_underhang_cage_fault_6g_62.0544:col3_underhang_radial:train:100000-150000,MAFAULDA,underhang/cage_fault,3723.264,50000,1024,0.5,log1p,0.00026180147098901096,0.05540274798221087,0.17372809164606842,1.1867745847052618,4.410905250438777,5.319082671660579,5.375730179872272,5.263679923678367,True
f1:MAFAULDA:mafaulda_underhang_cage_fault_6g_62.0544:col3_underhang_radial:train:100000-150000,MAFAULDA,underhang/cage_fault,3723.264,50000,1024,0.5,db,-71.63941802053967,-24.88861890701929,-14.437187293273782,7.145338142177775,38.2065074663274,46.15832364105431,46.65271148890681,71.0469425480736,True
f1:MAFAULDA:mafaulda_underhang_cage_fault_6g_62.0544:col3_underhang_radial:train:100000-150000,MAFAULDA,underhang/cage_fault,3723.264,50000,2048,0.25,magnitude,0.009225726867772413,0.08159972708640602,0.26144961736738803,3.1946423463558196,105.94761252195266,358.47942076940035,373.2435459423736,358.3978210423139,True
f1:MAFAULDA:mafaulda_underhang_cage_fault_6g_62.0544:col3_underhang_radial:train:100000-150000,MAFAULDA,underhang/cage_fault,3723.264,50000,2048,0.25,power,8.511403623873778e-05,0.006658515465422195,0.06835590404901931,10.205739724013377,11224.896659912189,128507.49960669954,139310.74458763676,128507.49294818407,True
f1:MAFAULDA:mafaulda_underhang_cage_fault_6g_62.0544:col3_underhang_radial:train:100000-150000,MAFAULDA,underhang/cage_fault,3723.264,50000,2048,0.25,log1p,0.009183429798101913,0.07844117398050053,0.23226154911970526,1.4338080790764862,4.672339109310531,5.884656914107506,5.924906777840077,5.806215740127005,True
f1:MAFAULDA:mafaulda_underhang_cage_fault_6g_62.0544:col3_underhang_radial:train:100000-150000,MAFAULDA,underhang/cage_fault,3723.264,50000,2048,0.25,db,-40.699988046678214,-21.76622586770045,-11.652239888590413,10.088444881493254,40.501823467313045,51.089284431659294,51.43984613446216,72.85551029935974,True
f1:MAFAULDA:mafaulda_underhang_cage_fault_6g_62.0544:col3_underhang_radial:train:100000-150000,MAFAULDA,underhang/cage_fault,3723.264,50000,2048,0.5,magnitude,0.009225726867772413,0.08583585567321929,0.2609070157365635,3.186172213803072,106.33061538841896,358.7831038068544,373.2435459423736,358.6972679511812,True
f1:MAFAULDA:mafaulda_underhang_cage_fault_6g_62.0544:col3_underhang_radial:train:100000-150000,MAFAULDA,underhang/cage_fault,3723.264,50000,2048,0.5,power,8.511403623873778e-05,0.0073679750543895785,0.0680724710210447,10.151693376010769,11306.199824785923,128725.32923345624,139310.74458763676,128725.3218654812,True
f1:MAFAULDA:mafaulda_underhang_cage_fault_6g_62.0544:col3_underhang_radial:train:100000-150000,MAFAULDA,underhang/cage_fault,3723.264,50000,2048,0.5,log1p,0.009183429798101913,0.08234998760364577,0.23183131570164875,1.4317867635987471,4.6759139316611495,5.885501307686002,5.924906777840077,5.803151320082356,True
f1:MAFAULDA:mafaulda_underhang_cage_fault_6g_62.0544:col3_underhang_radial:train:100000-150000,MAFAULDA,underhang/cage_fault,3723.264,50000,2048,0.5,db,-40.699988046678214,-21.326731224126306,-11.67028485996039,10.065384917855411,40.53316652580578,51.09663919107398,51.43984613446216,72.42337041520028,True
f1:MAFAULDA:mafaulda_underhang_cage_fault_6g_62.0544:col3_underhang_radial:train:100000-150000,MAFAULDA,underhang/cage_fault,3723.264,50000,4096,0.25,magnitude,0.008961292341736812,0.11654305287292789,0.3612244781609882,4.356616696781881,131.17522948589283,446.6437523792808,860.5008211395184,446.52720932640784,True
f1:MAFAULDA:mafaulda_underhang_cage_fault_6g_62.0544:col3_underhang_radial:train:100000-150000,MAFAULDA,underhang/cage_fault,3723.264,50000,4096,0.25,power,8.030476043407082e-05,0.013582286005860863,0.13048312411192162,18.980109042678666,17206.941857070164,199490.6420617064,740461.6631817854,199490.62847942038,True
f1:MAFAULDA:mafaulda_underhang_cage_fault_6g_62.0544:col3_underhang_radial:train:100000-150000,MAFAULDA,underhang/cage_fault,3723.264,50000,4096,0.25,log1p,0.008921378238923394,0.1102373509853789,0.3083846461315394,1.6783325624967702,4.884128508949978,6.103997719194093,6.758676009118451,5.993760368208714,True
f1:MAFAULDA:mafaulda_underhang_cage_fault_6g_62.0544:col3_underhang_radial:train:100000-150000,MAFAULDA,underhang/cage_fault,3723.264,50000,4096,0.25,db,-40.95258699462405,-18.670273090966848,-8.844456566980073,12.782987031848467,42.35703639379421,52.999225258377635,58.69502578185346,71.66949834934448,True
f1:MAFAULDA:mafaulda_underhang_cage_fault_6g_62.0544:col3_underhang_radial:train:100000-150000,MAFAULDA,underhang/cage_fault,3723.264,50000,4096,0.5,magnitude,0.022495354036408788,0.11428346995401846,0.35567465825664296,4.336136494493969,129.72420510201226,446.62601615115216,860.5008211395184,446.5117326811981,True
f1:MAFAULDA:mafaulda_underhang_cage_fault_6g_62.0544:col3_underhang_radial:train:100000-150000,MAFAULDA,underhang/cage_fault,3723.264,50000,4096,0.5,power,0.0005060409532233731,0.01306099944365321,0.12650447266870943,18.802079698882448,16828.369392195567,199474.8042601729,740461.6631817854,199474.79119917346,True
f1:MAFAULDA:mafaulda_underhang_cage_fault_6g_62.0544:col3_underhang_radial:train:100000-150000,MAFAULDA,underhang/cage_fault,3723.264,50000,4096,0.5,log1p,0.02224606519482343,0.10821145462599832,0.3042992304323926,1.6745018882138172,4.873089799284043,6.1039580835415155,6.758676009118451,5.9957466289155175,True
f1:MAFAULDA:mafaulda_underhang_cage_fault_6g_62.0544:col3_underhang_radial:train:100000-150000,MAFAULDA,underhang/cage_fault,3723.264,50000,4096,0.5,db,-32.958143310001574,-18.84042670336848,-8.97894188770766,12.742058892728194,42.26042036312052,52.998880216398504,58.69502578185346,71.83930691976698,True
f1:MAFAULDA:mafaulda_underhang_outer_race_0g_13.5168:col3_underhang_radial:train:100000-150000,MAFAULDA,underhang/outer_race,811.008,50000,256,0.25,magnitude,0.0002615721256096215,0.008031580679177723,0.028868188791251907,0.3471677868927988,18.29168376256885,28.82861916396821,33.11021038709344,28.820587583289033,True
f1:MAFAULDA:mafaulda_underhang_outer_race_0g_13.5168:col3_underhang_radial:train:100000-150000,MAFAULDA,underhang/outer_race,811.008,50000,256,0.25,power,6.84199768959356e-08,6.450710979671034e-05,0.0008333723247456485,0.12052547225783367,334.5857219585927,831.0894211105201,1096.2860318775902,831.0893566034104,True
f1:MAFAULDA:mafaulda_underhang_outer_race_0g_13.5168:col3_underhang_radial:train:100000-150000,MAFAULDA,underhang/outer_race,811.008,50000,256,0.25,log1p,0.00026153792158558974,0.007999498792997412,0.028459352233777897,0.29800445306516077,2.9596740735284266,3.395468229596821,3.5295967643122492,3.3874687308038234,True
f1:MAFAULDA:mafaulda_underhang_outer_race_0g_13.5168:col3_underhang_radial:train:100000-150000,MAFAULDA,underhang/outer_race,811.008,50000,256,0.25,db,-71.64816744738795,-41.9040346042662,-30.791609236940502,-9.189211578978972,25.245073337144916,29.19647609782123,30.399238806649272,71.10051070208743,True
f1:MAFAULDA:mafaulda_underhang_outer_race_0g_13.5168:col3_underhang_radial:train:100000-150000,MAFAULDA,underhang/outer_race,811.008,50000,256,0.5,magnitude,0.0006660236618621918,0.008159679460216241,0.02890774811489113,0.34752475978620245,18.28089875469688,28.6943766928791,32.593760931652994,28.686217013418883,True
f1:MAFAULDA:mafaulda_underhang_outer_race_0g_13.5168:col3_underhang_radial:train:100000-150000,MAFAULDA,underhang/outer_race,811.008,50000,256,0.5,power,4.4358751816032313e-07,6.661723914230801e-05,0.0008356592307598971,0.12077345866445771,334.19126007813503,823.3674958935044,1062.3532516697492,823.3674292762653,True
f1:MAFAULDA:mafaulda_underhang_outer_race_0g_13.5168:col3_underhang_radial:train:100000-150000,MAFAULDA,underhang/outer_race,811.008,50000,256,0.5,log1p,0.0006658019665338731,0.008126551132125777,0.028497800227148054,0.2982693982416308,2.9591149029292994,3.3909575535788448,3.5143403631693286,3.382831002446719,True
f1:MAFAULDA:mafaulda_underhang_outer_race_0g_13.5168:col3_underhang_radial:train:100000-150000,MAFAULDA,underhang/outer_race,811.008,50000,256,0.5,db,-63.53020552285406,-41.76888248317674,-30.779721651597175,-9.180284961110036,25.239950857680572,29.155934628704557,30.26268951532856,70.9248171118813,True
f1:MAFAULDA:mafaulda_underhang_outer_race_0g_13.5168:col3_underhang_radial:train:100000-150000,MAFAULDA,underhang/outer_race,811.008,50000,512,0.25,magnitude,0.0002704672199440594,0.01540208131419804,0.0491226178889652,0.5070972127519756,17.412181125189036,50.787037741850874,55.621090970052414,50.771635660536674,True
f1:MAFAULDA:mafaulda_underhang_outer_race_0g_13.5168:col3_underhang_radial:train:100000-150000,MAFAULDA,underhang/outer_race,811.008,50000,512,0.25,power,7.315251706426822e-08,0.00023722549333009968,0.0024130315981262746,0.2571475831808224,303.1840590735683,2579.3232026623737,3093.705760698846,2579.32296543688,True
f1:MAFAULDA:mafaulda_underhang_outer_race_0g_13.5168:col3_underhang_radial:train:100000-150000,MAFAULDA,underhang/outer_race,811.008,50000,512,0.25,log1p,0.0002704306502793091,0.015284672605717885,0.047954212844480135,0.4101854250303148,2.913012452135074,3.947139881294133,4.0363815477788085,3.931855208688415,True
f1:MAFAULDA:mafaulda_underhang_outer_race_0g_13.5168:col3_underhang_radial:train:100000-150000,MAFAULDA,underhang/outer_race,811.008,50000,512,0.25,db,-71.35770404740491,-36.24843704594601,-26.174369928431346,-5.8981755289886495,24.817063414725,34.115057648915815,34.904790060095515,70.36349469486183,True
f1:MAFAULDA:mafaulda_underhang_outer_race_0g_13.5168:col3_underhang_radial:train:100000-150000,MAFAULDA,underhang/outer_race,811.008,50000,512,0.5,magnitude,0.002864166520348377,0.01593989847986135,0.04937901674728724,0.5073861412363735,17.376413366594758,50.903293262280386,55.621090970052414,50.88735336380052,True
f1:MAFAULDA:mafaulda_underhang_outer_race_0g_13.5168:col3_underhang_radial:train:100000-150000,MAFAULDA,underhang/outer_race,811.008,50000,512,0.5,power,8.203449856284528e-06,0.0002540807807768165,0.002438288197455866,0.25744069634879196,301.94058463929514,2591.145418825348,3093.705760698846,2591.145164744567,True
f1:MAFAULDA:mafaulda_underhang_outer_race_0g_13.5168:col3_underhang_radial:train:100000-150000,MAFAULDA,underhang/outer_race,811.008,50000,512,0.5,log1p,0.002860072610650022,0.01581419216493034,0.048198576184577034,0.41037711855878106,2.911066712018451,3.9493822136016385,4.0363815477788085,3.933568021436708,True
f1:MAFAULDA:mafaulda_underhang_outer_race_0g_13.5168:col3_underhang_radial:train:100000-150000,MAFAULDA,underhang/outer_race,811.008,50000,512,0.5,db,-50.86003441867312,-35.950296068036074,-26.129152833039697,-5.893227984548247,24.79919066519335,34.13491735331298,34.904790060095515,70.08521342134905,True
f1:MAFAULDA:mafaulda_underhang_outer_race_0g_13.5168:col3_underhang_radial:train:100000-150000,MAFAULDA,underhang/outer_race,811.008,50000,1024,0.25,magnitude,0.0011862078228034904,0.022940410485057797,0.07724023122171711,0.7325512976032116,20.579473994948412,99.75673643734548,108.4419924256116,99.73379602686042,True
f1:MAFAULDA:mafaulda_underhang_outer_race_0g_13.5168:col3_underhang_radial:train:100000-150000,MAFAULDA,underhang/outer_race,811.008,50000,1024,0.25,power,1.4070889988801968e-06,0.0005262857408419719,0.005966053319273453,0.5366314036338042,423.5147503421156,9951.408290381849,11759.665721236404,9951.407764096108,True
f1:MAFAULDA:mafaulda_underhang_outer_race_0g_13.5168:col3_underhang_radial:train:100000-150000,MAFAULDA,underhang/outer_race,811.008,50000,1024,0.25,log1p,0.001185504834176204,0.02268122436572575,0.07440242921711279,0.5495950606474915,3.071742584412813,4.612708971571239,4.6953946593519005,4.5900277472055135,True
f1:MAFAULDA:mafaulda_underhang_outer_race_0g_13.5168:col3_underhang_radial:train:100000-150000,MAFAULDA,underhang/outer_race,811.008,50000,1024,0.25,db,-58.51678359191869,-32.788168599889794,-22.243128685075988,-2.7032391593994616,26.268685398285626,39.97884385656617,40.70394976716618,72.76701245645597,True
f1:MAFAULDA:mafaulda_underhang_outer_race_0g_13.5168:col3_underhang_radial:train:100000-150000,MAFAULDA,underhang/outer_race,811.008,50000,1024,0.5,magnitude,0.001793480699263661,0.024258470317417163,0.07544033599336955,0.73186262641698,20.673805660229874,99.77726965616654,108.4419924256116,99.75301118584912,True
f1:MAFAULDA:mafaulda_underhang_outer_race_0g_13.5168:col3_underhang_radial:train:100000-150000,MAFAULDA,underhang/outer_race,811.008,50000,1024,0.5,power,3.2165730186312704e-06,0.0005884940373508287,0.005691244477343819,0.5356229039656102,427.40628358146955,9955.504984919651,11759.665721236404,9955.504396425615,True
f1:MAFAULDA:mafaulda_underhang_outer_race_0g_13.5168:col3_underhang_radial:train:100000-150000,MAFAULDA,underhang/outer_race,811.008,50000,1024,0.5,log1p,0.001791874333125341,0.02396889734289245,0.07273019250898813,0.549197491989623,3.076104373086552,4.612912759610743,4.6953946593519005,4.5889438622678504,True
f1:MAFAULDA:mafaulda_underhang_outer_race_0g_13.5168:col3_underhang_radial:train:100000-150000,MAFAULDA,underhang/outer_race,811.008,50000,1024,0.5,db,-54.92606536909374,-32.30288346401468,-22.447927848223326,-2.711408601520022,26.308408151290735,39.98063168078122,40.70394976716618,72.2835151447959,True
f1:MAFAULDA:mafaulda_underhang_outer_race_0g_13.5168:col3_underhang_radial:train:100000-150000,MAFAULDA,underhang/outer_race,811.008,50000,2048,0.25,magnitude,0.0019453076638722422,0.03404002612266294,0.11112038603842837,1.0421500992312356,26.198115431075983,175.85493480444745,196.65684373486962,175.8208947783248,True
f1:MAFAULDA:mafaulda_underhang_outer_race_0g_13.5168:col3_underhang_radial:train:100000-150000,MAFAULDA,underhang/outer_race,811.008,50000,2048,0.25,power,3.7842219071200805e-06,0.0011587244661832006,0.012347740206797051,1.0860768293403735,686.3412817236259,30924.96869265088,38673.91418776093,30924.967533926414,True
f1:MAFAULDA:mafaulda_underhang_outer_race_0g_13.5168:col3_underhang_radial:train:100000-150000,MAFAULDA,underhang/outer_race,811.008,50000,2048,0.25,log1p,0.0019434180031694533,0.033473484811608174,0.10536886305211787,0.7140032230293497,3.303147665283236,5.175329649707779,5.286532414667503,5.14185616489617,True
f1:MAFAULDA:mafaulda_underhang_outer_race_0g_13.5168:col3_underhang_radial:train:100000-150000,MAFAULDA,underhang/outer_race,811.008,50000,2048,0.25,db,-54.22023359804761,-29.36020635586334,-19.084125167010807,0.3586054851051624,28.365400839749057,44.90308970946669,45.874181292526856,74.26329606533002,True
f1:MAFAULDA:mafaulda_underhang_outer_race_0g_13.5168:col3_underhang_radial:train:100000-150000,MAFAULDA,underhang/outer_race,811.008,50000,2048,0.5,magnitude,0.0019453076638722422,0.0355881589904512,0.11163263792253636,1.0372844161268278,26.22024846584725,174.9119198555911,196.65684373486962,174.87633169660063,True
f1:MAFAULDA:mafaulda_underhang_outer_race_0g_13.5168:col3_underhang_radial:train:100000-150000,MAFAULDA,underhang/outer_race,811.008,50000,2048,0.5,power,3.7842219071200805e-06,0.001266714322079854,0.012461846272764539,1.075958959939574,687.5014297517312,30594.18538119796,38673.91418776093,30594.184114483636,True
f1:MAFAULDA:mafaulda_underhang_outer_race_0g_13.5168:col3_underhang_radial:train:100000-150000,MAFAULDA,underhang/outer_race,811.008,50000,2048,0.5,log1p,0.0019434180031694533,0.03496944294609241,0.10582977949528362,0.7116177524989028,3.3039611251485197,5.169983322684786,5.286532414667503,5.135013879738693,True
f1:MAFAULDA:mafaulda_underhang_outer_race_0g_13.5168:col3_underhang_radial:train:100000-150000,MAFAULDA,underhang/outer_race,811.008,50000,2048,0.5,db,-54.22023359804761,-28.974556478075506,-19.04417639154064,0.3179570653335067,28.372736055022685,44.85638732788541,45.874181292526856,73.83094380596091,True
f1:MAFAULDA:mafaulda_underhang_outer_race_0g_13.5168:col3_underhang_radial:train:100000-150000,MAFAULDA,underhang/outer_race,811.008,50000,4096,0.25,magnitude,0.0023955279297865296,0.04606826752869638,0.15132282327558913,1.466362149269202,33.6520550290594,177.91764461571293,428.60276232314004,177.87157634818422,True
f1:MAFAULDA:mafaulda_underhang_outer_race_0g_13.5168:col3_underhang_radial:train:100000-150000,MAFAULDA,underhang/outer_race,811.008,50000,4096,0.25,power,5.738554062387336e-06,0.0021225564385176214,0.02289859689102321,2.1502179528093937,1132.4608278562514,31654.957895766147,183700.32787102606,31654.95577320971,True
f1:MAFAULDA:mafaulda_underhang_outer_race_0g_13.5168:col3_underhang_radial:train:100000-150000,MAFAULDA,underhang/outer_race,811.008,50000,4096,0.25,log1p,0.0023926632268271757,0.04503850499350952,0.14091156240024338,0.9027442509220935,3.5453570236699044,5.1869213905412614,6.06286097316267,5.141882885547752,True
f1:MAFAULDA:mafaulda_underhang_outer_race_0g_13.5168:col3_underhang_radial:train:100000-150000,MAFAULDA,underhang/outer_race,811.008,50000,4096,0.25,db,-52.411974862967895,-26.73251124388978,-16.401911293968496,3.3248248365157167,30.540231730978302,45.00434331077312,52.64109931441831,71.7368545546629,True
f1:MAFAULDA:mafaulda_underhang_outer_race_0g_13.5168:col3_underhang_radial:train:100000-150000,MAFAULDA,underhang/outer_race,811.008,50000,4096,0.5,magnitude,0.008117224462946935,0.0483091668511925,0.15237636435039864,1.4717651942961067,34.28068118887321,176.64117550658534,425.03997270660096,176.59286633973414,True
f1:MAFAULDA:mafaulda_underhang_outer_race_0g_13.5168:col3_underhang_radial:train:100000-150000,MAFAULDA,underhang/outer_race,811.008,50000,4096,0.5,power,6.588933298186416e-05,0.0023341508314177126,0.023218573650204702,2.166092787141457,1175.1653750611072,31202.54104385586,180658.9783984281,31202.53870970503,True
f1:MAFAULDA:mafaulda_underhang_outer_race_0g_13.5168:col3_underhang_radial:train:100000-150000,MAFAULDA,underhang/outer_race,811.008,50000,4096,0.5,log1p,0.00808445699760748,0.04717837835857802,0.14182620759281864,0.9049325489578062,3.5633354296128648,5.179758698058409,6.054533174511967,5.132580319699831,True
f1:MAFAULDA:mafaulda_underhang_outer_race_0g_13.5168:col3_underhang_radial:train:100000-150000,MAFAULDA,underhang/outer_race,811.008,50000,4096,0.5,db,-41.81184878227265,-26.320094325272265,-16.341651071735793,3.3567705626356785,30.70098785681012,44.94177787213691,52.56859550028237,71.26187219740918,True
f1:MAFAULDA:mafaulda_underhang_outer_race_20g_12.9024:col3_underhang_radial:train:100000-150000,MAFAULDA,underhang/outer_race,774.144,50000,256,0.25,magnitude,7.532208582536844e-05,0.008350805707590921,0.02920939144360771,0.35589130626260873,21.087207324785997,30.08610160549747,34.7765847117052,30.07775079978988,True
f1:MAFAULDA:mafaulda_underhang_outer_race_20g_12.9024:col3_underhang_radial:train:100000-150000,MAFAULDA,underhang/outer_race,774.144,50000,256,0.25,power,5.6734166130841694e-09,6.973677195484321e-05,0.0008531887437673496,0.12665862190836535,444.6703174166345,905.1736789190319,1209.4108442104077,905.17360918226,True
f1:MAFAULDA:mafaulda_underhang_outer_race_20g_12.9024:col3_underhang_radial:train:100000-150000,MAFAULDA,underhang/outer_race,774.144,50000,256,0.25,log1p,7.531924925949838e-05,0.008316130237777495,0.028790926285440485,0.30445902867242985,3.0949985820668715,3.436760738074419,3.5772936210849338,3.4284446078366413,True
f1:MAFAULDA:mafaulda_underhang_outer_race_20g_12.9024:col3_underhang_radial:train:100000-150000,MAFAULDA,underhang/outer_race,774.144,50000,256,0.25,db,-82.46154170775384,-41.56548305916262,-30.689550787163487,-8.97365241560463,26.480381313450966,29.567317545611836,30.825738584014317,71.13280060477445,True
f1:MAFAULDA:mafaulda_underhang_outer_race_20g_12.9024:col3_underhang_radial:train:100000-150000,MAFAULDA,underhang/outer_race,774.144,50000,256,0.5,magnitude,0.0001773313407640309,0.008510440823724411,0.02929789279602198,0.3546467412136119,21.099176416108666,30.087442390431683,34.12203056738679,30.07893194960796,True
f1:MAFAULDA:mafaulda_underhang_outer_race_20g_12.9024:col3_underhang_radial:train:100000-150000,MAFAULDA,underhang/outer_race,774.144,50000,256,0.5,power,3.144640441716885e-08,7.242959589872703e-05,0.0008583665237887611,0.12577431105343462,445.1752616040431,905.2545135952257,1164.3129700416782,905.2544411656298,True
f1:MAFAULDA:mafaulda_underhang_outer_race_20g_12.9024:col3_underhang_radial:train:100000-150000,MAFAULDA,underhang/outer_race,774.144,50000,256,0.5,log1p,0.00017731561942038615,0.00847443020360573,0.02887691232715274,0.30354071275010197,3.095540325042067,3.436803788251177,3.558828585073505,3.4283293580475713,True
f1:MAFAULDA:mafaulda_underhang_outer_race_20g_12.9024:col3_underhang_radial:train:100000-150000,MAFAULDA,underhang/outer_race,774.144,50000,256,0.5,db,-75.02428514813033,-41.40107758145456,-30.66327226709337,-9.004080526601888,26.48530991047766,29.567703879095536,30.660697353787025,70.96878146055009,True
f1:MAFAULDA:mafaulda_underhang_outer_race_20g_12.9024:col3_underhang_radial:train:100000-150000,MAFAULDA,underhang/outer_race,774.144,50000,512,0.25,magnitude,0.0001687037243849332,0.015236534278195926,0.0512983885251934,0.5338021629706248,15.166680771019777,52.9352347202734,60.15572486409126,52.919998185995205,True
f1:MAFAULDA:mafaulda_underhang_outer_race_20g_12.9024:col3_underhang_radial:train:100000-150000,MAFAULDA,underhang/outer_race,774.144,50000,512,0.25,power,2.8460946621347502e-08,0.0002321579087055308,0.0026315246878585714,0.28494474919211743,230.0282668070895,2802.141403420135,3618.7112339242476,2802.141171262226,True
f1:MAFAULDA:mafaulda_underhang_outer_race_20g_12.9024:col3_underhang_radial:train:100000-150000,MAFAULDA,underhang/outer_race,774.144,50000,512,0.25,log1p,0.00016868949551190928,0.015121621164615252,0.050025960748150675,0.42774972655145116,2.782952264647809,3.9877835694604156,4.113423477768946,3.9726619482958,True
f1:MAFAULDA:mafaulda_underhang_outer_race_20g_12.9024:col3_underhang_radial:train:100000-150000,MAFAULDA,underhang/outer_race,774.144,50000,512,0.25,db,-75.45750144360015,-36.3423869903066,-25.797925570181288,-5.452393413977604,23.617809761034106,34.474893253258266,35.58553928642431,70.81728024356487,True
f1:MAFAULDA:mafaulda_underhang_outer_race_20g_12.9024:col3_underhang_radial:train:100000-150000,MAFAULDA,underhang/outer_race,774.144,50000,512,0.5,magnitude,0.0001687037243849332,0.01605787057073998,0.0512886796561654,0.5324497046316572,15.118244914437486,52.888071427896605,59.512048353200534,52.872013557325864,True
f1:MAFAULDA:mafaulda_underhang_outer_race_20g_12.9024:col3_underhang_radial:train:100000-150000,MAFAULDA,underhang/outer_race,774.144,50000,512,0.5,power,2.8460946621347502e-08,0.0002578578973099226,0.0026305286834303098,0.28350268802959877,228.56183125788917,2797.149497022085,3541.6838991936784,2797.1492391641877,True
f1:MAFAULDA:mafaulda_underhang_outer_race_20g_12.9024:col3_underhang_radial:train:100000-150000,MAFAULDA,underhang/outer_race,774.144,50000,512,0.5,log1p,0.00016868949551190928,0.015930305454410126,0.05001672558337105,0.4268675691116664,2.7799508890590996,3.9869089036834984,4.10284249154369,3.970978598229088,True
f1:MAFAULDA:mafaulda_underhang_outer_race_20g_12.9024:col3_underhang_radial:train:100000-150000,MAFAULDA,underhang/outer_race,774.144,50000,512,0.5,db,-75.45750144360015,-35.88628639128699,-25.799569640248837,-5.474428190331043,23.590017996774023,34.467152445826315,35.49209797125987,70.3534388371133,True
f1:MAFAULDA:mafaulda_underhang_outer_race_20g_12.9024:col3_underhang_radial:train:100000-150000,MAFAULDA,underhang/outer_race,774.144,50000,1024,0.25,magnitude,0.0010126799559302632,0.023324633345827225,0.07812559259338403,0.7803918257307436,16.55098040470201,107.87405352180257,128.08581777546559,107.85072888845674,True
f1:MAFAULDA:mafaulda_underhang_outer_race_20g_12.9024:col3_underhang_radial:train:100000-150000,MAFAULDA,underhang/outer_race,774.144,50000,1024,0.25,power,1.0255206931429198e-06,0.000544073474106547,0.0061036083404492235,0.6090114016965351,273.93495410144953,11636.813983862357,16405.976715209777,11636.813439788883,True
f1:MAFAULDA:mafaulda_underhang_outer_race_20g_12.9024:col3_underhang_radial:train:100000-150000,MAFAULDA,underhang/outer_race,774.144,50000,1024,0.25,log1p,0.0010121675414957315,0.023056754589360337,0.07522397083662553,0.5768334668900643,2.865109809036102,4.690191633867317,4.860477437251648,4.667134879277957,True
f1:MAFAULDA:mafaulda_underhang_outer_race_20g_12.9024:col3_underhang_radial:train:100000-150000,MAFAULDA,underhang/outer_race,774.144,50000,1024,0.25,db,-59.89055486162903,-32.64398245680564,-22.144133585033167,-2.1537457651329506,24.37647446241804,40.65833900986126,42.15002090827536,73.3023214666669,True
f1:MAFAULDA:mafaulda_underhang_outer_race_20g_12.9024:col3_underhang_radial:train:100000-150000,MAFAULDA,underhang/outer_race,774.144,50000,1024,0.5,magnitude,0.002698606581345106,0.02096566701689402,0.07498652946650383,0.7809421280730204,16.50481958319836,107.81317923916622,128.08581777546559,107.79221357214932,True
f1:MAFAULDA:mafaulda_underhang_outer_race_20g_12.9024:col3_underhang_radial:train:100000-150000,MAFAULDA,underhang/outer_race,774.144,50000,1024,0.5,power,7.282477480879119e-06,0.0004395880647008029,0.005622994648989837,0.6098706074006998,272.4092059522312,11623.68190823323,16405.976715209777,11623.681468645165,True
f1:MAFAULDA:mafaulda_underhang_outer_race_20g_12.9024:col3_underhang_radial:train:100000-150000,MAFAULDA,underhang/outer_race,774.144,50000,1024,0.5,log1p,0.002694971880221826,0.020748897950216935,0.07230812426160681,0.5771425097159115,2.862476025055733,4.689632447526634,4.860477437251648,4.668883549576417,True
f1:MAFAULDA:mafaulda_underhang_outer_race_20g_12.9024:col3_underhang_radial:train:100000-150000,MAFAULDA,underhang/outer_race,774.144,50000,1024,0.5,db,-51.37720817451596,-33.57010974832951,-22.500346528833454,-2.1476229676975676,24.35221345109936,40.653436949071285,42.15002090827536,74.22354669740079,True
f1:MAFAULDA:mafaulda_underhang_outer_race_20g_12.9024:col3_underhang_radial:train:100000-150000,MAFAULDA,underhang/outer_race,774.144,50000,2048,0.25,magnitude,0.002401549021434787,0.03615615312580855,0.11328400770020161,1.1100743919722849,20.80638461170078,179.44053676454192,232.88092298610644,179.40438061141612,True
f1:MAFAULDA:mafaulda_underhang_outer_race_20g_12.9024:col3_underhang_radial:train:100000-150000,MAFAULDA,underhang/outer_race,774.144,50000,2048,0.25,power,5.767437702354382e-06,0.001307267462559401,0.012833267347188239,1.2322651557241189,432.9056763693867,32199.274043901314,54233.52429086084,32199.27273663385,True
f1:MAFAULDA:mafaulda_underhang_outer_race_20g_12.9024:col3_underhang_radial:train:100000-150000,MAFAULDA,underhang/outer_race,774.144,50000,2048,0.25,log1p,0.0023986699112118434,0.03551785940952879,0.10731421249626588,0.7467232037240801,3.082202761412069,5.195395630834152,5.454812109708552,5.159877771424623,True
f1:MAFAULDA:mafaulda_underhang_outer_race_20g_12.9024:col3_underhang_radial:train:100000-150000,MAFAULDA,underhang/outer_race,774.144,50000,2048,0.25,db,-52.39017051695764,-28.836355814048225,-18.91662821561801,0.9070416835106587,26.36393208685968,45.0783615129658,47.342678273814506,73.91471732701402,True
f1:MAFAULDA:mafaulda_underhang_outer_race_20g_12.9024:col3_underhang_radial:train:100000-150000,MAFAULDA,underhang/outer_race,774.144,50000,2048,0.5,magnitude,0.002401549021434787,0.03402073627598888,0.11361000515219125,1.1099826844263356,20.796421623359418,180.47369396760809,228.03044745307167,180.4396732313321,True
f1:MAFAULDA:mafaulda_underhang_outer_race_20g_12.9024:col3_underhang_radial:train:100000-150000,MAFAULDA,underhang/outer_race,774.144,50000,2048,0.5,power,5.767437702354382e-06,0.0011574726747172529,0.012907233348035068,1.2320615597262943,432.49115757764713,32572.6564093974,51997.88496564808,32572.655251924727,True
f1:MAFAULDA:mafaulda_underhang_outer_race_20g_12.9024:col3_underhang_radial:train:100000-150000,MAFAULDA,underhang/outer_race,774.144,50000,2048,0.5,log1p,0.0023986699112118434,0.03345480124181728,0.10760699503813549,0.7466797410212859,3.081745805088637,5.2010815713504615,5.433854953026423,5.167626770108644,True
f1:MAFAULDA:mafaulda_underhang_outer_race_20g_12.9024:col3_underhang_radial:train:100000-150000,MAFAULDA,underhang/outer_race,774.144,50000,2048,0.5,db,-52.39017051695764,-29.36535718091916,-18.89166842767059,0.9063240789165917,26.35977222078357,45.12802226437892,47.15985678896161,74.49337944529807,True
f1:MAFAULDA:mafaulda_underhang_outer_race_20g_12.9024:col3_underhang_radial:train:100000-150000,MAFAULDA,underhang/outer_race,774.144,50000,4096,0.25,magnitude,0.005945879306375302,0.05290342556611216,0.16454004021960406,1.57610652321178,27.538863863409194,125.94817013280846,446.4116210810125,125.89526670724234,True
f1:MAFAULDA:mafaulda_underhang_outer_race_20g_12.9024:col3_underhang_radial:train:100000-150000,MAFAULDA,underhang/outer_race,774.144,50000,4096,0.25,power,3.5353480725982044e-05,0.002798774869425472,0.02707342484310598,2.484111772510725,758.38902443336,15863.507266733819,199283.3354361775,15863.50446795895,True
f1:MAFAULDA:mafaulda_underhang_outer_race_20g_12.9024:col3_underhang_radial:train:100000-150000,MAFAULDA,underhang/outer_race,774.144,50000,4096,0.25,log1p,0.005928272324200633,0.051551514236276644,0.1523261937926396,0.9462791595656155,3.3512668017370015,4.8437612398700045,6.1034790234192124,4.792209725633728,True
f1:MAFAULDA:mafaulda_underhang_outer_race_20g_12.9024:col3_underhang_radial:train:100000-150000,MAFAULDA,underhang/outer_race,774.144,50000,4096,0.25,db,-44.51567806702414,-25.53032787354121,-15.674568013393237,3.9517113306228646,28.79892037406146,42.00368144915466,52.9947098344376,67.53400932269588,True
f1:MAFAULDA:mafaulda_underhang_outer_race_20g_12.9024:col3_underhang_radial:train:100000-150000,MAFAULDA,underhang/outer_race,774.144,50000,4096,0.5,magnitude,0.012465893175469828,0.04927745573502392,0.16456683721065538,1.5806799179108668,27.327590448073565,126.52094542331209,436.2249811751951,126.47166796757706,True
f1:MAFAULDA:mafaulda_underhang_outer_race_20g_12.9024:col3_underhang_radial:train:100000-150000,MAFAULDA,underhang/outer_race,774.144,50000,4096,0.5,power,0.00015539849266222523,0.0024284987998977733,0.02708224391466488,2.498549002886705,746.7978472350806,16008.16051544178,190292.23420129935,16008.15808694298,True
f1:MAFAULDA:mafaulda_underhang_outer_race_20g_12.9024:col3_underhang_radial:train:100000-150000,MAFAULDA,underhang/outer_race,774.144,50000,4096,0.5,log1p,0.012388833678557054,0.04810168499405646,0.15234920432288326,0.948052898288501,3.3438358534709747,4.848261670716137,6.080447893680065,4.800159985722081,True
f1:MAFAULDA:mafaulda_underhang_outer_race_20g_12.9024:col3_underhang_radial:train:100000-150000,MAFAULDA,underhang/outer_race,774.144,50000,4096,0.5,db,-38.0855319112628,-26.14744193011127,-15.673153544179645,3.9768787153401544,28.732023039609317,42.04308127543027,52.794210651535316,68.19052320554154,True
f1:MAFAULDA:mafaulda_underhang_outer_race_20g_61.44:col3_underhang_radial:train:100000-150000,MAFAULDA,underhang/outer_race,3686.4,50000,256,0.25,magnitude,0.0009507140171365336,0.0221532985186108,0.07601944097796742,1.009465329632151,111.76245971539237,283.30303974935384,318.43285722556055,283.2808864508352,True
f1:MAFAULDA:mafaulda_underhang_outer_race_20g_61.44:col3_underhang_radial:train:100000-150000,MAFAULDA,underhang/outer_race,3686.4,50000,256,0.25,power,9.038571423798851e-07,0.0004907707514194976,0.00577895544901626,1.019020251734663,12490.847416978379,80260.61734486789,101399.48456083423,80260.61685409714,True
f1:MAFAULDA:mafaulda_underhang_outer_race_20g_61.44:col3_underhang_radial:train:100000-150000,MAFAULDA,underhang/outer_race,3686.4,50000,256,0.25,log1p,0.000950262374797811,0.02191147807065692,0.07326852938144511,0.6978686815265449,4.725283479127534,5.650040679630997,5.7665471022043215,5.62812920156034,True
f1:MAFAULDA:mafaulda_underhang_outer_race_20g_61.44:col3_underhang_radial:train:100000-150000,MAFAULDA,underhang/outer_race,3686.4,50000,256,0.25,db,-60.4390011442268,-33.0912506780803,-22.38150658805584,0.08182815225540843,40.9659190216249,49.04502441636176,50.06035747374766,82.13627509444206,True
f1:MAFAULDA:mafaulda_underhang_outer_race_20g_61.44:col3_underhang_radial:train:100000-150000,MAFAULDA,underhang/outer_race,3686.4,50000,256,0.5,magnitude,0.0009507140171365336,0.022848574946908028,0.07865307349551688,1.0064186741758687,111.57455447425765,283.30855161099555,314.172550329063,283.28570303604863,True
f1:MAFAULDA:mafaulda_underhang_outer_race_20g_61.44:col3_underhang_radial:train:100000-150000,MAFAULDA,underhang/outer_race,3686.4,50000,256,0.5,power,9.038571423798851e-07,0.0005220582107031142,0.0061863061630369936,1.0128785477299134,12448.889741409852,80263.74578493608,98704.39138026761,80263.74526287787,True
f1:MAFAULDA:mafaulda_underhang_outer_race_20g_61.44:col3_underhang_radial:train:100000-150000,MAFAULDA,underhang/outer_race,3686.4,50000,256,0.5,log1p,0.000950262374797811,0.02259145503523096,0.07571310853850537,0.6963513787177116,4.723615372115572,5.6500600335714,5.753120267672003,5.627468578536169,True
f1:MAFAULDA:mafaulda_underhang_outer_race_20g_61.44:col3_underhang_radial:train:100000-150000,MAFAULDA,underhang/outer_race,3686.4,50000,256,0.5,db,-60.4390011442268,-32.82282451606445,-22.08568616334905,0.05557373173214859,40.95130025173065,49.045193114905274,49.94336474957579,81.86801763096972,True
f1:MAFAULDA:mafaulda_underhang_outer_race_20g_61.44:col3_underhang_radial:train:100000-150000,MAFAULDA,underhang/outer_race,3686.4,50000,512,0.25,magnitude,0.00128273600084583,0.028840296111411944,0.11204836719090902,1.4154034341808355,110.3592140933977,429.75987030863286,475.65373059895126,429.73103001252144,True
f1:MAFAULDA:mafaulda_underhang_outer_race_20g_61.44:col3_underhang_radial:train:100000-150000,MAFAULDA,underhang/outer_race,3686.4,50000,512,0.25,power,1.645411647865953e-06,0.0008317669749101835,0.012554836661990889,2.0033668814909027,12179.157437848446,184693.5544022216,226246.4714326997,184693.55357045462,True
f1:MAFAULDA:mafaulda_underhang_outer_race_20g_61.44:col3_underhang_radial:train:100000-150000,MAFAULDA,underhang/outer_race,3686.4,50000,512,0.25,log1p,0.001281913997888665,0.028432239776306018,0.106203690528712,0.8818663266436846,4.712761086696015,6.065550767087595,6.1667902956139855,6.037118527311289,True
f1:MAFAULDA:mafaulda_underhang_outer_race_20g_61.44:col3_underhang_radial:train:100000-150000,MAFAULDA,underhang/outer_race,3686.4,50000,512,0.25,db,-57.837253649353514,-30.80002808875502,-19.011889372662754,3.0176049005212335,40.856171516673534,52.664517004004104,53.545818146210365,83.46454509275912,True
f1:MAFAULDA:mafaulda_underhang_outer_race_20g_61.44:col3_underhang_radial:train:100000-150000,MAFAULDA,underhang/outer_race,3686.4,50000,512,0.5,magnitude,0.00128273600084583,0.026904779860321908,0.11361396762773858,1.415775775791896,110.93778217135866,429.1540938530782,474.55409154075363,429.1271890732179,True
f1:MAFAULDA:mafaulda_underhang_outer_race_20g_61.44:col3_underhang_radial:train:100000-150000,MAFAULDA,underhang/outer_race,3686.4,50000,512,0.5,power,1.645411647865953e-06,0.000723873056665105,0.012908153496817523,2.004421048752703,12307.205173495362,184173.27913211228,225201.58579806998,184173.27840823922,True
f1:MAFAULDA:mafaulda_underhang_outer_race_20g_61.44:col3_underhang_radial:train:100000-150000,MAFAULDA,underhang/outer_race,3686.4,50000,512,0.5,log1p,0.001281913997888665,0.02654920707452906,0.10761054528247338,0.8820204676096601,4.7179426556139115,6.064143386545514,6.164480632699086,6.037594179470985,True
f1:MAFAULDA:mafaulda_underhang_outer_race_20g_61.44:col3_underhang_radial:train:100000-150000,MAFAULDA,underhang/outer_race,3686.4,50000,512,0.5,db,-57.837253649353514,-31.40344650852606,-18.891372143912083,3.0198895413178626,40.90158476787981,52.652264185358746,53.525714443541204,84.0557106938848,True
f1:MAFAULDA:mafaulda_underhang_outer_race_20g_61.44:col3_underhang_radial:train:100000-150000,MAFAULDA,underhang/outer_race,3686.4,50000,1024,0.25,magnitude,0.0008051472057104547,0.046740525566221505,0.15569009704770073,1.9972830486594408,128.09518729436442,577.7081873162007,599.4705192101028,577.6614467906345,True
f1:MAFAULDA:mafaulda_underhang_outer_race_20g_61.44:col3_underhang_radial:train:100000-150000,MAFAULDA,underhang/outer_race,3686.4,50000,1024,0.25,power,6.482620228633534e-07,0.0021846768463497394,0.02423940840998226,3.9891395768952185,16408.377381934028,333746.7644556232,359364.90340203024,333746.7622709464,True
f1:MAFAULDA:mafaulda_underhang_outer_race_20g_61.44:col3_underhang_radial:train:100000-150000,MAFAULDA,underhang/outer_race,3686.4,50000,1024,0.25,log1p,0.0008048232485761486,0.04568107453700041,0.14469765138811322,1.097706227848025,4.8605500070456795,6.360798334211218,6.397713546576521,6.315117259674217,True
f1:MAFAULDA:mafaulda_underhang_outer_race_20g_61.44:col3_underhang_radial:train:100000-150000,MAFAULDA,underhang/outer_race,3686.4,50000,1024,0.25,db,-61.88249312047716,-26.60612838355481,-16.15478058231694,6.00879232151506,42.15065616173023,55.23417025655493,55.55535660410527,81.84029864010975,True
f1:MAFAULDA:mafaulda_underhang_outer_race_20g_61.44:col3_underhang_radial:train:100000-150000,MAFAULDA,underhang/outer_race,3686.4,50000,1024,0.5,magnitude,0.0009723111573975984,0.047057914751851615,0.15256871172863445,1.9971548051837185,127.6148522438112,577.7215025138503,597.0015134613379,577.6744445990985,True
f1:MAFAULDA:mafaulda_underhang_outer_race_20g_61.44:col3_underhang_radial:train:100000-150000,MAFAULDA,underhang/outer_race,3686.4,50000,1024,0.5,power,9.453889867998574e-07,0.0022144645704235033,0.023277221320684206,3.988627315882498,16285.610287579026,333762.2421874529,356410.8070751281,333762.2399729883,True
f1:MAFAULDA:mafaulda_underhang_outer_race_20g_61.44:col3_underhang_radial:train:100000-150000,MAFAULDA,underhang/outer_race,3686.4,50000,1024,0.5,log1p,0.0009718387690850187,0.045984237450727085,0.14199311024863634,1.0976634403810397,4.856820489873767,6.36082120358375,6.393593284819231,6.314836966133023,True
f1:MAFAULDA:mafaulda_underhang_outer_race_20g_61.44:col3_underhang_radial:train:100000-150000,MAFAULDA,underhang/outer_race,3686.4,50000,1024,0.5,db,-60.24389371934792,-26.54738012575781,-16.330692188450648,6.00823459208858,42.11800849666869,55.2343692391476,55.51950864225632,81.78174936490541,True
f1:MAFAULDA:mafaulda_underhang_outer_race_20g_61.44:col3_underhang_radial:train:100000-150000,MAFAULDA,underhang/outer_race,3686.4,50000,2048,0.25,magnitude,0.007192688593563137,0.0660864939783527,0.22240276671680123,2.7875499817223988,169.04157662683033,997.67317019846,1056.332750242784,997.6070837044816,True
f1:MAFAULDA:mafaulda_underhang_outer_race_20g_61.44:col3_underhang_radial:train:100000-150000,MAFAULDA,underhang/outer_race,3686.4,50000,2048,0.25,power,5.173476920397326e-05,0.0043674823047346574,0.049463000556920246,7.770434902499207,28575.05611990855,995351.7647663475,1115838.8792354837,995351.7603988652,True
f1:MAFAULDA:mafaulda_underhang_outer_race_20g_61.44:col3_underhang_radial:train:100000-150000,MAFAULDA,underhang/outer_race,3686.4,50000,2048,0.25,log1p,0.0071669445810283025,0.06399443592280721,0.2008183994585142,1.3317193671766012,5.136042949750683,6.906427563032468,6.9635047426137,6.84243312710966,True
f1:MAFAULDA:mafaulda_underhang_outer_race_20g_61.44:col3_underhang_radial:train:100000-150000,MAFAULDA,underhang/outer_race,3686.4,50000,2048,0.25,db,-42.86217471944912,-23.597802949222057,-13.05719715415003,8.904453262736219,44.55987046665621,59.979765818653526,60.476014894845996,83.57756876787559,True
f1:MAFAULDA:mafaulda_underhang_outer_race_20g_61.44:col3_underhang_radial:train:100000-150000,MAFAULDA,underhang/outer_race,3686.4,50000,2048,0.5,magnitude,0.007192688593563137,0.06990639295936914,0.22272015540019374,2.7840683140546685,169.24926930586471,997.2453996169023,1054.0695963108058,997.1754932239429,True
f1:MAFAULDA:mafaulda_underhang_outer_race_20g_61.44:col3_underhang_radial:train:100000-150000,MAFAULDA,underhang/outer_race,3686.4,50000,2048,0.5,power,5.173476920397326e-05,0.0048869044631410325,0.04960426778412186,7.751036377323204,28645.31644145052,994499.5825685103,1111062.713866825,994499.5776816058,True
f1:MAFAULDA:mafaulda_underhang_outer_race_20g_61.44:col3_underhang_radial:train:100000-150000,MAFAULDA,underhang/outer_race,3686.4,50000,2048,0.5,log1p,0.0071669445810283025,0.06757116113151797,0.2010780123158493,1.3307997044237823,5.137263631038872,6.905998536871186,6.9613620118014845,6.838427375739668,True
f1:MAFAULDA:mafaulda_underhang_outer_race_20g_61.44:col3_underhang_radial:train:100000-150000,MAFAULDA,underhang/outer_race,3686.4,50000,2048,0.5,db,-42.86217471944912,-23.10966271914874,-13.044809591257732,8.893597751647,44.57053585376695,59.97603560359922,60.45738573358242,83.08569832274796,True
f1:MAFAULDA:mafaulda_underhang_outer_race_20g_61.44:col3_underhang_radial:train:100000-150000,MAFAULDA,underhang/outer_race,3686.4,50000,4096,0.25,magnitude,0.0053560078322194464,0.08918850910064377,0.29583445715431456,3.7936345114145995,198.11335528964634,1059.9595035618722,2405.6326845785884,1059.8703150527715,True
f1:MAFAULDA:mafaulda_underhang_outer_race_20g_61.44:col3_underhang_radial:train:100000-150000,MAFAULDA,underhang/outer_race,3686.4,50000,4096,0.25,power,2.8686819898796055e-05,0.00795462057171026,0.0875180260611693,14.391662806195887,39248.90155210359,1123515.6638499103,5787068.613112786,1123515.6558952897,True
f1:MAFAULDA:mafaulda_underhang_outer_race_20g_61.44:col3_underhang_radial:train:100000-150000,MAFAULDA,underhang/outer_race,3686.4,50000,4096,0.25,log1p,0.0053417154330249374,0.08543291909191687,0.25915485608784916,1.5672888943521373,5.293874287020417,6.966928296138679,7.785983823137879,6.881495377046762,True
f1:MAFAULDA:mafaulda_underhang_outer_race_20g_61.44:col3_underhang_radial:train:100000-150000,MAFAULDA,underhang/outer_race,3686.4,50000,4096,0.25,db,-45.423175769434394,-20.99383848074303,-10.579024861807147,11.581109750460502,45.93827506598426,60.5057796000208,67.62458631511608,81.49961808076384,True
f1:MAFAULDA:mafaulda_underhang_outer_race_20g_61.44:col3_underhang_radial:train:100000-150000,MAFAULDA,underhang/outer_race,3686.4,50000,4096,0.5,magnitude,0.0053560078322194464,0.08398011493450755,0.29313943250302926,3.8008642015231073,198.33657894751695,1057.1721516109467,2404.5948446006037,1057.0881714960121,True
f1:MAFAULDA:mafaulda_underhang_outer_race_20g_61.44:col3_underhang_radial:train:100000-150000,MAFAULDA,underhang/outer_race,3686.4,50000,4096,0.5,power,2.8686819898796055e-05,0.007052660151782252,0.08593077016469443,14.446568678419888,39337.402450293375,1117613.8386015962,5782076.366679802,1117613.831548936,True
f1:MAFAULDA:mafaulda_underhang_outer_race_20g_61.44:col3_underhang_radial:train:100000-150000,MAFAULDA,underhang/outer_race,3686.4,50000,4096,0.5,log1p,0.0053417154330249374,0.08063955850247784,0.25707291746665195,1.568795943692213,5.294994698387855,6.964297919687122,7.785552488589467,6.8836583611846445,True
f1:MAFAULDA:mafaulda_underhang_outer_race_20g_61.44:col3_underhang_radial:train:100000-150000,MAFAULDA,underhang/outer_race,3686.4,50000,4096,0.5,db,-45.423175769434394,-21.51647097155265,-10.658517328043436,11.597647065625413,45.94805592789493,60.48291085958277,67.62083823309878,81.99938183113542,True
f1:MAFAULDA:mafaulda_vertical-misalignment_0.51mm_12.4928:col3_underhang_radial:train:100000-150000,MAFAULDA,vertical-misalignment,749.5680000000001,50000,256,0.25,magnitude,0.00015211067511700094,0.004785784114344188,0.020901471050783216,0.37740215968551516,20.273454174924385,35.94372334559044,51.650445001436,35.938937561476095,True
f1:MAFAULDA:mafaulda_vertical-misalignment_0.51mm_12.4928:col3_underhang_radial:train:100000-150000,MAFAULDA,vertical-misalignment,749.5680000000001,50000,256,0.25,power,2.3137657484549808e-08,2.290535404446471e-05,0.00043687179251368654,0.14243239013647346,411.01294442251043,1291.9512528710254,2667.7684688463646,1291.9512299656715,True
f1:MAFAULDA:mafaulda_vertical-misalignment_0.51mm_12.4928:col3_underhang_radial:train:100000-150000,MAFAULDA,vertical-misalignment,749.5680000000001,50000,256,0.25,log1p,0.00015209910746128642,0.004774367851843225,0.020686031982904928,0.32019923207052037,3.0574600123267506,3.60939576229908,3.963674690613326,3.604621394447237,True
f1:MAFAULDA:mafaulda_vertical-misalignment_0.51mm_12.4928:col3_underhang_radial:train:100000-150000,MAFAULDA,vertical-misalignment,749.5680000000001,50000,256,0.25,db,-76.35680041215407,-46.40124478107717,-33.59646588690857,-8.463912375972514,26.13855499239244,31.11246124119694,34.26148135191588,77.5137060222741,True
f1:MAFAULDA:mafaulda_vertical-misalignment_0.51mm_12.4928:col3_underhang_radial:train:100000-150000,MAFAULDA,vertical-misalignment,749.5680000000001,50000,256,0.5,magnitude,0.00027869503218891367,0.005268784259242903,0.022389677830824656,0.38257778510058366,20.000894899468324,35.840109628638174,50.69296008332803,35.83484084437893,True
f1:MAFAULDA:mafaulda_vertical-misalignment_0.51mm_12.4928:col3_underhang_radial:train:100000-150000,MAFAULDA,vertical-misalignment,749.5680000000001,50000,256,0.5,power,7.767092096677963e-08,2.7760101407778105e-05,0.0005012978129666779,0.14636576165246837,400.03579709971757,1284.5212551189454,2569.7762020098894,1284.521227358844,True
f1:MAFAULDA:mafaulda_vertical-misalignment_0.51mm_12.4928:col3_underhang_radial:train:100000-150000,MAFAULDA,vertical-misalignment,749.5680000000001,50000,256,0.5,log1p,0.00027865620394242237,0.005254952770735067,0.022142708505027774,0.32394971691880986,3.044565050712928,3.606584307065677,3.9453216036415926,3.601329354294942,True
f1:MAFAULDA:mafaulda_vertical-misalignment_0.51mm_12.4928:col3_underhang_radial:train:100000-150000,MAFAULDA,vertical-misalignment,749.5680000000001,50000,256,0.5,db,-71.09741233595682,-45.5657936803746,-32.99904428162059,-8.34560502725662,26.020988551053737,31.08736015461826,34.098953029188856,76.65315383499285,True
f1:MAFAULDA:mafaulda_vertical-misalignment_0.51mm_12.4928:col3_underhang_radial:train:100000-150000,MAFAULDA,vertical-misalignment,749.5680000000001,50000,512,0.25,magnitude,0.00047996652265869244,0.008715708935674023,0.03794380146435915,0.5805610519648021,22.922708528985133,62.85911490187062,100.95398755864761,62.850399192934944,True
f1:MAFAULDA:mafaulda_vertical-misalignment_0.51mm_12.4928:col3_underhang_radial:train:100000-150000,MAFAULDA,vertical-misalignment,749.5680000000001,50000,512,0.25,power,2.3036786287307714e-07,7.596358671764748e-05,0.0014397321317046942,0.33705113505847767,525.4505729611676,3951.2689306003576,10191.707603991577,3951.268854636771,True
f1:MAFAULDA:mafaulda_vertical-misalignment_0.51mm_12.4928:col3_underhang_radial:train:100000-150000,MAFAULDA,vertical-misalignment,749.5680000000001,50000,512,0.25,log1p,0.00047985137557028104,0.008677946401880928,0.03724164207803416,0.45777988018740245,3.174828149673832,4.1566792531108705,4.62452160914079,4.14800130670899,True
f1:MAFAULDA:mafaulda_vertical-misalignment_0.51mm_12.4928:col3_underhang_radial:train:100000-150000,MAFAULDA,vertical-misalignment,749.5680000000001,50000,512,0.25,db,-66.37577925661982,-41.19394578784928,-28.417183379264923,-4.7230420583647845,27.20531858937204,35.96736456711454,40.08246955436155,77.16131035496382,True
f1:MAFAULDA:mafaulda_vertical-misalignment_0.51mm_12.4928:col3_underhang_radial:train:100000-150000,MAFAULDA,vertical-misalignment,749.5680000000001,50000,512,0.5,magnitude,0.00047996652265869244,0.0076096578555589255,0.03760419696153747,0.5810338625808953,22.32896613166389,62.6290685941635,100.71067106770067,62.62145893630794,True
f1:MAFAULDA:mafaulda_vertical-misalignment_0.51mm_12.4928:col3_underhang_radial:train:100000-150000,MAFAULDA,vertical-misalignment,749.5680000000001,50000,512,0.5,power,2.3036786287307714e-07,5.7906955833258596e-05,0.001414075804044217,0.3376003494980132,498.58365457935065,3922.401267360996,10142.6392669066,3922.40120945404,True
f1:MAFAULDA:mafaulda_vertical-misalignment_0.51mm_12.4928:col3_underhang_radial:train:100000-150000,MAFAULDA,vertical-misalignment,749.5680000000001,50000,512,0.5,log1p,0.00047985137557028104,0.007580850428766518,0.03691439880494498,0.45807897644873385,3.149694919494933,4.153070291639455,4.622132224469447,4.145489441210689,True
f1:MAFAULDA:mafaulda_vertical-misalignment_0.51mm_12.4928:col3_underhang_radial:train:100000-150000,MAFAULDA,vertical-misalignment,749.5680000000001,50000,512,0.5,db,-66.37577925661982,-42.37270201875451,-28.495274139270627,-4.715971123800344,26.977364235069828,35.93551791585316,40.061509796440546,78.30821993460768,True
f1:MAFAULDA:mafaulda_vertical-misalignment_0.51mm_12.4928:col3_underhang_radial:train:100000-150000,MAFAULDA,vertical-misalignment,749.5680000000001,50000,1024,0.25,magnitude,3.996960454166754e-06,0.025174729124929043,0.07641840074316832,0.864818084714085,20.256801793324723,114.33141833030358,197.02889050164924,114.30624360117865,True
f1:MAFAULDA:mafaulda_vertical-misalignment_0.51mm_12.4928:col3_underhang_radial:train:100000-150000,MAFAULDA,vertical-misalignment,749.5680000000001,50000,1024,0.25,power,1.5975692872172902e-11,0.0006337749574382162,0.005839771975071533,0.7479103196845669,410.3380580806683,13071.689867758203,38820.38369231089,13071.689233983245,True
f1:MAFAULDA:mafaulda_vertical-misalignment_0.51mm_12.4928:col3_underhang_radial:train:100000-150000,MAFAULDA,vertical-misalignment,749.5680000000001,50000,1024,0.25,log1p,3.996952466341602e-06,0.024863061709280737,0.07363923443075154,0.6231635066248316,3.056676885218948,4.747809256279791,5.28841293167496,4.72294619457051,True
f1:MAFAULDA:mafaulda_vertical-misalignment_0.51mm_12.4928:col3_underhang_radial:train:100000-150000,MAFAULDA,vertical-misalignment,749.5680000000001,50000,1024,0.25,db,-107.96518566270643,-31.980758458156735,-22.33604109703891,-1.2615047427092851,26.131417159194335,41.16330629068966,45.89059823547114,73.1440647488464,True
f1:MAFAULDA:mafaulda_vertical-misalignment_0.51mm_12.4928:col3_underhang_radial:train:100000-150000,MAFAULDA,vertical-misalignment,749.5680000000001,50000,1024,0.5,magnitude,3.996960454166754e-06,0.025398429361398498,0.07586461899056529,0.8740534262093667,20.258029096412503,113.90745048536826,195.55132747950552,113.88205205600686,True
f1:MAFAULDA:mafaulda_vertical-misalignment_0.51mm_12.4928:col3_underhang_radial:train:100000-150000,MAFAULDA,vertical-misalignment,749.5680000000001,50000,1024,0.5,power,1.5975692872172902e-11,0.0006450819295039705,0.005755441470563108,0.7639693920026677,410.38850863635463,12975.009173774137,38240.32167899681,12975.008528692208,True
f1:MAFAULDA:mafaulda_vertical-misalignment_0.51mm_12.4928:col3_underhang_radial:train:100000-150000,MAFAULDA,vertical-misalignment,749.5680000000001,50000,1024,0.5,log1p,3.996952466341602e-06,0.025081247817948186,0.07312463458559164,0.6281036925739534,3.0567338164832005,4.74412315887381,5.280923605747405,4.719041911055862,True
f1:MAFAULDA:mafaulda_vertical-misalignment_0.51mm_12.4928:col3_underhang_radial:train:100000-150000,MAFAULDA,vertical-misalignment,749.5680000000001,50000,1024,0.5,db,-107.96518566270643,-31.90387428672482,-22.399215164583644,-1.1692404088948016,26.13193570682061,41.13100844673402,45.825215369210774,73.03488273345884,True
f1:MAFAULDA:mafaulda_vertical-misalignment_0.51mm_12.4928:col3_underhang_radial:train:100000-150000,MAFAULDA,vertical-misalignment,749.5680000000001,50000,2048,0.25,magnitude,0.004050873376738484,0.037183294884801446,0.12509234320948392,1.2465375317726497,21.776410580811334,179.38999151624807,345.20749075148734,179.35280822136326,True
f1:MAFAULDA:mafaulda_vertical-misalignment_0.51mm_12.4928:col3_underhang_radial:train:100000-150000,MAFAULDA,vertical-misalignment,749.5680000000001,50000,2048,0.25,power,1.640957511436865e-05,0.0013826010315855805,0.01564809471995205,1.553855819364311,474.212062134526,32180.769468017585,119168.21167093822,32180.768085416552,True
f1:MAFAULDA:mafaulda_vertical-misalignment_0.51mm_12.4928:col3_underhang_radial:train:100000-150000,MAFAULDA,vertical-misalignment,749.5680000000001,50000,2048,0.25,log1p,0.0040426906797838376,0.03650866690036878,0.11786511498647279,0.8093901560411967,3.1257253725261673,5.195121120361461,5.84703827957183,5.1586124534610915,True
f1:MAFAULDA:mafaulda_vertical-misalignment_0.51mm_12.4928:col3_underhang_radial:train:100000-150000,MAFAULDA,vertical-misalignment,749.5680000000001,50000,2048,0.25,db,-47.849026423479145,-28.59305390161977,-18.055385546784862,1.9141071798230658,26.759725886026633,45.075964131015375,50.76160422039898,73.66901803263514,True
f1:MAFAULDA:mafaulda_vertical-misalignment_0.51mm_12.4928:col3_underhang_radial:train:100000-150000,MAFAULDA,vertical-misalignment,749.5680000000001,50000,2048,0.5,magnitude,0.004050873376738484,0.033291766190694294,0.12205034033757234,1.243007320365433,21.280566623092522,178.8847559947873,315.79070692874626,178.8514642285966,True
f1:MAFAULDA:mafaulda_vertical-misalignment_0.51mm_12.4928:col3_underhang_radial:train:100000-150000,MAFAULDA,vertical-misalignment,749.5680000000001,50000,2048,0.5,power,1.640957511436865e-05,0.0011084235883021207,0.01489628562242083,1.5450671984820543,452.862529644297,31999.759854635915,99723.7705825573,31999.758746212327,True
f1:MAFAULDA:mafaulda_vertical-misalignment_0.51mm_12.4928:col3_underhang_radial:train:100000-150000,MAFAULDA,vertical-misalignment,749.5680000000001,50000,2048,0.5,log1p,0.0040426906797838376,0.03274955740888232,0.11515767268682502,0.8078175191820692,3.1037148327094215,5.1923163406640445,5.758241325320451,5.159566783255162,True
f1:MAFAULDA:mafaulda_vertical-misalignment_0.51mm_12.4928:col3_underhang_radial:train:100000-150000,MAFAULDA,vertical-misalignment,749.5680000000001,50000,2048,0.5,db,-47.849026423479145,-29.553581027346453,-18.269220110551593,1.8894737269500435,26.559663616071866,45.051466125036036,49.987986909334936,74.6050471523825,True
f1:MAFAULDA:mafaulda_vertical-misalignment_0.51mm_12.4928:col3_underhang_radial:train:100000-150000,MAFAULDA,vertical-misalignment,749.5680000000001,50000,4096,0.25,magnitude,0.005503309735331641,0.055200831406831054,0.18727116152999443,1.773983190142012,29.536637191905147,231.21513683337116,497.86212081852455,231.15993600196433,True
f1:MAFAULDA:mafaulda_vertical-misalignment_0.51mm_12.4928:col3_underhang_radial:train:100000-150000,MAFAULDA,vertical-misalignment,749.5680000000001,50000,4096,0.25,power,3.0286418042996014e-05,0.0030473247373863626,0.03507048808308504,3.1470163589064297,872.412954473624,53461.43318369962,247866.69134591913,53461.43013637488,True
f1:MAFAULDA:mafaulda_vertical-misalignment_0.51mm_12.4928:col3_underhang_radial:train:100000-150000,MAFAULDA,vertical-misalignment,749.5680000000001,50000,4096,0.25,log1p,0.005488221856511444,0.05373102372501074,0.17165753222598176,1.0202842620840888,3.418927172548634,5.447655003149505,6.212329746585684,5.393923979424494,True
f1:MAFAULDA:mafaulda_vertical-misalignment_0.51mm_12.4928:col3_underhang_radial:train:100000-150000,MAFAULDA,vertical-misalignment,749.5680000000001,50000,4096,0.25,db,-45.18752071602141,-25.16136049255323,-14.550581929721497,4.9789900052949365,29.407220880099874,47.28024418125587,53.94218169621615,72.4416046738091,True
f1:MAFAULDA:mafaulda_vertical-misalignment_0.51mm_12.4928:col3_underhang_radial:train:100000-150000,MAFAULDA,vertical-misalignment,749.5680000000001,50000,4096,0.5,magnitude,0.007509473150421418,0.05763890749889216,0.18996260277357122,1.7479903977553946,29.08711798178116,232.93028239508217,472.22636348184216,232.87264348758328,True
f1:MAFAULDA:mafaulda_vertical-misalignment_0.51mm_12.4928:col3_underhang_radial:train:100000-150000,MAFAULDA,vertical-misalignment,749.5680000000001,50000,4096,0.5,power,5.639218699690018e-05,0.0033222474070156707,0.03608579478925205,3.0554704306450624,846.0604342212945,54256.72770438176,222997.7383672849,54256.72438213435,True
f1:MAFAULDA:mafaulda_vertical-misalignment_0.51mm_12.4928:col3_underhang_radial:train:100000-150000,MAFAULDA,vertical-misalignment,749.5680000000001,50000,4096,0.5,log1p,0.0074814174251877745,0.05603897624515031,0.17392187885766502,1.010869880087402,3.404097105162127,5.455021196619749,6.159573843743016,5.398982220374599,True
f1:MAFAULDA:mafaulda_vertical-misalignment_0.51mm_12.4928:col3_underhang_radial:train:100000-150000,MAFAULDA,vertical-misalignment,749.5680000000001,50000,4096,0.5,db,-42.48781050747573,-24.785690068345342,-14.42663828844887,4.850780852353607,29.274013840872716,47.34450210454877,53.483004584761964,72.13019217289411,True
f1:MAFAULDA:mafaulda_vertical-misalignment_0.63mm_61.8496:col3_underhang_radial:train:100000-150000,MAFAULDA,vertical-misalignment,3710.976,50000,256,0.25,magnitude,0.0003516171677766522,0.021420817977107934,0.0903221704239178,1.1702196879983662,29.236236521104548,50.523585023998585,67.03947948974238,50.502164206021476,True
f1:MAFAULDA:mafaulda_vertical-misalignment_0.63mm_61.8496:col3_underhang_radial:train:100000-150000,MAFAULDA,vertical-misalignment,3710.976,50000,256,0.25,power,1.2363463267527438e-07,0.0004588515229089912,0.008158094475970271,1.3694141184305342,854.7575261302504,2552.6348761776067,4494.291810255589,2552.6344173260836,True
f1:MAFAULDA:mafaulda_vertical-misalignment_0.63mm_61.8496:col3_underhang_radial:train:100000-150000,MAFAULDA,vertical-misalignment,3710.976,50000,256,0.25,log1p,0.0003515553649471807,0.021194616791762246,0.08647322176286314,0.7748284011102968,3.409041089783056,3.9420392438353486,4.220088117435824,3.9208446270435866,True
f1:MAFAULDA:mafaulda_vertical-misalignment_0.63mm_61.8496:col3_underhang_radial:train:100000-150000,MAFAULDA,vertical-misalignment,3710.976,50000,256,0.25,db,-69.07859610109114,-33.38327970112445,-20.884112692456604,1.3653480097253432,29.318429332306714,34.069879388341946,36.52661267343283,67.4531590894664,True
f1:MAFAULDA:mafaulda_vertical-misalignment_0.63mm_61.8496:col3_underhang_radial:train:100000-150000,MAFAULDA,vertical-misalignment,3710.976,50000,256,0.5,magnitude,0.0003516171677766522,0.02098411491857955,0.09013672429180994,1.1680402769953961,29.242701702748505,50.45734559916704,64.83539848803252,50.436361484248465,True
f1:MAFAULDA:mafaulda_vertical-misalignment_0.63mm_61.8496:col3_underhang_radial:train:100000-150000,MAFAULDA,vertical-misalignment,3710.976,50000,256,0.5,power,1.2363463267527438e-07,0.0004403457059545796,0.00812462978010318,1.3643180886834818,855.1357896675294,2545.943776859375,4203.62889710197,2545.943336513669,True
f1:MAFAULDA:mafaulda_vertical-misalignment_0.63mm_61.8496:col3_underhang_radial:train:100000-150000,MAFAULDA,vertical-misalignment,3710.976,50000,256,0.5,log1p,0.0003515553649471807,0.02076697464962584,0.0863031232043942,0.7738236613547378,3.4092547872745835,3.9407532138853996,4.187157664619525,3.9199862392357736,True
f1:MAFAULDA:mafaulda_vertical-misalignment_0.63mm_61.8496:col3_underhang_radial:train:100000-150000,MAFAULDA,vertical-misalignment,3710.976,50000,256,0.5,db,-69.07859610109114,-33.562310643723876,-20.901964950413003,1.349156372970885,29.320348934905873,34.0584879099521,36.23624368857377,67.62079855367597,True
f1:MAFAULDA:mafaulda_vertical-misalignment_0.63mm_61.8496:col3_underhang_radial:train:100000-150000,MAFAULDA,vertical-misalignment,3710.976,50000,512,0.25,magnitude,0.00015760160365374531,0.04060241250637795,0.1326329642855806,1.6320226874292356,45.65516651910684,75.84189748202795,107.2915339537916,75.80129506952157,True
f1:MAFAULDA:mafaulda_vertical-misalignment_0.63mm_61.8496:col3_underhang_radial:train:100000-150000,MAFAULDA,vertical-misalignment,3710.976,50000,512,0.25,power,2.483826547423223e-08,0.0016485938565202144,0.017591503977467237,2.6634980522837446,2084.394243712435,5752.007985251155,11511.473258157615,5752.006336657299,True
f1:MAFAULDA:mafaulda_vertical-misalignment_0.63mm_61.8496:col3_underhang_radial:train:100000-150000,MAFAULDA,vertical-misalignment,3710.976,50000,512,0.25,log1p,0.00015758918582570413,0.03979977072635046,0.12454497894388102,0.9677526332698546,3.8427836686628494,4.341748797410635,4.684826978779519,4.301949026684285,True
f1:MAFAULDA:mafaulda_vertical-misalignment_0.63mm_61.8496:col3_underhang_radial:train:100000-150000,MAFAULDA,vertical-misalignment,3710.976,50000,512,0.25,db,-76.04878184309405,-27.829063131340376,-17.546970661343636,4.254523835909158,33.18979859384555,37.59817279686566,40.61130908942799,65.42723592820604,True
f1:MAFAULDA:mafaulda_vertical-misalignment_0.63mm_61.8496:col3_underhang_radial:train:100000-150000,MAFAULDA,vertical-misalignment,3710.976,50000,512,0.5,magnitude,0.004736611760682018,0.040415351164854965,0.13211553896577613,1.6305984058192253,45.60891554578816,74.89730598896082,102.45310013818226,74.85689063779597,True
f1:MAFAULDA:mafaulda_vertical-misalignment_0.63mm_61.8496:col3_underhang_radial:train:100000-150000,MAFAULDA,vertical-misalignment,3710.976,50000,512,0.5,power,2.243549097143121e-05,0.0016334009906943238,0.017454613592794085,2.6588511620423194,2080.1731978776625,5609.639597079643,10496.637727924402,5609.637963678652,True
f1:MAFAULDA:mafaulda_vertical-misalignment_0.63mm_61.8496:col3_underhang_radial:train:100000-150000,MAFAULDA,vertical-misalignment,3710.976,50000,512,0.5,log1p,0.004725429312570247,0.03962000936796587,0.12408800258081427,0.967211350967264,3.841791838812547,4.329378321263263,4.639118371245505,4.289758311895297,True
f1:MAFAULDA:mafaulda_vertical-misalignment_0.63mm_61.8496:col3_underhang_radial:train:100000-150000,MAFAULDA,vertical-misalignment,3710.976,50000,512,0.5,db,-46.49064403721364,-27.86907385814031,-17.580946361234382,4.246940266793082,33.180994877756746,37.48929835111981,40.21050208589682,65.35837220926012,True
f1:MAFAULDA:mafaulda_vertical-misalignment_0.63mm_61.8496:col3_underhang_radial:train:100000-150000,MAFAULDA,vertical-misalignment,3710.976,50000,1024,0.25,magnitude,0.0011485558153054853,0.054391707522779026,0.18832646439001927,2.268063818634867,58.57176659094306,128.11138462431649,174.272976447834,128.05699291679372,True
f1:MAFAULDA:mafaulda_vertical-misalignment_0.63mm_61.8496:col3_underhang_radial:train:100000-150000,MAFAULDA,vertical-misalignment,3710.976,50000,1024,0.25,power,1.3191804608720482e-06,0.0029584584078555594,0.035466878623071664,5.14411348680796,3430.6518492292134,16412.668849879847,30371.070319987302,16412.66589142144,True
f1:MAFAULDA:mafaulda_vertical-misalignment_0.63mm_61.8496:col3_underhang_radial:train:100000-150000,MAFAULDA,vertical-misalignment,3710.976,50000,1024,0.25,log1p,0.001147896729691186,0.052964019842283626,0.17254597727281767,1.184197705087236,4.087181745838852,4.860671219724412,5.166344624013316,4.807707199882128,True
f1:MAFAULDA:mafaulda_vertical-misalignment_0.63mm_61.8496:col3_underhang_radial:train:100000-150000,MAFAULDA,vertical-misalignment,3710.976,50000,1024,0.25,db,-58.79695714272672,-25.289346949650536,-14.501775563412835,7.1131054100585835,35.35376645113531,42.15171693013402,44.824600973475924,67.44106387978456,True
f1:MAFAULDA:mafaulda_vertical-misalignment_0.63mm_61.8496:col3_underhang_radial:train:100000-150000,MAFAULDA,vertical-misalignment,3710.976,50000,1024,0.5,magnitude,0.0011485558153054853,0.05363628051324641,0.18698523593776525,2.260630591241152,58.699087498934766,127.24462531796809,169.38797027445975,127.19098903745484,True
f1:MAFAULDA:mafaulda_vertical-misalignment_0.63mm_61.8496:col3_underhang_radial:train:100000-150000,MAFAULDA,vertical-misalignment,3710.976,50000,1024,0.5,power,1.3191804608720482e-06,0.0028770263419240463,0.03496348693673979,5.110450670640235,3445.5833203929087,16191.915240916987,28692.28447370126,16191.912363890646,True
f1:MAFAULDA:mafaulda_vertical-misalignment_0.63mm_61.8496:col3_underhang_radial:train:100000-150000,MAFAULDA,vertical-misalignment,3710.976,50000,1024,0.5,log1p,0.001147896729691186,0.05224722652815573,0.17141667440990274,1.1819206095414367,4.089316672768227,4.85391755455547,5.138078014922261,4.801670328027314,True
f1:MAFAULDA:mafaulda_vertical-misalignment_0.63mm_61.8496:col3_underhang_radial:train:100000-150000,MAFAULDA,vertical-misalignment,3710.976,50000,1024,0.5,db,-58.79695714272672,-25.411090634381527,-14.563854714879882,7.084592004928798,35.37262643668197,42.09259464878249,44.577651280591525,67.50368528316402,True
f1:MAFAULDA:mafaulda_vertical-misalignment_0.63mm_61.8496:col3_underhang_radial:train:100000-150000,MAFAULDA,vertical-misalignment,3710.976,50000,2048,0.25,magnitude,0.01154501880698179,0.08767990489032808,0.27348048626931165,3.159136850694437,70.13437109425377,203.59183566734555,321.53237789380256,203.5041557624552,True
f1:MAFAULDA:mafaulda_vertical-misalignment_0.63mm_61.8496:col3_underhang_radial:train:100000-150000,MAFAULDA,vertical-misalignment,3710.976,50000,2048,0.25,power,0.0001332874592535632,0.007687773320359279,0.07479157672672035,9.98014564213306,4918.830056573565,41449.63568608374,103383.07003404305,41449.62799831042,True
f1:MAFAULDA:mafaulda_vertical-misalignment_0.63mm_61.8496:col3_underhang_radial:train:100000-150000,MAFAULDA,vertical-misalignment,3710.976,50000,2048,0.25,log1p,0.011478883612006175,0.08404689687149408,0.24175369229625657,1.4253075649100215,4.264570634325059,5.321016947226363,5.776203527766359,5.236970050354869,True
f1:MAFAULDA:mafaulda_vertical-misalignment_0.63mm_61.8496:col3_underhang_radial:train:100000-150000,MAFAULDA,vertical-misalignment,3710.976,50000,2048,0.25,db,-38.75210703026544,-21.142002880068908,-11.261473148779222,9.991368790393144,36.91861809696959,46.175207149090305,50.14449424708005,67.31721002915921,True
f1:MAFAULDA:mafaulda_vertical-misalignment_0.63mm_61.8496:col3_underhang_radial:train:100000-150000,MAFAULDA,vertical-misalignment,3710.976,50000,2048,0.5,magnitude,0.01154501880698179,0.0800190043729652,0.26706014898516195,3.1675113584830306,70.17229872385447,203.43560448240905,321.53237789380256,203.3555854780361,True
f1:MAFAULDA:mafaulda_vertical-misalignment_0.63mm_61.8496:col3_underhang_radial:train:100000-150000,MAFAULDA,vertical-misalignment,3710.976,50000,2048,0.5,power,0.0001332874592535632,0.0064030722616945325,0.07132113261105984,10.033128206119013,4924.154270180496,41386.04649350573,103383.07003404305,41386.04009043347,True
f1:MAFAULDA:mafaulda_vertical-misalignment_0.63mm_61.8496:col3_underhang_radial:train:100000-150000,MAFAULDA,vertical-misalignment,3710.976,50000,2048,0.5,log1p,0.011478883612006175,0.07697862425106998,0.23669937082141282,1.4273190611299271,4.265103407364975,5.320253017563741,5.776203527766359,5.243274393312671,True
f1:MAFAULDA:mafaulda_vertical-misalignment_0.63mm_61.8496:col3_underhang_radial:train:100000-150000,MAFAULDA,vertical-misalignment,3710.976,50000,2048,0.5,db,-38.75210703026544,-21.936158229794174,-11.467818832496771,10.01436361845662,36.923311635401255,46.16853913550351,50.14449424708005,68.10469736529768,True
f1:MAFAULDA:mafaulda_vertical-misalignment_0.63mm_61.8496:col3_underhang_radial:train:100000-150000,MAFAULDA,vertical-misalignment,3710.976,50000,4096,0.25,magnitude,0.007549913914033922,0.10975136174022226,0.3506176448036923,4.233104868951959,70.03895255869557,358.5080470736442,621.2873990669733,358.398295711904,True
f1:MAFAULDA:mafaulda_vertical-misalignment_0.63mm_61.8496:col3_underhang_radial:train:100000-150000,MAFAULDA,vertical-misalignment,3710.976,50000,4096,0.25,power,5.700120010932301e-05,0.012045382412782493,0.12293273291471948,17.919176831544785,4905.45490521678,128528.02016872467,385998.03223940457,128528.00812334227,True
f1:MAFAULDA:mafaulda_vertical-misalignment_0.63mm_61.8496:col3_underhang_radial:train:100000-150000,MAFAULDA,vertical-misalignment,3710.976,50000,4096,0.25,log1p,0.0075215559579551354,0.10413598327221753,0.30056200247344195,1.6550047671189434,4.263228351244403,5.884736559619458,6.433402042401773,5.78060057634724,True
f1:MAFAULDA:mafaulda_vertical-misalignment_0.63mm_61.8496:col3_underhang_radial:train:100000-150000,MAFAULDA,vertical-misalignment,3710.976,50000,4096,0.25,db,-42.44115989044468,-19.1918092079245,-9.103324637065146,12.533180552501417,36.906792824346326,51.08997815389439,55.8658509070882,70.28178736181889,True
f1:MAFAULDA:mafaulda_vertical-misalignment_0.63mm_61.8496:col3_underhang_radial:train:100000-150000,MAFAULDA,vertical-misalignment,3710.976,50000,4096,0.5,magnitude,0.0208911037684403,0.10599251371803001,0.34893036412767153,4.232814302665174,69.253458456001,358.35256581902104,621.2873990669733,358.246573305303,True
f1:MAFAULDA:mafaulda_vertical-misalignment_0.63mm_61.8496:col3_underhang_radial:train:100000-150000,MAFAULDA,vertical-misalignment,3710.976,50000,4096,0.5,power,0.00043643821666374043,0.011234551814550716,0.12175241581930334,17.916716920846863,4796.041689710558,128416.5614331643,385998.03223940457,128416.55019861249,True
f1:MAFAULDA:mafaulda_vertical-misalignment_0.63mm_61.8496:col3_underhang_radial:train:100000-150000,MAFAULDA,vertical-misalignment,3710.976,50000,4096,0.5,log1p,0.02067587704813557,0.10074307755966036,0.2993119509097594,1.654949240933026,4.252109519293408,5.884303984040157,6.433402042401773,5.7835609064804965,True
f1:MAFAULDA:mafaulda_vertical-misalignment_0.63mm_61.8496:col3_underhang_radial:train:100000-150000,MAFAULDA,vertical-misalignment,3710.976,50000,4096,0.5,db,-33.60077223313055,-19.494549546257083,-9.145225323801423,12.532584320326428,36.80882916670061,51.086210367522874,55.8658509070882,70.58075991377996,True
f1:MAFAULDA:mafaulda_vertical-misalignment_1.78mm_62.0544:col3_underhang_radial:train:100000-150000,MAFAULDA,vertical-misalignment,3723.264,50000,256,0.25,magnitude,0.000565485602198379,0.028473691628789835,0.10013691116125259,1.280456852732513,26.225482775026027,42.7595078740899,61.176428213592864,42.73103418246111,True
f1:MAFAULDA:mafaulda_vertical-misalignment_1.78mm_62.0544:col3_underhang_radial:train:100000-150000,MAFAULDA,vertical-misalignment,3723.264,50000,256,0.25,power,3.197739662936633e-07,0.0008107523272892085,0.010027401304402104,1.6395697517111794,687.7759519624057,1828.3769055699443,3742.555368972881,1828.376094817617,True
f1:MAFAULDA:mafaulda_vertical-misalignment_1.78mm_62.0544:col3_underhang_radial:train:100000-150000,MAFAULDA,vertical-misalignment,3723.264,50000,256,0.25,log1p,0.0005653257754655378,0.02807584985119948,0.09543463661599395,0.824375796899501,3.3041533979515334,3.7787085484593534,4.129975960291631,3.750632698608154,True
f1:MAFAULDA:mafaulda_vertical-misalignment_1.78mm_62.0544:col3_underhang_radial:train:100000-150000,MAFAULDA,vertical-misalignment,3723.264,50000,256,0.25,db,-64.9515674269667,-30.91113091443763,-19.988116314083914,2.147298975218704,28.374469801381547,32.620650656675785,35.73168234203287,63.53178157111341,True
f1:MAFAULDA:mafaulda_vertical-misalignment_1.78mm_62.0544:col3_underhang_radial:train:100000-150000,MAFAULDA,vertical-misalignment,3723.264,50000,256,0.5,magnitude,0.0009971225222713542,0.03037757595692553,0.10025043114558142,1.284303286515612,26.25446213115298,42.90074360083009,61.03714647353088,42.870366024873164,True
f1:MAFAULDA:mafaulda_vertical-misalignment_1.78mm_62.0544:col3_underhang_radial:train:100000-150000,MAFAULDA,vertical-misalignment,3723.264,50000,256,0.5,power,9.942533244207874e-07,0.0009228036591905865,0.010050150072527127,1.6494349317548025,689.2967836430793,1840.4955674373564,3725.5332496312635,1840.4946446336971,True
f1:MAFAULDA:mafaulda_vertical-misalignment_1.78mm_62.0544:col3_underhang_radial:train:100000-150000,MAFAULDA,vertical-misalignment,3723.264,50000,256,0.5,log1p,0.0009966257258263334,0.029925310588081618,0.09553781810468202,0.8260610704194531,3.305217254393091,3.7819255904424014,4.127733342304228,3.75200027985432,True
f1:MAFAULDA:mafaulda_vertical-misalignment_1.78mm_62.0544:col3_underhang_radial:train:100000-150000,MAFAULDA,vertical-misalignment,3723.264,50000,256,0.5,db,-60.025028611075264,-30.34896834213517,-19.978275497583677,2.1733518788641923,28.384062496950676,32.649244839867606,35.71188443742797,62.99821318200277,True
f1:MAFAULDA:mafaulda_vertical-misalignment_1.78mm_62.0544:col3_underhang_radial:train:100000-150000,MAFAULDA,vertical-misalignment,3723.264,50000,512,0.25,magnitude,0.0008718093832946749,0.04461100904375204,0.1470779522909258,1.7748548269520295,43.12143183055866,54.13029146828664,86.51422372362086,54.085680459242894,True
f1:MAFAULDA:mafaulda_vertical-misalignment_1.78mm_62.0544:col3_underhang_radial:train:100000-150000,MAFAULDA,vertical-misalignment,3723.264,50000,512,0.25,power,7.600516008006415e-07,0.001990145480371825,0.021631924288755388,3.1501096567549185,1859.458374039424,2930.15866441598,7484.710906500723,2930.1566742705,True
f1:MAFAULDA:mafaulda_vertical-misalignment_1.78mm_62.0544:col3_underhang_radial:train:100000-150000,MAFAULDA,vertical-misalignment,3723.264,50000,512,0.25,log1p,0.0008714295782233281,0.043644574432580144,0.13721779763993536,1.0205984312180596,3.7869455208767953,4.009687762971305,4.471801336994019,3.966043188538725,True
f1:MAFAULDA:mafaulda_vertical-misalignment_1.78mm_62.0544:col3_underhang_radial:train:100000-150000,MAFAULDA,vertical-misalignment,3723.264,50000,512,0.25,db,-61.191568223224984,-27.011166364597756,-16.649048547492672,4.9832567209081216,32.693862313538155,34.66870318874519,38.7417503058039,61.67986955334295,True
f1:MAFAULDA:mafaulda_vertical-misalignment_1.78mm_62.0544:col3_underhang_radial:train:100000-150000,MAFAULDA,vertical-misalignment,3723.264,50000,512,0.5,magnitude,0.0008718093832946749,0.04413312409716698,0.14840116517352114,1.7681904823366803,43.06885623060865,53.82159887149572,86.51422372362086,53.77746574739856,True
f1:MAFAULDA:mafaulda_vertical-misalignment_1.78mm_62.0544:col3_underhang_radial:train:100000-150000,MAFAULDA,vertical-misalignment,3723.264,50000,512,0.5,power,7.600516008006415e-07,0.0019479290623197064,0.022022966006984713,3.126497584200683,1854.9272348305583,2896.7645748290274,7484.710906500723,2896.762626899965,True
f1:MAFAULDA:mafaulda_vertical-misalignment_1.78mm_62.0544:col3_underhang_radial:train:100000-150000,MAFAULDA,vertical-misalignment,3723.264,50000,512,0.5,log1p,0.0008714295782233281,0.043186904699176396,0.13837066105276366,1.018193851105852,3.7857531042233705,4.0040842446911835,4.471801336994019,3.960897339992007,True
f1:MAFAULDA:mafaulda_vertical-misalignment_1.78mm_62.0544:col3_underhang_radial:train:100000-150000,MAFAULDA,vertical-misalignment,3723.264,50000,512,0.5,db,-61.191568223224984,-27.10515061468714,-16.571265649360186,4.950580968331784,32.68326476107146,34.619131798496824,38.7417503058039,61.724282413183964,True
f1:MAFAULDA:mafaulda_vertical-misalignment_1.78mm_62.0544:col3_underhang_radial:train:100000-150000,MAFAULDA,vertical-misalignment,3723.264,50000,1024,0.25,magnitude,0.007441236153542974,0.06533581773800318,0.21328604957403974,2.5024550171804716,48.08690936335416,109.81298924234632,114.97317621842124,109.74765342460832,True
f1:MAFAULDA:mafaulda_vertical-misalignment_1.78mm_62.0544:col3_underhang_radial:train:100000-150000,MAFAULDA,vertical-misalignment,3723.264,50000,1024,0.25,power,5.537199549279503e-05,0.004268792700372785,0.04549093901650158,6.262281149724078,2312.3508524080635,12058.892849900294,13218.831249752144,12058.888581107594,True
f1:MAFAULDA:mafaulda_vertical-misalignment_1.78mm_62.0544:col3_underhang_radial:train:100000-150000,MAFAULDA,vertical-misalignment,3723.264,50000,1024,0.25,log1p,0.00741368673918196,0.06329006087143269,0.19333242206489834,1.2534641545896519,3.89359238744904,4.707843988953863,4.753358924870021,4.644553928082431,True
f1:MAFAULDA:mafaulda_vertical-misalignment_1.78mm_62.0544:col3_underhang_radial:train:100000-150000,MAFAULDA,vertical-misalignment,3723.264,50000,1024,0.25,db,-42.567098134537915,-23.696997396017466,-13.420750994402253,7.967325566318414,33.64053730033069,40.81307418681798,41.21193058461892,64.51007158283545,True
f1:MAFAULDA:mafaulda_vertical-misalignment_1.78mm_62.0544:col3_underhang_radial:train:100000-150000,MAFAULDA,vertical-misalignment,3723.264,50000,1024,0.5,magnitude,0.007441236153542974,0.06542743021924981,0.21282797347227408,2.5088730143393967,48.04055924539112,109.75123046220642,114.97317621842124,109.68580303198718,True
f1:MAFAULDA:mafaulda_vertical-misalignment_1.78mm_62.0544:col3_underhang_radial:train:100000-150000,MAFAULDA,vertical-misalignment,3723.264,50000,1024,0.5,power,5.537199549279503e-05,0.004280929789520554,0.045295756272866396,6.294443803191971,2307.896046265254,12045.33258971676,13218.831249752144,12045.32830878697,True
f1:MAFAULDA:mafaulda_vertical-misalignment_1.78mm_62.0544:col3_underhang_radial:train:100000-150000,MAFAULDA,vertical-misalignment,3723.264,50000,1024,0.5,log1p,0.00741368673918196,0.06337598180006841,0.19295479744556113,1.2552949073401019,3.8926475470478628,4.707286519060484,4.753358924870021,4.643910537260416,True
f1:MAFAULDA:mafaulda_vertical-misalignment_1.78mm_62.0544:col3_underhang_radial:train:100000-150000,MAFAULDA,vertical-misalignment,3723.264,50000,1024,0.5,db,-42.567098134537915,-23.684985598623367,-13.43942675796664,7.989573603971673,33.632159745612476,40.80818795897292,41.21193058461892,64.4931735575963,True
f1:MAFAULDA:mafaulda_vertical-misalignment_1.78mm_62.0544:col3_underhang_radial:train:100000-150000,MAFAULDA,vertical-misalignment,3723.264,50000,2048,0.25,magnitude,0.00842313536176166,0.08956479795405416,0.29852781702016234,3.500678602059315,56.78234736197645,198.996079160824,216.18633900563344,198.90651436286993,True
f1:MAFAULDA:mafaulda_vertical-misalignment_1.78mm_62.0544:col3_underhang_radial:train:100000-150000,MAFAULDA,vertical-misalignment,3723.264,50000,2048,0.25,power,7.094920932255973e-05,0.008022236826524066,0.08911887440242691,12.254750677655263,3224.2356291987267,39599.4467371484,46736.53317265867,39599.43871491157,True
f1:MAFAULDA:mafaulda_vertical-misalignment_1.78mm_62.0544:col3_underhang_radial:train:100000-150000,MAFAULDA,vertical-misalignment,3723.264,50000,2048,0.25,log1p,0.008387858712005078,0.0857781869742051,0.26123116931548634,1.504228185797037,4.056683221640023,5.298297671943168,5.380755690159251,5.212519484968962,True
f1:MAFAULDA:mafaulda_vertical-misalignment_1.78mm_62.0544:col3_underhang_radial:train:100000-150000,MAFAULDA,vertical-misalignment,3723.264,50000,2048,0.25,db,-41.49052429764369,-20.957460161497323,-10.500304715093135,10.883044798071664,35.084265957489066,45.97688959944336,46.6965649411085,66.93434976094068,True
f1:MAFAULDA:mafaulda_vertical-misalignment_1.78mm_62.0544:col3_underhang_radial:train:100000-150000,MAFAULDA,vertical-misalignment,3723.264,50000,2048,0.5,magnitude,0.011761982113520291,0.08936760639390273,0.3013156360072381,3.4954717897545606,56.90709099993609,199.02726634074372,215.95652754708937,198.93789873434983,True
f1:MAFAULDA:mafaulda_vertical-misalignment_1.78mm_62.0544:col3_underhang_radial:train:100000-150000,MAFAULDA,vertical-misalignment,3723.264,50000,2048,0.5,power,0.00013834422323877126,0.007986881169317813,0.09079111355706038,12.218323032969952,3238.4170372902327,39611.85731169754,46637.22179019677,39611.84932481637,True
f1:MAFAULDA:mafaulda_vertical-misalignment_1.78mm_62.0544:col3_underhang_radial:train:100000-150000,MAFAULDA,vertical-misalignment,3723.264,50000,2048,0.5,log1p,0.01169334766246554,0.08559721883453775,0.2633757800991891,1.5030706212043516,4.058839842200339,5.298453631895032,5.3796969995865656,5.212856413060494,True
f1:MAFAULDA:mafaulda_vertical-misalignment_1.78mm_62.0544:col3_underhang_radial:train:100000-150000,MAFAULDA,vertical-misalignment,3723.264,50000,2048,0.5,db,-38.59038963347954,-20.97656597869013,-10.419566670293026,10.870116030259279,35.103327672795054,45.978251058720026,46.68732671315592,66.95481703741015,True
f1:MAFAULDA:mafaulda_vertical-misalignment_1.78mm_62.0544:col3_underhang_radial:train:100000-150000,MAFAULDA,vertical-misalignment,3723.264,50000,4096,0.25,magnitude,0.007500363445091058,0.12570494760675896,0.3933200359930081,4.653818538325374,72.19175125692739,371.23158805855013,391.6172586206558,371.10588311094335,True
f1:MAFAULDA:mafaulda_vertical-misalignment_1.78mm_62.0544:col3_underhang_radial:train:100000-150000,MAFAULDA,vertical-misalignment,3723.264,50000,4096,0.25,power,5.62554518084582e-05,0.015801734610570155,0.15470065073304762,21.658026987660918,5211.649022830164,137812.89200001734,153364.0772495576,137812.87619828273,True
f1:MAFAULDA:mafaulda_vertical-misalignment_1.78mm_62.0544:col3_underhang_radial:train:100000-150000,MAFAULDA,vertical-misalignment,3723.264,50000,4096,0.25,log1p,0.007472375578180404,0.11840945920790794,0.3316894142723034,1.7323311643675006,4.293082720027764,5.919516209015281,5.972835240684246,5.801106749807373,True
f1:MAFAULDA:mafaulda_vertical-misalignment_1.78mm_62.0544:col3_underhang_radial:train:100000-150000,MAFAULDA,vertical-misalignment,3723.264,50000,4096,0.25,db,-42.49835371403127,-18.012952773914968,-8.105078593685194,13.356188905628093,37.16975148359106,51.39289846299387,51.857236459281715,69.40585123690883,True
f1:MAFAULDA:mafaulda_vertical-misalignment_1.78mm_62.0544:col3_underhang_radial:train:100000-150000,MAFAULDA,vertical-misalignment,3723.264,50000,4096,0.5,magnitude,0.01192285165341811,0.12095851129086682,0.395151451087278,4.650410010353849,72.52435943540252,372.13428295602637,391.6172586206558,372.0133244447355,True
f1:MAFAULDA:mafaulda_vertical-misalignment_1.78mm_62.0544:col3_underhang_radial:train:100000-150000,MAFAULDA,vertical-misalignment,3723.264,50000,4096,0.5,power,0.00014215439154941496,0.01463096165566666,0.15614468969474884,21.62631326439929,5259.782713426856,138484.04133451308,153364.0772495576,138484.0267035514,True
f1:MAFAULDA:mafaulda_vertical-misalignment_1.78mm_62.0544:col3_underhang_radial:train:100000-150000,MAFAULDA,vertical-misalignment,3723.264,50000,4096,0.5,log1p,0.011852334415296244,0.1141841328794993,0.33300297122849853,1.7317281107296258,4.297616772024057,5.921937942810908,5.972835240684246,5.807753809931409,True
f1:MAFAULDA:mafaulda_vertical-misalignment_1.78mm_62.0544:col3_underhang_radial:train:100000-150000,MAFAULDA,vertical-misalignment,3723.264,50000,4096,0.5,db,-38.47239711901843,-18.34727139142428,-8.06472894285056,13.349824896197793,37.209678030961605,51.41398995940271,51.857236459281715,69.761261350827,True
